numStates 626
numActions 15
end 625
transition 0 0 255 0 0.07692307692307693
transition 0 0 122 0 0.07692307692307693
transition 0 0 67 0 0.07692307692307693
transition 0 0 40 0 0.07692307692307693
transition 0 0 25 0 0.07692307692307693
transition 0 0 17 0 0.07692307692307693
transition 0 0 11 0 0.07692307692307693
transition 0 0 7 0 0.07692307692307693
transition 0 0 5 0 0.07692307692307693
transition 0 0 4 0 0.07692307692307693
transition 0 0 3 0 0.07692307692307693
transition 0 0 2 0 0.07692307692307693
transition 0 0 1 0 0.07692307692307693
transition 1 0 256 0 0.08
transition 1 0 123 0 0.08
transition 1 0 68 0 0.08
transition 1 0 41 0 0.08
transition 1 0 26 0 0.08
transition 1 0 625 0 0.04
transition 2 0 257 0 0.08
transition 2 0 124 0 0.08
transition 2 0 69 0 0.08
transition 2 0 42 0 0.08
transition 2 0 27 0 0.08
transition 2 0 18 0 0.08
transition 2 0 625 0 0.08
transition 3 0 258 0 0.08
transition 3 0 125 0 0.08
transition 3 0 70 0 0.08
transition 3 0 43 0 0.08
transition 3 0 28 0 0.08
transition 3 0 19 0 0.08
transition 3 0 12 0 0.08
transition 3 0 625 0 0.08
transition 4 0 259 0 0.08
transition 4 0 126 0 0.08
transition 4 0 71 0 0.08
transition 4 0 44 0 0.08
transition 4 0 29 0 0.08
transition 4 0 20 0 0.08
transition 4 0 13 0 0.08
transition 4 0 8 0 0.08
transition 4 0 625 0 0.08
transition 5 0 260 0 0.08
transition 5 0 127 0 0.08
transition 5 0 72 0 0.08
transition 5 0 45 0 0.08
transition 5 0 30 0 0.08
transition 5 0 21 0 0.08
transition 5 0 14 0 0.08
transition 5 0 9 0 0.08
transition 5 0 6 0 0.04
transition 5 0 625 0 0.08
transition 6 0 625 0 0.08333333333333333
transition 7 0 261 0 0.08
transition 7 0 128 0 0.08
transition 7 0 73 0 0.08
transition 7 0 46 0 0.08
transition 7 0 31 0 0.08
transition 7 0 22 0 0.08
transition 7 0 15 0 0.08
transition 7 0 10 0 0.04
transition 7 0 9 0 0.08
transition 7 0 8 0 0.08
transition 7 0 625 0 0.08
transition 8 0 625 0 0.08333333333333333
transition 9 0 262 0 0.08333333333333333
transition 9 0 625 0 0.08333333333333333
transition 10 0 263 0 0.08333333333333333
transition 10 0 129 0 0.08333333333333333
transition 10 0 625 0 0.08333333333333333
transition 11 0 264 0 0.08
transition 11 0 130 0 0.08
transition 11 0 74 0 0.08
transition 11 0 47 0 0.08
transition 11 0 32 0 0.08
transition 11 0 23 0 0.08
transition 11 0 16 0 0.04
transition 11 0 15 0 0.08
transition 11 0 14 0 0.08
transition 11 0 13 0 0.08
transition 11 0 12 0 0.08
transition 11 0 625 0 0.08
transition 12 0 625 0 0.08333333333333333
transition 13 0 265 0 0.08333333333333333
transition 13 0 625 0 0.08333333333333333
transition 14 0 266 0 0.08333333333333333
transition 14 0 131 0 0.08333333333333333
transition 14 0 625 0 0.08333333333333333
transition 15 0 267 0 0.08333333333333333
transition 15 0 132 0 0.08333333333333333
transition 15 0 75 0 0.08333333333333333
transition 15 0 625 0 0.08333333333333333
transition 16 0 268 0 0.08333333333333333
transition 16 0 133 0 0.08333333333333333
transition 16 0 76 0 0.08333333333333333
transition 16 0 48 0 0.08333333333333333
transition 16 0 625 0 0.08333333333333333
transition 17 0 269 0 0.08
transition 17 0 134 0 0.08
transition 17 0 77 0 0.08
transition 17 0 49 0 0.08
transition 17 0 33 0 0.08
transition 17 0 24 0 0.04
transition 17 0 23 0 0.08
transition 17 0 22 0 0.08
transition 17 0 21 0 0.08
transition 17 0 20 0 0.08
transition 17 0 19 0 0.08
transition 17 0 18 0 0.08
transition 17 0 625 0 0.08
transition 18 0 625 0 0.08333333333333333
transition 19 0 270 0 0.08333333333333333
transition 19 0 625 0 0.08333333333333333
transition 20 0 271 0 0.08333333333333333
transition 20 0 135 0 0.08333333333333333
transition 20 0 625 0 0.08333333333333333
transition 21 0 272 0 0.08333333333333333
transition 21 0 136 0 0.08333333333333333
transition 21 0 78 0 0.08333333333333333
transition 21 0 625 0 0.08333333333333333
transition 22 0 273 0 0.08333333333333333
transition 22 0 137 0 0.08333333333333333
transition 22 0 79 0 0.08333333333333333
transition 22 0 50 0 0.08333333333333333
transition 22 0 625 0 0.08333333333333333
transition 23 0 274 0 0.08333333333333333
transition 23 0 138 0 0.08333333333333333
transition 23 0 80 0 0.08333333333333333
transition 23 0 51 0 0.08333333333333333
transition 23 0 34 0 0.08333333333333333
transition 23 0 625 0 0.08333333333333333
transition 24 0 275 0 0.08333333333333333
transition 24 0 139 0 0.08333333333333333
transition 24 0 81 0 0.08333333333333333
transition 24 0 52 0 0.08333333333333333
transition 24 0 35 0 0.08333333333333333
transition 24 0 625 0 0.08333333333333333
transition 25 0 276 0 0.08
transition 25 0 140 0 0.08
transition 25 0 82 0 0.08
transition 25 0 53 0 0.08
transition 25 0 36 0 0.04
transition 25 0 33 0 0.08
transition 25 0 32 0 0.08
transition 25 0 31 0 0.08
transition 25 0 30 0 0.08
transition 25 0 29 0 0.08
transition 25 0 28 0 0.08
transition 25 0 27 0 0.08
transition 25 0 26 0 0.08
transition 26 0 625 0 0.041666666666666664
transition 27 0 277 0 0.08333333333333333
transition 27 0 625 0 0.08333333333333333
transition 28 0 278 0 0.08333333333333333
transition 28 0 141 0 0.08333333333333333
transition 28 0 625 0 0.08333333333333333
transition 29 0 279 0 0.08333333333333333
transition 29 0 142 0 0.08333333333333333
transition 29 0 83 0 0.08333333333333333
transition 29 0 625 0 0.08333333333333333
transition 30 0 280 0 0.08333333333333333
transition 30 0 143 0 0.08333333333333333
transition 30 0 84 0 0.08333333333333333
transition 30 0 54 0 0.08333333333333333
transition 30 0 625 0 0.08333333333333333
transition 31 0 281 0 0.08333333333333333
transition 31 0 144 0 0.08333333333333333
transition 31 0 85 0 0.08333333333333333
transition 31 0 55 0 0.08333333333333333
transition 31 0 37 0 0.041666666666666664
transition 31 0 625 0 0.08333333333333333
transition 32 0 282 0 0.08333333333333333
transition 32 0 145 0 0.08333333333333333
transition 32 0 86 0 0.08333333333333333
transition 32 0 56 0 0.08333333333333333
transition 32 0 38 0 0.041666666666666664
transition 32 0 34 0 0.08333333333333333
transition 32 0 625 0 0.08333333333333333
transition 33 0 283 0 0.08333333333333333
transition 33 0 146 0 0.08333333333333333
transition 33 0 87 0 0.08333333333333333
transition 33 0 57 0 0.08333333333333333
transition 33 0 39 0 0.041666666666666664
transition 33 0 35 0 0.041666666666666664
transition 33 0 34 0 0.08333333333333333
transition 33 0 625 0 0.08333333333333333
transition 34 0 625 0 0.08695652173913043
transition 35 0 284 0 0.08695652173913043
transition 35 0 625 0 0.08695652173913043
transition 36 0 285 0 0.08333333333333333
transition 36 0 147 0 0.08333333333333333
transition 36 0 88 0 0.08333333333333333
transition 36 0 58 0 0.08333333333333333
transition 36 0 39 0 0.08333333333333333
transition 36 0 38 0 0.08333333333333333
transition 36 0 37 0 0.08333333333333333
transition 36 0 625 0 0.08333333333333333
transition 37 0 625 0 0.08695652173913043
transition 38 0 286 0 0.08695652173913043
transition 38 0 625 0 0.08695652173913043
transition 39 0 287 0 0.08695652173913043
transition 39 0 148 0 0.08695652173913043
transition 39 0 625 0 0.08695652173913043
transition 40 0 288 0 0.08
transition 40 0 149 0 0.08
transition 40 0 89 0 0.08
transition 40 0 59 0 0.04
transition 40 0 53 0 0.08
transition 40 0 49 0 0.08
transition 40 0 47 0 0.08
transition 40 0 46 0 0.08
transition 40 0 45 0 0.08
transition 40 0 44 0 0.08
transition 40 0 43 0 0.08
transition 40 0 42 0 0.08
transition 40 0 41 0 0.08
transition 41 0 289 0 0.08333333333333333
transition 41 0 625 0 0.041666666666666664
transition 42 0 290 0 0.08333333333333333
transition 42 0 150 0 0.08333333333333333
transition 42 0 625 0 0.08333333333333333
transition 43 0 291 0 0.08333333333333333
transition 43 0 151 0 0.08333333333333333
transition 43 0 90 0 0.08333333333333333
transition 43 0 625 0 0.08333333333333333
transition 44 0 292 0 0.08333333333333333
transition 44 0 152 0 0.08333333333333333
transition 44 0 91 0 0.08333333333333333
transition 44 0 60 0 0.041666666666666664
transition 44 0 625 0 0.08333333333333333
transition 45 0 293 0 0.08333333333333333
transition 45 0 153 0 0.08333333333333333
transition 45 0 92 0 0.08333333333333333
transition 45 0 61 0 0.041666666666666664
transition 45 0 54 0 0.08333333333333333
transition 45 0 625 0 0.08333333333333333
transition 46 0 294 0 0.08333333333333333
transition 46 0 154 0 0.08333333333333333
transition 46 0 93 0 0.08333333333333333
transition 46 0 62 0 0.041666666666666664
transition 46 0 55 0 0.08333333333333333
transition 46 0 50 0 0.08333333333333333
transition 46 0 625 0 0.08333333333333333
transition 47 0 295 0 0.08333333333333333
transition 47 0 155 0 0.08333333333333333
transition 47 0 94 0 0.08333333333333333
transition 47 0 63 0 0.041666666666666664
transition 47 0 56 0 0.08333333333333333
transition 47 0 51 0 0.08333333333333333
transition 47 0 48 0 0.041666666666666664
transition 47 0 625 0 0.08333333333333333
transition 48 0 625 0 0.08695652173913043
transition 49 0 296 0 0.08333333333333333
transition 49 0 156 0 0.08333333333333333
transition 49 0 95 0 0.08333333333333333
transition 49 0 64 0 0.041666666666666664
transition 49 0 57 0 0.08333333333333333
transition 49 0 52 0 0.041666666666666664
transition 49 0 51 0 0.08333333333333333
transition 49 0 50 0 0.08333333333333333
transition 49 0 625 0 0.08333333333333333
transition 50 0 625 0 0.08695652173913043
transition 51 0 297 0 0.08695652173913043
transition 51 0 625 0 0.08695652173913043
transition 52 0 298 0 0.08695652173913043
transition 52 0 157 0 0.08695652173913043
transition 52 0 625 0 0.08695652173913043
transition 53 0 299 0 0.08333333333333333
transition 53 0 158 0 0.08333333333333333
transition 53 0 96 0 0.08333333333333333
transition 53 0 65 0 0.041666666666666664
transition 53 0 58 0 0.041666666666666664
transition 53 0 57 0 0.08333333333333333
transition 53 0 56 0 0.08333333333333333
transition 53 0 55 0 0.08333333333333333
transition 53 0 54 0 0.08333333333333333
transition 53 0 625 0 0.08333333333333333
transition 54 0 625 0 0.08695652173913043
transition 55 0 300 0 0.08695652173913043
transition 55 0 625 0 0.08695652173913043
transition 56 0 301 0 0.08695652173913043
transition 56 0 159 0 0.08695652173913043
transition 56 0 625 0 0.08695652173913043
transition 57 0 302 0 0.08695652173913043
transition 57 0 160 0 0.08695652173913043
transition 57 0 97 0 0.08695652173913043
transition 57 0 625 0 0.08695652173913043
transition 58 0 303 0 0.08695652173913043
transition 58 0 161 0 0.08695652173913043
transition 58 0 98 0 0.08695652173913043
transition 58 0 66 0 0.043478260869565216
transition 58 0 625 0 0.08695652173913043
transition 59 0 304 0 0.08333333333333333
transition 59 0 162 0 0.08333333333333333
transition 59 0 99 0 0.08333333333333333
transition 59 0 65 0 0.08333333333333333
transition 59 0 64 0 0.08333333333333333
transition 59 0 63 0 0.08333333333333333
transition 59 0 62 0 0.08333333333333333
transition 59 0 61 0 0.08333333333333333
transition 59 0 60 0 0.08333333333333333
transition 59 0 625 0 0.08333333333333333
transition 60 0 625 0 0.08695652173913043
transition 61 0 305 0 0.08695652173913043
transition 61 0 625 0 0.08695652173913043
transition 62 0 306 0 0.08695652173913043
transition 62 0 163 0 0.08695652173913043
transition 62 0 625 0 0.08695652173913043
transition 63 0 307 0 0.08695652173913043
transition 63 0 164 0 0.08695652173913043
transition 63 0 100 0 0.08695652173913043
transition 63 0 625 0 0.08695652173913043
transition 64 0 308 0 0.08695652173913043
transition 64 0 165 0 0.08695652173913043
transition 64 0 101 0 0.08695652173913043
transition 64 0 625 0 0.08695652173913043
transition 65 0 309 0 0.08695652173913043
transition 65 0 166 0 0.08695652173913043
transition 65 0 102 0 0.08695652173913043
transition 65 0 66 0 0.043478260869565216
transition 65 0 625 0 0.08695652173913043
transition 66 0 625 0 0.09090909090909091
transition 67 0 310 0 0.08
transition 67 0 167 0 0.08
transition 67 0 103 0 0.04
transition 67 0 89 0 0.08
transition 67 0 82 0 0.08
transition 67 0 77 0 0.08
transition 67 0 74 0 0.08
transition 67 0 73 0 0.08
transition 67 0 72 0 0.08
transition 67 0 71 0 0.08
transition 67 0 70 0 0.08
transition 67 0 69 0 0.08
transition 67 0 68 0 0.08
transition 68 0 311 0 0.08333333333333333
transition 68 0 168 0 0.08333333333333333
transition 68 0 625 0 0.041666666666666664
transition 69 0 312 0 0.08333333333333333
transition 69 0 169 0 0.08333333333333333
transition 69 0 104 0 0.041666666666666664
transition 69 0 625 0 0.08333333333333333
transition 70 0 313 0 0.08333333333333333
transition 70 0 170 0 0.08333333333333333
transition 70 0 105 0 0.041666666666666664
transition 70 0 90 0 0.08333333333333333
transition 70 0 625 0 0.08333333333333333
transition 71 0 314 0 0.08333333333333333
transition 71 0 171 0 0.08333333333333333
transition 71 0 106 0 0.041666666666666664
transition 71 0 91 0 0.08333333333333333
transition 71 0 83 0 0.08333333333333333
transition 71 0 625 0 0.08333333333333333
transition 72 0 315 0 0.08333333333333333
transition 72 0 172 0 0.08333333333333333
transition 72 0 107 0 0.041666666666666664
transition 72 0 92 0 0.08333333333333333
transition 72 0 84 0 0.08333333333333333
transition 72 0 78 0 0.08333333333333333
transition 72 0 625 0 0.08333333333333333
transition 73 0 316 0 0.08333333333333333
transition 73 0 173 0 0.08333333333333333
transition 73 0 108 0 0.041666666666666664
transition 73 0 93 0 0.08333333333333333
transition 73 0 85 0 0.08333333333333333
transition 73 0 79 0 0.08333333333333333
transition 73 0 75 0 0.08333333333333333
transition 73 0 625 0 0.08333333333333333
transition 74 0 317 0 0.08333333333333333
transition 74 0 174 0 0.08333333333333333
transition 74 0 109 0 0.041666666666666664
transition 74 0 94 0 0.08333333333333333
transition 74 0 86 0 0.08333333333333333
transition 74 0 80 0 0.08333333333333333
transition 74 0 76 0 0.041666666666666664
transition 74 0 75 0 0.08333333333333333
transition 74 0 625 0 0.08333333333333333
transition 75 0 625 0 0.08695652173913043
transition 76 0 318 0 0.08695652173913043
transition 76 0 625 0 0.08695652173913043
transition 77 0 319 0 0.08333333333333333
transition 77 0 175 0 0.08333333333333333
transition 77 0 110 0 0.041666666666666664
transition 77 0 95 0 0.08333333333333333
transition 77 0 87 0 0.08333333333333333
transition 77 0 81 0 0.041666666666666664
transition 77 0 80 0 0.08333333333333333
transition 77 0 79 0 0.08333333333333333
transition 77 0 78 0 0.08333333333333333
transition 77 0 625 0 0.08333333333333333
transition 78 0 625 0 0.08695652173913043
transition 79 0 320 0 0.08695652173913043
transition 79 0 625 0 0.08695652173913043
transition 80 0 321 0 0.08695652173913043
transition 80 0 176 0 0.08695652173913043
transition 80 0 625 0 0.08695652173913043
transition 81 0 322 0 0.08695652173913043
transition 81 0 177 0 0.08695652173913043
transition 81 0 111 0 0.043478260869565216
transition 81 0 625 0 0.08695652173913043
transition 82 0 323 0 0.08333333333333333
transition 82 0 178 0 0.08333333333333333
transition 82 0 112 0 0.041666666666666664
transition 82 0 96 0 0.08333333333333333
transition 82 0 88 0 0.041666666666666664
transition 82 0 87 0 0.08333333333333333
transition 82 0 86 0 0.08333333333333333
transition 82 0 85 0 0.08333333333333333
transition 82 0 84 0 0.08333333333333333
transition 82 0 83 0 0.08333333333333333
transition 82 0 625 0 0.08333333333333333
transition 83 0 625 0 0.08695652173913043
transition 84 0 324 0 0.08695652173913043
transition 84 0 625 0 0.08695652173913043
transition 85 0 325 0 0.08695652173913043
transition 85 0 179 0 0.08695652173913043
transition 85 0 625 0 0.08695652173913043
transition 86 0 326 0 0.08695652173913043
transition 86 0 180 0 0.08695652173913043
transition 86 0 113 0 0.043478260869565216
transition 86 0 625 0 0.08695652173913043
transition 87 0 327 0 0.08695652173913043
transition 87 0 181 0 0.08695652173913043
transition 87 0 114 0 0.043478260869565216
transition 87 0 97 0 0.08695652173913043
transition 87 0 625 0 0.08695652173913043
transition 88 0 328 0 0.08695652173913043
transition 88 0 182 0 0.08695652173913043
transition 88 0 115 0 0.043478260869565216
transition 88 0 98 0 0.08695652173913043
transition 88 0 625 0 0.08695652173913043
transition 89 0 329 0 0.08333333333333333
transition 89 0 183 0 0.08333333333333333
transition 89 0 116 0 0.041666666666666664
transition 89 0 99 0 0.041666666666666664
transition 89 0 96 0 0.08333333333333333
transition 89 0 95 0 0.08333333333333333
transition 89 0 94 0 0.08333333333333333
transition 89 0 93 0 0.08333333333333333
transition 89 0 92 0 0.08333333333333333
transition 89 0 91 0 0.08333333333333333
transition 89 0 90 0 0.08333333333333333
transition 89 0 625 0 0.08333333333333333
transition 90 0 625 0 0.08695652173913043
transition 91 0 330 0 0.08695652173913043
transition 91 0 625 0 0.08695652173913043
transition 92 0 331 0 0.08695652173913043
transition 92 0 184 0 0.08695652173913043
transition 92 0 625 0 0.08695652173913043
transition 93 0 332 0 0.08695652173913043
transition 93 0 185 0 0.08695652173913043
transition 93 0 117 0 0.043478260869565216
transition 93 0 625 0 0.08695652173913043
transition 94 0 333 0 0.08695652173913043
transition 94 0 186 0 0.08695652173913043
transition 94 0 118 0 0.043478260869565216
transition 94 0 100 0 0.043478260869565216
transition 94 0 625 0 0.08695652173913043
transition 95 0 334 0 0.08695652173913043
transition 95 0 187 0 0.08695652173913043
transition 95 0 119 0 0.043478260869565216
transition 95 0 101 0 0.043478260869565216
transition 95 0 97 0 0.08695652173913043
transition 95 0 625 0 0.08695652173913043
transition 96 0 335 0 0.08695652173913043
transition 96 0 188 0 0.08695652173913043
transition 96 0 120 0 0.043478260869565216
transition 96 0 102 0 0.043478260869565216
transition 96 0 98 0 0.043478260869565216
transition 96 0 97 0 0.08695652173913043
transition 96 0 625 0 0.08695652173913043
transition 97 0 625 0 0.09090909090909091
transition 98 0 336 0 0.09090909090909091
transition 98 0 625 0 0.09090909090909091
transition 99 0 337 0 0.08695652173913043
transition 99 0 189 0 0.08695652173913043
transition 99 0 121 0 0.043478260869565216
transition 99 0 102 0 0.08695652173913043
transition 99 0 101 0 0.08695652173913043
transition 99 0 100 0 0.08695652173913043
transition 99 0 625 0 0.08695652173913043
transition 100 0 625 0 0.09090909090909091
transition 101 0 338 0 0.09090909090909091
transition 101 0 625 0 0.09090909090909091
transition 102 0 339 0 0.09090909090909091
transition 102 0 190 0 0.09090909090909091
transition 102 0 625 0 0.09090909090909091
transition 103 0 340 0 0.08333333333333333
transition 103 0 191 0 0.08333333333333333
transition 103 0 116 0 0.08333333333333333
transition 103 0 112 0 0.08333333333333333
transition 103 0 110 0 0.08333333333333333
transition 103 0 109 0 0.08333333333333333
transition 103 0 108 0 0.08333333333333333
transition 103 0 107 0 0.08333333333333333
transition 103 0 106 0 0.08333333333333333
transition 103 0 105 0 0.08333333333333333
transition 103 0 104 0 0.08333333333333333
transition 103 0 625 0 0.08333333333333333
transition 104 0 625 0 0.08695652173913043
transition 105 0 341 0 0.08695652173913043
transition 105 0 625 0 0.08695652173913043
transition 106 0 342 0 0.08695652173913043
transition 106 0 192 0 0.08695652173913043
transition 106 0 625 0 0.08695652173913043
transition 107 0 343 0 0.08695652173913043
transition 107 0 193 0 0.08695652173913043
transition 107 0 625 0 0.08695652173913043
transition 108 0 344 0 0.08695652173913043
transition 108 0 194 0 0.08695652173913043
transition 108 0 117 0 0.08695652173913043
transition 108 0 625 0 0.08695652173913043
transition 109 0 345 0 0.08695652173913043
transition 109 0 195 0 0.08695652173913043
transition 109 0 118 0 0.08695652173913043
transition 109 0 113 0 0.08695652173913043
transition 109 0 625 0 0.08695652173913043
transition 110 0 346 0 0.08695652173913043
transition 110 0 196 0 0.08695652173913043
transition 110 0 119 0 0.08695652173913043
transition 110 0 114 0 0.08695652173913043
transition 110 0 111 0 0.043478260869565216
transition 110 0 625 0 0.08695652173913043
transition 111 0 625 0 0.09090909090909091
transition 112 0 347 0 0.08695652173913043
transition 112 0 197 0 0.08695652173913043
transition 112 0 120 0 0.08695652173913043
transition 112 0 115 0 0.043478260869565216
transition 112 0 114 0 0.08695652173913043
transition 112 0 113 0 0.08695652173913043
transition 112 0 625 0 0.08695652173913043
transition 113 0 625 0 0.09090909090909091
transition 114 0 348 0 0.09090909090909091
transition 114 0 625 0 0.09090909090909091
transition 115 0 349 0 0.09090909090909091
transition 115 0 198 0 0.09090909090909091
transition 115 0 625 0 0.09090909090909091
transition 116 0 350 0 0.08695652173913043
transition 116 0 199 0 0.08695652173913043
transition 116 0 121 0 0.043478260869565216
transition 116 0 120 0 0.08695652173913043
transition 116 0 119 0 0.08695652173913043
transition 116 0 118 0 0.08695652173913043
transition 116 0 117 0 0.08695652173913043
transition 116 0 625 0 0.08695652173913043
transition 117 0 625 0 0.09090909090909091
transition 118 0 351 0 0.09090909090909091
transition 118 0 625 0 0.09090909090909091
transition 119 0 352 0 0.09090909090909091
transition 119 0 200 0 0.09090909090909091
transition 119 0 625 0 0.09090909090909091
transition 120 0 353 0 0.09090909090909091
transition 120 0 201 0 0.09090909090909091
transition 120 0 625 0 0.09090909090909091
transition 121 0 354 0 0.09090909090909091
transition 121 0 202 0 0.09090909090909091
transition 121 0 625 0 0.09090909090909091
transition 122 0 355 0 0.08
transition 122 0 203 0 0.04
transition 122 0 167 0 0.08
transition 122 0 149 0 0.08
transition 122 0 140 0 0.08
transition 122 0 134 0 0.08
transition 122 0 130 0 0.08
transition 122 0 128 0 0.08
transition 122 0 127 0 0.08
transition 122 0 126 0 0.08
transition 122 0 125 0 0.08
transition 122 0 124 0 0.08
transition 122 0 123 0 0.08
transition 123 0 356 0 0.08333333333333333
transition 123 0 204 0 0.041666666666666664
transition 123 0 168 0 0.08333333333333333
transition 123 0 625 0 0.041666666666666664
transition 124 0 357 0 0.08333333333333333
transition 124 0 205 0 0.041666666666666664
transition 124 0 169 0 0.08333333333333333
transition 124 0 150 0 0.08333333333333333
transition 124 0 625 0 0.08333333333333333
transition 125 0 358 0 0.08333333333333333
transition 125 0 206 0 0.041666666666666664
transition 125 0 170 0 0.08333333333333333
transition 125 0 151 0 0.08333333333333333
transition 125 0 141 0 0.08333333333333333
transition 125 0 625 0 0.08333333333333333
transition 126 0 359 0 0.08333333333333333
transition 126 0 207 0 0.041666666666666664
transition 126 0 171 0 0.08333333333333333
transition 126 0 152 0 0.08333333333333333
transition 126 0 142 0 0.08333333333333333
transition 126 0 135 0 0.08333333333333333
transition 126 0 625 0 0.08333333333333333
transition 127 0 360 0 0.08333333333333333
transition 127 0 208 0 0.041666666666666664
transition 127 0 172 0 0.08333333333333333
transition 127 0 153 0 0.08333333333333333
transition 127 0 143 0 0.08333333333333333
transition 127 0 136 0 0.08333333333333333
transition 127 0 131 0 0.08333333333333333
transition 127 0 625 0 0.08333333333333333
transition 128 0 361 0 0.08333333333333333
transition 128 0 209 0 0.041666666666666664
transition 128 0 173 0 0.08333333333333333
transition 128 0 154 0 0.08333333333333333
transition 128 0 144 0 0.08333333333333333
transition 128 0 137 0 0.08333333333333333
transition 128 0 132 0 0.08333333333333333
transition 128 0 129 0 0.041666666666666664
transition 128 0 625 0 0.08333333333333333
transition 129 0 625 0 0.08695652173913043
transition 130 0 362 0 0.08333333333333333
transition 130 0 210 0 0.041666666666666664
transition 130 0 174 0 0.08333333333333333
transition 130 0 155 0 0.08333333333333333
transition 130 0 145 0 0.08333333333333333
transition 130 0 138 0 0.08333333333333333
transition 130 0 133 0 0.041666666666666664
transition 130 0 132 0 0.08333333333333333
transition 130 0 131 0 0.08333333333333333
transition 130 0 625 0 0.08333333333333333
transition 131 0 625 0 0.08695652173913043
transition 132 0 363 0 0.08695652173913043
transition 132 0 625 0 0.08695652173913043
transition 133 0 364 0 0.08695652173913043
transition 133 0 211 0 0.043478260869565216
transition 133 0 625 0 0.08695652173913043
transition 134 0 365 0 0.08333333333333333
transition 134 0 212 0 0.041666666666666664
transition 134 0 175 0 0.08333333333333333
transition 134 0 156 0 0.08333333333333333
transition 134 0 146 0 0.08333333333333333
transition 134 0 139 0 0.041666666666666664
transition 134 0 138 0 0.08333333333333333
transition 134 0 137 0 0.08333333333333333
transition 134 0 136 0 0.08333333333333333
transition 134 0 135 0 0.08333333333333333
transition 134 0 625 0 0.08333333333333333
transition 135 0 625 0 0.08695652173913043
transition 136 0 366 0 0.08695652173913043
transition 136 0 625 0 0.08695652173913043
transition 137 0 367 0 0.08695652173913043
transition 137 0 213 0 0.043478260869565216
transition 137 0 625 0 0.08695652173913043
transition 138 0 368 0 0.08695652173913043
transition 138 0 214 0 0.043478260869565216
transition 138 0 176 0 0.08695652173913043
transition 138 0 625 0 0.08695652173913043
transition 139 0 369 0 0.08695652173913043
transition 139 0 215 0 0.043478260869565216
transition 139 0 177 0 0.08695652173913043
transition 139 0 157 0 0.08695652173913043
transition 139 0 625 0 0.08695652173913043
transition 140 0 370 0 0.08333333333333333
transition 140 0 216 0 0.041666666666666664
transition 140 0 178 0 0.08333333333333333
transition 140 0 158 0 0.08333333333333333
transition 140 0 147 0 0.041666666666666664
transition 140 0 146 0 0.08333333333333333
transition 140 0 145 0 0.08333333333333333
transition 140 0 144 0 0.08333333333333333
transition 140 0 143 0 0.08333333333333333
transition 140 0 142 0 0.08333333333333333
transition 140 0 141 0 0.08333333333333333
transition 140 0 625 0 0.08333333333333333
transition 141 0 625 0 0.08695652173913043
transition 142 0 371 0 0.08695652173913043
transition 142 0 625 0 0.08695652173913043
transition 143 0 372 0 0.08695652173913043
transition 143 0 217 0 0.043478260869565216
transition 143 0 625 0 0.08695652173913043
transition 144 0 373 0 0.08695652173913043
transition 144 0 218 0 0.043478260869565216
transition 144 0 179 0 0.08695652173913043
transition 144 0 625 0 0.08695652173913043
transition 145 0 374 0 0.08695652173913043
transition 145 0 219 0 0.043478260869565216
transition 145 0 180 0 0.08695652173913043
transition 145 0 159 0 0.08695652173913043
transition 145 0 625 0 0.08695652173913043
transition 146 0 375 0 0.08695652173913043
transition 146 0 220 0 0.043478260869565216
transition 146 0 181 0 0.08695652173913043
transition 146 0 160 0 0.08695652173913043
transition 146 0 148 0 0.043478260869565216
transition 146 0 625 0 0.08695652173913043
transition 147 0 376 0 0.08695652173913043
transition 147 0 221 0 0.043478260869565216
transition 147 0 182 0 0.08695652173913043
transition 147 0 161 0 0.08695652173913043
transition 147 0 148 0 0.08695652173913043
transition 147 0 625 0 0.08695652173913043
transition 148 0 625 0 0.09090909090909091
transition 149 0 377 0 0.08333333333333333
transition 149 0 222 0 0.041666666666666664
transition 149 0 183 0 0.08333333333333333
transition 149 0 162 0 0.041666666666666664
transition 149 0 158 0 0.08333333333333333
transition 149 0 156 0 0.08333333333333333
transition 149 0 155 0 0.08333333333333333
transition 149 0 154 0 0.08333333333333333
transition 149 0 153 0 0.08333333333333333
transition 149 0 152 0 0.08333333333333333
transition 149 0 151 0 0.08333333333333333
transition 149 0 150 0 0.08333333333333333
transition 149 0 625 0 0.08333333333333333
transition 150 0 625 0 0.08695652173913043
transition 151 0 378 0 0.08695652173913043
transition 151 0 625 0 0.08695652173913043
transition 152 0 379 0 0.08695652173913043
transition 152 0 223 0 0.043478260869565216
transition 152 0 625 0 0.08695652173913043
transition 153 0 380 0 0.08695652173913043
transition 153 0 224 0 0.043478260869565216
transition 153 0 184 0 0.08695652173913043
transition 153 0 625 0 0.08695652173913043
transition 154 0 381 0 0.08695652173913043
transition 154 0 225 0 0.043478260869565216
transition 154 0 185 0 0.08695652173913043
transition 154 0 163 0 0.043478260869565216
transition 154 0 625 0 0.08695652173913043
transition 155 0 382 0 0.08695652173913043
transition 155 0 226 0 0.043478260869565216
transition 155 0 186 0 0.08695652173913043
transition 155 0 164 0 0.043478260869565216
transition 155 0 159 0 0.08695652173913043
transition 155 0 625 0 0.08695652173913043
transition 156 0 383 0 0.08695652173913043
transition 156 0 227 0 0.043478260869565216
transition 156 0 187 0 0.08695652173913043
transition 156 0 165 0 0.043478260869565216
transition 156 0 160 0 0.08695652173913043
transition 156 0 157 0 0.043478260869565216
transition 156 0 625 0 0.08695652173913043
transition 157 0 625 0 0.09090909090909091
transition 158 0 384 0 0.08695652173913043
transition 158 0 228 0 0.043478260869565216
transition 158 0 188 0 0.08695652173913043
transition 158 0 166 0 0.043478260869565216
transition 158 0 161 0 0.043478260869565216
transition 158 0 160 0 0.08695652173913043
transition 158 0 159 0 0.08695652173913043
transition 158 0 625 0 0.08695652173913043
transition 159 0 625 0 0.09090909090909091
transition 160 0 385 0 0.09090909090909091
transition 160 0 625 0 0.09090909090909091
transition 161 0 386 0 0.09090909090909091
transition 161 0 229 0 0.045454545454545456
transition 161 0 625 0 0.09090909090909091
transition 162 0 387 0 0.08695652173913043
transition 162 0 230 0 0.043478260869565216
transition 162 0 189 0 0.08695652173913043
transition 162 0 166 0 0.08695652173913043
transition 162 0 165 0 0.08695652173913043
transition 162 0 164 0 0.08695652173913043
transition 162 0 163 0 0.08695652173913043
transition 162 0 625 0 0.08695652173913043
transition 163 0 625 0 0.09090909090909091
transition 164 0 388 0 0.09090909090909091
transition 164 0 625 0 0.09090909090909091
transition 165 0 389 0 0.09090909090909091
transition 165 0 231 0 0.045454545454545456
transition 165 0 625 0 0.09090909090909091
transition 166 0 390 0 0.09090909090909091
transition 166 0 232 0 0.045454545454545456
transition 166 0 190 0 0.09090909090909091
transition 166 0 625 0 0.09090909090909091
transition 167 0 391 0 0.08333333333333333
transition 167 0 233 0 0.041666666666666664
transition 167 0 191 0 0.041666666666666664
transition 167 0 183 0 0.08333333333333333
transition 167 0 178 0 0.08333333333333333
transition 167 0 175 0 0.08333333333333333
transition 167 0 174 0 0.08333333333333333
transition 167 0 173 0 0.08333333333333333
transition 167 0 172 0 0.08333333333333333
transition 167 0 171 0 0.08333333333333333
transition 167 0 170 0 0.08333333333333333
transition 167 0 169 0 0.08333333333333333
transition 167 0 168 0 0.08333333333333333
transition 168 0 625 0 0.043478260869565216
transition 169 0 392 0 0.08695652173913043
transition 169 0 625 0 0.08695652173913043
transition 170 0 393 0 0.08695652173913043
transition 170 0 234 0 0.043478260869565216
transition 170 0 625 0 0.08695652173913043
transition 171 0 394 0 0.08695652173913043
transition 171 0 235 0 0.043478260869565216
transition 171 0 192 0 0.043478260869565216
transition 171 0 625 0 0.08695652173913043
transition 172 0 395 0 0.08695652173913043
transition 172 0 236 0 0.043478260869565216
transition 172 0 193 0 0.043478260869565216
transition 172 0 184 0 0.08695652173913043
transition 172 0 625 0 0.08695652173913043
transition 173 0 396 0 0.08695652173913043
transition 173 0 237 0 0.043478260869565216
transition 173 0 194 0 0.043478260869565216
transition 173 0 185 0 0.08695652173913043
transition 173 0 179 0 0.08695652173913043
transition 173 0 625 0 0.08695652173913043
transition 174 0 397 0 0.08695652173913043
transition 174 0 238 0 0.043478260869565216
transition 174 0 195 0 0.043478260869565216
transition 174 0 186 0 0.08695652173913043
transition 174 0 180 0 0.08695652173913043
transition 174 0 176 0 0.08695652173913043
transition 174 0 625 0 0.08695652173913043
transition 175 0 398 0 0.08695652173913043
transition 175 0 239 0 0.043478260869565216
transition 175 0 196 0 0.043478260869565216
transition 175 0 187 0 0.08695652173913043
transition 175 0 181 0 0.08695652173913043
transition 175 0 177 0 0.043478260869565216
transition 175 0 176 0 0.08695652173913043
transition 175 0 625 0 0.08695652173913043
transition 176 0 625 0 0.09090909090909091
transition 177 0 399 0 0.09090909090909091
transition 177 0 625 0 0.09090909090909091
transition 178 0 400 0 0.08695652173913043
transition 178 0 240 0 0.043478260869565216
transition 178 0 197 0 0.043478260869565216
transition 178 0 188 0 0.08695652173913043
transition 178 0 182 0 0.043478260869565216
transition 178 0 181 0 0.08695652173913043
transition 178 0 180 0 0.08695652173913043
transition 178 0 179 0 0.08695652173913043
transition 178 0 625 0 0.08695652173913043
transition 179 0 625 0 0.09090909090909091
transition 180 0 401 0 0.09090909090909091
transition 180 0 625 0 0.09090909090909091
transition 181 0 402 0 0.09090909090909091
transition 181 0 241 0 0.045454545454545456
transition 181 0 625 0 0.09090909090909091
transition 182 0 403 0 0.09090909090909091
transition 182 0 242 0 0.045454545454545456
transition 182 0 198 0 0.045454545454545456
transition 182 0 625 0 0.09090909090909091
transition 183 0 404 0 0.08695652173913043
transition 183 0 243 0 0.043478260869565216
transition 183 0 199 0 0.043478260869565216
transition 183 0 189 0 0.043478260869565216
transition 183 0 188 0 0.08695652173913043
transition 183 0 187 0 0.08695652173913043
transition 183 0 186 0 0.08695652173913043
transition 183 0 185 0 0.08695652173913043
transition 183 0 184 0 0.08695652173913043
transition 183 0 625 0 0.08695652173913043
transition 184 0 625 0 0.09090909090909091
transition 185 0 405 0 0.09090909090909091
transition 185 0 625 0 0.09090909090909091
transition 186 0 406 0 0.09090909090909091
transition 186 0 244 0 0.045454545454545456
transition 186 0 625 0 0.09090909090909091
transition 187 0 407 0 0.09090909090909091
transition 187 0 245 0 0.045454545454545456
transition 187 0 200 0 0.045454545454545456
transition 187 0 625 0 0.09090909090909091
transition 188 0 408 0 0.09090909090909091
transition 188 0 246 0 0.045454545454545456
transition 188 0 201 0 0.045454545454545456
transition 188 0 190 0 0.045454545454545456
transition 188 0 625 0 0.09090909090909091
transition 189 0 409 0 0.09090909090909091
transition 189 0 247 0 0.045454545454545456
transition 189 0 202 0 0.045454545454545456
transition 189 0 190 0 0.09090909090909091
transition 189 0 625 0 0.09090909090909091
transition 190 0 625 0 0.09523809523809523
transition 191 0 410 0 0.08695652173913043
transition 191 0 248 0 0.043478260869565216
transition 191 0 199 0 0.08695652173913043
transition 191 0 197 0 0.08695652173913043
transition 191 0 196 0 0.08695652173913043
transition 191 0 195 0 0.08695652173913043
transition 191 0 194 0 0.08695652173913043
transition 191 0 193 0 0.08695652173913043
transition 191 0 192 0 0.08695652173913043
transition 191 0 625 0 0.08695652173913043
transition 192 0 625 0 0.09090909090909091
transition 193 0 411 0 0.09090909090909091
transition 193 0 625 0 0.09090909090909091
transition 194 0 412 0 0.09090909090909091
transition 194 0 249 0 0.045454545454545456
transition 194 0 625 0 0.09090909090909091
transition 195 0 413 0 0.09090909090909091
transition 195 0 250 0 0.045454545454545456
transition 195 0 625 0 0.09090909090909091
transition 196 0 414 0 0.09090909090909091
transition 196 0 251 0 0.045454545454545456
transition 196 0 200 0 0.09090909090909091
transition 196 0 625 0 0.09090909090909091
transition 197 0 415 0 0.09090909090909091
transition 197 0 252 0 0.045454545454545456
transition 197 0 201 0 0.09090909090909091
transition 197 0 198 0 0.045454545454545456
transition 197 0 625 0 0.09090909090909091
transition 198 0 625 0 0.09523809523809523
transition 199 0 416 0 0.09090909090909091
transition 199 0 253 0 0.045454545454545456
transition 199 0 202 0 0.045454545454545456
transition 199 0 201 0 0.09090909090909091
transition 199 0 200 0 0.09090909090909091
transition 199 0 625 0 0.09090909090909091
transition 200 0 625 0 0.09523809523809523
transition 201 0 417 0 0.09523809523809523
transition 201 0 625 0 0.09523809523809523
transition 202 0 418 0 0.09523809523809523
transition 202 0 254 0 0.047619047619047616
transition 202 0 625 0 0.09523809523809523
transition 203 0 419 0 0.08333333333333333
transition 203 0 233 0 0.08333333333333333
transition 203 0 222 0 0.08333333333333333
transition 203 0 216 0 0.08333333333333333
transition 203 0 212 0 0.08333333333333333
transition 203 0 210 0 0.08333333333333333
transition 203 0 209 0 0.08333333333333333
transition 203 0 208 0 0.08333333333333333
transition 203 0 207 0 0.08333333333333333
transition 203 0 206 0 0.08333333333333333
transition 203 0 205 0 0.08333333333333333
transition 203 0 204 0 0.08333333333333333
transition 204 0 420 0 0.08695652173913043
transition 204 0 625 0 0.043478260869565216
transition 205 0 421 0 0.08695652173913043
transition 205 0 625 0 0.08695652173913043
transition 206 0 422 0 0.08695652173913043
transition 206 0 234 0 0.08695652173913043
transition 206 0 625 0 0.08695652173913043
transition 207 0 423 0 0.08695652173913043
transition 207 0 235 0 0.08695652173913043
transition 207 0 223 0 0.08695652173913043
transition 207 0 625 0 0.08695652173913043
transition 208 0 424 0 0.08695652173913043
transition 208 0 236 0 0.08695652173913043
transition 208 0 224 0 0.08695652173913043
transition 208 0 217 0 0.08695652173913043
transition 208 0 625 0 0.08695652173913043
transition 209 0 425 0 0.08695652173913043
transition 209 0 237 0 0.08695652173913043
transition 209 0 225 0 0.08695652173913043
transition 209 0 218 0 0.08695652173913043
transition 209 0 213 0 0.08695652173913043
transition 209 0 625 0 0.08695652173913043
transition 210 0 426 0 0.08695652173913043
transition 210 0 238 0 0.08695652173913043
transition 210 0 226 0 0.08695652173913043
transition 210 0 219 0 0.08695652173913043
transition 210 0 214 0 0.08695652173913043
transition 210 0 211 0 0.043478260869565216
transition 210 0 625 0 0.08695652173913043
transition 211 0 625 0 0.09090909090909091
transition 212 0 427 0 0.08695652173913043
transition 212 0 239 0 0.08695652173913043
transition 212 0 227 0 0.08695652173913043
transition 212 0 220 0 0.08695652173913043
transition 212 0 215 0 0.043478260869565216
transition 212 0 214 0 0.08695652173913043
transition 212 0 213 0 0.08695652173913043
transition 212 0 625 0 0.08695652173913043
transition 213 0 625 0 0.09090909090909091
transition 214 0 428 0 0.09090909090909091
transition 214 0 625 0 0.09090909090909091
transition 215 0 429 0 0.09090909090909091
transition 215 0 625 0 0.09090909090909091
transition 216 0 430 0 0.08695652173913043
transition 216 0 240 0 0.08695652173913043
transition 216 0 228 0 0.08695652173913043
transition 216 0 221 0 0.043478260869565216
transition 216 0 220 0 0.08695652173913043
transition 216 0 219 0 0.08695652173913043
transition 216 0 218 0 0.08695652173913043
transition 216 0 217 0 0.08695652173913043
transition 216 0 625 0 0.08695652173913043
transition 217 0 625 0 0.09090909090909091
transition 218 0 431 0 0.09090909090909091
transition 218 0 625 0 0.09090909090909091
transition 219 0 432 0 0.09090909090909091
transition 219 0 625 0 0.09090909090909091
transition 220 0 433 0 0.09090909090909091
transition 220 0 241 0 0.09090909090909091
transition 220 0 625 0 0.09090909090909091
transition 221 0 434 0 0.09090909090909091
transition 221 0 242 0 0.09090909090909091
transition 221 0 229 0 0.09090909090909091
transition 221 0 625 0 0.09090909090909091
transition 222 0 435 0 0.08695652173913043
transition 222 0 243 0 0.08695652173913043
transition 222 0 230 0 0.043478260869565216
transition 222 0 228 0 0.08695652173913043
transition 222 0 227 0 0.08695652173913043
transition 222 0 226 0 0.08695652173913043
transition 222 0 225 0 0.08695652173913043
transition 222 0 224 0 0.08695652173913043
transition 222 0 223 0 0.08695652173913043
transition 222 0 625 0 0.08695652173913043
transition 223 0 625 0 0.09090909090909091
transition 224 0 436 0 0.09090909090909091
transition 224 0 625 0 0.09090909090909091
transition 225 0 437 0 0.09090909090909091
transition 225 0 625 0 0.09090909090909091
transition 226 0 438 0 0.09090909090909091
transition 226 0 244 0 0.09090909090909091
transition 226 0 625 0 0.09090909090909091
transition 227 0 439 0 0.09090909090909091
transition 227 0 245 0 0.09090909090909091
transition 227 0 231 0 0.045454545454545456
transition 227 0 625 0 0.09090909090909091
transition 228 0 440 0 0.09090909090909091
transition 228 0 246 0 0.09090909090909091
transition 228 0 232 0 0.045454545454545456
transition 228 0 229 0 0.045454545454545456
transition 228 0 625 0 0.09090909090909091
transition 229 0 625 0 0.09523809523809523
transition 230 0 441 0 0.09090909090909091
transition 230 0 247 0 0.09090909090909091
transition 230 0 232 0 0.09090909090909091
transition 230 0 231 0 0.09090909090909091
transition 230 0 625 0 0.09090909090909091
transition 231 0 625 0 0.09523809523809523
transition 232 0 442 0 0.09523809523809523
transition 232 0 625 0 0.09523809523809523
transition 233 0 443 0 0.08695652173913043
transition 233 0 248 0 0.043478260869565216
transition 233 0 243 0 0.08695652173913043
transition 233 0 240 0 0.08695652173913043
transition 233 0 239 0 0.08695652173913043
transition 233 0 238 0 0.08695652173913043
transition 233 0 237 0 0.08695652173913043
transition 233 0 236 0 0.08695652173913043
transition 233 0 235 0 0.08695652173913043
transition 233 0 234 0 0.08695652173913043
transition 233 0 625 0 0.08695652173913043
transition 234 0 625 0 0.09090909090909091
transition 235 0 444 0 0.09090909090909091
transition 235 0 625 0 0.09090909090909091
transition 236 0 445 0 0.09090909090909091
transition 236 0 625 0 0.09090909090909091
transition 237 0 446 0 0.09090909090909091
transition 237 0 249 0 0.045454545454545456
transition 237 0 625 0 0.09090909090909091
transition 238 0 447 0 0.09090909090909091
transition 238 0 250 0 0.045454545454545456
transition 238 0 244 0 0.09090909090909091
transition 238 0 625 0 0.09090909090909091
transition 239 0 448 0 0.09090909090909091
transition 239 0 251 0 0.045454545454545456
transition 239 0 245 0 0.09090909090909091
transition 239 0 241 0 0.09090909090909091
transition 239 0 625 0 0.09090909090909091
transition 240 0 449 0 0.09090909090909091
transition 240 0 252 0 0.045454545454545456
transition 240 0 246 0 0.09090909090909091
transition 240 0 242 0 0.045454545454545456
transition 240 0 241 0 0.09090909090909091
transition 240 0 625 0 0.09090909090909091
transition 241 0 625 0 0.09523809523809523
transition 242 0 450 0 0.09523809523809523
transition 242 0 625 0 0.09523809523809523
transition 243 0 451 0 0.09090909090909091
transition 243 0 253 0 0.045454545454545456
transition 243 0 247 0 0.045454545454545456
transition 243 0 246 0 0.09090909090909091
transition 243 0 245 0 0.09090909090909091
transition 243 0 244 0 0.09090909090909091
transition 243 0 625 0 0.09090909090909091
transition 244 0 625 0 0.09523809523809523
transition 245 0 452 0 0.09523809523809523
transition 245 0 625 0 0.09523809523809523
transition 246 0 453 0 0.09523809523809523
transition 246 0 625 0 0.09523809523809523
transition 247 0 454 0 0.09523809523809523
transition 247 0 254 0 0.047619047619047616
transition 247 0 625 0 0.09523809523809523
transition 248 0 455 0 0.09090909090909091
transition 248 0 253 0 0.09090909090909091
transition 248 0 252 0 0.09090909090909091
transition 248 0 251 0 0.09090909090909091
transition 248 0 250 0 0.09090909090909091
transition 248 0 249 0 0.09090909090909091
transition 248 0 625 0 0.09090909090909091
transition 249 0 625 0 0.09523809523809523
transition 250 0 456 0 0.09523809523809523
transition 250 0 625 0 0.09523809523809523
transition 251 0 457 0 0.09523809523809523
transition 251 0 625 0 0.09523809523809523
transition 252 0 458 0 0.09523809523809523
transition 252 0 625 0 0.09523809523809523
transition 253 0 459 0 0.09523809523809523
transition 253 0 254 0 0.047619047619047616
transition 253 0 625 0 0.09523809523809523
transition 254 0 625 0 0.1
transition 255 0 460 0 0.04
transition 255 0 355 0 0.08
transition 255 0 310 0 0.08
transition 255 0 288 0 0.08
transition 255 0 276 0 0.08
transition 255 0 269 0 0.08
transition 255 0 264 0 0.08
transition 255 0 261 0 0.08
transition 255 0 260 0 0.08
transition 255 0 259 0 0.08
transition 255 0 258 0 0.08
transition 255 0 257 0 0.08
transition 255 0 256 0 0.08
transition 256 0 461 0 0.041666666666666664
transition 256 0 356 0 0.08333333333333333
transition 256 0 311 0 0.08333333333333333
transition 256 0 289 0 0.08333333333333333
transition 256 0 625 0 0.041666666666666664
transition 257 0 462 0 0.041666666666666664
transition 257 0 357 0 0.08333333333333333
transition 257 0 312 0 0.08333333333333333
transition 257 0 290 0 0.08333333333333333
transition 257 0 277 0 0.08333333333333333
transition 257 0 625 0 0.08333333333333333
transition 258 0 463 0 0.041666666666666664
transition 258 0 358 0 0.08333333333333333
transition 258 0 313 0 0.08333333333333333
transition 258 0 291 0 0.08333333333333333
transition 258 0 278 0 0.08333333333333333
transition 258 0 270 0 0.08333333333333333
transition 258 0 625 0 0.08333333333333333
transition 259 0 464 0 0.041666666666666664
transition 259 0 359 0 0.08333333333333333
transition 259 0 314 0 0.08333333333333333
transition 259 0 292 0 0.08333333333333333
transition 259 0 279 0 0.08333333333333333
transition 259 0 271 0 0.08333333333333333
transition 259 0 265 0 0.08333333333333333
transition 259 0 625 0 0.08333333333333333
transition 260 0 465 0 0.041666666666666664
transition 260 0 360 0 0.08333333333333333
transition 260 0 315 0 0.08333333333333333
transition 260 0 293 0 0.08333333333333333
transition 260 0 280 0 0.08333333333333333
transition 260 0 272 0 0.08333333333333333
transition 260 0 266 0 0.08333333333333333
transition 260 0 262 0 0.08333333333333333
transition 260 0 625 0 0.08333333333333333
transition 261 0 466 0 0.041666666666666664
transition 261 0 361 0 0.08333333333333333
transition 261 0 316 0 0.08333333333333333
transition 261 0 294 0 0.08333333333333333
transition 261 0 281 0 0.08333333333333333
transition 261 0 273 0 0.08333333333333333
transition 261 0 267 0 0.08333333333333333
transition 261 0 263 0 0.041666666666666664
transition 261 0 262 0 0.08333333333333333
transition 261 0 625 0 0.08333333333333333
transition 262 0 625 0 0.08695652173913043
transition 263 0 467 0 0.043478260869565216
transition 263 0 625 0 0.08695652173913043
transition 264 0 468 0 0.041666666666666664
transition 264 0 362 0 0.08333333333333333
transition 264 0 317 0 0.08333333333333333
transition 264 0 295 0 0.08333333333333333
transition 264 0 282 0 0.08333333333333333
transition 264 0 274 0 0.08333333333333333
transition 264 0 268 0 0.041666666666666664
transition 264 0 267 0 0.08333333333333333
transition 264 0 266 0 0.08333333333333333
transition 264 0 265 0 0.08333333333333333
transition 264 0 625 0 0.08333333333333333
transition 265 0 625 0 0.08695652173913043
transition 266 0 469 0 0.043478260869565216
transition 266 0 625 0 0.08695652173913043
transition 267 0 470 0 0.043478260869565216
transition 267 0 363 0 0.08695652173913043
transition 267 0 625 0 0.08695652173913043
transition 268 0 471 0 0.043478260869565216
transition 268 0 364 0 0.08695652173913043
transition 268 0 318 0 0.08695652173913043
transition 268 0 625 0 0.08695652173913043
transition 269 0 472 0 0.041666666666666664
transition 269 0 365 0 0.08333333333333333
transition 269 0 319 0 0.08333333333333333
transition 269 0 296 0 0.08333333333333333
transition 269 0 283 0 0.08333333333333333
transition 269 0 275 0 0.041666666666666664
transition 269 0 274 0 0.08333333333333333
transition 269 0 273 0 0.08333333333333333
transition 269 0 272 0 0.08333333333333333
transition 269 0 271 0 0.08333333333333333
transition 269 0 270 0 0.08333333333333333
transition 269 0 625 0 0.08333333333333333
transition 270 0 625 0 0.08695652173913043
transition 271 0 473 0 0.043478260869565216
transition 271 0 625 0 0.08695652173913043
transition 272 0 474 0 0.043478260869565216
transition 272 0 366 0 0.08695652173913043
transition 272 0 625 0 0.08695652173913043
transition 273 0 475 0 0.043478260869565216
transition 273 0 367 0 0.08695652173913043
transition 273 0 320 0 0.08695652173913043
transition 273 0 625 0 0.08695652173913043
transition 274 0 476 0 0.043478260869565216
transition 274 0 368 0 0.08695652173913043
transition 274 0 321 0 0.08695652173913043
transition 274 0 297 0 0.08695652173913043
transition 274 0 625 0 0.08695652173913043
transition 275 0 477 0 0.043478260869565216
transition 275 0 369 0 0.08695652173913043
transition 275 0 322 0 0.08695652173913043
transition 275 0 298 0 0.08695652173913043
transition 275 0 284 0 0.08695652173913043
transition 275 0 625 0 0.08695652173913043
transition 276 0 478 0 0.041666666666666664
transition 276 0 370 0 0.08333333333333333
transition 276 0 323 0 0.08333333333333333
transition 276 0 299 0 0.08333333333333333
transition 276 0 285 0 0.041666666666666664
transition 276 0 283 0 0.08333333333333333
transition 276 0 282 0 0.08333333333333333
transition 276 0 281 0 0.08333333333333333
transition 276 0 280 0 0.08333333333333333
transition 276 0 279 0 0.08333333333333333
transition 276 0 278 0 0.08333333333333333
transition 276 0 277 0 0.08333333333333333
transition 276 0 625 0 0.08333333333333333
transition 277 0 625 0 0.08695652173913043
transition 278 0 479 0 0.043478260869565216
transition 278 0 625 0 0.08695652173913043
transition 279 0 480 0 0.043478260869565216
transition 279 0 371 0 0.08695652173913043
transition 279 0 625 0 0.08695652173913043
transition 280 0 481 0 0.043478260869565216
transition 280 0 372 0 0.08695652173913043
transition 280 0 324 0 0.08695652173913043
transition 280 0 625 0 0.08695652173913043
transition 281 0 482 0 0.043478260869565216
transition 281 0 373 0 0.08695652173913043
transition 281 0 325 0 0.08695652173913043
transition 281 0 300 0 0.08695652173913043
transition 281 0 625 0 0.08695652173913043
transition 282 0 483 0 0.043478260869565216
transition 282 0 374 0 0.08695652173913043
transition 282 0 326 0 0.08695652173913043
transition 282 0 301 0 0.08695652173913043
transition 282 0 286 0 0.043478260869565216
transition 282 0 625 0 0.08695652173913043
transition 283 0 484 0 0.043478260869565216
transition 283 0 375 0 0.08695652173913043
transition 283 0 327 0 0.08695652173913043
transition 283 0 302 0 0.08695652173913043
transition 283 0 287 0 0.043478260869565216
transition 283 0 284 0 0.043478260869565216
transition 283 0 625 0 0.08695652173913043
transition 284 0 625 0 0.09090909090909091
transition 285 0 485 0 0.043478260869565216
transition 285 0 376 0 0.08695652173913043
transition 285 0 328 0 0.08695652173913043
transition 285 0 303 0 0.08695652173913043
transition 285 0 287 0 0.08695652173913043
transition 285 0 286 0 0.08695652173913043
transition 285 0 625 0 0.08695652173913043
transition 286 0 625 0 0.09090909090909091
transition 287 0 486 0 0.045454545454545456
transition 287 0 625 0 0.09090909090909091
transition 288 0 487 0 0.041666666666666664
transition 288 0 377 0 0.08333333333333333
transition 288 0 329 0 0.08333333333333333
transition 288 0 304 0 0.041666666666666664
transition 288 0 299 0 0.08333333333333333
transition 288 0 296 0 0.08333333333333333
transition 288 0 295 0 0.08333333333333333
transition 288 0 294 0 0.08333333333333333
transition 288 0 293 0 0.08333333333333333
transition 288 0 292 0 0.08333333333333333
transition 288 0 291 0 0.08333333333333333
transition 288 0 290 0 0.08333333333333333
transition 288 0 289 0 0.08333333333333333
transition 289 0 625 0 0.043478260869565216
transition 290 0 488 0 0.043478260869565216
transition 290 0 625 0 0.08695652173913043
transition 291 0 489 0 0.043478260869565216
transition 291 0 378 0 0.08695652173913043
transition 291 0 625 0 0.08695652173913043
transition 292 0 490 0 0.043478260869565216
transition 292 0 379 0 0.08695652173913043
transition 292 0 330 0 0.08695652173913043
transition 292 0 625 0 0.08695652173913043
transition 293 0 491 0 0.043478260869565216
transition 293 0 380 0 0.08695652173913043
transition 293 0 331 0 0.08695652173913043
transition 293 0 305 0 0.043478260869565216
transition 293 0 625 0 0.08695652173913043
transition 294 0 492 0 0.043478260869565216
transition 294 0 381 0 0.08695652173913043
transition 294 0 332 0 0.08695652173913043
transition 294 0 306 0 0.043478260869565216
transition 294 0 300 0 0.08695652173913043
transition 294 0 625 0 0.08695652173913043
transition 295 0 493 0 0.043478260869565216
transition 295 0 382 0 0.08695652173913043
transition 295 0 333 0 0.08695652173913043
transition 295 0 307 0 0.043478260869565216
transition 295 0 301 0 0.08695652173913043
transition 295 0 297 0 0.08695652173913043
transition 295 0 625 0 0.08695652173913043
transition 296 0 494 0 0.043478260869565216
transition 296 0 383 0 0.08695652173913043
transition 296 0 334 0 0.08695652173913043
transition 296 0 308 0 0.043478260869565216
transition 296 0 302 0 0.08695652173913043
transition 296 0 298 0 0.043478260869565216
transition 296 0 297 0 0.08695652173913043
transition 296 0 625 0 0.08695652173913043
transition 297 0 625 0 0.09090909090909091
transition 298 0 495 0 0.045454545454545456
transition 298 0 625 0 0.09090909090909091
transition 299 0 496 0 0.043478260869565216
transition 299 0 384 0 0.08695652173913043
transition 299 0 335 0 0.08695652173913043
transition 299 0 309 0 0.043478260869565216
transition 299 0 303 0 0.043478260869565216
transition 299 0 302 0 0.08695652173913043
transition 299 0 301 0 0.08695652173913043
transition 299 0 300 0 0.08695652173913043
transition 299 0 625 0 0.08695652173913043
transition 300 0 625 0 0.09090909090909091
transition 301 0 497 0 0.045454545454545456
transition 301 0 625 0 0.09090909090909091
transition 302 0 498 0 0.045454545454545456
transition 302 0 385 0 0.09090909090909091
transition 302 0 625 0 0.09090909090909091
transition 303 0 499 0 0.045454545454545456
transition 303 0 386 0 0.09090909090909091
transition 303 0 336 0 0.09090909090909091
transition 303 0 625 0 0.09090909090909091
transition 304 0 500 0 0.043478260869565216
transition 304 0 387 0 0.08695652173913043
transition 304 0 337 0 0.08695652173913043
transition 304 0 309 0 0.08695652173913043
transition 304 0 308 0 0.08695652173913043
transition 304 0 307 0 0.08695652173913043
transition 304 0 306 0 0.08695652173913043
transition 304 0 305 0 0.08695652173913043
transition 304 0 625 0 0.08695652173913043
transition 305 0 625 0 0.09090909090909091
transition 306 0 501 0 0.045454545454545456
transition 306 0 625 0 0.09090909090909091
transition 307 0 502 0 0.045454545454545456
transition 307 0 388 0 0.09090909090909091
transition 307 0 625 0 0.09090909090909091
transition 308 0 503 0 0.045454545454545456
transition 308 0 389 0 0.09090909090909091
transition 308 0 338 0 0.09090909090909091
transition 308 0 625 0 0.09090909090909091
transition 309 0 504 0 0.045454545454545456
transition 309 0 390 0 0.09090909090909091
transition 309 0 339 0 0.09090909090909091
transition 309 0 625 0 0.09090909090909091
transition 310 0 505 0 0.041666666666666664
transition 310 0 391 0 0.08333333333333333
transition 310 0 340 0 0.041666666666666664
transition 310 0 329 0 0.08333333333333333
transition 310 0 323 0 0.08333333333333333
transition 310 0 319 0 0.08333333333333333
transition 310 0 317 0 0.08333333333333333
transition 310 0 316 0 0.08333333333333333
transition 310 0 315 0 0.08333333333333333
transition 310 0 314 0 0.08333333333333333
transition 310 0 313 0 0.08333333333333333
transition 310 0 312 0 0.08333333333333333
transition 310 0 311 0 0.08333333333333333
transition 311 0 506 0 0.043478260869565216
transition 311 0 625 0 0.043478260869565216
transition 312 0 507 0 0.043478260869565216
transition 312 0 392 0 0.08695652173913043
transition 312 0 625 0 0.08695652173913043
transition 313 0 508 0 0.043478260869565216
transition 313 0 393 0 0.08695652173913043
transition 313 0 341 0 0.043478260869565216
transition 313 0 625 0 0.08695652173913043
transition 314 0 509 0 0.043478260869565216
transition 314 0 394 0 0.08695652173913043
transition 314 0 342 0 0.043478260869565216
transition 314 0 330 0 0.08695652173913043
transition 314 0 625 0 0.08695652173913043
transition 315 0 510 0 0.043478260869565216
transition 315 0 395 0 0.08695652173913043
transition 315 0 343 0 0.043478260869565216
transition 315 0 331 0 0.08695652173913043
transition 315 0 324 0 0.08695652173913043
transition 315 0 625 0 0.08695652173913043
transition 316 0 511 0 0.043478260869565216
transition 316 0 396 0 0.08695652173913043
transition 316 0 344 0 0.043478260869565216
transition 316 0 332 0 0.08695652173913043
transition 316 0 325 0 0.08695652173913043
transition 316 0 320 0 0.08695652173913043
transition 316 0 625 0 0.08695652173913043
transition 317 0 512 0 0.043478260869565216
transition 317 0 397 0 0.08695652173913043
transition 317 0 345 0 0.043478260869565216
transition 317 0 333 0 0.08695652173913043
transition 317 0 326 0 0.08695652173913043
transition 317 0 321 0 0.08695652173913043
transition 317 0 318 0 0.043478260869565216
transition 317 0 625 0 0.08695652173913043
transition 318 0 625 0 0.09090909090909091
transition 319 0 513 0 0.043478260869565216
transition 319 0 398 0 0.08695652173913043
transition 319 0 346 0 0.043478260869565216
transition 319 0 334 0 0.08695652173913043
transition 319 0 327 0 0.08695652173913043
transition 319 0 322 0 0.043478260869565216
transition 319 0 321 0 0.08695652173913043
transition 319 0 320 0 0.08695652173913043
transition 319 0 625 0 0.08695652173913043
transition 320 0 625 0 0.09090909090909091
transition 321 0 514 0 0.045454545454545456
transition 321 0 625 0 0.09090909090909091
transition 322 0 515 0 0.045454545454545456
transition 322 0 399 0 0.09090909090909091
transition 322 0 625 0 0.09090909090909091
transition 323 0 516 0 0.043478260869565216
transition 323 0 400 0 0.08695652173913043
transition 323 0 347 0 0.043478260869565216
transition 323 0 335 0 0.08695652173913043
transition 323 0 328 0 0.043478260869565216
transition 323 0 327 0 0.08695652173913043
transition 323 0 326 0 0.08695652173913043
transition 323 0 325 0 0.08695652173913043
transition 323 0 324 0 0.08695652173913043
transition 323 0 625 0 0.08695652173913043
transition 324 0 625 0 0.09090909090909091
transition 325 0 517 0 0.045454545454545456
transition 325 0 625 0 0.09090909090909091
transition 326 0 518 0 0.045454545454545456
transition 326 0 401 0 0.09090909090909091
transition 326 0 625 0 0.09090909090909091
transition 327 0 519 0 0.045454545454545456
transition 327 0 402 0 0.09090909090909091
transition 327 0 348 0 0.045454545454545456
transition 327 0 625 0 0.09090909090909091
transition 328 0 520 0 0.045454545454545456
transition 328 0 403 0 0.09090909090909091
transition 328 0 349 0 0.045454545454545456
transition 328 0 336 0 0.09090909090909091
transition 328 0 625 0 0.09090909090909091
transition 329 0 521 0 0.043478260869565216
transition 329 0 404 0 0.08695652173913043
transition 329 0 350 0 0.043478260869565216
transition 329 0 337 0 0.043478260869565216
transition 329 0 335 0 0.08695652173913043
transition 329 0 334 0 0.08695652173913043
transition 329 0 333 0 0.08695652173913043
transition 329 0 332 0 0.08695652173913043
transition 329 0 331 0 0.08695652173913043
transition 329 0 330 0 0.08695652173913043
transition 329 0 625 0 0.08695652173913043
transition 330 0 625 0 0.09090909090909091
transition 331 0 522 0 0.045454545454545456
transition 331 0 625 0 0.09090909090909091
transition 332 0 523 0 0.045454545454545456
transition 332 0 405 0 0.09090909090909091
transition 332 0 625 0 0.09090909090909091
transition 333 0 524 0 0.045454545454545456
transition 333 0 406 0 0.09090909090909091
transition 333 0 351 0 0.045454545454545456
transition 333 0 625 0 0.09090909090909091
transition 334 0 525 0 0.045454545454545456
transition 334 0 407 0 0.09090909090909091
transition 334 0 352 0 0.045454545454545456
transition 334 0 338 0 0.045454545454545456
transition 334 0 625 0 0.09090909090909091
transition 335 0 526 0 0.045454545454545456
transition 335 0 408 0 0.09090909090909091
transition 335 0 353 0 0.045454545454545456
transition 335 0 339 0 0.045454545454545456
transition 335 0 336 0 0.045454545454545456
transition 335 0 625 0 0.09090909090909091
transition 336 0 625 0 0.09523809523809523
transition 337 0 527 0 0.045454545454545456
transition 337 0 409 0 0.09090909090909091
transition 337 0 354 0 0.045454545454545456
transition 337 0 339 0 0.09090909090909091
transition 337 0 338 0 0.09090909090909091
transition 337 0 625 0 0.09090909090909091
transition 338 0 625 0 0.09523809523809523
transition 339 0 528 0 0.047619047619047616
transition 339 0 625 0 0.09523809523809523
transition 340 0 529 0 0.043478260869565216
transition 340 0 410 0 0.08695652173913043
transition 340 0 350 0 0.08695652173913043
transition 340 0 347 0 0.08695652173913043
transition 340 0 346 0 0.08695652173913043
transition 340 0 345 0 0.08695652173913043
transition 340 0 344 0 0.08695652173913043
transition 340 0 343 0 0.08695652173913043
transition 340 0 342 0 0.08695652173913043
transition 340 0 341 0 0.08695652173913043
transition 340 0 625 0 0.08695652173913043
transition 341 0 625 0 0.09090909090909091
transition 342 0 530 0 0.045454545454545456
transition 342 0 625 0 0.09090909090909091
transition 343 0 531 0 0.045454545454545456
transition 343 0 411 0 0.09090909090909091
transition 343 0 625 0 0.09090909090909091
transition 344 0 532 0 0.045454545454545456
transition 344 0 412 0 0.09090909090909091
transition 344 0 625 0 0.09090909090909091
transition 345 0 533 0 0.045454545454545456
transition 345 0 413 0 0.09090909090909091
transition 345 0 351 0 0.09090909090909091
transition 345 0 625 0 0.09090909090909091
transition 346 0 534 0 0.045454545454545456
transition 346 0 414 0 0.09090909090909091
transition 346 0 352 0 0.09090909090909091
transition 346 0 348 0 0.09090909090909091
transition 346 0 625 0 0.09090909090909091
transition 347 0 535 0 0.045454545454545456
transition 347 0 415 0 0.09090909090909091
transition 347 0 353 0 0.09090909090909091
transition 347 0 349 0 0.045454545454545456
transition 347 0 348 0 0.09090909090909091
transition 347 0 625 0 0.09090909090909091
transition 348 0 625 0 0.09523809523809523
transition 349 0 536 0 0.047619047619047616
transition 349 0 625 0 0.09523809523809523
transition 350 0 537 0 0.045454545454545456
transition 350 0 416 0 0.09090909090909091
transition 350 0 354 0 0.045454545454545456
transition 350 0 353 0 0.09090909090909091
transition 350 0 352 0 0.09090909090909091
transition 350 0 351 0 0.09090909090909091
transition 350 0 625 0 0.09090909090909091
transition 351 0 625 0 0.09523809523809523
transition 352 0 538 0 0.047619047619047616
transition 352 0 625 0 0.09523809523809523
transition 353 0 539 0 0.047619047619047616
transition 353 0 417 0 0.09523809523809523
transition 353 0 625 0 0.09523809523809523
transition 354 0 540 0 0.047619047619047616
transition 354 0 418 0 0.09523809523809523
transition 354 0 625 0 0.09523809523809523
transition 355 0 541 0 0.041666666666666664
transition 355 0 419 0 0.041666666666666664
transition 355 0 391 0 0.08333333333333333
transition 355 0 377 0 0.08333333333333333
transition 355 0 370 0 0.08333333333333333
transition 355 0 365 0 0.08333333333333333
transition 355 0 362 0 0.08333333333333333
transition 355 0 361 0 0.08333333333333333
transition 355 0 360 0 0.08333333333333333
transition 355 0 359 0 0.08333333333333333
transition 355 0 358 0 0.08333333333333333
transition 355 0 357 0 0.08333333333333333
transition 355 0 356 0 0.08333333333333333
transition 356 0 542 0 0.043478260869565216
transition 356 0 420 0 0.043478260869565216
transition 356 0 625 0 0.043478260869565216
transition 357 0 543 0 0.043478260869565216
transition 357 0 421 0 0.043478260869565216
transition 357 0 392 0 0.08695652173913043
transition 357 0 625 0 0.08695652173913043
transition 358 0 544 0 0.043478260869565216
transition 358 0 422 0 0.043478260869565216
transition 358 0 393 0 0.08695652173913043
transition 358 0 378 0 0.08695652173913043
transition 358 0 625 0 0.08695652173913043
transition 359 0 545 0 0.043478260869565216
transition 359 0 423 0 0.043478260869565216
transition 359 0 394 0 0.08695652173913043
transition 359 0 379 0 0.08695652173913043
transition 359 0 371 0 0.08695652173913043
transition 359 0 625 0 0.08695652173913043
transition 360 0 546 0 0.043478260869565216
transition 360 0 424 0 0.043478260869565216
transition 360 0 395 0 0.08695652173913043
transition 360 0 380 0 0.08695652173913043
transition 360 0 372 0 0.08695652173913043
transition 360 0 366 0 0.08695652173913043
transition 360 0 625 0 0.08695652173913043
transition 361 0 547 0 0.043478260869565216
transition 361 0 425 0 0.043478260869565216
transition 361 0 396 0 0.08695652173913043
transition 361 0 381 0 0.08695652173913043
transition 361 0 373 0 0.08695652173913043
transition 361 0 367 0 0.08695652173913043
transition 361 0 363 0 0.08695652173913043
transition 361 0 625 0 0.08695652173913043
transition 362 0 548 0 0.043478260869565216
transition 362 0 426 0 0.043478260869565216
transition 362 0 397 0 0.08695652173913043
transition 362 0 382 0 0.08695652173913043
transition 362 0 374 0 0.08695652173913043
transition 362 0 368 0 0.08695652173913043
transition 362 0 364 0 0.043478260869565216
transition 362 0 363 0 0.08695652173913043
transition 362 0 625 0 0.08695652173913043
transition 363 0 625 0 0.09090909090909091
transition 364 0 549 0 0.045454545454545456
transition 364 0 625 0 0.09090909090909091
transition 365 0 550 0 0.043478260869565216
transition 365 0 427 0 0.043478260869565216
transition 365 0 398 0 0.08695652173913043
transition 365 0 383 0 0.08695652173913043
transition 365 0 375 0 0.08695652173913043
transition 365 0 369 0 0.043478260869565216
transition 365 0 368 0 0.08695652173913043
transition 365 0 367 0 0.08695652173913043
transition 365 0 366 0 0.08695652173913043
transition 365 0 625 0 0.08695652173913043
transition 366 0 625 0 0.09090909090909091
transition 367 0 551 0 0.045454545454545456
transition 367 0 625 0 0.09090909090909091
transition 368 0 552 0 0.045454545454545456
transition 368 0 428 0 0.045454545454545456
transition 368 0 625 0 0.09090909090909091
transition 369 0 553 0 0.045454545454545456
transition 369 0 429 0 0.045454545454545456
transition 369 0 399 0 0.09090909090909091
transition 369 0 625 0 0.09090909090909091
transition 370 0 554 0 0.043478260869565216
transition 370 0 430 0 0.043478260869565216
transition 370 0 400 0 0.08695652173913043
transition 370 0 384 0 0.08695652173913043
transition 370 0 376 0 0.043478260869565216
transition 370 0 375 0 0.08695652173913043
transition 370 0 374 0 0.08695652173913043
transition 370 0 373 0 0.08695652173913043
transition 370 0 372 0 0.08695652173913043
transition 370 0 371 0 0.08695652173913043
transition 370 0 625 0 0.08695652173913043
transition 371 0 625 0 0.09090909090909091
transition 372 0 555 0 0.045454545454545456
transition 372 0 625 0 0.09090909090909091
transition 373 0 556 0 0.045454545454545456
transition 373 0 431 0 0.045454545454545456
transition 373 0 625 0 0.09090909090909091
transition 374 0 557 0 0.045454545454545456
transition 374 0 432 0 0.045454545454545456
transition 374 0 401 0 0.09090909090909091
transition 374 0 625 0 0.09090909090909091
transition 375 0 558 0 0.045454545454545456
transition 375 0 433 0 0.045454545454545456
transition 375 0 402 0 0.09090909090909091
transition 375 0 385 0 0.09090909090909091
transition 375 0 625 0 0.09090909090909091
transition 376 0 559 0 0.045454545454545456
transition 376 0 434 0 0.045454545454545456
transition 376 0 403 0 0.09090909090909091
transition 376 0 386 0 0.09090909090909091
transition 376 0 625 0 0.09090909090909091
transition 377 0 560 0 0.043478260869565216
transition 377 0 435 0 0.043478260869565216
transition 377 0 404 0 0.08695652173913043
transition 377 0 387 0 0.043478260869565216
transition 377 0 384 0 0.08695652173913043
transition 377 0 383 0 0.08695652173913043
transition 377 0 382 0 0.08695652173913043
transition 377 0 381 0 0.08695652173913043
transition 377 0 380 0 0.08695652173913043
transition 377 0 379 0 0.08695652173913043
transition 377 0 378 0 0.08695652173913043
transition 377 0 625 0 0.08695652173913043
transition 378 0 625 0 0.09090909090909091
transition 379 0 561 0 0.045454545454545456
transition 379 0 625 0 0.09090909090909091
transition 380 0 562 0 0.045454545454545456
transition 380 0 436 0 0.045454545454545456
transition 380 0 625 0 0.09090909090909091
transition 381 0 563 0 0.045454545454545456
transition 381 0 437 0 0.045454545454545456
transition 381 0 405 0 0.09090909090909091
transition 381 0 625 0 0.09090909090909091
transition 382 0 564 0 0.045454545454545456
transition 382 0 438 0 0.045454545454545456
transition 382 0 406 0 0.09090909090909091
transition 382 0 388 0 0.045454545454545456
transition 382 0 625 0 0.09090909090909091
transition 383 0 565 0 0.045454545454545456
transition 383 0 439 0 0.045454545454545456
transition 383 0 407 0 0.09090909090909091
transition 383 0 389 0 0.045454545454545456
transition 383 0 385 0 0.09090909090909091
transition 383 0 625 0 0.09090909090909091
transition 384 0 566 0 0.045454545454545456
transition 384 0 440 0 0.045454545454545456
transition 384 0 408 0 0.09090909090909091
transition 384 0 390 0 0.045454545454545456
transition 384 0 386 0 0.045454545454545456
transition 384 0 385 0 0.09090909090909091
transition 384 0 625 0 0.09090909090909091
transition 385 0 625 0 0.09523809523809523
transition 386 0 567 0 0.047619047619047616
transition 386 0 625 0 0.09523809523809523
transition 387 0 568 0 0.045454545454545456
transition 387 0 441 0 0.045454545454545456
transition 387 0 409 0 0.09090909090909091
transition 387 0 390 0 0.09090909090909091
transition 387 0 389 0 0.09090909090909091
transition 387 0 388 0 0.09090909090909091
transition 387 0 625 0 0.09090909090909091
transition 388 0 625 0 0.09523809523809523
transition 389 0 569 0 0.047619047619047616
transition 389 0 625 0 0.09523809523809523
transition 390 0 570 0 0.047619047619047616
transition 390 0 442 0 0.047619047619047616
transition 390 0 625 0 0.09523809523809523
transition 391 0 571 0 0.043478260869565216
transition 391 0 443 0 0.043478260869565216
transition 391 0 410 0 0.043478260869565216
transition 391 0 404 0 0.08695652173913043
transition 391 0 400 0 0.08695652173913043
transition 391 0 398 0 0.08695652173913043
transition 391 0 397 0 0.08695652173913043
transition 391 0 396 0 0.08695652173913043
transition 391 0 395 0 0.08695652173913043
transition 391 0 394 0 0.08695652173913043
transition 391 0 393 0 0.08695652173913043
transition 391 0 392 0 0.08695652173913043
transition 391 0 625 0 0.08695652173913043
transition 392 0 625 0 0.09090909090909091
transition 393 0 572 0 0.045454545454545456
transition 393 0 625 0 0.09090909090909091
transition 394 0 573 0 0.045454545454545456
transition 394 0 444 0 0.045454545454545456
transition 394 0 625 0 0.09090909090909091
transition 395 0 574 0 0.045454545454545456
transition 395 0 445 0 0.045454545454545456
transition 395 0 411 0 0.045454545454545456
transition 395 0 625 0 0.09090909090909091
transition 396 0 575 0 0.045454545454545456
transition 396 0 446 0 0.045454545454545456
transition 396 0 412 0 0.045454545454545456
transition 396 0 405 0 0.09090909090909091
transition 396 0 625 0 0.09090909090909091
transition 397 0 576 0 0.045454545454545456
transition 397 0 447 0 0.045454545454545456
transition 397 0 413 0 0.045454545454545456
transition 397 0 406 0 0.09090909090909091
transition 397 0 401 0 0.09090909090909091
transition 397 0 625 0 0.09090909090909091
transition 398 0 577 0 0.045454545454545456
transition 398 0 448 0 0.045454545454545456
transition 398 0 414 0 0.045454545454545456
transition 398 0 407 0 0.09090909090909091
transition 398 0 402 0 0.09090909090909091
transition 398 0 399 0 0.045454545454545456
transition 398 0 625 0 0.09090909090909091
transition 399 0 625 0 0.09523809523809523
transition 400 0 578 0 0.045454545454545456
transition 400 0 449 0 0.045454545454545456
transition 400 0 415 0 0.045454545454545456
transition 400 0 408 0 0.09090909090909091
transition 400 0 403 0 0.045454545454545456
transition 400 0 402 0 0.09090909090909091
transition 400 0 401 0 0.09090909090909091
transition 400 0 625 0 0.09090909090909091
transition 401 0 625 0 0.09523809523809523
transition 402 0 579 0 0.047619047619047616
transition 402 0 625 0 0.09523809523809523
transition 403 0 580 0 0.047619047619047616
transition 403 0 450 0 0.047619047619047616
transition 403 0 625 0 0.09523809523809523
transition 404 0 581 0 0.045454545454545456
transition 404 0 451 0 0.045454545454545456
transition 404 0 416 0 0.045454545454545456
transition 404 0 409 0 0.045454545454545456
transition 404 0 408 0 0.09090909090909091
transition 404 0 407 0 0.09090909090909091
transition 404 0 406 0 0.09090909090909091
transition 404 0 405 0 0.09090909090909091
transition 404 0 625 0 0.09090909090909091
transition 405 0 625 0 0.09523809523809523
transition 406 0 582 0 0.047619047619047616
transition 406 0 625 0 0.09523809523809523
transition 407 0 583 0 0.047619047619047616
transition 407 0 452 0 0.047619047619047616
transition 407 0 625 0 0.09523809523809523
transition 408 0 584 0 0.047619047619047616
transition 408 0 453 0 0.047619047619047616
transition 408 0 417 0 0.047619047619047616
transition 408 0 625 0 0.09523809523809523
transition 409 0 585 0 0.047619047619047616
transition 409 0 454 0 0.047619047619047616
transition 409 0 418 0 0.047619047619047616
transition 409 0 625 0 0.09523809523809523
transition 410 0 586 0 0.045454545454545456
transition 410 0 455 0 0.045454545454545456
transition 410 0 416 0 0.09090909090909091
transition 410 0 415 0 0.09090909090909091
transition 410 0 414 0 0.09090909090909091
transition 410 0 413 0 0.09090909090909091
transition 410 0 412 0 0.09090909090909091
transition 410 0 411 0 0.09090909090909091
transition 410 0 625 0 0.09090909090909091
transition 411 0 625 0 0.09523809523809523
transition 412 0 587 0 0.047619047619047616
transition 412 0 625 0 0.09523809523809523
transition 413 0 588 0 0.047619047619047616
transition 413 0 456 0 0.047619047619047616
transition 413 0 625 0 0.09523809523809523
transition 414 0 589 0 0.047619047619047616
transition 414 0 457 0 0.047619047619047616
transition 414 0 625 0 0.09523809523809523
transition 415 0 590 0 0.047619047619047616
transition 415 0 458 0 0.047619047619047616
transition 415 0 417 0 0.09523809523809523
transition 415 0 625 0 0.09523809523809523
transition 416 0 591 0 0.047619047619047616
transition 416 0 459 0 0.047619047619047616
transition 416 0 418 0 0.047619047619047616
transition 416 0 417 0 0.09523809523809523
transition 416 0 625 0 0.09523809523809523
transition 417 0 625 0 0.1
transition 418 0 592 0 0.05
transition 418 0 625 0 0.1
transition 419 0 593 0 0.043478260869565216
transition 419 0 443 0 0.08695652173913043
transition 419 0 435 0 0.08695652173913043
transition 419 0 430 0 0.08695652173913043
transition 419 0 427 0 0.08695652173913043
transition 419 0 426 0 0.08695652173913043
transition 419 0 425 0 0.08695652173913043
transition 419 0 424 0 0.08695652173913043
transition 419 0 423 0 0.08695652173913043
transition 419 0 422 0 0.08695652173913043
transition 419 0 421 0 0.08695652173913043
transition 419 0 420 0 0.08695652173913043
transition 420 0 625 0 0.045454545454545456
transition 421 0 594 0 0.045454545454545456
transition 421 0 625 0 0.09090909090909091
transition 422 0 595 0 0.045454545454545456
transition 422 0 625 0 0.09090909090909091
transition 423 0 596 0 0.045454545454545456
transition 423 0 444 0 0.09090909090909091
transition 423 0 625 0 0.09090909090909091
transition 424 0 597 0 0.045454545454545456
transition 424 0 445 0 0.09090909090909091
transition 424 0 436 0 0.09090909090909091
transition 424 0 625 0 0.09090909090909091
transition 425 0 598 0 0.045454545454545456
transition 425 0 446 0 0.09090909090909091
transition 425 0 437 0 0.09090909090909091
transition 425 0 431 0 0.09090909090909091
transition 425 0 625 0 0.09090909090909091
transition 426 0 599 0 0.045454545454545456
transition 426 0 447 0 0.09090909090909091
transition 426 0 438 0 0.09090909090909091
transition 426 0 432 0 0.09090909090909091
transition 426 0 428 0 0.09090909090909091
transition 426 0 625 0 0.09090909090909091
transition 427 0 600 0 0.045454545454545456
transition 427 0 448 0 0.09090909090909091
transition 427 0 439 0 0.09090909090909091
transition 427 0 433 0 0.09090909090909091
transition 427 0 429 0 0.045454545454545456
transition 427 0 428 0 0.09090909090909091
transition 427 0 625 0 0.09090909090909091
transition 428 0 625 0 0.09523809523809523
transition 429 0 601 0 0.047619047619047616
transition 429 0 625 0 0.09523809523809523
transition 430 0 602 0 0.045454545454545456
transition 430 0 449 0 0.09090909090909091
transition 430 0 440 0 0.09090909090909091
transition 430 0 434 0 0.045454545454545456
transition 430 0 433 0 0.09090909090909091
transition 430 0 432 0 0.09090909090909091
transition 430 0 431 0 0.09090909090909091
transition 430 0 625 0 0.09090909090909091
transition 431 0 625 0 0.09523809523809523
transition 432 0 603 0 0.047619047619047616
transition 432 0 625 0 0.09523809523809523
transition 433 0 604 0 0.047619047619047616
transition 433 0 625 0 0.09523809523809523
transition 434 0 605 0 0.047619047619047616
transition 434 0 450 0 0.09523809523809523
transition 434 0 625 0 0.09523809523809523
transition 435 0 606 0 0.045454545454545456
transition 435 0 451 0 0.09090909090909091
transition 435 0 441 0 0.045454545454545456
transition 435 0 440 0 0.09090909090909091
transition 435 0 439 0 0.09090909090909091
transition 435 0 438 0 0.09090909090909091
transition 435 0 437 0 0.09090909090909091
transition 435 0 436 0 0.09090909090909091
transition 435 0 625 0 0.09090909090909091
transition 436 0 625 0 0.09523809523809523
transition 437 0 607 0 0.047619047619047616
transition 437 0 625 0 0.09523809523809523
transition 438 0 608 0 0.047619047619047616
transition 438 0 625 0 0.09523809523809523
transition 439 0 609 0 0.047619047619047616
transition 439 0 452 0 0.09523809523809523
transition 439 0 625 0 0.09523809523809523
transition 440 0 610 0 0.047619047619047616
transition 440 0 453 0 0.09523809523809523
transition 440 0 442 0 0.047619047619047616
transition 440 0 625 0 0.09523809523809523
transition 441 0 611 0 0.047619047619047616
transition 441 0 454 0 0.09523809523809523
transition 441 0 442 0 0.09523809523809523
transition 441 0 625 0 0.09523809523809523
transition 442 0 625 0 0.1
transition 443 0 612 0 0.045454545454545456
transition 443 0 455 0 0.045454545454545456
transition 443 0 451 0 0.09090909090909091
transition 443 0 449 0 0.09090909090909091
transition 443 0 448 0 0.09090909090909091
transition 443 0 447 0 0.09090909090909091
transition 443 0 446 0 0.09090909090909091
transition 443 0 445 0 0.09090909090909091
transition 443 0 444 0 0.09090909090909091
transition 443 0 625 0 0.09090909090909091
transition 444 0 625 0 0.09523809523809523
transition 445 0 613 0 0.047619047619047616
transition 445 0 625 0 0.09523809523809523
transition 446 0 614 0 0.047619047619047616
transition 446 0 625 0 0.09523809523809523
transition 447 0 615 0 0.047619047619047616
transition 447 0 456 0 0.047619047619047616
transition 447 0 625 0 0.09523809523809523
transition 448 0 616 0 0.047619047619047616
transition 448 0 457 0 0.047619047619047616
transition 448 0 452 0 0.09523809523809523
transition 448 0 625 0 0.09523809523809523
transition 449 0 617 0 0.047619047619047616
transition 449 0 458 0 0.047619047619047616
transition 449 0 453 0 0.09523809523809523
transition 449 0 450 0 0.047619047619047616
transition 449 0 625 0 0.09523809523809523
transition 450 0 625 0 0.1
transition 451 0 618 0 0.047619047619047616
transition 451 0 459 0 0.047619047619047616
transition 451 0 454 0 0.047619047619047616
transition 451 0 453 0 0.09523809523809523
transition 451 0 452 0 0.09523809523809523
transition 451 0 625 0 0.09523809523809523
transition 452 0 625 0 0.1
transition 453 0 619 0 0.05
transition 453 0 625 0 0.1
transition 454 0 620 0 0.05
transition 454 0 625 0 0.1
transition 455 0 621 0 0.047619047619047616
transition 455 0 459 0 0.09523809523809523
transition 455 0 458 0 0.09523809523809523
transition 455 0 457 0 0.09523809523809523
transition 455 0 456 0 0.09523809523809523
transition 455 0 625 0 0.09523809523809523
transition 456 0 625 0 0.1
transition 457 0 622 0 0.05
transition 457 0 625 0 0.1
transition 458 0 623 0 0.05
transition 458 0 625 0 0.1
transition 459 0 624 0 0.05
transition 459 0 625 0 0.1
transition 460 0 541 0 0.08333333333333333
transition 460 0 505 0 0.08333333333333333
transition 460 0 487 0 0.08333333333333333
transition 460 0 478 0 0.08333333333333333
transition 460 0 472 0 0.08333333333333333
transition 460 0 468 0 0.08333333333333333
transition 460 0 466 0 0.08333333333333333
transition 460 0 465 0 0.08333333333333333
transition 460 0 464 0 0.08333333333333333
transition 460 0 463 0 0.08333333333333333
transition 460 0 462 0 0.08333333333333333
transition 460 0 461 0 0.08333333333333333
transition 461 0 542 0 0.08695652173913043
transition 461 0 506 0 0.08695652173913043
transition 461 0 625 0 0.043478260869565216
transition 462 0 543 0 0.08695652173913043
transition 462 0 507 0 0.08695652173913043
transition 462 0 488 0 0.08695652173913043
transition 462 0 625 0 0.08695652173913043
transition 463 0 544 0 0.08695652173913043
transition 463 0 508 0 0.08695652173913043
transition 463 0 489 0 0.08695652173913043
transition 463 0 479 0 0.08695652173913043
transition 463 0 625 0 0.08695652173913043
transition 464 0 545 0 0.08695652173913043
transition 464 0 509 0 0.08695652173913043
transition 464 0 490 0 0.08695652173913043
transition 464 0 480 0 0.08695652173913043
transition 464 0 473 0 0.08695652173913043
transition 464 0 625 0 0.08695652173913043
transition 465 0 546 0 0.08695652173913043
transition 465 0 510 0 0.08695652173913043
transition 465 0 491 0 0.08695652173913043
transition 465 0 481 0 0.08695652173913043
transition 465 0 474 0 0.08695652173913043
transition 465 0 469 0 0.08695652173913043
transition 465 0 625 0 0.08695652173913043
transition 466 0 547 0 0.08695652173913043
transition 466 0 511 0 0.08695652173913043
transition 466 0 492 0 0.08695652173913043
transition 466 0 482 0 0.08695652173913043
transition 466 0 475 0 0.08695652173913043
transition 466 0 470 0 0.08695652173913043
transition 466 0 467 0 0.043478260869565216
transition 466 0 625 0 0.08695652173913043
transition 467 0 625 0 0.09090909090909091
transition 468 0 548 0 0.08695652173913043
transition 468 0 512 0 0.08695652173913043
transition 468 0 493 0 0.08695652173913043
transition 468 0 483 0 0.08695652173913043
transition 468 0 476 0 0.08695652173913043
transition 468 0 471 0 0.043478260869565216
transition 468 0 470 0 0.08695652173913043
transition 468 0 469 0 0.08695652173913043
transition 468 0 625 0 0.08695652173913043
transition 469 0 625 0 0.09090909090909091
transition 470 0 625 0 0.09090909090909091
transition 471 0 549 0 0.09090909090909091
transition 471 0 625 0 0.09090909090909091
transition 472 0 550 0 0.08695652173913043
transition 472 0 513 0 0.08695652173913043
transition 472 0 494 0 0.08695652173913043
transition 472 0 484 0 0.08695652173913043
transition 472 0 477 0 0.043478260869565216
transition 472 0 476 0 0.08695652173913043
transition 472 0 475 0 0.08695652173913043
transition 472 0 474 0 0.08695652173913043
transition 472 0 473 0 0.08695652173913043
transition 472 0 625 0 0.08695652173913043
transition 473 0 625 0 0.09090909090909091
transition 474 0 625 0 0.09090909090909091
transition 475 0 551 0 0.09090909090909091
transition 475 0 625 0 0.09090909090909091
transition 476 0 552 0 0.09090909090909091
transition 476 0 514 0 0.09090909090909091
transition 476 0 625 0 0.09090909090909091
transition 477 0 553 0 0.09090909090909091
transition 477 0 515 0 0.09090909090909091
transition 477 0 495 0 0.09090909090909091
transition 477 0 625 0 0.09090909090909091
transition 478 0 554 0 0.08695652173913043
transition 478 0 516 0 0.08695652173913043
transition 478 0 496 0 0.08695652173913043
transition 478 0 485 0 0.043478260869565216
transition 478 0 484 0 0.08695652173913043
transition 478 0 483 0 0.08695652173913043
transition 478 0 482 0 0.08695652173913043
transition 478 0 481 0 0.08695652173913043
transition 478 0 480 0 0.08695652173913043
transition 478 0 479 0 0.08695652173913043
transition 478 0 625 0 0.08695652173913043
transition 479 0 625 0 0.09090909090909091
transition 480 0 625 0 0.09090909090909091
transition 481 0 555 0 0.09090909090909091
transition 481 0 625 0 0.09090909090909091
transition 482 0 556 0 0.09090909090909091
transition 482 0 517 0 0.09090909090909091
transition 482 0 625 0 0.09090909090909091
transition 483 0 557 0 0.09090909090909091
transition 483 0 518 0 0.09090909090909091
transition 483 0 497 0 0.09090909090909091
transition 483 0 625 0 0.09090909090909091
transition 484 0 558 0 0.09090909090909091
transition 484 0 519 0 0.09090909090909091
transition 484 0 498 0 0.09090909090909091
transition 484 0 486 0 0.045454545454545456
transition 484 0 625 0 0.09090909090909091
transition 485 0 559 0 0.09090909090909091
transition 485 0 520 0 0.09090909090909091
transition 485 0 499 0 0.09090909090909091
transition 485 0 486 0 0.09090909090909091
transition 485 0 625 0 0.09090909090909091
transition 486 0 625 0 0.09523809523809523
transition 487 0 560 0 0.08695652173913043
transition 487 0 521 0 0.08695652173913043
transition 487 0 500 0 0.043478260869565216
transition 487 0 496 0 0.08695652173913043
transition 487 0 494 0 0.08695652173913043
transition 487 0 493 0 0.08695652173913043
transition 487 0 492 0 0.08695652173913043
transition 487 0 491 0 0.08695652173913043
transition 487 0 490 0 0.08695652173913043
transition 487 0 489 0 0.08695652173913043
transition 487 0 488 0 0.08695652173913043
transition 487 0 625 0 0.08695652173913043
transition 488 0 625 0 0.09090909090909091
transition 489 0 625 0 0.09090909090909091
transition 490 0 561 0 0.09090909090909091
transition 490 0 625 0 0.09090909090909091
transition 491 0 562 0 0.09090909090909091
transition 491 0 522 0 0.09090909090909091
transition 491 0 625 0 0.09090909090909091
transition 492 0 563 0 0.09090909090909091
transition 492 0 523 0 0.09090909090909091
transition 492 0 501 0 0.045454545454545456
transition 492 0 625 0 0.09090909090909091
transition 493 0 564 0 0.09090909090909091
transition 493 0 524 0 0.09090909090909091
transition 493 0 502 0 0.045454545454545456
transition 493 0 497 0 0.09090909090909091
transition 493 0 625 0 0.09090909090909091
transition 494 0 565 0 0.09090909090909091
transition 494 0 525 0 0.09090909090909091
transition 494 0 503 0 0.045454545454545456
transition 494 0 498 0 0.09090909090909091
transition 494 0 495 0 0.045454545454545456
transition 494 0 625 0 0.09090909090909091
transition 495 0 625 0 0.09523809523809523
transition 496 0 566 0 0.09090909090909091
transition 496 0 526 0 0.09090909090909091
transition 496 0 504 0 0.045454545454545456
transition 496 0 499 0 0.045454545454545456
transition 496 0 498 0 0.09090909090909091
transition 496 0 497 0 0.09090909090909091
transition 496 0 625 0 0.09090909090909091
transition 497 0 625 0 0.09523809523809523
transition 498 0 625 0 0.09523809523809523
transition 499 0 567 0 0.09523809523809523
transition 499 0 625 0 0.09523809523809523
transition 500 0 568 0 0.09090909090909091
transition 500 0 527 0 0.09090909090909091
transition 500 0 504 0 0.09090909090909091
transition 500 0 503 0 0.09090909090909091
transition 500 0 502 0 0.09090909090909091
transition 500 0 501 0 0.09090909090909091
transition 500 0 625 0 0.09090909090909091
transition 501 0 625 0 0.09523809523809523
transition 502 0 625 0 0.09523809523809523
transition 503 0 569 0 0.09523809523809523
transition 503 0 625 0 0.09523809523809523
transition 504 0 570 0 0.09523809523809523
transition 504 0 528 0 0.09523809523809523
transition 504 0 625 0 0.09523809523809523
transition 505 0 571 0 0.08695652173913043
transition 505 0 529 0 0.043478260869565216
transition 505 0 521 0 0.08695652173913043
transition 505 0 516 0 0.08695652173913043
transition 505 0 513 0 0.08695652173913043
transition 505 0 512 0 0.08695652173913043
transition 505 0 511 0 0.08695652173913043
transition 505 0 510 0 0.08695652173913043
transition 505 0 509 0 0.08695652173913043
transition 505 0 508 0 0.08695652173913043
transition 505 0 507 0 0.08695652173913043
transition 505 0 506 0 0.08695652173913043
transition 506 0 625 0 0.045454545454545456
transition 507 0 625 0 0.09090909090909091
transition 508 0 572 0 0.09090909090909091
transition 508 0 625 0 0.09090909090909091
transition 509 0 573 0 0.09090909090909091
transition 509 0 530 0 0.045454545454545456
transition 509 0 625 0 0.09090909090909091
transition 510 0 574 0 0.09090909090909091
transition 510 0 531 0 0.045454545454545456
transition 510 0 522 0 0.09090909090909091
transition 510 0 625 0 0.09090909090909091
transition 511 0 575 0 0.09090909090909091
transition 511 0 532 0 0.045454545454545456
transition 511 0 523 0 0.09090909090909091
transition 511 0 517 0 0.09090909090909091
transition 511 0 625 0 0.09090909090909091
transition 512 0 576 0 0.09090909090909091
transition 512 0 533 0 0.045454545454545456
transition 512 0 524 0 0.09090909090909091
transition 512 0 518 0 0.09090909090909091
transition 512 0 514 0 0.09090909090909091
transition 512 0 625 0 0.09090909090909091
transition 513 0 577 0 0.09090909090909091
transition 513 0 534 0 0.045454545454545456
transition 513 0 525 0 0.09090909090909091
transition 513 0 519 0 0.09090909090909091
transition 513 0 515 0 0.045454545454545456
transition 513 0 514 0 0.09090909090909091
transition 513 0 625 0 0.09090909090909091
transition 514 0 625 0 0.09523809523809523
transition 515 0 625 0 0.09523809523809523
transition 516 0 578 0 0.09090909090909091
transition 516 0 535 0 0.045454545454545456
transition 516 0 526 0 0.09090909090909091
transition 516 0 520 0 0.045454545454545456
transition 516 0 519 0 0.09090909090909091
transition 516 0 518 0 0.09090909090909091
transition 516 0 517 0 0.09090909090909091
transition 516 0 625 0 0.09090909090909091
transition 517 0 625 0 0.09523809523809523
transition 518 0 625 0 0.09523809523809523
transition 519 0 579 0 0.09523809523809523
transition 519 0 625 0 0.09523809523809523
transition 520 0 580 0 0.09523809523809523
transition 520 0 536 0 0.047619047619047616
transition 520 0 625 0 0.09523809523809523
transition 521 0 581 0 0.09090909090909091
transition 521 0 537 0 0.045454545454545456
transition 521 0 527 0 0.045454545454545456
transition 521 0 526 0 0.09090909090909091
transition 521 0 525 0 0.09090909090909091
transition 521 0 524 0 0.09090909090909091
transition 521 0 523 0 0.09090909090909091
transition 521 0 522 0 0.09090909090909091
transition 521 0 625 0 0.09090909090909091
transition 522 0 625 0 0.09523809523809523
transition 523 0 625 0 0.09523809523809523
transition 524 0 582 0 0.09523809523809523
transition 524 0 625 0 0.09523809523809523
transition 525 0 583 0 0.09523809523809523
transition 525 0 538 0 0.047619047619047616
transition 525 0 625 0 0.09523809523809523
transition 526 0 584 0 0.09523809523809523
transition 526 0 539 0 0.047619047619047616
transition 526 0 528 0 0.047619047619047616
transition 526 0 625 0 0.09523809523809523
transition 527 0 585 0 0.09523809523809523
transition 527 0 540 0 0.047619047619047616
transition 527 0 528 0 0.09523809523809523
transition 527 0 625 0 0.09523809523809523
transition 528 0 625 0 0.1
transition 529 0 586 0 0.09090909090909091
transition 529 0 537 0 0.09090909090909091
transition 529 0 535 0 0.09090909090909091
transition 529 0 534 0 0.09090909090909091
transition 529 0 533 0 0.09090909090909091
transition 529 0 532 0 0.09090909090909091
transition 529 0 531 0 0.09090909090909091
transition 529 0 530 0 0.09090909090909091
transition 529 0 625 0 0.09090909090909091
transition 530 0 625 0 0.09523809523809523
transition 531 0 625 0 0.09523809523809523
transition 532 0 587 0 0.09523809523809523
transition 532 0 625 0 0.09523809523809523
transition 533 0 588 0 0.09523809523809523
transition 533 0 625 0 0.09523809523809523
transition 534 0 589 0 0.09523809523809523
transition 534 0 538 0 0.09523809523809523
transition 534 0 625 0 0.09523809523809523
transition 535 0 590 0 0.09523809523809523
transition 535 0 539 0 0.09523809523809523
transition 535 0 536 0 0.047619047619047616
transition 535 0 625 0 0.09523809523809523
transition 536 0 625 0 0.1
transition 537 0 591 0 0.09523809523809523
transition 537 0 540 0 0.047619047619047616
transition 537 0 539 0 0.09523809523809523
transition 537 0 538 0 0.09523809523809523
transition 537 0 625 0 0.09523809523809523
transition 538 0 625 0 0.1
transition 539 0 625 0 0.1
transition 540 0 592 0 0.1
transition 540 0 625 0 0.1
transition 541 0 593 0 0.043478260869565216
transition 541 0 571 0 0.08695652173913043
transition 541 0 560 0 0.08695652173913043
transition 541 0 554 0 0.08695652173913043
transition 541 0 550 0 0.08695652173913043
transition 541 0 548 0 0.08695652173913043
transition 541 0 547 0 0.08695652173913043
transition 541 0 546 0 0.08695652173913043
transition 541 0 545 0 0.08695652173913043
transition 541 0 544 0 0.08695652173913043
transition 541 0 543 0 0.08695652173913043
transition 541 0 542 0 0.08695652173913043
transition 542 0 625 0 0.045454545454545456
transition 543 0 594 0 0.045454545454545456
transition 543 0 625 0 0.09090909090909091
transition 544 0 595 0 0.045454545454545456
transition 544 0 572 0 0.09090909090909091
transition 544 0 625 0 0.09090909090909091
transition 545 0 596 0 0.045454545454545456
transition 545 0 573 0 0.09090909090909091
transition 545 0 561 0 0.09090909090909091
transition 545 0 625 0 0.09090909090909091
transition 546 0 597 0 0.045454545454545456
transition 546 0 574 0 0.09090909090909091
transition 546 0 562 0 0.09090909090909091
transition 546 0 555 0 0.09090909090909091
transition 546 0 625 0 0.09090909090909091
transition 547 0 598 0 0.045454545454545456
transition 547 0 575 0 0.09090909090909091
transition 547 0 563 0 0.09090909090909091
transition 547 0 556 0 0.09090909090909091
transition 547 0 551 0 0.09090909090909091
transition 547 0 625 0 0.09090909090909091
transition 548 0 599 0 0.045454545454545456
transition 548 0 576 0 0.09090909090909091
transition 548 0 564 0 0.09090909090909091
transition 548 0 557 0 0.09090909090909091
transition 548 0 552 0 0.09090909090909091
transition 548 0 549 0 0.045454545454545456
transition 548 0 625 0 0.09090909090909091
transition 549 0 625 0 0.09523809523809523
transition 550 0 600 0 0.045454545454545456
transition 550 0 577 0 0.09090909090909091
transition 550 0 565 0 0.09090909090909091
transition 550 0 558 0 0.09090909090909091
transition 550 0 553 0 0.045454545454545456
transition 550 0 552 0 0.09090909090909091
transition 550 0 551 0 0.09090909090909091
transition 550 0 625 0 0.09090909090909091
transition 551 0 625 0 0.09523809523809523
transition 552 0 625 0 0.09523809523809523
transition 553 0 601 0 0.047619047619047616
transition 553 0 625 0 0.09523809523809523
transition 554 0 602 0 0.045454545454545456
transition 554 0 578 0 0.09090909090909091
transition 554 0 566 0 0.09090909090909091
transition 554 0 559 0 0.045454545454545456
transition 554 0 558 0 0.09090909090909091
transition 554 0 557 0 0.09090909090909091
transition 554 0 556 0 0.09090909090909091
transition 554 0 555 0 0.09090909090909091
transition 554 0 625 0 0.09090909090909091
transition 555 0 625 0 0.09523809523809523
transition 556 0 625 0 0.09523809523809523
transition 557 0 603 0 0.047619047619047616
transition 557 0 625 0 0.09523809523809523
transition 558 0 604 0 0.047619047619047616
transition 558 0 579 0 0.09523809523809523
transition 558 0 625 0 0.09523809523809523
transition 559 0 605 0 0.047619047619047616
transition 559 0 580 0 0.09523809523809523
transition 559 0 567 0 0.09523809523809523
transition 559 0 625 0 0.09523809523809523
transition 560 0 606 0 0.045454545454545456
transition 560 0 581 0 0.09090909090909091
transition 560 0 568 0 0.045454545454545456
transition 560 0 566 0 0.09090909090909091
transition 560 0 565 0 0.09090909090909091
transition 560 0 564 0 0.09090909090909091
transition 560 0 563 0 0.09090909090909091
transition 560 0 562 0 0.09090909090909091
transition 560 0 561 0 0.09090909090909091
transition 560 0 625 0 0.09090909090909091
transition 561 0 625 0 0.09523809523809523
transition 562 0 625 0 0.09523809523809523
transition 563 0 607 0 0.047619047619047616
transition 563 0 625 0 0.09523809523809523
transition 564 0 608 0 0.047619047619047616
transition 564 0 582 0 0.09523809523809523
transition 564 0 625 0 0.09523809523809523
transition 565 0 609 0 0.047619047619047616
transition 565 0 583 0 0.09523809523809523
transition 565 0 569 0 0.047619047619047616
transition 565 0 625 0 0.09523809523809523
transition 566 0 610 0 0.047619047619047616
transition 566 0 584 0 0.09523809523809523
transition 566 0 570 0 0.047619047619047616
transition 566 0 567 0 0.047619047619047616
transition 566 0 625 0 0.09523809523809523
transition 567 0 625 0 0.1
transition 568 0 611 0 0.047619047619047616
transition 568 0 585 0 0.09523809523809523
transition 568 0 570 0 0.09523809523809523
transition 568 0 569 0 0.09523809523809523
transition 568 0 625 0 0.09523809523809523
transition 569 0 625 0 0.1
transition 570 0 625 0 0.1
transition 571 0 612 0 0.045454545454545456
transition 571 0 586 0 0.045454545454545456
transition 571 0 581 0 0.09090909090909091
transition 571 0 578 0 0.09090909090909091
transition 571 0 577 0 0.09090909090909091
transition 571 0 576 0 0.09090909090909091
transition 571 0 575 0 0.09090909090909091
transition 571 0 574 0 0.09090909090909091
transition 571 0 573 0 0.09090909090909091
transition 571 0 572 0 0.09090909090909091
transition 571 0 625 0 0.09090909090909091
transition 572 0 625 0 0.09523809523809523
transition 573 0 625 0 0.09523809523809523
transition 574 0 613 0 0.047619047619047616
transition 574 0 625 0 0.09523809523809523
transition 575 0 614 0 0.047619047619047616
transition 575 0 587 0 0.047619047619047616
transition 575 0 625 0 0.09523809523809523
transition 576 0 615 0 0.047619047619047616
transition 576 0 588 0 0.047619047619047616
transition 576 0 582 0 0.09523809523809523
transition 576 0 625 0 0.09523809523809523
transition 577 0 616 0 0.047619047619047616
transition 577 0 589 0 0.047619047619047616
transition 577 0 583 0 0.09523809523809523
transition 577 0 579 0 0.09523809523809523
transition 577 0 625 0 0.09523809523809523
transition 578 0 617 0 0.047619047619047616
transition 578 0 590 0 0.047619047619047616
transition 578 0 584 0 0.09523809523809523
transition 578 0 580 0 0.047619047619047616
transition 578 0 579 0 0.09523809523809523
transition 578 0 625 0 0.09523809523809523
transition 579 0 625 0 0.1
transition 580 0 625 0 0.1
transition 581 0 618 0 0.047619047619047616
transition 581 0 591 0 0.047619047619047616
transition 581 0 585 0 0.047619047619047616
transition 581 0 584 0 0.09523809523809523
transition 581 0 583 0 0.09523809523809523
transition 581 0 582 0 0.09523809523809523
transition 581 0 625 0 0.09523809523809523
transition 582 0 625 0 0.1
transition 583 0 625 0 0.1
transition 584 0 619 0 0.05
transition 584 0 625 0 0.1
transition 585 0 620 0 0.05
transition 585 0 592 0 0.05
transition 585 0 625 0 0.1
transition 586 0 621 0 0.047619047619047616
transition 586 0 591 0 0.09523809523809523
transition 586 0 590 0 0.09523809523809523
transition 586 0 589 0 0.09523809523809523
transition 586 0 588 0 0.09523809523809523
transition 586 0 587 0 0.09523809523809523
transition 586 0 625 0 0.09523809523809523
transition 587 0 625 0 0.1
transition 588 0 625 0 0.1
transition 589 0 622 0 0.05
transition 589 0 625 0 0.1
transition 590 0 623 0 0.05
transition 590 0 625 0 0.1
transition 591 0 624 0 0.05
transition 591 0 592 0 0.05
transition 591 0 625 0 0.1
transition 592 0 625 0 0.10526315789473684
transition 593 0 612 0 0.09090909090909091
transition 593 0 606 0 0.09090909090909091
transition 593 0 602 0 0.09090909090909091
transition 593 0 600 0 0.09090909090909091
transition 593 0 599 0 0.09090909090909091
transition 593 0 598 0 0.09090909090909091
transition 593 0 597 0 0.09090909090909091
transition 593 0 596 0 0.09090909090909091
transition 593 0 595 0 0.09090909090909091
transition 593 0 594 0 0.09090909090909091
transition 593 0 625 0 0.09090909090909091
transition 594 0 625 0 0.09523809523809523
transition 595 0 625 0 0.09523809523809523
transition 596 0 625 0 0.09523809523809523
transition 597 0 613 0 0.09523809523809523
transition 597 0 625 0 0.09523809523809523
transition 598 0 614 0 0.09523809523809523
transition 598 0 607 0 0.09523809523809523
transition 598 0 625 0 0.09523809523809523
transition 599 0 615 0 0.09523809523809523
transition 599 0 608 0 0.09523809523809523
transition 599 0 603 0 0.09523809523809523
transition 599 0 625 0 0.09523809523809523
transition 600 0 616 0 0.09523809523809523
transition 600 0 609 0 0.09523809523809523
transition 600 0 604 0 0.09523809523809523
transition 600 0 601 0 0.047619047619047616
transition 600 0 625 0 0.09523809523809523
transition 601 0 625 0 0.1
transition 602 0 617 0 0.09523809523809523
transition 602 0 610 0 0.09523809523809523
transition 602 0 605 0 0.047619047619047616
transition 602 0 604 0 0.09523809523809523
transition 602 0 603 0 0.09523809523809523
transition 602 0 625 0 0.09523809523809523
transition 603 0 625 0 0.1
transition 604 0 625 0 0.1
transition 605 0 625 0 0.1
transition 606 0 618 0 0.09523809523809523
transition 606 0 611 0 0.047619047619047616
transition 606 0 610 0 0.09523809523809523
transition 606 0 609 0 0.09523809523809523
transition 606 0 608 0 0.09523809523809523
transition 606 0 607 0 0.09523809523809523
transition 606 0 625 0 0.09523809523809523
transition 607 0 625 0 0.1
transition 608 0 625 0 0.1
transition 609 0 625 0 0.1
transition 610 0 619 0 0.1
transition 610 0 625 0 0.1
transition 611 0 620 0 0.1
transition 611 0 625 0 0.1
transition 612 0 621 0 0.047619047619047616
transition 612 0 618 0 0.09523809523809523
transition 612 0 617 0 0.09523809523809523
transition 612 0 616 0 0.09523809523809523
transition 612 0 615 0 0.09523809523809523
transition 612 0 614 0 0.09523809523809523
transition 612 0 613 0 0.09523809523809523
transition 612 0 625 0 0.09523809523809523
transition 613 0 625 0 0.1
transition 614 0 625 0 0.1
transition 615 0 625 0 0.1
transition 616 0 622 0 0.05
transition 616 0 625 0 0.1
transition 617 0 623 0 0.05
transition 617 0 619 0 0.1
transition 617 0 625 0 0.1
transition 618 0 624 0 0.05
transition 618 0 620 0 0.05
transition 618 0 619 0 0.1
transition 618 0 625 0 0.1
transition 619 0 625 0 0.10526315789473684
transition 620 0 625 0 0.10526315789473684
transition 621 0 624 0 0.1
transition 621 0 623 0 0.1
transition 621 0 622 0 0.1
transition 621 0 625 0 0.1
transition 622 0 625 0 0.10526315789473684
transition 623 0 625 0 0.10526315789473684
transition 624 0 625 0 0.10526315789473684
transition 255 1 255 0 0.04
transition 255 1 122 0 0.08
transition 255 1 67 0 0.08
transition 255 1 40 0 0.08
transition 255 1 25 0 0.08
transition 255 1 17 0 0.08
transition 255 1 11 0 0.08
transition 255 1 7 0 0.08
transition 255 1 5 0 0.08
transition 255 1 4 0 0.08
transition 255 1 3 0 0.08
transition 255 1 2 0 0.08
transition 255 1 1 0 0.08
transition 256 1 256 0 0.041666666666666664
transition 256 1 123 0 0.08333333333333333
transition 256 1 68 0 0.08333333333333333
transition 256 1 41 0 0.08333333333333333
transition 256 1 26 0 0.08333333333333333
transition 256 1 625 0 0.041666666666666664
transition 257 1 257 0 0.041666666666666664
transition 257 1 124 0 0.08333333333333333
transition 257 1 69 0 0.08333333333333333
transition 257 1 42 0 0.08333333333333333
transition 257 1 27 0 0.08333333333333333
transition 257 1 18 0 0.08333333333333333
transition 257 1 625 0 0.08333333333333333
transition 258 1 258 0 0.041666666666666664
transition 258 1 125 0 0.08333333333333333
transition 258 1 70 0 0.08333333333333333
transition 258 1 43 0 0.08333333333333333
transition 258 1 28 0 0.08333333333333333
transition 258 1 19 0 0.08333333333333333
transition 258 1 12 0 0.08333333333333333
transition 258 1 625 0 0.08333333333333333
transition 259 1 259 0 0.041666666666666664
transition 259 1 126 0 0.08333333333333333
transition 259 1 71 0 0.08333333333333333
transition 259 1 44 0 0.08333333333333333
transition 259 1 29 0 0.08333333333333333
transition 259 1 20 0 0.08333333333333333
transition 259 1 13 0 0.08333333333333333
transition 259 1 8 0 0.08333333333333333
transition 259 1 625 0 0.08333333333333333
transition 260 1 260 0 0.041666666666666664
transition 260 1 127 0 0.08333333333333333
transition 260 1 72 0 0.08333333333333333
transition 260 1 45 0 0.08333333333333333
transition 260 1 30 0 0.08333333333333333
transition 260 1 21 0 0.08333333333333333
transition 260 1 14 0 0.08333333333333333
transition 260 1 9 0 0.08333333333333333
transition 260 1 6 0 0.041666666666666664
transition 260 1 625 0 0.08333333333333333
transition 261 1 261 0 0.041666666666666664
transition 261 1 128 0 0.08333333333333333
transition 261 1 73 0 0.08333333333333333
transition 261 1 46 0 0.08333333333333333
transition 261 1 31 0 0.08333333333333333
transition 261 1 22 0 0.08333333333333333
transition 261 1 15 0 0.08333333333333333
transition 261 1 10 0 0.041666666666666664
transition 261 1 9 0 0.08333333333333333
transition 261 1 8 0 0.08333333333333333
transition 261 1 625 0 0.08333333333333333
transition 262 1 262 0 0.043478260869565216
transition 262 1 625 0 0.08695652173913043
transition 263 1 263 0 0.043478260869565216
transition 263 1 129 0 0.08695652173913043
transition 263 1 625 0 0.08695652173913043
transition 264 1 264 0 0.041666666666666664
transition 264 1 130 0 0.08333333333333333
transition 264 1 74 0 0.08333333333333333
transition 264 1 47 0 0.08333333333333333
transition 264 1 32 0 0.08333333333333333
transition 264 1 23 0 0.08333333333333333
transition 264 1 16 0 0.041666666666666664
transition 264 1 15 0 0.08333333333333333
transition 264 1 14 0 0.08333333333333333
transition 264 1 13 0 0.08333333333333333
transition 264 1 12 0 0.08333333333333333
transition 264 1 625 0 0.08333333333333333
transition 265 1 265 0 0.043478260869565216
transition 265 1 625 0 0.08695652173913043
transition 266 1 266 0 0.043478260869565216
transition 266 1 131 0 0.08695652173913043
transition 266 1 625 0 0.08695652173913043
transition 267 1 267 0 0.043478260869565216
transition 267 1 132 0 0.08695652173913043
transition 267 1 75 0 0.08695652173913043
transition 267 1 625 0 0.08695652173913043
transition 268 1 268 0 0.043478260869565216
transition 268 1 133 0 0.08695652173913043
transition 268 1 76 0 0.08695652173913043
transition 268 1 48 0 0.08695652173913043
transition 268 1 625 0 0.08695652173913043
transition 269 1 269 0 0.041666666666666664
transition 269 1 134 0 0.08333333333333333
transition 269 1 77 0 0.08333333333333333
transition 269 1 49 0 0.08333333333333333
transition 269 1 33 0 0.08333333333333333
transition 269 1 24 0 0.041666666666666664
transition 269 1 23 0 0.08333333333333333
transition 269 1 22 0 0.08333333333333333
transition 269 1 21 0 0.08333333333333333
transition 269 1 20 0 0.08333333333333333
transition 269 1 19 0 0.08333333333333333
transition 269 1 18 0 0.08333333333333333
transition 269 1 625 0 0.08333333333333333
transition 270 1 270 0 0.043478260869565216
transition 270 1 625 0 0.08695652173913043
transition 271 1 271 0 0.043478260869565216
transition 271 1 135 0 0.08695652173913043
transition 271 1 625 0 0.08695652173913043
transition 272 1 272 0 0.043478260869565216
transition 272 1 136 0 0.08695652173913043
transition 272 1 78 0 0.08695652173913043
transition 272 1 625 0 0.08695652173913043
transition 273 1 273 0 0.043478260869565216
transition 273 1 137 0 0.08695652173913043
transition 273 1 79 0 0.08695652173913043
transition 273 1 50 0 0.08695652173913043
transition 273 1 625 0 0.08695652173913043
transition 274 1 274 0 0.043478260869565216
transition 274 1 138 0 0.08695652173913043
transition 274 1 80 0 0.08695652173913043
transition 274 1 51 0 0.08695652173913043
transition 274 1 34 0 0.08695652173913043
transition 274 1 625 0 0.08695652173913043
transition 275 1 275 0 0.043478260869565216
transition 275 1 139 0 0.08695652173913043
transition 275 1 81 0 0.08695652173913043
transition 275 1 52 0 0.08695652173913043
transition 275 1 35 0 0.08695652173913043
transition 275 1 625 0 0.08695652173913043
transition 276 1 276 0 0.041666666666666664
transition 276 1 140 0 0.08333333333333333
transition 276 1 82 0 0.08333333333333333
transition 276 1 53 0 0.08333333333333333
transition 276 1 36 0 0.041666666666666664
transition 276 1 33 0 0.08333333333333333
transition 276 1 32 0 0.08333333333333333
transition 276 1 31 0 0.08333333333333333
transition 276 1 30 0 0.08333333333333333
transition 276 1 29 0 0.08333333333333333
transition 276 1 28 0 0.08333333333333333
transition 276 1 27 0 0.08333333333333333
transition 276 1 26 0 0.08333333333333333
transition 277 1 277 0 0.043478260869565216
transition 277 1 625 0 0.08695652173913043
transition 278 1 278 0 0.043478260869565216
transition 278 1 141 0 0.08695652173913043
transition 278 1 625 0 0.08695652173913043
transition 279 1 279 0 0.043478260869565216
transition 279 1 142 0 0.08695652173913043
transition 279 1 83 0 0.08695652173913043
transition 279 1 625 0 0.08695652173913043
transition 280 1 280 0 0.043478260869565216
transition 280 1 143 0 0.08695652173913043
transition 280 1 84 0 0.08695652173913043
transition 280 1 54 0 0.08695652173913043
transition 280 1 625 0 0.08695652173913043
transition 281 1 281 0 0.043478260869565216
transition 281 1 144 0 0.08695652173913043
transition 281 1 85 0 0.08695652173913043
transition 281 1 55 0 0.08695652173913043
transition 281 1 37 0 0.043478260869565216
transition 281 1 625 0 0.08695652173913043
transition 282 1 282 0 0.043478260869565216
transition 282 1 145 0 0.08695652173913043
transition 282 1 86 0 0.08695652173913043
transition 282 1 56 0 0.08695652173913043
transition 282 1 38 0 0.043478260869565216
transition 282 1 34 0 0.08695652173913043
transition 282 1 625 0 0.08695652173913043
transition 283 1 283 0 0.043478260869565216
transition 283 1 146 0 0.08695652173913043
transition 283 1 87 0 0.08695652173913043
transition 283 1 57 0 0.08695652173913043
transition 283 1 39 0 0.043478260869565216
transition 283 1 35 0 0.043478260869565216
transition 283 1 34 0 0.08695652173913043
transition 283 1 625 0 0.08695652173913043
transition 284 1 284 0 0.045454545454545456
transition 284 1 625 0 0.09090909090909091
transition 285 1 285 0 0.043478260869565216
transition 285 1 147 0 0.08695652173913043
transition 285 1 88 0 0.08695652173913043
transition 285 1 58 0 0.08695652173913043
transition 285 1 39 0 0.08695652173913043
transition 285 1 38 0 0.08695652173913043
transition 285 1 37 0 0.08695652173913043
transition 285 1 625 0 0.08695652173913043
transition 286 1 286 0 0.045454545454545456
transition 286 1 625 0 0.09090909090909091
transition 287 1 287 0 0.045454545454545456
transition 287 1 148 0 0.09090909090909091
transition 287 1 625 0 0.09090909090909091
transition 288 1 288 0 0.041666666666666664
transition 288 1 149 0 0.08333333333333333
transition 288 1 89 0 0.08333333333333333
transition 288 1 59 0 0.041666666666666664
transition 288 1 53 0 0.08333333333333333
transition 288 1 49 0 0.08333333333333333
transition 288 1 47 0 0.08333333333333333
transition 288 1 46 0 0.08333333333333333
transition 288 1 45 0 0.08333333333333333
transition 288 1 44 0 0.08333333333333333
transition 288 1 43 0 0.08333333333333333
transition 288 1 42 0 0.08333333333333333
transition 288 1 41 0 0.08333333333333333
transition 289 1 289 0 0.043478260869565216
transition 289 1 625 0 0.043478260869565216
transition 290 1 290 0 0.043478260869565216
transition 290 1 150 0 0.08695652173913043
transition 290 1 625 0 0.08695652173913043
transition 291 1 291 0 0.043478260869565216
transition 291 1 151 0 0.08695652173913043
transition 291 1 90 0 0.08695652173913043
transition 291 1 625 0 0.08695652173913043
transition 292 1 292 0 0.043478260869565216
transition 292 1 152 0 0.08695652173913043
transition 292 1 91 0 0.08695652173913043
transition 292 1 60 0 0.043478260869565216
transition 292 1 625 0 0.08695652173913043
transition 293 1 293 0 0.043478260869565216
transition 293 1 153 0 0.08695652173913043
transition 293 1 92 0 0.08695652173913043
transition 293 1 61 0 0.043478260869565216
transition 293 1 54 0 0.08695652173913043
transition 293 1 625 0 0.08695652173913043
transition 294 1 294 0 0.043478260869565216
transition 294 1 154 0 0.08695652173913043
transition 294 1 93 0 0.08695652173913043
transition 294 1 62 0 0.043478260869565216
transition 294 1 55 0 0.08695652173913043
transition 294 1 50 0 0.08695652173913043
transition 294 1 625 0 0.08695652173913043
transition 295 1 295 0 0.043478260869565216
transition 295 1 155 0 0.08695652173913043
transition 295 1 94 0 0.08695652173913043
transition 295 1 63 0 0.043478260869565216
transition 295 1 56 0 0.08695652173913043
transition 295 1 51 0 0.08695652173913043
transition 295 1 48 0 0.043478260869565216
transition 295 1 625 0 0.08695652173913043
transition 296 1 296 0 0.043478260869565216
transition 296 1 156 0 0.08695652173913043
transition 296 1 95 0 0.08695652173913043
transition 296 1 64 0 0.043478260869565216
transition 296 1 57 0 0.08695652173913043
transition 296 1 52 0 0.043478260869565216
transition 296 1 51 0 0.08695652173913043
transition 296 1 50 0 0.08695652173913043
transition 296 1 625 0 0.08695652173913043
transition 297 1 297 0 0.045454545454545456
transition 297 1 625 0 0.09090909090909091
transition 298 1 298 0 0.045454545454545456
transition 298 1 157 0 0.09090909090909091
transition 298 1 625 0 0.09090909090909091
transition 299 1 299 0 0.043478260869565216
transition 299 1 158 0 0.08695652173913043
transition 299 1 96 0 0.08695652173913043
transition 299 1 65 0 0.043478260869565216
transition 299 1 58 0 0.043478260869565216
transition 299 1 57 0 0.08695652173913043
transition 299 1 56 0 0.08695652173913043
transition 299 1 55 0 0.08695652173913043
transition 299 1 54 0 0.08695652173913043
transition 299 1 625 0 0.08695652173913043
transition 300 1 300 0 0.045454545454545456
transition 300 1 625 0 0.09090909090909091
transition 301 1 301 0 0.045454545454545456
transition 301 1 159 0 0.09090909090909091
transition 301 1 625 0 0.09090909090909091
transition 302 1 302 0 0.045454545454545456
transition 302 1 160 0 0.09090909090909091
transition 302 1 97 0 0.09090909090909091
transition 302 1 625 0 0.09090909090909091
transition 303 1 303 0 0.045454545454545456
transition 303 1 161 0 0.09090909090909091
transition 303 1 98 0 0.09090909090909091
transition 303 1 66 0 0.045454545454545456
transition 303 1 625 0 0.09090909090909091
transition 304 1 304 0 0.043478260869565216
transition 304 1 162 0 0.08695652173913043
transition 304 1 99 0 0.08695652173913043
transition 304 1 65 0 0.08695652173913043
transition 304 1 64 0 0.08695652173913043
transition 304 1 63 0 0.08695652173913043
transition 304 1 62 0 0.08695652173913043
transition 304 1 61 0 0.08695652173913043
transition 304 1 60 0 0.08695652173913043
transition 304 1 625 0 0.08695652173913043
transition 305 1 305 0 0.045454545454545456
transition 305 1 625 0 0.09090909090909091
transition 306 1 306 0 0.045454545454545456
transition 306 1 163 0 0.09090909090909091
transition 306 1 625 0 0.09090909090909091
transition 307 1 307 0 0.045454545454545456
transition 307 1 164 0 0.09090909090909091
transition 307 1 100 0 0.09090909090909091
transition 307 1 625 0 0.09090909090909091
transition 308 1 308 0 0.045454545454545456
transition 308 1 165 0 0.09090909090909091
transition 308 1 101 0 0.09090909090909091
transition 308 1 625 0 0.09090909090909091
transition 309 1 309 0 0.045454545454545456
transition 309 1 166 0 0.09090909090909091
transition 309 1 102 0 0.09090909090909091
transition 309 1 66 0 0.045454545454545456
transition 309 1 625 0 0.09090909090909091
transition 310 1 310 0 0.041666666666666664
transition 310 1 167 0 0.08333333333333333
transition 310 1 103 0 0.041666666666666664
transition 310 1 89 0 0.08333333333333333
transition 310 1 82 0 0.08333333333333333
transition 310 1 77 0 0.08333333333333333
transition 310 1 74 0 0.08333333333333333
transition 310 1 73 0 0.08333333333333333
transition 310 1 72 0 0.08333333333333333
transition 310 1 71 0 0.08333333333333333
transition 310 1 70 0 0.08333333333333333
transition 310 1 69 0 0.08333333333333333
transition 310 1 68 0 0.08333333333333333
transition 311 1 311 0 0.043478260869565216
transition 311 1 168 0 0.08695652173913043
transition 311 1 625 0 0.043478260869565216
transition 312 1 312 0 0.043478260869565216
transition 312 1 169 0 0.08695652173913043
transition 312 1 104 0 0.043478260869565216
transition 312 1 625 0 0.08695652173913043
transition 313 1 313 0 0.043478260869565216
transition 313 1 170 0 0.08695652173913043
transition 313 1 105 0 0.043478260869565216
transition 313 1 90 0 0.08695652173913043
transition 313 1 625 0 0.08695652173913043
transition 314 1 314 0 0.043478260869565216
transition 314 1 171 0 0.08695652173913043
transition 314 1 106 0 0.043478260869565216
transition 314 1 91 0 0.08695652173913043
transition 314 1 83 0 0.08695652173913043
transition 314 1 625 0 0.08695652173913043
transition 315 1 315 0 0.043478260869565216
transition 315 1 172 0 0.08695652173913043
transition 315 1 107 0 0.043478260869565216
transition 315 1 92 0 0.08695652173913043
transition 315 1 84 0 0.08695652173913043
transition 315 1 78 0 0.08695652173913043
transition 315 1 625 0 0.08695652173913043
transition 316 1 316 0 0.043478260869565216
transition 316 1 173 0 0.08695652173913043
transition 316 1 108 0 0.043478260869565216
transition 316 1 93 0 0.08695652173913043
transition 316 1 85 0 0.08695652173913043
transition 316 1 79 0 0.08695652173913043
transition 316 1 75 0 0.08695652173913043
transition 316 1 625 0 0.08695652173913043
transition 317 1 317 0 0.043478260869565216
transition 317 1 174 0 0.08695652173913043
transition 317 1 109 0 0.043478260869565216
transition 317 1 94 0 0.08695652173913043
transition 317 1 86 0 0.08695652173913043
transition 317 1 80 0 0.08695652173913043
transition 317 1 76 0 0.043478260869565216
transition 317 1 75 0 0.08695652173913043
transition 317 1 625 0 0.08695652173913043
transition 318 1 318 0 0.045454545454545456
transition 318 1 625 0 0.09090909090909091
transition 319 1 319 0 0.043478260869565216
transition 319 1 175 0 0.08695652173913043
transition 319 1 110 0 0.043478260869565216
transition 319 1 95 0 0.08695652173913043
transition 319 1 87 0 0.08695652173913043
transition 319 1 81 0 0.043478260869565216
transition 319 1 80 0 0.08695652173913043
transition 319 1 79 0 0.08695652173913043
transition 319 1 78 0 0.08695652173913043
transition 319 1 625 0 0.08695652173913043
transition 320 1 320 0 0.045454545454545456
transition 320 1 625 0 0.09090909090909091
transition 321 1 321 0 0.045454545454545456
transition 321 1 176 0 0.09090909090909091
transition 321 1 625 0 0.09090909090909091
transition 322 1 322 0 0.045454545454545456
transition 322 1 177 0 0.09090909090909091
transition 322 1 111 0 0.045454545454545456
transition 322 1 625 0 0.09090909090909091
transition 323 1 323 0 0.043478260869565216
transition 323 1 178 0 0.08695652173913043
transition 323 1 112 0 0.043478260869565216
transition 323 1 96 0 0.08695652173913043
transition 323 1 88 0 0.043478260869565216
transition 323 1 87 0 0.08695652173913043
transition 323 1 86 0 0.08695652173913043
transition 323 1 85 0 0.08695652173913043
transition 323 1 84 0 0.08695652173913043
transition 323 1 83 0 0.08695652173913043
transition 323 1 625 0 0.08695652173913043
transition 324 1 324 0 0.045454545454545456
transition 324 1 625 0 0.09090909090909091
transition 325 1 325 0 0.045454545454545456
transition 325 1 179 0 0.09090909090909091
transition 325 1 625 0 0.09090909090909091
transition 326 1 326 0 0.045454545454545456
transition 326 1 180 0 0.09090909090909091
transition 326 1 113 0 0.045454545454545456
transition 326 1 625 0 0.09090909090909091
transition 327 1 327 0 0.045454545454545456
transition 327 1 181 0 0.09090909090909091
transition 327 1 114 0 0.045454545454545456
transition 327 1 97 0 0.09090909090909091
transition 327 1 625 0 0.09090909090909091
transition 328 1 328 0 0.045454545454545456
transition 328 1 182 0 0.09090909090909091
transition 328 1 115 0 0.045454545454545456
transition 328 1 98 0 0.09090909090909091
transition 328 1 625 0 0.09090909090909091
transition 329 1 329 0 0.043478260869565216
transition 329 1 183 0 0.08695652173913043
transition 329 1 116 0 0.043478260869565216
transition 329 1 99 0 0.043478260869565216
transition 329 1 96 0 0.08695652173913043
transition 329 1 95 0 0.08695652173913043
transition 329 1 94 0 0.08695652173913043
transition 329 1 93 0 0.08695652173913043
transition 329 1 92 0 0.08695652173913043
transition 329 1 91 0 0.08695652173913043
transition 329 1 90 0 0.08695652173913043
transition 329 1 625 0 0.08695652173913043
transition 330 1 330 0 0.045454545454545456
transition 330 1 625 0 0.09090909090909091
transition 331 1 331 0 0.045454545454545456
transition 331 1 184 0 0.09090909090909091
transition 331 1 625 0 0.09090909090909091
transition 332 1 332 0 0.045454545454545456
transition 332 1 185 0 0.09090909090909091
transition 332 1 117 0 0.045454545454545456
transition 332 1 625 0 0.09090909090909091
transition 333 1 333 0 0.045454545454545456
transition 333 1 186 0 0.09090909090909091
transition 333 1 118 0 0.045454545454545456
transition 333 1 100 0 0.045454545454545456
transition 333 1 625 0 0.09090909090909091
transition 334 1 334 0 0.045454545454545456
transition 334 1 187 0 0.09090909090909091
transition 334 1 119 0 0.045454545454545456
transition 334 1 101 0 0.045454545454545456
transition 334 1 97 0 0.09090909090909091
transition 334 1 625 0 0.09090909090909091
transition 335 1 335 0 0.045454545454545456
transition 335 1 188 0 0.09090909090909091
transition 335 1 120 0 0.045454545454545456
transition 335 1 102 0 0.045454545454545456
transition 335 1 98 0 0.045454545454545456
transition 335 1 97 0 0.09090909090909091
transition 335 1 625 0 0.09090909090909091
transition 336 1 336 0 0.047619047619047616
transition 336 1 625 0 0.09523809523809523
transition 337 1 337 0 0.045454545454545456
transition 337 1 189 0 0.09090909090909091
transition 337 1 121 0 0.045454545454545456
transition 337 1 102 0 0.09090909090909091
transition 337 1 101 0 0.09090909090909091
transition 337 1 100 0 0.09090909090909091
transition 337 1 625 0 0.09090909090909091
transition 338 1 338 0 0.047619047619047616
transition 338 1 625 0 0.09523809523809523
transition 339 1 339 0 0.047619047619047616
transition 339 1 190 0 0.09523809523809523
transition 339 1 625 0 0.09523809523809523
transition 340 1 340 0 0.043478260869565216
transition 340 1 191 0 0.08695652173913043
transition 340 1 116 0 0.08695652173913043
transition 340 1 112 0 0.08695652173913043
transition 340 1 110 0 0.08695652173913043
transition 340 1 109 0 0.08695652173913043
transition 340 1 108 0 0.08695652173913043
transition 340 1 107 0 0.08695652173913043
transition 340 1 106 0 0.08695652173913043
transition 340 1 105 0 0.08695652173913043
transition 340 1 104 0 0.08695652173913043
transition 340 1 625 0 0.08695652173913043
transition 341 1 341 0 0.045454545454545456
transition 341 1 625 0 0.09090909090909091
transition 342 1 342 0 0.045454545454545456
transition 342 1 192 0 0.09090909090909091
transition 342 1 625 0 0.09090909090909091
transition 343 1 343 0 0.045454545454545456
transition 343 1 193 0 0.09090909090909091
transition 343 1 625 0 0.09090909090909091
transition 344 1 344 0 0.045454545454545456
transition 344 1 194 0 0.09090909090909091
transition 344 1 117 0 0.09090909090909091
transition 344 1 625 0 0.09090909090909091
transition 345 1 345 0 0.045454545454545456
transition 345 1 195 0 0.09090909090909091
transition 345 1 118 0 0.09090909090909091
transition 345 1 113 0 0.09090909090909091
transition 345 1 625 0 0.09090909090909091
transition 346 1 346 0 0.045454545454545456
transition 346 1 196 0 0.09090909090909091
transition 346 1 119 0 0.09090909090909091
transition 346 1 114 0 0.09090909090909091
transition 346 1 111 0 0.045454545454545456
transition 346 1 625 0 0.09090909090909091
transition 347 1 347 0 0.045454545454545456
transition 347 1 197 0 0.09090909090909091
transition 347 1 120 0 0.09090909090909091
transition 347 1 115 0 0.045454545454545456
transition 347 1 114 0 0.09090909090909091
transition 347 1 113 0 0.09090909090909091
transition 347 1 625 0 0.09090909090909091
transition 348 1 348 0 0.047619047619047616
transition 348 1 625 0 0.09523809523809523
transition 349 1 349 0 0.047619047619047616
transition 349 1 198 0 0.09523809523809523
transition 349 1 625 0 0.09523809523809523
transition 350 1 350 0 0.045454545454545456
transition 350 1 199 0 0.09090909090909091
transition 350 1 121 0 0.045454545454545456
transition 350 1 120 0 0.09090909090909091
transition 350 1 119 0 0.09090909090909091
transition 350 1 118 0 0.09090909090909091
transition 350 1 117 0 0.09090909090909091
transition 350 1 625 0 0.09090909090909091
transition 351 1 351 0 0.047619047619047616
transition 351 1 625 0 0.09523809523809523
transition 352 1 352 0 0.047619047619047616
transition 352 1 200 0 0.09523809523809523
transition 352 1 625 0 0.09523809523809523
transition 353 1 353 0 0.047619047619047616
transition 353 1 201 0 0.09523809523809523
transition 353 1 625 0 0.09523809523809523
transition 354 1 354 0 0.047619047619047616
transition 354 1 202 0 0.09523809523809523
transition 354 1 625 0 0.09523809523809523
transition 355 1 355 0 0.041666666666666664
transition 355 1 203 0 0.041666666666666664
transition 355 1 167 0 0.08333333333333333
transition 355 1 149 0 0.08333333333333333
transition 355 1 140 0 0.08333333333333333
transition 355 1 134 0 0.08333333333333333
transition 355 1 130 0 0.08333333333333333
transition 355 1 128 0 0.08333333333333333
transition 355 1 127 0 0.08333333333333333
transition 355 1 126 0 0.08333333333333333
transition 355 1 125 0 0.08333333333333333
transition 355 1 124 0 0.08333333333333333
transition 355 1 123 0 0.08333333333333333
transition 356 1 356 0 0.043478260869565216
transition 356 1 204 0 0.043478260869565216
transition 356 1 168 0 0.08695652173913043
transition 356 1 625 0 0.043478260869565216
transition 357 1 357 0 0.043478260869565216
transition 357 1 205 0 0.043478260869565216
transition 357 1 169 0 0.08695652173913043
transition 357 1 150 0 0.08695652173913043
transition 357 1 625 0 0.08695652173913043
transition 358 1 358 0 0.043478260869565216
transition 358 1 206 0 0.043478260869565216
transition 358 1 170 0 0.08695652173913043
transition 358 1 151 0 0.08695652173913043
transition 358 1 141 0 0.08695652173913043
transition 358 1 625 0 0.08695652173913043
transition 359 1 359 0 0.043478260869565216
transition 359 1 207 0 0.043478260869565216
transition 359 1 171 0 0.08695652173913043
transition 359 1 152 0 0.08695652173913043
transition 359 1 142 0 0.08695652173913043
transition 359 1 135 0 0.08695652173913043
transition 359 1 625 0 0.08695652173913043
transition 360 1 360 0 0.043478260869565216
transition 360 1 208 0 0.043478260869565216
transition 360 1 172 0 0.08695652173913043
transition 360 1 153 0 0.08695652173913043
transition 360 1 143 0 0.08695652173913043
transition 360 1 136 0 0.08695652173913043
transition 360 1 131 0 0.08695652173913043
transition 360 1 625 0 0.08695652173913043
transition 361 1 361 0 0.043478260869565216
transition 361 1 209 0 0.043478260869565216
transition 361 1 173 0 0.08695652173913043
transition 361 1 154 0 0.08695652173913043
transition 361 1 144 0 0.08695652173913043
transition 361 1 137 0 0.08695652173913043
transition 361 1 132 0 0.08695652173913043
transition 361 1 129 0 0.043478260869565216
transition 361 1 625 0 0.08695652173913043
transition 362 1 362 0 0.043478260869565216
transition 362 1 210 0 0.043478260869565216
transition 362 1 174 0 0.08695652173913043
transition 362 1 155 0 0.08695652173913043
transition 362 1 145 0 0.08695652173913043
transition 362 1 138 0 0.08695652173913043
transition 362 1 133 0 0.043478260869565216
transition 362 1 132 0 0.08695652173913043
transition 362 1 131 0 0.08695652173913043
transition 362 1 625 0 0.08695652173913043
transition 363 1 363 0 0.045454545454545456
transition 363 1 625 0 0.09090909090909091
transition 364 1 364 0 0.045454545454545456
transition 364 1 211 0 0.045454545454545456
transition 364 1 625 0 0.09090909090909091
transition 365 1 365 0 0.043478260869565216
transition 365 1 212 0 0.043478260869565216
transition 365 1 175 0 0.08695652173913043
transition 365 1 156 0 0.08695652173913043
transition 365 1 146 0 0.08695652173913043
transition 365 1 139 0 0.043478260869565216
transition 365 1 138 0 0.08695652173913043
transition 365 1 137 0 0.08695652173913043
transition 365 1 136 0 0.08695652173913043
transition 365 1 135 0 0.08695652173913043
transition 365 1 625 0 0.08695652173913043
transition 366 1 366 0 0.045454545454545456
transition 366 1 625 0 0.09090909090909091
transition 367 1 367 0 0.045454545454545456
transition 367 1 213 0 0.045454545454545456
transition 367 1 625 0 0.09090909090909091
transition 368 1 368 0 0.045454545454545456
transition 368 1 214 0 0.045454545454545456
transition 368 1 176 0 0.09090909090909091
transition 368 1 625 0 0.09090909090909091
transition 369 1 369 0 0.045454545454545456
transition 369 1 215 0 0.045454545454545456
transition 369 1 177 0 0.09090909090909091
transition 369 1 157 0 0.09090909090909091
transition 369 1 625 0 0.09090909090909091
transition 370 1 370 0 0.043478260869565216
transition 370 1 216 0 0.043478260869565216
transition 370 1 178 0 0.08695652173913043
transition 370 1 158 0 0.08695652173913043
transition 370 1 147 0 0.043478260869565216
transition 370 1 146 0 0.08695652173913043
transition 370 1 145 0 0.08695652173913043
transition 370 1 144 0 0.08695652173913043
transition 370 1 143 0 0.08695652173913043
transition 370 1 142 0 0.08695652173913043
transition 370 1 141 0 0.08695652173913043
transition 370 1 625 0 0.08695652173913043
transition 371 1 371 0 0.045454545454545456
transition 371 1 625 0 0.09090909090909091
transition 372 1 372 0 0.045454545454545456
transition 372 1 217 0 0.045454545454545456
transition 372 1 625 0 0.09090909090909091
transition 373 1 373 0 0.045454545454545456
transition 373 1 218 0 0.045454545454545456
transition 373 1 179 0 0.09090909090909091
transition 373 1 625 0 0.09090909090909091
transition 374 1 374 0 0.045454545454545456
transition 374 1 219 0 0.045454545454545456
transition 374 1 180 0 0.09090909090909091
transition 374 1 159 0 0.09090909090909091
transition 374 1 625 0 0.09090909090909091
transition 375 1 375 0 0.045454545454545456
transition 375 1 220 0 0.045454545454545456
transition 375 1 181 0 0.09090909090909091
transition 375 1 160 0 0.09090909090909091
transition 375 1 148 0 0.045454545454545456
transition 375 1 625 0 0.09090909090909091
transition 376 1 376 0 0.045454545454545456
transition 376 1 221 0 0.045454545454545456
transition 376 1 182 0 0.09090909090909091
transition 376 1 161 0 0.09090909090909091
transition 376 1 148 0 0.09090909090909091
transition 376 1 625 0 0.09090909090909091
transition 377 1 377 0 0.043478260869565216
transition 377 1 222 0 0.043478260869565216
transition 377 1 183 0 0.08695652173913043
transition 377 1 162 0 0.043478260869565216
transition 377 1 158 0 0.08695652173913043
transition 377 1 156 0 0.08695652173913043
transition 377 1 155 0 0.08695652173913043
transition 377 1 154 0 0.08695652173913043
transition 377 1 153 0 0.08695652173913043
transition 377 1 152 0 0.08695652173913043
transition 377 1 151 0 0.08695652173913043
transition 377 1 150 0 0.08695652173913043
transition 377 1 625 0 0.08695652173913043
transition 378 1 378 0 0.045454545454545456
transition 378 1 625 0 0.09090909090909091
transition 379 1 379 0 0.045454545454545456
transition 379 1 223 0 0.045454545454545456
transition 379 1 625 0 0.09090909090909091
transition 380 1 380 0 0.045454545454545456
transition 380 1 224 0 0.045454545454545456
transition 380 1 184 0 0.09090909090909091
transition 380 1 625 0 0.09090909090909091
transition 381 1 381 0 0.045454545454545456
transition 381 1 225 0 0.045454545454545456
transition 381 1 185 0 0.09090909090909091
transition 381 1 163 0 0.045454545454545456
transition 381 1 625 0 0.09090909090909091
transition 382 1 382 0 0.045454545454545456
transition 382 1 226 0 0.045454545454545456
transition 382 1 186 0 0.09090909090909091
transition 382 1 164 0 0.045454545454545456
transition 382 1 159 0 0.09090909090909091
transition 382 1 625 0 0.09090909090909091
transition 383 1 383 0 0.045454545454545456
transition 383 1 227 0 0.045454545454545456
transition 383 1 187 0 0.09090909090909091
transition 383 1 165 0 0.045454545454545456
transition 383 1 160 0 0.09090909090909091
transition 383 1 157 0 0.045454545454545456
transition 383 1 625 0 0.09090909090909091
transition 384 1 384 0 0.045454545454545456
transition 384 1 228 0 0.045454545454545456
transition 384 1 188 0 0.09090909090909091
transition 384 1 166 0 0.045454545454545456
transition 384 1 161 0 0.045454545454545456
transition 384 1 160 0 0.09090909090909091
transition 384 1 159 0 0.09090909090909091
transition 384 1 625 0 0.09090909090909091
transition 385 1 385 0 0.047619047619047616
transition 385 1 625 0 0.09523809523809523
transition 386 1 386 0 0.047619047619047616
transition 386 1 229 0 0.047619047619047616
transition 386 1 625 0 0.09523809523809523
transition 387 1 387 0 0.045454545454545456
transition 387 1 230 0 0.045454545454545456
transition 387 1 189 0 0.09090909090909091
transition 387 1 166 0 0.09090909090909091
transition 387 1 165 0 0.09090909090909091
transition 387 1 164 0 0.09090909090909091
transition 387 1 163 0 0.09090909090909091
transition 387 1 625 0 0.09090909090909091
transition 388 1 388 0 0.047619047619047616
transition 388 1 625 0 0.09523809523809523
transition 389 1 389 0 0.047619047619047616
transition 389 1 231 0 0.047619047619047616
transition 389 1 625 0 0.09523809523809523
transition 390 1 390 0 0.047619047619047616
transition 390 1 232 0 0.047619047619047616
transition 390 1 190 0 0.09523809523809523
transition 390 1 625 0 0.09523809523809523
transition 391 1 391 0 0.043478260869565216
transition 391 1 233 0 0.043478260869565216
transition 391 1 191 0 0.043478260869565216
transition 391 1 183 0 0.08695652173913043
transition 391 1 178 0 0.08695652173913043
transition 391 1 175 0 0.08695652173913043
transition 391 1 174 0 0.08695652173913043
transition 391 1 173 0 0.08695652173913043
transition 391 1 172 0 0.08695652173913043
transition 391 1 171 0 0.08695652173913043
transition 391 1 170 0 0.08695652173913043
transition 391 1 169 0 0.08695652173913043
transition 391 1 168 0 0.08695652173913043
transition 392 1 392 0 0.045454545454545456
transition 392 1 625 0 0.09090909090909091
transition 393 1 393 0 0.045454545454545456
transition 393 1 234 0 0.045454545454545456
transition 393 1 625 0 0.09090909090909091
transition 394 1 394 0 0.045454545454545456
transition 394 1 235 0 0.045454545454545456
transition 394 1 192 0 0.045454545454545456
transition 394 1 625 0 0.09090909090909091
transition 395 1 395 0 0.045454545454545456
transition 395 1 236 0 0.045454545454545456
transition 395 1 193 0 0.045454545454545456
transition 395 1 184 0 0.09090909090909091
transition 395 1 625 0 0.09090909090909091
transition 396 1 396 0 0.045454545454545456
transition 396 1 237 0 0.045454545454545456
transition 396 1 194 0 0.045454545454545456
transition 396 1 185 0 0.09090909090909091
transition 396 1 179 0 0.09090909090909091
transition 396 1 625 0 0.09090909090909091
transition 397 1 397 0 0.045454545454545456
transition 397 1 238 0 0.045454545454545456
transition 397 1 195 0 0.045454545454545456
transition 397 1 186 0 0.09090909090909091
transition 397 1 180 0 0.09090909090909091
transition 397 1 176 0 0.09090909090909091
transition 397 1 625 0 0.09090909090909091
transition 398 1 398 0 0.045454545454545456
transition 398 1 239 0 0.045454545454545456
transition 398 1 196 0 0.045454545454545456
transition 398 1 187 0 0.09090909090909091
transition 398 1 181 0 0.09090909090909091
transition 398 1 177 0 0.045454545454545456
transition 398 1 176 0 0.09090909090909091
transition 398 1 625 0 0.09090909090909091
transition 399 1 399 0 0.047619047619047616
transition 399 1 625 0 0.09523809523809523
transition 400 1 400 0 0.045454545454545456
transition 400 1 240 0 0.045454545454545456
transition 400 1 197 0 0.045454545454545456
transition 400 1 188 0 0.09090909090909091
transition 400 1 182 0 0.045454545454545456
transition 400 1 181 0 0.09090909090909091
transition 400 1 180 0 0.09090909090909091
transition 400 1 179 0 0.09090909090909091
transition 400 1 625 0 0.09090909090909091
transition 401 1 401 0 0.047619047619047616
transition 401 1 625 0 0.09523809523809523
transition 402 1 402 0 0.047619047619047616
transition 402 1 241 0 0.047619047619047616
transition 402 1 625 0 0.09523809523809523
transition 403 1 403 0 0.047619047619047616
transition 403 1 242 0 0.047619047619047616
transition 403 1 198 0 0.047619047619047616
transition 403 1 625 0 0.09523809523809523
transition 404 1 404 0 0.045454545454545456
transition 404 1 243 0 0.045454545454545456
transition 404 1 199 0 0.045454545454545456
transition 404 1 189 0 0.045454545454545456
transition 404 1 188 0 0.09090909090909091
transition 404 1 187 0 0.09090909090909091
transition 404 1 186 0 0.09090909090909091
transition 404 1 185 0 0.09090909090909091
transition 404 1 184 0 0.09090909090909091
transition 404 1 625 0 0.09090909090909091
transition 405 1 405 0 0.047619047619047616
transition 405 1 625 0 0.09523809523809523
transition 406 1 406 0 0.047619047619047616
transition 406 1 244 0 0.047619047619047616
transition 406 1 625 0 0.09523809523809523
transition 407 1 407 0 0.047619047619047616
transition 407 1 245 0 0.047619047619047616
transition 407 1 200 0 0.047619047619047616
transition 407 1 625 0 0.09523809523809523
transition 408 1 408 0 0.047619047619047616
transition 408 1 246 0 0.047619047619047616
transition 408 1 201 0 0.047619047619047616
transition 408 1 190 0 0.047619047619047616
transition 408 1 625 0 0.09523809523809523
transition 409 1 409 0 0.047619047619047616
transition 409 1 247 0 0.047619047619047616
transition 409 1 202 0 0.047619047619047616
transition 409 1 190 0 0.09523809523809523
transition 409 1 625 0 0.09523809523809523
transition 410 1 410 0 0.045454545454545456
transition 410 1 248 0 0.045454545454545456
transition 410 1 199 0 0.09090909090909091
transition 410 1 197 0 0.09090909090909091
transition 410 1 196 0 0.09090909090909091
transition 410 1 195 0 0.09090909090909091
transition 410 1 194 0 0.09090909090909091
transition 410 1 193 0 0.09090909090909091
transition 410 1 192 0 0.09090909090909091
transition 410 1 625 0 0.09090909090909091
transition 411 1 411 0 0.047619047619047616
transition 411 1 625 0 0.09523809523809523
transition 412 1 412 0 0.047619047619047616
transition 412 1 249 0 0.047619047619047616
transition 412 1 625 0 0.09523809523809523
transition 413 1 413 0 0.047619047619047616
transition 413 1 250 0 0.047619047619047616
transition 413 1 625 0 0.09523809523809523
transition 414 1 414 0 0.047619047619047616
transition 414 1 251 0 0.047619047619047616
transition 414 1 200 0 0.09523809523809523
transition 414 1 625 0 0.09523809523809523
transition 415 1 415 0 0.047619047619047616
transition 415 1 252 0 0.047619047619047616
transition 415 1 201 0 0.09523809523809523
transition 415 1 198 0 0.047619047619047616
transition 415 1 625 0 0.09523809523809523
transition 416 1 416 0 0.047619047619047616
transition 416 1 253 0 0.047619047619047616
transition 416 1 202 0 0.047619047619047616
transition 416 1 201 0 0.09523809523809523
transition 416 1 200 0 0.09523809523809523
transition 416 1 625 0 0.09523809523809523
transition 417 1 417 0 0.05
transition 417 1 625 0 0.1
transition 418 1 418 0 0.05
transition 418 1 254 0 0.05
transition 418 1 625 0 0.1
transition 419 1 419 0 0.043478260869565216
transition 419 1 233 0 0.08695652173913043
transition 419 1 222 0 0.08695652173913043
transition 419 1 216 0 0.08695652173913043
transition 419 1 212 0 0.08695652173913043
transition 419 1 210 0 0.08695652173913043
transition 419 1 209 0 0.08695652173913043
transition 419 1 208 0 0.08695652173913043
transition 419 1 207 0 0.08695652173913043
transition 419 1 206 0 0.08695652173913043
transition 419 1 205 0 0.08695652173913043
transition 419 1 204 0 0.08695652173913043
transition 420 1 420 0 0.045454545454545456
transition 420 1 625 0 0.045454545454545456
transition 421 1 421 0 0.045454545454545456
transition 421 1 625 0 0.09090909090909091
transition 422 1 422 0 0.045454545454545456
transition 422 1 234 0 0.09090909090909091
transition 422 1 625 0 0.09090909090909091
transition 423 1 423 0 0.045454545454545456
transition 423 1 235 0 0.09090909090909091
transition 423 1 223 0 0.09090909090909091
transition 423 1 625 0 0.09090909090909091
transition 424 1 424 0 0.045454545454545456
transition 424 1 236 0 0.09090909090909091
transition 424 1 224 0 0.09090909090909091
transition 424 1 217 0 0.09090909090909091
transition 424 1 625 0 0.09090909090909091
transition 425 1 425 0 0.045454545454545456
transition 425 1 237 0 0.09090909090909091
transition 425 1 225 0 0.09090909090909091
transition 425 1 218 0 0.09090909090909091
transition 425 1 213 0 0.09090909090909091
transition 425 1 625 0 0.09090909090909091
transition 426 1 426 0 0.045454545454545456
transition 426 1 238 0 0.09090909090909091
transition 426 1 226 0 0.09090909090909091
transition 426 1 219 0 0.09090909090909091
transition 426 1 214 0 0.09090909090909091
transition 426 1 211 0 0.045454545454545456
transition 426 1 625 0 0.09090909090909091
transition 427 1 427 0 0.045454545454545456
transition 427 1 239 0 0.09090909090909091
transition 427 1 227 0 0.09090909090909091
transition 427 1 220 0 0.09090909090909091
transition 427 1 215 0 0.045454545454545456
transition 427 1 214 0 0.09090909090909091
transition 427 1 213 0 0.09090909090909091
transition 427 1 625 0 0.09090909090909091
transition 428 1 428 0 0.047619047619047616
transition 428 1 625 0 0.09523809523809523
transition 429 1 429 0 0.047619047619047616
transition 429 1 625 0 0.09523809523809523
transition 430 1 430 0 0.045454545454545456
transition 430 1 240 0 0.09090909090909091
transition 430 1 228 0 0.09090909090909091
transition 430 1 221 0 0.045454545454545456
transition 430 1 220 0 0.09090909090909091
transition 430 1 219 0 0.09090909090909091
transition 430 1 218 0 0.09090909090909091
transition 430 1 217 0 0.09090909090909091
transition 430 1 625 0 0.09090909090909091
transition 431 1 431 0 0.047619047619047616
transition 431 1 625 0 0.09523809523809523
transition 432 1 432 0 0.047619047619047616
transition 432 1 625 0 0.09523809523809523
transition 433 1 433 0 0.047619047619047616
transition 433 1 241 0 0.09523809523809523
transition 433 1 625 0 0.09523809523809523
transition 434 1 434 0 0.047619047619047616
transition 434 1 242 0 0.09523809523809523
transition 434 1 229 0 0.09523809523809523
transition 434 1 625 0 0.09523809523809523
transition 435 1 435 0 0.045454545454545456
transition 435 1 243 0 0.09090909090909091
transition 435 1 230 0 0.045454545454545456
transition 435 1 228 0 0.09090909090909091
transition 435 1 227 0 0.09090909090909091
transition 435 1 226 0 0.09090909090909091
transition 435 1 225 0 0.09090909090909091
transition 435 1 224 0 0.09090909090909091
transition 435 1 223 0 0.09090909090909091
transition 435 1 625 0 0.09090909090909091
transition 436 1 436 0 0.047619047619047616
transition 436 1 625 0 0.09523809523809523
transition 437 1 437 0 0.047619047619047616
transition 437 1 625 0 0.09523809523809523
transition 438 1 438 0 0.047619047619047616
transition 438 1 244 0 0.09523809523809523
transition 438 1 625 0 0.09523809523809523
transition 439 1 439 0 0.047619047619047616
transition 439 1 245 0 0.09523809523809523
transition 439 1 231 0 0.047619047619047616
transition 439 1 625 0 0.09523809523809523
transition 440 1 440 0 0.047619047619047616
transition 440 1 246 0 0.09523809523809523
transition 440 1 232 0 0.047619047619047616
transition 440 1 229 0 0.047619047619047616
transition 440 1 625 0 0.09523809523809523
transition 441 1 441 0 0.047619047619047616
transition 441 1 247 0 0.09523809523809523
transition 441 1 232 0 0.09523809523809523
transition 441 1 231 0 0.09523809523809523
transition 441 1 625 0 0.09523809523809523
transition 442 1 442 0 0.05
transition 442 1 625 0 0.1
transition 443 1 443 0 0.045454545454545456
transition 443 1 248 0 0.045454545454545456
transition 443 1 243 0 0.09090909090909091
transition 443 1 240 0 0.09090909090909091
transition 443 1 239 0 0.09090909090909091
transition 443 1 238 0 0.09090909090909091
transition 443 1 237 0 0.09090909090909091
transition 443 1 236 0 0.09090909090909091
transition 443 1 235 0 0.09090909090909091
transition 443 1 234 0 0.09090909090909091
transition 443 1 625 0 0.09090909090909091
transition 444 1 444 0 0.047619047619047616
transition 444 1 625 0 0.09523809523809523
transition 445 1 445 0 0.047619047619047616
transition 445 1 625 0 0.09523809523809523
transition 446 1 446 0 0.047619047619047616
transition 446 1 249 0 0.047619047619047616
transition 446 1 625 0 0.09523809523809523
transition 447 1 447 0 0.047619047619047616
transition 447 1 250 0 0.047619047619047616
transition 447 1 244 0 0.09523809523809523
transition 447 1 625 0 0.09523809523809523
transition 448 1 448 0 0.047619047619047616
transition 448 1 251 0 0.047619047619047616
transition 448 1 245 0 0.09523809523809523
transition 448 1 241 0 0.09523809523809523
transition 448 1 625 0 0.09523809523809523
transition 449 1 449 0 0.047619047619047616
transition 449 1 252 0 0.047619047619047616
transition 449 1 246 0 0.09523809523809523
transition 449 1 242 0 0.047619047619047616
transition 449 1 241 0 0.09523809523809523
transition 449 1 625 0 0.09523809523809523
transition 450 1 450 0 0.05
transition 450 1 625 0 0.1
transition 451 1 451 0 0.047619047619047616
transition 451 1 253 0 0.047619047619047616
transition 451 1 247 0 0.047619047619047616
transition 451 1 246 0 0.09523809523809523
transition 451 1 245 0 0.09523809523809523
transition 451 1 244 0 0.09523809523809523
transition 451 1 625 0 0.09523809523809523
transition 452 1 452 0 0.05
transition 452 1 625 0 0.1
transition 453 1 453 0 0.05
transition 453 1 625 0 0.1
transition 454 1 454 0 0.05
transition 454 1 254 0 0.05
transition 454 1 625 0 0.1
transition 455 1 455 0 0.047619047619047616
transition 455 1 253 0 0.09523809523809523
transition 455 1 252 0 0.09523809523809523
transition 455 1 251 0 0.09523809523809523
transition 455 1 250 0 0.09523809523809523
transition 455 1 249 0 0.09523809523809523
transition 455 1 625 0 0.09523809523809523
transition 456 1 456 0 0.05
transition 456 1 625 0 0.1
transition 457 1 457 0 0.05
transition 457 1 625 0 0.1
transition 458 1 458 0 0.05
transition 458 1 625 0 0.1
transition 459 1 459 0 0.05
transition 459 1 254 0 0.05
transition 459 1 625 0 0.1
transition 460 1 355 0 0.08333333333333333
transition 460 1 310 0 0.08333333333333333
transition 460 1 288 0 0.08333333333333333
transition 460 1 276 0 0.08333333333333333
transition 460 1 269 0 0.08333333333333333
transition 460 1 264 0 0.08333333333333333
transition 460 1 261 0 0.08333333333333333
transition 460 1 260 0 0.08333333333333333
transition 460 1 259 0 0.08333333333333333
transition 460 1 258 0 0.08333333333333333
transition 460 1 257 0 0.08333333333333333
transition 460 1 256 0 0.08333333333333333
transition 461 1 356 0 0.08695652173913043
transition 461 1 311 0 0.08695652173913043
transition 461 1 289 0 0.08695652173913043
transition 461 1 625 0 0.043478260869565216
transition 462 1 357 0 0.08695652173913043
transition 462 1 312 0 0.08695652173913043
transition 462 1 290 0 0.08695652173913043
transition 462 1 277 0 0.08695652173913043
transition 462 1 625 0 0.08695652173913043
transition 463 1 358 0 0.08695652173913043
transition 463 1 313 0 0.08695652173913043
transition 463 1 291 0 0.08695652173913043
transition 463 1 278 0 0.08695652173913043
transition 463 1 270 0 0.08695652173913043
transition 463 1 625 0 0.08695652173913043
transition 464 1 359 0 0.08695652173913043
transition 464 1 314 0 0.08695652173913043
transition 464 1 292 0 0.08695652173913043
transition 464 1 279 0 0.08695652173913043
transition 464 1 271 0 0.08695652173913043
transition 464 1 265 0 0.08695652173913043
transition 464 1 625 0 0.08695652173913043
transition 465 1 360 0 0.08695652173913043
transition 465 1 315 0 0.08695652173913043
transition 465 1 293 0 0.08695652173913043
transition 465 1 280 0 0.08695652173913043
transition 465 1 272 0 0.08695652173913043
transition 465 1 266 0 0.08695652173913043
transition 465 1 262 0 0.08695652173913043
transition 465 1 625 0 0.08695652173913043
transition 466 1 361 0 0.08695652173913043
transition 466 1 316 0 0.08695652173913043
transition 466 1 294 0 0.08695652173913043
transition 466 1 281 0 0.08695652173913043
transition 466 1 273 0 0.08695652173913043
transition 466 1 267 0 0.08695652173913043
transition 466 1 263 0 0.043478260869565216
transition 466 1 262 0 0.08695652173913043
transition 466 1 625 0 0.08695652173913043
transition 467 1 625 0 0.09090909090909091
transition 468 1 362 0 0.08695652173913043
transition 468 1 317 0 0.08695652173913043
transition 468 1 295 0 0.08695652173913043
transition 468 1 282 0 0.08695652173913043
transition 468 1 274 0 0.08695652173913043
transition 468 1 268 0 0.043478260869565216
transition 468 1 267 0 0.08695652173913043
transition 468 1 266 0 0.08695652173913043
transition 468 1 265 0 0.08695652173913043
transition 468 1 625 0 0.08695652173913043
transition 469 1 625 0 0.09090909090909091
transition 470 1 363 0 0.09090909090909091
transition 470 1 625 0 0.09090909090909091
transition 471 1 364 0 0.09090909090909091
transition 471 1 318 0 0.09090909090909091
transition 471 1 625 0 0.09090909090909091
transition 472 1 365 0 0.08695652173913043
transition 472 1 319 0 0.08695652173913043
transition 472 1 296 0 0.08695652173913043
transition 472 1 283 0 0.08695652173913043
transition 472 1 275 0 0.043478260869565216
transition 472 1 274 0 0.08695652173913043
transition 472 1 273 0 0.08695652173913043
transition 472 1 272 0 0.08695652173913043
transition 472 1 271 0 0.08695652173913043
transition 472 1 270 0 0.08695652173913043
transition 472 1 625 0 0.08695652173913043
transition 473 1 625 0 0.09090909090909091
transition 474 1 366 0 0.09090909090909091
transition 474 1 625 0 0.09090909090909091
transition 475 1 367 0 0.09090909090909091
transition 475 1 320 0 0.09090909090909091
transition 475 1 625 0 0.09090909090909091
transition 476 1 368 0 0.09090909090909091
transition 476 1 321 0 0.09090909090909091
transition 476 1 297 0 0.09090909090909091
transition 476 1 625 0 0.09090909090909091
transition 477 1 369 0 0.09090909090909091
transition 477 1 322 0 0.09090909090909091
transition 477 1 298 0 0.09090909090909091
transition 477 1 284 0 0.09090909090909091
transition 477 1 625 0 0.09090909090909091
transition 478 1 370 0 0.08695652173913043
transition 478 1 323 0 0.08695652173913043
transition 478 1 299 0 0.08695652173913043
transition 478 1 285 0 0.043478260869565216
transition 478 1 283 0 0.08695652173913043
transition 478 1 282 0 0.08695652173913043
transition 478 1 281 0 0.08695652173913043
transition 478 1 280 0 0.08695652173913043
transition 478 1 279 0 0.08695652173913043
transition 478 1 278 0 0.08695652173913043
transition 478 1 277 0 0.08695652173913043
transition 478 1 625 0 0.08695652173913043
transition 479 1 625 0 0.09090909090909091
transition 480 1 371 0 0.09090909090909091
transition 480 1 625 0 0.09090909090909091
transition 481 1 372 0 0.09090909090909091
transition 481 1 324 0 0.09090909090909091
transition 481 1 625 0 0.09090909090909091
transition 482 1 373 0 0.09090909090909091
transition 482 1 325 0 0.09090909090909091
transition 482 1 300 0 0.09090909090909091
transition 482 1 625 0 0.09090909090909091
transition 483 1 374 0 0.09090909090909091
transition 483 1 326 0 0.09090909090909091
transition 483 1 301 0 0.09090909090909091
transition 483 1 286 0 0.045454545454545456
transition 483 1 625 0 0.09090909090909091
transition 484 1 375 0 0.09090909090909091
transition 484 1 327 0 0.09090909090909091
transition 484 1 302 0 0.09090909090909091
transition 484 1 287 0 0.045454545454545456
transition 484 1 284 0 0.045454545454545456
transition 484 1 625 0 0.09090909090909091
transition 485 1 376 0 0.09090909090909091
transition 485 1 328 0 0.09090909090909091
transition 485 1 303 0 0.09090909090909091
transition 485 1 287 0 0.09090909090909091
transition 485 1 286 0 0.09090909090909091
transition 485 1 625 0 0.09090909090909091
transition 486 1 625 0 0.09523809523809523
transition 487 1 377 0 0.08695652173913043
transition 487 1 329 0 0.08695652173913043
transition 487 1 304 0 0.043478260869565216
transition 487 1 299 0 0.08695652173913043
transition 487 1 296 0 0.08695652173913043
transition 487 1 295 0 0.08695652173913043
transition 487 1 294 0 0.08695652173913043
transition 487 1 293 0 0.08695652173913043
transition 487 1 292 0 0.08695652173913043
transition 487 1 291 0 0.08695652173913043
transition 487 1 290 0 0.08695652173913043
transition 487 1 289 0 0.08695652173913043
transition 488 1 625 0 0.09090909090909091
transition 489 1 378 0 0.09090909090909091
transition 489 1 625 0 0.09090909090909091
transition 490 1 379 0 0.09090909090909091
transition 490 1 330 0 0.09090909090909091
transition 490 1 625 0 0.09090909090909091
transition 491 1 380 0 0.09090909090909091
transition 491 1 331 0 0.09090909090909091
transition 491 1 305 0 0.045454545454545456
transition 491 1 625 0 0.09090909090909091
transition 492 1 381 0 0.09090909090909091
transition 492 1 332 0 0.09090909090909091
transition 492 1 306 0 0.045454545454545456
transition 492 1 300 0 0.09090909090909091
transition 492 1 625 0 0.09090909090909091
transition 493 1 382 0 0.09090909090909091
transition 493 1 333 0 0.09090909090909091
transition 493 1 307 0 0.045454545454545456
transition 493 1 301 0 0.09090909090909091
transition 493 1 297 0 0.09090909090909091
transition 493 1 625 0 0.09090909090909091
transition 494 1 383 0 0.09090909090909091
transition 494 1 334 0 0.09090909090909091
transition 494 1 308 0 0.045454545454545456
transition 494 1 302 0 0.09090909090909091
transition 494 1 298 0 0.045454545454545456
transition 494 1 297 0 0.09090909090909091
transition 494 1 625 0 0.09090909090909091
transition 495 1 625 0 0.09523809523809523
transition 496 1 384 0 0.09090909090909091
transition 496 1 335 0 0.09090909090909091
transition 496 1 309 0 0.045454545454545456
transition 496 1 303 0 0.045454545454545456
transition 496 1 302 0 0.09090909090909091
transition 496 1 301 0 0.09090909090909091
transition 496 1 300 0 0.09090909090909091
transition 496 1 625 0 0.09090909090909091
transition 497 1 625 0 0.09523809523809523
transition 498 1 385 0 0.09523809523809523
transition 498 1 625 0 0.09523809523809523
transition 499 1 386 0 0.09523809523809523
transition 499 1 336 0 0.09523809523809523
transition 499 1 625 0 0.09523809523809523
transition 500 1 387 0 0.09090909090909091
transition 500 1 337 0 0.09090909090909091
transition 500 1 309 0 0.09090909090909091
transition 500 1 308 0 0.09090909090909091
transition 500 1 307 0 0.09090909090909091
transition 500 1 306 0 0.09090909090909091
transition 500 1 305 0 0.09090909090909091
transition 500 1 625 0 0.09090909090909091
transition 501 1 625 0 0.09523809523809523
transition 502 1 388 0 0.09523809523809523
transition 502 1 625 0 0.09523809523809523
transition 503 1 389 0 0.09523809523809523
transition 503 1 338 0 0.09523809523809523
transition 503 1 625 0 0.09523809523809523
transition 504 1 390 0 0.09523809523809523
transition 504 1 339 0 0.09523809523809523
transition 504 1 625 0 0.09523809523809523
transition 505 1 391 0 0.08695652173913043
transition 505 1 340 0 0.043478260869565216
transition 505 1 329 0 0.08695652173913043
transition 505 1 323 0 0.08695652173913043
transition 505 1 319 0 0.08695652173913043
transition 505 1 317 0 0.08695652173913043
transition 505 1 316 0 0.08695652173913043
transition 505 1 315 0 0.08695652173913043
transition 505 1 314 0 0.08695652173913043
transition 505 1 313 0 0.08695652173913043
transition 505 1 312 0 0.08695652173913043
transition 505 1 311 0 0.08695652173913043
transition 506 1 625 0 0.045454545454545456
transition 507 1 392 0 0.09090909090909091
transition 507 1 625 0 0.09090909090909091
transition 508 1 393 0 0.09090909090909091
transition 508 1 341 0 0.045454545454545456
transition 508 1 625 0 0.09090909090909091
transition 509 1 394 0 0.09090909090909091
transition 509 1 342 0 0.045454545454545456
transition 509 1 330 0 0.09090909090909091
transition 509 1 625 0 0.09090909090909091
transition 510 1 395 0 0.09090909090909091
transition 510 1 343 0 0.045454545454545456
transition 510 1 331 0 0.09090909090909091
transition 510 1 324 0 0.09090909090909091
transition 510 1 625 0 0.09090909090909091
transition 511 1 396 0 0.09090909090909091
transition 511 1 344 0 0.045454545454545456
transition 511 1 332 0 0.09090909090909091
transition 511 1 325 0 0.09090909090909091
transition 511 1 320 0 0.09090909090909091
transition 511 1 625 0 0.09090909090909091
transition 512 1 397 0 0.09090909090909091
transition 512 1 345 0 0.045454545454545456
transition 512 1 333 0 0.09090909090909091
transition 512 1 326 0 0.09090909090909091
transition 512 1 321 0 0.09090909090909091
transition 512 1 318 0 0.045454545454545456
transition 512 1 625 0 0.09090909090909091
transition 513 1 398 0 0.09090909090909091
transition 513 1 346 0 0.045454545454545456
transition 513 1 334 0 0.09090909090909091
transition 513 1 327 0 0.09090909090909091
transition 513 1 322 0 0.045454545454545456
transition 513 1 321 0 0.09090909090909091
transition 513 1 320 0 0.09090909090909091
transition 513 1 625 0 0.09090909090909091
transition 514 1 625 0 0.09523809523809523
transition 515 1 399 0 0.09523809523809523
transition 515 1 625 0 0.09523809523809523
transition 516 1 400 0 0.09090909090909091
transition 516 1 347 0 0.045454545454545456
transition 516 1 335 0 0.09090909090909091
transition 516 1 328 0 0.045454545454545456
transition 516 1 327 0 0.09090909090909091
transition 516 1 326 0 0.09090909090909091
transition 516 1 325 0 0.09090909090909091
transition 516 1 324 0 0.09090909090909091
transition 516 1 625 0 0.09090909090909091
transition 517 1 625 0 0.09523809523809523
transition 518 1 401 0 0.09523809523809523
transition 518 1 625 0 0.09523809523809523
transition 519 1 402 0 0.09523809523809523
transition 519 1 348 0 0.047619047619047616
transition 519 1 625 0 0.09523809523809523
transition 520 1 403 0 0.09523809523809523
transition 520 1 349 0 0.047619047619047616
transition 520 1 336 0 0.09523809523809523
transition 520 1 625 0 0.09523809523809523
transition 521 1 404 0 0.09090909090909091
transition 521 1 350 0 0.045454545454545456
transition 521 1 337 0 0.045454545454545456
transition 521 1 335 0 0.09090909090909091
transition 521 1 334 0 0.09090909090909091
transition 521 1 333 0 0.09090909090909091
transition 521 1 332 0 0.09090909090909091
transition 521 1 331 0 0.09090909090909091
transition 521 1 330 0 0.09090909090909091
transition 521 1 625 0 0.09090909090909091
transition 522 1 625 0 0.09523809523809523
transition 523 1 405 0 0.09523809523809523
transition 523 1 625 0 0.09523809523809523
transition 524 1 406 0 0.09523809523809523
transition 524 1 351 0 0.047619047619047616
transition 524 1 625 0 0.09523809523809523
transition 525 1 407 0 0.09523809523809523
transition 525 1 352 0 0.047619047619047616
transition 525 1 338 0 0.047619047619047616
transition 525 1 625 0 0.09523809523809523
transition 526 1 408 0 0.09523809523809523
transition 526 1 353 0 0.047619047619047616
transition 526 1 339 0 0.047619047619047616
transition 526 1 336 0 0.047619047619047616
transition 526 1 625 0 0.09523809523809523
transition 527 1 409 0 0.09523809523809523
transition 527 1 354 0 0.047619047619047616
transition 527 1 339 0 0.09523809523809523
transition 527 1 338 0 0.09523809523809523
transition 527 1 625 0 0.09523809523809523
transition 528 1 625 0 0.1
transition 529 1 410 0 0.09090909090909091
transition 529 1 350 0 0.09090909090909091
transition 529 1 347 0 0.09090909090909091
transition 529 1 346 0 0.09090909090909091
transition 529 1 345 0 0.09090909090909091
transition 529 1 344 0 0.09090909090909091
transition 529 1 343 0 0.09090909090909091
transition 529 1 342 0 0.09090909090909091
transition 529 1 341 0 0.09090909090909091
transition 529 1 625 0 0.09090909090909091
transition 530 1 625 0 0.09523809523809523
transition 531 1 411 0 0.09523809523809523
transition 531 1 625 0 0.09523809523809523
transition 532 1 412 0 0.09523809523809523
transition 532 1 625 0 0.09523809523809523
transition 533 1 413 0 0.09523809523809523
transition 533 1 351 0 0.09523809523809523
transition 533 1 625 0 0.09523809523809523
transition 534 1 414 0 0.09523809523809523
transition 534 1 352 0 0.09523809523809523
transition 534 1 348 0 0.09523809523809523
transition 534 1 625 0 0.09523809523809523
transition 535 1 415 0 0.09523809523809523
transition 535 1 353 0 0.09523809523809523
transition 535 1 349 0 0.047619047619047616
transition 535 1 348 0 0.09523809523809523
transition 535 1 625 0 0.09523809523809523
transition 536 1 625 0 0.1
transition 537 1 416 0 0.09523809523809523
transition 537 1 354 0 0.047619047619047616
transition 537 1 353 0 0.09523809523809523
transition 537 1 352 0 0.09523809523809523
transition 537 1 351 0 0.09523809523809523
transition 537 1 625 0 0.09523809523809523
transition 538 1 625 0 0.1
transition 539 1 417 0 0.1
transition 539 1 625 0 0.1
transition 540 1 418 0 0.1
transition 540 1 625 0 0.1
transition 541 1 419 0 0.043478260869565216
transition 541 1 391 0 0.08695652173913043
transition 541 1 377 0 0.08695652173913043
transition 541 1 370 0 0.08695652173913043
transition 541 1 365 0 0.08695652173913043
transition 541 1 362 0 0.08695652173913043
transition 541 1 361 0 0.08695652173913043
transition 541 1 360 0 0.08695652173913043
transition 541 1 359 0 0.08695652173913043
transition 541 1 358 0 0.08695652173913043
transition 541 1 357 0 0.08695652173913043
transition 541 1 356 0 0.08695652173913043
transition 542 1 420 0 0.045454545454545456
transition 542 1 625 0 0.045454545454545456
transition 543 1 421 0 0.045454545454545456
transition 543 1 392 0 0.09090909090909091
transition 543 1 625 0 0.09090909090909091
transition 544 1 422 0 0.045454545454545456
transition 544 1 393 0 0.09090909090909091
transition 544 1 378 0 0.09090909090909091
transition 544 1 625 0 0.09090909090909091
transition 545 1 423 0 0.045454545454545456
transition 545 1 394 0 0.09090909090909091
transition 545 1 379 0 0.09090909090909091
transition 545 1 371 0 0.09090909090909091
transition 545 1 625 0 0.09090909090909091
transition 546 1 424 0 0.045454545454545456
transition 546 1 395 0 0.09090909090909091
transition 546 1 380 0 0.09090909090909091
transition 546 1 372 0 0.09090909090909091
transition 546 1 366 0 0.09090909090909091
transition 546 1 625 0 0.09090909090909091
transition 547 1 425 0 0.045454545454545456
transition 547 1 396 0 0.09090909090909091
transition 547 1 381 0 0.09090909090909091
transition 547 1 373 0 0.09090909090909091
transition 547 1 367 0 0.09090909090909091
transition 547 1 363 0 0.09090909090909091
transition 547 1 625 0 0.09090909090909091
transition 548 1 426 0 0.045454545454545456
transition 548 1 397 0 0.09090909090909091
transition 548 1 382 0 0.09090909090909091
transition 548 1 374 0 0.09090909090909091
transition 548 1 368 0 0.09090909090909091
transition 548 1 364 0 0.045454545454545456
transition 548 1 363 0 0.09090909090909091
transition 548 1 625 0 0.09090909090909091
transition 549 1 625 0 0.09523809523809523
transition 550 1 427 0 0.045454545454545456
transition 550 1 398 0 0.09090909090909091
transition 550 1 383 0 0.09090909090909091
transition 550 1 375 0 0.09090909090909091
transition 550 1 369 0 0.045454545454545456
transition 550 1 368 0 0.09090909090909091
transition 550 1 367 0 0.09090909090909091
transition 550 1 366 0 0.09090909090909091
transition 550 1 625 0 0.09090909090909091
transition 551 1 625 0 0.09523809523809523
transition 552 1 428 0 0.047619047619047616
transition 552 1 625 0 0.09523809523809523
transition 553 1 429 0 0.047619047619047616
transition 553 1 399 0 0.09523809523809523
transition 553 1 625 0 0.09523809523809523
transition 554 1 430 0 0.045454545454545456
transition 554 1 400 0 0.09090909090909091
transition 554 1 384 0 0.09090909090909091
transition 554 1 376 0 0.045454545454545456
transition 554 1 375 0 0.09090909090909091
transition 554 1 374 0 0.09090909090909091
transition 554 1 373 0 0.09090909090909091
transition 554 1 372 0 0.09090909090909091
transition 554 1 371 0 0.09090909090909091
transition 554 1 625 0 0.09090909090909091
transition 555 1 625 0 0.09523809523809523
transition 556 1 431 0 0.047619047619047616
transition 556 1 625 0 0.09523809523809523
transition 557 1 432 0 0.047619047619047616
transition 557 1 401 0 0.09523809523809523
transition 557 1 625 0 0.09523809523809523
transition 558 1 433 0 0.047619047619047616
transition 558 1 402 0 0.09523809523809523
transition 558 1 385 0 0.09523809523809523
transition 558 1 625 0 0.09523809523809523
transition 559 1 434 0 0.047619047619047616
transition 559 1 403 0 0.09523809523809523
transition 559 1 386 0 0.09523809523809523
transition 559 1 625 0 0.09523809523809523
transition 560 1 435 0 0.045454545454545456
transition 560 1 404 0 0.09090909090909091
transition 560 1 387 0 0.045454545454545456
transition 560 1 384 0 0.09090909090909091
transition 560 1 383 0 0.09090909090909091
transition 560 1 382 0 0.09090909090909091
transition 560 1 381 0 0.09090909090909091
transition 560 1 380 0 0.09090909090909091
transition 560 1 379 0 0.09090909090909091
transition 560 1 378 0 0.09090909090909091
transition 560 1 625 0 0.09090909090909091
transition 561 1 625 0 0.09523809523809523
transition 562 1 436 0 0.047619047619047616
transition 562 1 625 0 0.09523809523809523
transition 563 1 437 0 0.047619047619047616
transition 563 1 405 0 0.09523809523809523
transition 563 1 625 0 0.09523809523809523
transition 564 1 438 0 0.047619047619047616
transition 564 1 406 0 0.09523809523809523
transition 564 1 388 0 0.047619047619047616
transition 564 1 625 0 0.09523809523809523
transition 565 1 439 0 0.047619047619047616
transition 565 1 407 0 0.09523809523809523
transition 565 1 389 0 0.047619047619047616
transition 565 1 385 0 0.09523809523809523
transition 565 1 625 0 0.09523809523809523
transition 566 1 440 0 0.047619047619047616
transition 566 1 408 0 0.09523809523809523
transition 566 1 390 0 0.047619047619047616
transition 566 1 386 0 0.047619047619047616
transition 566 1 385 0 0.09523809523809523
transition 566 1 625 0 0.09523809523809523
transition 567 1 625 0 0.1
transition 568 1 441 0 0.047619047619047616
transition 568 1 409 0 0.09523809523809523
transition 568 1 390 0 0.09523809523809523
transition 568 1 389 0 0.09523809523809523
transition 568 1 388 0 0.09523809523809523
transition 568 1 625 0 0.09523809523809523
transition 569 1 625 0 0.1
transition 570 1 442 0 0.05
transition 570 1 625 0 0.1
transition 571 1 443 0 0.045454545454545456
transition 571 1 410 0 0.045454545454545456
transition 571 1 404 0 0.09090909090909091
transition 571 1 400 0 0.09090909090909091
transition 571 1 398 0 0.09090909090909091
transition 571 1 397 0 0.09090909090909091
transition 571 1 396 0 0.09090909090909091
transition 571 1 395 0 0.09090909090909091
transition 571 1 394 0 0.09090909090909091
transition 571 1 393 0 0.09090909090909091
transition 571 1 392 0 0.09090909090909091
transition 571 1 625 0 0.09090909090909091
transition 572 1 625 0 0.09523809523809523
transition 573 1 444 0 0.047619047619047616
transition 573 1 625 0 0.09523809523809523
transition 574 1 445 0 0.047619047619047616
transition 574 1 411 0 0.047619047619047616
transition 574 1 625 0 0.09523809523809523
transition 575 1 446 0 0.047619047619047616
transition 575 1 412 0 0.047619047619047616
transition 575 1 405 0 0.09523809523809523
transition 575 1 625 0 0.09523809523809523
transition 576 1 447 0 0.047619047619047616
transition 576 1 413 0 0.047619047619047616
transition 576 1 406 0 0.09523809523809523
transition 576 1 401 0 0.09523809523809523
transition 576 1 625 0 0.09523809523809523
transition 577 1 448 0 0.047619047619047616
transition 577 1 414 0 0.047619047619047616
transition 577 1 407 0 0.09523809523809523
transition 577 1 402 0 0.09523809523809523
transition 577 1 399 0 0.047619047619047616
transition 577 1 625 0 0.09523809523809523
transition 578 1 449 0 0.047619047619047616
transition 578 1 415 0 0.047619047619047616
transition 578 1 408 0 0.09523809523809523
transition 578 1 403 0 0.047619047619047616
transition 578 1 402 0 0.09523809523809523
transition 578 1 401 0 0.09523809523809523
transition 578 1 625 0 0.09523809523809523
transition 579 1 625 0 0.1
transition 580 1 450 0 0.05
transition 580 1 625 0 0.1
transition 581 1 451 0 0.047619047619047616
transition 581 1 416 0 0.047619047619047616
transition 581 1 409 0 0.047619047619047616
transition 581 1 408 0 0.09523809523809523
transition 581 1 407 0 0.09523809523809523
transition 581 1 406 0 0.09523809523809523
transition 581 1 405 0 0.09523809523809523
transition 581 1 625 0 0.09523809523809523
transition 582 1 625 0 0.1
transition 583 1 452 0 0.05
transition 583 1 625 0 0.1
transition 584 1 453 0 0.05
transition 584 1 417 0 0.05
transition 584 1 625 0 0.1
transition 585 1 454 0 0.05
transition 585 1 418 0 0.05
transition 585 1 625 0 0.1
transition 586 1 455 0 0.047619047619047616
transition 586 1 416 0 0.09523809523809523
transition 586 1 415 0 0.09523809523809523
transition 586 1 414 0 0.09523809523809523
transition 586 1 413 0 0.09523809523809523
transition 586 1 412 0 0.09523809523809523
transition 586 1 411 0 0.09523809523809523
transition 586 1 625 0 0.09523809523809523
transition 587 1 625 0 0.1
transition 588 1 456 0 0.05
transition 588 1 625 0 0.1
transition 589 1 457 0 0.05
transition 589 1 625 0 0.1
transition 590 1 458 0 0.05
transition 590 1 417 0 0.1
transition 590 1 625 0 0.1
transition 591 1 459 0 0.05
transition 591 1 418 0 0.05
transition 591 1 417 0 0.1
transition 591 1 625 0 0.1
transition 592 1 625 0 0.10526315789473684
transition 593 1 443 0 0.09090909090909091
transition 593 1 435 0 0.09090909090909091
transition 593 1 430 0 0.09090909090909091
transition 593 1 427 0 0.09090909090909091
transition 593 1 426 0 0.09090909090909091
transition 593 1 425 0 0.09090909090909091
transition 593 1 424 0 0.09090909090909091
transition 593 1 423 0 0.09090909090909091
transition 593 1 422 0 0.09090909090909091
transition 593 1 421 0 0.09090909090909091
transition 593 1 420 0 0.09090909090909091
transition 594 1 625 0 0.09523809523809523
transition 595 1 625 0 0.09523809523809523
transition 596 1 444 0 0.09523809523809523
transition 596 1 625 0 0.09523809523809523
transition 597 1 445 0 0.09523809523809523
transition 597 1 436 0 0.09523809523809523
transition 597 1 625 0 0.09523809523809523
transition 598 1 446 0 0.09523809523809523
transition 598 1 437 0 0.09523809523809523
transition 598 1 431 0 0.09523809523809523
transition 598 1 625 0 0.09523809523809523
transition 599 1 447 0 0.09523809523809523
transition 599 1 438 0 0.09523809523809523
transition 599 1 432 0 0.09523809523809523
transition 599 1 428 0 0.09523809523809523
transition 599 1 625 0 0.09523809523809523
transition 600 1 448 0 0.09523809523809523
transition 600 1 439 0 0.09523809523809523
transition 600 1 433 0 0.09523809523809523
transition 600 1 429 0 0.047619047619047616
transition 600 1 428 0 0.09523809523809523
transition 600 1 625 0 0.09523809523809523
transition 601 1 625 0 0.1
transition 602 1 449 0 0.09523809523809523
transition 602 1 440 0 0.09523809523809523
transition 602 1 434 0 0.047619047619047616
transition 602 1 433 0 0.09523809523809523
transition 602 1 432 0 0.09523809523809523
transition 602 1 431 0 0.09523809523809523
transition 602 1 625 0 0.09523809523809523
transition 603 1 625 0 0.1
transition 604 1 625 0 0.1
transition 605 1 450 0 0.1
transition 605 1 625 0 0.1
transition 606 1 451 0 0.09523809523809523
transition 606 1 441 0 0.047619047619047616
transition 606 1 440 0 0.09523809523809523
transition 606 1 439 0 0.09523809523809523
transition 606 1 438 0 0.09523809523809523
transition 606 1 437 0 0.09523809523809523
transition 606 1 436 0 0.09523809523809523
transition 606 1 625 0 0.09523809523809523
transition 607 1 625 0 0.1
transition 608 1 625 0 0.1
transition 609 1 452 0 0.1
transition 609 1 625 0 0.1
transition 610 1 453 0 0.1
transition 610 1 442 0 0.05
transition 610 1 625 0 0.1
transition 611 1 454 0 0.1
transition 611 1 442 0 0.1
transition 611 1 625 0 0.1
transition 612 1 455 0 0.047619047619047616
transition 612 1 451 0 0.09523809523809523
transition 612 1 449 0 0.09523809523809523
transition 612 1 448 0 0.09523809523809523
transition 612 1 447 0 0.09523809523809523
transition 612 1 446 0 0.09523809523809523
transition 612 1 445 0 0.09523809523809523
transition 612 1 444 0 0.09523809523809523
transition 612 1 625 0 0.09523809523809523
transition 613 1 625 0 0.1
transition 614 1 625 0 0.1
transition 615 1 456 0 0.05
transition 615 1 625 0 0.1
transition 616 1 457 0 0.05
transition 616 1 452 0 0.1
transition 616 1 625 0 0.1
transition 617 1 458 0 0.05
transition 617 1 453 0 0.1
transition 617 1 450 0 0.05
transition 617 1 625 0 0.1
transition 618 1 459 0 0.05
transition 618 1 454 0 0.05
transition 618 1 453 0 0.1
transition 618 1 452 0 0.1
transition 618 1 625 0 0.1
transition 619 1 625 0 0.10526315789473684
transition 620 1 625 0 0.10526315789473684
transition 621 1 459 0 0.1
transition 621 1 458 0 0.1
transition 621 1 457 0 0.1
transition 621 1 456 0 0.1
transition 621 1 625 0 0.1
transition 622 1 625 0 0.10526315789473684
transition 623 1 625 0 0.10526315789473684
transition 624 1 625 0 0.10526315789473684
transition 122 2 255 0 0.08
transition 122 2 122 0 0.04
transition 122 2 67 0 0.08
transition 122 2 40 0 0.08
transition 122 2 25 0 0.08
transition 122 2 17 0 0.08
transition 122 2 11 0 0.08
transition 122 2 7 0 0.08
transition 122 2 5 0 0.08
transition 122 2 4 0 0.08
transition 122 2 3 0 0.08
transition 122 2 2 0 0.08
transition 122 2 1 0 0.08
transition 123 2 256 0 0.08333333333333333
transition 123 2 123 0 0.041666666666666664
transition 123 2 68 0 0.08333333333333333
transition 123 2 41 0 0.08333333333333333
transition 123 2 26 0 0.08333333333333333
transition 123 2 625 0 0.041666666666666664
transition 124 2 257 0 0.08333333333333333
transition 124 2 124 0 0.041666666666666664
transition 124 2 69 0 0.08333333333333333
transition 124 2 42 0 0.08333333333333333
transition 124 2 27 0 0.08333333333333333
transition 124 2 18 0 0.08333333333333333
transition 124 2 625 0 0.08333333333333333
transition 125 2 258 0 0.08333333333333333
transition 125 2 125 0 0.041666666666666664
transition 125 2 70 0 0.08333333333333333
transition 125 2 43 0 0.08333333333333333
transition 125 2 28 0 0.08333333333333333
transition 125 2 19 0 0.08333333333333333
transition 125 2 12 0 0.08333333333333333
transition 125 2 625 0 0.08333333333333333
transition 126 2 259 0 0.08333333333333333
transition 126 2 126 0 0.041666666666666664
transition 126 2 71 0 0.08333333333333333
transition 126 2 44 0 0.08333333333333333
transition 126 2 29 0 0.08333333333333333
transition 126 2 20 0 0.08333333333333333
transition 126 2 13 0 0.08333333333333333
transition 126 2 8 0 0.08333333333333333
transition 126 2 625 0 0.08333333333333333
transition 127 2 260 0 0.08333333333333333
transition 127 2 127 0 0.041666666666666664
transition 127 2 72 0 0.08333333333333333
transition 127 2 45 0 0.08333333333333333
transition 127 2 30 0 0.08333333333333333
transition 127 2 21 0 0.08333333333333333
transition 127 2 14 0 0.08333333333333333
transition 127 2 9 0 0.08333333333333333
transition 127 2 6 0 0.041666666666666664
transition 127 2 625 0 0.08333333333333333
transition 128 2 261 0 0.08333333333333333
transition 128 2 128 0 0.041666666666666664
transition 128 2 73 0 0.08333333333333333
transition 128 2 46 0 0.08333333333333333
transition 128 2 31 0 0.08333333333333333
transition 128 2 22 0 0.08333333333333333
transition 128 2 15 0 0.08333333333333333
transition 128 2 10 0 0.041666666666666664
transition 128 2 9 0 0.08333333333333333
transition 128 2 8 0 0.08333333333333333
transition 128 2 625 0 0.08333333333333333
transition 129 2 263 0 0.08695652173913043
transition 129 2 129 0 0.043478260869565216
transition 129 2 625 0 0.08695652173913043
transition 130 2 264 0 0.08333333333333333
transition 130 2 130 0 0.041666666666666664
transition 130 2 74 0 0.08333333333333333
transition 130 2 47 0 0.08333333333333333
transition 130 2 32 0 0.08333333333333333
transition 130 2 23 0 0.08333333333333333
transition 130 2 16 0 0.041666666666666664
transition 130 2 15 0 0.08333333333333333
transition 130 2 14 0 0.08333333333333333
transition 130 2 13 0 0.08333333333333333
transition 130 2 12 0 0.08333333333333333
transition 130 2 625 0 0.08333333333333333
transition 131 2 266 0 0.08695652173913043
transition 131 2 131 0 0.043478260869565216
transition 131 2 625 0 0.08695652173913043
transition 132 2 267 0 0.08695652173913043
transition 132 2 132 0 0.043478260869565216
transition 132 2 75 0 0.08695652173913043
transition 132 2 625 0 0.08695652173913043
transition 133 2 268 0 0.08695652173913043
transition 133 2 133 0 0.043478260869565216
transition 133 2 76 0 0.08695652173913043
transition 133 2 48 0 0.08695652173913043
transition 133 2 625 0 0.08695652173913043
transition 134 2 269 0 0.08333333333333333
transition 134 2 134 0 0.041666666666666664
transition 134 2 77 0 0.08333333333333333
transition 134 2 49 0 0.08333333333333333
transition 134 2 33 0 0.08333333333333333
transition 134 2 24 0 0.041666666666666664
transition 134 2 23 0 0.08333333333333333
transition 134 2 22 0 0.08333333333333333
transition 134 2 21 0 0.08333333333333333
transition 134 2 20 0 0.08333333333333333
transition 134 2 19 0 0.08333333333333333
transition 134 2 18 0 0.08333333333333333
transition 134 2 625 0 0.08333333333333333
transition 135 2 271 0 0.08695652173913043
transition 135 2 135 0 0.043478260869565216
transition 135 2 625 0 0.08695652173913043
transition 136 2 272 0 0.08695652173913043
transition 136 2 136 0 0.043478260869565216
transition 136 2 78 0 0.08695652173913043
transition 136 2 625 0 0.08695652173913043
transition 137 2 273 0 0.08695652173913043
transition 137 2 137 0 0.043478260869565216
transition 137 2 79 0 0.08695652173913043
transition 137 2 50 0 0.08695652173913043
transition 137 2 625 0 0.08695652173913043
transition 138 2 274 0 0.08695652173913043
transition 138 2 138 0 0.043478260869565216
transition 138 2 80 0 0.08695652173913043
transition 138 2 51 0 0.08695652173913043
transition 138 2 34 0 0.08695652173913043
transition 138 2 625 0 0.08695652173913043
transition 139 2 275 0 0.08695652173913043
transition 139 2 139 0 0.043478260869565216
transition 139 2 81 0 0.08695652173913043
transition 139 2 52 0 0.08695652173913043
transition 139 2 35 0 0.08695652173913043
transition 139 2 625 0 0.08695652173913043
transition 140 2 276 0 0.08333333333333333
transition 140 2 140 0 0.041666666666666664
transition 140 2 82 0 0.08333333333333333
transition 140 2 53 0 0.08333333333333333
transition 140 2 36 0 0.041666666666666664
transition 140 2 33 0 0.08333333333333333
transition 140 2 32 0 0.08333333333333333
transition 140 2 31 0 0.08333333333333333
transition 140 2 30 0 0.08333333333333333
transition 140 2 29 0 0.08333333333333333
transition 140 2 28 0 0.08333333333333333
transition 140 2 27 0 0.08333333333333333
transition 140 2 26 0 0.08333333333333333
transition 141 2 278 0 0.08695652173913043
transition 141 2 141 0 0.043478260869565216
transition 141 2 625 0 0.08695652173913043
transition 142 2 279 0 0.08695652173913043
transition 142 2 142 0 0.043478260869565216
transition 142 2 83 0 0.08695652173913043
transition 142 2 625 0 0.08695652173913043
transition 143 2 280 0 0.08695652173913043
transition 143 2 143 0 0.043478260869565216
transition 143 2 84 0 0.08695652173913043
transition 143 2 54 0 0.08695652173913043
transition 143 2 625 0 0.08695652173913043
transition 144 2 281 0 0.08695652173913043
transition 144 2 144 0 0.043478260869565216
transition 144 2 85 0 0.08695652173913043
transition 144 2 55 0 0.08695652173913043
transition 144 2 37 0 0.043478260869565216
transition 144 2 625 0 0.08695652173913043
transition 145 2 282 0 0.08695652173913043
transition 145 2 145 0 0.043478260869565216
transition 145 2 86 0 0.08695652173913043
transition 145 2 56 0 0.08695652173913043
transition 145 2 38 0 0.043478260869565216
transition 145 2 34 0 0.08695652173913043
transition 145 2 625 0 0.08695652173913043
transition 146 2 283 0 0.08695652173913043
transition 146 2 146 0 0.043478260869565216
transition 146 2 87 0 0.08695652173913043
transition 146 2 57 0 0.08695652173913043
transition 146 2 39 0 0.043478260869565216
transition 146 2 35 0 0.043478260869565216
transition 146 2 34 0 0.08695652173913043
transition 146 2 625 0 0.08695652173913043
transition 147 2 285 0 0.08695652173913043
transition 147 2 147 0 0.043478260869565216
transition 147 2 88 0 0.08695652173913043
transition 147 2 58 0 0.08695652173913043
transition 147 2 39 0 0.08695652173913043
transition 147 2 38 0 0.08695652173913043
transition 147 2 37 0 0.08695652173913043
transition 147 2 625 0 0.08695652173913043
transition 148 2 287 0 0.09090909090909091
transition 148 2 148 0 0.045454545454545456
transition 148 2 625 0 0.09090909090909091
transition 149 2 288 0 0.08333333333333333
transition 149 2 149 0 0.041666666666666664
transition 149 2 89 0 0.08333333333333333
transition 149 2 59 0 0.041666666666666664
transition 149 2 53 0 0.08333333333333333
transition 149 2 49 0 0.08333333333333333
transition 149 2 47 0 0.08333333333333333
transition 149 2 46 0 0.08333333333333333
transition 149 2 45 0 0.08333333333333333
transition 149 2 44 0 0.08333333333333333
transition 149 2 43 0 0.08333333333333333
transition 149 2 42 0 0.08333333333333333
transition 149 2 41 0 0.08333333333333333
transition 150 2 290 0 0.08695652173913043
transition 150 2 150 0 0.043478260869565216
transition 150 2 625 0 0.08695652173913043
transition 151 2 291 0 0.08695652173913043
transition 151 2 151 0 0.043478260869565216
transition 151 2 90 0 0.08695652173913043
transition 151 2 625 0 0.08695652173913043
transition 152 2 292 0 0.08695652173913043
transition 152 2 152 0 0.043478260869565216
transition 152 2 91 0 0.08695652173913043
transition 152 2 60 0 0.043478260869565216
transition 152 2 625 0 0.08695652173913043
transition 153 2 293 0 0.08695652173913043
transition 153 2 153 0 0.043478260869565216
transition 153 2 92 0 0.08695652173913043
transition 153 2 61 0 0.043478260869565216
transition 153 2 54 0 0.08695652173913043
transition 153 2 625 0 0.08695652173913043
transition 154 2 294 0 0.08695652173913043
transition 154 2 154 0 0.043478260869565216
transition 154 2 93 0 0.08695652173913043
transition 154 2 62 0 0.043478260869565216
transition 154 2 55 0 0.08695652173913043
transition 154 2 50 0 0.08695652173913043
transition 154 2 625 0 0.08695652173913043
transition 155 2 295 0 0.08695652173913043
transition 155 2 155 0 0.043478260869565216
transition 155 2 94 0 0.08695652173913043
transition 155 2 63 0 0.043478260869565216
transition 155 2 56 0 0.08695652173913043
transition 155 2 51 0 0.08695652173913043
transition 155 2 48 0 0.043478260869565216
transition 155 2 625 0 0.08695652173913043
transition 156 2 296 0 0.08695652173913043
transition 156 2 156 0 0.043478260869565216
transition 156 2 95 0 0.08695652173913043
transition 156 2 64 0 0.043478260869565216
transition 156 2 57 0 0.08695652173913043
transition 156 2 52 0 0.043478260869565216
transition 156 2 51 0 0.08695652173913043
transition 156 2 50 0 0.08695652173913043
transition 156 2 625 0 0.08695652173913043
transition 157 2 298 0 0.09090909090909091
transition 157 2 157 0 0.045454545454545456
transition 157 2 625 0 0.09090909090909091
transition 158 2 299 0 0.08695652173913043
transition 158 2 158 0 0.043478260869565216
transition 158 2 96 0 0.08695652173913043
transition 158 2 65 0 0.043478260869565216
transition 158 2 58 0 0.043478260869565216
transition 158 2 57 0 0.08695652173913043
transition 158 2 56 0 0.08695652173913043
transition 158 2 55 0 0.08695652173913043
transition 158 2 54 0 0.08695652173913043
transition 158 2 625 0 0.08695652173913043
transition 159 2 301 0 0.09090909090909091
transition 159 2 159 0 0.045454545454545456
transition 159 2 625 0 0.09090909090909091
transition 160 2 302 0 0.09090909090909091
transition 160 2 160 0 0.045454545454545456
transition 160 2 97 0 0.09090909090909091
transition 160 2 625 0 0.09090909090909091
transition 161 2 303 0 0.09090909090909091
transition 161 2 161 0 0.045454545454545456
transition 161 2 98 0 0.09090909090909091
transition 161 2 66 0 0.045454545454545456
transition 161 2 625 0 0.09090909090909091
transition 162 2 304 0 0.08695652173913043
transition 162 2 162 0 0.043478260869565216
transition 162 2 99 0 0.08695652173913043
transition 162 2 65 0 0.08695652173913043
transition 162 2 64 0 0.08695652173913043
transition 162 2 63 0 0.08695652173913043
transition 162 2 62 0 0.08695652173913043
transition 162 2 61 0 0.08695652173913043
transition 162 2 60 0 0.08695652173913043
transition 162 2 625 0 0.08695652173913043
transition 163 2 306 0 0.09090909090909091
transition 163 2 163 0 0.045454545454545456
transition 163 2 625 0 0.09090909090909091
transition 164 2 307 0 0.09090909090909091
transition 164 2 164 0 0.045454545454545456
transition 164 2 100 0 0.09090909090909091
transition 164 2 625 0 0.09090909090909091
transition 165 2 308 0 0.09090909090909091
transition 165 2 165 0 0.045454545454545456
transition 165 2 101 0 0.09090909090909091
transition 165 2 625 0 0.09090909090909091
transition 166 2 309 0 0.09090909090909091
transition 166 2 166 0 0.045454545454545456
transition 166 2 102 0 0.09090909090909091
transition 166 2 66 0 0.045454545454545456
transition 166 2 625 0 0.09090909090909091
transition 167 2 310 0 0.08333333333333333
transition 167 2 167 0 0.041666666666666664
transition 167 2 103 0 0.041666666666666664
transition 167 2 89 0 0.08333333333333333
transition 167 2 82 0 0.08333333333333333
transition 167 2 77 0 0.08333333333333333
transition 167 2 74 0 0.08333333333333333
transition 167 2 73 0 0.08333333333333333
transition 167 2 72 0 0.08333333333333333
transition 167 2 71 0 0.08333333333333333
transition 167 2 70 0 0.08333333333333333
transition 167 2 69 0 0.08333333333333333
transition 167 2 68 0 0.08333333333333333
transition 168 2 311 0 0.08695652173913043
transition 168 2 168 0 0.043478260869565216
transition 168 2 625 0 0.043478260869565216
transition 169 2 312 0 0.08695652173913043
transition 169 2 169 0 0.043478260869565216
transition 169 2 104 0 0.043478260869565216
transition 169 2 625 0 0.08695652173913043
transition 170 2 313 0 0.08695652173913043
transition 170 2 170 0 0.043478260869565216
transition 170 2 105 0 0.043478260869565216
transition 170 2 90 0 0.08695652173913043
transition 170 2 625 0 0.08695652173913043
transition 171 2 314 0 0.08695652173913043
transition 171 2 171 0 0.043478260869565216
transition 171 2 106 0 0.043478260869565216
transition 171 2 91 0 0.08695652173913043
transition 171 2 83 0 0.08695652173913043
transition 171 2 625 0 0.08695652173913043
transition 172 2 315 0 0.08695652173913043
transition 172 2 172 0 0.043478260869565216
transition 172 2 107 0 0.043478260869565216
transition 172 2 92 0 0.08695652173913043
transition 172 2 84 0 0.08695652173913043
transition 172 2 78 0 0.08695652173913043
transition 172 2 625 0 0.08695652173913043
transition 173 2 316 0 0.08695652173913043
transition 173 2 173 0 0.043478260869565216
transition 173 2 108 0 0.043478260869565216
transition 173 2 93 0 0.08695652173913043
transition 173 2 85 0 0.08695652173913043
transition 173 2 79 0 0.08695652173913043
transition 173 2 75 0 0.08695652173913043
transition 173 2 625 0 0.08695652173913043
transition 174 2 317 0 0.08695652173913043
transition 174 2 174 0 0.043478260869565216
transition 174 2 109 0 0.043478260869565216
transition 174 2 94 0 0.08695652173913043
transition 174 2 86 0 0.08695652173913043
transition 174 2 80 0 0.08695652173913043
transition 174 2 76 0 0.043478260869565216
transition 174 2 75 0 0.08695652173913043
transition 174 2 625 0 0.08695652173913043
transition 175 2 319 0 0.08695652173913043
transition 175 2 175 0 0.043478260869565216
transition 175 2 110 0 0.043478260869565216
transition 175 2 95 0 0.08695652173913043
transition 175 2 87 0 0.08695652173913043
transition 175 2 81 0 0.043478260869565216
transition 175 2 80 0 0.08695652173913043
transition 175 2 79 0 0.08695652173913043
transition 175 2 78 0 0.08695652173913043
transition 175 2 625 0 0.08695652173913043
transition 176 2 321 0 0.09090909090909091
transition 176 2 176 0 0.045454545454545456
transition 176 2 625 0 0.09090909090909091
transition 177 2 322 0 0.09090909090909091
transition 177 2 177 0 0.045454545454545456
transition 177 2 111 0 0.045454545454545456
transition 177 2 625 0 0.09090909090909091
transition 178 2 323 0 0.08695652173913043
transition 178 2 178 0 0.043478260869565216
transition 178 2 112 0 0.043478260869565216
transition 178 2 96 0 0.08695652173913043
transition 178 2 88 0 0.043478260869565216
transition 178 2 87 0 0.08695652173913043
transition 178 2 86 0 0.08695652173913043
transition 178 2 85 0 0.08695652173913043
transition 178 2 84 0 0.08695652173913043
transition 178 2 83 0 0.08695652173913043
transition 178 2 625 0 0.08695652173913043
transition 179 2 325 0 0.09090909090909091
transition 179 2 179 0 0.045454545454545456
transition 179 2 625 0 0.09090909090909091
transition 180 2 326 0 0.09090909090909091
transition 180 2 180 0 0.045454545454545456
transition 180 2 113 0 0.045454545454545456
transition 180 2 625 0 0.09090909090909091
transition 181 2 327 0 0.09090909090909091
transition 181 2 181 0 0.045454545454545456
transition 181 2 114 0 0.045454545454545456
transition 181 2 97 0 0.09090909090909091
transition 181 2 625 0 0.09090909090909091
transition 182 2 328 0 0.09090909090909091
transition 182 2 182 0 0.045454545454545456
transition 182 2 115 0 0.045454545454545456
transition 182 2 98 0 0.09090909090909091
transition 182 2 625 0 0.09090909090909091
transition 183 2 329 0 0.08695652173913043
transition 183 2 183 0 0.043478260869565216
transition 183 2 116 0 0.043478260869565216
transition 183 2 99 0 0.043478260869565216
transition 183 2 96 0 0.08695652173913043
transition 183 2 95 0 0.08695652173913043
transition 183 2 94 0 0.08695652173913043
transition 183 2 93 0 0.08695652173913043
transition 183 2 92 0 0.08695652173913043
transition 183 2 91 0 0.08695652173913043
transition 183 2 90 0 0.08695652173913043
transition 183 2 625 0 0.08695652173913043
transition 184 2 331 0 0.09090909090909091
transition 184 2 184 0 0.045454545454545456
transition 184 2 625 0 0.09090909090909091
transition 185 2 332 0 0.09090909090909091
transition 185 2 185 0 0.045454545454545456
transition 185 2 117 0 0.045454545454545456
transition 185 2 625 0 0.09090909090909091
transition 186 2 333 0 0.09090909090909091
transition 186 2 186 0 0.045454545454545456
transition 186 2 118 0 0.045454545454545456
transition 186 2 100 0 0.045454545454545456
transition 186 2 625 0 0.09090909090909091
transition 187 2 334 0 0.09090909090909091
transition 187 2 187 0 0.045454545454545456
transition 187 2 119 0 0.045454545454545456
transition 187 2 101 0 0.045454545454545456
transition 187 2 97 0 0.09090909090909091
transition 187 2 625 0 0.09090909090909091
transition 188 2 335 0 0.09090909090909091
transition 188 2 188 0 0.045454545454545456
transition 188 2 120 0 0.045454545454545456
transition 188 2 102 0 0.045454545454545456
transition 188 2 98 0 0.045454545454545456
transition 188 2 97 0 0.09090909090909091
transition 188 2 625 0 0.09090909090909091
transition 189 2 337 0 0.09090909090909091
transition 189 2 189 0 0.045454545454545456
transition 189 2 121 0 0.045454545454545456
transition 189 2 102 0 0.09090909090909091
transition 189 2 101 0 0.09090909090909091
transition 189 2 100 0 0.09090909090909091
transition 189 2 625 0 0.09090909090909091
transition 190 2 339 0 0.09523809523809523
transition 190 2 190 0 0.047619047619047616
transition 190 2 625 0 0.09523809523809523
transition 191 2 340 0 0.08695652173913043
transition 191 2 191 0 0.043478260869565216
transition 191 2 116 0 0.08695652173913043
transition 191 2 112 0 0.08695652173913043
transition 191 2 110 0 0.08695652173913043
transition 191 2 109 0 0.08695652173913043
transition 191 2 108 0 0.08695652173913043
transition 191 2 107 0 0.08695652173913043
transition 191 2 106 0 0.08695652173913043
transition 191 2 105 0 0.08695652173913043
transition 191 2 104 0 0.08695652173913043
transition 191 2 625 0 0.08695652173913043
transition 192 2 342 0 0.09090909090909091
transition 192 2 192 0 0.045454545454545456
transition 192 2 625 0 0.09090909090909091
transition 193 2 343 0 0.09090909090909091
transition 193 2 193 0 0.045454545454545456
transition 193 2 625 0 0.09090909090909091
transition 194 2 344 0 0.09090909090909091
transition 194 2 194 0 0.045454545454545456
transition 194 2 117 0 0.09090909090909091
transition 194 2 625 0 0.09090909090909091
transition 195 2 345 0 0.09090909090909091
transition 195 2 195 0 0.045454545454545456
transition 195 2 118 0 0.09090909090909091
transition 195 2 113 0 0.09090909090909091
transition 195 2 625 0 0.09090909090909091
transition 196 2 346 0 0.09090909090909091
transition 196 2 196 0 0.045454545454545456
transition 196 2 119 0 0.09090909090909091
transition 196 2 114 0 0.09090909090909091
transition 196 2 111 0 0.045454545454545456
transition 196 2 625 0 0.09090909090909091
transition 197 2 347 0 0.09090909090909091
transition 197 2 197 0 0.045454545454545456
transition 197 2 120 0 0.09090909090909091
transition 197 2 115 0 0.045454545454545456
transition 197 2 114 0 0.09090909090909091
transition 197 2 113 0 0.09090909090909091
transition 197 2 625 0 0.09090909090909091
transition 198 2 349 0 0.09523809523809523
transition 198 2 198 0 0.047619047619047616
transition 198 2 625 0 0.09523809523809523
transition 199 2 350 0 0.09090909090909091
transition 199 2 199 0 0.045454545454545456
transition 199 2 121 0 0.045454545454545456
transition 199 2 120 0 0.09090909090909091
transition 199 2 119 0 0.09090909090909091
transition 199 2 118 0 0.09090909090909091
transition 199 2 117 0 0.09090909090909091
transition 199 2 625 0 0.09090909090909091
transition 200 2 352 0 0.09523809523809523
transition 200 2 200 0 0.047619047619047616
transition 200 2 625 0 0.09523809523809523
transition 201 2 353 0 0.09523809523809523
transition 201 2 201 0 0.047619047619047616
transition 201 2 625 0 0.09523809523809523
transition 202 2 354 0 0.09523809523809523
transition 202 2 202 0 0.047619047619047616
transition 202 2 625 0 0.09523809523809523
transition 203 2 355 0 0.08333333333333333
transition 203 2 167 0 0.08333333333333333
transition 203 2 149 0 0.08333333333333333
transition 203 2 140 0 0.08333333333333333
transition 203 2 134 0 0.08333333333333333
transition 203 2 130 0 0.08333333333333333
transition 203 2 128 0 0.08333333333333333
transition 203 2 127 0 0.08333333333333333
transition 203 2 126 0 0.08333333333333333
transition 203 2 125 0 0.08333333333333333
transition 203 2 124 0 0.08333333333333333
transition 203 2 123 0 0.08333333333333333
transition 204 2 356 0 0.08695652173913043
transition 204 2 168 0 0.08695652173913043
transition 204 2 625 0 0.043478260869565216
transition 205 2 357 0 0.08695652173913043
transition 205 2 169 0 0.08695652173913043
transition 205 2 150 0 0.08695652173913043
transition 205 2 625 0 0.08695652173913043
transition 206 2 358 0 0.08695652173913043
transition 206 2 170 0 0.08695652173913043
transition 206 2 151 0 0.08695652173913043
transition 206 2 141 0 0.08695652173913043
transition 206 2 625 0 0.08695652173913043
transition 207 2 359 0 0.08695652173913043
transition 207 2 171 0 0.08695652173913043
transition 207 2 152 0 0.08695652173913043
transition 207 2 142 0 0.08695652173913043
transition 207 2 135 0 0.08695652173913043
transition 207 2 625 0 0.08695652173913043
transition 208 2 360 0 0.08695652173913043
transition 208 2 172 0 0.08695652173913043
transition 208 2 153 0 0.08695652173913043
transition 208 2 143 0 0.08695652173913043
transition 208 2 136 0 0.08695652173913043
transition 208 2 131 0 0.08695652173913043
transition 208 2 625 0 0.08695652173913043
transition 209 2 361 0 0.08695652173913043
transition 209 2 173 0 0.08695652173913043
transition 209 2 154 0 0.08695652173913043
transition 209 2 144 0 0.08695652173913043
transition 209 2 137 0 0.08695652173913043
transition 209 2 132 0 0.08695652173913043
transition 209 2 129 0 0.043478260869565216
transition 209 2 625 0 0.08695652173913043
transition 210 2 362 0 0.08695652173913043
transition 210 2 174 0 0.08695652173913043
transition 210 2 155 0 0.08695652173913043
transition 210 2 145 0 0.08695652173913043
transition 210 2 138 0 0.08695652173913043
transition 210 2 133 0 0.043478260869565216
transition 210 2 132 0 0.08695652173913043
transition 210 2 131 0 0.08695652173913043
transition 210 2 625 0 0.08695652173913043
transition 211 2 364 0 0.09090909090909091
transition 211 2 625 0 0.09090909090909091
transition 212 2 365 0 0.08695652173913043
transition 212 2 175 0 0.08695652173913043
transition 212 2 156 0 0.08695652173913043
transition 212 2 146 0 0.08695652173913043
transition 212 2 139 0 0.043478260869565216
transition 212 2 138 0 0.08695652173913043
transition 212 2 137 0 0.08695652173913043
transition 212 2 136 0 0.08695652173913043
transition 212 2 135 0 0.08695652173913043
transition 212 2 625 0 0.08695652173913043
transition 213 2 367 0 0.09090909090909091
transition 213 2 625 0 0.09090909090909091
transition 214 2 368 0 0.09090909090909091
transition 214 2 176 0 0.09090909090909091
transition 214 2 625 0 0.09090909090909091
transition 215 2 369 0 0.09090909090909091
transition 215 2 177 0 0.09090909090909091
transition 215 2 157 0 0.09090909090909091
transition 215 2 625 0 0.09090909090909091
transition 216 2 370 0 0.08695652173913043
transition 216 2 178 0 0.08695652173913043
transition 216 2 158 0 0.08695652173913043
transition 216 2 147 0 0.043478260869565216
transition 216 2 146 0 0.08695652173913043
transition 216 2 145 0 0.08695652173913043
transition 216 2 144 0 0.08695652173913043
transition 216 2 143 0 0.08695652173913043
transition 216 2 142 0 0.08695652173913043
transition 216 2 141 0 0.08695652173913043
transition 216 2 625 0 0.08695652173913043
transition 217 2 372 0 0.09090909090909091
transition 217 2 625 0 0.09090909090909091
transition 218 2 373 0 0.09090909090909091
transition 218 2 179 0 0.09090909090909091
transition 218 2 625 0 0.09090909090909091
transition 219 2 374 0 0.09090909090909091
transition 219 2 180 0 0.09090909090909091
transition 219 2 159 0 0.09090909090909091
transition 219 2 625 0 0.09090909090909091
transition 220 2 375 0 0.09090909090909091
transition 220 2 181 0 0.09090909090909091
transition 220 2 160 0 0.09090909090909091
transition 220 2 148 0 0.045454545454545456
transition 220 2 625 0 0.09090909090909091
transition 221 2 376 0 0.09090909090909091
transition 221 2 182 0 0.09090909090909091
transition 221 2 161 0 0.09090909090909091
transition 221 2 148 0 0.09090909090909091
transition 221 2 625 0 0.09090909090909091
transition 222 2 377 0 0.08695652173913043
transition 222 2 183 0 0.08695652173913043
transition 222 2 162 0 0.043478260869565216
transition 222 2 158 0 0.08695652173913043
transition 222 2 156 0 0.08695652173913043
transition 222 2 155 0 0.08695652173913043
transition 222 2 154 0 0.08695652173913043
transition 222 2 153 0 0.08695652173913043
transition 222 2 152 0 0.08695652173913043
transition 222 2 151 0 0.08695652173913043
transition 222 2 150 0 0.08695652173913043
transition 222 2 625 0 0.08695652173913043
transition 223 2 379 0 0.09090909090909091
transition 223 2 625 0 0.09090909090909091
transition 224 2 380 0 0.09090909090909091
transition 224 2 184 0 0.09090909090909091
transition 224 2 625 0 0.09090909090909091
transition 225 2 381 0 0.09090909090909091
transition 225 2 185 0 0.09090909090909091
transition 225 2 163 0 0.045454545454545456
transition 225 2 625 0 0.09090909090909091
transition 226 2 382 0 0.09090909090909091
transition 226 2 186 0 0.09090909090909091
transition 226 2 164 0 0.045454545454545456
transition 226 2 159 0 0.09090909090909091
transition 226 2 625 0 0.09090909090909091
transition 227 2 383 0 0.09090909090909091
transition 227 2 187 0 0.09090909090909091
transition 227 2 165 0 0.045454545454545456
transition 227 2 160 0 0.09090909090909091
transition 227 2 157 0 0.045454545454545456
transition 227 2 625 0 0.09090909090909091
transition 228 2 384 0 0.09090909090909091
transition 228 2 188 0 0.09090909090909091
transition 228 2 166 0 0.045454545454545456
transition 228 2 161 0 0.045454545454545456
transition 228 2 160 0 0.09090909090909091
transition 228 2 159 0 0.09090909090909091
transition 228 2 625 0 0.09090909090909091
transition 229 2 386 0 0.09523809523809523
transition 229 2 625 0 0.09523809523809523
transition 230 2 387 0 0.09090909090909091
transition 230 2 189 0 0.09090909090909091
transition 230 2 166 0 0.09090909090909091
transition 230 2 165 0 0.09090909090909091
transition 230 2 164 0 0.09090909090909091
transition 230 2 163 0 0.09090909090909091
transition 230 2 625 0 0.09090909090909091
transition 231 2 389 0 0.09523809523809523
transition 231 2 625 0 0.09523809523809523
transition 232 2 390 0 0.09523809523809523
transition 232 2 190 0 0.09523809523809523
transition 232 2 625 0 0.09523809523809523
transition 233 2 391 0 0.08695652173913043
transition 233 2 191 0 0.043478260869565216
transition 233 2 183 0 0.08695652173913043
transition 233 2 178 0 0.08695652173913043
transition 233 2 175 0 0.08695652173913043
transition 233 2 174 0 0.08695652173913043
transition 233 2 173 0 0.08695652173913043
transition 233 2 172 0 0.08695652173913043
transition 233 2 171 0 0.08695652173913043
transition 233 2 170 0 0.08695652173913043
transition 233 2 169 0 0.08695652173913043
transition 233 2 168 0 0.08695652173913043
transition 234 2 393 0 0.09090909090909091
transition 234 2 625 0 0.09090909090909091
transition 235 2 394 0 0.09090909090909091
transition 235 2 192 0 0.045454545454545456
transition 235 2 625 0 0.09090909090909091
transition 236 2 395 0 0.09090909090909091
transition 236 2 193 0 0.045454545454545456
transition 236 2 184 0 0.09090909090909091
transition 236 2 625 0 0.09090909090909091
transition 237 2 396 0 0.09090909090909091
transition 237 2 194 0 0.045454545454545456
transition 237 2 185 0 0.09090909090909091
transition 237 2 179 0 0.09090909090909091
transition 237 2 625 0 0.09090909090909091
transition 238 2 397 0 0.09090909090909091
transition 238 2 195 0 0.045454545454545456
transition 238 2 186 0 0.09090909090909091
transition 238 2 180 0 0.09090909090909091
transition 238 2 176 0 0.09090909090909091
transition 238 2 625 0 0.09090909090909091
transition 239 2 398 0 0.09090909090909091
transition 239 2 196 0 0.045454545454545456
transition 239 2 187 0 0.09090909090909091
transition 239 2 181 0 0.09090909090909091
transition 239 2 177 0 0.045454545454545456
transition 239 2 176 0 0.09090909090909091
transition 239 2 625 0 0.09090909090909091
transition 240 2 400 0 0.09090909090909091
transition 240 2 197 0 0.045454545454545456
transition 240 2 188 0 0.09090909090909091
transition 240 2 182 0 0.045454545454545456
transition 240 2 181 0 0.09090909090909091
transition 240 2 180 0 0.09090909090909091
transition 240 2 179 0 0.09090909090909091
transition 240 2 625 0 0.09090909090909091
transition 241 2 402 0 0.09523809523809523
transition 241 2 625 0 0.09523809523809523
transition 242 2 403 0 0.09523809523809523
transition 242 2 198 0 0.047619047619047616
transition 242 2 625 0 0.09523809523809523
transition 243 2 404 0 0.09090909090909091
transition 243 2 199 0 0.045454545454545456
transition 243 2 189 0 0.045454545454545456
transition 243 2 188 0 0.09090909090909091
transition 243 2 187 0 0.09090909090909091
transition 243 2 186 0 0.09090909090909091
transition 243 2 185 0 0.09090909090909091
transition 243 2 184 0 0.09090909090909091
transition 243 2 625 0 0.09090909090909091
transition 244 2 406 0 0.09523809523809523
transition 244 2 625 0 0.09523809523809523
transition 245 2 407 0 0.09523809523809523
transition 245 2 200 0 0.047619047619047616
transition 245 2 625 0 0.09523809523809523
transition 246 2 408 0 0.09523809523809523
transition 246 2 201 0 0.047619047619047616
transition 246 2 190 0 0.047619047619047616
transition 246 2 625 0 0.09523809523809523
transition 247 2 409 0 0.09523809523809523
transition 247 2 202 0 0.047619047619047616
transition 247 2 190 0 0.09523809523809523
transition 247 2 625 0 0.09523809523809523
transition 248 2 410 0 0.09090909090909091
transition 248 2 199 0 0.09090909090909091
transition 248 2 197 0 0.09090909090909091
transition 248 2 196 0 0.09090909090909091
transition 248 2 195 0 0.09090909090909091
transition 248 2 194 0 0.09090909090909091
transition 248 2 193 0 0.09090909090909091
transition 248 2 192 0 0.09090909090909091
transition 248 2 625 0 0.09090909090909091
transition 249 2 412 0 0.09523809523809523
transition 249 2 625 0 0.09523809523809523
transition 250 2 413 0 0.09523809523809523
transition 250 2 625 0 0.09523809523809523
transition 251 2 414 0 0.09523809523809523
transition 251 2 200 0 0.09523809523809523
transition 251 2 625 0 0.09523809523809523
transition 252 2 415 0 0.09523809523809523
transition 252 2 201 0 0.09523809523809523
transition 252 2 198 0 0.047619047619047616
transition 252 2 625 0 0.09523809523809523
transition 253 2 416 0 0.09523809523809523
transition 253 2 202 0 0.047619047619047616
transition 253 2 201 0 0.09523809523809523
transition 253 2 200 0 0.09523809523809523
transition 253 2 625 0 0.09523809523809523
transition 254 2 418 0 0.1
transition 254 2 625 0 0.1
transition 355 2 460 0 0.041666666666666664
transition 355 2 355 0 0.041666666666666664
transition 355 2 310 0 0.08333333333333333
transition 355 2 288 0 0.08333333333333333
transition 355 2 276 0 0.08333333333333333
transition 355 2 269 0 0.08333333333333333
transition 355 2 264 0 0.08333333333333333
transition 355 2 261 0 0.08333333333333333
transition 355 2 260 0 0.08333333333333333
transition 355 2 259 0 0.08333333333333333
transition 355 2 258 0 0.08333333333333333
transition 355 2 257 0 0.08333333333333333
transition 355 2 256 0 0.08333333333333333
transition 356 2 461 0 0.043478260869565216
transition 356 2 356 0 0.043478260869565216
transition 356 2 311 0 0.08695652173913043
transition 356 2 289 0 0.08695652173913043
transition 356 2 625 0 0.043478260869565216
transition 357 2 462 0 0.043478260869565216
transition 357 2 357 0 0.043478260869565216
transition 357 2 312 0 0.08695652173913043
transition 357 2 290 0 0.08695652173913043
transition 357 2 277 0 0.08695652173913043
transition 357 2 625 0 0.08695652173913043
transition 358 2 463 0 0.043478260869565216
transition 358 2 358 0 0.043478260869565216
transition 358 2 313 0 0.08695652173913043
transition 358 2 291 0 0.08695652173913043
transition 358 2 278 0 0.08695652173913043
transition 358 2 270 0 0.08695652173913043
transition 358 2 625 0 0.08695652173913043
transition 359 2 464 0 0.043478260869565216
transition 359 2 359 0 0.043478260869565216
transition 359 2 314 0 0.08695652173913043
transition 359 2 292 0 0.08695652173913043
transition 359 2 279 0 0.08695652173913043
transition 359 2 271 0 0.08695652173913043
transition 359 2 265 0 0.08695652173913043
transition 359 2 625 0 0.08695652173913043
transition 360 2 465 0 0.043478260869565216
transition 360 2 360 0 0.043478260869565216
transition 360 2 315 0 0.08695652173913043
transition 360 2 293 0 0.08695652173913043
transition 360 2 280 0 0.08695652173913043
transition 360 2 272 0 0.08695652173913043
transition 360 2 266 0 0.08695652173913043
transition 360 2 262 0 0.08695652173913043
transition 360 2 625 0 0.08695652173913043
transition 361 2 466 0 0.043478260869565216
transition 361 2 361 0 0.043478260869565216
transition 361 2 316 0 0.08695652173913043
transition 361 2 294 0 0.08695652173913043
transition 361 2 281 0 0.08695652173913043
transition 361 2 273 0 0.08695652173913043
transition 361 2 267 0 0.08695652173913043
transition 361 2 263 0 0.043478260869565216
transition 361 2 262 0 0.08695652173913043
transition 361 2 625 0 0.08695652173913043
transition 362 2 468 0 0.043478260869565216
transition 362 2 362 0 0.043478260869565216
transition 362 2 317 0 0.08695652173913043
transition 362 2 295 0 0.08695652173913043
transition 362 2 282 0 0.08695652173913043
transition 362 2 274 0 0.08695652173913043
transition 362 2 268 0 0.043478260869565216
transition 362 2 267 0 0.08695652173913043
transition 362 2 266 0 0.08695652173913043
transition 362 2 265 0 0.08695652173913043
transition 362 2 625 0 0.08695652173913043
transition 363 2 470 0 0.045454545454545456
transition 363 2 363 0 0.045454545454545456
transition 363 2 625 0 0.09090909090909091
transition 364 2 471 0 0.045454545454545456
transition 364 2 364 0 0.045454545454545456
transition 364 2 318 0 0.09090909090909091
transition 364 2 625 0 0.09090909090909091
transition 365 2 472 0 0.043478260869565216
transition 365 2 365 0 0.043478260869565216
transition 365 2 319 0 0.08695652173913043
transition 365 2 296 0 0.08695652173913043
transition 365 2 283 0 0.08695652173913043
transition 365 2 275 0 0.043478260869565216
transition 365 2 274 0 0.08695652173913043
transition 365 2 273 0 0.08695652173913043
transition 365 2 272 0 0.08695652173913043
transition 365 2 271 0 0.08695652173913043
transition 365 2 270 0 0.08695652173913043
transition 365 2 625 0 0.08695652173913043
transition 366 2 474 0 0.045454545454545456
transition 366 2 366 0 0.045454545454545456
transition 366 2 625 0 0.09090909090909091
transition 367 2 475 0 0.045454545454545456
transition 367 2 367 0 0.045454545454545456
transition 367 2 320 0 0.09090909090909091
transition 367 2 625 0 0.09090909090909091
transition 368 2 476 0 0.045454545454545456
transition 368 2 368 0 0.045454545454545456
transition 368 2 321 0 0.09090909090909091
transition 368 2 297 0 0.09090909090909091
transition 368 2 625 0 0.09090909090909091
transition 369 2 477 0 0.045454545454545456
transition 369 2 369 0 0.045454545454545456
transition 369 2 322 0 0.09090909090909091
transition 369 2 298 0 0.09090909090909091
transition 369 2 284 0 0.09090909090909091
transition 369 2 625 0 0.09090909090909091
transition 370 2 478 0 0.043478260869565216
transition 370 2 370 0 0.043478260869565216
transition 370 2 323 0 0.08695652173913043
transition 370 2 299 0 0.08695652173913043
transition 370 2 285 0 0.043478260869565216
transition 370 2 283 0 0.08695652173913043
transition 370 2 282 0 0.08695652173913043
transition 370 2 281 0 0.08695652173913043
transition 370 2 280 0 0.08695652173913043
transition 370 2 279 0 0.08695652173913043
transition 370 2 278 0 0.08695652173913043
transition 370 2 277 0 0.08695652173913043
transition 370 2 625 0 0.08695652173913043
transition 371 2 480 0 0.045454545454545456
transition 371 2 371 0 0.045454545454545456
transition 371 2 625 0 0.09090909090909091
transition 372 2 481 0 0.045454545454545456
transition 372 2 372 0 0.045454545454545456
transition 372 2 324 0 0.09090909090909091
transition 372 2 625 0 0.09090909090909091
transition 373 2 482 0 0.045454545454545456
transition 373 2 373 0 0.045454545454545456
transition 373 2 325 0 0.09090909090909091
transition 373 2 300 0 0.09090909090909091
transition 373 2 625 0 0.09090909090909091
transition 374 2 483 0 0.045454545454545456
transition 374 2 374 0 0.045454545454545456
transition 374 2 326 0 0.09090909090909091
transition 374 2 301 0 0.09090909090909091
transition 374 2 286 0 0.045454545454545456
transition 374 2 625 0 0.09090909090909091
transition 375 2 484 0 0.045454545454545456
transition 375 2 375 0 0.045454545454545456
transition 375 2 327 0 0.09090909090909091
transition 375 2 302 0 0.09090909090909091
transition 375 2 287 0 0.045454545454545456
transition 375 2 284 0 0.045454545454545456
transition 375 2 625 0 0.09090909090909091
transition 376 2 485 0 0.045454545454545456
transition 376 2 376 0 0.045454545454545456
transition 376 2 328 0 0.09090909090909091
transition 376 2 303 0 0.09090909090909091
transition 376 2 287 0 0.09090909090909091
transition 376 2 286 0 0.09090909090909091
transition 376 2 625 0 0.09090909090909091
transition 377 2 487 0 0.043478260869565216
transition 377 2 377 0 0.043478260869565216
transition 377 2 329 0 0.08695652173913043
transition 377 2 304 0 0.043478260869565216
transition 377 2 299 0 0.08695652173913043
transition 377 2 296 0 0.08695652173913043
transition 377 2 295 0 0.08695652173913043
transition 377 2 294 0 0.08695652173913043
transition 377 2 293 0 0.08695652173913043
transition 377 2 292 0 0.08695652173913043
transition 377 2 291 0 0.08695652173913043
transition 377 2 290 0 0.08695652173913043
transition 377 2 289 0 0.08695652173913043
transition 378 2 489 0 0.045454545454545456
transition 378 2 378 0 0.045454545454545456
transition 378 2 625 0 0.09090909090909091
transition 379 2 490 0 0.045454545454545456
transition 379 2 379 0 0.045454545454545456
transition 379 2 330 0 0.09090909090909091
transition 379 2 625 0 0.09090909090909091
transition 380 2 491 0 0.045454545454545456
transition 380 2 380 0 0.045454545454545456
transition 380 2 331 0 0.09090909090909091
transition 380 2 305 0 0.045454545454545456
transition 380 2 625 0 0.09090909090909091
transition 381 2 492 0 0.045454545454545456
transition 381 2 381 0 0.045454545454545456
transition 381 2 332 0 0.09090909090909091
transition 381 2 306 0 0.045454545454545456
transition 381 2 300 0 0.09090909090909091
transition 381 2 625 0 0.09090909090909091
transition 382 2 493 0 0.045454545454545456
transition 382 2 382 0 0.045454545454545456
transition 382 2 333 0 0.09090909090909091
transition 382 2 307 0 0.045454545454545456
transition 382 2 301 0 0.09090909090909091
transition 382 2 297 0 0.09090909090909091
transition 382 2 625 0 0.09090909090909091
transition 383 2 494 0 0.045454545454545456
transition 383 2 383 0 0.045454545454545456
transition 383 2 334 0 0.09090909090909091
transition 383 2 308 0 0.045454545454545456
transition 383 2 302 0 0.09090909090909091
transition 383 2 298 0 0.045454545454545456
transition 383 2 297 0 0.09090909090909091
transition 383 2 625 0 0.09090909090909091
transition 384 2 496 0 0.045454545454545456
transition 384 2 384 0 0.045454545454545456
transition 384 2 335 0 0.09090909090909091
transition 384 2 309 0 0.045454545454545456
transition 384 2 303 0 0.045454545454545456
transition 384 2 302 0 0.09090909090909091
transition 384 2 301 0 0.09090909090909091
transition 384 2 300 0 0.09090909090909091
transition 384 2 625 0 0.09090909090909091
transition 385 2 498 0 0.047619047619047616
transition 385 2 385 0 0.047619047619047616
transition 385 2 625 0 0.09523809523809523
transition 386 2 499 0 0.047619047619047616
transition 386 2 386 0 0.047619047619047616
transition 386 2 336 0 0.09523809523809523
transition 386 2 625 0 0.09523809523809523
transition 387 2 500 0 0.045454545454545456
transition 387 2 387 0 0.045454545454545456
transition 387 2 337 0 0.09090909090909091
transition 387 2 309 0 0.09090909090909091
transition 387 2 308 0 0.09090909090909091
transition 387 2 307 0 0.09090909090909091
transition 387 2 306 0 0.09090909090909091
transition 387 2 305 0 0.09090909090909091
transition 387 2 625 0 0.09090909090909091
transition 388 2 502 0 0.047619047619047616
transition 388 2 388 0 0.047619047619047616
transition 388 2 625 0 0.09523809523809523
transition 389 2 503 0 0.047619047619047616
transition 389 2 389 0 0.047619047619047616
transition 389 2 338 0 0.09523809523809523
transition 389 2 625 0 0.09523809523809523
transition 390 2 504 0 0.047619047619047616
transition 390 2 390 0 0.047619047619047616
transition 390 2 339 0 0.09523809523809523
transition 390 2 625 0 0.09523809523809523
transition 391 2 505 0 0.043478260869565216
transition 391 2 391 0 0.043478260869565216
transition 391 2 340 0 0.043478260869565216
transition 391 2 329 0 0.08695652173913043
transition 391 2 323 0 0.08695652173913043
transition 391 2 319 0 0.08695652173913043
transition 391 2 317 0 0.08695652173913043
transition 391 2 316 0 0.08695652173913043
transition 391 2 315 0 0.08695652173913043
transition 391 2 314 0 0.08695652173913043
transition 391 2 313 0 0.08695652173913043
transition 391 2 312 0 0.08695652173913043
transition 391 2 311 0 0.08695652173913043
transition 392 2 507 0 0.045454545454545456
transition 392 2 392 0 0.045454545454545456
transition 392 2 625 0 0.09090909090909091
transition 393 2 508 0 0.045454545454545456
transition 393 2 393 0 0.045454545454545456
transition 393 2 341 0 0.045454545454545456
transition 393 2 625 0 0.09090909090909091
transition 394 2 509 0 0.045454545454545456
transition 394 2 394 0 0.045454545454545456
transition 394 2 342 0 0.045454545454545456
transition 394 2 330 0 0.09090909090909091
transition 394 2 625 0 0.09090909090909091
transition 395 2 510 0 0.045454545454545456
transition 395 2 395 0 0.045454545454545456
transition 395 2 343 0 0.045454545454545456
transition 395 2 331 0 0.09090909090909091
transition 395 2 324 0 0.09090909090909091
transition 395 2 625 0 0.09090909090909091
transition 396 2 511 0 0.045454545454545456
transition 396 2 396 0 0.045454545454545456
transition 396 2 344 0 0.045454545454545456
transition 396 2 332 0 0.09090909090909091
transition 396 2 325 0 0.09090909090909091
transition 396 2 320 0 0.09090909090909091
transition 396 2 625 0 0.09090909090909091
transition 397 2 512 0 0.045454545454545456
transition 397 2 397 0 0.045454545454545456
transition 397 2 345 0 0.045454545454545456
transition 397 2 333 0 0.09090909090909091
transition 397 2 326 0 0.09090909090909091
transition 397 2 321 0 0.09090909090909091
transition 397 2 318 0 0.045454545454545456
transition 397 2 625 0 0.09090909090909091
transition 398 2 513 0 0.045454545454545456
transition 398 2 398 0 0.045454545454545456
transition 398 2 346 0 0.045454545454545456
transition 398 2 334 0 0.09090909090909091
transition 398 2 327 0 0.09090909090909091
transition 398 2 322 0 0.045454545454545456
transition 398 2 321 0 0.09090909090909091
transition 398 2 320 0 0.09090909090909091
transition 398 2 625 0 0.09090909090909091
transition 399 2 515 0 0.047619047619047616
transition 399 2 399 0 0.047619047619047616
transition 399 2 625 0 0.09523809523809523
transition 400 2 516 0 0.045454545454545456
transition 400 2 400 0 0.045454545454545456
transition 400 2 347 0 0.045454545454545456
transition 400 2 335 0 0.09090909090909091
transition 400 2 328 0 0.045454545454545456
transition 400 2 327 0 0.09090909090909091
transition 400 2 326 0 0.09090909090909091
transition 400 2 325 0 0.09090909090909091
transition 400 2 324 0 0.09090909090909091
transition 400 2 625 0 0.09090909090909091
transition 401 2 518 0 0.047619047619047616
transition 401 2 401 0 0.047619047619047616
transition 401 2 625 0 0.09523809523809523
transition 402 2 519 0 0.047619047619047616
transition 402 2 402 0 0.047619047619047616
transition 402 2 348 0 0.047619047619047616
transition 402 2 625 0 0.09523809523809523
transition 403 2 520 0 0.047619047619047616
transition 403 2 403 0 0.047619047619047616
transition 403 2 349 0 0.047619047619047616
transition 403 2 336 0 0.09523809523809523
transition 403 2 625 0 0.09523809523809523
transition 404 2 521 0 0.045454545454545456
transition 404 2 404 0 0.045454545454545456
transition 404 2 350 0 0.045454545454545456
transition 404 2 337 0 0.045454545454545456
transition 404 2 335 0 0.09090909090909091
transition 404 2 334 0 0.09090909090909091
transition 404 2 333 0 0.09090909090909091
transition 404 2 332 0 0.09090909090909091
transition 404 2 331 0 0.09090909090909091
transition 404 2 330 0 0.09090909090909091
transition 404 2 625 0 0.09090909090909091
transition 405 2 523 0 0.047619047619047616
transition 405 2 405 0 0.047619047619047616
transition 405 2 625 0 0.09523809523809523
transition 406 2 524 0 0.047619047619047616
transition 406 2 406 0 0.047619047619047616
transition 406 2 351 0 0.047619047619047616
transition 406 2 625 0 0.09523809523809523
transition 407 2 525 0 0.047619047619047616
transition 407 2 407 0 0.047619047619047616
transition 407 2 352 0 0.047619047619047616
transition 407 2 338 0 0.047619047619047616
transition 407 2 625 0 0.09523809523809523
transition 408 2 526 0 0.047619047619047616
transition 408 2 408 0 0.047619047619047616
transition 408 2 353 0 0.047619047619047616
transition 408 2 339 0 0.047619047619047616
transition 408 2 336 0 0.047619047619047616
transition 408 2 625 0 0.09523809523809523
transition 409 2 527 0 0.047619047619047616
transition 409 2 409 0 0.047619047619047616
transition 409 2 354 0 0.047619047619047616
transition 409 2 339 0 0.09523809523809523
transition 409 2 338 0 0.09523809523809523
transition 409 2 625 0 0.09523809523809523
transition 410 2 529 0 0.045454545454545456
transition 410 2 410 0 0.045454545454545456
transition 410 2 350 0 0.09090909090909091
transition 410 2 347 0 0.09090909090909091
transition 410 2 346 0 0.09090909090909091
transition 410 2 345 0 0.09090909090909091
transition 410 2 344 0 0.09090909090909091
transition 410 2 343 0 0.09090909090909091
transition 410 2 342 0 0.09090909090909091
transition 410 2 341 0 0.09090909090909091
transition 410 2 625 0 0.09090909090909091
transition 411 2 531 0 0.047619047619047616
transition 411 2 411 0 0.047619047619047616
transition 411 2 625 0 0.09523809523809523
transition 412 2 532 0 0.047619047619047616
transition 412 2 412 0 0.047619047619047616
transition 412 2 625 0 0.09523809523809523
transition 413 2 533 0 0.047619047619047616
transition 413 2 413 0 0.047619047619047616
transition 413 2 351 0 0.09523809523809523
transition 413 2 625 0 0.09523809523809523
transition 414 2 534 0 0.047619047619047616
transition 414 2 414 0 0.047619047619047616
transition 414 2 352 0 0.09523809523809523
transition 414 2 348 0 0.09523809523809523
transition 414 2 625 0 0.09523809523809523
transition 415 2 535 0 0.047619047619047616
transition 415 2 415 0 0.047619047619047616
transition 415 2 353 0 0.09523809523809523
transition 415 2 349 0 0.047619047619047616
transition 415 2 348 0 0.09523809523809523
transition 415 2 625 0 0.09523809523809523
transition 416 2 537 0 0.047619047619047616
transition 416 2 416 0 0.047619047619047616
transition 416 2 354 0 0.047619047619047616
transition 416 2 353 0 0.09523809523809523
transition 416 2 352 0 0.09523809523809523
transition 416 2 351 0 0.09523809523809523
transition 416 2 625 0 0.09523809523809523
transition 417 2 539 0 0.05
transition 417 2 417 0 0.05
transition 417 2 625 0 0.1
transition 418 2 540 0 0.05
transition 418 2 418 0 0.05
transition 418 2 625 0 0.1
transition 419 2 541 0 0.043478260869565216
transition 419 2 391 0 0.08695652173913043
transition 419 2 377 0 0.08695652173913043
transition 419 2 370 0 0.08695652173913043
transition 419 2 365 0 0.08695652173913043
transition 419 2 362 0 0.08695652173913043
transition 419 2 361 0 0.08695652173913043
transition 419 2 360 0 0.08695652173913043
transition 419 2 359 0 0.08695652173913043
transition 419 2 358 0 0.08695652173913043
transition 419 2 357 0 0.08695652173913043
transition 419 2 356 0 0.08695652173913043
transition 420 2 542 0 0.045454545454545456
transition 420 2 625 0 0.045454545454545456
transition 421 2 543 0 0.045454545454545456
transition 421 2 392 0 0.09090909090909091
transition 421 2 625 0 0.09090909090909091
transition 422 2 544 0 0.045454545454545456
transition 422 2 393 0 0.09090909090909091
transition 422 2 378 0 0.09090909090909091
transition 422 2 625 0 0.09090909090909091
transition 423 2 545 0 0.045454545454545456
transition 423 2 394 0 0.09090909090909091
transition 423 2 379 0 0.09090909090909091
transition 423 2 371 0 0.09090909090909091
transition 423 2 625 0 0.09090909090909091
transition 424 2 546 0 0.045454545454545456
transition 424 2 395 0 0.09090909090909091
transition 424 2 380 0 0.09090909090909091
transition 424 2 372 0 0.09090909090909091
transition 424 2 366 0 0.09090909090909091
transition 424 2 625 0 0.09090909090909091
transition 425 2 547 0 0.045454545454545456
transition 425 2 396 0 0.09090909090909091
transition 425 2 381 0 0.09090909090909091
transition 425 2 373 0 0.09090909090909091
transition 425 2 367 0 0.09090909090909091
transition 425 2 363 0 0.09090909090909091
transition 425 2 625 0 0.09090909090909091
transition 426 2 548 0 0.045454545454545456
transition 426 2 397 0 0.09090909090909091
transition 426 2 382 0 0.09090909090909091
transition 426 2 374 0 0.09090909090909091
transition 426 2 368 0 0.09090909090909091
transition 426 2 364 0 0.045454545454545456
transition 426 2 363 0 0.09090909090909091
transition 426 2 625 0 0.09090909090909091
transition 427 2 550 0 0.045454545454545456
transition 427 2 398 0 0.09090909090909091
transition 427 2 383 0 0.09090909090909091
transition 427 2 375 0 0.09090909090909091
transition 427 2 369 0 0.045454545454545456
transition 427 2 368 0 0.09090909090909091
transition 427 2 367 0 0.09090909090909091
transition 427 2 366 0 0.09090909090909091
transition 427 2 625 0 0.09090909090909091
transition 428 2 552 0 0.047619047619047616
transition 428 2 625 0 0.09523809523809523
transition 429 2 553 0 0.047619047619047616
transition 429 2 399 0 0.09523809523809523
transition 429 2 625 0 0.09523809523809523
transition 430 2 554 0 0.045454545454545456
transition 430 2 400 0 0.09090909090909091
transition 430 2 384 0 0.09090909090909091
transition 430 2 376 0 0.045454545454545456
transition 430 2 375 0 0.09090909090909091
transition 430 2 374 0 0.09090909090909091
transition 430 2 373 0 0.09090909090909091
transition 430 2 372 0 0.09090909090909091
transition 430 2 371 0 0.09090909090909091
transition 430 2 625 0 0.09090909090909091
transition 431 2 556 0 0.047619047619047616
transition 431 2 625 0 0.09523809523809523
transition 432 2 557 0 0.047619047619047616
transition 432 2 401 0 0.09523809523809523
transition 432 2 625 0 0.09523809523809523
transition 433 2 558 0 0.047619047619047616
transition 433 2 402 0 0.09523809523809523
transition 433 2 385 0 0.09523809523809523
transition 433 2 625 0 0.09523809523809523
transition 434 2 559 0 0.047619047619047616
transition 434 2 403 0 0.09523809523809523
transition 434 2 386 0 0.09523809523809523
transition 434 2 625 0 0.09523809523809523
transition 435 2 560 0 0.045454545454545456
transition 435 2 404 0 0.09090909090909091
transition 435 2 387 0 0.045454545454545456
transition 435 2 384 0 0.09090909090909091
transition 435 2 383 0 0.09090909090909091
transition 435 2 382 0 0.09090909090909091
transition 435 2 381 0 0.09090909090909091
transition 435 2 380 0 0.09090909090909091
transition 435 2 379 0 0.09090909090909091
transition 435 2 378 0 0.09090909090909091
transition 435 2 625 0 0.09090909090909091
transition 436 2 562 0 0.047619047619047616
transition 436 2 625 0 0.09523809523809523
transition 437 2 563 0 0.047619047619047616
transition 437 2 405 0 0.09523809523809523
transition 437 2 625 0 0.09523809523809523
transition 438 2 564 0 0.047619047619047616
transition 438 2 406 0 0.09523809523809523
transition 438 2 388 0 0.047619047619047616
transition 438 2 625 0 0.09523809523809523
transition 439 2 565 0 0.047619047619047616
transition 439 2 407 0 0.09523809523809523
transition 439 2 389 0 0.047619047619047616
transition 439 2 385 0 0.09523809523809523
transition 439 2 625 0 0.09523809523809523
transition 440 2 566 0 0.047619047619047616
transition 440 2 408 0 0.09523809523809523
transition 440 2 390 0 0.047619047619047616
transition 440 2 386 0 0.047619047619047616
transition 440 2 385 0 0.09523809523809523
transition 440 2 625 0 0.09523809523809523
transition 441 2 568 0 0.047619047619047616
transition 441 2 409 0 0.09523809523809523
transition 441 2 390 0 0.09523809523809523
transition 441 2 389 0 0.09523809523809523
transition 441 2 388 0 0.09523809523809523
transition 441 2 625 0 0.09523809523809523
transition 442 2 570 0 0.05
transition 442 2 625 0 0.1
transition 443 2 571 0 0.045454545454545456
transition 443 2 410 0 0.045454545454545456
transition 443 2 404 0 0.09090909090909091
transition 443 2 400 0 0.09090909090909091
transition 443 2 398 0 0.09090909090909091
transition 443 2 397 0 0.09090909090909091
transition 443 2 396 0 0.09090909090909091
transition 443 2 395 0 0.09090909090909091
transition 443 2 394 0 0.09090909090909091
transition 443 2 393 0 0.09090909090909091
transition 443 2 392 0 0.09090909090909091
transition 443 2 625 0 0.09090909090909091
transition 444 2 573 0 0.047619047619047616
transition 444 2 625 0 0.09523809523809523
transition 445 2 574 0 0.047619047619047616
transition 445 2 411 0 0.047619047619047616
transition 445 2 625 0 0.09523809523809523
transition 446 2 575 0 0.047619047619047616
transition 446 2 412 0 0.047619047619047616
transition 446 2 405 0 0.09523809523809523
transition 446 2 625 0 0.09523809523809523
transition 447 2 576 0 0.047619047619047616
transition 447 2 413 0 0.047619047619047616
transition 447 2 406 0 0.09523809523809523
transition 447 2 401 0 0.09523809523809523
transition 447 2 625 0 0.09523809523809523
transition 448 2 577 0 0.047619047619047616
transition 448 2 414 0 0.047619047619047616
transition 448 2 407 0 0.09523809523809523
transition 448 2 402 0 0.09523809523809523
transition 448 2 399 0 0.047619047619047616
transition 448 2 625 0 0.09523809523809523
transition 449 2 578 0 0.047619047619047616
transition 449 2 415 0 0.047619047619047616
transition 449 2 408 0 0.09523809523809523
transition 449 2 403 0 0.047619047619047616
transition 449 2 402 0 0.09523809523809523
transition 449 2 401 0 0.09523809523809523
transition 449 2 625 0 0.09523809523809523
transition 450 2 580 0 0.05
transition 450 2 625 0 0.1
transition 451 2 581 0 0.047619047619047616
transition 451 2 416 0 0.047619047619047616
transition 451 2 409 0 0.047619047619047616
transition 451 2 408 0 0.09523809523809523
transition 451 2 407 0 0.09523809523809523
transition 451 2 406 0 0.09523809523809523
transition 451 2 405 0 0.09523809523809523
transition 451 2 625 0 0.09523809523809523
transition 452 2 583 0 0.05
transition 452 2 625 0 0.1
transition 453 2 584 0 0.05
transition 453 2 417 0 0.05
transition 453 2 625 0 0.1
transition 454 2 585 0 0.05
transition 454 2 418 0 0.05
transition 454 2 625 0 0.1
transition 455 2 586 0 0.047619047619047616
transition 455 2 416 0 0.09523809523809523
transition 455 2 415 0 0.09523809523809523
transition 455 2 414 0 0.09523809523809523
transition 455 2 413 0 0.09523809523809523
transition 455 2 412 0 0.09523809523809523
transition 455 2 411 0 0.09523809523809523
transition 455 2 625 0 0.09523809523809523
transition 456 2 588 0 0.05
transition 456 2 625 0 0.1
transition 457 2 589 0 0.05
transition 457 2 625 0 0.1
transition 458 2 590 0 0.05
transition 458 2 417 0 0.1
transition 458 2 625 0 0.1
transition 459 2 591 0 0.05
transition 459 2 418 0 0.05
transition 459 2 417 0 0.1
transition 459 2 625 0 0.1
transition 541 2 541 0 0.043478260869565216
transition 541 2 505 0 0.08695652173913043
transition 541 2 487 0 0.08695652173913043
transition 541 2 478 0 0.08695652173913043
transition 541 2 472 0 0.08695652173913043
transition 541 2 468 0 0.08695652173913043
transition 541 2 466 0 0.08695652173913043
transition 541 2 465 0 0.08695652173913043
transition 541 2 464 0 0.08695652173913043
transition 541 2 463 0 0.08695652173913043
transition 541 2 462 0 0.08695652173913043
transition 541 2 461 0 0.08695652173913043
transition 542 2 542 0 0.045454545454545456
transition 542 2 506 0 0.09090909090909091
transition 542 2 625 0 0.045454545454545456
transition 543 2 543 0 0.045454545454545456
transition 543 2 507 0 0.09090909090909091
transition 543 2 488 0 0.09090909090909091
transition 543 2 625 0 0.09090909090909091
transition 544 2 544 0 0.045454545454545456
transition 544 2 508 0 0.09090909090909091
transition 544 2 489 0 0.09090909090909091
transition 544 2 479 0 0.09090909090909091
transition 544 2 625 0 0.09090909090909091
transition 545 2 545 0 0.045454545454545456
transition 545 2 509 0 0.09090909090909091
transition 545 2 490 0 0.09090909090909091
transition 545 2 480 0 0.09090909090909091
transition 545 2 473 0 0.09090909090909091
transition 545 2 625 0 0.09090909090909091
transition 546 2 546 0 0.045454545454545456
transition 546 2 510 0 0.09090909090909091
transition 546 2 491 0 0.09090909090909091
transition 546 2 481 0 0.09090909090909091
transition 546 2 474 0 0.09090909090909091
transition 546 2 469 0 0.09090909090909091
transition 546 2 625 0 0.09090909090909091
transition 547 2 547 0 0.045454545454545456
transition 547 2 511 0 0.09090909090909091
transition 547 2 492 0 0.09090909090909091
transition 547 2 482 0 0.09090909090909091
transition 547 2 475 0 0.09090909090909091
transition 547 2 470 0 0.09090909090909091
transition 547 2 467 0 0.045454545454545456
transition 547 2 625 0 0.09090909090909091
transition 548 2 548 0 0.045454545454545456
transition 548 2 512 0 0.09090909090909091
transition 548 2 493 0 0.09090909090909091
transition 548 2 483 0 0.09090909090909091
transition 548 2 476 0 0.09090909090909091
transition 548 2 471 0 0.045454545454545456
transition 548 2 470 0 0.09090909090909091
transition 548 2 469 0 0.09090909090909091
transition 548 2 625 0 0.09090909090909091
transition 549 2 549 0 0.047619047619047616
transition 549 2 625 0 0.09523809523809523
transition 550 2 550 0 0.045454545454545456
transition 550 2 513 0 0.09090909090909091
transition 550 2 494 0 0.09090909090909091
transition 550 2 484 0 0.09090909090909091
transition 550 2 477 0 0.045454545454545456
transition 550 2 476 0 0.09090909090909091
transition 550 2 475 0 0.09090909090909091
transition 550 2 474 0 0.09090909090909091
transition 550 2 473 0 0.09090909090909091
transition 550 2 625 0 0.09090909090909091
transition 551 2 551 0 0.047619047619047616
transition 551 2 625 0 0.09523809523809523
transition 552 2 552 0 0.047619047619047616
transition 552 2 514 0 0.09523809523809523
transition 552 2 625 0 0.09523809523809523
transition 553 2 553 0 0.047619047619047616
transition 553 2 515 0 0.09523809523809523
transition 553 2 495 0 0.09523809523809523
transition 553 2 625 0 0.09523809523809523
transition 554 2 554 0 0.045454545454545456
transition 554 2 516 0 0.09090909090909091
transition 554 2 496 0 0.09090909090909091
transition 554 2 485 0 0.045454545454545456
transition 554 2 484 0 0.09090909090909091
transition 554 2 483 0 0.09090909090909091
transition 554 2 482 0 0.09090909090909091
transition 554 2 481 0 0.09090909090909091
transition 554 2 480 0 0.09090909090909091
transition 554 2 479 0 0.09090909090909091
transition 554 2 625 0 0.09090909090909091
transition 555 2 555 0 0.047619047619047616
transition 555 2 625 0 0.09523809523809523
transition 556 2 556 0 0.047619047619047616
transition 556 2 517 0 0.09523809523809523
transition 556 2 625 0 0.09523809523809523
transition 557 2 557 0 0.047619047619047616
transition 557 2 518 0 0.09523809523809523
transition 557 2 497 0 0.09523809523809523
transition 557 2 625 0 0.09523809523809523
transition 558 2 558 0 0.047619047619047616
transition 558 2 519 0 0.09523809523809523
transition 558 2 498 0 0.09523809523809523
transition 558 2 486 0 0.047619047619047616
transition 558 2 625 0 0.09523809523809523
transition 559 2 559 0 0.047619047619047616
transition 559 2 520 0 0.09523809523809523
transition 559 2 499 0 0.09523809523809523
transition 559 2 486 0 0.09523809523809523
transition 559 2 625 0 0.09523809523809523
transition 560 2 560 0 0.045454545454545456
transition 560 2 521 0 0.09090909090909091
transition 560 2 500 0 0.045454545454545456
transition 560 2 496 0 0.09090909090909091
transition 560 2 494 0 0.09090909090909091
transition 560 2 493 0 0.09090909090909091
transition 560 2 492 0 0.09090909090909091
transition 560 2 491 0 0.09090909090909091
transition 560 2 490 0 0.09090909090909091
transition 560 2 489 0 0.09090909090909091
transition 560 2 488 0 0.09090909090909091
transition 560 2 625 0 0.09090909090909091
transition 561 2 561 0 0.047619047619047616
transition 561 2 625 0 0.09523809523809523
transition 562 2 562 0 0.047619047619047616
transition 562 2 522 0 0.09523809523809523
transition 562 2 625 0 0.09523809523809523
transition 563 2 563 0 0.047619047619047616
transition 563 2 523 0 0.09523809523809523
transition 563 2 501 0 0.047619047619047616
transition 563 2 625 0 0.09523809523809523
transition 564 2 564 0 0.047619047619047616
transition 564 2 524 0 0.09523809523809523
transition 564 2 502 0 0.047619047619047616
transition 564 2 497 0 0.09523809523809523
transition 564 2 625 0 0.09523809523809523
transition 565 2 565 0 0.047619047619047616
transition 565 2 525 0 0.09523809523809523
transition 565 2 503 0 0.047619047619047616
transition 565 2 498 0 0.09523809523809523
transition 565 2 495 0 0.047619047619047616
transition 565 2 625 0 0.09523809523809523
transition 566 2 566 0 0.047619047619047616
transition 566 2 526 0 0.09523809523809523
transition 566 2 504 0 0.047619047619047616
transition 566 2 499 0 0.047619047619047616
transition 566 2 498 0 0.09523809523809523
transition 566 2 497 0 0.09523809523809523
transition 566 2 625 0 0.09523809523809523
transition 567 2 567 0 0.05
transition 567 2 625 0 0.1
transition 568 2 568 0 0.047619047619047616
transition 568 2 527 0 0.09523809523809523
transition 568 2 504 0 0.09523809523809523
transition 568 2 503 0 0.09523809523809523
transition 568 2 502 0 0.09523809523809523
transition 568 2 501 0 0.09523809523809523
transition 568 2 625 0 0.09523809523809523
transition 569 2 569 0 0.05
transition 569 2 625 0 0.1
transition 570 2 570 0 0.05
transition 570 2 528 0 0.1
transition 570 2 625 0 0.1
transition 571 2 571 0 0.045454545454545456
transition 571 2 529 0 0.045454545454545456
transition 571 2 521 0 0.09090909090909091
transition 571 2 516 0 0.09090909090909091
transition 571 2 513 0 0.09090909090909091
transition 571 2 512 0 0.09090909090909091
transition 571 2 511 0 0.09090909090909091
transition 571 2 510 0 0.09090909090909091
transition 571 2 509 0 0.09090909090909091
transition 571 2 508 0 0.09090909090909091
transition 571 2 507 0 0.09090909090909091
transition 571 2 506 0 0.09090909090909091
transition 572 2 572 0 0.047619047619047616
transition 572 2 625 0 0.09523809523809523
transition 573 2 573 0 0.047619047619047616
transition 573 2 530 0 0.047619047619047616
transition 573 2 625 0 0.09523809523809523
transition 574 2 574 0 0.047619047619047616
transition 574 2 531 0 0.047619047619047616
transition 574 2 522 0 0.09523809523809523
transition 574 2 625 0 0.09523809523809523
transition 575 2 575 0 0.047619047619047616
transition 575 2 532 0 0.047619047619047616
transition 575 2 523 0 0.09523809523809523
transition 575 2 517 0 0.09523809523809523
transition 575 2 625 0 0.09523809523809523
transition 576 2 576 0 0.047619047619047616
transition 576 2 533 0 0.047619047619047616
transition 576 2 524 0 0.09523809523809523
transition 576 2 518 0 0.09523809523809523
transition 576 2 514 0 0.09523809523809523
transition 576 2 625 0 0.09523809523809523
transition 577 2 577 0 0.047619047619047616
transition 577 2 534 0 0.047619047619047616
transition 577 2 525 0 0.09523809523809523
transition 577 2 519 0 0.09523809523809523
transition 577 2 515 0 0.047619047619047616
transition 577 2 514 0 0.09523809523809523
transition 577 2 625 0 0.09523809523809523
transition 578 2 578 0 0.047619047619047616
transition 578 2 535 0 0.047619047619047616
transition 578 2 526 0 0.09523809523809523
transition 578 2 520 0 0.047619047619047616
transition 578 2 519 0 0.09523809523809523
transition 578 2 518 0 0.09523809523809523
transition 578 2 517 0 0.09523809523809523
transition 578 2 625 0 0.09523809523809523
transition 579 2 579 0 0.05
transition 579 2 625 0 0.1
transition 580 2 580 0 0.05
transition 580 2 536 0 0.05
transition 580 2 625 0 0.1
transition 581 2 581 0 0.047619047619047616
transition 581 2 537 0 0.047619047619047616
transition 581 2 527 0 0.047619047619047616
transition 581 2 526 0 0.09523809523809523
transition 581 2 525 0 0.09523809523809523
transition 581 2 524 0 0.09523809523809523
transition 581 2 523 0 0.09523809523809523
transition 581 2 522 0 0.09523809523809523
transition 581 2 625 0 0.09523809523809523
transition 582 2 582 0 0.05
transition 582 2 625 0 0.1
transition 583 2 583 0 0.05
transition 583 2 538 0 0.05
transition 583 2 625 0 0.1
transition 584 2 584 0 0.05
transition 584 2 539 0 0.05
transition 584 2 528 0 0.05
transition 584 2 625 0 0.1
transition 585 2 585 0 0.05
transition 585 2 540 0 0.05
transition 585 2 528 0 0.1
transition 585 2 625 0 0.1
transition 586 2 586 0 0.047619047619047616
transition 586 2 537 0 0.09523809523809523
transition 586 2 535 0 0.09523809523809523
transition 586 2 534 0 0.09523809523809523
transition 586 2 533 0 0.09523809523809523
transition 586 2 532 0 0.09523809523809523
transition 586 2 531 0 0.09523809523809523
transition 586 2 530 0 0.09523809523809523
transition 586 2 625 0 0.09523809523809523
transition 587 2 587 0 0.05
transition 587 2 625 0 0.1
transition 588 2 588 0 0.05
transition 588 2 625 0 0.1
transition 589 2 589 0 0.05
transition 589 2 538 0 0.1
transition 589 2 625 0 0.1
transition 590 2 590 0 0.05
transition 590 2 539 0 0.1
transition 590 2 536 0 0.05
transition 590 2 625 0 0.1
transition 591 2 591 0 0.05
transition 591 2 540 0 0.05
transition 591 2 539 0 0.1
transition 591 2 538 0 0.1
transition 591 2 625 0 0.1
transition 592 2 592 0 0.05263157894736842
transition 592 2 625 0 0.10526315789473684
transition 593 2 571 0 0.09090909090909091
transition 593 2 560 0 0.09090909090909091
transition 593 2 554 0 0.09090909090909091
transition 593 2 550 0 0.09090909090909091
transition 593 2 548 0 0.09090909090909091
transition 593 2 547 0 0.09090909090909091
transition 593 2 546 0 0.09090909090909091
transition 593 2 545 0 0.09090909090909091
transition 593 2 544 0 0.09090909090909091
transition 593 2 543 0 0.09090909090909091
transition 593 2 542 0 0.09090909090909091
transition 594 2 625 0 0.09523809523809523
transition 595 2 572 0 0.09523809523809523
transition 595 2 625 0 0.09523809523809523
transition 596 2 573 0 0.09523809523809523
transition 596 2 561 0 0.09523809523809523
transition 596 2 625 0 0.09523809523809523
transition 597 2 574 0 0.09523809523809523
transition 597 2 562 0 0.09523809523809523
transition 597 2 555 0 0.09523809523809523
transition 597 2 625 0 0.09523809523809523
transition 598 2 575 0 0.09523809523809523
transition 598 2 563 0 0.09523809523809523
transition 598 2 556 0 0.09523809523809523
transition 598 2 551 0 0.09523809523809523
transition 598 2 625 0 0.09523809523809523
transition 599 2 576 0 0.09523809523809523
transition 599 2 564 0 0.09523809523809523
transition 599 2 557 0 0.09523809523809523
transition 599 2 552 0 0.09523809523809523
transition 599 2 549 0 0.047619047619047616
transition 599 2 625 0 0.09523809523809523
transition 600 2 577 0 0.09523809523809523
transition 600 2 565 0 0.09523809523809523
transition 600 2 558 0 0.09523809523809523
transition 600 2 553 0 0.047619047619047616
transition 600 2 552 0 0.09523809523809523
transition 600 2 551 0 0.09523809523809523
transition 600 2 625 0 0.09523809523809523
transition 601 2 625 0 0.1
transition 602 2 578 0 0.09523809523809523
transition 602 2 566 0 0.09523809523809523
transition 602 2 559 0 0.047619047619047616
transition 602 2 558 0 0.09523809523809523
transition 602 2 557 0 0.09523809523809523
transition 602 2 556 0 0.09523809523809523
transition 602 2 555 0 0.09523809523809523
transition 602 2 625 0 0.09523809523809523
transition 603 2 625 0 0.1
transition 604 2 579 0 0.1
transition 604 2 625 0 0.1
transition 605 2 580 0 0.1
transition 605 2 567 0 0.1
transition 605 2 625 0 0.1
transition 606 2 581 0 0.09523809523809523
transition 606 2 568 0 0.047619047619047616
transition 606 2 566 0 0.09523809523809523
transition 606 2 565 0 0.09523809523809523
transition 606 2 564 0 0.09523809523809523
transition 606 2 563 0 0.09523809523809523
transition 606 2 562 0 0.09523809523809523
transition 606 2 561 0 0.09523809523809523
transition 606 2 625 0 0.09523809523809523
transition 607 2 625 0 0.1
transition 608 2 582 0 0.1
transition 608 2 625 0 0.1
transition 609 2 583 0 0.1
transition 609 2 569 0 0.05
transition 609 2 625 0 0.1
transition 610 2 584 0 0.1
transition 610 2 570 0 0.05
transition 610 2 567 0 0.05
transition 610 2 625 0 0.1
transition 611 2 585 0 0.1
transition 611 2 570 0 0.1
transition 611 2 569 0 0.1
transition 611 2 625 0 0.1
transition 612 2 586 0 0.047619047619047616
transition 612 2 581 0 0.09523809523809523
transition 612 2 578 0 0.09523809523809523
transition 612 2 577 0 0.09523809523809523
transition 612 2 576 0 0.09523809523809523
transition 612 2 575 0 0.09523809523809523
transition 612 2 574 0 0.09523809523809523
transition 612 2 573 0 0.09523809523809523
transition 612 2 572 0 0.09523809523809523
transition 612 2 625 0 0.09523809523809523
transition 613 2 625 0 0.1
transition 614 2 587 0 0.05
transition 614 2 625 0 0.1
transition 615 2 588 0 0.05
transition 615 2 582 0 0.1
transition 615 2 625 0 0.1
transition 616 2 589 0 0.05
transition 616 2 583 0 0.1
transition 616 2 579 0 0.1
transition 616 2 625 0 0.1
transition 617 2 590 0 0.05
transition 617 2 584 0 0.1
transition 617 2 580 0 0.05
transition 617 2 579 0 0.1
transition 617 2 625 0 0.1
transition 618 2 591 0 0.05
transition 618 2 585 0 0.05
transition 618 2 584 0 0.1
transition 618 2 583 0 0.1
transition 618 2 582 0 0.1
transition 618 2 625 0 0.1
transition 619 2 625 0 0.10526315789473684
transition 620 2 592 0 0.05263157894736842
transition 620 2 625 0 0.10526315789473684
transition 621 2 591 0 0.1
transition 621 2 590 0 0.1
transition 621 2 589 0 0.1
transition 621 2 588 0 0.1
transition 621 2 587 0 0.1
transition 621 2 625 0 0.1
transition 622 2 625 0 0.10526315789473684
transition 623 2 625 0 0.10526315789473684
transition 624 2 592 0 0.05263157894736842
transition 624 2 625 0 0.10526315789473684
transition 67 3 255 0 0.08
transition 67 3 122 0 0.08
transition 67 3 67 0 0.04
transition 67 3 40 0 0.08
transition 67 3 25 0 0.08
transition 67 3 17 0 0.08
transition 67 3 11 0 0.08
transition 67 3 7 0 0.08
transition 67 3 5 0 0.08
transition 67 3 4 0 0.08
transition 67 3 3 0 0.08
transition 67 3 2 0 0.08
transition 67 3 1 0 0.08
transition 68 3 256 0 0.08333333333333333
transition 68 3 123 0 0.08333333333333333
transition 68 3 68 0 0.041666666666666664
transition 68 3 41 0 0.08333333333333333
transition 68 3 26 0 0.08333333333333333
transition 68 3 625 0 0.041666666666666664
transition 69 3 257 0 0.08333333333333333
transition 69 3 124 0 0.08333333333333333
transition 69 3 69 0 0.041666666666666664
transition 69 3 42 0 0.08333333333333333
transition 69 3 27 0 0.08333333333333333
transition 69 3 18 0 0.08333333333333333
transition 69 3 625 0 0.08333333333333333
transition 70 3 258 0 0.08333333333333333
transition 70 3 125 0 0.08333333333333333
transition 70 3 70 0 0.041666666666666664
transition 70 3 43 0 0.08333333333333333
transition 70 3 28 0 0.08333333333333333
transition 70 3 19 0 0.08333333333333333
transition 70 3 12 0 0.08333333333333333
transition 70 3 625 0 0.08333333333333333
transition 71 3 259 0 0.08333333333333333
transition 71 3 126 0 0.08333333333333333
transition 71 3 71 0 0.041666666666666664
transition 71 3 44 0 0.08333333333333333
transition 71 3 29 0 0.08333333333333333
transition 71 3 20 0 0.08333333333333333
transition 71 3 13 0 0.08333333333333333
transition 71 3 8 0 0.08333333333333333
transition 71 3 625 0 0.08333333333333333
transition 72 3 260 0 0.08333333333333333
transition 72 3 127 0 0.08333333333333333
transition 72 3 72 0 0.041666666666666664
transition 72 3 45 0 0.08333333333333333
transition 72 3 30 0 0.08333333333333333
transition 72 3 21 0 0.08333333333333333
transition 72 3 14 0 0.08333333333333333
transition 72 3 9 0 0.08333333333333333
transition 72 3 6 0 0.041666666666666664
transition 72 3 625 0 0.08333333333333333
transition 73 3 261 0 0.08333333333333333
transition 73 3 128 0 0.08333333333333333
transition 73 3 73 0 0.041666666666666664
transition 73 3 46 0 0.08333333333333333
transition 73 3 31 0 0.08333333333333333
transition 73 3 22 0 0.08333333333333333
transition 73 3 15 0 0.08333333333333333
transition 73 3 10 0 0.041666666666666664
transition 73 3 9 0 0.08333333333333333
transition 73 3 8 0 0.08333333333333333
transition 73 3 625 0 0.08333333333333333
transition 74 3 264 0 0.08333333333333333
transition 74 3 130 0 0.08333333333333333
transition 74 3 74 0 0.041666666666666664
transition 74 3 47 0 0.08333333333333333
transition 74 3 32 0 0.08333333333333333
transition 74 3 23 0 0.08333333333333333
transition 74 3 16 0 0.041666666666666664
transition 74 3 15 0 0.08333333333333333
transition 74 3 14 0 0.08333333333333333
transition 74 3 13 0 0.08333333333333333
transition 74 3 12 0 0.08333333333333333
transition 74 3 625 0 0.08333333333333333
transition 75 3 267 0 0.08695652173913043
transition 75 3 132 0 0.08695652173913043
transition 75 3 75 0 0.043478260869565216
transition 75 3 625 0 0.08695652173913043
transition 76 3 268 0 0.08695652173913043
transition 76 3 133 0 0.08695652173913043
transition 76 3 76 0 0.043478260869565216
transition 76 3 48 0 0.08695652173913043
transition 76 3 625 0 0.08695652173913043
transition 77 3 269 0 0.08333333333333333
transition 77 3 134 0 0.08333333333333333
transition 77 3 77 0 0.041666666666666664
transition 77 3 49 0 0.08333333333333333
transition 77 3 33 0 0.08333333333333333
transition 77 3 24 0 0.041666666666666664
transition 77 3 23 0 0.08333333333333333
transition 77 3 22 0 0.08333333333333333
transition 77 3 21 0 0.08333333333333333
transition 77 3 20 0 0.08333333333333333
transition 77 3 19 0 0.08333333333333333
transition 77 3 18 0 0.08333333333333333
transition 77 3 625 0 0.08333333333333333
transition 78 3 272 0 0.08695652173913043
transition 78 3 136 0 0.08695652173913043
transition 78 3 78 0 0.043478260869565216
transition 78 3 625 0 0.08695652173913043
transition 79 3 273 0 0.08695652173913043
transition 79 3 137 0 0.08695652173913043
transition 79 3 79 0 0.043478260869565216
transition 79 3 50 0 0.08695652173913043
transition 79 3 625 0 0.08695652173913043
transition 80 3 274 0 0.08695652173913043
transition 80 3 138 0 0.08695652173913043
transition 80 3 80 0 0.043478260869565216
transition 80 3 51 0 0.08695652173913043
transition 80 3 34 0 0.08695652173913043
transition 80 3 625 0 0.08695652173913043
transition 81 3 275 0 0.08695652173913043
transition 81 3 139 0 0.08695652173913043
transition 81 3 81 0 0.043478260869565216
transition 81 3 52 0 0.08695652173913043
transition 81 3 35 0 0.08695652173913043
transition 81 3 625 0 0.08695652173913043
transition 82 3 276 0 0.08333333333333333
transition 82 3 140 0 0.08333333333333333
transition 82 3 82 0 0.041666666666666664
transition 82 3 53 0 0.08333333333333333
transition 82 3 36 0 0.041666666666666664
transition 82 3 33 0 0.08333333333333333
transition 82 3 32 0 0.08333333333333333
transition 82 3 31 0 0.08333333333333333
transition 82 3 30 0 0.08333333333333333
transition 82 3 29 0 0.08333333333333333
transition 82 3 28 0 0.08333333333333333
transition 82 3 27 0 0.08333333333333333
transition 82 3 26 0 0.08333333333333333
transition 83 3 279 0 0.08695652173913043
transition 83 3 142 0 0.08695652173913043
transition 83 3 83 0 0.043478260869565216
transition 83 3 625 0 0.08695652173913043
transition 84 3 280 0 0.08695652173913043
transition 84 3 143 0 0.08695652173913043
transition 84 3 84 0 0.043478260869565216
transition 84 3 54 0 0.08695652173913043
transition 84 3 625 0 0.08695652173913043
transition 85 3 281 0 0.08695652173913043
transition 85 3 144 0 0.08695652173913043
transition 85 3 85 0 0.043478260869565216
transition 85 3 55 0 0.08695652173913043
transition 85 3 37 0 0.043478260869565216
transition 85 3 625 0 0.08695652173913043
transition 86 3 282 0 0.08695652173913043
transition 86 3 145 0 0.08695652173913043
transition 86 3 86 0 0.043478260869565216
transition 86 3 56 0 0.08695652173913043
transition 86 3 38 0 0.043478260869565216
transition 86 3 34 0 0.08695652173913043
transition 86 3 625 0 0.08695652173913043
transition 87 3 283 0 0.08695652173913043
transition 87 3 146 0 0.08695652173913043
transition 87 3 87 0 0.043478260869565216
transition 87 3 57 0 0.08695652173913043
transition 87 3 39 0 0.043478260869565216
transition 87 3 35 0 0.043478260869565216
transition 87 3 34 0 0.08695652173913043
transition 87 3 625 0 0.08695652173913043
transition 88 3 285 0 0.08695652173913043
transition 88 3 147 0 0.08695652173913043
transition 88 3 88 0 0.043478260869565216
transition 88 3 58 0 0.08695652173913043
transition 88 3 39 0 0.08695652173913043
transition 88 3 38 0 0.08695652173913043
transition 88 3 37 0 0.08695652173913043
transition 88 3 625 0 0.08695652173913043
transition 89 3 288 0 0.08333333333333333
transition 89 3 149 0 0.08333333333333333
transition 89 3 89 0 0.041666666666666664
transition 89 3 59 0 0.041666666666666664
transition 89 3 53 0 0.08333333333333333
transition 89 3 49 0 0.08333333333333333
transition 89 3 47 0 0.08333333333333333
transition 89 3 46 0 0.08333333333333333
transition 89 3 45 0 0.08333333333333333
transition 89 3 44 0 0.08333333333333333
transition 89 3 43 0 0.08333333333333333
transition 89 3 42 0 0.08333333333333333
transition 89 3 41 0 0.08333333333333333
transition 90 3 291 0 0.08695652173913043
transition 90 3 151 0 0.08695652173913043
transition 90 3 90 0 0.043478260869565216
transition 90 3 625 0 0.08695652173913043
transition 91 3 292 0 0.08695652173913043
transition 91 3 152 0 0.08695652173913043
transition 91 3 91 0 0.043478260869565216
transition 91 3 60 0 0.043478260869565216
transition 91 3 625 0 0.08695652173913043
transition 92 3 293 0 0.08695652173913043
transition 92 3 153 0 0.08695652173913043
transition 92 3 92 0 0.043478260869565216
transition 92 3 61 0 0.043478260869565216
transition 92 3 54 0 0.08695652173913043
transition 92 3 625 0 0.08695652173913043
transition 93 3 294 0 0.08695652173913043
transition 93 3 154 0 0.08695652173913043
transition 93 3 93 0 0.043478260869565216
transition 93 3 62 0 0.043478260869565216
transition 93 3 55 0 0.08695652173913043
transition 93 3 50 0 0.08695652173913043
transition 93 3 625 0 0.08695652173913043
transition 94 3 295 0 0.08695652173913043
transition 94 3 155 0 0.08695652173913043
transition 94 3 94 0 0.043478260869565216
transition 94 3 63 0 0.043478260869565216
transition 94 3 56 0 0.08695652173913043
transition 94 3 51 0 0.08695652173913043
transition 94 3 48 0 0.043478260869565216
transition 94 3 625 0 0.08695652173913043
transition 95 3 296 0 0.08695652173913043
transition 95 3 156 0 0.08695652173913043
transition 95 3 95 0 0.043478260869565216
transition 95 3 64 0 0.043478260869565216
transition 95 3 57 0 0.08695652173913043
transition 95 3 52 0 0.043478260869565216
transition 95 3 51 0 0.08695652173913043
transition 95 3 50 0 0.08695652173913043
transition 95 3 625 0 0.08695652173913043
transition 96 3 299 0 0.08695652173913043
transition 96 3 158 0 0.08695652173913043
transition 96 3 96 0 0.043478260869565216
transition 96 3 65 0 0.043478260869565216
transition 96 3 58 0 0.043478260869565216
transition 96 3 57 0 0.08695652173913043
transition 96 3 56 0 0.08695652173913043
transition 96 3 55 0 0.08695652173913043
transition 96 3 54 0 0.08695652173913043
transition 96 3 625 0 0.08695652173913043
transition 97 3 302 0 0.09090909090909091
transition 97 3 160 0 0.09090909090909091
transition 97 3 97 0 0.045454545454545456
transition 97 3 625 0 0.09090909090909091
transition 98 3 303 0 0.09090909090909091
transition 98 3 161 0 0.09090909090909091
transition 98 3 98 0 0.045454545454545456
transition 98 3 66 0 0.045454545454545456
transition 98 3 625 0 0.09090909090909091
transition 99 3 304 0 0.08695652173913043
transition 99 3 162 0 0.08695652173913043
transition 99 3 99 0 0.043478260869565216
transition 99 3 65 0 0.08695652173913043
transition 99 3 64 0 0.08695652173913043
transition 99 3 63 0 0.08695652173913043
transition 99 3 62 0 0.08695652173913043
transition 99 3 61 0 0.08695652173913043
transition 99 3 60 0 0.08695652173913043
transition 99 3 625 0 0.08695652173913043
transition 100 3 307 0 0.09090909090909091
transition 100 3 164 0 0.09090909090909091
transition 100 3 100 0 0.045454545454545456
transition 100 3 625 0 0.09090909090909091
transition 101 3 308 0 0.09090909090909091
transition 101 3 165 0 0.09090909090909091
transition 101 3 101 0 0.045454545454545456
transition 101 3 625 0 0.09090909090909091
transition 102 3 309 0 0.09090909090909091
transition 102 3 166 0 0.09090909090909091
transition 102 3 102 0 0.045454545454545456
transition 102 3 66 0 0.045454545454545456
transition 102 3 625 0 0.09090909090909091
transition 103 3 310 0 0.08333333333333333
transition 103 3 167 0 0.08333333333333333
transition 103 3 89 0 0.08333333333333333
transition 103 3 82 0 0.08333333333333333
transition 103 3 77 0 0.08333333333333333
transition 103 3 74 0 0.08333333333333333
transition 103 3 73 0 0.08333333333333333
transition 103 3 72 0 0.08333333333333333
transition 103 3 71 0 0.08333333333333333
transition 103 3 70 0 0.08333333333333333
transition 103 3 69 0 0.08333333333333333
transition 103 3 68 0 0.08333333333333333
transition 104 3 312 0 0.08695652173913043
transition 104 3 169 0 0.08695652173913043
transition 104 3 625 0 0.08695652173913043
transition 105 3 313 0 0.08695652173913043
transition 105 3 170 0 0.08695652173913043
transition 105 3 90 0 0.08695652173913043
transition 105 3 625 0 0.08695652173913043
transition 106 3 314 0 0.08695652173913043
transition 106 3 171 0 0.08695652173913043
transition 106 3 91 0 0.08695652173913043
transition 106 3 83 0 0.08695652173913043
transition 106 3 625 0 0.08695652173913043
transition 107 3 315 0 0.08695652173913043
transition 107 3 172 0 0.08695652173913043
transition 107 3 92 0 0.08695652173913043
transition 107 3 84 0 0.08695652173913043
transition 107 3 78 0 0.08695652173913043
transition 107 3 625 0 0.08695652173913043
transition 108 3 316 0 0.08695652173913043
transition 108 3 173 0 0.08695652173913043
transition 108 3 93 0 0.08695652173913043
transition 108 3 85 0 0.08695652173913043
transition 108 3 79 0 0.08695652173913043
transition 108 3 75 0 0.08695652173913043
transition 108 3 625 0 0.08695652173913043
transition 109 3 317 0 0.08695652173913043
transition 109 3 174 0 0.08695652173913043
transition 109 3 94 0 0.08695652173913043
transition 109 3 86 0 0.08695652173913043
transition 109 3 80 0 0.08695652173913043
transition 109 3 76 0 0.043478260869565216
transition 109 3 75 0 0.08695652173913043
transition 109 3 625 0 0.08695652173913043
transition 110 3 319 0 0.08695652173913043
transition 110 3 175 0 0.08695652173913043
transition 110 3 95 0 0.08695652173913043
transition 110 3 87 0 0.08695652173913043
transition 110 3 81 0 0.043478260869565216
transition 110 3 80 0 0.08695652173913043
transition 110 3 79 0 0.08695652173913043
transition 110 3 78 0 0.08695652173913043
transition 110 3 625 0 0.08695652173913043
transition 111 3 322 0 0.09090909090909091
transition 111 3 177 0 0.09090909090909091
transition 111 3 625 0 0.09090909090909091
transition 112 3 323 0 0.08695652173913043
transition 112 3 178 0 0.08695652173913043
transition 112 3 96 0 0.08695652173913043
transition 112 3 88 0 0.043478260869565216
transition 112 3 87 0 0.08695652173913043
transition 112 3 86 0 0.08695652173913043
transition 112 3 85 0 0.08695652173913043
transition 112 3 84 0 0.08695652173913043
transition 112 3 83 0 0.08695652173913043
transition 112 3 625 0 0.08695652173913043
transition 113 3 326 0 0.09090909090909091
transition 113 3 180 0 0.09090909090909091
transition 113 3 625 0 0.09090909090909091
transition 114 3 327 0 0.09090909090909091
transition 114 3 181 0 0.09090909090909091
transition 114 3 97 0 0.09090909090909091
transition 114 3 625 0 0.09090909090909091
transition 115 3 328 0 0.09090909090909091
transition 115 3 182 0 0.09090909090909091
transition 115 3 98 0 0.09090909090909091
transition 115 3 625 0 0.09090909090909091
transition 116 3 329 0 0.08695652173913043
transition 116 3 183 0 0.08695652173913043
transition 116 3 99 0 0.043478260869565216
transition 116 3 96 0 0.08695652173913043
transition 116 3 95 0 0.08695652173913043
transition 116 3 94 0 0.08695652173913043
transition 116 3 93 0 0.08695652173913043
transition 116 3 92 0 0.08695652173913043
transition 116 3 91 0 0.08695652173913043
transition 116 3 90 0 0.08695652173913043
transition 116 3 625 0 0.08695652173913043
transition 117 3 332 0 0.09090909090909091
transition 117 3 185 0 0.09090909090909091
transition 117 3 625 0 0.09090909090909091
transition 118 3 333 0 0.09090909090909091
transition 118 3 186 0 0.09090909090909091
transition 118 3 100 0 0.045454545454545456
transition 118 3 625 0 0.09090909090909091
transition 119 3 334 0 0.09090909090909091
transition 119 3 187 0 0.09090909090909091
transition 119 3 101 0 0.045454545454545456
transition 119 3 97 0 0.09090909090909091
transition 119 3 625 0 0.09090909090909091
transition 120 3 335 0 0.09090909090909091
transition 120 3 188 0 0.09090909090909091
transition 120 3 102 0 0.045454545454545456
transition 120 3 98 0 0.045454545454545456
transition 120 3 97 0 0.09090909090909091
transition 120 3 625 0 0.09090909090909091
transition 121 3 337 0 0.09090909090909091
transition 121 3 189 0 0.09090909090909091
transition 121 3 102 0 0.09090909090909091
transition 121 3 101 0 0.09090909090909091
transition 121 3 100 0 0.09090909090909091
transition 121 3 625 0 0.09090909090909091
transition 167 3 355 0 0.08333333333333333
transition 167 3 203 0 0.041666666666666664
transition 167 3 167 0 0.041666666666666664
transition 167 3 149 0 0.08333333333333333
transition 167 3 140 0 0.08333333333333333
transition 167 3 134 0 0.08333333333333333
transition 167 3 130 0 0.08333333333333333
transition 167 3 128 0 0.08333333333333333
transition 167 3 127 0 0.08333333333333333
transition 167 3 126 0 0.08333333333333333
transition 167 3 125 0 0.08333333333333333
transition 167 3 124 0 0.08333333333333333
transition 167 3 123 0 0.08333333333333333
transition 168 3 356 0 0.08695652173913043
transition 168 3 204 0 0.043478260869565216
transition 168 3 168 0 0.043478260869565216
transition 168 3 625 0 0.043478260869565216
transition 169 3 357 0 0.08695652173913043
transition 169 3 205 0 0.043478260869565216
transition 169 3 169 0 0.043478260869565216
transition 169 3 150 0 0.08695652173913043
transition 169 3 625 0 0.08695652173913043
transition 170 3 358 0 0.08695652173913043
transition 170 3 206 0 0.043478260869565216
transition 170 3 170 0 0.043478260869565216
transition 170 3 151 0 0.08695652173913043
transition 170 3 141 0 0.08695652173913043
transition 170 3 625 0 0.08695652173913043
transition 171 3 359 0 0.08695652173913043
transition 171 3 207 0 0.043478260869565216
transition 171 3 171 0 0.043478260869565216
transition 171 3 152 0 0.08695652173913043
transition 171 3 142 0 0.08695652173913043
transition 171 3 135 0 0.08695652173913043
transition 171 3 625 0 0.08695652173913043
transition 172 3 360 0 0.08695652173913043
transition 172 3 208 0 0.043478260869565216
transition 172 3 172 0 0.043478260869565216
transition 172 3 153 0 0.08695652173913043
transition 172 3 143 0 0.08695652173913043
transition 172 3 136 0 0.08695652173913043
transition 172 3 131 0 0.08695652173913043
transition 172 3 625 0 0.08695652173913043
transition 173 3 361 0 0.08695652173913043
transition 173 3 209 0 0.043478260869565216
transition 173 3 173 0 0.043478260869565216
transition 173 3 154 0 0.08695652173913043
transition 173 3 144 0 0.08695652173913043
transition 173 3 137 0 0.08695652173913043
transition 173 3 132 0 0.08695652173913043
transition 173 3 129 0 0.043478260869565216
transition 173 3 625 0 0.08695652173913043
transition 174 3 362 0 0.08695652173913043
transition 174 3 210 0 0.043478260869565216
transition 174 3 174 0 0.043478260869565216
transition 174 3 155 0 0.08695652173913043
transition 174 3 145 0 0.08695652173913043
transition 174 3 138 0 0.08695652173913043
transition 174 3 133 0 0.043478260869565216
transition 174 3 132 0 0.08695652173913043
transition 174 3 131 0 0.08695652173913043
transition 174 3 625 0 0.08695652173913043
transition 175 3 365 0 0.08695652173913043
transition 175 3 212 0 0.043478260869565216
transition 175 3 175 0 0.043478260869565216
transition 175 3 156 0 0.08695652173913043
transition 175 3 146 0 0.08695652173913043
transition 175 3 139 0 0.043478260869565216
transition 175 3 138 0 0.08695652173913043
transition 175 3 137 0 0.08695652173913043
transition 175 3 136 0 0.08695652173913043
transition 175 3 135 0 0.08695652173913043
transition 175 3 625 0 0.08695652173913043
transition 176 3 368 0 0.09090909090909091
transition 176 3 214 0 0.045454545454545456
transition 176 3 176 0 0.045454545454545456
transition 176 3 625 0 0.09090909090909091
transition 177 3 369 0 0.09090909090909091
transition 177 3 215 0 0.045454545454545456
transition 177 3 177 0 0.045454545454545456
transition 177 3 157 0 0.09090909090909091
transition 177 3 625 0 0.09090909090909091
transition 178 3 370 0 0.08695652173913043
transition 178 3 216 0 0.043478260869565216
transition 178 3 178 0 0.043478260869565216
transition 178 3 158 0 0.08695652173913043
transition 178 3 147 0 0.043478260869565216
transition 178 3 146 0 0.08695652173913043
transition 178 3 145 0 0.08695652173913043
transition 178 3 144 0 0.08695652173913043
transition 178 3 143 0 0.08695652173913043
transition 178 3 142 0 0.08695652173913043
transition 178 3 141 0 0.08695652173913043
transition 178 3 625 0 0.08695652173913043
transition 179 3 373 0 0.09090909090909091
transition 179 3 218 0 0.045454545454545456
transition 179 3 179 0 0.045454545454545456
transition 179 3 625 0 0.09090909090909091
transition 180 3 374 0 0.09090909090909091
transition 180 3 219 0 0.045454545454545456
transition 180 3 180 0 0.045454545454545456
transition 180 3 159 0 0.09090909090909091
transition 180 3 625 0 0.09090909090909091
transition 181 3 375 0 0.09090909090909091
transition 181 3 220 0 0.045454545454545456
transition 181 3 181 0 0.045454545454545456
transition 181 3 160 0 0.09090909090909091
transition 181 3 148 0 0.045454545454545456
transition 181 3 625 0 0.09090909090909091
transition 182 3 376 0 0.09090909090909091
transition 182 3 221 0 0.045454545454545456
transition 182 3 182 0 0.045454545454545456
transition 182 3 161 0 0.09090909090909091
transition 182 3 148 0 0.09090909090909091
transition 182 3 625 0 0.09090909090909091
transition 183 3 377 0 0.08695652173913043
transition 183 3 222 0 0.043478260869565216
transition 183 3 183 0 0.043478260869565216
transition 183 3 162 0 0.043478260869565216
transition 183 3 158 0 0.08695652173913043
transition 183 3 156 0 0.08695652173913043
transition 183 3 155 0 0.08695652173913043
transition 183 3 154 0 0.08695652173913043
transition 183 3 153 0 0.08695652173913043
transition 183 3 152 0 0.08695652173913043
transition 183 3 151 0 0.08695652173913043
transition 183 3 150 0 0.08695652173913043
transition 183 3 625 0 0.08695652173913043
transition 184 3 380 0 0.09090909090909091
transition 184 3 224 0 0.045454545454545456
transition 184 3 184 0 0.045454545454545456
transition 184 3 625 0 0.09090909090909091
transition 185 3 381 0 0.09090909090909091
transition 185 3 225 0 0.045454545454545456
transition 185 3 185 0 0.045454545454545456
transition 185 3 163 0 0.045454545454545456
transition 185 3 625 0 0.09090909090909091
transition 186 3 382 0 0.09090909090909091
transition 186 3 226 0 0.045454545454545456
transition 186 3 186 0 0.045454545454545456
transition 186 3 164 0 0.045454545454545456
transition 186 3 159 0 0.09090909090909091
transition 186 3 625 0 0.09090909090909091
transition 187 3 383 0 0.09090909090909091
transition 187 3 227 0 0.045454545454545456
transition 187 3 187 0 0.045454545454545456
transition 187 3 165 0 0.045454545454545456
transition 187 3 160 0 0.09090909090909091
transition 187 3 157 0 0.045454545454545456
transition 187 3 625 0 0.09090909090909091
transition 188 3 384 0 0.09090909090909091
transition 188 3 228 0 0.045454545454545456
transition 188 3 188 0 0.045454545454545456
transition 188 3 166 0 0.045454545454545456
transition 188 3 161 0 0.045454545454545456
transition 188 3 160 0 0.09090909090909091
transition 188 3 159 0 0.09090909090909091
transition 188 3 625 0 0.09090909090909091
transition 189 3 387 0 0.09090909090909091
transition 189 3 230 0 0.045454545454545456
transition 189 3 189 0 0.045454545454545456
transition 189 3 166 0 0.09090909090909091
transition 189 3 165 0 0.09090909090909091
transition 189 3 164 0 0.09090909090909091
transition 189 3 163 0 0.09090909090909091
transition 189 3 625 0 0.09090909090909091
transition 190 3 390 0 0.09523809523809523
transition 190 3 232 0 0.047619047619047616
transition 190 3 190 0 0.047619047619047616
transition 190 3 625 0 0.09523809523809523
transition 191 3 391 0 0.08695652173913043
transition 191 3 233 0 0.043478260869565216
transition 191 3 183 0 0.08695652173913043
transition 191 3 178 0 0.08695652173913043
transition 191 3 175 0 0.08695652173913043
transition 191 3 174 0 0.08695652173913043
transition 191 3 173 0 0.08695652173913043
transition 191 3 172 0 0.08695652173913043
transition 191 3 171 0 0.08695652173913043
transition 191 3 170 0 0.08695652173913043
transition 191 3 169 0 0.08695652173913043
transition 191 3 168 0 0.08695652173913043
transition 192 3 394 0 0.09090909090909091
transition 192 3 235 0 0.045454545454545456
transition 192 3 625 0 0.09090909090909091
transition 193 3 395 0 0.09090909090909091
transition 193 3 236 0 0.045454545454545456
transition 193 3 184 0 0.09090909090909091
transition 193 3 625 0 0.09090909090909091
transition 194 3 396 0 0.09090909090909091
transition 194 3 237 0 0.045454545454545456
transition 194 3 185 0 0.09090909090909091
transition 194 3 179 0 0.09090909090909091
transition 194 3 625 0 0.09090909090909091
transition 195 3 397 0 0.09090909090909091
transition 195 3 238 0 0.045454545454545456
transition 195 3 186 0 0.09090909090909091
transition 195 3 180 0 0.09090909090909091
transition 195 3 176 0 0.09090909090909091
transition 195 3 625 0 0.09090909090909091
transition 196 3 398 0 0.09090909090909091
transition 196 3 239 0 0.045454545454545456
transition 196 3 187 0 0.09090909090909091
transition 196 3 181 0 0.09090909090909091
transition 196 3 177 0 0.045454545454545456
transition 196 3 176 0 0.09090909090909091
transition 196 3 625 0 0.09090909090909091
transition 197 3 400 0 0.09090909090909091
transition 197 3 240 0 0.045454545454545456
transition 197 3 188 0 0.09090909090909091
transition 197 3 182 0 0.045454545454545456
transition 197 3 181 0 0.09090909090909091
transition 197 3 180 0 0.09090909090909091
transition 197 3 179 0 0.09090909090909091
transition 197 3 625 0 0.09090909090909091
transition 198 3 403 0 0.09523809523809523
transition 198 3 242 0 0.047619047619047616
transition 198 3 625 0 0.09523809523809523
transition 199 3 404 0 0.09090909090909091
transition 199 3 243 0 0.045454545454545456
transition 199 3 189 0 0.045454545454545456
transition 199 3 188 0 0.09090909090909091
transition 199 3 187 0 0.09090909090909091
transition 199 3 186 0 0.09090909090909091
transition 199 3 185 0 0.09090909090909091
transition 199 3 184 0 0.09090909090909091
transition 199 3 625 0 0.09090909090909091
transition 200 3 407 0 0.09523809523809523
transition 200 3 245 0 0.047619047619047616
transition 200 3 625 0 0.09523809523809523
transition 201 3 408 0 0.09523809523809523
transition 201 3 246 0 0.047619047619047616
transition 201 3 190 0 0.047619047619047616
transition 201 3 625 0 0.09523809523809523
transition 202 3 409 0 0.09523809523809523
transition 202 3 247 0 0.047619047619047616
transition 202 3 190 0 0.09523809523809523
transition 202 3 625 0 0.09523809523809523
transition 233 3 419 0 0.08695652173913043
transition 233 3 233 0 0.043478260869565216
transition 233 3 222 0 0.08695652173913043
transition 233 3 216 0 0.08695652173913043
transition 233 3 212 0 0.08695652173913043
transition 233 3 210 0 0.08695652173913043
transition 233 3 209 0 0.08695652173913043
transition 233 3 208 0 0.08695652173913043
transition 233 3 207 0 0.08695652173913043
transition 233 3 206 0 0.08695652173913043
transition 233 3 205 0 0.08695652173913043
transition 233 3 204 0 0.08695652173913043
transition 234 3 422 0 0.09090909090909091
transition 234 3 234 0 0.045454545454545456
transition 234 3 625 0 0.09090909090909091
transition 235 3 423 0 0.09090909090909091
transition 235 3 235 0 0.045454545454545456
transition 235 3 223 0 0.09090909090909091
transition 235 3 625 0 0.09090909090909091
transition 236 3 424 0 0.09090909090909091
transition 236 3 236 0 0.045454545454545456
transition 236 3 224 0 0.09090909090909091
transition 236 3 217 0 0.09090909090909091
transition 236 3 625 0 0.09090909090909091
transition 237 3 425 0 0.09090909090909091
transition 237 3 237 0 0.045454545454545456
transition 237 3 225 0 0.09090909090909091
transition 237 3 218 0 0.09090909090909091
transition 237 3 213 0 0.09090909090909091
transition 237 3 625 0 0.09090909090909091
transition 238 3 426 0 0.09090909090909091
transition 238 3 238 0 0.045454545454545456
transition 238 3 226 0 0.09090909090909091
transition 238 3 219 0 0.09090909090909091
transition 238 3 214 0 0.09090909090909091
transition 238 3 211 0 0.045454545454545456
transition 238 3 625 0 0.09090909090909091
transition 239 3 427 0 0.09090909090909091
transition 239 3 239 0 0.045454545454545456
transition 239 3 227 0 0.09090909090909091
transition 239 3 220 0 0.09090909090909091
transition 239 3 215 0 0.045454545454545456
transition 239 3 214 0 0.09090909090909091
transition 239 3 213 0 0.09090909090909091
transition 239 3 625 0 0.09090909090909091
transition 240 3 430 0 0.09090909090909091
transition 240 3 240 0 0.045454545454545456
transition 240 3 228 0 0.09090909090909091
transition 240 3 221 0 0.045454545454545456
transition 240 3 220 0 0.09090909090909091
transition 240 3 219 0 0.09090909090909091
transition 240 3 218 0 0.09090909090909091
transition 240 3 217 0 0.09090909090909091
transition 240 3 625 0 0.09090909090909091
transition 241 3 433 0 0.09523809523809523
transition 241 3 241 0 0.047619047619047616
transition 241 3 625 0 0.09523809523809523
transition 242 3 434 0 0.09523809523809523
transition 242 3 242 0 0.047619047619047616
transition 242 3 229 0 0.09523809523809523
transition 242 3 625 0 0.09523809523809523
transition 243 3 435 0 0.09090909090909091
transition 243 3 243 0 0.045454545454545456
transition 243 3 230 0 0.045454545454545456
transition 243 3 228 0 0.09090909090909091
transition 243 3 227 0 0.09090909090909091
transition 243 3 226 0 0.09090909090909091
transition 243 3 225 0 0.09090909090909091
transition 243 3 224 0 0.09090909090909091
transition 243 3 223 0 0.09090909090909091
transition 243 3 625 0 0.09090909090909091
transition 244 3 438 0 0.09523809523809523
transition 244 3 244 0 0.047619047619047616
transition 244 3 625 0 0.09523809523809523
transition 245 3 439 0 0.09523809523809523
transition 245 3 245 0 0.047619047619047616
transition 245 3 231 0 0.047619047619047616
transition 245 3 625 0 0.09523809523809523
transition 246 3 440 0 0.09523809523809523
transition 246 3 246 0 0.047619047619047616
transition 246 3 232 0 0.047619047619047616
transition 246 3 229 0 0.047619047619047616
transition 246 3 625 0 0.09523809523809523
transition 247 3 441 0 0.09523809523809523
transition 247 3 247 0 0.047619047619047616
transition 247 3 232 0 0.09523809523809523
transition 247 3 231 0 0.09523809523809523
transition 247 3 625 0 0.09523809523809523
transition 248 3 443 0 0.09090909090909091
transition 248 3 243 0 0.09090909090909091
transition 248 3 240 0 0.09090909090909091
transition 248 3 239 0 0.09090909090909091
transition 248 3 238 0 0.09090909090909091
transition 248 3 237 0 0.09090909090909091
transition 248 3 236 0 0.09090909090909091
transition 248 3 235 0 0.09090909090909091
transition 248 3 234 0 0.09090909090909091
transition 248 3 625 0 0.09090909090909091
transition 249 3 446 0 0.09523809523809523
transition 249 3 625 0 0.09523809523809523
transition 250 3 447 0 0.09523809523809523
transition 250 3 244 0 0.09523809523809523
transition 250 3 625 0 0.09523809523809523
transition 251 3 448 0 0.09523809523809523
transition 251 3 245 0 0.09523809523809523
transition 251 3 241 0 0.09523809523809523
transition 251 3 625 0 0.09523809523809523
transition 252 3 449 0 0.09523809523809523
transition 252 3 246 0 0.09523809523809523
transition 252 3 242 0 0.047619047619047616
transition 252 3 241 0 0.09523809523809523
transition 252 3 625 0 0.09523809523809523
transition 253 3 451 0 0.09523809523809523
transition 253 3 247 0 0.047619047619047616
transition 253 3 246 0 0.09523809523809523
transition 253 3 245 0 0.09523809523809523
transition 253 3 244 0 0.09523809523809523
transition 253 3 625 0 0.09523809523809523
transition 254 3 454 0 0.1
transition 254 3 625 0 0.1
transition 310 3 460 0 0.041666666666666664
transition 310 3 355 0 0.08333333333333333
transition 310 3 310 0 0.041666666666666664
transition 310 3 288 0 0.08333333333333333
transition 310 3 276 0 0.08333333333333333
transition 310 3 269 0 0.08333333333333333
transition 310 3 264 0 0.08333333333333333
transition 310 3 261 0 0.08333333333333333
transition 310 3 260 0 0.08333333333333333
transition 310 3 259 0 0.08333333333333333
transition 310 3 258 0 0.08333333333333333
transition 310 3 257 0 0.08333333333333333
transition 310 3 256 0 0.08333333333333333
transition 311 3 461 0 0.043478260869565216
transition 311 3 356 0 0.08695652173913043
transition 311 3 311 0 0.043478260869565216
transition 311 3 289 0 0.08695652173913043
transition 311 3 625 0 0.043478260869565216
transition 312 3 462 0 0.043478260869565216
transition 312 3 357 0 0.08695652173913043
transition 312 3 312 0 0.043478260869565216
transition 312 3 290 0 0.08695652173913043
transition 312 3 277 0 0.08695652173913043
transition 312 3 625 0 0.08695652173913043
transition 313 3 463 0 0.043478260869565216
transition 313 3 358 0 0.08695652173913043
transition 313 3 313 0 0.043478260869565216
transition 313 3 291 0 0.08695652173913043
transition 313 3 278 0 0.08695652173913043
transition 313 3 270 0 0.08695652173913043
transition 313 3 625 0 0.08695652173913043
transition 314 3 464 0 0.043478260869565216
transition 314 3 359 0 0.08695652173913043
transition 314 3 314 0 0.043478260869565216
transition 314 3 292 0 0.08695652173913043
transition 314 3 279 0 0.08695652173913043
transition 314 3 271 0 0.08695652173913043
transition 314 3 265 0 0.08695652173913043
transition 314 3 625 0 0.08695652173913043
transition 315 3 465 0 0.043478260869565216
transition 315 3 360 0 0.08695652173913043
transition 315 3 315 0 0.043478260869565216
transition 315 3 293 0 0.08695652173913043
transition 315 3 280 0 0.08695652173913043
transition 315 3 272 0 0.08695652173913043
transition 315 3 266 0 0.08695652173913043
transition 315 3 262 0 0.08695652173913043
transition 315 3 625 0 0.08695652173913043
transition 316 3 466 0 0.043478260869565216
transition 316 3 361 0 0.08695652173913043
transition 316 3 316 0 0.043478260869565216
transition 316 3 294 0 0.08695652173913043
transition 316 3 281 0 0.08695652173913043
transition 316 3 273 0 0.08695652173913043
transition 316 3 267 0 0.08695652173913043
transition 316 3 263 0 0.043478260869565216
transition 316 3 262 0 0.08695652173913043
transition 316 3 625 0 0.08695652173913043
transition 317 3 468 0 0.043478260869565216
transition 317 3 362 0 0.08695652173913043
transition 317 3 317 0 0.043478260869565216
transition 317 3 295 0 0.08695652173913043
transition 317 3 282 0 0.08695652173913043
transition 317 3 274 0 0.08695652173913043
transition 317 3 268 0 0.043478260869565216
transition 317 3 267 0 0.08695652173913043
transition 317 3 266 0 0.08695652173913043
transition 317 3 265 0 0.08695652173913043
transition 317 3 625 0 0.08695652173913043
transition 318 3 471 0 0.045454545454545456
transition 318 3 364 0 0.09090909090909091
transition 318 3 318 0 0.045454545454545456
transition 318 3 625 0 0.09090909090909091
transition 319 3 472 0 0.043478260869565216
transition 319 3 365 0 0.08695652173913043
transition 319 3 319 0 0.043478260869565216
transition 319 3 296 0 0.08695652173913043
transition 319 3 283 0 0.08695652173913043
transition 319 3 275 0 0.043478260869565216
transition 319 3 274 0 0.08695652173913043
transition 319 3 273 0 0.08695652173913043
transition 319 3 272 0 0.08695652173913043
transition 319 3 271 0 0.08695652173913043
transition 319 3 270 0 0.08695652173913043
transition 319 3 625 0 0.08695652173913043
transition 320 3 475 0 0.045454545454545456
transition 320 3 367 0 0.09090909090909091
transition 320 3 320 0 0.045454545454545456
transition 320 3 625 0 0.09090909090909091
transition 321 3 476 0 0.045454545454545456
transition 321 3 368 0 0.09090909090909091
transition 321 3 321 0 0.045454545454545456
transition 321 3 297 0 0.09090909090909091
transition 321 3 625 0 0.09090909090909091
transition 322 3 477 0 0.045454545454545456
transition 322 3 369 0 0.09090909090909091
transition 322 3 322 0 0.045454545454545456
transition 322 3 298 0 0.09090909090909091
transition 322 3 284 0 0.09090909090909091
transition 322 3 625 0 0.09090909090909091
transition 323 3 478 0 0.043478260869565216
transition 323 3 370 0 0.08695652173913043
transition 323 3 323 0 0.043478260869565216
transition 323 3 299 0 0.08695652173913043
transition 323 3 285 0 0.043478260869565216
transition 323 3 283 0 0.08695652173913043
transition 323 3 282 0 0.08695652173913043
transition 323 3 281 0 0.08695652173913043
transition 323 3 280 0 0.08695652173913043
transition 323 3 279 0 0.08695652173913043
transition 323 3 278 0 0.08695652173913043
transition 323 3 277 0 0.08695652173913043
transition 323 3 625 0 0.08695652173913043
transition 324 3 481 0 0.045454545454545456
transition 324 3 372 0 0.09090909090909091
transition 324 3 324 0 0.045454545454545456
transition 324 3 625 0 0.09090909090909091
transition 325 3 482 0 0.045454545454545456
transition 325 3 373 0 0.09090909090909091
transition 325 3 325 0 0.045454545454545456
transition 325 3 300 0 0.09090909090909091
transition 325 3 625 0 0.09090909090909091
transition 326 3 483 0 0.045454545454545456
transition 326 3 374 0 0.09090909090909091
transition 326 3 326 0 0.045454545454545456
transition 326 3 301 0 0.09090909090909091
transition 326 3 286 0 0.045454545454545456
transition 326 3 625 0 0.09090909090909091
transition 327 3 484 0 0.045454545454545456
transition 327 3 375 0 0.09090909090909091
transition 327 3 327 0 0.045454545454545456
transition 327 3 302 0 0.09090909090909091
transition 327 3 287 0 0.045454545454545456
transition 327 3 284 0 0.045454545454545456
transition 327 3 625 0 0.09090909090909091
transition 328 3 485 0 0.045454545454545456
transition 328 3 376 0 0.09090909090909091
transition 328 3 328 0 0.045454545454545456
transition 328 3 303 0 0.09090909090909091
transition 328 3 287 0 0.09090909090909091
transition 328 3 286 0 0.09090909090909091
transition 328 3 625 0 0.09090909090909091
transition 329 3 487 0 0.043478260869565216
transition 329 3 377 0 0.08695652173913043
transition 329 3 329 0 0.043478260869565216
transition 329 3 304 0 0.043478260869565216
transition 329 3 299 0 0.08695652173913043
transition 329 3 296 0 0.08695652173913043
transition 329 3 295 0 0.08695652173913043
transition 329 3 294 0 0.08695652173913043
transition 329 3 293 0 0.08695652173913043
transition 329 3 292 0 0.08695652173913043
transition 329 3 291 0 0.08695652173913043
transition 329 3 290 0 0.08695652173913043
transition 329 3 289 0 0.08695652173913043
transition 330 3 490 0 0.045454545454545456
transition 330 3 379 0 0.09090909090909091
transition 330 3 330 0 0.045454545454545456
transition 330 3 625 0 0.09090909090909091
transition 331 3 491 0 0.045454545454545456
transition 331 3 380 0 0.09090909090909091
transition 331 3 331 0 0.045454545454545456
transition 331 3 305 0 0.045454545454545456
transition 331 3 625 0 0.09090909090909091
transition 332 3 492 0 0.045454545454545456
transition 332 3 381 0 0.09090909090909091
transition 332 3 332 0 0.045454545454545456
transition 332 3 306 0 0.045454545454545456
transition 332 3 300 0 0.09090909090909091
transition 332 3 625 0 0.09090909090909091
transition 333 3 493 0 0.045454545454545456
transition 333 3 382 0 0.09090909090909091
transition 333 3 333 0 0.045454545454545456
transition 333 3 307 0 0.045454545454545456
transition 333 3 301 0 0.09090909090909091
transition 333 3 297 0 0.09090909090909091
transition 333 3 625 0 0.09090909090909091
transition 334 3 494 0 0.045454545454545456
transition 334 3 383 0 0.09090909090909091
transition 334 3 334 0 0.045454545454545456
transition 334 3 308 0 0.045454545454545456
transition 334 3 302 0 0.09090909090909091
transition 334 3 298 0 0.045454545454545456
transition 334 3 297 0 0.09090909090909091
transition 334 3 625 0 0.09090909090909091
transition 335 3 496 0 0.045454545454545456
transition 335 3 384 0 0.09090909090909091
transition 335 3 335 0 0.045454545454545456
transition 335 3 309 0 0.045454545454545456
transition 335 3 303 0 0.045454545454545456
transition 335 3 302 0 0.09090909090909091
transition 335 3 301 0 0.09090909090909091
transition 335 3 300 0 0.09090909090909091
transition 335 3 625 0 0.09090909090909091
transition 336 3 499 0 0.047619047619047616
transition 336 3 386 0 0.09523809523809523
transition 336 3 336 0 0.047619047619047616
transition 336 3 625 0 0.09523809523809523
transition 337 3 500 0 0.045454545454545456
transition 337 3 387 0 0.09090909090909091
transition 337 3 337 0 0.045454545454545456
transition 337 3 309 0 0.09090909090909091
transition 337 3 308 0 0.09090909090909091
transition 337 3 307 0 0.09090909090909091
transition 337 3 306 0 0.09090909090909091
transition 337 3 305 0 0.09090909090909091
transition 337 3 625 0 0.09090909090909091
transition 338 3 503 0 0.047619047619047616
transition 338 3 389 0 0.09523809523809523
transition 338 3 338 0 0.047619047619047616
transition 338 3 625 0 0.09523809523809523
transition 339 3 504 0 0.047619047619047616
transition 339 3 390 0 0.09523809523809523
transition 339 3 339 0 0.047619047619047616
transition 339 3 625 0 0.09523809523809523
transition 340 3 505 0 0.043478260869565216
transition 340 3 391 0 0.08695652173913043
transition 340 3 329 0 0.08695652173913043
transition 340 3 323 0 0.08695652173913043
transition 340 3 319 0 0.08695652173913043
transition 340 3 317 0 0.08695652173913043
transition 340 3 316 0 0.08695652173913043
transition 340 3 315 0 0.08695652173913043
transition 340 3 314 0 0.08695652173913043
transition 340 3 313 0 0.08695652173913043
transition 340 3 312 0 0.08695652173913043
transition 340 3 311 0 0.08695652173913043
transition 341 3 508 0 0.045454545454545456
transition 341 3 393 0 0.09090909090909091
transition 341 3 625 0 0.09090909090909091
transition 342 3 509 0 0.045454545454545456
transition 342 3 394 0 0.09090909090909091
transition 342 3 330 0 0.09090909090909091
transition 342 3 625 0 0.09090909090909091
transition 343 3 510 0 0.045454545454545456
transition 343 3 395 0 0.09090909090909091
transition 343 3 331 0 0.09090909090909091
transition 343 3 324 0 0.09090909090909091
transition 343 3 625 0 0.09090909090909091
transition 344 3 511 0 0.045454545454545456
transition 344 3 396 0 0.09090909090909091
transition 344 3 332 0 0.09090909090909091
transition 344 3 325 0 0.09090909090909091
transition 344 3 320 0 0.09090909090909091
transition 344 3 625 0 0.09090909090909091
transition 345 3 512 0 0.045454545454545456
transition 345 3 397 0 0.09090909090909091
transition 345 3 333 0 0.09090909090909091
transition 345 3 326 0 0.09090909090909091
transition 345 3 321 0 0.09090909090909091
transition 345 3 318 0 0.045454545454545456
transition 345 3 625 0 0.09090909090909091
transition 346 3 513 0 0.045454545454545456
transition 346 3 398 0 0.09090909090909091
transition 346 3 334 0 0.09090909090909091
transition 346 3 327 0 0.09090909090909091
transition 346 3 322 0 0.045454545454545456
transition 346 3 321 0 0.09090909090909091
transition 346 3 320 0 0.09090909090909091
transition 346 3 625 0 0.09090909090909091
transition 347 3 516 0 0.045454545454545456
transition 347 3 400 0 0.09090909090909091
transition 347 3 335 0 0.09090909090909091
transition 347 3 328 0 0.045454545454545456
transition 347 3 327 0 0.09090909090909091
transition 347 3 326 0 0.09090909090909091
transition 347 3 325 0 0.09090909090909091
transition 347 3 324 0 0.09090909090909091
transition 347 3 625 0 0.09090909090909091
transition 348 3 519 0 0.047619047619047616
transition 348 3 402 0 0.09523809523809523
transition 348 3 625 0 0.09523809523809523
transition 349 3 520 0 0.047619047619047616
transition 349 3 403 0 0.09523809523809523
transition 349 3 336 0 0.09523809523809523
transition 349 3 625 0 0.09523809523809523
transition 350 3 521 0 0.045454545454545456
transition 350 3 404 0 0.09090909090909091
transition 350 3 337 0 0.045454545454545456
transition 350 3 335 0 0.09090909090909091
transition 350 3 334 0 0.09090909090909091
transition 350 3 333 0 0.09090909090909091
transition 350 3 332 0 0.09090909090909091
transition 350 3 331 0 0.09090909090909091
transition 350 3 330 0 0.09090909090909091
transition 350 3 625 0 0.09090909090909091
transition 351 3 524 0 0.047619047619047616
transition 351 3 406 0 0.09523809523809523
transition 351 3 625 0 0.09523809523809523
transition 352 3 525 0 0.047619047619047616
transition 352 3 407 0 0.09523809523809523
transition 352 3 338 0 0.047619047619047616
transition 352 3 625 0 0.09523809523809523
transition 353 3 526 0 0.047619047619047616
transition 353 3 408 0 0.09523809523809523
transition 353 3 339 0 0.047619047619047616
transition 353 3 336 0 0.047619047619047616
transition 353 3 625 0 0.09523809523809523
transition 354 3 527 0 0.047619047619047616
transition 354 3 409 0 0.09523809523809523
transition 354 3 339 0 0.09523809523809523
transition 354 3 338 0 0.09523809523809523
transition 354 3 625 0 0.09523809523809523
transition 391 3 541 0 0.043478260869565216
transition 391 3 419 0 0.043478260869565216
transition 391 3 391 0 0.043478260869565216
transition 391 3 377 0 0.08695652173913043
transition 391 3 370 0 0.08695652173913043
transition 391 3 365 0 0.08695652173913043
transition 391 3 362 0 0.08695652173913043
transition 391 3 361 0 0.08695652173913043
transition 391 3 360 0 0.08695652173913043
transition 391 3 359 0 0.08695652173913043
transition 391 3 358 0 0.08695652173913043
transition 391 3 357 0 0.08695652173913043
transition 391 3 356 0 0.08695652173913043
transition 392 3 543 0 0.045454545454545456
transition 392 3 421 0 0.045454545454545456
transition 392 3 392 0 0.045454545454545456
transition 392 3 625 0 0.09090909090909091
transition 393 3 544 0 0.045454545454545456
transition 393 3 422 0 0.045454545454545456
transition 393 3 393 0 0.045454545454545456
transition 393 3 378 0 0.09090909090909091
transition 393 3 625 0 0.09090909090909091
transition 394 3 545 0 0.045454545454545456
transition 394 3 423 0 0.045454545454545456
transition 394 3 394 0 0.045454545454545456
transition 394 3 379 0 0.09090909090909091
transition 394 3 371 0 0.09090909090909091
transition 394 3 625 0 0.09090909090909091
transition 395 3 546 0 0.045454545454545456
transition 395 3 424 0 0.045454545454545456
transition 395 3 395 0 0.045454545454545456
transition 395 3 380 0 0.09090909090909091
transition 395 3 372 0 0.09090909090909091
transition 395 3 366 0 0.09090909090909091
transition 395 3 625 0 0.09090909090909091
transition 396 3 547 0 0.045454545454545456
transition 396 3 425 0 0.045454545454545456
transition 396 3 396 0 0.045454545454545456
transition 396 3 381 0 0.09090909090909091
transition 396 3 373 0 0.09090909090909091
transition 396 3 367 0 0.09090909090909091
transition 396 3 363 0 0.09090909090909091
transition 396 3 625 0 0.09090909090909091
transition 397 3 548 0 0.045454545454545456
transition 397 3 426 0 0.045454545454545456
transition 397 3 397 0 0.045454545454545456
transition 397 3 382 0 0.09090909090909091
transition 397 3 374 0 0.09090909090909091
transition 397 3 368 0 0.09090909090909091
transition 397 3 364 0 0.045454545454545456
transition 397 3 363 0 0.09090909090909091
transition 397 3 625 0 0.09090909090909091
transition 398 3 550 0 0.045454545454545456
transition 398 3 427 0 0.045454545454545456
transition 398 3 398 0 0.045454545454545456
transition 398 3 383 0 0.09090909090909091
transition 398 3 375 0 0.09090909090909091
transition 398 3 369 0 0.045454545454545456
transition 398 3 368 0 0.09090909090909091
transition 398 3 367 0 0.09090909090909091
transition 398 3 366 0 0.09090909090909091
transition 398 3 625 0 0.09090909090909091
transition 399 3 553 0 0.047619047619047616
transition 399 3 429 0 0.047619047619047616
transition 399 3 399 0 0.047619047619047616
transition 399 3 625 0 0.09523809523809523
transition 400 3 554 0 0.045454545454545456
transition 400 3 430 0 0.045454545454545456
transition 400 3 400 0 0.045454545454545456
transition 400 3 384 0 0.09090909090909091
transition 400 3 376 0 0.045454545454545456
transition 400 3 375 0 0.09090909090909091
transition 400 3 374 0 0.09090909090909091
transition 400 3 373 0 0.09090909090909091
transition 400 3 372 0 0.09090909090909091
transition 400 3 371 0 0.09090909090909091
transition 400 3 625 0 0.09090909090909091
transition 401 3 557 0 0.047619047619047616
transition 401 3 432 0 0.047619047619047616
transition 401 3 401 0 0.047619047619047616
transition 401 3 625 0 0.09523809523809523
transition 402 3 558 0 0.047619047619047616
transition 402 3 433 0 0.047619047619047616
transition 402 3 402 0 0.047619047619047616
transition 402 3 385 0 0.09523809523809523
transition 402 3 625 0 0.09523809523809523
transition 403 3 559 0 0.047619047619047616
transition 403 3 434 0 0.047619047619047616
transition 403 3 403 0 0.047619047619047616
transition 403 3 386 0 0.09523809523809523
transition 403 3 625 0 0.09523809523809523
transition 404 3 560 0 0.045454545454545456
transition 404 3 435 0 0.045454545454545456
transition 404 3 404 0 0.045454545454545456
transition 404 3 387 0 0.045454545454545456
transition 404 3 384 0 0.09090909090909091
transition 404 3 383 0 0.09090909090909091
transition 404 3 382 0 0.09090909090909091
transition 404 3 381 0 0.09090909090909091
transition 404 3 380 0 0.09090909090909091
transition 404 3 379 0 0.09090909090909091
transition 404 3 378 0 0.09090909090909091
transition 404 3 625 0 0.09090909090909091
transition 405 3 563 0 0.047619047619047616
transition 405 3 437 0 0.047619047619047616
transition 405 3 405 0 0.047619047619047616
transition 405 3 625 0 0.09523809523809523
transition 406 3 564 0 0.047619047619047616
transition 406 3 438 0 0.047619047619047616
transition 406 3 406 0 0.047619047619047616
transition 406 3 388 0 0.047619047619047616
transition 406 3 625 0 0.09523809523809523
transition 407 3 565 0 0.047619047619047616
transition 407 3 439 0 0.047619047619047616
transition 407 3 407 0 0.047619047619047616
transition 407 3 389 0 0.047619047619047616
transition 407 3 385 0 0.09523809523809523
transition 407 3 625 0 0.09523809523809523
transition 408 3 566 0 0.047619047619047616
transition 408 3 440 0 0.047619047619047616
transition 408 3 408 0 0.047619047619047616
transition 408 3 390 0 0.047619047619047616
transition 408 3 386 0 0.047619047619047616
transition 408 3 385 0 0.09523809523809523
transition 408 3 625 0 0.09523809523809523
transition 409 3 568 0 0.047619047619047616
transition 409 3 441 0 0.047619047619047616
transition 409 3 409 0 0.047619047619047616
transition 409 3 390 0 0.09523809523809523
transition 409 3 389 0 0.09523809523809523
transition 409 3 388 0 0.09523809523809523
transition 409 3 625 0 0.09523809523809523
transition 410 3 571 0 0.045454545454545456
transition 410 3 443 0 0.045454545454545456
transition 410 3 404 0 0.09090909090909091
transition 410 3 400 0 0.09090909090909091
transition 410 3 398 0 0.09090909090909091
transition 410 3 397 0 0.09090909090909091
transition 410 3 396 0 0.09090909090909091
transition 410 3 395 0 0.09090909090909091
transition 410 3 394 0 0.09090909090909091
transition 410 3 393 0 0.09090909090909091
transition 410 3 392 0 0.09090909090909091
transition 410 3 625 0 0.09090909090909091
transition 411 3 574 0 0.047619047619047616
transition 411 3 445 0 0.047619047619047616
transition 411 3 625 0 0.09523809523809523
transition 412 3 575 0 0.047619047619047616
transition 412 3 446 0 0.047619047619047616
transition 412 3 405 0 0.09523809523809523
transition 412 3 625 0 0.09523809523809523
transition 413 3 576 0 0.047619047619047616
transition 413 3 447 0 0.047619047619047616
transition 413 3 406 0 0.09523809523809523
transition 413 3 401 0 0.09523809523809523
transition 413 3 625 0 0.09523809523809523
transition 414 3 577 0 0.047619047619047616
transition 414 3 448 0 0.047619047619047616
transition 414 3 407 0 0.09523809523809523
transition 414 3 402 0 0.09523809523809523
transition 414 3 399 0 0.047619047619047616
transition 414 3 625 0 0.09523809523809523
transition 415 3 578 0 0.047619047619047616
transition 415 3 449 0 0.047619047619047616
transition 415 3 408 0 0.09523809523809523
transition 415 3 403 0 0.047619047619047616
transition 415 3 402 0 0.09523809523809523
transition 415 3 401 0 0.09523809523809523
transition 415 3 625 0 0.09523809523809523
transition 416 3 581 0 0.047619047619047616
transition 416 3 451 0 0.047619047619047616
transition 416 3 409 0 0.047619047619047616
transition 416 3 408 0 0.09523809523809523
transition 416 3 407 0 0.09523809523809523
transition 416 3 406 0 0.09523809523809523
transition 416 3 405 0 0.09523809523809523
transition 416 3 625 0 0.09523809523809523
transition 417 3 584 0 0.05
transition 417 3 453 0 0.05
transition 417 3 625 0 0.1
transition 418 3 585 0 0.05
transition 418 3 454 0 0.05
transition 418 3 625 0 0.1
transition 443 3 593 0 0.045454545454545456
transition 443 3 443 0 0.045454545454545456
transition 443 3 435 0 0.09090909090909091
transition 443 3 430 0 0.09090909090909091
transition 443 3 427 0 0.09090909090909091
transition 443 3 426 0 0.09090909090909091
transition 443 3 425 0 0.09090909090909091
transition 443 3 424 0 0.09090909090909091
transition 443 3 423 0 0.09090909090909091
transition 443 3 422 0 0.09090909090909091
transition 443 3 421 0 0.09090909090909091
transition 443 3 420 0 0.09090909090909091
transition 444 3 596 0 0.047619047619047616
transition 444 3 444 0 0.047619047619047616
transition 444 3 625 0 0.09523809523809523
transition 445 3 597 0 0.047619047619047616
transition 445 3 445 0 0.047619047619047616
transition 445 3 436 0 0.09523809523809523
transition 445 3 625 0 0.09523809523809523
transition 446 3 598 0 0.047619047619047616
transition 446 3 446 0 0.047619047619047616
transition 446 3 437 0 0.09523809523809523
transition 446 3 431 0 0.09523809523809523
transition 446 3 625 0 0.09523809523809523
transition 447 3 599 0 0.047619047619047616
transition 447 3 447 0 0.047619047619047616
transition 447 3 438 0 0.09523809523809523
transition 447 3 432 0 0.09523809523809523
transition 447 3 428 0 0.09523809523809523
transition 447 3 625 0 0.09523809523809523
transition 448 3 600 0 0.047619047619047616
transition 448 3 448 0 0.047619047619047616
transition 448 3 439 0 0.09523809523809523
transition 448 3 433 0 0.09523809523809523
transition 448 3 429 0 0.047619047619047616
transition 448 3 428 0 0.09523809523809523
transition 448 3 625 0 0.09523809523809523
transition 449 3 602 0 0.047619047619047616
transition 449 3 449 0 0.047619047619047616
transition 449 3 440 0 0.09523809523809523
transition 449 3 434 0 0.047619047619047616
transition 449 3 433 0 0.09523809523809523
transition 449 3 432 0 0.09523809523809523
transition 449 3 431 0 0.09523809523809523
transition 449 3 625 0 0.09523809523809523
transition 450 3 605 0 0.05
transition 450 3 450 0 0.05
transition 450 3 625 0 0.1
transition 451 3 606 0 0.047619047619047616
transition 451 3 451 0 0.047619047619047616
transition 451 3 441 0 0.047619047619047616
transition 451 3 440 0 0.09523809523809523
transition 451 3 439 0 0.09523809523809523
transition 451 3 438 0 0.09523809523809523
transition 451 3 437 0 0.09523809523809523
transition 451 3 436 0 0.09523809523809523
transition 451 3 625 0 0.09523809523809523
transition 452 3 609 0 0.05
transition 452 3 452 0 0.05
transition 452 3 625 0 0.1
transition 453 3 610 0 0.05
transition 453 3 453 0 0.05
transition 453 3 442 0 0.05
transition 453 3 625 0 0.1
transition 454 3 611 0 0.05
transition 454 3 454 0 0.05
transition 454 3 442 0 0.1
transition 454 3 625 0 0.1
transition 455 3 612 0 0.047619047619047616
transition 455 3 451 0 0.09523809523809523
transition 455 3 449 0 0.09523809523809523
transition 455 3 448 0 0.09523809523809523
transition 455 3 447 0 0.09523809523809523
transition 455 3 446 0 0.09523809523809523
transition 455 3 445 0 0.09523809523809523
transition 455 3 444 0 0.09523809523809523
transition 455 3 625 0 0.09523809523809523
transition 456 3 615 0 0.05
transition 456 3 625 0 0.1
transition 457 3 616 0 0.05
transition 457 3 452 0 0.1
transition 457 3 625 0 0.1
transition 458 3 617 0 0.05
transition 458 3 453 0 0.1
transition 458 3 450 0 0.05
transition 458 3 625 0 0.1
transition 459 3 618 0 0.05
transition 459 3 454 0 0.05
transition 459 3 453 0 0.1
transition 459 3 452 0 0.1
transition 459 3 625 0 0.1
transition 505 3 541 0 0.08695652173913043
transition 505 3 505 0 0.043478260869565216
transition 505 3 487 0 0.08695652173913043
transition 505 3 478 0 0.08695652173913043
transition 505 3 472 0 0.08695652173913043
transition 505 3 468 0 0.08695652173913043
transition 505 3 466 0 0.08695652173913043
transition 505 3 465 0 0.08695652173913043
transition 505 3 464 0 0.08695652173913043
transition 505 3 463 0 0.08695652173913043
transition 505 3 462 0 0.08695652173913043
transition 505 3 461 0 0.08695652173913043
transition 506 3 542 0 0.09090909090909091
transition 506 3 506 0 0.045454545454545456
transition 506 3 625 0 0.045454545454545456
transition 507 3 543 0 0.09090909090909091
transition 507 3 507 0 0.045454545454545456
transition 507 3 488 0 0.09090909090909091
transition 507 3 625 0 0.09090909090909091
transition 508 3 544 0 0.09090909090909091
transition 508 3 508 0 0.045454545454545456
transition 508 3 489 0 0.09090909090909091
transition 508 3 479 0 0.09090909090909091
transition 508 3 625 0 0.09090909090909091
transition 509 3 545 0 0.09090909090909091
transition 509 3 509 0 0.045454545454545456
transition 509 3 490 0 0.09090909090909091
transition 509 3 480 0 0.09090909090909091
transition 509 3 473 0 0.09090909090909091
transition 509 3 625 0 0.09090909090909091
transition 510 3 546 0 0.09090909090909091
transition 510 3 510 0 0.045454545454545456
transition 510 3 491 0 0.09090909090909091
transition 510 3 481 0 0.09090909090909091
transition 510 3 474 0 0.09090909090909091
transition 510 3 469 0 0.09090909090909091
transition 510 3 625 0 0.09090909090909091
transition 511 3 547 0 0.09090909090909091
transition 511 3 511 0 0.045454545454545456
transition 511 3 492 0 0.09090909090909091
transition 511 3 482 0 0.09090909090909091
transition 511 3 475 0 0.09090909090909091
transition 511 3 470 0 0.09090909090909091
transition 511 3 467 0 0.045454545454545456
transition 511 3 625 0 0.09090909090909091
transition 512 3 548 0 0.09090909090909091
transition 512 3 512 0 0.045454545454545456
transition 512 3 493 0 0.09090909090909091
transition 512 3 483 0 0.09090909090909091
transition 512 3 476 0 0.09090909090909091
transition 512 3 471 0 0.045454545454545456
transition 512 3 470 0 0.09090909090909091
transition 512 3 469 0 0.09090909090909091
transition 512 3 625 0 0.09090909090909091
transition 513 3 550 0 0.09090909090909091
transition 513 3 513 0 0.045454545454545456
transition 513 3 494 0 0.09090909090909091
transition 513 3 484 0 0.09090909090909091
transition 513 3 477 0 0.045454545454545456
transition 513 3 476 0 0.09090909090909091
transition 513 3 475 0 0.09090909090909091
transition 513 3 474 0 0.09090909090909091
transition 513 3 473 0 0.09090909090909091
transition 513 3 625 0 0.09090909090909091
transition 514 3 552 0 0.09523809523809523
transition 514 3 514 0 0.047619047619047616
transition 514 3 625 0 0.09523809523809523
transition 515 3 553 0 0.09523809523809523
transition 515 3 515 0 0.047619047619047616
transition 515 3 495 0 0.09523809523809523
transition 515 3 625 0 0.09523809523809523
transition 516 3 554 0 0.09090909090909091
transition 516 3 516 0 0.045454545454545456
transition 516 3 496 0 0.09090909090909091
transition 516 3 485 0 0.045454545454545456
transition 516 3 484 0 0.09090909090909091
transition 516 3 483 0 0.09090909090909091
transition 516 3 482 0 0.09090909090909091
transition 516 3 481 0 0.09090909090909091
transition 516 3 480 0 0.09090909090909091
transition 516 3 479 0 0.09090909090909091
transition 516 3 625 0 0.09090909090909091
transition 517 3 556 0 0.09523809523809523
transition 517 3 517 0 0.047619047619047616
transition 517 3 625 0 0.09523809523809523
transition 518 3 557 0 0.09523809523809523
transition 518 3 518 0 0.047619047619047616
transition 518 3 497 0 0.09523809523809523
transition 518 3 625 0 0.09523809523809523
transition 519 3 558 0 0.09523809523809523
transition 519 3 519 0 0.047619047619047616
transition 519 3 498 0 0.09523809523809523
transition 519 3 486 0 0.047619047619047616
transition 519 3 625 0 0.09523809523809523
transition 520 3 559 0 0.09523809523809523
transition 520 3 520 0 0.047619047619047616
transition 520 3 499 0 0.09523809523809523
transition 520 3 486 0 0.09523809523809523
transition 520 3 625 0 0.09523809523809523
transition 521 3 560 0 0.09090909090909091
transition 521 3 521 0 0.045454545454545456
transition 521 3 500 0 0.045454545454545456
transition 521 3 496 0 0.09090909090909091
transition 521 3 494 0 0.09090909090909091
transition 521 3 493 0 0.09090909090909091
transition 521 3 492 0 0.09090909090909091
transition 521 3 491 0 0.09090909090909091
transition 521 3 490 0 0.09090909090909091
transition 521 3 489 0 0.09090909090909091
transition 521 3 488 0 0.09090909090909091
transition 521 3 625 0 0.09090909090909091
transition 522 3 562 0 0.09523809523809523
transition 522 3 522 0 0.047619047619047616
transition 522 3 625 0 0.09523809523809523
transition 523 3 563 0 0.09523809523809523
transition 523 3 523 0 0.047619047619047616
transition 523 3 501 0 0.047619047619047616
transition 523 3 625 0 0.09523809523809523
transition 524 3 564 0 0.09523809523809523
transition 524 3 524 0 0.047619047619047616
transition 524 3 502 0 0.047619047619047616
transition 524 3 497 0 0.09523809523809523
transition 524 3 625 0 0.09523809523809523
transition 525 3 565 0 0.09523809523809523
transition 525 3 525 0 0.047619047619047616
transition 525 3 503 0 0.047619047619047616
transition 525 3 498 0 0.09523809523809523
transition 525 3 495 0 0.047619047619047616
transition 525 3 625 0 0.09523809523809523
transition 526 3 566 0 0.09523809523809523
transition 526 3 526 0 0.047619047619047616
transition 526 3 504 0 0.047619047619047616
transition 526 3 499 0 0.047619047619047616
transition 526 3 498 0 0.09523809523809523
transition 526 3 497 0 0.09523809523809523
transition 526 3 625 0 0.09523809523809523
transition 527 3 568 0 0.09523809523809523
transition 527 3 527 0 0.047619047619047616
transition 527 3 504 0 0.09523809523809523
transition 527 3 503 0 0.09523809523809523
transition 527 3 502 0 0.09523809523809523
transition 527 3 501 0 0.09523809523809523
transition 527 3 625 0 0.09523809523809523
transition 528 3 570 0 0.1
transition 528 3 528 0 0.05
transition 528 3 625 0 0.1
transition 529 3 571 0 0.09090909090909091
transition 529 3 521 0 0.09090909090909091
transition 529 3 516 0 0.09090909090909091
transition 529 3 513 0 0.09090909090909091
transition 529 3 512 0 0.09090909090909091
transition 529 3 511 0 0.09090909090909091
transition 529 3 510 0 0.09090909090909091
transition 529 3 509 0 0.09090909090909091
transition 529 3 508 0 0.09090909090909091
transition 529 3 507 0 0.09090909090909091
transition 529 3 506 0 0.09090909090909091
transition 530 3 573 0 0.09523809523809523
transition 530 3 625 0 0.09523809523809523
transition 531 3 574 0 0.09523809523809523
transition 531 3 522 0 0.09523809523809523
transition 531 3 625 0 0.09523809523809523
transition 532 3 575 0 0.09523809523809523
transition 532 3 523 0 0.09523809523809523
transition 532 3 517 0 0.09523809523809523
transition 532 3 625 0 0.09523809523809523
transition 533 3 576 0 0.09523809523809523
transition 533 3 524 0 0.09523809523809523
transition 533 3 518 0 0.09523809523809523
transition 533 3 514 0 0.09523809523809523
transition 533 3 625 0 0.09523809523809523
transition 534 3 577 0 0.09523809523809523
transition 534 3 525 0 0.09523809523809523
transition 534 3 519 0 0.09523809523809523
transition 534 3 515 0 0.047619047619047616
transition 534 3 514 0 0.09523809523809523
transition 534 3 625 0 0.09523809523809523
transition 535 3 578 0 0.09523809523809523
transition 535 3 526 0 0.09523809523809523
transition 535 3 520 0 0.047619047619047616
transition 535 3 519 0 0.09523809523809523
transition 535 3 518 0 0.09523809523809523
transition 535 3 517 0 0.09523809523809523
transition 535 3 625 0 0.09523809523809523
transition 536 3 580 0 0.1
transition 536 3 625 0 0.1
transition 537 3 581 0 0.09523809523809523
transition 537 3 527 0 0.047619047619047616
transition 537 3 526 0 0.09523809523809523
transition 537 3 525 0 0.09523809523809523
transition 537 3 524 0 0.09523809523809523
transition 537 3 523 0 0.09523809523809523
transition 537 3 522 0 0.09523809523809523
transition 537 3 625 0 0.09523809523809523
transition 538 3 583 0 0.1
transition 538 3 625 0 0.1
transition 539 3 584 0 0.1
transition 539 3 528 0 0.05
transition 539 3 625 0 0.1
transition 540 3 585 0 0.1
transition 540 3 528 0 0.1
transition 540 3 625 0 0.1
transition 571 3 593 0 0.045454545454545456
transition 571 3 571 0 0.045454545454545456
transition 571 3 560 0 0.09090909090909091
transition 571 3 554 0 0.09090909090909091
transition 571 3 550 0 0.09090909090909091
transition 571 3 548 0 0.09090909090909091
transition 571 3 547 0 0.09090909090909091
transition 571 3 546 0 0.09090909090909091
transition 571 3 545 0 0.09090909090909091
transition 571 3 544 0 0.09090909090909091
transition 571 3 543 0 0.09090909090909091
transition 571 3 542 0 0.09090909090909091
transition 572 3 595 0 0.047619047619047616
transition 572 3 572 0 0.047619047619047616
transition 572 3 625 0 0.09523809523809523
transition 573 3 596 0 0.047619047619047616
transition 573 3 573 0 0.047619047619047616
transition 573 3 561 0 0.09523809523809523
transition 573 3 625 0 0.09523809523809523
transition 574 3 597 0 0.047619047619047616
transition 574 3 574 0 0.047619047619047616
transition 574 3 562 0 0.09523809523809523
transition 574 3 555 0 0.09523809523809523
transition 574 3 625 0 0.09523809523809523
transition 575 3 598 0 0.047619047619047616
transition 575 3 575 0 0.047619047619047616
transition 575 3 563 0 0.09523809523809523
transition 575 3 556 0 0.09523809523809523
transition 575 3 551 0 0.09523809523809523
transition 575 3 625 0 0.09523809523809523
transition 576 3 599 0 0.047619047619047616
transition 576 3 576 0 0.047619047619047616
transition 576 3 564 0 0.09523809523809523
transition 576 3 557 0 0.09523809523809523
transition 576 3 552 0 0.09523809523809523
transition 576 3 549 0 0.047619047619047616
transition 576 3 625 0 0.09523809523809523
transition 577 3 600 0 0.047619047619047616
transition 577 3 577 0 0.047619047619047616
transition 577 3 565 0 0.09523809523809523
transition 577 3 558 0 0.09523809523809523
transition 577 3 553 0 0.047619047619047616
transition 577 3 552 0 0.09523809523809523
transition 577 3 551 0 0.09523809523809523
transition 577 3 625 0 0.09523809523809523
transition 578 3 602 0 0.047619047619047616
transition 578 3 578 0 0.047619047619047616
transition 578 3 566 0 0.09523809523809523
transition 578 3 559 0 0.047619047619047616
transition 578 3 558 0 0.09523809523809523
transition 578 3 557 0 0.09523809523809523
transition 578 3 556 0 0.09523809523809523
transition 578 3 555 0 0.09523809523809523
transition 578 3 625 0 0.09523809523809523
transition 579 3 604 0 0.05
transition 579 3 579 0 0.05
transition 579 3 625 0 0.1
transition 580 3 605 0 0.05
transition 580 3 580 0 0.05
transition 580 3 567 0 0.1
transition 580 3 625 0 0.1
transition 581 3 606 0 0.047619047619047616
transition 581 3 581 0 0.047619047619047616
transition 581 3 568 0 0.047619047619047616
transition 581 3 566 0 0.09523809523809523
transition 581 3 565 0 0.09523809523809523
transition 581 3 564 0 0.09523809523809523
transition 581 3 563 0 0.09523809523809523
transition 581 3 562 0 0.09523809523809523
transition 581 3 561 0 0.09523809523809523
transition 581 3 625 0 0.09523809523809523
transition 582 3 608 0 0.05
transition 582 3 582 0 0.05
transition 582 3 625 0 0.1
transition 583 3 609 0 0.05
transition 583 3 583 0 0.05
transition 583 3 569 0 0.05
transition 583 3 625 0 0.1
transition 584 3 610 0 0.05
transition 584 3 584 0 0.05
transition 584 3 570 0 0.05
transition 584 3 567 0 0.05
transition 584 3 625 0 0.1
transition 585 3 611 0 0.05
transition 585 3 585 0 0.05
transition 585 3 570 0 0.1
transition 585 3 569 0 0.1
transition 585 3 625 0 0.1
transition 586 3 612 0 0.047619047619047616
transition 586 3 581 0 0.09523809523809523
transition 586 3 578 0 0.09523809523809523
transition 586 3 577 0 0.09523809523809523
transition 586 3 576 0 0.09523809523809523
transition 586 3 575 0 0.09523809523809523
transition 586 3 574 0 0.09523809523809523
transition 586 3 573 0 0.09523809523809523
transition 586 3 572 0 0.09523809523809523
transition 586 3 625 0 0.09523809523809523
transition 587 3 614 0 0.05
transition 587 3 625 0 0.1
transition 588 3 615 0 0.05
transition 588 3 582 0 0.1
transition 588 3 625 0 0.1
transition 589 3 616 0 0.05
transition 589 3 583 0 0.1
transition 589 3 579 0 0.1
transition 589 3 625 0 0.1
transition 590 3 617 0 0.05
transition 590 3 584 0 0.1
transition 590 3 580 0 0.05
transition 590 3 579 0 0.1
transition 590 3 625 0 0.1
transition 591 3 618 0 0.05
transition 591 3 585 0 0.05
transition 591 3 584 0 0.1
transition 591 3 583 0 0.1
transition 591 3 582 0 0.1
transition 591 3 625 0 0.1
transition 592 3 620 0 0.05263157894736842
transition 592 3 625 0 0.10526315789473684
transition 612 3 612 0 0.047619047619047616
transition 612 3 606 0 0.09523809523809523
transition 612 3 602 0 0.09523809523809523
transition 612 3 600 0 0.09523809523809523
transition 612 3 599 0 0.09523809523809523
transition 612 3 598 0 0.09523809523809523
transition 612 3 597 0 0.09523809523809523
transition 612 3 596 0 0.09523809523809523
transition 612 3 595 0 0.09523809523809523
transition 612 3 594 0 0.09523809523809523
transition 612 3 625 0 0.09523809523809523
transition 613 3 613 0 0.05
transition 613 3 625 0 0.1
transition 614 3 614 0 0.05
transition 614 3 607 0 0.1
transition 614 3 625 0 0.1
transition 615 3 615 0 0.05
transition 615 3 608 0 0.1
transition 615 3 603 0 0.1
transition 615 3 625 0 0.1
transition 616 3 616 0 0.05
transition 616 3 609 0 0.1
transition 616 3 604 0 0.1
transition 616 3 601 0 0.05
transition 616 3 625 0 0.1
transition 617 3 617 0 0.05
transition 617 3 610 0 0.1
transition 617 3 605 0 0.05
transition 617 3 604 0 0.1
transition 617 3 603 0 0.1
transition 617 3 625 0 0.1
transition 618 3 618 0 0.05
transition 618 3 611 0 0.05
transition 618 3 610 0 0.1
transition 618 3 609 0 0.1
transition 618 3 608 0 0.1
transition 618 3 607 0 0.1
transition 618 3 625 0 0.1
transition 619 3 619 0 0.05263157894736842
transition 619 3 625 0 0.10526315789473684
transition 620 3 620 0 0.05263157894736842
transition 620 3 625 0 0.10526315789473684
transition 621 3 618 0 0.1
transition 621 3 617 0 0.1
transition 621 3 616 0 0.1
transition 621 3 615 0 0.1
transition 621 3 614 0 0.1
transition 621 3 613 0 0.1
transition 621 3 625 0 0.1
transition 622 3 625 0 0.10526315789473684
transition 623 3 619 0 0.10526315789473684
transition 623 3 625 0 0.10526315789473684
transition 624 3 620 0 0.05263157894736842
transition 624 3 619 0 0.10526315789473684
transition 624 3 625 0 0.10526315789473684
transition 40 4 255 0 0.08
transition 40 4 122 0 0.08
transition 40 4 67 0 0.08
transition 40 4 40 0 0.04
transition 40 4 25 0 0.08
transition 40 4 17 0 0.08
transition 40 4 11 0 0.08
transition 40 4 7 0 0.08
transition 40 4 5 0 0.08
transition 40 4 4 0 0.08
transition 40 4 3 0 0.08
transition 40 4 2 0 0.08
transition 40 4 1 0 0.08
transition 41 4 256 0 0.08333333333333333
transition 41 4 123 0 0.08333333333333333
transition 41 4 68 0 0.08333333333333333
transition 41 4 41 0 0.041666666666666664
transition 41 4 26 0 0.08333333333333333
transition 41 4 625 0 0.041666666666666664
transition 42 4 257 0 0.08333333333333333
transition 42 4 124 0 0.08333333333333333
transition 42 4 69 0 0.08333333333333333
transition 42 4 42 0 0.041666666666666664
transition 42 4 27 0 0.08333333333333333
transition 42 4 18 0 0.08333333333333333
transition 42 4 625 0 0.08333333333333333
transition 43 4 258 0 0.08333333333333333
transition 43 4 125 0 0.08333333333333333
transition 43 4 70 0 0.08333333333333333
transition 43 4 43 0 0.041666666666666664
transition 43 4 28 0 0.08333333333333333
transition 43 4 19 0 0.08333333333333333
transition 43 4 12 0 0.08333333333333333
transition 43 4 625 0 0.08333333333333333
transition 44 4 259 0 0.08333333333333333
transition 44 4 126 0 0.08333333333333333
transition 44 4 71 0 0.08333333333333333
transition 44 4 44 0 0.041666666666666664
transition 44 4 29 0 0.08333333333333333
transition 44 4 20 0 0.08333333333333333
transition 44 4 13 0 0.08333333333333333
transition 44 4 8 0 0.08333333333333333
transition 44 4 625 0 0.08333333333333333
transition 45 4 260 0 0.08333333333333333
transition 45 4 127 0 0.08333333333333333
transition 45 4 72 0 0.08333333333333333
transition 45 4 45 0 0.041666666666666664
transition 45 4 30 0 0.08333333333333333
transition 45 4 21 0 0.08333333333333333
transition 45 4 14 0 0.08333333333333333
transition 45 4 9 0 0.08333333333333333
transition 45 4 6 0 0.041666666666666664
transition 45 4 625 0 0.08333333333333333
transition 46 4 261 0 0.08333333333333333
transition 46 4 128 0 0.08333333333333333
transition 46 4 73 0 0.08333333333333333
transition 46 4 46 0 0.041666666666666664
transition 46 4 31 0 0.08333333333333333
transition 46 4 22 0 0.08333333333333333
transition 46 4 15 0 0.08333333333333333
transition 46 4 10 0 0.041666666666666664
transition 46 4 9 0 0.08333333333333333
transition 46 4 8 0 0.08333333333333333
transition 46 4 625 0 0.08333333333333333
transition 47 4 264 0 0.08333333333333333
transition 47 4 130 0 0.08333333333333333
transition 47 4 74 0 0.08333333333333333
transition 47 4 47 0 0.041666666666666664
transition 47 4 32 0 0.08333333333333333
transition 47 4 23 0 0.08333333333333333
transition 47 4 16 0 0.041666666666666664
transition 47 4 15 0 0.08333333333333333
transition 47 4 14 0 0.08333333333333333
transition 47 4 13 0 0.08333333333333333
transition 47 4 12 0 0.08333333333333333
transition 47 4 625 0 0.08333333333333333
transition 48 4 268 0 0.08695652173913043
transition 48 4 133 0 0.08695652173913043
transition 48 4 76 0 0.08695652173913043
transition 48 4 48 0 0.043478260869565216
transition 48 4 625 0 0.08695652173913043
transition 49 4 269 0 0.08333333333333333
transition 49 4 134 0 0.08333333333333333
transition 49 4 77 0 0.08333333333333333
transition 49 4 49 0 0.041666666666666664
transition 49 4 33 0 0.08333333333333333
transition 49 4 24 0 0.041666666666666664
transition 49 4 23 0 0.08333333333333333
transition 49 4 22 0 0.08333333333333333
transition 49 4 21 0 0.08333333333333333
transition 49 4 20 0 0.08333333333333333
transition 49 4 19 0 0.08333333333333333
transition 49 4 18 0 0.08333333333333333
transition 49 4 625 0 0.08333333333333333
transition 50 4 273 0 0.08695652173913043
transition 50 4 137 0 0.08695652173913043
transition 50 4 79 0 0.08695652173913043
transition 50 4 50 0 0.043478260869565216
transition 50 4 625 0 0.08695652173913043
transition 51 4 274 0 0.08695652173913043
transition 51 4 138 0 0.08695652173913043
transition 51 4 80 0 0.08695652173913043
transition 51 4 51 0 0.043478260869565216
transition 51 4 34 0 0.08695652173913043
transition 51 4 625 0 0.08695652173913043
transition 52 4 275 0 0.08695652173913043
transition 52 4 139 0 0.08695652173913043
transition 52 4 81 0 0.08695652173913043
transition 52 4 52 0 0.043478260869565216
transition 52 4 35 0 0.08695652173913043
transition 52 4 625 0 0.08695652173913043
transition 53 4 276 0 0.08333333333333333
transition 53 4 140 0 0.08333333333333333
transition 53 4 82 0 0.08333333333333333
transition 53 4 53 0 0.041666666666666664
transition 53 4 36 0 0.041666666666666664
transition 53 4 33 0 0.08333333333333333
transition 53 4 32 0 0.08333333333333333
transition 53 4 31 0 0.08333333333333333
transition 53 4 30 0 0.08333333333333333
transition 53 4 29 0 0.08333333333333333
transition 53 4 28 0 0.08333333333333333
transition 53 4 27 0 0.08333333333333333
transition 53 4 26 0 0.08333333333333333
transition 54 4 280 0 0.08695652173913043
transition 54 4 143 0 0.08695652173913043
transition 54 4 84 0 0.08695652173913043
transition 54 4 54 0 0.043478260869565216
transition 54 4 625 0 0.08695652173913043
transition 55 4 281 0 0.08695652173913043
transition 55 4 144 0 0.08695652173913043
transition 55 4 85 0 0.08695652173913043
transition 55 4 55 0 0.043478260869565216
transition 55 4 37 0 0.043478260869565216
transition 55 4 625 0 0.08695652173913043
transition 56 4 282 0 0.08695652173913043
transition 56 4 145 0 0.08695652173913043
transition 56 4 86 0 0.08695652173913043
transition 56 4 56 0 0.043478260869565216
transition 56 4 38 0 0.043478260869565216
transition 56 4 34 0 0.08695652173913043
transition 56 4 625 0 0.08695652173913043
transition 57 4 283 0 0.08695652173913043
transition 57 4 146 0 0.08695652173913043
transition 57 4 87 0 0.08695652173913043
transition 57 4 57 0 0.043478260869565216
transition 57 4 39 0 0.043478260869565216
transition 57 4 35 0 0.043478260869565216
transition 57 4 34 0 0.08695652173913043
transition 57 4 625 0 0.08695652173913043
transition 58 4 285 0 0.08695652173913043
transition 58 4 147 0 0.08695652173913043
transition 58 4 88 0 0.08695652173913043
transition 58 4 58 0 0.043478260869565216
transition 58 4 39 0 0.08695652173913043
transition 58 4 38 0 0.08695652173913043
transition 58 4 37 0 0.08695652173913043
transition 58 4 625 0 0.08695652173913043
transition 59 4 288 0 0.08333333333333333
transition 59 4 149 0 0.08333333333333333
transition 59 4 89 0 0.08333333333333333
transition 59 4 53 0 0.08333333333333333
transition 59 4 49 0 0.08333333333333333
transition 59 4 47 0 0.08333333333333333
transition 59 4 46 0 0.08333333333333333
transition 59 4 45 0 0.08333333333333333
transition 59 4 44 0 0.08333333333333333
transition 59 4 43 0 0.08333333333333333
transition 59 4 42 0 0.08333333333333333
transition 59 4 41 0 0.08333333333333333
transition 60 4 292 0 0.08695652173913043
transition 60 4 152 0 0.08695652173913043
transition 60 4 91 0 0.08695652173913043
transition 60 4 625 0 0.08695652173913043
transition 61 4 293 0 0.08695652173913043
transition 61 4 153 0 0.08695652173913043
transition 61 4 92 0 0.08695652173913043
transition 61 4 54 0 0.08695652173913043
transition 61 4 625 0 0.08695652173913043
transition 62 4 294 0 0.08695652173913043
transition 62 4 154 0 0.08695652173913043
transition 62 4 93 0 0.08695652173913043
transition 62 4 55 0 0.08695652173913043
transition 62 4 50 0 0.08695652173913043
transition 62 4 625 0 0.08695652173913043
transition 63 4 295 0 0.08695652173913043
transition 63 4 155 0 0.08695652173913043
transition 63 4 94 0 0.08695652173913043
transition 63 4 56 0 0.08695652173913043
transition 63 4 51 0 0.08695652173913043
transition 63 4 48 0 0.043478260869565216
transition 63 4 625 0 0.08695652173913043
transition 64 4 296 0 0.08695652173913043
transition 64 4 156 0 0.08695652173913043
transition 64 4 95 0 0.08695652173913043
transition 64 4 57 0 0.08695652173913043
transition 64 4 52 0 0.043478260869565216
transition 64 4 51 0 0.08695652173913043
transition 64 4 50 0 0.08695652173913043
transition 64 4 625 0 0.08695652173913043
transition 65 4 299 0 0.08695652173913043
transition 65 4 158 0 0.08695652173913043
transition 65 4 96 0 0.08695652173913043
transition 65 4 58 0 0.043478260869565216
transition 65 4 57 0 0.08695652173913043
transition 65 4 56 0 0.08695652173913043
transition 65 4 55 0 0.08695652173913043
transition 65 4 54 0 0.08695652173913043
transition 65 4 625 0 0.08695652173913043
transition 66 4 303 0 0.09090909090909091
transition 66 4 161 0 0.09090909090909091
transition 66 4 98 0 0.09090909090909091
transition 66 4 625 0 0.09090909090909091
transition 89 4 310 0 0.08333333333333333
transition 89 4 167 0 0.08333333333333333
transition 89 4 103 0 0.041666666666666664
transition 89 4 89 0 0.041666666666666664
transition 89 4 82 0 0.08333333333333333
transition 89 4 77 0 0.08333333333333333
transition 89 4 74 0 0.08333333333333333
transition 89 4 73 0 0.08333333333333333
transition 89 4 72 0 0.08333333333333333
transition 89 4 71 0 0.08333333333333333
transition 89 4 70 0 0.08333333333333333
transition 89 4 69 0 0.08333333333333333
transition 89 4 68 0 0.08333333333333333
transition 90 4 313 0 0.08695652173913043
transition 90 4 170 0 0.08695652173913043
transition 90 4 105 0 0.043478260869565216
transition 90 4 90 0 0.043478260869565216
transition 90 4 625 0 0.08695652173913043
transition 91 4 314 0 0.08695652173913043
transition 91 4 171 0 0.08695652173913043
transition 91 4 106 0 0.043478260869565216
transition 91 4 91 0 0.043478260869565216
transition 91 4 83 0 0.08695652173913043
transition 91 4 625 0 0.08695652173913043
transition 92 4 315 0 0.08695652173913043
transition 92 4 172 0 0.08695652173913043
transition 92 4 107 0 0.043478260869565216
transition 92 4 92 0 0.043478260869565216
transition 92 4 84 0 0.08695652173913043
transition 92 4 78 0 0.08695652173913043
transition 92 4 625 0 0.08695652173913043
transition 93 4 316 0 0.08695652173913043
transition 93 4 173 0 0.08695652173913043
transition 93 4 108 0 0.043478260869565216
transition 93 4 93 0 0.043478260869565216
transition 93 4 85 0 0.08695652173913043
transition 93 4 79 0 0.08695652173913043
transition 93 4 75 0 0.08695652173913043
transition 93 4 625 0 0.08695652173913043
transition 94 4 317 0 0.08695652173913043
transition 94 4 174 0 0.08695652173913043
transition 94 4 109 0 0.043478260869565216
transition 94 4 94 0 0.043478260869565216
transition 94 4 86 0 0.08695652173913043
transition 94 4 80 0 0.08695652173913043
transition 94 4 76 0 0.043478260869565216
transition 94 4 75 0 0.08695652173913043
transition 94 4 625 0 0.08695652173913043
transition 95 4 319 0 0.08695652173913043
transition 95 4 175 0 0.08695652173913043
transition 95 4 110 0 0.043478260869565216
transition 95 4 95 0 0.043478260869565216
transition 95 4 87 0 0.08695652173913043
transition 95 4 81 0 0.043478260869565216
transition 95 4 80 0 0.08695652173913043
transition 95 4 79 0 0.08695652173913043
transition 95 4 78 0 0.08695652173913043
transition 95 4 625 0 0.08695652173913043
transition 96 4 323 0 0.08695652173913043
transition 96 4 178 0 0.08695652173913043
transition 96 4 112 0 0.043478260869565216
transition 96 4 96 0 0.043478260869565216
transition 96 4 88 0 0.043478260869565216
transition 96 4 87 0 0.08695652173913043
transition 96 4 86 0 0.08695652173913043
transition 96 4 85 0 0.08695652173913043
transition 96 4 84 0 0.08695652173913043
transition 96 4 83 0 0.08695652173913043
transition 96 4 625 0 0.08695652173913043
transition 97 4 327 0 0.09090909090909091
transition 97 4 181 0 0.09090909090909091
transition 97 4 114 0 0.045454545454545456
transition 97 4 97 0 0.045454545454545456
transition 97 4 625 0 0.09090909090909091
transition 98 4 328 0 0.09090909090909091
transition 98 4 182 0 0.09090909090909091
transition 98 4 115 0 0.045454545454545456
transition 98 4 98 0 0.045454545454545456
transition 98 4 625 0 0.09090909090909091
transition 99 4 329 0 0.08695652173913043
transition 99 4 183 0 0.08695652173913043
transition 99 4 116 0 0.043478260869565216
transition 99 4 96 0 0.08695652173913043
transition 99 4 95 0 0.08695652173913043
transition 99 4 94 0 0.08695652173913043
transition 99 4 93 0 0.08695652173913043
transition 99 4 92 0 0.08695652173913043
transition 99 4 91 0 0.08695652173913043
transition 99 4 90 0 0.08695652173913043
transition 99 4 625 0 0.08695652173913043
transition 100 4 333 0 0.09090909090909091
transition 100 4 186 0 0.09090909090909091
transition 100 4 118 0 0.045454545454545456
transition 100 4 625 0 0.09090909090909091
transition 101 4 334 0 0.09090909090909091
transition 101 4 187 0 0.09090909090909091
transition 101 4 119 0 0.045454545454545456
transition 101 4 97 0 0.09090909090909091
transition 101 4 625 0 0.09090909090909091
transition 102 4 335 0 0.09090909090909091
transition 102 4 188 0 0.09090909090909091
transition 102 4 120 0 0.045454545454545456
transition 102 4 98 0 0.045454545454545456
transition 102 4 97 0 0.09090909090909091
transition 102 4 625 0 0.09090909090909091
transition 116 4 340 0 0.08695652173913043
transition 116 4 191 0 0.08695652173913043
transition 116 4 116 0 0.043478260869565216
transition 116 4 112 0 0.08695652173913043
transition 116 4 110 0 0.08695652173913043
transition 116 4 109 0 0.08695652173913043
transition 116 4 108 0 0.08695652173913043
transition 116 4 107 0 0.08695652173913043
transition 116 4 106 0 0.08695652173913043
transition 116 4 105 0 0.08695652173913043
transition 116 4 104 0 0.08695652173913043
transition 116 4 625 0 0.08695652173913043
transition 117 4 344 0 0.09090909090909091
transition 117 4 194 0 0.09090909090909091
transition 117 4 117 0 0.045454545454545456
transition 117 4 625 0 0.09090909090909091
transition 118 4 345 0 0.09090909090909091
transition 118 4 195 0 0.09090909090909091
transition 118 4 118 0 0.045454545454545456
transition 118 4 113 0 0.09090909090909091
transition 118 4 625 0 0.09090909090909091
transition 119 4 346 0 0.09090909090909091
transition 119 4 196 0 0.09090909090909091
transition 119 4 119 0 0.045454545454545456
transition 119 4 114 0 0.09090909090909091
transition 119 4 111 0 0.045454545454545456
transition 119 4 625 0 0.09090909090909091
transition 120 4 347 0 0.09090909090909091
transition 120 4 197 0 0.09090909090909091
transition 120 4 120 0 0.045454545454545456
transition 120 4 115 0 0.045454545454545456
transition 120 4 114 0 0.09090909090909091
transition 120 4 113 0 0.09090909090909091
transition 120 4 625 0 0.09090909090909091
transition 121 4 350 0 0.09090909090909091
transition 121 4 199 0 0.09090909090909091
transition 121 4 120 0 0.09090909090909091
transition 121 4 119 0 0.09090909090909091
transition 121 4 118 0 0.09090909090909091
transition 121 4 117 0 0.09090909090909091
transition 121 4 625 0 0.09090909090909091
transition 149 4 355 0 0.08333333333333333
transition 149 4 203 0 0.041666666666666664
transition 149 4 167 0 0.08333333333333333
transition 149 4 149 0 0.041666666666666664
transition 149 4 140 0 0.08333333333333333
transition 149 4 134 0 0.08333333333333333
transition 149 4 130 0 0.08333333333333333
transition 149 4 128 0 0.08333333333333333
transition 149 4 127 0 0.08333333333333333
transition 149 4 126 0 0.08333333333333333
transition 149 4 125 0 0.08333333333333333
transition 149 4 124 0 0.08333333333333333
transition 149 4 123 0 0.08333333333333333
transition 150 4 357 0 0.08695652173913043
transition 150 4 205 0 0.043478260869565216
transition 150 4 169 0 0.08695652173913043
transition 150 4 150 0 0.043478260869565216
transition 150 4 625 0 0.08695652173913043
transition 151 4 358 0 0.08695652173913043
transition 151 4 206 0 0.043478260869565216
transition 151 4 170 0 0.08695652173913043
transition 151 4 151 0 0.043478260869565216
transition 151 4 141 0 0.08695652173913043
transition 151 4 625 0 0.08695652173913043
transition 152 4 359 0 0.08695652173913043
transition 152 4 207 0 0.043478260869565216
transition 152 4 171 0 0.08695652173913043
transition 152 4 152 0 0.043478260869565216
transition 152 4 142 0 0.08695652173913043
transition 152 4 135 0 0.08695652173913043
transition 152 4 625 0 0.08695652173913043
transition 153 4 360 0 0.08695652173913043
transition 153 4 208 0 0.043478260869565216
transition 153 4 172 0 0.08695652173913043
transition 153 4 153 0 0.043478260869565216
transition 153 4 143 0 0.08695652173913043
transition 153 4 136 0 0.08695652173913043
transition 153 4 131 0 0.08695652173913043
transition 153 4 625 0 0.08695652173913043
transition 154 4 361 0 0.08695652173913043
transition 154 4 209 0 0.043478260869565216
transition 154 4 173 0 0.08695652173913043
transition 154 4 154 0 0.043478260869565216
transition 154 4 144 0 0.08695652173913043
transition 154 4 137 0 0.08695652173913043
transition 154 4 132 0 0.08695652173913043
transition 154 4 129 0 0.043478260869565216
transition 154 4 625 0 0.08695652173913043
transition 155 4 362 0 0.08695652173913043
transition 155 4 210 0 0.043478260869565216
transition 155 4 174 0 0.08695652173913043
transition 155 4 155 0 0.043478260869565216
transition 155 4 145 0 0.08695652173913043
transition 155 4 138 0 0.08695652173913043
transition 155 4 133 0 0.043478260869565216
transition 155 4 132 0 0.08695652173913043
transition 155 4 131 0 0.08695652173913043
transition 155 4 625 0 0.08695652173913043
transition 156 4 365 0 0.08695652173913043
transition 156 4 212 0 0.043478260869565216
transition 156 4 175 0 0.08695652173913043
transition 156 4 156 0 0.043478260869565216
transition 156 4 146 0 0.08695652173913043
transition 156 4 139 0 0.043478260869565216
transition 156 4 138 0 0.08695652173913043
transition 156 4 137 0 0.08695652173913043
transition 156 4 136 0 0.08695652173913043
transition 156 4 135 0 0.08695652173913043
transition 156 4 625 0 0.08695652173913043
transition 157 4 369 0 0.09090909090909091
transition 157 4 215 0 0.045454545454545456
transition 157 4 177 0 0.09090909090909091
transition 157 4 157 0 0.045454545454545456
transition 157 4 625 0 0.09090909090909091
transition 158 4 370 0 0.08695652173913043
transition 158 4 216 0 0.043478260869565216
transition 158 4 178 0 0.08695652173913043
transition 158 4 158 0 0.043478260869565216
transition 158 4 147 0 0.043478260869565216
transition 158 4 146 0 0.08695652173913043
transition 158 4 145 0 0.08695652173913043
transition 158 4 144 0 0.08695652173913043
transition 158 4 143 0 0.08695652173913043
transition 158 4 142 0 0.08695652173913043
transition 158 4 141 0 0.08695652173913043
transition 158 4 625 0 0.08695652173913043
transition 159 4 374 0 0.09090909090909091
transition 159 4 219 0 0.045454545454545456
transition 159 4 180 0 0.09090909090909091
transition 159 4 159 0 0.045454545454545456
transition 159 4 625 0 0.09090909090909091
transition 160 4 375 0 0.09090909090909091
transition 160 4 220 0 0.045454545454545456
transition 160 4 181 0 0.09090909090909091
transition 160 4 160 0 0.045454545454545456
transition 160 4 148 0 0.045454545454545456
transition 160 4 625 0 0.09090909090909091
transition 161 4 376 0 0.09090909090909091
transition 161 4 221 0 0.045454545454545456
transition 161 4 182 0 0.09090909090909091
transition 161 4 161 0 0.045454545454545456
transition 161 4 148 0 0.09090909090909091
transition 161 4 625 0 0.09090909090909091
transition 162 4 377 0 0.08695652173913043
transition 162 4 222 0 0.043478260869565216
transition 162 4 183 0 0.08695652173913043
transition 162 4 158 0 0.08695652173913043
transition 162 4 156 0 0.08695652173913043
transition 162 4 155 0 0.08695652173913043
transition 162 4 154 0 0.08695652173913043
transition 162 4 153 0 0.08695652173913043
transition 162 4 152 0 0.08695652173913043
transition 162 4 151 0 0.08695652173913043
transition 162 4 150 0 0.08695652173913043
transition 162 4 625 0 0.08695652173913043
transition 163 4 381 0 0.09090909090909091
transition 163 4 225 0 0.045454545454545456
transition 163 4 185 0 0.09090909090909091
transition 163 4 625 0 0.09090909090909091
transition 164 4 382 0 0.09090909090909091
transition 164 4 226 0 0.045454545454545456
transition 164 4 186 0 0.09090909090909091
transition 164 4 159 0 0.09090909090909091
transition 164 4 625 0 0.09090909090909091
transition 165 4 383 0 0.09090909090909091
transition 165 4 227 0 0.045454545454545456
transition 165 4 187 0 0.09090909090909091
transition 165 4 160 0 0.09090909090909091
transition 165 4 157 0 0.045454545454545456
transition 165 4 625 0 0.09090909090909091
transition 166 4 384 0 0.09090909090909091
transition 166 4 228 0 0.045454545454545456
transition 166 4 188 0 0.09090909090909091
transition 166 4 161 0 0.045454545454545456
transition 166 4 160 0 0.09090909090909091
transition 166 4 159 0 0.09090909090909091
transition 166 4 625 0 0.09090909090909091
transition 183 4 391 0 0.08695652173913043
transition 183 4 233 0 0.043478260869565216
transition 183 4 191 0 0.043478260869565216
transition 183 4 183 0 0.043478260869565216
transition 183 4 178 0 0.08695652173913043
transition 183 4 175 0 0.08695652173913043
transition 183 4 174 0 0.08695652173913043
transition 183 4 173 0 0.08695652173913043
transition 183 4 172 0 0.08695652173913043
transition 183 4 171 0 0.08695652173913043
transition 183 4 170 0 0.08695652173913043
transition 183 4 169 0 0.08695652173913043
transition 183 4 168 0 0.08695652173913043
transition 184 4 395 0 0.09090909090909091
transition 184 4 236 0 0.045454545454545456
transition 184 4 193 0 0.045454545454545456
transition 184 4 184 0 0.045454545454545456
transition 184 4 625 0 0.09090909090909091
transition 185 4 396 0 0.09090909090909091
transition 185 4 237 0 0.045454545454545456
transition 185 4 194 0 0.045454545454545456
transition 185 4 185 0 0.045454545454545456
transition 185 4 179 0 0.09090909090909091
transition 185 4 625 0 0.09090909090909091
transition 186 4 397 0 0.09090909090909091
transition 186 4 238 0 0.045454545454545456
transition 186 4 195 0 0.045454545454545456
transition 186 4 186 0 0.045454545454545456
transition 186 4 180 0 0.09090909090909091
transition 186 4 176 0 0.09090909090909091
transition 186 4 625 0 0.09090909090909091
transition 187 4 398 0 0.09090909090909091
transition 187 4 239 0 0.045454545454545456
transition 187 4 196 0 0.045454545454545456
transition 187 4 187 0 0.045454545454545456
transition 187 4 181 0 0.09090909090909091
transition 187 4 177 0 0.045454545454545456
transition 187 4 176 0 0.09090909090909091
transition 187 4 625 0 0.09090909090909091
transition 188 4 400 0 0.09090909090909091
transition 188 4 240 0 0.045454545454545456
transition 188 4 197 0 0.045454545454545456
transition 188 4 188 0 0.045454545454545456
transition 188 4 182 0 0.045454545454545456
transition 188 4 181 0 0.09090909090909091
transition 188 4 180 0 0.09090909090909091
transition 188 4 179 0 0.09090909090909091
transition 188 4 625 0 0.09090909090909091
transition 189 4 404 0 0.09090909090909091
transition 189 4 243 0 0.045454545454545456
transition 189 4 199 0 0.045454545454545456
transition 189 4 188 0 0.09090909090909091
transition 189 4 187 0 0.09090909090909091
transition 189 4 186 0 0.09090909090909091
transition 189 4 185 0 0.09090909090909091
transition 189 4 184 0 0.09090909090909091
transition 189 4 625 0 0.09090909090909091
transition 190 4 408 0 0.09523809523809523
transition 190 4 246 0 0.047619047619047616
transition 190 4 201 0 0.047619047619047616
transition 190 4 625 0 0.09523809523809523
transition 199 4 410 0 0.09090909090909091
transition 199 4 248 0 0.045454545454545456
transition 199 4 199 0 0.045454545454545456
transition 199 4 197 0 0.09090909090909091
transition 199 4 196 0 0.09090909090909091
transition 199 4 195 0 0.09090909090909091
transition 199 4 194 0 0.09090909090909091
transition 199 4 193 0 0.09090909090909091
transition 199 4 192 0 0.09090909090909091
transition 199 4 625 0 0.09090909090909091
transition 200 4 414 0 0.09523809523809523
transition 200 4 251 0 0.047619047619047616
transition 200 4 200 0 0.047619047619047616
transition 200 4 625 0 0.09523809523809523
transition 201 4 415 0 0.09523809523809523
transition 201 4 252 0 0.047619047619047616
transition 201 4 201 0 0.047619047619047616
transition 201 4 198 0 0.047619047619047616
transition 201 4 625 0 0.09523809523809523
transition 202 4 416 0 0.09523809523809523
transition 202 4 253 0 0.047619047619047616
transition 202 4 201 0 0.09523809523809523
transition 202 4 200 0 0.09523809523809523
transition 202 4 625 0 0.09523809523809523
transition 222 4 419 0 0.08695652173913043
transition 222 4 233 0 0.08695652173913043
transition 222 4 222 0 0.043478260869565216
transition 222 4 216 0 0.08695652173913043
transition 222 4 212 0 0.08695652173913043
transition 222 4 210 0 0.08695652173913043
transition 222 4 209 0 0.08695652173913043
transition 222 4 208 0 0.08695652173913043
transition 222 4 207 0 0.08695652173913043
transition 222 4 206 0 0.08695652173913043
transition 222 4 205 0 0.08695652173913043
transition 222 4 204 0 0.08695652173913043
transition 223 4 423 0 0.09090909090909091
transition 223 4 235 0 0.09090909090909091
transition 223 4 223 0 0.045454545454545456
transition 223 4 625 0 0.09090909090909091
transition 224 4 424 0 0.09090909090909091
transition 224 4 236 0 0.09090909090909091
transition 224 4 224 0 0.045454545454545456
transition 224 4 217 0 0.09090909090909091
transition 224 4 625 0 0.09090909090909091
transition 225 4 425 0 0.09090909090909091
transition 225 4 237 0 0.09090909090909091
transition 225 4 225 0 0.045454545454545456
transition 225 4 218 0 0.09090909090909091
transition 225 4 213 0 0.09090909090909091
transition 225 4 625 0 0.09090909090909091
transition 226 4 426 0 0.09090909090909091
transition 226 4 238 0 0.09090909090909091
transition 226 4 226 0 0.045454545454545456
transition 226 4 219 0 0.09090909090909091
transition 226 4 214 0 0.09090909090909091
transition 226 4 211 0 0.045454545454545456
transition 226 4 625 0 0.09090909090909091
transition 227 4 427 0 0.09090909090909091
transition 227 4 239 0 0.09090909090909091
transition 227 4 227 0 0.045454545454545456
transition 227 4 220 0 0.09090909090909091
transition 227 4 215 0 0.045454545454545456
transition 227 4 214 0 0.09090909090909091
transition 227 4 213 0 0.09090909090909091
transition 227 4 625 0 0.09090909090909091
transition 228 4 430 0 0.09090909090909091
transition 228 4 240 0 0.09090909090909091
transition 228 4 228 0 0.045454545454545456
transition 228 4 221 0 0.045454545454545456
transition 228 4 220 0 0.09090909090909091
transition 228 4 219 0 0.09090909090909091
transition 228 4 218 0 0.09090909090909091
transition 228 4 217 0 0.09090909090909091
transition 228 4 625 0 0.09090909090909091
transition 229 4 434 0 0.09523809523809523
transition 229 4 242 0 0.09523809523809523
transition 229 4 229 0 0.047619047619047616
transition 229 4 625 0 0.09523809523809523
transition 230 4 435 0 0.09090909090909091
transition 230 4 243 0 0.09090909090909091
transition 230 4 228 0 0.09090909090909091
transition 230 4 227 0 0.09090909090909091
transition 230 4 226 0 0.09090909090909091
transition 230 4 225 0 0.09090909090909091
transition 230 4 224 0 0.09090909090909091
transition 230 4 223 0 0.09090909090909091
transition 230 4 625 0 0.09090909090909091
transition 231 4 439 0 0.09523809523809523
transition 231 4 245 0 0.09523809523809523
transition 231 4 625 0 0.09523809523809523
transition 232 4 440 0 0.09523809523809523
transition 232 4 246 0 0.09523809523809523
transition 232 4 229 0 0.047619047619047616
transition 232 4 625 0 0.09523809523809523
transition 243 4 443 0 0.09090909090909091
transition 243 4 248 0 0.045454545454545456
transition 243 4 243 0 0.045454545454545456
transition 243 4 240 0 0.09090909090909091
transition 243 4 239 0 0.09090909090909091
transition 243 4 238 0 0.09090909090909091
transition 243 4 237 0 0.09090909090909091
transition 243 4 236 0 0.09090909090909091
transition 243 4 235 0 0.09090909090909091
transition 243 4 234 0 0.09090909090909091
transition 243 4 625 0 0.09090909090909091
transition 244 4 447 0 0.09523809523809523
transition 244 4 250 0 0.047619047619047616
transition 244 4 244 0 0.047619047619047616
transition 244 4 625 0 0.09523809523809523
transition 245 4 448 0 0.09523809523809523
transition 245 4 251 0 0.047619047619047616
transition 245 4 245 0 0.047619047619047616
transition 245 4 241 0 0.09523809523809523
transition 245 4 625 0 0.09523809523809523
transition 246 4 449 0 0.09523809523809523
transition 246 4 252 0 0.047619047619047616
transition 246 4 246 0 0.047619047619047616
transition 246 4 242 0 0.047619047619047616
transition 246 4 241 0 0.09523809523809523
transition 246 4 625 0 0.09523809523809523
transition 247 4 451 0 0.09523809523809523
transition 247 4 253 0 0.047619047619047616
transition 247 4 246 0 0.09523809523809523
transition 247 4 245 0 0.09523809523809523
transition 247 4 244 0 0.09523809523809523
transition 247 4 625 0 0.09523809523809523
transition 253 4 455 0 0.09523809523809523
transition 253 4 253 0 0.047619047619047616
transition 253 4 252 0 0.09523809523809523
transition 253 4 251 0 0.09523809523809523
transition 253 4 250 0 0.09523809523809523
transition 253 4 249 0 0.09523809523809523
transition 253 4 625 0 0.09523809523809523
transition 254 4 459 0 0.1
transition 254 4 625 0 0.1
transition 288 4 460 0 0.041666666666666664
transition 288 4 355 0 0.08333333333333333
transition 288 4 310 0 0.08333333333333333
transition 288 4 288 0 0.041666666666666664
transition 288 4 276 0 0.08333333333333333
transition 288 4 269 0 0.08333333333333333
transition 288 4 264 0 0.08333333333333333
transition 288 4 261 0 0.08333333333333333
transition 288 4 260 0 0.08333333333333333
transition 288 4 259 0 0.08333333333333333
transition 288 4 258 0 0.08333333333333333
transition 288 4 257 0 0.08333333333333333
transition 288 4 256 0 0.08333333333333333
transition 289 4 461 0 0.043478260869565216
transition 289 4 356 0 0.08695652173913043
transition 289 4 311 0 0.08695652173913043
transition 289 4 289 0 0.043478260869565216
transition 289 4 625 0 0.043478260869565216
transition 290 4 462 0 0.043478260869565216
transition 290 4 357 0 0.08695652173913043
transition 290 4 312 0 0.08695652173913043
transition 290 4 290 0 0.043478260869565216
transition 290 4 277 0 0.08695652173913043
transition 290 4 625 0 0.08695652173913043
transition 291 4 463 0 0.043478260869565216
transition 291 4 358 0 0.08695652173913043
transition 291 4 313 0 0.08695652173913043
transition 291 4 291 0 0.043478260869565216
transition 291 4 278 0 0.08695652173913043
transition 291 4 270 0 0.08695652173913043
transition 291 4 625 0 0.08695652173913043
transition 292 4 464 0 0.043478260869565216
transition 292 4 359 0 0.08695652173913043
transition 292 4 314 0 0.08695652173913043
transition 292 4 292 0 0.043478260869565216
transition 292 4 279 0 0.08695652173913043
transition 292 4 271 0 0.08695652173913043
transition 292 4 265 0 0.08695652173913043
transition 292 4 625 0 0.08695652173913043
transition 293 4 465 0 0.043478260869565216
transition 293 4 360 0 0.08695652173913043
transition 293 4 315 0 0.08695652173913043
transition 293 4 293 0 0.043478260869565216
transition 293 4 280 0 0.08695652173913043
transition 293 4 272 0 0.08695652173913043
transition 293 4 266 0 0.08695652173913043
transition 293 4 262 0 0.08695652173913043
transition 293 4 625 0 0.08695652173913043
transition 294 4 466 0 0.043478260869565216
transition 294 4 361 0 0.08695652173913043
transition 294 4 316 0 0.08695652173913043
transition 294 4 294 0 0.043478260869565216
transition 294 4 281 0 0.08695652173913043
transition 294 4 273 0 0.08695652173913043
transition 294 4 267 0 0.08695652173913043
transition 294 4 263 0 0.043478260869565216
transition 294 4 262 0 0.08695652173913043
transition 294 4 625 0 0.08695652173913043
transition 295 4 468 0 0.043478260869565216
transition 295 4 362 0 0.08695652173913043
transition 295 4 317 0 0.08695652173913043
transition 295 4 295 0 0.043478260869565216
transition 295 4 282 0 0.08695652173913043
transition 295 4 274 0 0.08695652173913043
transition 295 4 268 0 0.043478260869565216
transition 295 4 267 0 0.08695652173913043
transition 295 4 266 0 0.08695652173913043
transition 295 4 265 0 0.08695652173913043
transition 295 4 625 0 0.08695652173913043
transition 296 4 472 0 0.043478260869565216
transition 296 4 365 0 0.08695652173913043
transition 296 4 319 0 0.08695652173913043
transition 296 4 296 0 0.043478260869565216
transition 296 4 283 0 0.08695652173913043
transition 296 4 275 0 0.043478260869565216
transition 296 4 274 0 0.08695652173913043
transition 296 4 273 0 0.08695652173913043
transition 296 4 272 0 0.08695652173913043
transition 296 4 271 0 0.08695652173913043
transition 296 4 270 0 0.08695652173913043
transition 296 4 625 0 0.08695652173913043
transition 297 4 476 0 0.045454545454545456
transition 297 4 368 0 0.09090909090909091
transition 297 4 321 0 0.09090909090909091
transition 297 4 297 0 0.045454545454545456
transition 297 4 625 0 0.09090909090909091
transition 298 4 477 0 0.045454545454545456
transition 298 4 369 0 0.09090909090909091
transition 298 4 322 0 0.09090909090909091
transition 298 4 298 0 0.045454545454545456
transition 298 4 284 0 0.09090909090909091
transition 298 4 625 0 0.09090909090909091
transition 299 4 478 0 0.043478260869565216
transition 299 4 370 0 0.08695652173913043
transition 299 4 323 0 0.08695652173913043
transition 299 4 299 0 0.043478260869565216
transition 299 4 285 0 0.043478260869565216
transition 299 4 283 0 0.08695652173913043
transition 299 4 282 0 0.08695652173913043
transition 299 4 281 0 0.08695652173913043
transition 299 4 280 0 0.08695652173913043
transition 299 4 279 0 0.08695652173913043
transition 299 4 278 0 0.08695652173913043
transition 299 4 277 0 0.08695652173913043
transition 299 4 625 0 0.08695652173913043
transition 300 4 482 0 0.045454545454545456
transition 300 4 373 0 0.09090909090909091
transition 300 4 325 0 0.09090909090909091
transition 300 4 300 0 0.045454545454545456
transition 300 4 625 0 0.09090909090909091
transition 301 4 483 0 0.045454545454545456
transition 301 4 374 0 0.09090909090909091
transition 301 4 326 0 0.09090909090909091
transition 301 4 301 0 0.045454545454545456
transition 301 4 286 0 0.045454545454545456
transition 301 4 625 0 0.09090909090909091
transition 302 4 484 0 0.045454545454545456
transition 302 4 375 0 0.09090909090909091
transition 302 4 327 0 0.09090909090909091
transition 302 4 302 0 0.045454545454545456
transition 302 4 287 0 0.045454545454545456
transition 302 4 284 0 0.045454545454545456
transition 302 4 625 0 0.09090909090909091
transition 303 4 485 0 0.045454545454545456
transition 303 4 376 0 0.09090909090909091
transition 303 4 328 0 0.09090909090909091
transition 303 4 303 0 0.045454545454545456
transition 303 4 287 0 0.09090909090909091
transition 303 4 286 0 0.09090909090909091
transition 303 4 625 0 0.09090909090909091
transition 304 4 487 0 0.043478260869565216
transition 304 4 377 0 0.08695652173913043
transition 304 4 329 0 0.08695652173913043
transition 304 4 299 0 0.08695652173913043
transition 304 4 296 0 0.08695652173913043
transition 304 4 295 0 0.08695652173913043
transition 304 4 294 0 0.08695652173913043
transition 304 4 293 0 0.08695652173913043
transition 304 4 292 0 0.08695652173913043
transition 304 4 291 0 0.08695652173913043
transition 304 4 290 0 0.08695652173913043
transition 304 4 289 0 0.08695652173913043
transition 305 4 491 0 0.045454545454545456
transition 305 4 380 0 0.09090909090909091
transition 305 4 331 0 0.09090909090909091
transition 305 4 625 0 0.09090909090909091
transition 306 4 492 0 0.045454545454545456
transition 306 4 381 0 0.09090909090909091
transition 306 4 332 0 0.09090909090909091
transition 306 4 300 0 0.09090909090909091
transition 306 4 625 0 0.09090909090909091
transition 307 4 493 0 0.045454545454545456
transition 307 4 382 0 0.09090909090909091
transition 307 4 333 0 0.09090909090909091
transition 307 4 301 0 0.09090909090909091
transition 307 4 297 0 0.09090909090909091
transition 307 4 625 0 0.09090909090909091
transition 308 4 494 0 0.045454545454545456
transition 308 4 383 0 0.09090909090909091
transition 308 4 334 0 0.09090909090909091
transition 308 4 302 0 0.09090909090909091
transition 308 4 298 0 0.045454545454545456
transition 308 4 297 0 0.09090909090909091
transition 308 4 625 0 0.09090909090909091
transition 309 4 496 0 0.045454545454545456
transition 309 4 384 0 0.09090909090909091
transition 309 4 335 0 0.09090909090909091
transition 309 4 303 0 0.045454545454545456
transition 309 4 302 0 0.09090909090909091
transition 309 4 301 0 0.09090909090909091
transition 309 4 300 0 0.09090909090909091
transition 309 4 625 0 0.09090909090909091
transition 329 4 505 0 0.043478260869565216
transition 329 4 391 0 0.08695652173913043
transition 329 4 340 0 0.043478260869565216
transition 329 4 329 0 0.043478260869565216
transition 329 4 323 0 0.08695652173913043
transition 329 4 319 0 0.08695652173913043
transition 329 4 317 0 0.08695652173913043
transition 329 4 316 0 0.08695652173913043
transition 329 4 315 0 0.08695652173913043
transition 329 4 314 0 0.08695652173913043
transition 329 4 313 0 0.08695652173913043
transition 329 4 312 0 0.08695652173913043
transition 329 4 311 0 0.08695652173913043
transition 330 4 509 0 0.045454545454545456
transition 330 4 394 0 0.09090909090909091
transition 330 4 342 0 0.045454545454545456
transition 330 4 330 0 0.045454545454545456
transition 330 4 625 0 0.09090909090909091
transition 331 4 510 0 0.045454545454545456
transition 331 4 395 0 0.09090909090909091
transition 331 4 343 0 0.045454545454545456
transition 331 4 331 0 0.045454545454545456
transition 331 4 324 0 0.09090909090909091
transition 331 4 625 0 0.09090909090909091
transition 332 4 511 0 0.045454545454545456
transition 332 4 396 0 0.09090909090909091
transition 332 4 344 0 0.045454545454545456
transition 332 4 332 0 0.045454545454545456
transition 332 4 325 0 0.09090909090909091
transition 332 4 320 0 0.09090909090909091
transition 332 4 625 0 0.09090909090909091
transition 333 4 512 0 0.045454545454545456
transition 333 4 397 0 0.09090909090909091
transition 333 4 345 0 0.045454545454545456
transition 333 4 333 0 0.045454545454545456
transition 333 4 326 0 0.09090909090909091
transition 333 4 321 0 0.09090909090909091
transition 333 4 318 0 0.045454545454545456
transition 333 4 625 0 0.09090909090909091
transition 334 4 513 0 0.045454545454545456
transition 334 4 398 0 0.09090909090909091
transition 334 4 346 0 0.045454545454545456
transition 334 4 334 0 0.045454545454545456
transition 334 4 327 0 0.09090909090909091
transition 334 4 322 0 0.045454545454545456
transition 334 4 321 0 0.09090909090909091
transition 334 4 320 0 0.09090909090909091
transition 334 4 625 0 0.09090909090909091
transition 335 4 516 0 0.045454545454545456
transition 335 4 400 0 0.09090909090909091
transition 335 4 347 0 0.045454545454545456
transition 335 4 335 0 0.045454545454545456
transition 335 4 328 0 0.045454545454545456
transition 335 4 327 0 0.09090909090909091
transition 335 4 326 0 0.09090909090909091
transition 335 4 325 0 0.09090909090909091
transition 335 4 324 0 0.09090909090909091
transition 335 4 625 0 0.09090909090909091
transition 336 4 520 0 0.047619047619047616
transition 336 4 403 0 0.09523809523809523
transition 336 4 349 0 0.047619047619047616
transition 336 4 336 0 0.047619047619047616
transition 336 4 625 0 0.09523809523809523
transition 337 4 521 0 0.045454545454545456
transition 337 4 404 0 0.09090909090909091
transition 337 4 350 0 0.045454545454545456
transition 337 4 335 0 0.09090909090909091
transition 337 4 334 0 0.09090909090909091
transition 337 4 333 0 0.09090909090909091
transition 337 4 332 0 0.09090909090909091
transition 337 4 331 0 0.09090909090909091
transition 337 4 330 0 0.09090909090909091
transition 337 4 625 0 0.09090909090909091
transition 338 4 525 0 0.047619047619047616
transition 338 4 407 0 0.09523809523809523
transition 338 4 352 0 0.047619047619047616
transition 338 4 625 0 0.09523809523809523
transition 339 4 526 0 0.047619047619047616
transition 339 4 408 0 0.09523809523809523
transition 339 4 353 0 0.047619047619047616
transition 339 4 336 0 0.047619047619047616
transition 339 4 625 0 0.09523809523809523
transition 350 4 529 0 0.045454545454545456
transition 350 4 410 0 0.09090909090909091
transition 350 4 350 0 0.045454545454545456
transition 350 4 347 0 0.09090909090909091
transition 350 4 346 0 0.09090909090909091
transition 350 4 345 0 0.09090909090909091
transition 350 4 344 0 0.09090909090909091
transition 350 4 343 0 0.09090909090909091
transition 350 4 342 0 0.09090909090909091
transition 350 4 341 0 0.09090909090909091
transition 350 4 625 0 0.09090909090909091
transition 351 4 533 0 0.047619047619047616
transition 351 4 413 0 0.09523809523809523
transition 351 4 351 0 0.047619047619047616
transition 351 4 625 0 0.09523809523809523
transition 352 4 534 0 0.047619047619047616
transition 352 4 414 0 0.09523809523809523
transition 352 4 352 0 0.047619047619047616
transition 352 4 348 0 0.09523809523809523
transition 352 4 625 0 0.09523809523809523
transition 353 4 535 0 0.047619047619047616
transition 353 4 415 0 0.09523809523809523
transition 353 4 353 0 0.047619047619047616
transition 353 4 349 0 0.047619047619047616
transition 353 4 348 0 0.09523809523809523
transition 353 4 625 0 0.09523809523809523
transition 354 4 537 0 0.047619047619047616
transition 354 4 416 0 0.09523809523809523
transition 354 4 353 0 0.09523809523809523
transition 354 4 352 0 0.09523809523809523
transition 354 4 351 0 0.09523809523809523
transition 354 4 625 0 0.09523809523809523
transition 377 4 541 0 0.043478260869565216
transition 377 4 419 0 0.043478260869565216
transition 377 4 391 0 0.08695652173913043
transition 377 4 377 0 0.043478260869565216
transition 377 4 370 0 0.08695652173913043
transition 377 4 365 0 0.08695652173913043
transition 377 4 362 0 0.08695652173913043
transition 377 4 361 0 0.08695652173913043
transition 377 4 360 0 0.08695652173913043
transition 377 4 359 0 0.08695652173913043
transition 377 4 358 0 0.08695652173913043
transition 377 4 357 0 0.08695652173913043
transition 377 4 356 0 0.08695652173913043
transition 378 4 544 0 0.045454545454545456
transition 378 4 422 0 0.045454545454545456
transition 378 4 393 0 0.09090909090909091
transition 378 4 378 0 0.045454545454545456
transition 378 4 625 0 0.09090909090909091
transition 379 4 545 0 0.045454545454545456
transition 379 4 423 0 0.045454545454545456
transition 379 4 394 0 0.09090909090909091
transition 379 4 379 0 0.045454545454545456
transition 379 4 371 0 0.09090909090909091
transition 379 4 625 0 0.09090909090909091
transition 380 4 546 0 0.045454545454545456
transition 380 4 424 0 0.045454545454545456
transition 380 4 395 0 0.09090909090909091
transition 380 4 380 0 0.045454545454545456
transition 380 4 372 0 0.09090909090909091
transition 380 4 366 0 0.09090909090909091
transition 380 4 625 0 0.09090909090909091
transition 381 4 547 0 0.045454545454545456
transition 381 4 425 0 0.045454545454545456
transition 381 4 396 0 0.09090909090909091
transition 381 4 381 0 0.045454545454545456
transition 381 4 373 0 0.09090909090909091
transition 381 4 367 0 0.09090909090909091
transition 381 4 363 0 0.09090909090909091
transition 381 4 625 0 0.09090909090909091
transition 382 4 548 0 0.045454545454545456
transition 382 4 426 0 0.045454545454545456
transition 382 4 397 0 0.09090909090909091
transition 382 4 382 0 0.045454545454545456
transition 382 4 374 0 0.09090909090909091
transition 382 4 368 0 0.09090909090909091
transition 382 4 364 0 0.045454545454545456
transition 382 4 363 0 0.09090909090909091
transition 382 4 625 0 0.09090909090909091
transition 383 4 550 0 0.045454545454545456
transition 383 4 427 0 0.045454545454545456
transition 383 4 398 0 0.09090909090909091
transition 383 4 383 0 0.045454545454545456
transition 383 4 375 0 0.09090909090909091
transition 383 4 369 0 0.045454545454545456
transition 383 4 368 0 0.09090909090909091
transition 383 4 367 0 0.09090909090909091
transition 383 4 366 0 0.09090909090909091
transition 383 4 625 0 0.09090909090909091
transition 384 4 554 0 0.045454545454545456
transition 384 4 430 0 0.045454545454545456
transition 384 4 400 0 0.09090909090909091
transition 384 4 384 0 0.045454545454545456
transition 384 4 376 0 0.045454545454545456
transition 384 4 375 0 0.09090909090909091
transition 384 4 374 0 0.09090909090909091
transition 384 4 373 0 0.09090909090909091
transition 384 4 372 0 0.09090909090909091
transition 384 4 371 0 0.09090909090909091
transition 384 4 625 0 0.09090909090909091
transition 385 4 558 0 0.047619047619047616
transition 385 4 433 0 0.047619047619047616
transition 385 4 402 0 0.09523809523809523
transition 385 4 385 0 0.047619047619047616
transition 385 4 625 0 0.09523809523809523
transition 386 4 559 0 0.047619047619047616
transition 386 4 434 0 0.047619047619047616
transition 386 4 403 0 0.09523809523809523
transition 386 4 386 0 0.047619047619047616
transition 386 4 625 0 0.09523809523809523
transition 387 4 560 0 0.045454545454545456
transition 387 4 435 0 0.045454545454545456
transition 387 4 404 0 0.09090909090909091
transition 387 4 384 0 0.09090909090909091
transition 387 4 383 0 0.09090909090909091
transition 387 4 382 0 0.09090909090909091
transition 387 4 381 0 0.09090909090909091
transition 387 4 380 0 0.09090909090909091
transition 387 4 379 0 0.09090909090909091
transition 387 4 378 0 0.09090909090909091
transition 387 4 625 0 0.09090909090909091
transition 388 4 564 0 0.047619047619047616
transition 388 4 438 0 0.047619047619047616
transition 388 4 406 0 0.09523809523809523
transition 388 4 625 0 0.09523809523809523
transition 389 4 565 0 0.047619047619047616
transition 389 4 439 0 0.047619047619047616
transition 389 4 407 0 0.09523809523809523
transition 389 4 385 0 0.09523809523809523
transition 389 4 625 0 0.09523809523809523
transition 390 4 566 0 0.047619047619047616
transition 390 4 440 0 0.047619047619047616
transition 390 4 408 0 0.09523809523809523
transition 390 4 386 0 0.047619047619047616
transition 390 4 385 0 0.09523809523809523
transition 390 4 625 0 0.09523809523809523
transition 404 4 571 0 0.045454545454545456
transition 404 4 443 0 0.045454545454545456
transition 404 4 410 0 0.045454545454545456
transition 404 4 404 0 0.045454545454545456
transition 404 4 400 0 0.09090909090909091
transition 404 4 398 0 0.09090909090909091
transition 404 4 397 0 0.09090909090909091
transition 404 4 396 0 0.09090909090909091
transition 404 4 395 0 0.09090909090909091
transition 404 4 394 0 0.09090909090909091
transition 404 4 393 0 0.09090909090909091
transition 404 4 392 0 0.09090909090909091
transition 404 4 625 0 0.09090909090909091
transition 405 4 575 0 0.047619047619047616
transition 405 4 446 0 0.047619047619047616
transition 405 4 412 0 0.047619047619047616
transition 405 4 405 0 0.047619047619047616
transition 405 4 625 0 0.09523809523809523
transition 406 4 576 0 0.047619047619047616
transition 406 4 447 0 0.047619047619047616
transition 406 4 413 0 0.047619047619047616
transition 406 4 406 0 0.047619047619047616
transition 406 4 401 0 0.09523809523809523
transition 406 4 625 0 0.09523809523809523
transition 407 4 577 0 0.047619047619047616
transition 407 4 448 0 0.047619047619047616
transition 407 4 414 0 0.047619047619047616
transition 407 4 407 0 0.047619047619047616
transition 407 4 402 0 0.09523809523809523
transition 407 4 399 0 0.047619047619047616
transition 407 4 625 0 0.09523809523809523
transition 408 4 578 0 0.047619047619047616
transition 408 4 449 0 0.047619047619047616
transition 408 4 415 0 0.047619047619047616
transition 408 4 408 0 0.047619047619047616
transition 408 4 403 0 0.047619047619047616
transition 408 4 402 0 0.09523809523809523
transition 408 4 401 0 0.09523809523809523
transition 408 4 625 0 0.09523809523809523
transition 409 4 581 0 0.047619047619047616
transition 409 4 451 0 0.047619047619047616
transition 409 4 416 0 0.047619047619047616
transition 409 4 408 0 0.09523809523809523
transition 409 4 407 0 0.09523809523809523
transition 409 4 406 0 0.09523809523809523
transition 409 4 405 0 0.09523809523809523
transition 409 4 625 0 0.09523809523809523
transition 416 4 586 0 0.047619047619047616
transition 416 4 455 0 0.047619047619047616
transition 416 4 416 0 0.047619047619047616
transition 416 4 415 0 0.09523809523809523
transition 416 4 414 0 0.09523809523809523
transition 416 4 413 0 0.09523809523809523
transition 416 4 412 0 0.09523809523809523
transition 416 4 411 0 0.09523809523809523
transition 416 4 625 0 0.09523809523809523
transition 417 4 590 0 0.05
transition 417 4 458 0 0.05
transition 417 4 417 0 0.05
transition 417 4 625 0 0.1
transition 418 4 591 0 0.05
transition 418 4 459 0 0.05
transition 418 4 417 0 0.1
transition 418 4 625 0 0.1
transition 435 4 593 0 0.045454545454545456
transition 435 4 443 0 0.09090909090909091
transition 435 4 435 0 0.045454545454545456
transition 435 4 430 0 0.09090909090909091
transition 435 4 427 0 0.09090909090909091
transition 435 4 426 0 0.09090909090909091
transition 435 4 425 0 0.09090909090909091
transition 435 4 424 0 0.09090909090909091
transition 435 4 423 0 0.09090909090909091
transition 435 4 422 0 0.09090909090909091
transition 435 4 421 0 0.09090909090909091
transition 435 4 420 0 0.09090909090909091
transition 436 4 597 0 0.047619047619047616
transition 436 4 445 0 0.09523809523809523
transition 436 4 436 0 0.047619047619047616
transition 436 4 625 0 0.09523809523809523
transition 437 4 598 0 0.047619047619047616
transition 437 4 446 0 0.09523809523809523
transition 437 4 437 0 0.047619047619047616
transition 437 4 431 0 0.09523809523809523
transition 437 4 625 0 0.09523809523809523
transition 438 4 599 0 0.047619047619047616
transition 438 4 447 0 0.09523809523809523
transition 438 4 438 0 0.047619047619047616
transition 438 4 432 0 0.09523809523809523
transition 438 4 428 0 0.09523809523809523
transition 438 4 625 0 0.09523809523809523
transition 439 4 600 0 0.047619047619047616
transition 439 4 448 0 0.09523809523809523
transition 439 4 439 0 0.047619047619047616
transition 439 4 433 0 0.09523809523809523
transition 439 4 429 0 0.047619047619047616
transition 439 4 428 0 0.09523809523809523
transition 439 4 625 0 0.09523809523809523
transition 440 4 602 0 0.047619047619047616
transition 440 4 449 0 0.09523809523809523
transition 440 4 440 0 0.047619047619047616
transition 440 4 434 0 0.047619047619047616
transition 440 4 433 0 0.09523809523809523
transition 440 4 432 0 0.09523809523809523
transition 440 4 431 0 0.09523809523809523
transition 440 4 625 0 0.09523809523809523
transition 441 4 606 0 0.047619047619047616
transition 441 4 451 0 0.09523809523809523
transition 441 4 440 0 0.09523809523809523
transition 441 4 439 0 0.09523809523809523
transition 441 4 438 0 0.09523809523809523
transition 441 4 437 0 0.09523809523809523
transition 441 4 436 0 0.09523809523809523
transition 441 4 625 0 0.09523809523809523
transition 442 4 610 0 0.05
transition 442 4 453 0 0.1
transition 442 4 625 0 0.1
transition 451 4 612 0 0.047619047619047616
transition 451 4 455 0 0.047619047619047616
transition 451 4 451 0 0.047619047619047616
transition 451 4 449 0 0.09523809523809523
transition 451 4 448 0 0.09523809523809523
transition 451 4 447 0 0.09523809523809523
transition 451 4 446 0 0.09523809523809523
transition 451 4 445 0 0.09523809523809523
transition 451 4 444 0 0.09523809523809523
transition 451 4 625 0 0.09523809523809523
transition 452 4 616 0 0.05
transition 452 4 457 0 0.05
transition 452 4 452 0 0.05
transition 452 4 625 0 0.1
transition 453 4 617 0 0.05
transition 453 4 458 0 0.05
transition 453 4 453 0 0.05
transition 453 4 450 0 0.05
transition 453 4 625 0 0.1
transition 454 4 618 0 0.05
transition 454 4 459 0 0.05
transition 454 4 453 0 0.1
transition 454 4 452 0 0.1
transition 454 4 625 0 0.1
transition 459 4 621 0 0.05
transition 459 4 459 0 0.05
transition 459 4 458 0 0.1
transition 459 4 457 0 0.1
transition 459 4 456 0 0.1
transition 459 4 625 0 0.1
transition 487 4 541 0 0.08695652173913043
transition 487 4 505 0 0.08695652173913043
transition 487 4 487 0 0.043478260869565216
transition 487 4 478 0 0.08695652173913043
transition 487 4 472 0 0.08695652173913043
transition 487 4 468 0 0.08695652173913043
transition 487 4 466 0 0.08695652173913043
transition 487 4 465 0 0.08695652173913043
transition 487 4 464 0 0.08695652173913043
transition 487 4 463 0 0.08695652173913043
transition 487 4 462 0 0.08695652173913043
transition 487 4 461 0 0.08695652173913043
transition 488 4 543 0 0.09090909090909091
transition 488 4 507 0 0.09090909090909091
transition 488 4 488 0 0.045454545454545456
transition 488 4 625 0 0.09090909090909091
transition 489 4 544 0 0.09090909090909091
transition 489 4 508 0 0.09090909090909091
transition 489 4 489 0 0.045454545454545456
transition 489 4 479 0 0.09090909090909091
transition 489 4 625 0 0.09090909090909091
transition 490 4 545 0 0.09090909090909091
transition 490 4 509 0 0.09090909090909091
transition 490 4 490 0 0.045454545454545456
transition 490 4 480 0 0.09090909090909091
transition 490 4 473 0 0.09090909090909091
transition 490 4 625 0 0.09090909090909091
transition 491 4 546 0 0.09090909090909091
transition 491 4 510 0 0.09090909090909091
transition 491 4 491 0 0.045454545454545456
transition 491 4 481 0 0.09090909090909091
transition 491 4 474 0 0.09090909090909091
transition 491 4 469 0 0.09090909090909091
transition 491 4 625 0 0.09090909090909091
transition 492 4 547 0 0.09090909090909091
transition 492 4 511 0 0.09090909090909091
transition 492 4 492 0 0.045454545454545456
transition 492 4 482 0 0.09090909090909091
transition 492 4 475 0 0.09090909090909091
transition 492 4 470 0 0.09090909090909091
transition 492 4 467 0 0.045454545454545456
transition 492 4 625 0 0.09090909090909091
transition 493 4 548 0 0.09090909090909091
transition 493 4 512 0 0.09090909090909091
transition 493 4 493 0 0.045454545454545456
transition 493 4 483 0 0.09090909090909091
transition 493 4 476 0 0.09090909090909091
transition 493 4 471 0 0.045454545454545456
transition 493 4 470 0 0.09090909090909091
transition 493 4 469 0 0.09090909090909091
transition 493 4 625 0 0.09090909090909091
transition 494 4 550 0 0.09090909090909091
transition 494 4 513 0 0.09090909090909091
transition 494 4 494 0 0.045454545454545456
transition 494 4 484 0 0.09090909090909091
transition 494 4 477 0 0.045454545454545456
transition 494 4 476 0 0.09090909090909091
transition 494 4 475 0 0.09090909090909091
transition 494 4 474 0 0.09090909090909091
transition 494 4 473 0 0.09090909090909091
transition 494 4 625 0 0.09090909090909091
transition 495 4 553 0 0.09523809523809523
transition 495 4 515 0 0.09523809523809523
transition 495 4 495 0 0.047619047619047616
transition 495 4 625 0 0.09523809523809523
transition 496 4 554 0 0.09090909090909091
transition 496 4 516 0 0.09090909090909091
transition 496 4 496 0 0.045454545454545456
transition 496 4 485 0 0.045454545454545456
transition 496 4 484 0 0.09090909090909091
transition 496 4 483 0 0.09090909090909091
transition 496 4 482 0 0.09090909090909091
transition 496 4 481 0 0.09090909090909091
transition 496 4 480 0 0.09090909090909091
transition 496 4 479 0 0.09090909090909091
transition 496 4 625 0 0.09090909090909091
transition 497 4 557 0 0.09523809523809523
transition 497 4 518 0 0.09523809523809523
transition 497 4 497 0 0.047619047619047616
transition 497 4 625 0 0.09523809523809523
transition 498 4 558 0 0.09523809523809523
transition 498 4 519 0 0.09523809523809523
transition 498 4 498 0 0.047619047619047616
transition 498 4 486 0 0.047619047619047616
transition 498 4 625 0 0.09523809523809523
transition 499 4 559 0 0.09523809523809523
transition 499 4 520 0 0.09523809523809523
transition 499 4 499 0 0.047619047619047616
transition 499 4 486 0 0.09523809523809523
transition 499 4 625 0 0.09523809523809523
transition 500 4 560 0 0.09090909090909091
transition 500 4 521 0 0.09090909090909091
transition 500 4 496 0 0.09090909090909091
transition 500 4 494 0 0.09090909090909091
transition 500 4 493 0 0.09090909090909091
transition 500 4 492 0 0.09090909090909091
transition 500 4 491 0 0.09090909090909091
transition 500 4 490 0 0.09090909090909091
transition 500 4 489 0 0.09090909090909091
transition 500 4 488 0 0.09090909090909091
transition 500 4 625 0 0.09090909090909091
transition 501 4 563 0 0.09523809523809523
transition 501 4 523 0 0.09523809523809523
transition 501 4 625 0 0.09523809523809523
transition 502 4 564 0 0.09523809523809523
transition 502 4 524 0 0.09523809523809523
transition 502 4 497 0 0.09523809523809523
transition 502 4 625 0 0.09523809523809523
transition 503 4 565 0 0.09523809523809523
transition 503 4 525 0 0.09523809523809523
transition 503 4 498 0 0.09523809523809523
transition 503 4 495 0 0.047619047619047616
transition 503 4 625 0 0.09523809523809523
transition 504 4 566 0 0.09523809523809523
transition 504 4 526 0 0.09523809523809523
transition 504 4 499 0 0.047619047619047616
transition 504 4 498 0 0.09523809523809523
transition 504 4 497 0 0.09523809523809523
transition 504 4 625 0 0.09523809523809523
transition 521 4 571 0 0.09090909090909091
transition 521 4 529 0 0.045454545454545456
transition 521 4 521 0 0.045454545454545456
transition 521 4 516 0 0.09090909090909091
transition 521 4 513 0 0.09090909090909091
transition 521 4 512 0 0.09090909090909091
transition 521 4 511 0 0.09090909090909091
transition 521 4 510 0 0.09090909090909091
transition 521 4 509 0 0.09090909090909091
transition 521 4 508 0 0.09090909090909091
transition 521 4 507 0 0.09090909090909091
transition 521 4 506 0 0.09090909090909091
transition 522 4 574 0 0.09523809523809523
transition 522 4 531 0 0.047619047619047616
transition 522 4 522 0 0.047619047619047616
transition 522 4 625 0 0.09523809523809523
transition 523 4 575 0 0.09523809523809523
transition 523 4 532 0 0.047619047619047616
transition 523 4 523 0 0.047619047619047616
transition 523 4 517 0 0.09523809523809523
transition 523 4 625 0 0.09523809523809523
transition 524 4 576 0 0.09523809523809523
transition 524 4 533 0 0.047619047619047616
transition 524 4 524 0 0.047619047619047616
transition 524 4 518 0 0.09523809523809523
transition 524 4 514 0 0.09523809523809523
transition 524 4 625 0 0.09523809523809523
transition 525 4 577 0 0.09523809523809523
transition 525 4 534 0 0.047619047619047616
transition 525 4 525 0 0.047619047619047616
transition 525 4 519 0 0.09523809523809523
transition 525 4 515 0 0.047619047619047616
transition 525 4 514 0 0.09523809523809523
transition 525 4 625 0 0.09523809523809523
transition 526 4 578 0 0.09523809523809523
transition 526 4 535 0 0.047619047619047616
transition 526 4 526 0 0.047619047619047616
transition 526 4 520 0 0.047619047619047616
transition 526 4 519 0 0.09523809523809523
transition 526 4 518 0 0.09523809523809523
transition 526 4 517 0 0.09523809523809523
transition 526 4 625 0 0.09523809523809523
transition 527 4 581 0 0.09523809523809523
transition 527 4 537 0 0.047619047619047616
transition 527 4 526 0 0.09523809523809523
transition 527 4 525 0 0.09523809523809523
transition 527 4 524 0 0.09523809523809523
transition 527 4 523 0 0.09523809523809523
transition 527 4 522 0 0.09523809523809523
transition 527 4 625 0 0.09523809523809523
transition 528 4 584 0 0.1
transition 528 4 539 0 0.05
transition 528 4 625 0 0.1
transition 537 4 586 0 0.09523809523809523
transition 537 4 537 0 0.047619047619047616
transition 537 4 535 0 0.09523809523809523
transition 537 4 534 0 0.09523809523809523
transition 537 4 533 0 0.09523809523809523
transition 537 4 532 0 0.09523809523809523
transition 537 4 531 0 0.09523809523809523
transition 537 4 530 0 0.09523809523809523
transition 537 4 625 0 0.09523809523809523
transition 538 4 589 0 0.1
transition 538 4 538 0 0.05
transition 538 4 625 0 0.1
transition 539 4 590 0 0.1
transition 539 4 539 0 0.05
transition 539 4 536 0 0.05
transition 539 4 625 0 0.1
transition 540 4 591 0 0.1
transition 540 4 539 0 0.1
transition 540 4 538 0 0.1
transition 540 4 625 0 0.1
transition 560 4 593 0 0.045454545454545456
transition 560 4 571 0 0.09090909090909091
transition 560 4 560 0 0.045454545454545456
transition 560 4 554 0 0.09090909090909091
transition 560 4 550 0 0.09090909090909091
transition 560 4 548 0 0.09090909090909091
transition 560 4 547 0 0.09090909090909091
transition 560 4 546 0 0.09090909090909091
transition 560 4 545 0 0.09090909090909091
transition 560 4 544 0 0.09090909090909091
transition 560 4 543 0 0.09090909090909091
transition 560 4 542 0 0.09090909090909091
transition 561 4 596 0 0.047619047619047616
transition 561 4 573 0 0.09523809523809523
transition 561 4 561 0 0.047619047619047616
transition 561 4 625 0 0.09523809523809523
transition 562 4 597 0 0.047619047619047616
transition 562 4 574 0 0.09523809523809523
transition 562 4 562 0 0.047619047619047616
transition 562 4 555 0 0.09523809523809523
transition 562 4 625 0 0.09523809523809523
transition 563 4 598 0 0.047619047619047616
transition 563 4 575 0 0.09523809523809523
transition 563 4 563 0 0.047619047619047616
transition 563 4 556 0 0.09523809523809523
transition 563 4 551 0 0.09523809523809523
transition 563 4 625 0 0.09523809523809523
transition 564 4 599 0 0.047619047619047616
transition 564 4 576 0 0.09523809523809523
transition 564 4 564 0 0.047619047619047616
transition 564 4 557 0 0.09523809523809523
transition 564 4 552 0 0.09523809523809523
transition 564 4 549 0 0.047619047619047616
transition 564 4 625 0 0.09523809523809523
transition 565 4 600 0 0.047619047619047616
transition 565 4 577 0 0.09523809523809523
transition 565 4 565 0 0.047619047619047616
transition 565 4 558 0 0.09523809523809523
transition 565 4 553 0 0.047619047619047616
transition 565 4 552 0 0.09523809523809523
transition 565 4 551 0 0.09523809523809523
transition 565 4 625 0 0.09523809523809523
transition 566 4 602 0 0.047619047619047616
transition 566 4 578 0 0.09523809523809523
transition 566 4 566 0 0.047619047619047616
transition 566 4 559 0 0.047619047619047616
transition 566 4 558 0 0.09523809523809523
transition 566 4 557 0 0.09523809523809523
transition 566 4 556 0 0.09523809523809523
transition 566 4 555 0 0.09523809523809523
transition 566 4 625 0 0.09523809523809523
transition 567 4 605 0 0.05
transition 567 4 580 0 0.1
transition 567 4 567 0 0.05
transition 567 4 625 0 0.1
transition 568 4 606 0 0.047619047619047616
transition 568 4 581 0 0.09523809523809523
transition 568 4 566 0 0.09523809523809523
transition 568 4 565 0 0.09523809523809523
transition 568 4 564 0 0.09523809523809523
transition 568 4 563 0 0.09523809523809523
transition 568 4 562 0 0.09523809523809523
transition 568 4 561 0 0.09523809523809523
transition 568 4 625 0 0.09523809523809523
transition 569 4 609 0 0.05
transition 569 4 583 0 0.1
transition 569 4 625 0 0.1
transition 570 4 610 0 0.05
transition 570 4 584 0 0.1
transition 570 4 567 0 0.05
transition 570 4 625 0 0.1
transition 581 4 612 0 0.047619047619047616
transition 581 4 586 0 0.047619047619047616
transition 581 4 581 0 0.047619047619047616
transition 581 4 578 0 0.09523809523809523
transition 581 4 577 0 0.09523809523809523
transition 581 4 576 0 0.09523809523809523
transition 581 4 575 0 0.09523809523809523
transition 581 4 574 0 0.09523809523809523
transition 581 4 573 0 0.09523809523809523
transition 581 4 572 0 0.09523809523809523
transition 581 4 625 0 0.09523809523809523
transition 582 4 615 0 0.05
transition 582 4 588 0 0.05
transition 582 4 582 0 0.05
transition 582 4 625 0 0.1
transition 583 4 616 0 0.05
transition 583 4 589 0 0.05
transition 583 4 583 0 0.05
transition 583 4 579 0 0.1
transition 583 4 625 0 0.1
transition 584 4 617 0 0.05
transition 584 4 590 0 0.05
transition 584 4 584 0 0.05
transition 584 4 580 0 0.05
transition 584 4 579 0 0.1
transition 584 4 625 0 0.1
transition 585 4 618 0 0.05
transition 585 4 591 0 0.05
transition 585 4 584 0 0.1
transition 585 4 583 0 0.1
transition 585 4 582 0 0.1
transition 585 4 625 0 0.1
transition 591 4 621 0 0.05
transition 591 4 591 0 0.05
transition 591 4 590 0 0.1
transition 591 4 589 0 0.1
transition 591 4 588 0 0.1
transition 591 4 587 0 0.1
transition 591 4 625 0 0.1
transition 592 4 624 0 0.05263157894736842
transition 592 4 625 0 0.10526315789473684
transition 606 4 612 0 0.09523809523809523
transition 606 4 606 0 0.047619047619047616
transition 606 4 602 0 0.09523809523809523
transition 606 4 600 0 0.09523809523809523
transition 606 4 599 0 0.09523809523809523
transition 606 4 598 0 0.09523809523809523
transition 606 4 597 0 0.09523809523809523
transition 606 4 596 0 0.09523809523809523
transition 606 4 595 0 0.09523809523809523
transition 606 4 594 0 0.09523809523809523
transition 606 4 625 0 0.09523809523809523
transition 607 4 614 0 0.1
transition 607 4 607 0 0.05
transition 607 4 625 0 0.1
transition 608 4 615 0 0.1
transition 608 4 608 0 0.05
transition 608 4 603 0 0.1
transition 608 4 625 0 0.1
transition 609 4 616 0 0.1
transition 609 4 609 0 0.05
transition 609 4 604 0 0.1
transition 609 4 601 0 0.05
transition 609 4 625 0 0.1
transition 610 4 617 0 0.1
transition 610 4 610 0 0.05
transition 610 4 605 0 0.05
transition 610 4 604 0 0.1
transition 610 4 603 0 0.1
transition 610 4 625 0 0.1
transition 611 4 618 0 0.1
transition 611 4 610 0 0.1
transition 611 4 609 0 0.1
transition 611 4 608 0 0.1
transition 611 4 607 0 0.1
transition 611 4 625 0 0.1
transition 618 4 621 0 0.05
transition 618 4 618 0 0.05
transition 618 4 617 0 0.1
transition 618 4 616 0 0.1
transition 618 4 615 0 0.1
transition 618 4 614 0 0.1
transition 618 4 613 0 0.1
transition 618 4 625 0 0.1
transition 619 4 623 0 0.05263157894736842
transition 619 4 619 0 0.05263157894736842
transition 619 4 625 0 0.10526315789473684
transition 620 4 624 0 0.05263157894736842
transition 620 4 619 0 0.10526315789473684
transition 620 4 625 0 0.10526315789473684
transition 624 4 624 0 0.05263157894736842
transition 624 4 623 0 0.10526315789473684
transition 624 4 622 0 0.10526315789473684
transition 624 4 625 0 0.10526315789473684
transition 25 5 255 0 0.08
transition 25 5 122 0 0.08
transition 25 5 67 0 0.08
transition 25 5 40 0 0.08
transition 25 5 25 0 0.04
transition 25 5 17 0 0.08
transition 25 5 11 0 0.08
transition 25 5 7 0 0.08
transition 25 5 5 0 0.08
transition 25 5 4 0 0.08
transition 25 5 3 0 0.08
transition 25 5 2 0 0.08
transition 25 5 1 0 0.08
transition 26 5 256 0 0.08333333333333333
transition 26 5 123 0 0.08333333333333333
transition 26 5 68 0 0.08333333333333333
transition 26 5 41 0 0.08333333333333333
transition 26 5 26 0 0.041666666666666664
transition 26 5 625 0 0.041666666666666664
transition 27 5 257 0 0.08333333333333333
transition 27 5 124 0 0.08333333333333333
transition 27 5 69 0 0.08333333333333333
transition 27 5 42 0 0.08333333333333333
transition 27 5 27 0 0.041666666666666664
transition 27 5 18 0 0.08333333333333333
transition 27 5 625 0 0.08333333333333333
transition 28 5 258 0 0.08333333333333333
transition 28 5 125 0 0.08333333333333333
transition 28 5 70 0 0.08333333333333333
transition 28 5 43 0 0.08333333333333333
transition 28 5 28 0 0.041666666666666664
transition 28 5 19 0 0.08333333333333333
transition 28 5 12 0 0.08333333333333333
transition 28 5 625 0 0.08333333333333333
transition 29 5 259 0 0.08333333333333333
transition 29 5 126 0 0.08333333333333333
transition 29 5 71 0 0.08333333333333333
transition 29 5 44 0 0.08333333333333333
transition 29 5 29 0 0.041666666666666664
transition 29 5 20 0 0.08333333333333333
transition 29 5 13 0 0.08333333333333333
transition 29 5 8 0 0.08333333333333333
transition 29 5 625 0 0.08333333333333333
transition 30 5 260 0 0.08333333333333333
transition 30 5 127 0 0.08333333333333333
transition 30 5 72 0 0.08333333333333333
transition 30 5 45 0 0.08333333333333333
transition 30 5 30 0 0.041666666666666664
transition 30 5 21 0 0.08333333333333333
transition 30 5 14 0 0.08333333333333333
transition 30 5 9 0 0.08333333333333333
transition 30 5 6 0 0.041666666666666664
transition 30 5 625 0 0.08333333333333333
transition 31 5 261 0 0.08333333333333333
transition 31 5 128 0 0.08333333333333333
transition 31 5 73 0 0.08333333333333333
transition 31 5 46 0 0.08333333333333333
transition 31 5 31 0 0.041666666666666664
transition 31 5 22 0 0.08333333333333333
transition 31 5 15 0 0.08333333333333333
transition 31 5 10 0 0.041666666666666664
transition 31 5 9 0 0.08333333333333333
transition 31 5 8 0 0.08333333333333333
transition 31 5 625 0 0.08333333333333333
transition 32 5 264 0 0.08333333333333333
transition 32 5 130 0 0.08333333333333333
transition 32 5 74 0 0.08333333333333333
transition 32 5 47 0 0.08333333333333333
transition 32 5 32 0 0.041666666666666664
transition 32 5 23 0 0.08333333333333333
transition 32 5 16 0 0.041666666666666664
transition 32 5 15 0 0.08333333333333333
transition 32 5 14 0 0.08333333333333333
transition 32 5 13 0 0.08333333333333333
transition 32 5 12 0 0.08333333333333333
transition 32 5 625 0 0.08333333333333333
transition 33 5 269 0 0.08333333333333333
transition 33 5 134 0 0.08333333333333333
transition 33 5 77 0 0.08333333333333333
transition 33 5 49 0 0.08333333333333333
transition 33 5 33 0 0.041666666666666664
transition 33 5 24 0 0.041666666666666664
transition 33 5 23 0 0.08333333333333333
transition 33 5 22 0 0.08333333333333333
transition 33 5 21 0 0.08333333333333333
transition 33 5 20 0 0.08333333333333333
transition 33 5 19 0 0.08333333333333333
transition 33 5 18 0 0.08333333333333333
transition 33 5 625 0 0.08333333333333333
transition 34 5 274 0 0.08695652173913043
transition 34 5 138 0 0.08695652173913043
transition 34 5 80 0 0.08695652173913043
transition 34 5 51 0 0.08695652173913043
transition 34 5 34 0 0.043478260869565216
transition 34 5 625 0 0.08695652173913043
transition 35 5 275 0 0.08695652173913043
transition 35 5 139 0 0.08695652173913043
transition 35 5 81 0 0.08695652173913043
transition 35 5 52 0 0.08695652173913043
transition 35 5 35 0 0.043478260869565216
transition 35 5 625 0 0.08695652173913043
transition 36 5 276 0 0.08333333333333333
transition 36 5 140 0 0.08333333333333333
transition 36 5 82 0 0.08333333333333333
transition 36 5 53 0 0.08333333333333333
transition 36 5 33 0 0.08333333333333333
transition 36 5 32 0 0.08333333333333333
transition 36 5 31 0 0.08333333333333333
transition 36 5 30 0 0.08333333333333333
transition 36 5 29 0 0.08333333333333333
transition 36 5 28 0 0.08333333333333333
transition 36 5 27 0 0.08333333333333333
transition 36 5 26 0 0.08333333333333333
transition 37 5 281 0 0.08695652173913043
transition 37 5 144 0 0.08695652173913043
transition 37 5 85 0 0.08695652173913043
transition 37 5 55 0 0.08695652173913043
transition 37 5 625 0 0.08695652173913043
transition 38 5 282 0 0.08695652173913043
transition 38 5 145 0 0.08695652173913043
transition 38 5 86 0 0.08695652173913043
transition 38 5 56 0 0.08695652173913043
transition 38 5 34 0 0.08695652173913043
transition 38 5 625 0 0.08695652173913043
transition 39 5 283 0 0.08695652173913043
transition 39 5 146 0 0.08695652173913043
transition 39 5 87 0 0.08695652173913043
transition 39 5 57 0 0.08695652173913043
transition 39 5 35 0 0.043478260869565216
transition 39 5 34 0 0.08695652173913043
transition 39 5 625 0 0.08695652173913043
transition 53 5 288 0 0.08333333333333333
transition 53 5 149 0 0.08333333333333333
transition 53 5 89 0 0.08333333333333333
transition 53 5 59 0 0.041666666666666664
transition 53 5 53 0 0.041666666666666664
transition 53 5 49 0 0.08333333333333333
transition 53 5 47 0 0.08333333333333333
transition 53 5 46 0 0.08333333333333333
transition 53 5 45 0 0.08333333333333333
transition 53 5 44 0 0.08333333333333333
transition 53 5 43 0 0.08333333333333333
transition 53 5 42 0 0.08333333333333333
transition 53 5 41 0 0.08333333333333333
transition 54 5 293 0 0.08695652173913043
transition 54 5 153 0 0.08695652173913043
transition 54 5 92 0 0.08695652173913043
transition 54 5 61 0 0.043478260869565216
transition 54 5 54 0 0.043478260869565216
transition 54 5 625 0 0.08695652173913043
transition 55 5 294 0 0.08695652173913043
transition 55 5 154 0 0.08695652173913043
transition 55 5 93 0 0.08695652173913043
transition 55 5 62 0 0.043478260869565216
transition 55 5 55 0 0.043478260869565216
transition 55 5 50 0 0.08695652173913043
transition 55 5 625 0 0.08695652173913043
transition 56 5 295 0 0.08695652173913043
transition 56 5 155 0 0.08695652173913043
transition 56 5 94 0 0.08695652173913043
transition 56 5 63 0 0.043478260869565216
transition 56 5 56 0 0.043478260869565216
transition 56 5 51 0 0.08695652173913043
transition 56 5 48 0 0.043478260869565216
transition 56 5 625 0 0.08695652173913043
transition 57 5 296 0 0.08695652173913043
transition 57 5 156 0 0.08695652173913043
transition 57 5 95 0 0.08695652173913043
transition 57 5 64 0 0.043478260869565216
transition 57 5 57 0 0.043478260869565216
transition 57 5 52 0 0.043478260869565216
transition 57 5 51 0 0.08695652173913043
transition 57 5 50 0 0.08695652173913043
transition 57 5 625 0 0.08695652173913043
transition 58 5 299 0 0.08695652173913043
transition 58 5 158 0 0.08695652173913043
transition 58 5 96 0 0.08695652173913043
transition 58 5 65 0 0.043478260869565216
transition 58 5 57 0 0.08695652173913043
transition 58 5 56 0 0.08695652173913043
transition 58 5 55 0 0.08695652173913043
transition 58 5 54 0 0.08695652173913043
transition 58 5 625 0 0.08695652173913043
transition 65 5 304 0 0.08695652173913043
transition 65 5 162 0 0.08695652173913043
transition 65 5 99 0 0.08695652173913043
transition 65 5 65 0 0.043478260869565216
transition 65 5 64 0 0.08695652173913043
transition 65 5 63 0 0.08695652173913043
transition 65 5 62 0 0.08695652173913043
transition 65 5 61 0 0.08695652173913043
transition 65 5 60 0 0.08695652173913043
transition 65 5 625 0 0.08695652173913043
transition 66 5 309 0 0.09090909090909091
transition 66 5 166 0 0.09090909090909091
transition 66 5 102 0 0.09090909090909091
transition 66 5 625 0 0.09090909090909091
transition 82 5 310 0 0.08333333333333333
transition 82 5 167 0 0.08333333333333333
transition 82 5 103 0 0.041666666666666664
transition 82 5 89 0 0.08333333333333333
transition 82 5 82 0 0.041666666666666664
transition 82 5 77 0 0.08333333333333333
transition 82 5 74 0 0.08333333333333333
transition 82 5 73 0 0.08333333333333333
transition 82 5 72 0 0.08333333333333333
transition 82 5 71 0 0.08333333333333333
transition 82 5 70 0 0.08333333333333333
transition 82 5 69 0 0.08333333333333333
transition 82 5 68 0 0.08333333333333333
transition 83 5 314 0 0.08695652173913043
transition 83 5 171 0 0.08695652173913043
transition 83 5 106 0 0.043478260869565216
transition 83 5 91 0 0.08695652173913043
transition 83 5 83 0 0.043478260869565216
transition 83 5 625 0 0.08695652173913043
transition 84 5 315 0 0.08695652173913043
transition 84 5 172 0 0.08695652173913043
transition 84 5 107 0 0.043478260869565216
transition 84 5 92 0 0.08695652173913043
transition 84 5 84 0 0.043478260869565216
transition 84 5 78 0 0.08695652173913043
transition 84 5 625 0 0.08695652173913043
transition 85 5 316 0 0.08695652173913043
transition 85 5 173 0 0.08695652173913043
transition 85 5 108 0 0.043478260869565216
transition 85 5 93 0 0.08695652173913043
transition 85 5 85 0 0.043478260869565216
transition 85 5 79 0 0.08695652173913043
transition 85 5 75 0 0.08695652173913043
transition 85 5 625 0 0.08695652173913043
transition 86 5 317 0 0.08695652173913043
transition 86 5 174 0 0.08695652173913043
transition 86 5 109 0 0.043478260869565216
transition 86 5 94 0 0.08695652173913043
transition 86 5 86 0 0.043478260869565216
transition 86 5 80 0 0.08695652173913043
transition 86 5 76 0 0.043478260869565216
transition 86 5 75 0 0.08695652173913043
transition 86 5 625 0 0.08695652173913043
transition 87 5 319 0 0.08695652173913043
transition 87 5 175 0 0.08695652173913043
transition 87 5 110 0 0.043478260869565216
transition 87 5 95 0 0.08695652173913043
transition 87 5 87 0 0.043478260869565216
transition 87 5 81 0 0.043478260869565216
transition 87 5 80 0 0.08695652173913043
transition 87 5 79 0 0.08695652173913043
transition 87 5 78 0 0.08695652173913043
transition 87 5 625 0 0.08695652173913043
transition 88 5 323 0 0.08695652173913043
transition 88 5 178 0 0.08695652173913043
transition 88 5 112 0 0.043478260869565216
transition 88 5 96 0 0.08695652173913043
transition 88 5 87 0 0.08695652173913043
transition 88 5 86 0 0.08695652173913043
transition 88 5 85 0 0.08695652173913043
transition 88 5 84 0 0.08695652173913043
transition 88 5 83 0 0.08695652173913043
transition 88 5 625 0 0.08695652173913043
transition 96 5 329 0 0.08695652173913043
transition 96 5 183 0 0.08695652173913043
transition 96 5 116 0 0.043478260869565216
transition 96 5 99 0 0.043478260869565216
transition 96 5 96 0 0.043478260869565216
transition 96 5 95 0 0.08695652173913043
transition 96 5 94 0 0.08695652173913043
transition 96 5 93 0 0.08695652173913043
transition 96 5 92 0 0.08695652173913043
transition 96 5 91 0 0.08695652173913043
transition 96 5 90 0 0.08695652173913043
transition 96 5 625 0 0.08695652173913043
transition 97 5 334 0 0.09090909090909091
transition 97 5 187 0 0.09090909090909091
transition 97 5 119 0 0.045454545454545456
transition 97 5 101 0 0.045454545454545456
transition 97 5 97 0 0.045454545454545456
transition 97 5 625 0 0.09090909090909091
transition 98 5 335 0 0.09090909090909091
transition 98 5 188 0 0.09090909090909091
transition 98 5 120 0 0.045454545454545456
transition 98 5 102 0 0.045454545454545456
transition 98 5 97 0 0.09090909090909091
transition 98 5 625 0 0.09090909090909091
transition 102 5 337 0 0.09090909090909091
transition 102 5 189 0 0.09090909090909091
transition 102 5 121 0 0.045454545454545456
transition 102 5 102 0 0.045454545454545456
transition 102 5 101 0 0.09090909090909091
transition 102 5 100 0 0.09090909090909091
transition 102 5 625 0 0.09090909090909091
transition 112 5 340 0 0.08695652173913043
transition 112 5 191 0 0.08695652173913043
transition 112 5 116 0 0.08695652173913043
transition 112 5 112 0 0.043478260869565216
transition 112 5 110 0 0.08695652173913043
transition 112 5 109 0 0.08695652173913043
transition 112 5 108 0 0.08695652173913043
transition 112 5 107 0 0.08695652173913043
transition 112 5 106 0 0.08695652173913043
transition 112 5 105 0 0.08695652173913043
transition 112 5 104 0 0.08695652173913043
transition 112 5 625 0 0.08695652173913043
transition 113 5 345 0 0.09090909090909091
transition 113 5 195 0 0.09090909090909091
transition 113 5 118 0 0.09090909090909091
transition 113 5 113 0 0.045454545454545456
transition 113 5 625 0 0.09090909090909091
transition 114 5 346 0 0.09090909090909091
transition 114 5 196 0 0.09090909090909091
transition 114 5 119 0 0.09090909090909091
transition 114 5 114 0 0.045454545454545456
transition 114 5 111 0 0.045454545454545456
transition 114 5 625 0 0.09090909090909091
transition 115 5 347 0 0.09090909090909091
transition 115 5 197 0 0.09090909090909091
transition 115 5 120 0 0.09090909090909091
transition 115 5 114 0 0.09090909090909091
transition 115 5 113 0 0.09090909090909091
transition 115 5 625 0 0.09090909090909091
transition 120 5 350 0 0.09090909090909091
transition 120 5 199 0 0.09090909090909091
transition 120 5 121 0 0.045454545454545456
transition 120 5 120 0 0.045454545454545456
transition 120 5 119 0 0.09090909090909091
transition 120 5 118 0 0.09090909090909091
transition 120 5 117 0 0.09090909090909091
transition 120 5 625 0 0.09090909090909091
transition 140 5 355 0 0.08333333333333333
transition 140 5 203 0 0.041666666666666664
transition 140 5 167 0 0.08333333333333333
transition 140 5 149 0 0.08333333333333333
transition 140 5 140 0 0.041666666666666664
transition 140 5 134 0 0.08333333333333333
transition 140 5 130 0 0.08333333333333333
transition 140 5 128 0 0.08333333333333333
transition 140 5 127 0 0.08333333333333333
transition 140 5 126 0 0.08333333333333333
transition 140 5 125 0 0.08333333333333333
transition 140 5 124 0 0.08333333333333333
transition 140 5 123 0 0.08333333333333333
transition 141 5 358 0 0.08695652173913043
transition 141 5 206 0 0.043478260869565216
transition 141 5 170 0 0.08695652173913043
transition 141 5 151 0 0.08695652173913043
transition 141 5 141 0 0.043478260869565216
transition 141 5 625 0 0.08695652173913043
transition 142 5 359 0 0.08695652173913043
transition 142 5 207 0 0.043478260869565216
transition 142 5 171 0 0.08695652173913043
transition 142 5 152 0 0.08695652173913043
transition 142 5 142 0 0.043478260869565216
transition 142 5 135 0 0.08695652173913043
transition 142 5 625 0 0.08695652173913043
transition 143 5 360 0 0.08695652173913043
transition 143 5 208 0 0.043478260869565216
transition 143 5 172 0 0.08695652173913043
transition 143 5 153 0 0.08695652173913043
transition 143 5 143 0 0.043478260869565216
transition 143 5 136 0 0.08695652173913043
transition 143 5 131 0 0.08695652173913043
transition 143 5 625 0 0.08695652173913043
transition 144 5 361 0 0.08695652173913043
transition 144 5 209 0 0.043478260869565216
transition 144 5 173 0 0.08695652173913043
transition 144 5 154 0 0.08695652173913043
transition 144 5 144 0 0.043478260869565216
transition 144 5 137 0 0.08695652173913043
transition 144 5 132 0 0.08695652173913043
transition 144 5 129 0 0.043478260869565216
transition 144 5 625 0 0.08695652173913043
transition 145 5 362 0 0.08695652173913043
transition 145 5 210 0 0.043478260869565216
transition 145 5 174 0 0.08695652173913043
transition 145 5 155 0 0.08695652173913043
transition 145 5 145 0 0.043478260869565216
transition 145 5 138 0 0.08695652173913043
transition 145 5 133 0 0.043478260869565216
transition 145 5 132 0 0.08695652173913043
transition 145 5 131 0 0.08695652173913043
transition 145 5 625 0 0.08695652173913043
transition 146 5 365 0 0.08695652173913043
transition 146 5 212 0 0.043478260869565216
transition 146 5 175 0 0.08695652173913043
transition 146 5 156 0 0.08695652173913043
transition 146 5 146 0 0.043478260869565216
transition 146 5 139 0 0.043478260869565216
transition 146 5 138 0 0.08695652173913043
transition 146 5 137 0 0.08695652173913043
transition 146 5 136 0 0.08695652173913043
transition 146 5 135 0 0.08695652173913043
transition 146 5 625 0 0.08695652173913043
transition 147 5 370 0 0.08695652173913043
transition 147 5 216 0 0.043478260869565216
transition 147 5 178 0 0.08695652173913043
transition 147 5 158 0 0.08695652173913043
transition 147 5 146 0 0.08695652173913043
transition 147 5 145 0 0.08695652173913043
transition 147 5 144 0 0.08695652173913043
transition 147 5 143 0 0.08695652173913043
transition 147 5 142 0 0.08695652173913043
transition 147 5 141 0 0.08695652173913043
transition 147 5 625 0 0.08695652173913043
transition 148 5 375 0 0.09090909090909091
transition 148 5 220 0 0.045454545454545456
transition 148 5 181 0 0.09090909090909091
transition 148 5 160 0 0.09090909090909091
transition 148 5 625 0 0.09090909090909091
transition 158 5 377 0 0.08695652173913043
transition 158 5 222 0 0.043478260869565216
transition 158 5 183 0 0.08695652173913043
transition 158 5 162 0 0.043478260869565216
transition 158 5 158 0 0.043478260869565216
transition 158 5 156 0 0.08695652173913043
transition 158 5 155 0 0.08695652173913043
transition 158 5 154 0 0.08695652173913043
transition 158 5 153 0 0.08695652173913043
transition 158 5 152 0 0.08695652173913043
transition 158 5 151 0 0.08695652173913043
transition 158 5 150 0 0.08695652173913043
transition 158 5 625 0 0.08695652173913043
transition 159 5 382 0 0.09090909090909091
transition 159 5 226 0 0.045454545454545456
transition 159 5 186 0 0.09090909090909091
transition 159 5 164 0 0.045454545454545456
transition 159 5 159 0 0.045454545454545456
transition 159 5 625 0 0.09090909090909091
transition 160 5 383 0 0.09090909090909091
transition 160 5 227 0 0.045454545454545456
transition 160 5 187 0 0.09090909090909091
transition 160 5 165 0 0.045454545454545456
transition 160 5 160 0 0.045454545454545456
transition 160 5 157 0 0.045454545454545456
transition 160 5 625 0 0.09090909090909091
transition 161 5 384 0 0.09090909090909091
transition 161 5 228 0 0.045454545454545456
transition 161 5 188 0 0.09090909090909091
transition 161 5 166 0 0.045454545454545456
transition 161 5 160 0 0.09090909090909091
transition 161 5 159 0 0.09090909090909091
transition 161 5 625 0 0.09090909090909091
transition 166 5 387 0 0.09090909090909091
transition 166 5 230 0 0.045454545454545456
transition 166 5 189 0 0.09090909090909091
transition 166 5 166 0 0.045454545454545456
transition 166 5 165 0 0.09090909090909091
transition 166 5 164 0 0.09090909090909091
transition 166 5 163 0 0.09090909090909091
transition 166 5 625 0 0.09090909090909091
transition 178 5 391 0 0.08695652173913043
transition 178 5 233 0 0.043478260869565216
transition 178 5 191 0 0.043478260869565216
transition 178 5 183 0 0.08695652173913043
transition 178 5 178 0 0.043478260869565216
transition 178 5 175 0 0.08695652173913043
transition 178 5 174 0 0.08695652173913043
transition 178 5 173 0 0.08695652173913043
transition 178 5 172 0 0.08695652173913043
transition 178 5 171 0 0.08695652173913043
transition 178 5 170 0 0.08695652173913043
transition 178 5 169 0 0.08695652173913043
transition 178 5 168 0 0.08695652173913043
transition 179 5 396 0 0.09090909090909091
transition 179 5 237 0 0.045454545454545456
transition 179 5 194 0 0.045454545454545456
transition 179 5 185 0 0.09090909090909091
transition 179 5 179 0 0.045454545454545456
transition 179 5 625 0 0.09090909090909091
transition 180 5 397 0 0.09090909090909091
transition 180 5 238 0 0.045454545454545456
transition 180 5 195 0 0.045454545454545456
transition 180 5 186 0 0.09090909090909091
transition 180 5 180 0 0.045454545454545456
transition 180 5 176 0 0.09090909090909091
transition 180 5 625 0 0.09090909090909091
transition 181 5 398 0 0.09090909090909091
transition 181 5 239 0 0.045454545454545456
transition 181 5 196 0 0.045454545454545456
transition 181 5 187 0 0.09090909090909091
transition 181 5 181 0 0.045454545454545456
transition 181 5 177 0 0.045454545454545456
transition 181 5 176 0 0.09090909090909091
transition 181 5 625 0 0.09090909090909091
transition 182 5 400 0 0.09090909090909091
transition 182 5 240 0 0.045454545454545456
transition 182 5 197 0 0.045454545454545456
transition 182 5 188 0 0.09090909090909091
transition 182 5 181 0 0.09090909090909091
transition 182 5 180 0 0.09090909090909091
transition 182 5 179 0 0.09090909090909091
transition 182 5 625 0 0.09090909090909091
transition 188 5 404 0 0.09090909090909091
transition 188 5 243 0 0.045454545454545456
transition 188 5 199 0 0.045454545454545456
transition 188 5 189 0 0.045454545454545456
transition 188 5 188 0 0.045454545454545456
transition 188 5 187 0 0.09090909090909091
transition 188 5 186 0 0.09090909090909091
transition 188 5 185 0 0.09090909090909091
transition 188 5 184 0 0.09090909090909091
transition 188 5 625 0 0.09090909090909091
transition 190 5 409 0 0.09523809523809523
transition 190 5 247 0 0.047619047619047616
transition 190 5 202 0 0.047619047619047616
transition 190 5 190 0 0.047619047619047616
transition 190 5 625 0 0.09523809523809523
transition 197 5 410 0 0.09090909090909091
transition 197 5 248 0 0.045454545454545456
transition 197 5 199 0 0.09090909090909091
transition 197 5 197 0 0.045454545454545456
transition 197 5 196 0 0.09090909090909091
transition 197 5 195 0 0.09090909090909091
transition 197 5 194 0 0.09090909090909091
transition 197 5 193 0 0.09090909090909091
transition 197 5 192 0 0.09090909090909091
transition 197 5 625 0 0.09090909090909091
transition 198 5 415 0 0.09523809523809523
transition 198 5 252 0 0.047619047619047616
transition 198 5 201 0 0.09523809523809523
transition 198 5 625 0 0.09523809523809523
transition 201 5 416 0 0.09523809523809523
transition 201 5 253 0 0.047619047619047616
transition 201 5 202 0 0.047619047619047616
transition 201 5 201 0 0.047619047619047616
transition 201 5 200 0 0.09523809523809523
transition 201 5 625 0 0.09523809523809523
transition 216 5 419 0 0.08695652173913043
transition 216 5 233 0 0.08695652173913043
transition 216 5 222 0 0.08695652173913043
transition 216 5 216 0 0.043478260869565216
transition 216 5 212 0 0.08695652173913043
transition 216 5 210 0 0.08695652173913043
transition 216 5 209 0 0.08695652173913043
transition 216 5 208 0 0.08695652173913043
transition 216 5 207 0 0.08695652173913043
transition 216 5 206 0 0.08695652173913043
transition 216 5 205 0 0.08695652173913043
transition 216 5 204 0 0.08695652173913043
transition 217 5 424 0 0.09090909090909091
transition 217 5 236 0 0.09090909090909091
transition 217 5 224 0 0.09090909090909091
transition 217 5 217 0 0.045454545454545456
transition 217 5 625 0 0.09090909090909091
transition 218 5 425 0 0.09090909090909091
transition 218 5 237 0 0.09090909090909091
transition 218 5 225 0 0.09090909090909091
transition 218 5 218 0 0.045454545454545456
transition 218 5 213 0 0.09090909090909091
transition 218 5 625 0 0.09090909090909091
transition 219 5 426 0 0.09090909090909091
transition 219 5 238 0 0.09090909090909091
transition 219 5 226 0 0.09090909090909091
transition 219 5 219 0 0.045454545454545456
transition 219 5 214 0 0.09090909090909091
transition 219 5 211 0 0.045454545454545456
transition 219 5 625 0 0.09090909090909091
transition 220 5 427 0 0.09090909090909091
transition 220 5 239 0 0.09090909090909091
transition 220 5 227 0 0.09090909090909091
transition 220 5 220 0 0.045454545454545456
transition 220 5 215 0 0.045454545454545456
transition 220 5 214 0 0.09090909090909091
transition 220 5 213 0 0.09090909090909091
transition 220 5 625 0 0.09090909090909091
transition 221 5 430 0 0.09090909090909091
transition 221 5 240 0 0.09090909090909091
transition 221 5 228 0 0.09090909090909091
transition 221 5 220 0 0.09090909090909091
transition 221 5 219 0 0.09090909090909091
transition 221 5 218 0 0.09090909090909091
transition 221 5 217 0 0.09090909090909091
transition 221 5 625 0 0.09090909090909091
transition 228 5 435 0 0.09090909090909091
transition 228 5 243 0 0.09090909090909091
transition 228 5 230 0 0.045454545454545456
transition 228 5 228 0 0.045454545454545456
transition 228 5 227 0 0.09090909090909091
transition 228 5 226 0 0.09090909090909091
transition 228 5 225 0 0.09090909090909091
transition 228 5 224 0 0.09090909090909091
transition 228 5 223 0 0.09090909090909091
transition 228 5 625 0 0.09090909090909091
transition 229 5 440 0 0.09523809523809523
transition 229 5 246 0 0.09523809523809523
transition 229 5 232 0 0.047619047619047616
transition 229 5 625 0 0.09523809523809523
transition 232 5 441 0 0.09523809523809523
transition 232 5 247 0 0.09523809523809523
transition 232 5 232 0 0.047619047619047616
transition 232 5 231 0 0.09523809523809523
transition 232 5 625 0 0.09523809523809523
transition 240 5 443 0 0.09090909090909091
transition 240 5 248 0 0.045454545454545456
transition 240 5 243 0 0.09090909090909091
transition 240 5 240 0 0.045454545454545456
transition 240 5 239 0 0.09090909090909091
transition 240 5 238 0 0.09090909090909091
transition 240 5 237 0 0.09090909090909091
transition 240 5 236 0 0.09090909090909091
transition 240 5 235 0 0.09090909090909091
transition 240 5 234 0 0.09090909090909091
transition 240 5 625 0 0.09090909090909091
transition 241 5 448 0 0.09523809523809523
transition 241 5 251 0 0.047619047619047616
transition 241 5 245 0 0.09523809523809523
transition 241 5 241 0 0.047619047619047616
transition 241 5 625 0 0.09523809523809523
transition 242 5 449 0 0.09523809523809523
transition 242 5 252 0 0.047619047619047616
transition 242 5 246 0 0.09523809523809523
transition 242 5 241 0 0.09523809523809523
transition 242 5 625 0 0.09523809523809523
transition 246 5 451 0 0.09523809523809523
transition 246 5 253 0 0.047619047619047616
transition 246 5 247 0 0.047619047619047616
transition 246 5 246 0 0.047619047619047616
transition 246 5 245 0 0.09523809523809523
transition 246 5 244 0 0.09523809523809523
transition 246 5 625 0 0.09523809523809523
transition 252 5 455 0 0.09523809523809523
transition 252 5 253 0 0.09523809523809523
transition 252 5 252 0 0.047619047619047616
transition 252 5 251 0 0.09523809523809523
transition 252 5 250 0 0.09523809523809523
transition 252 5 249 0 0.09523809523809523
transition 252 5 625 0 0.09523809523809523
transition 276 5 460 0 0.041666666666666664
transition 276 5 355 0 0.08333333333333333
transition 276 5 310 0 0.08333333333333333
transition 276 5 288 0 0.08333333333333333
transition 276 5 276 0 0.041666666666666664
transition 276 5 269 0 0.08333333333333333
transition 276 5 264 0 0.08333333333333333
transition 276 5 261 0 0.08333333333333333
transition 276 5 260 0 0.08333333333333333
transition 276 5 259 0 0.08333333333333333
transition 276 5 258 0 0.08333333333333333
transition 276 5 257 0 0.08333333333333333
transition 276 5 256 0 0.08333333333333333
transition 277 5 462 0 0.043478260869565216
transition 277 5 357 0 0.08695652173913043
transition 277 5 312 0 0.08695652173913043
transition 277 5 290 0 0.08695652173913043
transition 277 5 277 0 0.043478260869565216
transition 277 5 625 0 0.08695652173913043
transition 278 5 463 0 0.043478260869565216
transition 278 5 358 0 0.08695652173913043
transition 278 5 313 0 0.08695652173913043
transition 278 5 291 0 0.08695652173913043
transition 278 5 278 0 0.043478260869565216
transition 278 5 270 0 0.08695652173913043
transition 278 5 625 0 0.08695652173913043
transition 279 5 464 0 0.043478260869565216
transition 279 5 359 0 0.08695652173913043
transition 279 5 314 0 0.08695652173913043
transition 279 5 292 0 0.08695652173913043
transition 279 5 279 0 0.043478260869565216
transition 279 5 271 0 0.08695652173913043
transition 279 5 265 0 0.08695652173913043
transition 279 5 625 0 0.08695652173913043
transition 280 5 465 0 0.043478260869565216
transition 280 5 360 0 0.08695652173913043
transition 280 5 315 0 0.08695652173913043
transition 280 5 293 0 0.08695652173913043
transition 280 5 280 0 0.043478260869565216
transition 280 5 272 0 0.08695652173913043
transition 280 5 266 0 0.08695652173913043
transition 280 5 262 0 0.08695652173913043
transition 280 5 625 0 0.08695652173913043
transition 281 5 466 0 0.043478260869565216
transition 281 5 361 0 0.08695652173913043
transition 281 5 316 0 0.08695652173913043
transition 281 5 294 0 0.08695652173913043
transition 281 5 281 0 0.043478260869565216
transition 281 5 273 0 0.08695652173913043
transition 281 5 267 0 0.08695652173913043
transition 281 5 263 0 0.043478260869565216
transition 281 5 262 0 0.08695652173913043
transition 281 5 625 0 0.08695652173913043
transition 282 5 468 0 0.043478260869565216
transition 282 5 362 0 0.08695652173913043
transition 282 5 317 0 0.08695652173913043
transition 282 5 295 0 0.08695652173913043
transition 282 5 282 0 0.043478260869565216
transition 282 5 274 0 0.08695652173913043
transition 282 5 268 0 0.043478260869565216
transition 282 5 267 0 0.08695652173913043
transition 282 5 266 0 0.08695652173913043
transition 282 5 265 0 0.08695652173913043
transition 282 5 625 0 0.08695652173913043
transition 283 5 472 0 0.043478260869565216
transition 283 5 365 0 0.08695652173913043
transition 283 5 319 0 0.08695652173913043
transition 283 5 296 0 0.08695652173913043
transition 283 5 283 0 0.043478260869565216
transition 283 5 275 0 0.043478260869565216
transition 283 5 274 0 0.08695652173913043
transition 283 5 273 0 0.08695652173913043
transition 283 5 272 0 0.08695652173913043
transition 283 5 271 0 0.08695652173913043
transition 283 5 270 0 0.08695652173913043
transition 283 5 625 0 0.08695652173913043
transition 284 5 477 0 0.045454545454545456
transition 284 5 369 0 0.09090909090909091
transition 284 5 322 0 0.09090909090909091
transition 284 5 298 0 0.09090909090909091
transition 284 5 284 0 0.045454545454545456
transition 284 5 625 0 0.09090909090909091
transition 285 5 478 0 0.043478260869565216
transition 285 5 370 0 0.08695652173913043
transition 285 5 323 0 0.08695652173913043
transition 285 5 299 0 0.08695652173913043
transition 285 5 283 0 0.08695652173913043
transition 285 5 282 0 0.08695652173913043
transition 285 5 281 0 0.08695652173913043
transition 285 5 280 0 0.08695652173913043
transition 285 5 279 0 0.08695652173913043
transition 285 5 278 0 0.08695652173913043
transition 285 5 277 0 0.08695652173913043
transition 285 5 625 0 0.08695652173913043
transition 286 5 483 0 0.045454545454545456
transition 286 5 374 0 0.09090909090909091
transition 286 5 326 0 0.09090909090909091
transition 286 5 301 0 0.09090909090909091
transition 286 5 625 0 0.09090909090909091
transition 287 5 484 0 0.045454545454545456
transition 287 5 375 0 0.09090909090909091
transition 287 5 327 0 0.09090909090909091
transition 287 5 302 0 0.09090909090909091
transition 287 5 284 0 0.045454545454545456
transition 287 5 625 0 0.09090909090909091
transition 299 5 487 0 0.043478260869565216
transition 299 5 377 0 0.08695652173913043
transition 299 5 329 0 0.08695652173913043
transition 299 5 304 0 0.043478260869565216
transition 299 5 299 0 0.043478260869565216
transition 299 5 296 0 0.08695652173913043
transition 299 5 295 0 0.08695652173913043
transition 299 5 294 0 0.08695652173913043
transition 299 5 293 0 0.08695652173913043
transition 299 5 292 0 0.08695652173913043
transition 299 5 291 0 0.08695652173913043
transition 299 5 290 0 0.08695652173913043
transition 299 5 289 0 0.08695652173913043
transition 300 5 492 0 0.045454545454545456
transition 300 5 381 0 0.09090909090909091
transition 300 5 332 0 0.09090909090909091
transition 300 5 306 0 0.045454545454545456
transition 300 5 300 0 0.045454545454545456
transition 300 5 625 0 0.09090909090909091
transition 301 5 493 0 0.045454545454545456
transition 301 5 382 0 0.09090909090909091
transition 301 5 333 0 0.09090909090909091
transition 301 5 307 0 0.045454545454545456
transition 301 5 301 0 0.045454545454545456
transition 301 5 297 0 0.09090909090909091
transition 301 5 625 0 0.09090909090909091
transition 302 5 494 0 0.045454545454545456
transition 302 5 383 0 0.09090909090909091
transition 302 5 334 0 0.09090909090909091
transition 302 5 308 0 0.045454545454545456
transition 302 5 302 0 0.045454545454545456
transition 302 5 298 0 0.045454545454545456
transition 302 5 297 0 0.09090909090909091
transition 302 5 625 0 0.09090909090909091
transition 303 5 496 0 0.045454545454545456
transition 303 5 384 0 0.09090909090909091
transition 303 5 335 0 0.09090909090909091
transition 303 5 309 0 0.045454545454545456
transition 303 5 302 0 0.09090909090909091
transition 303 5 301 0 0.09090909090909091
transition 303 5 300 0 0.09090909090909091
transition 303 5 625 0 0.09090909090909091
transition 309 5 500 0 0.045454545454545456
transition 309 5 387 0 0.09090909090909091
transition 309 5 337 0 0.09090909090909091
transition 309 5 309 0 0.045454545454545456
transition 309 5 308 0 0.09090909090909091
transition 309 5 307 0 0.09090909090909091
transition 309 5 306 0 0.09090909090909091
transition 309 5 305 0 0.09090909090909091
transition 309 5 625 0 0.09090909090909091
transition 323 5 505 0 0.043478260869565216
transition 323 5 391 0 0.08695652173913043
transition 323 5 340 0 0.043478260869565216
transition 323 5 329 0 0.08695652173913043
transition 323 5 323 0 0.043478260869565216
transition 323 5 319 0 0.08695652173913043
transition 323 5 317 0 0.08695652173913043
transition 323 5 316 0 0.08695652173913043
transition 323 5 315 0 0.08695652173913043
transition 323 5 314 0 0.08695652173913043
transition 323 5 313 0 0.08695652173913043
transition 323 5 312 0 0.08695652173913043
transition 323 5 311 0 0.08695652173913043
transition 324 5 510 0 0.045454545454545456
transition 324 5 395 0 0.09090909090909091
transition 324 5 343 0 0.045454545454545456
transition 324 5 331 0 0.09090909090909091
transition 324 5 324 0 0.045454545454545456
transition 324 5 625 0 0.09090909090909091
transition 325 5 511 0 0.045454545454545456
transition 325 5 396 0 0.09090909090909091
transition 325 5 344 0 0.045454545454545456
transition 325 5 332 0 0.09090909090909091
transition 325 5 325 0 0.045454545454545456
transition 325 5 320 0 0.09090909090909091
transition 325 5 625 0 0.09090909090909091
transition 326 5 512 0 0.045454545454545456
transition 326 5 397 0 0.09090909090909091
transition 326 5 345 0 0.045454545454545456
transition 326 5 333 0 0.09090909090909091
transition 326 5 326 0 0.045454545454545456
transition 326 5 321 0 0.09090909090909091
transition 326 5 318 0 0.045454545454545456
transition 326 5 625 0 0.09090909090909091
transition 327 5 513 0 0.045454545454545456
transition 327 5 398 0 0.09090909090909091
transition 327 5 346 0 0.045454545454545456
transition 327 5 334 0 0.09090909090909091
transition 327 5 327 0 0.045454545454545456
transition 327 5 322 0 0.045454545454545456
transition 327 5 321 0 0.09090909090909091
transition 327 5 320 0 0.09090909090909091
transition 327 5 625 0 0.09090909090909091
transition 328 5 516 0 0.045454545454545456
transition 328 5 400 0 0.09090909090909091
transition 328 5 347 0 0.045454545454545456
transition 328 5 335 0 0.09090909090909091
transition 328 5 327 0 0.09090909090909091
transition 328 5 326 0 0.09090909090909091
transition 328 5 325 0 0.09090909090909091
transition 328 5 324 0 0.09090909090909091
transition 328 5 625 0 0.09090909090909091
transition 335 5 521 0 0.045454545454545456
transition 335 5 404 0 0.09090909090909091
transition 335 5 350 0 0.045454545454545456
transition 335 5 337 0 0.045454545454545456
transition 335 5 335 0 0.045454545454545456
transition 335 5 334 0 0.09090909090909091
transition 335 5 333 0 0.09090909090909091
transition 335 5 332 0 0.09090909090909091
transition 335 5 331 0 0.09090909090909091
transition 335 5 330 0 0.09090909090909091
transition 335 5 625 0 0.09090909090909091
transition 336 5 526 0 0.047619047619047616
transition 336 5 408 0 0.09523809523809523
transition 336 5 353 0 0.047619047619047616
transition 336 5 339 0 0.047619047619047616
transition 336 5 625 0 0.09523809523809523
transition 339 5 527 0 0.047619047619047616
transition 339 5 409 0 0.09523809523809523
transition 339 5 354 0 0.047619047619047616
transition 339 5 339 0 0.047619047619047616
transition 339 5 338 0 0.09523809523809523
transition 339 5 625 0 0.09523809523809523
transition 347 5 529 0 0.045454545454545456
transition 347 5 410 0 0.09090909090909091
transition 347 5 350 0 0.09090909090909091
transition 347 5 347 0 0.045454545454545456
transition 347 5 346 0 0.09090909090909091
transition 347 5 345 0 0.09090909090909091
transition 347 5 344 0 0.09090909090909091
transition 347 5 343 0 0.09090909090909091
transition 347 5 342 0 0.09090909090909091
transition 347 5 341 0 0.09090909090909091
transition 347 5 625 0 0.09090909090909091
transition 348 5 534 0 0.047619047619047616
transition 348 5 414 0 0.09523809523809523
transition 348 5 352 0 0.09523809523809523
transition 348 5 348 0 0.047619047619047616
transition 348 5 625 0 0.09523809523809523
transition 349 5 535 0 0.047619047619047616
transition 349 5 415 0 0.09523809523809523
transition 349 5 353 0 0.09523809523809523
transition 349 5 348 0 0.09523809523809523
transition 349 5 625 0 0.09523809523809523
transition 353 5 537 0 0.047619047619047616
transition 353 5 416 0 0.09523809523809523
transition 353 5 354 0 0.047619047619047616
transition 353 5 353 0 0.047619047619047616
transition 353 5 352 0 0.09523809523809523
transition 353 5 351 0 0.09523809523809523
transition 353 5 625 0 0.09523809523809523
transition 370 5 541 0 0.043478260869565216
transition 370 5 419 0 0.043478260869565216
transition 370 5 391 0 0.08695652173913043
transition 370 5 377 0 0.08695652173913043
transition 370 5 370 0 0.043478260869565216
transition 370 5 365 0 0.08695652173913043
transition 370 5 362 0 0.08695652173913043
transition 370 5 361 0 0.08695652173913043
transition 370 5 360 0 0.08695652173913043
transition 370 5 359 0 0.08695652173913043
transition 370 5 358 0 0.08695652173913043
transition 370 5 357 0 0.08695652173913043
transition 370 5 356 0 0.08695652173913043
transition 371 5 545 0 0.045454545454545456
transition 371 5 423 0 0.045454545454545456
transition 371 5 394 0 0.09090909090909091
transition 371 5 379 0 0.09090909090909091
transition 371 5 371 0 0.045454545454545456
transition 371 5 625 0 0.09090909090909091
transition 372 5 546 0 0.045454545454545456
transition 372 5 424 0 0.045454545454545456
transition 372 5 395 0 0.09090909090909091
transition 372 5 380 0 0.09090909090909091
transition 372 5 372 0 0.045454545454545456
transition 372 5 366 0 0.09090909090909091
transition 372 5 625 0 0.09090909090909091
transition 373 5 547 0 0.045454545454545456
transition 373 5 425 0 0.045454545454545456
transition 373 5 396 0 0.09090909090909091
transition 373 5 381 0 0.09090909090909091
transition 373 5 373 0 0.045454545454545456
transition 373 5 367 0 0.09090909090909091
transition 373 5 363 0 0.09090909090909091
transition 373 5 625 0 0.09090909090909091
transition 374 5 548 0 0.045454545454545456
transition 374 5 426 0 0.045454545454545456
transition 374 5 397 0 0.09090909090909091
transition 374 5 382 0 0.09090909090909091
transition 374 5 374 0 0.045454545454545456
transition 374 5 368 0 0.09090909090909091
transition 374 5 364 0 0.045454545454545456
transition 374 5 363 0 0.09090909090909091
transition 374 5 625 0 0.09090909090909091
transition 375 5 550 0 0.045454545454545456
transition 375 5 427 0 0.045454545454545456
transition 375 5 398 0 0.09090909090909091
transition 375 5 383 0 0.09090909090909091
transition 375 5 375 0 0.045454545454545456
transition 375 5 369 0 0.045454545454545456
transition 375 5 368 0 0.09090909090909091
transition 375 5 367 0 0.09090909090909091
transition 375 5 366 0 0.09090909090909091
transition 375 5 625 0 0.09090909090909091
transition 376 5 554 0 0.045454545454545456
transition 376 5 430 0 0.045454545454545456
transition 376 5 400 0 0.09090909090909091
transition 376 5 384 0 0.09090909090909091
transition 376 5 375 0 0.09090909090909091
transition 376 5 374 0 0.09090909090909091
transition 376 5 373 0 0.09090909090909091
transition 376 5 372 0 0.09090909090909091
transition 376 5 371 0 0.09090909090909091
transition 376 5 625 0 0.09090909090909091
transition 384 5 560 0 0.045454545454545456
transition 384 5 435 0 0.045454545454545456
transition 384 5 404 0 0.09090909090909091
transition 384 5 387 0 0.045454545454545456
transition 384 5 384 0 0.045454545454545456
transition 384 5 383 0 0.09090909090909091
transition 384 5 382 0 0.09090909090909091
transition 384 5 381 0 0.09090909090909091
transition 384 5 380 0 0.09090909090909091
transition 384 5 379 0 0.09090909090909091
transition 384 5 378 0 0.09090909090909091
transition 384 5 625 0 0.09090909090909091
transition 385 5 565 0 0.047619047619047616
transition 385 5 439 0 0.047619047619047616
transition 385 5 407 0 0.09523809523809523
transition 385 5 389 0 0.047619047619047616
transition 385 5 385 0 0.047619047619047616
transition 385 5 625 0 0.09523809523809523
transition 386 5 566 0 0.047619047619047616
transition 386 5 440 0 0.047619047619047616
transition 386 5 408 0 0.09523809523809523
transition 386 5 390 0 0.047619047619047616
transition 386 5 385 0 0.09523809523809523
transition 386 5 625 0 0.09523809523809523
transition 390 5 568 0 0.047619047619047616
transition 390 5 441 0 0.047619047619047616
transition 390 5 409 0 0.09523809523809523
transition 390 5 390 0 0.047619047619047616
transition 390 5 389 0 0.09523809523809523
transition 390 5 388 0 0.09523809523809523
transition 390 5 625 0 0.09523809523809523
transition 400 5 571 0 0.045454545454545456
transition 400 5 443 0 0.045454545454545456
transition 400 5 410 0 0.045454545454545456
transition 400 5 404 0 0.09090909090909091
transition 400 5 400 0 0.045454545454545456
transition 400 5 398 0 0.09090909090909091
transition 400 5 397 0 0.09090909090909091
transition 400 5 396 0 0.09090909090909091
transition 400 5 395 0 0.09090909090909091
transition 400 5 394 0 0.09090909090909091
transition 400 5 393 0 0.09090909090909091
transition 400 5 392 0 0.09090909090909091
transition 400 5 625 0 0.09090909090909091
transition 401 5 576 0 0.047619047619047616
transition 401 5 447 0 0.047619047619047616
transition 401 5 413 0 0.047619047619047616
transition 401 5 406 0 0.09523809523809523
transition 401 5 401 0 0.047619047619047616
transition 401 5 625 0 0.09523809523809523
transition 402 5 577 0 0.047619047619047616
transition 402 5 448 0 0.047619047619047616
transition 402 5 414 0 0.047619047619047616
transition 402 5 407 0 0.09523809523809523
transition 402 5 402 0 0.047619047619047616
transition 402 5 399 0 0.047619047619047616
transition 402 5 625 0 0.09523809523809523
transition 403 5 578 0 0.047619047619047616
transition 403 5 449 0 0.047619047619047616
transition 403 5 415 0 0.047619047619047616
transition 403 5 408 0 0.09523809523809523
transition 403 5 402 0 0.09523809523809523
transition 403 5 401 0 0.09523809523809523
transition 403 5 625 0 0.09523809523809523
transition 408 5 581 0 0.047619047619047616
transition 408 5 451 0 0.047619047619047616
transition 408 5 416 0 0.047619047619047616
transition 408 5 409 0 0.047619047619047616
transition 408 5 408 0 0.047619047619047616
transition 408 5 407 0 0.09523809523809523
transition 408 5 406 0 0.09523809523809523
transition 408 5 405 0 0.09523809523809523
transition 408 5 625 0 0.09523809523809523
transition 415 5 586 0 0.047619047619047616
transition 415 5 455 0 0.047619047619047616
transition 415 5 416 0 0.09523809523809523
transition 415 5 415 0 0.047619047619047616
transition 415 5 414 0 0.09523809523809523
transition 415 5 413 0 0.09523809523809523
transition 415 5 412 0 0.09523809523809523
transition 415 5 411 0 0.09523809523809523
transition 415 5 625 0 0.09523809523809523
transition 417 5 591 0 0.05
transition 417 5 459 0 0.05
transition 417 5 418 0 0.05
transition 417 5 417 0 0.05
transition 417 5 625 0 0.1
transition 430 5 593 0 0.045454545454545456
transition 430 5 443 0 0.09090909090909091
transition 430 5 435 0 0.09090909090909091
transition 430 5 430 0 0.045454545454545456
transition 430 5 427 0 0.09090909090909091
transition 430 5 426 0 0.09090909090909091
transition 430 5 425 0 0.09090909090909091
transition 430 5 424 0 0.09090909090909091
transition 430 5 423 0 0.09090909090909091
transition 430 5 422 0 0.09090909090909091
transition 430 5 421 0 0.09090909090909091
transition 430 5 420 0 0.09090909090909091
transition 431 5 598 0 0.047619047619047616
transition 431 5 446 0 0.09523809523809523
transition 431 5 437 0 0.09523809523809523
transition 431 5 431 0 0.047619047619047616
transition 431 5 625 0 0.09523809523809523
transition 432 5 599 0 0.047619047619047616
transition 432 5 447 0 0.09523809523809523
transition 432 5 438 0 0.09523809523809523
transition 432 5 432 0 0.047619047619047616
transition 432 5 428 0 0.09523809523809523
transition 432 5 625 0 0.09523809523809523
transition 433 5 600 0 0.047619047619047616
transition 433 5 448 0 0.09523809523809523
transition 433 5 439 0 0.09523809523809523
transition 433 5 433 0 0.047619047619047616
transition 433 5 429 0 0.047619047619047616
transition 433 5 428 0 0.09523809523809523
transition 433 5 625 0 0.09523809523809523
transition 434 5 602 0 0.047619047619047616
transition 434 5 449 0 0.09523809523809523
transition 434 5 440 0 0.09523809523809523
transition 434 5 433 0 0.09523809523809523
transition 434 5 432 0 0.09523809523809523
transition 434 5 431 0 0.09523809523809523
transition 434 5 625 0 0.09523809523809523
transition 440 5 606 0 0.047619047619047616
transition 440 5 451 0 0.09523809523809523
transition 440 5 441 0 0.047619047619047616
transition 440 5 440 0 0.047619047619047616
transition 440 5 439 0 0.09523809523809523
transition 440 5 438 0 0.09523809523809523
transition 440 5 437 0 0.09523809523809523
transition 440 5 436 0 0.09523809523809523
transition 440 5 625 0 0.09523809523809523
transition 442 5 611 0 0.05
transition 442 5 454 0 0.1
transition 442 5 442 0 0.05
transition 442 5 625 0 0.1
transition 449 5 612 0 0.047619047619047616
transition 449 5 455 0 0.047619047619047616
transition 449 5 451 0 0.09523809523809523
transition 449 5 449 0 0.047619047619047616
transition 449 5 448 0 0.09523809523809523
transition 449 5 447 0 0.09523809523809523
transition 449 5 446 0 0.09523809523809523
transition 449 5 445 0 0.09523809523809523
transition 449 5 444 0 0.09523809523809523
transition 449 5 625 0 0.09523809523809523
transition 450 5 617 0 0.05
transition 450 5 458 0 0.05
transition 450 5 453 0 0.1
transition 450 5 625 0 0.1
transition 453 5 618 0 0.05
transition 453 5 459 0 0.05
transition 453 5 454 0 0.05
transition 453 5 453 0 0.05
transition 453 5 452 0 0.1
transition 453 5 625 0 0.1
transition 458 5 621 0 0.05
transition 458 5 459 0 0.1
transition 458 5 458 0 0.05
transition 458 5 457 0 0.1
transition 458 5 456 0 0.1
transition 458 5 625 0 0.1
transition 478 5 541 0 0.08695652173913043
transition 478 5 505 0 0.08695652173913043
transition 478 5 487 0 0.08695652173913043
transition 478 5 478 0 0.043478260869565216
transition 478 5 472 0 0.08695652173913043
transition 478 5 468 0 0.08695652173913043
transition 478 5 466 0 0.08695652173913043
transition 478 5 465 0 0.08695652173913043
transition 478 5 464 0 0.08695652173913043
transition 478 5 463 0 0.08695652173913043
transition 478 5 462 0 0.08695652173913043
transition 478 5 461 0 0.08695652173913043
transition 479 5 544 0 0.09090909090909091
transition 479 5 508 0 0.09090909090909091
transition 479 5 489 0 0.09090909090909091
transition 479 5 479 0 0.045454545454545456
transition 479 5 625 0 0.09090909090909091
transition 480 5 545 0 0.09090909090909091
transition 480 5 509 0 0.09090909090909091
transition 480 5 490 0 0.09090909090909091
transition 480 5 480 0 0.045454545454545456
transition 480 5 473 0 0.09090909090909091
transition 480 5 625 0 0.09090909090909091
transition 481 5 546 0 0.09090909090909091
transition 481 5 510 0 0.09090909090909091
transition 481 5 491 0 0.09090909090909091
transition 481 5 481 0 0.045454545454545456
transition 481 5 474 0 0.09090909090909091
transition 481 5 469 0 0.09090909090909091
transition 481 5 625 0 0.09090909090909091
transition 482 5 547 0 0.09090909090909091
transition 482 5 511 0 0.09090909090909091
transition 482 5 492 0 0.09090909090909091
transition 482 5 482 0 0.045454545454545456
transition 482 5 475 0 0.09090909090909091
transition 482 5 470 0 0.09090909090909091
transition 482 5 467 0 0.045454545454545456
transition 482 5 625 0 0.09090909090909091
transition 483 5 548 0 0.09090909090909091
transition 483 5 512 0 0.09090909090909091
transition 483 5 493 0 0.09090909090909091
transition 483 5 483 0 0.045454545454545456
transition 483 5 476 0 0.09090909090909091
transition 483 5 471 0 0.045454545454545456
transition 483 5 470 0 0.09090909090909091
transition 483 5 469 0 0.09090909090909091
transition 483 5 625 0 0.09090909090909091
transition 484 5 550 0 0.09090909090909091
transition 484 5 513 0 0.09090909090909091
transition 484 5 494 0 0.09090909090909091
transition 484 5 484 0 0.045454545454545456
transition 484 5 477 0 0.045454545454545456
transition 484 5 476 0 0.09090909090909091
transition 484 5 475 0 0.09090909090909091
transition 484 5 474 0 0.09090909090909091
transition 484 5 473 0 0.09090909090909091
transition 484 5 625 0 0.09090909090909091
transition 485 5 554 0 0.09090909090909091
transition 485 5 516 0 0.09090909090909091
transition 485 5 496 0 0.09090909090909091
transition 485 5 484 0 0.09090909090909091
transition 485 5 483 0 0.09090909090909091
transition 485 5 482 0 0.09090909090909091
transition 485 5 481 0 0.09090909090909091
transition 485 5 480 0 0.09090909090909091
transition 485 5 479 0 0.09090909090909091
transition 485 5 625 0 0.09090909090909091
transition 486 5 558 0 0.09523809523809523
transition 486 5 519 0 0.09523809523809523
transition 486 5 498 0 0.09523809523809523
transition 486 5 625 0 0.09523809523809523
transition 496 5 560 0 0.09090909090909091
transition 496 5 521 0 0.09090909090909091
transition 496 5 500 0 0.045454545454545456
transition 496 5 496 0 0.045454545454545456
transition 496 5 494 0 0.09090909090909091
transition 496 5 493 0 0.09090909090909091
transition 496 5 492 0 0.09090909090909091
transition 496 5 491 0 0.09090909090909091
transition 496 5 490 0 0.09090909090909091
transition 496 5 489 0 0.09090909090909091
transition 496 5 488 0 0.09090909090909091
transition 496 5 625 0 0.09090909090909091
transition 497 5 564 0 0.09523809523809523
transition 497 5 524 0 0.09523809523809523
transition 497 5 502 0 0.047619047619047616
transition 497 5 497 0 0.047619047619047616
transition 497 5 625 0 0.09523809523809523
transition 498 5 565 0 0.09523809523809523
transition 498 5 525 0 0.09523809523809523
transition 498 5 503 0 0.047619047619047616
transition 498 5 498 0 0.047619047619047616
transition 498 5 495 0 0.047619047619047616
transition 498 5 625 0 0.09523809523809523
transition 499 5 566 0 0.09523809523809523
transition 499 5 526 0 0.09523809523809523
transition 499 5 504 0 0.047619047619047616
transition 499 5 498 0 0.09523809523809523
transition 499 5 497 0 0.09523809523809523
transition 499 5 625 0 0.09523809523809523
transition 504 5 568 0 0.09523809523809523
transition 504 5 527 0 0.09523809523809523
transition 504 5 504 0 0.047619047619047616
transition 504 5 503 0 0.09523809523809523
transition 504 5 502 0 0.09523809523809523
transition 504 5 501 0 0.09523809523809523
transition 504 5 625 0 0.09523809523809523
transition 516 5 571 0 0.09090909090909091
transition 516 5 529 0 0.045454545454545456
transition 516 5 521 0 0.09090909090909091
transition 516 5 516 0 0.045454545454545456
transition 516 5 513 0 0.09090909090909091
transition 516 5 512 0 0.09090909090909091
transition 516 5 511 0 0.09090909090909091
transition 516 5 510 0 0.09090909090909091
transition 516 5 509 0 0.09090909090909091
transition 516 5 508 0 0.09090909090909091
transition 516 5 507 0 0.09090909090909091
transition 516 5 506 0 0.09090909090909091
transition 517 5 575 0 0.09523809523809523
transition 517 5 532 0 0.047619047619047616
transition 517 5 523 0 0.09523809523809523
transition 517 5 517 0 0.047619047619047616
transition 517 5 625 0 0.09523809523809523
transition 518 5 576 0 0.09523809523809523
transition 518 5 533 0 0.047619047619047616
transition 518 5 524 0 0.09523809523809523
transition 518 5 518 0 0.047619047619047616
transition 518 5 514 0 0.09523809523809523
transition 518 5 625 0 0.09523809523809523
transition 519 5 577 0 0.09523809523809523
transition 519 5 534 0 0.047619047619047616
transition 519 5 525 0 0.09523809523809523
transition 519 5 519 0 0.047619047619047616
transition 519 5 515 0 0.047619047619047616
transition 519 5 514 0 0.09523809523809523
transition 519 5 625 0 0.09523809523809523
transition 520 5 578 0 0.09523809523809523
transition 520 5 535 0 0.047619047619047616
transition 520 5 526 0 0.09523809523809523
transition 520 5 519 0 0.09523809523809523
transition 520 5 518 0 0.09523809523809523
transition 520 5 517 0 0.09523809523809523
transition 520 5 625 0 0.09523809523809523
transition 526 5 581 0 0.09523809523809523
transition 526 5 537 0 0.047619047619047616
transition 526 5 527 0 0.047619047619047616
transition 526 5 526 0 0.047619047619047616
transition 526 5 525 0 0.09523809523809523
transition 526 5 524 0 0.09523809523809523
transition 526 5 523 0 0.09523809523809523
transition 526 5 522 0 0.09523809523809523
transition 526 5 625 0 0.09523809523809523
transition 528 5 585 0 0.1
transition 528 5 540 0 0.05
transition 528 5 528 0 0.05
transition 528 5 625 0 0.1
transition 535 5 586 0 0.09523809523809523
transition 535 5 537 0 0.09523809523809523
transition 535 5 535 0 0.047619047619047616
transition 535 5 534 0 0.09523809523809523
transition 535 5 533 0 0.09523809523809523
transition 535 5 532 0 0.09523809523809523
transition 535 5 531 0 0.09523809523809523
transition 535 5 530 0 0.09523809523809523
transition 535 5 625 0 0.09523809523809523
transition 536 5 590 0 0.1
transition 536 5 539 0 0.1
transition 536 5 625 0 0.1
transition 539 5 591 0 0.1
transition 539 5 540 0 0.05
transition 539 5 539 0 0.05
transition 539 5 538 0 0.1
transition 539 5 625 0 0.1
transition 554 5 593 0 0.045454545454545456
transition 554 5 571 0 0.09090909090909091
transition 554 5 560 0 0.09090909090909091
transition 554 5 554 0 0.045454545454545456
transition 554 5 550 0 0.09090909090909091
transition 554 5 548 0 0.09090909090909091
transition 554 5 547 0 0.09090909090909091
transition 554 5 546 0 0.09090909090909091
transition 554 5 545 0 0.09090909090909091
transition 554 5 544 0 0.09090909090909091
transition 554 5 543 0 0.09090909090909091
transition 554 5 542 0 0.09090909090909091
transition 555 5 597 0 0.047619047619047616
transition 555 5 574 0 0.09523809523809523
transition 555 5 562 0 0.09523809523809523
transition 555 5 555 0 0.047619047619047616
transition 555 5 625 0 0.09523809523809523
transition 556 5 598 0 0.047619047619047616
transition 556 5 575 0 0.09523809523809523
transition 556 5 563 0 0.09523809523809523
transition 556 5 556 0 0.047619047619047616
transition 556 5 551 0 0.09523809523809523
transition 556 5 625 0 0.09523809523809523
transition 557 5 599 0 0.047619047619047616
transition 557 5 576 0 0.09523809523809523
transition 557 5 564 0 0.09523809523809523
transition 557 5 557 0 0.047619047619047616
transition 557 5 552 0 0.09523809523809523
transition 557 5 549 0 0.047619047619047616
transition 557 5 625 0 0.09523809523809523
transition 558 5 600 0 0.047619047619047616
transition 558 5 577 0 0.09523809523809523
transition 558 5 565 0 0.09523809523809523
transition 558 5 558 0 0.047619047619047616
transition 558 5 553 0 0.047619047619047616
transition 558 5 552 0 0.09523809523809523
transition 558 5 551 0 0.09523809523809523
transition 558 5 625 0 0.09523809523809523
transition 559 5 602 0 0.047619047619047616
transition 559 5 578 0 0.09523809523809523
transition 559 5 566 0 0.09523809523809523
transition 559 5 558 0 0.09523809523809523
transition 559 5 557 0 0.09523809523809523
transition 559 5 556 0 0.09523809523809523
transition 559 5 555 0 0.09523809523809523
transition 559 5 625 0 0.09523809523809523
transition 566 5 606 0 0.047619047619047616
transition 566 5 581 0 0.09523809523809523
transition 566 5 568 0 0.047619047619047616
transition 566 5 566 0 0.047619047619047616
transition 566 5 565 0 0.09523809523809523
transition 566 5 564 0 0.09523809523809523
transition 566 5 563 0 0.09523809523809523
transition 566 5 562 0 0.09523809523809523
transition 566 5 561 0 0.09523809523809523
transition 566 5 625 0 0.09523809523809523
transition 567 5 610 0 0.05
transition 567 5 584 0 0.1
transition 567 5 570 0 0.05
transition 567 5 625 0 0.1
transition 570 5 611 0 0.05
transition 570 5 585 0 0.1
transition 570 5 570 0 0.05
transition 570 5 569 0 0.1
transition 570 5 625 0 0.1
transition 578 5 612 0 0.047619047619047616
transition 578 5 586 0 0.047619047619047616
transition 578 5 581 0 0.09523809523809523
transition 578 5 578 0 0.047619047619047616
transition 578 5 577 0 0.09523809523809523
transition 578 5 576 0 0.09523809523809523
transition 578 5 575 0 0.09523809523809523
transition 578 5 574 0 0.09523809523809523
transition 578 5 573 0 0.09523809523809523
transition 578 5 572 0 0.09523809523809523
transition 578 5 625 0 0.09523809523809523
transition 579 5 616 0 0.05
transition 579 5 589 0 0.05
transition 579 5 583 0 0.1
transition 579 5 579 0 0.05
transition 579 5 625 0 0.1
transition 580 5 617 0 0.05
transition 580 5 590 0 0.05
transition 580 5 584 0 0.1
transition 580 5 579 0 0.1
transition 580 5 625 0 0.1
transition 584 5 618 0 0.05
transition 584 5 591 0 0.05
transition 584 5 585 0 0.05
transition 584 5 584 0 0.05
transition 584 5 583 0 0.1
transition 584 5 582 0 0.1
transition 584 5 625 0 0.1
transition 590 5 621 0 0.05
transition 590 5 591 0 0.1
transition 590 5 590 0 0.05
transition 590 5 589 0 0.1
transition 590 5 588 0 0.1
transition 590 5 587 0 0.1
transition 590 5 625 0 0.1
transition 602 5 612 0 0.09523809523809523
transition 602 5 606 0 0.09523809523809523
transition 602 5 602 0 0.047619047619047616
transition 602 5 600 0 0.09523809523809523
transition 602 5 599 0 0.09523809523809523
transition 602 5 598 0 0.09523809523809523
transition 602 5 597 0 0.09523809523809523
transition 602 5 596 0 0.09523809523809523
transition 602 5 595 0 0.09523809523809523
transition 602 5 594 0 0.09523809523809523
transition 602 5 625 0 0.09523809523809523
transition 603 5 615 0 0.1
transition 603 5 608 0 0.1
transition 603 5 603 0 0.05
transition 603 5 625 0 0.1
transition 604 5 616 0 0.1
transition 604 5 609 0 0.1
transition 604 5 604 0 0.05
transition 604 5 601 0 0.05
transition 604 5 625 0 0.1
transition 605 5 617 0 0.1
transition 605 5 610 0 0.1
transition 605 5 604 0 0.1
transition 605 5 603 0 0.1
transition 605 5 625 0 0.1
transition 610 5 618 0 0.1
transition 610 5 611 0 0.05
transition 610 5 610 0 0.05
transition 610 5 609 0 0.1
transition 610 5 608 0 0.1
transition 610 5 607 0 0.1
transition 610 5 625 0 0.1
transition 617 5 621 0 0.05
transition 617 5 618 0 0.1
transition 617 5 617 0 0.05
transition 617 5 616 0 0.1
transition 617 5 615 0 0.1
transition 617 5 614 0 0.1
transition 617 5 613 0 0.1
transition 617 5 625 0 0.1
transition 619 5 624 0 0.05263157894736842
transition 619 5 620 0 0.05263157894736842
transition 619 5 619 0 0.05263157894736842
transition 619 5 625 0 0.10526315789473684
transition 623 5 624 0 0.10526315789473684
transition 623 5 623 0 0.05263157894736842
transition 623 5 622 0 0.10526315789473684
transition 623 5 625 0 0.10526315789473684
transition 17 6 255 0 0.08
transition 17 6 122 0 0.08
transition 17 6 67 0 0.08
transition 17 6 40 0 0.08
transition 17 6 25 0 0.08
transition 17 6 17 0 0.04
transition 17 6 11 0 0.08
transition 17 6 7 0 0.08
transition 17 6 5 0 0.08
transition 17 6 4 0 0.08
transition 17 6 3 0 0.08
transition 17 6 2 0 0.08
transition 17 6 1 0 0.08
transition 18 6 257 0 0.08333333333333333
transition 18 6 124 0 0.08333333333333333
transition 18 6 69 0 0.08333333333333333
transition 18 6 42 0 0.08333333333333333
transition 18 6 27 0 0.08333333333333333
transition 18 6 18 0 0.041666666666666664
transition 18 6 625 0 0.08333333333333333
transition 19 6 258 0 0.08333333333333333
transition 19 6 125 0 0.08333333333333333
transition 19 6 70 0 0.08333333333333333
transition 19 6 43 0 0.08333333333333333
transition 19 6 28 0 0.08333333333333333
transition 19 6 19 0 0.041666666666666664
transition 19 6 12 0 0.08333333333333333
transition 19 6 625 0 0.08333333333333333
transition 20 6 259 0 0.08333333333333333
transition 20 6 126 0 0.08333333333333333
transition 20 6 71 0 0.08333333333333333
transition 20 6 44 0 0.08333333333333333
transition 20 6 29 0 0.08333333333333333
transition 20 6 20 0 0.041666666666666664
transition 20 6 13 0 0.08333333333333333
transition 20 6 8 0 0.08333333333333333
transition 20 6 625 0 0.08333333333333333
transition 21 6 260 0 0.08333333333333333
transition 21 6 127 0 0.08333333333333333
transition 21 6 72 0 0.08333333333333333
transition 21 6 45 0 0.08333333333333333
transition 21 6 30 0 0.08333333333333333
transition 21 6 21 0 0.041666666666666664
transition 21 6 14 0 0.08333333333333333
transition 21 6 9 0 0.08333333333333333
transition 21 6 6 0 0.041666666666666664
transition 21 6 625 0 0.08333333333333333
transition 22 6 261 0 0.08333333333333333
transition 22 6 128 0 0.08333333333333333
transition 22 6 73 0 0.08333333333333333
transition 22 6 46 0 0.08333333333333333
transition 22 6 31 0 0.08333333333333333
transition 22 6 22 0 0.041666666666666664
transition 22 6 15 0 0.08333333333333333
transition 22 6 10 0 0.041666666666666664
transition 22 6 9 0 0.08333333333333333
transition 22 6 8 0 0.08333333333333333
transition 22 6 625 0 0.08333333333333333
transition 23 6 264 0 0.08333333333333333
transition 23 6 130 0 0.08333333333333333
transition 23 6 74 0 0.08333333333333333
transition 23 6 47 0 0.08333333333333333
transition 23 6 32 0 0.08333333333333333
transition 23 6 23 0 0.041666666666666664
transition 23 6 16 0 0.041666666666666664
transition 23 6 15 0 0.08333333333333333
transition 23 6 14 0 0.08333333333333333
transition 23 6 13 0 0.08333333333333333
transition 23 6 12 0 0.08333333333333333
transition 23 6 625 0 0.08333333333333333
transition 24 6 269 0 0.08333333333333333
transition 24 6 134 0 0.08333333333333333
transition 24 6 77 0 0.08333333333333333
transition 24 6 49 0 0.08333333333333333
transition 24 6 33 0 0.08333333333333333
transition 24 6 23 0 0.08333333333333333
transition 24 6 22 0 0.08333333333333333
transition 24 6 21 0 0.08333333333333333
transition 24 6 20 0 0.08333333333333333
transition 24 6 19 0 0.08333333333333333
transition 24 6 18 0 0.08333333333333333
transition 24 6 625 0 0.08333333333333333
transition 33 6 276 0 0.08333333333333333
transition 33 6 140 0 0.08333333333333333
transition 33 6 82 0 0.08333333333333333
transition 33 6 53 0 0.08333333333333333
transition 33 6 36 0 0.041666666666666664
transition 33 6 33 0 0.041666666666666664
transition 33 6 32 0 0.08333333333333333
transition 33 6 31 0 0.08333333333333333
transition 33 6 30 0 0.08333333333333333
transition 33 6 29 0 0.08333333333333333
transition 33 6 28 0 0.08333333333333333
transition 33 6 27 0 0.08333333333333333
transition 33 6 26 0 0.08333333333333333
transition 34 6 282 0 0.08695652173913043
transition 34 6 145 0 0.08695652173913043
transition 34 6 86 0 0.08695652173913043
transition 34 6 56 0 0.08695652173913043
transition 34 6 38 0 0.043478260869565216
transition 34 6 34 0 0.043478260869565216
transition 34 6 625 0 0.08695652173913043
transition 35 6 283 0 0.08695652173913043
transition 35 6 146 0 0.08695652173913043
transition 35 6 87 0 0.08695652173913043
transition 35 6 57 0 0.08695652173913043
transition 35 6 39 0 0.043478260869565216
transition 35 6 34 0 0.08695652173913043
transition 35 6 625 0 0.08695652173913043
transition 39 6 285 0 0.08695652173913043
transition 39 6 147 0 0.08695652173913043
transition 39 6 88 0 0.08695652173913043
transition 39 6 58 0 0.08695652173913043
transition 39 6 39 0 0.043478260869565216
transition 39 6 38 0 0.08695652173913043
transition 39 6 37 0 0.08695652173913043
transition 39 6 625 0 0.08695652173913043
transition 49 6 288 0 0.08333333333333333
transition 49 6 149 0 0.08333333333333333
transition 49 6 89 0 0.08333333333333333
transition 49 6 59 0 0.041666666666666664
transition 49 6 53 0 0.08333333333333333
transition 49 6 49 0 0.041666666666666664
transition 49 6 47 0 0.08333333333333333
transition 49 6 46 0 0.08333333333333333
transition 49 6 45 0 0.08333333333333333
transition 49 6 44 0 0.08333333333333333
transition 49 6 43 0 0.08333333333333333
transition 49 6 42 0 0.08333333333333333
transition 49 6 41 0 0.08333333333333333
transition 50 6 294 0 0.08695652173913043
transition 50 6 154 0 0.08695652173913043
transition 50 6 93 0 0.08695652173913043
transition 50 6 62 0 0.043478260869565216
transition 50 6 55 0 0.08695652173913043
transition 50 6 50 0 0.043478260869565216
transition 50 6 625 0 0.08695652173913043
transition 51 6 295 0 0.08695652173913043
transition 51 6 155 0 0.08695652173913043
transition 51 6 94 0 0.08695652173913043
transition 51 6 63 0 0.043478260869565216
transition 51 6 56 0 0.08695652173913043
transition 51 6 51 0 0.043478260869565216
transition 51 6 48 0 0.043478260869565216
transition 51 6 625 0 0.08695652173913043
transition 52 6 296 0 0.08695652173913043
transition 52 6 156 0 0.08695652173913043
transition 52 6 95 0 0.08695652173913043
transition 52 6 64 0 0.043478260869565216
transition 52 6 57 0 0.08695652173913043
transition 52 6 51 0 0.08695652173913043
transition 52 6 50 0 0.08695652173913043
transition 52 6 625 0 0.08695652173913043
transition 57 6 299 0 0.08695652173913043
transition 57 6 158 0 0.08695652173913043
transition 57 6 96 0 0.08695652173913043
transition 57 6 65 0 0.043478260869565216
transition 57 6 58 0 0.043478260869565216
transition 57 6 57 0 0.043478260869565216
transition 57 6 56 0 0.08695652173913043
transition 57 6 55 0 0.08695652173913043
transition 57 6 54 0 0.08695652173913043
transition 57 6 625 0 0.08695652173913043
transition 64 6 304 0 0.08695652173913043
transition 64 6 162 0 0.08695652173913043
transition 64 6 99 0 0.08695652173913043
transition 64 6 65 0 0.08695652173913043
transition 64 6 64 0 0.043478260869565216
transition 64 6 63 0 0.08695652173913043
transition 64 6 62 0 0.08695652173913043
transition 64 6 61 0 0.08695652173913043
transition 64 6 60 0 0.08695652173913043
transition 64 6 625 0 0.08695652173913043
transition 77 6 310 0 0.08333333333333333
transition 77 6 167 0 0.08333333333333333
transition 77 6 103 0 0.041666666666666664
transition 77 6 89 0 0.08333333333333333
transition 77 6 82 0 0.08333333333333333
transition 77 6 77 0 0.041666666666666664
transition 77 6 74 0 0.08333333333333333
transition 77 6 73 0 0.08333333333333333
transition 77 6 72 0 0.08333333333333333
transition 77 6 71 0 0.08333333333333333
transition 77 6 70 0 0.08333333333333333
transition 77 6 69 0 0.08333333333333333
transition 77 6 68 0 0.08333333333333333
transition 78 6 315 0 0.08695652173913043
transition 78 6 172 0 0.08695652173913043
transition 78 6 107 0 0.043478260869565216
transition 78 6 92 0 0.08695652173913043
transition 78 6 84 0 0.08695652173913043
transition 78 6 78 0 0.043478260869565216
transition 78 6 625 0 0.08695652173913043
transition 79 6 316 0 0.08695652173913043
transition 79 6 173 0 0.08695652173913043
transition 79 6 108 0 0.043478260869565216
transition 79 6 93 0 0.08695652173913043
transition 79 6 85 0 0.08695652173913043
transition 79 6 79 0 0.043478260869565216
transition 79 6 75 0 0.08695652173913043
transition 79 6 625 0 0.08695652173913043
transition 80 6 317 0 0.08695652173913043
transition 80 6 174 0 0.08695652173913043
transition 80 6 109 0 0.043478260869565216
transition 80 6 94 0 0.08695652173913043
transition 80 6 86 0 0.08695652173913043
transition 80 6 80 0 0.043478260869565216
transition 80 6 76 0 0.043478260869565216
transition 80 6 75 0 0.08695652173913043
transition 80 6 625 0 0.08695652173913043
transition 81 6 319 0 0.08695652173913043
transition 81 6 175 0 0.08695652173913043
transition 81 6 110 0 0.043478260869565216
transition 81 6 95 0 0.08695652173913043
transition 81 6 87 0 0.08695652173913043
transition 81 6 80 0 0.08695652173913043
transition 81 6 79 0 0.08695652173913043
transition 81 6 78 0 0.08695652173913043
transition 81 6 625 0 0.08695652173913043
transition 87 6 323 0 0.08695652173913043
transition 87 6 178 0 0.08695652173913043
transition 87 6 112 0 0.043478260869565216
transition 87 6 96 0 0.08695652173913043
transition 87 6 88 0 0.043478260869565216
transition 87 6 87 0 0.043478260869565216
transition 87 6 86 0 0.08695652173913043
transition 87 6 85 0 0.08695652173913043
transition 87 6 84 0 0.08695652173913043
transition 87 6 83 0 0.08695652173913043
transition 87 6 625 0 0.08695652173913043
transition 95 6 329 0 0.08695652173913043
transition 95 6 183 0 0.08695652173913043
transition 95 6 116 0 0.043478260869565216
transition 95 6 99 0 0.043478260869565216
transition 95 6 96 0 0.08695652173913043
transition 95 6 95 0 0.043478260869565216
transition 95 6 94 0 0.08695652173913043
transition 95 6 93 0 0.08695652173913043
transition 95 6 92 0 0.08695652173913043
transition 95 6 91 0 0.08695652173913043
transition 95 6 90 0 0.08695652173913043
transition 95 6 625 0 0.08695652173913043
transition 97 6 335 0 0.09090909090909091
transition 97 6 188 0 0.09090909090909091
transition 97 6 120 0 0.045454545454545456
transition 97 6 102 0 0.045454545454545456
transition 97 6 98 0 0.045454545454545456
transition 97 6 97 0 0.045454545454545456
transition 97 6 625 0 0.09090909090909091
transition 101 6 337 0 0.09090909090909091
transition 101 6 189 0 0.09090909090909091
transition 101 6 121 0 0.045454545454545456
transition 101 6 102 0 0.09090909090909091
transition 101 6 101 0 0.045454545454545456
transition 101 6 100 0 0.09090909090909091
transition 101 6 625 0 0.09090909090909091
transition 110 6 340 0 0.08695652173913043
transition 110 6 191 0 0.08695652173913043
transition 110 6 116 0 0.08695652173913043
transition 110 6 112 0 0.08695652173913043
transition 110 6 110 0 0.043478260869565216
transition 110 6 109 0 0.08695652173913043
transition 110 6 108 0 0.08695652173913043
transition 110 6 107 0 0.08695652173913043
transition 110 6 106 0 0.08695652173913043
transition 110 6 105 0 0.08695652173913043
transition 110 6 104 0 0.08695652173913043
transition 110 6 625 0 0.08695652173913043
transition 111 6 346 0 0.09090909090909091
transition 111 6 196 0 0.09090909090909091
transition 111 6 119 0 0.09090909090909091
transition 111 6 114 0 0.09090909090909091
transition 111 6 625 0 0.09090909090909091
transition 114 6 347 0 0.09090909090909091
transition 114 6 197 0 0.09090909090909091
transition 114 6 120 0 0.09090909090909091
transition 114 6 115 0 0.045454545454545456
transition 114 6 114 0 0.045454545454545456
transition 114 6 113 0 0.09090909090909091
transition 114 6 625 0 0.09090909090909091
transition 119 6 350 0 0.09090909090909091
transition 119 6 199 0 0.09090909090909091
transition 119 6 121 0 0.045454545454545456
transition 119 6 120 0 0.09090909090909091
transition 119 6 119 0 0.045454545454545456
transition 119 6 118 0 0.09090909090909091
transition 119 6 117 0 0.09090909090909091
transition 119 6 625 0 0.09090909090909091
transition 134 6 355 0 0.08333333333333333
transition 134 6 203 0 0.041666666666666664
transition 134 6 167 0 0.08333333333333333
transition 134 6 149 0 0.08333333333333333
transition 134 6 140 0 0.08333333333333333
transition 134 6 134 0 0.041666666666666664
transition 134 6 130 0 0.08333333333333333
transition 134 6 128 0 0.08333333333333333
transition 134 6 127 0 0.08333333333333333
transition 134 6 126 0 0.08333333333333333
transition 134 6 125 0 0.08333333333333333
transition 134 6 124 0 0.08333333333333333
transition 134 6 123 0 0.08333333333333333
transition 135 6 359 0 0.08695652173913043
transition 135 6 207 0 0.043478260869565216
transition 135 6 171 0 0.08695652173913043
transition 135 6 152 0 0.08695652173913043
transition 135 6 142 0 0.08695652173913043
transition 135 6 135 0 0.043478260869565216
transition 135 6 625 0 0.08695652173913043
transition 136 6 360 0 0.08695652173913043
transition 136 6 208 0 0.043478260869565216
transition 136 6 172 0 0.08695652173913043
transition 136 6 153 0 0.08695652173913043
transition 136 6 143 0 0.08695652173913043
transition 136 6 136 0 0.043478260869565216
transition 136 6 131 0 0.08695652173913043
transition 136 6 625 0 0.08695652173913043
transition 137 6 361 0 0.08695652173913043
transition 137 6 209 0 0.043478260869565216
transition 137 6 173 0 0.08695652173913043
transition 137 6 154 0 0.08695652173913043
transition 137 6 144 0 0.08695652173913043
transition 137 6 137 0 0.043478260869565216
transition 137 6 132 0 0.08695652173913043
transition 137 6 129 0 0.043478260869565216
transition 137 6 625 0 0.08695652173913043
transition 138 6 362 0 0.08695652173913043
transition 138 6 210 0 0.043478260869565216
transition 138 6 174 0 0.08695652173913043
transition 138 6 155 0 0.08695652173913043
transition 138 6 145 0 0.08695652173913043
transition 138 6 138 0 0.043478260869565216
transition 138 6 133 0 0.043478260869565216
transition 138 6 132 0 0.08695652173913043
transition 138 6 131 0 0.08695652173913043
transition 138 6 625 0 0.08695652173913043
transition 139 6 365 0 0.08695652173913043
transition 139 6 212 0 0.043478260869565216
transition 139 6 175 0 0.08695652173913043
transition 139 6 156 0 0.08695652173913043
transition 139 6 146 0 0.08695652173913043
transition 139 6 138 0 0.08695652173913043
transition 139 6 137 0 0.08695652173913043
transition 139 6 136 0 0.08695652173913043
transition 139 6 135 0 0.08695652173913043
transition 139 6 625 0 0.08695652173913043
transition 146 6 370 0 0.08695652173913043
transition 146 6 216 0 0.043478260869565216
transition 146 6 178 0 0.08695652173913043
transition 146 6 158 0 0.08695652173913043
transition 146 6 147 0 0.043478260869565216
transition 146 6 146 0 0.043478260869565216
transition 146 6 145 0 0.08695652173913043
transition 146 6 144 0 0.08695652173913043
transition 146 6 143 0 0.08695652173913043
transition 146 6 142 0 0.08695652173913043
transition 146 6 141 0 0.08695652173913043
transition 146 6 625 0 0.08695652173913043
transition 148 6 376 0 0.09090909090909091
transition 148 6 221 0 0.045454545454545456
transition 148 6 182 0 0.09090909090909091
transition 148 6 161 0 0.09090909090909091
transition 148 6 148 0 0.045454545454545456
transition 148 6 625 0 0.09090909090909091
transition 156 6 377 0 0.08695652173913043
transition 156 6 222 0 0.043478260869565216
transition 156 6 183 0 0.08695652173913043
transition 156 6 162 0 0.043478260869565216
transition 156 6 158 0 0.08695652173913043
transition 156 6 156 0 0.043478260869565216
transition 156 6 155 0 0.08695652173913043
transition 156 6 154 0 0.08695652173913043
transition 156 6 153 0 0.08695652173913043
transition 156 6 152 0 0.08695652173913043
transition 156 6 151 0 0.08695652173913043
transition 156 6 150 0 0.08695652173913043
transition 156 6 625 0 0.08695652173913043
transition 157 6 383 0 0.09090909090909091
transition 157 6 227 0 0.045454545454545456
transition 157 6 187 0 0.09090909090909091
transition 157 6 165 0 0.045454545454545456
transition 157 6 160 0 0.09090909090909091
transition 157 6 625 0 0.09090909090909091
transition 160 6 384 0 0.09090909090909091
transition 160 6 228 0 0.045454545454545456
transition 160 6 188 0 0.09090909090909091
transition 160 6 166 0 0.045454545454545456
transition 160 6 161 0 0.045454545454545456
transition 160 6 160 0 0.045454545454545456
transition 160 6 159 0 0.09090909090909091
transition 160 6 625 0 0.09090909090909091
transition 165 6 387 0 0.09090909090909091
transition 165 6 230 0 0.045454545454545456
transition 165 6 189 0 0.09090909090909091
transition 165 6 166 0 0.09090909090909091
transition 165 6 165 0 0.045454545454545456
transition 165 6 164 0 0.09090909090909091
transition 165 6 163 0 0.09090909090909091
transition 165 6 625 0 0.09090909090909091
transition 175 6 391 0 0.08695652173913043
transition 175 6 233 0 0.043478260869565216
transition 175 6 191 0 0.043478260869565216
transition 175 6 183 0 0.08695652173913043
transition 175 6 178 0 0.08695652173913043
transition 175 6 175 0 0.043478260869565216
transition 175 6 174 0 0.08695652173913043
transition 175 6 173 0 0.08695652173913043
transition 175 6 172 0 0.08695652173913043
transition 175 6 171 0 0.08695652173913043
transition 175 6 170 0 0.08695652173913043
transition 175 6 169 0 0.08695652173913043
transition 175 6 168 0 0.08695652173913043
transition 176 6 397 0 0.09090909090909091
transition 176 6 238 0 0.045454545454545456
transition 176 6 195 0 0.045454545454545456
transition 176 6 186 0 0.09090909090909091
transition 176 6 180 0 0.09090909090909091
transition 176 6 176 0 0.045454545454545456
transition 176 6 625 0 0.09090909090909091
transition 177 6 398 0 0.09090909090909091
transition 177 6 239 0 0.045454545454545456
transition 177 6 196 0 0.045454545454545456
transition 177 6 187 0 0.09090909090909091
transition 177 6 181 0 0.09090909090909091
transition 177 6 176 0 0.09090909090909091
transition 177 6 625 0 0.09090909090909091
transition 181 6 400 0 0.09090909090909091
transition 181 6 240 0 0.045454545454545456
transition 181 6 197 0 0.045454545454545456
transition 181 6 188 0 0.09090909090909091
transition 181 6 182 0 0.045454545454545456
transition 181 6 181 0 0.045454545454545456
transition 181 6 180 0 0.09090909090909091
transition 181 6 179 0 0.09090909090909091
transition 181 6 625 0 0.09090909090909091
transition 187 6 404 0 0.09090909090909091
transition 187 6 243 0 0.045454545454545456
transition 187 6 199 0 0.045454545454545456
transition 187 6 189 0 0.045454545454545456
transition 187 6 188 0 0.09090909090909091
transition 187 6 187 0 0.045454545454545456
transition 187 6 186 0 0.09090909090909091
transition 187 6 185 0 0.09090909090909091
transition 187 6 184 0 0.09090909090909091
transition 187 6 625 0 0.09090909090909091
transition 196 6 410 0 0.09090909090909091
transition 196 6 248 0 0.045454545454545456
transition 196 6 199 0 0.09090909090909091
transition 196 6 197 0 0.09090909090909091
transition 196 6 196 0 0.045454545454545456
transition 196 6 195 0 0.09090909090909091
transition 196 6 194 0 0.09090909090909091
transition 196 6 193 0 0.09090909090909091
transition 196 6 192 0 0.09090909090909091
transition 196 6 625 0 0.09090909090909091
transition 200 6 416 0 0.09523809523809523
transition 200 6 253 0 0.047619047619047616
transition 200 6 202 0 0.047619047619047616
transition 200 6 201 0 0.09523809523809523
transition 200 6 200 0 0.047619047619047616
transition 200 6 625 0 0.09523809523809523
transition 212 6 419 0 0.08695652173913043
transition 212 6 233 0 0.08695652173913043
transition 212 6 222 0 0.08695652173913043
transition 212 6 216 0 0.08695652173913043
transition 212 6 212 0 0.043478260869565216
transition 212 6 210 0 0.08695652173913043
transition 212 6 209 0 0.08695652173913043
transition 212 6 208 0 0.08695652173913043
transition 212 6 207 0 0.08695652173913043
transition 212 6 206 0 0.08695652173913043
transition 212 6 205 0 0.08695652173913043
transition 212 6 204 0 0.08695652173913043
transition 213 6 425 0 0.09090909090909091
transition 213 6 237 0 0.09090909090909091
transition 213 6 225 0 0.09090909090909091
transition 213 6 218 0 0.09090909090909091
transition 213 6 213 0 0.045454545454545456
transition 213 6 625 0 0.09090909090909091
transition 214 6 426 0 0.09090909090909091
transition 214 6 238 0 0.09090909090909091
transition 214 6 226 0 0.09090909090909091
transition 214 6 219 0 0.09090909090909091
transition 214 6 214 0 0.045454545454545456
transition 214 6 211 0 0.045454545454545456
transition 214 6 625 0 0.09090909090909091
transition 215 6 427 0 0.09090909090909091
transition 215 6 239 0 0.09090909090909091
transition 215 6 227 0 0.09090909090909091
transition 215 6 220 0 0.09090909090909091
transition 215 6 214 0 0.09090909090909091
transition 215 6 213 0 0.09090909090909091
transition 215 6 625 0 0.09090909090909091
transition 220 6 430 0 0.09090909090909091
transition 220 6 240 0 0.09090909090909091
transition 220 6 228 0 0.09090909090909091
transition 220 6 221 0 0.045454545454545456
transition 220 6 220 0 0.045454545454545456
transition 220 6 219 0 0.09090909090909091
transition 220 6 218 0 0.09090909090909091
transition 220 6 217 0 0.09090909090909091
transition 220 6 625 0 0.09090909090909091
transition 227 6 435 0 0.09090909090909091
transition 227 6 243 0 0.09090909090909091
transition 227 6 230 0 0.045454545454545456
transition 227 6 228 0 0.09090909090909091
transition 227 6 227 0 0.045454545454545456
transition 227 6 226 0 0.09090909090909091
transition 227 6 225 0 0.09090909090909091
transition 227 6 224 0 0.09090909090909091
transition 227 6 223 0 0.09090909090909091
transition 227 6 625 0 0.09090909090909091
transition 231 6 441 0 0.09523809523809523
transition 231 6 247 0 0.09523809523809523
transition 231 6 232 0 0.09523809523809523
transition 231 6 231 0 0.047619047619047616
transition 231 6 625 0 0.09523809523809523
transition 239 6 443 0 0.09090909090909091
transition 239 6 248 0 0.045454545454545456
transition 239 6 243 0 0.09090909090909091
transition 239 6 240 0 0.09090909090909091
transition 239 6 239 0 0.045454545454545456
transition 239 6 238 0 0.09090909090909091
transition 239 6 237 0 0.09090909090909091
transition 239 6 236 0 0.09090909090909091
transition 239 6 235 0 0.09090909090909091
transition 239 6 234 0 0.09090909090909091
transition 239 6 625 0 0.09090909090909091
transition 241 6 449 0 0.09523809523809523
transition 241 6 252 0 0.047619047619047616
transition 241 6 246 0 0.09523809523809523
transition 241 6 242 0 0.047619047619047616
transition 241 6 241 0 0.047619047619047616
transition 241 6 625 0 0.09523809523809523
transition 245 6 451 0 0.09523809523809523
transition 245 6 253 0 0.047619047619047616
transition 245 6 247 0 0.047619047619047616
transition 245 6 246 0 0.09523809523809523
transition 245 6 245 0 0.047619047619047616
transition 245 6 244 0 0.09523809523809523
transition 245 6 625 0 0.09523809523809523
transition 251 6 455 0 0.09523809523809523
transition 251 6 253 0 0.09523809523809523
transition 251 6 252 0 0.09523809523809523
transition 251 6 251 0 0.047619047619047616
transition 251 6 250 0 0.09523809523809523
transition 251 6 249 0 0.09523809523809523
transition 251 6 625 0 0.09523809523809523
transition 269 6 460 0 0.041666666666666664
transition 269 6 355 0 0.08333333333333333
transition 269 6 310 0 0.08333333333333333
transition 269 6 288 0 0.08333333333333333
transition 269 6 276 0 0.08333333333333333
transition 269 6 269 0 0.041666666666666664
transition 269 6 264 0 0.08333333333333333
transition 269 6 261 0 0.08333333333333333
transition 269 6 260 0 0.08333333333333333
transition 269 6 259 0 0.08333333333333333
transition 269 6 258 0 0.08333333333333333
transition 269 6 257 0 0.08333333333333333
transition 269 6 256 0 0.08333333333333333
transition 270 6 463 0 0.043478260869565216
transition 270 6 358 0 0.08695652173913043
transition 270 6 313 0 0.08695652173913043
transition 270 6 291 0 0.08695652173913043
transition 270 6 278 0 0.08695652173913043
transition 270 6 270 0 0.043478260869565216
transition 270 6 625 0 0.08695652173913043
transition 271 6 464 0 0.043478260869565216
transition 271 6 359 0 0.08695652173913043
transition 271 6 314 0 0.08695652173913043
transition 271 6 292 0 0.08695652173913043
transition 271 6 279 0 0.08695652173913043
transition 271 6 271 0 0.043478260869565216
transition 271 6 265 0 0.08695652173913043
transition 271 6 625 0 0.08695652173913043
transition 272 6 465 0 0.043478260869565216
transition 272 6 360 0 0.08695652173913043
transition 272 6 315 0 0.08695652173913043
transition 272 6 293 0 0.08695652173913043
transition 272 6 280 0 0.08695652173913043
transition 272 6 272 0 0.043478260869565216
transition 272 6 266 0 0.08695652173913043
transition 272 6 262 0 0.08695652173913043
transition 272 6 625 0 0.08695652173913043
transition 273 6 466 0 0.043478260869565216
transition 273 6 361 0 0.08695652173913043
transition 273 6 316 0 0.08695652173913043
transition 273 6 294 0 0.08695652173913043
transition 273 6 281 0 0.08695652173913043
transition 273 6 273 0 0.043478260869565216
transition 273 6 267 0 0.08695652173913043
transition 273 6 263 0 0.043478260869565216
transition 273 6 262 0 0.08695652173913043
transition 273 6 625 0 0.08695652173913043
transition 274 6 468 0 0.043478260869565216
transition 274 6 362 0 0.08695652173913043
transition 274 6 317 0 0.08695652173913043
transition 274 6 295 0 0.08695652173913043
transition 274 6 282 0 0.08695652173913043
transition 274 6 274 0 0.043478260869565216
transition 274 6 268 0 0.043478260869565216
transition 274 6 267 0 0.08695652173913043
transition 274 6 266 0 0.08695652173913043
transition 274 6 265 0 0.08695652173913043
transition 274 6 625 0 0.08695652173913043
transition 275 6 472 0 0.043478260869565216
transition 275 6 365 0 0.08695652173913043
transition 275 6 319 0 0.08695652173913043
transition 275 6 296 0 0.08695652173913043
transition 275 6 283 0 0.08695652173913043
transition 275 6 274 0 0.08695652173913043
transition 275 6 273 0 0.08695652173913043
transition 275 6 272 0 0.08695652173913043
transition 275 6 271 0 0.08695652173913043
transition 275 6 270 0 0.08695652173913043
transition 275 6 625 0 0.08695652173913043
transition 283 6 478 0 0.043478260869565216
transition 283 6 370 0 0.08695652173913043
transition 283 6 323 0 0.08695652173913043
transition 283 6 299 0 0.08695652173913043
transition 283 6 285 0 0.043478260869565216
transition 283 6 283 0 0.043478260869565216
transition 283 6 282 0 0.08695652173913043
transition 283 6 281 0 0.08695652173913043
transition 283 6 280 0 0.08695652173913043
transition 283 6 279 0 0.08695652173913043
transition 283 6 278 0 0.08695652173913043
transition 283 6 277 0 0.08695652173913043
transition 283 6 625 0 0.08695652173913043
transition 284 6 484 0 0.045454545454545456
transition 284 6 375 0 0.09090909090909091
transition 284 6 327 0 0.09090909090909091
transition 284 6 302 0 0.09090909090909091
transition 284 6 287 0 0.045454545454545456
transition 284 6 625 0 0.09090909090909091
transition 287 6 485 0 0.045454545454545456
transition 287 6 376 0 0.09090909090909091
transition 287 6 328 0 0.09090909090909091
transition 287 6 303 0 0.09090909090909091
transition 287 6 287 0 0.045454545454545456
transition 287 6 286 0 0.09090909090909091
transition 287 6 625 0 0.09090909090909091
transition 296 6 487 0 0.043478260869565216
transition 296 6 377 0 0.08695652173913043
transition 296 6 329 0 0.08695652173913043
transition 296 6 304 0 0.043478260869565216
transition 296 6 299 0 0.08695652173913043
transition 296 6 296 0 0.043478260869565216
transition 296 6 295 0 0.08695652173913043
transition 296 6 294 0 0.08695652173913043
transition 296 6 293 0 0.08695652173913043
transition 296 6 292 0 0.08695652173913043
transition 296 6 291 0 0.08695652173913043
transition 296 6 290 0 0.08695652173913043
transition 296 6 289 0 0.08695652173913043
transition 297 6 493 0 0.045454545454545456
transition 297 6 382 0 0.09090909090909091
transition 297 6 333 0 0.09090909090909091
transition 297 6 307 0 0.045454545454545456
transition 297 6 301 0 0.09090909090909091
transition 297 6 297 0 0.045454545454545456
transition 297 6 625 0 0.09090909090909091
transition 298 6 494 0 0.045454545454545456
transition 298 6 383 0 0.09090909090909091
transition 298 6 334 0 0.09090909090909091
transition 298 6 308 0 0.045454545454545456
transition 298 6 302 0 0.09090909090909091
transition 298 6 297 0 0.09090909090909091
transition 298 6 625 0 0.09090909090909091
transition 302 6 496 0 0.045454545454545456
transition 302 6 384 0 0.09090909090909091
transition 302 6 335 0 0.09090909090909091
transition 302 6 309 0 0.045454545454545456
transition 302 6 303 0 0.045454545454545456
transition 302 6 302 0 0.045454545454545456
transition 302 6 301 0 0.09090909090909091
transition 302 6 300 0 0.09090909090909091
transition 302 6 625 0 0.09090909090909091
transition 308 6 500 0 0.045454545454545456
transition 308 6 387 0 0.09090909090909091
transition 308 6 337 0 0.09090909090909091
transition 308 6 309 0 0.09090909090909091
transition 308 6 308 0 0.045454545454545456
transition 308 6 307 0 0.09090909090909091
transition 308 6 306 0 0.09090909090909091
transition 308 6 305 0 0.09090909090909091
transition 308 6 625 0 0.09090909090909091
transition 319 6 505 0 0.043478260869565216
transition 319 6 391 0 0.08695652173913043
transition 319 6 340 0 0.043478260869565216
transition 319 6 329 0 0.08695652173913043
transition 319 6 323 0 0.08695652173913043
transition 319 6 319 0 0.043478260869565216
transition 319 6 317 0 0.08695652173913043
transition 319 6 316 0 0.08695652173913043
transition 319 6 315 0 0.08695652173913043
transition 319 6 314 0 0.08695652173913043
transition 319 6 313 0 0.08695652173913043
transition 319 6 312 0 0.08695652173913043
transition 319 6 311 0 0.08695652173913043
transition 320 6 511 0 0.045454545454545456
transition 320 6 396 0 0.09090909090909091
transition 320 6 344 0 0.045454545454545456
transition 320 6 332 0 0.09090909090909091
transition 320 6 325 0 0.09090909090909091
transition 320 6 320 0 0.045454545454545456
transition 320 6 625 0 0.09090909090909091
transition 321 6 512 0 0.045454545454545456
transition 321 6 397 0 0.09090909090909091
transition 321 6 345 0 0.045454545454545456
transition 321 6 333 0 0.09090909090909091
transition 321 6 326 0 0.09090909090909091
transition 321 6 321 0 0.045454545454545456
transition 321 6 318 0 0.045454545454545456
transition 321 6 625 0 0.09090909090909091
transition 322 6 513 0 0.045454545454545456
transition 322 6 398 0 0.09090909090909091
transition 322 6 346 0 0.045454545454545456
transition 322 6 334 0 0.09090909090909091
transition 322 6 327 0 0.09090909090909091
transition 322 6 321 0 0.09090909090909091
transition 322 6 320 0 0.09090909090909091
transition 322 6 625 0 0.09090909090909091
transition 327 6 516 0 0.045454545454545456
transition 327 6 400 0 0.09090909090909091
transition 327 6 347 0 0.045454545454545456
transition 327 6 335 0 0.09090909090909091
transition 327 6 328 0 0.045454545454545456
transition 327 6 327 0 0.045454545454545456
transition 327 6 326 0 0.09090909090909091
transition 327 6 325 0 0.09090909090909091
transition 327 6 324 0 0.09090909090909091
transition 327 6 625 0 0.09090909090909091
transition 334 6 521 0 0.045454545454545456
transition 334 6 404 0 0.09090909090909091
transition 334 6 350 0 0.045454545454545456
transition 334 6 337 0 0.045454545454545456
transition 334 6 335 0 0.09090909090909091
transition 334 6 334 0 0.045454545454545456
transition 334 6 333 0 0.09090909090909091
transition 334 6 332 0 0.09090909090909091
transition 334 6 331 0 0.09090909090909091
transition 334 6 330 0 0.09090909090909091
transition 334 6 625 0 0.09090909090909091
transition 338 6 527 0 0.047619047619047616
transition 338 6 409 0 0.09523809523809523
transition 338 6 354 0 0.047619047619047616
transition 338 6 339 0 0.09523809523809523
transition 338 6 338 0 0.047619047619047616
transition 338 6 625 0 0.09523809523809523
transition 346 6 529 0 0.045454545454545456
transition 346 6 410 0 0.09090909090909091
transition 346 6 350 0 0.09090909090909091
transition 346 6 347 0 0.09090909090909091
transition 346 6 346 0 0.045454545454545456
transition 346 6 345 0 0.09090909090909091
transition 346 6 344 0 0.09090909090909091
transition 346 6 343 0 0.09090909090909091
transition 346 6 342 0 0.09090909090909091
transition 346 6 341 0 0.09090909090909091
transition 346 6 625 0 0.09090909090909091
transition 348 6 535 0 0.047619047619047616
transition 348 6 415 0 0.09523809523809523
transition 348 6 353 0 0.09523809523809523
transition 348 6 349 0 0.047619047619047616
transition 348 6 348 0 0.047619047619047616
transition 348 6 625 0 0.09523809523809523
transition 352 6 537 0 0.047619047619047616
transition 352 6 416 0 0.09523809523809523
transition 352 6 354 0 0.047619047619047616
transition 352 6 353 0 0.09523809523809523
transition 352 6 352 0 0.047619047619047616
transition 352 6 351 0 0.09523809523809523
transition 352 6 625 0 0.09523809523809523
transition 365 6 541 0 0.043478260869565216
transition 365 6 419 0 0.043478260869565216
transition 365 6 391 0 0.08695652173913043
transition 365 6 377 0 0.08695652173913043
transition 365 6 370 0 0.08695652173913043
transition 365 6 365 0 0.043478260869565216
transition 365 6 362 0 0.08695652173913043
transition 365 6 361 0 0.08695652173913043
transition 365 6 360 0 0.08695652173913043
transition 365 6 359 0 0.08695652173913043
transition 365 6 358 0 0.08695652173913043
transition 365 6 357 0 0.08695652173913043
transition 365 6 356 0 0.08695652173913043
transition 366 6 546 0 0.045454545454545456
transition 366 6 424 0 0.045454545454545456
transition 366 6 395 0 0.09090909090909091
transition 366 6 380 0 0.09090909090909091
transition 366 6 372 0 0.09090909090909091
transition 366 6 366 0 0.045454545454545456
transition 366 6 625 0 0.09090909090909091
transition 367 6 547 0 0.045454545454545456
transition 367 6 425 0 0.045454545454545456
transition 367 6 396 0 0.09090909090909091
transition 367 6 381 0 0.09090909090909091
transition 367 6 373 0 0.09090909090909091
transition 367 6 367 0 0.045454545454545456
transition 367 6 363 0 0.09090909090909091
transition 367 6 625 0 0.09090909090909091
transition 368 6 548 0 0.045454545454545456
transition 368 6 426 0 0.045454545454545456
transition 368 6 397 0 0.09090909090909091
transition 368 6 382 0 0.09090909090909091
transition 368 6 374 0 0.09090909090909091
transition 368 6 368 0 0.045454545454545456
transition 368 6 364 0 0.045454545454545456
transition 368 6 363 0 0.09090909090909091
transition 368 6 625 0 0.09090909090909091
transition 369 6 550 0 0.045454545454545456
transition 369 6 427 0 0.045454545454545456
transition 369 6 398 0 0.09090909090909091
transition 369 6 383 0 0.09090909090909091
transition 369 6 375 0 0.09090909090909091
transition 369 6 368 0 0.09090909090909091
transition 369 6 367 0 0.09090909090909091
transition 369 6 366 0 0.09090909090909091
transition 369 6 625 0 0.09090909090909091
transition 375 6 554 0 0.045454545454545456
transition 375 6 430 0 0.045454545454545456
transition 375 6 400 0 0.09090909090909091
transition 375 6 384 0 0.09090909090909091
transition 375 6 376 0 0.045454545454545456
transition 375 6 375 0 0.045454545454545456
transition 375 6 374 0 0.09090909090909091
transition 375 6 373 0 0.09090909090909091
transition 375 6 372 0 0.09090909090909091
transition 375 6 371 0 0.09090909090909091
transition 375 6 625 0 0.09090909090909091
transition 383 6 560 0 0.045454545454545456
transition 383 6 435 0 0.045454545454545456
transition 383 6 404 0 0.09090909090909091
transition 383 6 387 0 0.045454545454545456
transition 383 6 384 0 0.09090909090909091
transition 383 6 383 0 0.045454545454545456
transition 383 6 382 0 0.09090909090909091
transition 383 6 381 0 0.09090909090909091
transition 383 6 380 0 0.09090909090909091
transition 383 6 379 0 0.09090909090909091
transition 383 6 378 0 0.09090909090909091
transition 383 6 625 0 0.09090909090909091
transition 385 6 566 0 0.047619047619047616
transition 385 6 440 0 0.047619047619047616
transition 385 6 408 0 0.09523809523809523
transition 385 6 390 0 0.047619047619047616
transition 385 6 386 0 0.047619047619047616
transition 385 6 385 0 0.047619047619047616
transition 385 6 625 0 0.09523809523809523
transition 389 6 568 0 0.047619047619047616
transition 389 6 441 0 0.047619047619047616
transition 389 6 409 0 0.09523809523809523
transition 389 6 390 0 0.09523809523809523
transition 389 6 389 0 0.047619047619047616
transition 389 6 388 0 0.09523809523809523
transition 389 6 625 0 0.09523809523809523
transition 398 6 571 0 0.045454545454545456
transition 398 6 443 0 0.045454545454545456
transition 398 6 410 0 0.045454545454545456
transition 398 6 404 0 0.09090909090909091
transition 398 6 400 0 0.09090909090909091
transition 398 6 398 0 0.045454545454545456
transition 398 6 397 0 0.09090909090909091
transition 398 6 396 0 0.09090909090909091
transition 398 6 395 0 0.09090909090909091
transition 398 6 394 0 0.09090909090909091
transition 398 6 393 0 0.09090909090909091
transition 398 6 392 0 0.09090909090909091
transition 398 6 625 0 0.09090909090909091
transition 399 6 577 0 0.047619047619047616
transition 399 6 448 0 0.047619047619047616
transition 399 6 414 0 0.047619047619047616
transition 399 6 407 0 0.09523809523809523
transition 399 6 402 0 0.09523809523809523
transition 399 6 625 0 0.09523809523809523
transition 402 6 578 0 0.047619047619047616
transition 402 6 449 0 0.047619047619047616
transition 402 6 415 0 0.047619047619047616
transition 402 6 408 0 0.09523809523809523
transition 402 6 403 0 0.047619047619047616
transition 402 6 402 0 0.047619047619047616
transition 402 6 401 0 0.09523809523809523
transition 402 6 625 0 0.09523809523809523
transition 407 6 581 0 0.047619047619047616
transition 407 6 451 0 0.047619047619047616
transition 407 6 416 0 0.047619047619047616
transition 407 6 409 0 0.047619047619047616
transition 407 6 408 0 0.09523809523809523
transition 407 6 407 0 0.047619047619047616
transition 407 6 406 0 0.09523809523809523
transition 407 6 405 0 0.09523809523809523
transition 407 6 625 0 0.09523809523809523
transition 414 6 586 0 0.047619047619047616
transition 414 6 455 0 0.047619047619047616
transition 414 6 416 0 0.09523809523809523
transition 414 6 415 0 0.09523809523809523
transition 414 6 414 0 0.047619047619047616
transition 414 6 413 0 0.09523809523809523
transition 414 6 412 0 0.09523809523809523
transition 414 6 411 0 0.09523809523809523
transition 414 6 625 0 0.09523809523809523
transition 427 6 593 0 0.045454545454545456
transition 427 6 443 0 0.09090909090909091
transition 427 6 435 0 0.09090909090909091
transition 427 6 430 0 0.09090909090909091
transition 427 6 427 0 0.045454545454545456
transition 427 6 426 0 0.09090909090909091
transition 427 6 425 0 0.09090909090909091
transition 427 6 424 0 0.09090909090909091
transition 427 6 423 0 0.09090909090909091
transition 427 6 422 0 0.09090909090909091
transition 427 6 421 0 0.09090909090909091
transition 427 6 420 0 0.09090909090909091
transition 428 6 599 0 0.047619047619047616
transition 428 6 447 0 0.09523809523809523
transition 428 6 438 0 0.09523809523809523
transition 428 6 432 0 0.09523809523809523
transition 428 6 428 0 0.047619047619047616
transition 428 6 625 0 0.09523809523809523
transition 429 6 600 0 0.047619047619047616
transition 429 6 448 0 0.09523809523809523
transition 429 6 439 0 0.09523809523809523
transition 429 6 433 0 0.09523809523809523
transition 429 6 428 0 0.09523809523809523
transition 429 6 625 0 0.09523809523809523
transition 433 6 602 0 0.047619047619047616
transition 433 6 449 0 0.09523809523809523
transition 433 6 440 0 0.09523809523809523
transition 433 6 434 0 0.047619047619047616
transition 433 6 433 0 0.047619047619047616
transition 433 6 432 0 0.09523809523809523
transition 433 6 431 0 0.09523809523809523
transition 433 6 625 0 0.09523809523809523
transition 439 6 606 0 0.047619047619047616
transition 439 6 451 0 0.09523809523809523
transition 439 6 441 0 0.047619047619047616
transition 439 6 440 0 0.09523809523809523
transition 439 6 439 0 0.047619047619047616
transition 439 6 438 0 0.09523809523809523
transition 439 6 437 0 0.09523809523809523
transition 439 6 436 0 0.09523809523809523
transition 439 6 625 0 0.09523809523809523
transition 448 6 612 0 0.047619047619047616
transition 448 6 455 0 0.047619047619047616
transition 448 6 451 0 0.09523809523809523
transition 448 6 449 0 0.09523809523809523
transition 448 6 448 0 0.047619047619047616
transition 448 6 447 0 0.09523809523809523
transition 448 6 446 0 0.09523809523809523
transition 448 6 445 0 0.09523809523809523
transition 448 6 444 0 0.09523809523809523
transition 448 6 625 0 0.09523809523809523
transition 452 6 618 0 0.05
transition 452 6 459 0 0.05
transition 452 6 454 0 0.05
transition 452 6 453 0 0.1
transition 452 6 452 0 0.05
transition 452 6 625 0 0.1
transition 457 6 621 0 0.05
transition 457 6 459 0 0.1
transition 457 6 458 0 0.1
transition 457 6 457 0 0.05
transition 457 6 456 0 0.1
transition 457 6 625 0 0.1
transition 472 6 541 0 0.08695652173913043
transition 472 6 505 0 0.08695652173913043
transition 472 6 487 0 0.08695652173913043
transition 472 6 478 0 0.08695652173913043
transition 472 6 472 0 0.043478260869565216
transition 472 6 468 0 0.08695652173913043
transition 472 6 466 0 0.08695652173913043
transition 472 6 465 0 0.08695652173913043
transition 472 6 464 0 0.08695652173913043
transition 472 6 463 0 0.08695652173913043
transition 472 6 462 0 0.08695652173913043
transition 472 6 461 0 0.08695652173913043
transition 473 6 545 0 0.09090909090909091
transition 473 6 509 0 0.09090909090909091
transition 473 6 490 0 0.09090909090909091
transition 473 6 480 0 0.09090909090909091
transition 473 6 473 0 0.045454545454545456
transition 473 6 625 0 0.09090909090909091
transition 474 6 546 0 0.09090909090909091
transition 474 6 510 0 0.09090909090909091
transition 474 6 491 0 0.09090909090909091
transition 474 6 481 0 0.09090909090909091
transition 474 6 474 0 0.045454545454545456
transition 474 6 469 0 0.09090909090909091
transition 474 6 625 0 0.09090909090909091
transition 475 6 547 0 0.09090909090909091
transition 475 6 511 0 0.09090909090909091
transition 475 6 492 0 0.09090909090909091
transition 475 6 482 0 0.09090909090909091
transition 475 6 475 0 0.045454545454545456
transition 475 6 470 0 0.09090909090909091
transition 475 6 467 0 0.045454545454545456
transition 475 6 625 0 0.09090909090909091
transition 476 6 548 0 0.09090909090909091
transition 476 6 512 0 0.09090909090909091
transition 476 6 493 0 0.09090909090909091
transition 476 6 483 0 0.09090909090909091
transition 476 6 476 0 0.045454545454545456
transition 476 6 471 0 0.045454545454545456
transition 476 6 470 0 0.09090909090909091
transition 476 6 469 0 0.09090909090909091
transition 476 6 625 0 0.09090909090909091
transition 477 6 550 0 0.09090909090909091
transition 477 6 513 0 0.09090909090909091
transition 477 6 494 0 0.09090909090909091
transition 477 6 484 0 0.09090909090909091
transition 477 6 476 0 0.09090909090909091
transition 477 6 475 0 0.09090909090909091
transition 477 6 474 0 0.09090909090909091
transition 477 6 473 0 0.09090909090909091
transition 477 6 625 0 0.09090909090909091
transition 484 6 554 0 0.09090909090909091
transition 484 6 516 0 0.09090909090909091
transition 484 6 496 0 0.09090909090909091
transition 484 6 485 0 0.045454545454545456
transition 484 6 484 0 0.045454545454545456
transition 484 6 483 0 0.09090909090909091
transition 484 6 482 0 0.09090909090909091
transition 484 6 481 0 0.09090909090909091
transition 484 6 480 0 0.09090909090909091
transition 484 6 479 0 0.09090909090909091
transition 484 6 625 0 0.09090909090909091
transition 486 6 559 0 0.09523809523809523
transition 486 6 520 0 0.09523809523809523
transition 486 6 499 0 0.09523809523809523
transition 486 6 486 0 0.047619047619047616
transition 486 6 625 0 0.09523809523809523
transition 494 6 560 0 0.09090909090909091
transition 494 6 521 0 0.09090909090909091
transition 494 6 500 0 0.045454545454545456
transition 494 6 496 0 0.09090909090909091
transition 494 6 494 0 0.045454545454545456
transition 494 6 493 0 0.09090909090909091
transition 494 6 492 0 0.09090909090909091
transition 494 6 491 0 0.09090909090909091
transition 494 6 490 0 0.09090909090909091
transition 494 6 489 0 0.09090909090909091
transition 494 6 488 0 0.09090909090909091
transition 494 6 625 0 0.09090909090909091
transition 495 6 565 0 0.09523809523809523
transition 495 6 525 0 0.09523809523809523
transition 495 6 503 0 0.047619047619047616
transition 495 6 498 0 0.09523809523809523
transition 495 6 625 0 0.09523809523809523
transition 498 6 566 0 0.09523809523809523
transition 498 6 526 0 0.09523809523809523
transition 498 6 504 0 0.047619047619047616
transition 498 6 499 0 0.047619047619047616
transition 498 6 498 0 0.047619047619047616
transition 498 6 497 0 0.09523809523809523
transition 498 6 625 0 0.09523809523809523
transition 503 6 568 0 0.09523809523809523
transition 503 6 527 0 0.09523809523809523
transition 503 6 504 0 0.09523809523809523
transition 503 6 503 0 0.047619047619047616
transition 503 6 502 0 0.09523809523809523
transition 503 6 501 0 0.09523809523809523
transition 503 6 625 0 0.09523809523809523
transition 513 6 571 0 0.09090909090909091
transition 513 6 529 0 0.045454545454545456
transition 513 6 521 0 0.09090909090909091
transition 513 6 516 0 0.09090909090909091
transition 513 6 513 0 0.045454545454545456
transition 513 6 512 0 0.09090909090909091
transition 513 6 511 0 0.09090909090909091
transition 513 6 510 0 0.09090909090909091
transition 513 6 509 0 0.09090909090909091
transition 513 6 508 0 0.09090909090909091
transition 513 6 507 0 0.09090909090909091
transition 513 6 506 0 0.09090909090909091
transition 514 6 576 0 0.09523809523809523
transition 514 6 533 0 0.047619047619047616
transition 514 6 524 0 0.09523809523809523
transition 514 6 518 0 0.09523809523809523
transition 514 6 514 0 0.047619047619047616
transition 514 6 625 0 0.09523809523809523
transition 515 6 577 0 0.09523809523809523
transition 515 6 534 0 0.047619047619047616
transition 515 6 525 0 0.09523809523809523
transition 515 6 519 0 0.09523809523809523
transition 515 6 514 0 0.09523809523809523
transition 515 6 625 0 0.09523809523809523
transition 519 6 578 0 0.09523809523809523
transition 519 6 535 0 0.047619047619047616
transition 519 6 526 0 0.09523809523809523
transition 519 6 520 0 0.047619047619047616
transition 519 6 519 0 0.047619047619047616
transition 519 6 518 0 0.09523809523809523
transition 519 6 517 0 0.09523809523809523
transition 519 6 625 0 0.09523809523809523
transition 525 6 581 0 0.09523809523809523
transition 525 6 537 0 0.047619047619047616
transition 525 6 527 0 0.047619047619047616
transition 525 6 526 0 0.09523809523809523
transition 525 6 525 0 0.047619047619047616
transition 525 6 524 0 0.09523809523809523
transition 525 6 523 0 0.09523809523809523
transition 525 6 522 0 0.09523809523809523
transition 525 6 625 0 0.09523809523809523
transition 534 6 586 0 0.09523809523809523
transition 534 6 537 0 0.09523809523809523
transition 534 6 535 0 0.09523809523809523
transition 534 6 534 0 0.047619047619047616
transition 534 6 533 0 0.09523809523809523
transition 534 6 532 0 0.09523809523809523
transition 534 6 531 0 0.09523809523809523
transition 534 6 530 0 0.09523809523809523
transition 534 6 625 0 0.09523809523809523
transition 538 6 591 0 0.1
transition 538 6 540 0 0.05
transition 538 6 539 0 0.1
transition 538 6 538 0 0.05
transition 538 6 625 0 0.1
transition 550 6 593 0 0.045454545454545456
transition 550 6 571 0 0.09090909090909091
transition 550 6 560 0 0.09090909090909091
transition 550 6 554 0 0.09090909090909091
transition 550 6 550 0 0.045454545454545456
transition 550 6 548 0 0.09090909090909091
transition 550 6 547 0 0.09090909090909091
transition 550 6 546 0 0.09090909090909091
transition 550 6 545 0 0.09090909090909091
transition 550 6 544 0 0.09090909090909091
transition 550 6 543 0 0.09090909090909091
transition 550 6 542 0 0.09090909090909091
transition 551 6 598 0 0.047619047619047616
transition 551 6 575 0 0.09523809523809523
transition 551 6 563 0 0.09523809523809523
transition 551 6 556 0 0.09523809523809523
transition 551 6 551 0 0.047619047619047616
transition 551 6 625 0 0.09523809523809523
transition 552 6 599 0 0.047619047619047616
transition 552 6 576 0 0.09523809523809523
transition 552 6 564 0 0.09523809523809523
transition 552 6 557 0 0.09523809523809523
transition 552 6 552 0 0.047619047619047616
transition 552 6 549 0 0.047619047619047616
transition 552 6 625 0 0.09523809523809523
transition 553 6 600 0 0.047619047619047616
transition 553 6 577 0 0.09523809523809523
transition 553 6 565 0 0.09523809523809523
transition 553 6 558 0 0.09523809523809523
transition 553 6 552 0 0.09523809523809523
transition 553 6 551 0 0.09523809523809523
transition 553 6 625 0 0.09523809523809523
transition 558 6 602 0 0.047619047619047616
transition 558 6 578 0 0.09523809523809523
transition 558 6 566 0 0.09523809523809523
transition 558 6 559 0 0.047619047619047616
transition 558 6 558 0 0.047619047619047616
transition 558 6 557 0 0.09523809523809523
transition 558 6 556 0 0.09523809523809523
transition 558 6 555 0 0.09523809523809523
transition 558 6 625 0 0.09523809523809523
transition 565 6 606 0 0.047619047619047616
transition 565 6 581 0 0.09523809523809523
transition 565 6 568 0 0.047619047619047616
transition 565 6 566 0 0.09523809523809523
transition 565 6 565 0 0.047619047619047616
transition 565 6 564 0 0.09523809523809523
transition 565 6 563 0 0.09523809523809523
transition 565 6 562 0 0.09523809523809523
transition 565 6 561 0 0.09523809523809523
transition 565 6 625 0 0.09523809523809523
transition 569 6 611 0 0.05
transition 569 6 585 0 0.1
transition 569 6 570 0 0.1
transition 569 6 569 0 0.05
transition 569 6 625 0 0.1
transition 577 6 612 0 0.047619047619047616
transition 577 6 586 0 0.047619047619047616
transition 577 6 581 0 0.09523809523809523
transition 577 6 578 0 0.09523809523809523
transition 577 6 577 0 0.047619047619047616
transition 577 6 576 0 0.09523809523809523
transition 577 6 575 0 0.09523809523809523
transition 577 6 574 0 0.09523809523809523
transition 577 6 573 0 0.09523809523809523
transition 577 6 572 0 0.09523809523809523
transition 577 6 625 0 0.09523809523809523
transition 579 6 617 0 0.05
transition 579 6 590 0 0.05
transition 579 6 584 0 0.1
transition 579 6 580 0 0.05
transition 579 6 579 0 0.05
transition 579 6 625 0 0.1
transition 583 6 618 0 0.05
transition 583 6 591 0 0.05
transition 583 6 585 0 0.05
transition 583 6 584 0 0.1
transition 583 6 583 0 0.05
transition 583 6 582 0 0.1
transition 583 6 625 0 0.1
transition 589 6 621 0 0.05
transition 589 6 591 0 0.1
transition 589 6 590 0 0.1
transition 589 6 589 0 0.05
transition 589 6 588 0 0.1
transition 589 6 587 0 0.1
transition 589 6 625 0 0.1
transition 600 6 612 0 0.09523809523809523
transition 600 6 606 0 0.09523809523809523
transition 600 6 602 0 0.09523809523809523
transition 600 6 600 0 0.047619047619047616
transition 600 6 599 0 0.09523809523809523
transition 600 6 598 0 0.09523809523809523
transition 600 6 597 0 0.09523809523809523
transition 600 6 596 0 0.09523809523809523
transition 600 6 595 0 0.09523809523809523
transition 600 6 594 0 0.09523809523809523
transition 600 6 625 0 0.09523809523809523
transition 601 6 616 0 0.1
transition 601 6 609 0 0.1
transition 601 6 604 0 0.1
transition 601 6 625 0 0.1
transition 604 6 617 0 0.1
transition 604 6 610 0 0.1
transition 604 6 605 0 0.05
transition 604 6 604 0 0.05
transition 604 6 603 0 0.1
transition 604 6 625 0 0.1
transition 609 6 618 0 0.1
transition 609 6 611 0 0.05
transition 609 6 610 0 0.1
transition 609 6 609 0 0.05
transition 609 6 608 0 0.1
transition 609 6 607 0 0.1
transition 609 6 625 0 0.1
transition 616 6 621 0 0.05
transition 616 6 618 0 0.1
transition 616 6 617 0 0.1
transition 616 6 616 0 0.05
transition 616 6 615 0 0.1
transition 616 6 614 0 0.1
transition 616 6 613 0 0.1
transition 616 6 625 0 0.1
transition 622 6 624 0 0.10526315789473684
transition 622 6 623 0 0.10526315789473684
transition 622 6 622 0 0.05263157894736842
transition 622 6 625 0 0.10526315789473684
transition 11 7 255 0 0.08
transition 11 7 122 0 0.08
transition 11 7 67 0 0.08
transition 11 7 40 0 0.08
transition 11 7 25 0 0.08
transition 11 7 17 0 0.08
transition 11 7 11 0 0.04
transition 11 7 7 0 0.08
transition 11 7 5 0 0.08
transition 11 7 4 0 0.08
transition 11 7 3 0 0.08
transition 11 7 2 0 0.08
transition 11 7 1 0 0.08
transition 12 7 258 0 0.08333333333333333
transition 12 7 125 0 0.08333333333333333
transition 12 7 70 0 0.08333333333333333
transition 12 7 43 0 0.08333333333333333
transition 12 7 28 0 0.08333333333333333
transition 12 7 19 0 0.08333333333333333
transition 12 7 12 0 0.041666666666666664
transition 12 7 625 0 0.08333333333333333
transition 13 7 259 0 0.08333333333333333
transition 13 7 126 0 0.08333333333333333
transition 13 7 71 0 0.08333333333333333
transition 13 7 44 0 0.08333333333333333
transition 13 7 29 0 0.08333333333333333
transition 13 7 20 0 0.08333333333333333
transition 13 7 13 0 0.041666666666666664
transition 13 7 8 0 0.08333333333333333
transition 13 7 625 0 0.08333333333333333
transition 14 7 260 0 0.08333333333333333
transition 14 7 127 0 0.08333333333333333
transition 14 7 72 0 0.08333333333333333
transition 14 7 45 0 0.08333333333333333
transition 14 7 30 0 0.08333333333333333
transition 14 7 21 0 0.08333333333333333
transition 14 7 14 0 0.041666666666666664
transition 14 7 9 0 0.08333333333333333
transition 14 7 6 0 0.041666666666666664
transition 14 7 625 0 0.08333333333333333
transition 15 7 261 0 0.08333333333333333
transition 15 7 128 0 0.08333333333333333
transition 15 7 73 0 0.08333333333333333
transition 15 7 46 0 0.08333333333333333
transition 15 7 31 0 0.08333333333333333
transition 15 7 22 0 0.08333333333333333
transition 15 7 15 0 0.041666666666666664
transition 15 7 10 0 0.041666666666666664
transition 15 7 9 0 0.08333333333333333
transition 15 7 8 0 0.08333333333333333
transition 15 7 625 0 0.08333333333333333
transition 16 7 264 0 0.08333333333333333
transition 16 7 130 0 0.08333333333333333
transition 16 7 74 0 0.08333333333333333
transition 16 7 47 0 0.08333333333333333
transition 16 7 32 0 0.08333333333333333
transition 16 7 23 0 0.08333333333333333
transition 16 7 15 0 0.08333333333333333
transition 16 7 14 0 0.08333333333333333
transition 16 7 13 0 0.08333333333333333
transition 16 7 12 0 0.08333333333333333
transition 16 7 625 0 0.08333333333333333
transition 23 7 269 0 0.08333333333333333
transition 23 7 134 0 0.08333333333333333
transition 23 7 77 0 0.08333333333333333
transition 23 7 49 0 0.08333333333333333
transition 23 7 33 0 0.08333333333333333
transition 23 7 24 0 0.041666666666666664
transition 23 7 23 0 0.041666666666666664
transition 23 7 22 0 0.08333333333333333
transition 23 7 21 0 0.08333333333333333
transition 23 7 20 0 0.08333333333333333
transition 23 7 19 0 0.08333333333333333
transition 23 7 18 0 0.08333333333333333
transition 23 7 625 0 0.08333333333333333
transition 32 7 276 0 0.08333333333333333
transition 32 7 140 0 0.08333333333333333
transition 32 7 82 0 0.08333333333333333
transition 32 7 53 0 0.08333333333333333
transition 32 7 36 0 0.041666666666666664
transition 32 7 33 0 0.08333333333333333
transition 32 7 32 0 0.041666666666666664
transition 32 7 31 0 0.08333333333333333
transition 32 7 30 0 0.08333333333333333
transition 32 7 29 0 0.08333333333333333
transition 32 7 28 0 0.08333333333333333
transition 32 7 27 0 0.08333333333333333
transition 32 7 26 0 0.08333333333333333
transition 34 7 283 0 0.08695652173913043
transition 34 7 146 0 0.08695652173913043
transition 34 7 87 0 0.08695652173913043
transition 34 7 57 0 0.08695652173913043
transition 34 7 39 0 0.043478260869565216
transition 34 7 35 0 0.043478260869565216
transition 34 7 34 0 0.043478260869565216
transition 34 7 625 0 0.08695652173913043
transition 38 7 285 0 0.08695652173913043
transition 38 7 147 0 0.08695652173913043
transition 38 7 88 0 0.08695652173913043
transition 38 7 58 0 0.08695652173913043
transition 38 7 39 0 0.08695652173913043
transition 38 7 38 0 0.043478260869565216
transition 38 7 37 0 0.08695652173913043
transition 38 7 625 0 0.08695652173913043
transition 47 7 288 0 0.08333333333333333
transition 47 7 149 0 0.08333333333333333
transition 47 7 89 0 0.08333333333333333
transition 47 7 59 0 0.041666666666666664
transition 47 7 53 0 0.08333333333333333
transition 47 7 49 0 0.08333333333333333
transition 47 7 47 0 0.041666666666666664
transition 47 7 46 0 0.08333333333333333
transition 47 7 45 0 0.08333333333333333
transition 47 7 44 0 0.08333333333333333
transition 47 7 43 0 0.08333333333333333
transition 47 7 42 0 0.08333333333333333
transition 47 7 41 0 0.08333333333333333
transition 48 7 295 0 0.08695652173913043
transition 48 7 155 0 0.08695652173913043
transition 48 7 94 0 0.08695652173913043
transition 48 7 63 0 0.043478260869565216
transition 48 7 56 0 0.08695652173913043
transition 48 7 51 0 0.08695652173913043
transition 48 7 625 0 0.08695652173913043
transition 51 7 296 0 0.08695652173913043
transition 51 7 156 0 0.08695652173913043
transition 51 7 95 0 0.08695652173913043
transition 51 7 64 0 0.043478260869565216
transition 51 7 57 0 0.08695652173913043
transition 51 7 52 0 0.043478260869565216
transition 51 7 51 0 0.043478260869565216
transition 51 7 50 0 0.08695652173913043
transition 51 7 625 0 0.08695652173913043
transition 56 7 299 0 0.08695652173913043
transition 56 7 158 0 0.08695652173913043
transition 56 7 96 0 0.08695652173913043
transition 56 7 65 0 0.043478260869565216
transition 56 7 58 0 0.043478260869565216
transition 56 7 57 0 0.08695652173913043
transition 56 7 56 0 0.043478260869565216
transition 56 7 55 0 0.08695652173913043
transition 56 7 54 0 0.08695652173913043
transition 56 7 625 0 0.08695652173913043
transition 63 7 304 0 0.08695652173913043
transition 63 7 162 0 0.08695652173913043
transition 63 7 99 0 0.08695652173913043
transition 63 7 65 0 0.08695652173913043
transition 63 7 64 0 0.08695652173913043
transition 63 7 63 0 0.043478260869565216
transition 63 7 62 0 0.08695652173913043
transition 63 7 61 0 0.08695652173913043
transition 63 7 60 0 0.08695652173913043
transition 63 7 625 0 0.08695652173913043
transition 74 7 310 0 0.08333333333333333
transition 74 7 167 0 0.08333333333333333
transition 74 7 103 0 0.041666666666666664
transition 74 7 89 0 0.08333333333333333
transition 74 7 82 0 0.08333333333333333
transition 74 7 77 0 0.08333333333333333
transition 74 7 74 0 0.041666666666666664
transition 74 7 73 0 0.08333333333333333
transition 74 7 72 0 0.08333333333333333
transition 74 7 71 0 0.08333333333333333
transition 74 7 70 0 0.08333333333333333
transition 74 7 69 0 0.08333333333333333
transition 74 7 68 0 0.08333333333333333
transition 75 7 316 0 0.08695652173913043
transition 75 7 173 0 0.08695652173913043
transition 75 7 108 0 0.043478260869565216
transition 75 7 93 0 0.08695652173913043
transition 75 7 85 0 0.08695652173913043
transition 75 7 79 0 0.08695652173913043
transition 75 7 75 0 0.043478260869565216
transition 75 7 625 0 0.08695652173913043
transition 76 7 317 0 0.08695652173913043
transition 76 7 174 0 0.08695652173913043
transition 76 7 109 0 0.043478260869565216
transition 76 7 94 0 0.08695652173913043
transition 76 7 86 0 0.08695652173913043
transition 76 7 80 0 0.08695652173913043
transition 76 7 75 0 0.08695652173913043
transition 76 7 625 0 0.08695652173913043
transition 80 7 319 0 0.08695652173913043
transition 80 7 175 0 0.08695652173913043
transition 80 7 110 0 0.043478260869565216
transition 80 7 95 0 0.08695652173913043
transition 80 7 87 0 0.08695652173913043
transition 80 7 81 0 0.043478260869565216
transition 80 7 80 0 0.043478260869565216
transition 80 7 79 0 0.08695652173913043
transition 80 7 78 0 0.08695652173913043
transition 80 7 625 0 0.08695652173913043
transition 86 7 323 0 0.08695652173913043
transition 86 7 178 0 0.08695652173913043
transition 86 7 112 0 0.043478260869565216
transition 86 7 96 0 0.08695652173913043
transition 86 7 88 0 0.043478260869565216
transition 86 7 87 0 0.08695652173913043
transition 86 7 86 0 0.043478260869565216
transition 86 7 85 0 0.08695652173913043
transition 86 7 84 0 0.08695652173913043
transition 86 7 83 0 0.08695652173913043
transition 86 7 625 0 0.08695652173913043
transition 94 7 329 0 0.08695652173913043
transition 94 7 183 0 0.08695652173913043
transition 94 7 116 0 0.043478260869565216
transition 94 7 99 0 0.043478260869565216
transition 94 7 96 0 0.08695652173913043
transition 94 7 95 0 0.08695652173913043
transition 94 7 94 0 0.043478260869565216
transition 94 7 93 0 0.08695652173913043
transition 94 7 92 0 0.08695652173913043
transition 94 7 91 0 0.08695652173913043
transition 94 7 90 0 0.08695652173913043
transition 94 7 625 0 0.08695652173913043
transition 100 7 337 0 0.09090909090909091
transition 100 7 189 0 0.09090909090909091
transition 100 7 121 0 0.045454545454545456
transition 100 7 102 0 0.09090909090909091
transition 100 7 101 0 0.09090909090909091
transition 100 7 100 0 0.045454545454545456
transition 100 7 625 0 0.09090909090909091
transition 109 7 340 0 0.08695652173913043
transition 109 7 191 0 0.08695652173913043
transition 109 7 116 0 0.08695652173913043
transition 109 7 112 0 0.08695652173913043
transition 109 7 110 0 0.08695652173913043
transition 109 7 109 0 0.043478260869565216
transition 109 7 108 0 0.08695652173913043
transition 109 7 107 0 0.08695652173913043
transition 109 7 106 0 0.08695652173913043
transition 109 7 105 0 0.08695652173913043
transition 109 7 104 0 0.08695652173913043
transition 109 7 625 0 0.08695652173913043
transition 113 7 347 0 0.09090909090909091
transition 113 7 197 0 0.09090909090909091
transition 113 7 120 0 0.09090909090909091
transition 113 7 115 0 0.045454545454545456
transition 113 7 114 0 0.09090909090909091
transition 113 7 113 0 0.045454545454545456
transition 113 7 625 0 0.09090909090909091
transition 118 7 350 0 0.09090909090909091
transition 118 7 199 0 0.09090909090909091
transition 118 7 121 0 0.045454545454545456
transition 118 7 120 0 0.09090909090909091
transition 118 7 119 0 0.09090909090909091
transition 118 7 118 0 0.045454545454545456
transition 118 7 117 0 0.09090909090909091
transition 118 7 625 0 0.09090909090909091
transition 130 7 355 0 0.08333333333333333
transition 130 7 203 0 0.041666666666666664
transition 130 7 167 0 0.08333333333333333
transition 130 7 149 0 0.08333333333333333
transition 130 7 140 0 0.08333333333333333
transition 130 7 134 0 0.08333333333333333
transition 130 7 130 0 0.041666666666666664
transition 130 7 128 0 0.08333333333333333
transition 130 7 127 0 0.08333333333333333
transition 130 7 126 0 0.08333333333333333
transition 130 7 125 0 0.08333333333333333
transition 130 7 124 0 0.08333333333333333
transition 130 7 123 0 0.08333333333333333
transition 131 7 360 0 0.08695652173913043
transition 131 7 208 0 0.043478260869565216
transition 131 7 172 0 0.08695652173913043
transition 131 7 153 0 0.08695652173913043
transition 131 7 143 0 0.08695652173913043
transition 131 7 136 0 0.08695652173913043
transition 131 7 131 0 0.043478260869565216
transition 131 7 625 0 0.08695652173913043
transition 132 7 361 0 0.08695652173913043
transition 132 7 209 0 0.043478260869565216
transition 132 7 173 0 0.08695652173913043
transition 132 7 154 0 0.08695652173913043
transition 132 7 144 0 0.08695652173913043
transition 132 7 137 0 0.08695652173913043
transition 132 7 132 0 0.043478260869565216
transition 132 7 129 0 0.043478260869565216
transition 132 7 625 0 0.08695652173913043
transition 133 7 362 0 0.08695652173913043
transition 133 7 210 0 0.043478260869565216
transition 133 7 174 0 0.08695652173913043
transition 133 7 155 0 0.08695652173913043
transition 133 7 145 0 0.08695652173913043
transition 133 7 138 0 0.08695652173913043
transition 133 7 132 0 0.08695652173913043
transition 133 7 131 0 0.08695652173913043
transition 133 7 625 0 0.08695652173913043
transition 138 7 365 0 0.08695652173913043
transition 138 7 212 0 0.043478260869565216
transition 138 7 175 0 0.08695652173913043
transition 138 7 156 0 0.08695652173913043
transition 138 7 146 0 0.08695652173913043
transition 138 7 139 0 0.043478260869565216
transition 138 7 138 0 0.043478260869565216
transition 138 7 137 0 0.08695652173913043
transition 138 7 136 0 0.08695652173913043
transition 138 7 135 0 0.08695652173913043
transition 138 7 625 0 0.08695652173913043
transition 145 7 370 0 0.08695652173913043
transition 145 7 216 0 0.043478260869565216
transition 145 7 178 0 0.08695652173913043
transition 145 7 158 0 0.08695652173913043
transition 145 7 147 0 0.043478260869565216
transition 145 7 146 0 0.08695652173913043
transition 145 7 145 0 0.043478260869565216
transition 145 7 144 0 0.08695652173913043
transition 145 7 143 0 0.08695652173913043
transition 145 7 142 0 0.08695652173913043
transition 145 7 141 0 0.08695652173913043
transition 145 7 625 0 0.08695652173913043
transition 155 7 377 0 0.08695652173913043
transition 155 7 222 0 0.043478260869565216
transition 155 7 183 0 0.08695652173913043
transition 155 7 162 0 0.043478260869565216
transition 155 7 158 0 0.08695652173913043
transition 155 7 156 0 0.08695652173913043
transition 155 7 155 0 0.043478260869565216
transition 155 7 154 0 0.08695652173913043
transition 155 7 153 0 0.08695652173913043
transition 155 7 152 0 0.08695652173913043
transition 155 7 151 0 0.08695652173913043
transition 155 7 150 0 0.08695652173913043
transition 155 7 625 0 0.08695652173913043
transition 159 7 384 0 0.09090909090909091
transition 159 7 228 0 0.045454545454545456
transition 159 7 188 0 0.09090909090909091
transition 159 7 166 0 0.045454545454545456
transition 159 7 161 0 0.045454545454545456
transition 159 7 160 0 0.09090909090909091
transition 159 7 159 0 0.045454545454545456
transition 159 7 625 0 0.09090909090909091
transition 164 7 387 0 0.09090909090909091
transition 164 7 230 0 0.045454545454545456
transition 164 7 189 0 0.09090909090909091
transition 164 7 166 0 0.09090909090909091
transition 164 7 165 0 0.09090909090909091
transition 164 7 164 0 0.045454545454545456
transition 164 7 163 0 0.09090909090909091
transition 164 7 625 0 0.09090909090909091
transition 174 7 391 0 0.08695652173913043
transition 174 7 233 0 0.043478260869565216
transition 174 7 191 0 0.043478260869565216
transition 174 7 183 0 0.08695652173913043
transition 174 7 178 0 0.08695652173913043
transition 174 7 175 0 0.08695652173913043
transition 174 7 174 0 0.043478260869565216
transition 174 7 173 0 0.08695652173913043
transition 174 7 172 0 0.08695652173913043
transition 174 7 171 0 0.08695652173913043
transition 174 7 170 0 0.08695652173913043
transition 174 7 169 0 0.08695652173913043
transition 174 7 168 0 0.08695652173913043
transition 176 7 398 0 0.09090909090909091
transition 176 7 239 0 0.045454545454545456
transition 176 7 196 0 0.045454545454545456
transition 176 7 187 0 0.09090909090909091
transition 176 7 181 0 0.09090909090909091
transition 176 7 177 0 0.045454545454545456
transition 176 7 176 0 0.045454545454545456
transition 176 7 625 0 0.09090909090909091
transition 180 7 400 0 0.09090909090909091
transition 180 7 240 0 0.045454545454545456
transition 180 7 197 0 0.045454545454545456
transition 180 7 188 0 0.09090909090909091
transition 180 7 182 0 0.045454545454545456
transition 180 7 181 0 0.09090909090909091
transition 180 7 180 0 0.045454545454545456
transition 180 7 179 0 0.09090909090909091
transition 180 7 625 0 0.09090909090909091
transition 186 7 404 0 0.09090909090909091
transition 186 7 243 0 0.045454545454545456
transition 186 7 199 0 0.045454545454545456
transition 186 7 189 0 0.045454545454545456
transition 186 7 188 0 0.09090909090909091
transition 186 7 187 0 0.09090909090909091
transition 186 7 186 0 0.045454545454545456
transition 186 7 185 0 0.09090909090909091
transition 186 7 184 0 0.09090909090909091
transition 186 7 625 0 0.09090909090909091
transition 195 7 410 0 0.09090909090909091
transition 195 7 248 0 0.045454545454545456
transition 195 7 199 0 0.09090909090909091
transition 195 7 197 0 0.09090909090909091
transition 195 7 196 0 0.09090909090909091
transition 195 7 195 0 0.045454545454545456
transition 195 7 194 0 0.09090909090909091
transition 195 7 193 0 0.09090909090909091
transition 195 7 192 0 0.09090909090909091
transition 195 7 625 0 0.09090909090909091
transition 210 7 419 0 0.08695652173913043
transition 210 7 233 0 0.08695652173913043
transition 210 7 222 0 0.08695652173913043
transition 210 7 216 0 0.08695652173913043
transition 210 7 212 0 0.08695652173913043
transition 210 7 210 0 0.043478260869565216
transition 210 7 209 0 0.08695652173913043
transition 210 7 208 0 0.08695652173913043
transition 210 7 207 0 0.08695652173913043
transition 210 7 206 0 0.08695652173913043
transition 210 7 205 0 0.08695652173913043
transition 210 7 204 0 0.08695652173913043
transition 211 7 426 0 0.09090909090909091
transition 211 7 238 0 0.09090909090909091
transition 211 7 226 0 0.09090909090909091
transition 211 7 219 0 0.09090909090909091
transition 211 7 214 0 0.09090909090909091
transition 211 7 625 0 0.09090909090909091
transition 214 7 427 0 0.09090909090909091
transition 214 7 239 0 0.09090909090909091
transition 214 7 227 0 0.09090909090909091
transition 214 7 220 0 0.09090909090909091
transition 214 7 215 0 0.045454545454545456
transition 214 7 214 0 0.045454545454545456
transition 214 7 213 0 0.09090909090909091
transition 214 7 625 0 0.09090909090909091
transition 219 7 430 0 0.09090909090909091
transition 219 7 240 0 0.09090909090909091
transition 219 7 228 0 0.09090909090909091
transition 219 7 221 0 0.045454545454545456
transition 219 7 220 0 0.09090909090909091
transition 219 7 219 0 0.045454545454545456
transition 219 7 218 0 0.09090909090909091
transition 219 7 217 0 0.09090909090909091
transition 219 7 625 0 0.09090909090909091
transition 226 7 435 0 0.09090909090909091
transition 226 7 243 0 0.09090909090909091
transition 226 7 230 0 0.045454545454545456
transition 226 7 228 0 0.09090909090909091
transition 226 7 227 0 0.09090909090909091
transition 226 7 226 0 0.045454545454545456
transition 226 7 225 0 0.09090909090909091
transition 226 7 224 0 0.09090909090909091
transition 226 7 223 0 0.09090909090909091
transition 226 7 625 0 0.09090909090909091
transition 238 7 443 0 0.09090909090909091
transition 238 7 248 0 0.045454545454545456
transition 238 7 243 0 0.09090909090909091
transition 238 7 240 0 0.09090909090909091
transition 238 7 239 0 0.09090909090909091
transition 238 7 238 0 0.045454545454545456
transition 238 7 237 0 0.09090909090909091
transition 238 7 236 0 0.09090909090909091
transition 238 7 235 0 0.09090909090909091
transition 238 7 234 0 0.09090909090909091
transition 238 7 625 0 0.09090909090909091
transition 244 7 451 0 0.09523809523809523
transition 244 7 253 0 0.047619047619047616
transition 244 7 247 0 0.047619047619047616
transition 244 7 246 0 0.09523809523809523
transition 244 7 245 0 0.09523809523809523
transition 244 7 244 0 0.047619047619047616
transition 244 7 625 0 0.09523809523809523
transition 250 7 455 0 0.09523809523809523
transition 250 7 253 0 0.09523809523809523
transition 250 7 252 0 0.09523809523809523
transition 250 7 251 0 0.09523809523809523
transition 250 7 250 0 0.047619047619047616
transition 250 7 249 0 0.09523809523809523
transition 250 7 625 0 0.09523809523809523
transition 264 7 460 0 0.041666666666666664
transition 264 7 355 0 0.08333333333333333
transition 264 7 310 0 0.08333333333333333
transition 264 7 288 0 0.08333333333333333
transition 264 7 276 0 0.08333333333333333
transition 264 7 269 0 0.08333333333333333
transition 264 7 264 0 0.041666666666666664
transition 264 7 261 0 0.08333333333333333
transition 264 7 260 0 0.08333333333333333
transition 264 7 259 0 0.08333333333333333
transition 264 7 258 0 0.08333333333333333
transition 264 7 257 0 0.08333333333333333
transition 264 7 256 0 0.08333333333333333
transition 265 7 464 0 0.043478260869565216
transition 265 7 359 0 0.08695652173913043
transition 265 7 314 0 0.08695652173913043
transition 265 7 292 0 0.08695652173913043
transition 265 7 279 0 0.08695652173913043
transition 265 7 271 0 0.08695652173913043
transition 265 7 265 0 0.043478260869565216
transition 265 7 625 0 0.08695652173913043
transition 266 7 465 0 0.043478260869565216
transition 266 7 360 0 0.08695652173913043
transition 266 7 315 0 0.08695652173913043
transition 266 7 293 0 0.08695652173913043
transition 266 7 280 0 0.08695652173913043
transition 266 7 272 0 0.08695652173913043
transition 266 7 266 0 0.043478260869565216
transition 266 7 262 0 0.08695652173913043
transition 266 7 625 0 0.08695652173913043
transition 267 7 466 0 0.043478260869565216
transition 267 7 361 0 0.08695652173913043
transition 267 7 316 0 0.08695652173913043
transition 267 7 294 0 0.08695652173913043
transition 267 7 281 0 0.08695652173913043
transition 267 7 273 0 0.08695652173913043
transition 267 7 267 0 0.043478260869565216
transition 267 7 263 0 0.043478260869565216
transition 267 7 262 0 0.08695652173913043
transition 267 7 625 0 0.08695652173913043
transition 268 7 468 0 0.043478260869565216
transition 268 7 362 0 0.08695652173913043
transition 268 7 317 0 0.08695652173913043
transition 268 7 295 0 0.08695652173913043
transition 268 7 282 0 0.08695652173913043
transition 268 7 274 0 0.08695652173913043
transition 268 7 267 0 0.08695652173913043
transition 268 7 266 0 0.08695652173913043
transition 268 7 265 0 0.08695652173913043
transition 268 7 625 0 0.08695652173913043
transition 274 7 472 0 0.043478260869565216
transition 274 7 365 0 0.08695652173913043
transition 274 7 319 0 0.08695652173913043
transition 274 7 296 0 0.08695652173913043
transition 274 7 283 0 0.08695652173913043
transition 274 7 275 0 0.043478260869565216
transition 274 7 274 0 0.043478260869565216
transition 274 7 273 0 0.08695652173913043
transition 274 7 272 0 0.08695652173913043
transition 274 7 271 0 0.08695652173913043
transition 274 7 270 0 0.08695652173913043
transition 274 7 625 0 0.08695652173913043
transition 282 7 478 0 0.043478260869565216
transition 282 7 370 0 0.08695652173913043
transition 282 7 323 0 0.08695652173913043
transition 282 7 299 0 0.08695652173913043
transition 282 7 285 0 0.043478260869565216
transition 282 7 283 0 0.08695652173913043
transition 282 7 282 0 0.043478260869565216
transition 282 7 281 0 0.08695652173913043
transition 282 7 280 0 0.08695652173913043
transition 282 7 279 0 0.08695652173913043
transition 282 7 278 0 0.08695652173913043
transition 282 7 277 0 0.08695652173913043
transition 282 7 625 0 0.08695652173913043
transition 286 7 485 0 0.045454545454545456
transition 286 7 376 0 0.09090909090909091
transition 286 7 328 0 0.09090909090909091
transition 286 7 303 0 0.09090909090909091
transition 286 7 287 0 0.09090909090909091
transition 286 7 286 0 0.045454545454545456
transition 286 7 625 0 0.09090909090909091
transition 295 7 487 0 0.043478260869565216
transition 295 7 377 0 0.08695652173913043
transition 295 7 329 0 0.08695652173913043
transition 295 7 304 0 0.043478260869565216
transition 295 7 299 0 0.08695652173913043
transition 295 7 296 0 0.08695652173913043
transition 295 7 295 0 0.043478260869565216
transition 295 7 294 0 0.08695652173913043
transition 295 7 293 0 0.08695652173913043
transition 295 7 292 0 0.08695652173913043
transition 295 7 291 0 0.08695652173913043
transition 295 7 290 0 0.08695652173913043
transition 295 7 289 0 0.08695652173913043
transition 297 7 494 0 0.045454545454545456
transition 297 7 383 0 0.09090909090909091
transition 297 7 334 0 0.09090909090909091
transition 297 7 308 0 0.045454545454545456
transition 297 7 302 0 0.09090909090909091
transition 297 7 298 0 0.045454545454545456
transition 297 7 297 0 0.045454545454545456
transition 297 7 625 0 0.09090909090909091
transition 301 7 496 0 0.045454545454545456
transition 301 7 384 0 0.09090909090909091
transition 301 7 335 0 0.09090909090909091
transition 301 7 309 0 0.045454545454545456
transition 301 7 303 0 0.045454545454545456
transition 301 7 302 0 0.09090909090909091
transition 301 7 301 0 0.045454545454545456
transition 301 7 300 0 0.09090909090909091
transition 301 7 625 0 0.09090909090909091
transition 307 7 500 0 0.045454545454545456
transition 307 7 387 0 0.09090909090909091
transition 307 7 337 0 0.09090909090909091
transition 307 7 309 0 0.09090909090909091
transition 307 7 308 0 0.09090909090909091
transition 307 7 307 0 0.045454545454545456
transition 307 7 306 0 0.09090909090909091
transition 307 7 305 0 0.09090909090909091
transition 307 7 625 0 0.09090909090909091
transition 317 7 505 0 0.043478260869565216
transition 317 7 391 0 0.08695652173913043
transition 317 7 340 0 0.043478260869565216
transition 317 7 329 0 0.08695652173913043
transition 317 7 323 0 0.08695652173913043
transition 317 7 319 0 0.08695652173913043
transition 317 7 317 0 0.043478260869565216
transition 317 7 316 0 0.08695652173913043
transition 317 7 315 0 0.08695652173913043
transition 317 7 314 0 0.08695652173913043
transition 317 7 313 0 0.08695652173913043
transition 317 7 312 0 0.08695652173913043
transition 317 7 311 0 0.08695652173913043
transition 318 7 512 0 0.045454545454545456
transition 318 7 397 0 0.09090909090909091
transition 318 7 345 0 0.045454545454545456
transition 318 7 333 0 0.09090909090909091
transition 318 7 326 0 0.09090909090909091
transition 318 7 321 0 0.09090909090909091
transition 318 7 625 0 0.09090909090909091
transition 321 7 513 0 0.045454545454545456
transition 321 7 398 0 0.09090909090909091
transition 321 7 346 0 0.045454545454545456
transition 321 7 334 0 0.09090909090909091
transition 321 7 327 0 0.09090909090909091
transition 321 7 322 0 0.045454545454545456
transition 321 7 321 0 0.045454545454545456
transition 321 7 320 0 0.09090909090909091
transition 321 7 625 0 0.09090909090909091
transition 326 7 516 0 0.045454545454545456
transition 326 7 400 0 0.09090909090909091
transition 326 7 347 0 0.045454545454545456
transition 326 7 335 0 0.09090909090909091
transition 326 7 328 0 0.045454545454545456
transition 326 7 327 0 0.09090909090909091
transition 326 7 326 0 0.045454545454545456
transition 326 7 325 0 0.09090909090909091
transition 326 7 324 0 0.09090909090909091
transition 326 7 625 0 0.09090909090909091
transition 333 7 521 0 0.045454545454545456
transition 333 7 404 0 0.09090909090909091
transition 333 7 350 0 0.045454545454545456
transition 333 7 337 0 0.045454545454545456
transition 333 7 335 0 0.09090909090909091
transition 333 7 334 0 0.09090909090909091
transition 333 7 333 0 0.045454545454545456
transition 333 7 332 0 0.09090909090909091
transition 333 7 331 0 0.09090909090909091
transition 333 7 330 0 0.09090909090909091
transition 333 7 625 0 0.09090909090909091
transition 345 7 529 0 0.045454545454545456
transition 345 7 410 0 0.09090909090909091
transition 345 7 350 0 0.09090909090909091
transition 345 7 347 0 0.09090909090909091
transition 345 7 346 0 0.09090909090909091
transition 345 7 345 0 0.045454545454545456
transition 345 7 344 0 0.09090909090909091
transition 345 7 343 0 0.09090909090909091
transition 345 7 342 0 0.09090909090909091
transition 345 7 341 0 0.09090909090909091
transition 345 7 625 0 0.09090909090909091
transition 351 7 537 0 0.047619047619047616
transition 351 7 416 0 0.09523809523809523
transition 351 7 354 0 0.047619047619047616
transition 351 7 353 0 0.09523809523809523
transition 351 7 352 0 0.09523809523809523
transition 351 7 351 0 0.047619047619047616
transition 351 7 625 0 0.09523809523809523
transition 362 7 541 0 0.043478260869565216
transition 362 7 419 0 0.043478260869565216
transition 362 7 391 0 0.08695652173913043
transition 362 7 377 0 0.08695652173913043
transition 362 7 370 0 0.08695652173913043
transition 362 7 365 0 0.08695652173913043
transition 362 7 362 0 0.043478260869565216
transition 362 7 361 0 0.08695652173913043
transition 362 7 360 0 0.08695652173913043
transition 362 7 359 0 0.08695652173913043
transition 362 7 358 0 0.08695652173913043
transition 362 7 357 0 0.08695652173913043
transition 362 7 356 0 0.08695652173913043
transition 363 7 547 0 0.045454545454545456
transition 363 7 425 0 0.045454545454545456
transition 363 7 396 0 0.09090909090909091
transition 363 7 381 0 0.09090909090909091
transition 363 7 373 0 0.09090909090909091
transition 363 7 367 0 0.09090909090909091
transition 363 7 363 0 0.045454545454545456
transition 363 7 625 0 0.09090909090909091
transition 364 7 548 0 0.045454545454545456
transition 364 7 426 0 0.045454545454545456
transition 364 7 397 0 0.09090909090909091
transition 364 7 382 0 0.09090909090909091
transition 364 7 374 0 0.09090909090909091
transition 364 7 368 0 0.09090909090909091
transition 364 7 363 0 0.09090909090909091
transition 364 7 625 0 0.09090909090909091
transition 368 7 550 0 0.045454545454545456
transition 368 7 427 0 0.045454545454545456
transition 368 7 398 0 0.09090909090909091
transition 368 7 383 0 0.09090909090909091
transition 368 7 375 0 0.09090909090909091
transition 368 7 369 0 0.045454545454545456
transition 368 7 368 0 0.045454545454545456
transition 368 7 367 0 0.09090909090909091
transition 368 7 366 0 0.09090909090909091
transition 368 7 625 0 0.09090909090909091
transition 374 7 554 0 0.045454545454545456
transition 374 7 430 0 0.045454545454545456
transition 374 7 400 0 0.09090909090909091
transition 374 7 384 0 0.09090909090909091
transition 374 7 376 0 0.045454545454545456
transition 374 7 375 0 0.09090909090909091
transition 374 7 374 0 0.045454545454545456
transition 374 7 373 0 0.09090909090909091
transition 374 7 372 0 0.09090909090909091
transition 374 7 371 0 0.09090909090909091
transition 374 7 625 0 0.09090909090909091
transition 382 7 560 0 0.045454545454545456
transition 382 7 435 0 0.045454545454545456
transition 382 7 404 0 0.09090909090909091
transition 382 7 387 0 0.045454545454545456
transition 382 7 384 0 0.09090909090909091
transition 382 7 383 0 0.09090909090909091
transition 382 7 382 0 0.045454545454545456
transition 382 7 381 0 0.09090909090909091
transition 382 7 380 0 0.09090909090909091
transition 382 7 379 0 0.09090909090909091
transition 382 7 378 0 0.09090909090909091
transition 382 7 625 0 0.09090909090909091
transition 388 7 568 0 0.047619047619047616
transition 388 7 441 0 0.047619047619047616
transition 388 7 409 0 0.09523809523809523
transition 388 7 390 0 0.09523809523809523
transition 388 7 389 0 0.09523809523809523
transition 388 7 388 0 0.047619047619047616
transition 388 7 625 0 0.09523809523809523
transition 397 7 571 0 0.045454545454545456
transition 397 7 443 0 0.045454545454545456
transition 397 7 410 0 0.045454545454545456
transition 397 7 404 0 0.09090909090909091
transition 397 7 400 0 0.09090909090909091
transition 397 7 398 0 0.09090909090909091
transition 397 7 397 0 0.045454545454545456
transition 397 7 396 0 0.09090909090909091
transition 397 7 395 0 0.09090909090909091
transition 397 7 394 0 0.09090909090909091
transition 397 7 393 0 0.09090909090909091
transition 397 7 392 0 0.09090909090909091
transition 397 7 625 0 0.09090909090909091
transition 401 7 578 0 0.047619047619047616
transition 401 7 449 0 0.047619047619047616
transition 401 7 415 0 0.047619047619047616
transition 401 7 408 0 0.09523809523809523
transition 401 7 403 0 0.047619047619047616
transition 401 7 402 0 0.09523809523809523
transition 401 7 401 0 0.047619047619047616
transition 401 7 625 0 0.09523809523809523
transition 406 7 581 0 0.047619047619047616
transition 406 7 451 0 0.047619047619047616
transition 406 7 416 0 0.047619047619047616
transition 406 7 409 0 0.047619047619047616
transition 406 7 408 0 0.09523809523809523
transition 406 7 407 0 0.09523809523809523
transition 406 7 406 0 0.047619047619047616
transition 406 7 405 0 0.09523809523809523
transition 406 7 625 0 0.09523809523809523
transition 413 7 586 0 0.047619047619047616
transition 413 7 455 0 0.047619047619047616
transition 413 7 416 0 0.09523809523809523
transition 413 7 415 0 0.09523809523809523
transition 413 7 414 0 0.09523809523809523
transition 413 7 413 0 0.047619047619047616
transition 413 7 412 0 0.09523809523809523
transition 413 7 411 0 0.09523809523809523
transition 413 7 625 0 0.09523809523809523
transition 426 7 593 0 0.045454545454545456
transition 426 7 443 0 0.09090909090909091
transition 426 7 435 0 0.09090909090909091
transition 426 7 430 0 0.09090909090909091
transition 426 7 427 0 0.09090909090909091
transition 426 7 426 0 0.045454545454545456
transition 426 7 425 0 0.09090909090909091
transition 426 7 424 0 0.09090909090909091
transition 426 7 423 0 0.09090909090909091
transition 426 7 422 0 0.09090909090909091
transition 426 7 421 0 0.09090909090909091
transition 426 7 420 0 0.09090909090909091
transition 428 7 600 0 0.047619047619047616
transition 428 7 448 0 0.09523809523809523
transition 428 7 439 0 0.09523809523809523
transition 428 7 433 0 0.09523809523809523
transition 428 7 429 0 0.047619047619047616
transition 428 7 428 0 0.047619047619047616
transition 428 7 625 0 0.09523809523809523
transition 432 7 602 0 0.047619047619047616
transition 432 7 449 0 0.09523809523809523
transition 432 7 440 0 0.09523809523809523
transition 432 7 434 0 0.047619047619047616
transition 432 7 433 0 0.09523809523809523
transition 432 7 432 0 0.047619047619047616
transition 432 7 431 0 0.09523809523809523
transition 432 7 625 0 0.09523809523809523
transition 438 7 606 0 0.047619047619047616
transition 438 7 451 0 0.09523809523809523
transition 438 7 441 0 0.047619047619047616
transition 438 7 440 0 0.09523809523809523
transition 438 7 439 0 0.09523809523809523
transition 438 7 438 0 0.047619047619047616
transition 438 7 437 0 0.09523809523809523
transition 438 7 436 0 0.09523809523809523
transition 438 7 625 0 0.09523809523809523
transition 447 7 612 0 0.047619047619047616
transition 447 7 455 0 0.047619047619047616
transition 447 7 451 0 0.09523809523809523
transition 447 7 449 0 0.09523809523809523
transition 447 7 448 0 0.09523809523809523
transition 447 7 447 0 0.047619047619047616
transition 447 7 446 0 0.09523809523809523
transition 447 7 445 0 0.09523809523809523
transition 447 7 444 0 0.09523809523809523
transition 447 7 625 0 0.09523809523809523
transition 456 7 621 0 0.05
transition 456 7 459 0 0.1
transition 456 7 458 0 0.1
transition 456 7 457 0 0.1
transition 456 7 456 0 0.05
transition 456 7 625 0 0.1
transition 468 7 541 0 0.08695652173913043
transition 468 7 505 0 0.08695652173913043
transition 468 7 487 0 0.08695652173913043
transition 468 7 478 0 0.08695652173913043
transition 468 7 472 0 0.08695652173913043
transition 468 7 468 0 0.043478260869565216
transition 468 7 466 0 0.08695652173913043
transition 468 7 465 0 0.08695652173913043
transition 468 7 464 0 0.08695652173913043
transition 468 7 463 0 0.08695652173913043
transition 468 7 462 0 0.08695652173913043
transition 468 7 461 0 0.08695652173913043
transition 469 7 546 0 0.09090909090909091
transition 469 7 510 0 0.09090909090909091
transition 469 7 491 0 0.09090909090909091
transition 469 7 481 0 0.09090909090909091
transition 469 7 474 0 0.09090909090909091
transition 469 7 469 0 0.045454545454545456
transition 469 7 625 0 0.09090909090909091
transition 470 7 547 0 0.09090909090909091
transition 470 7 511 0 0.09090909090909091
transition 470 7 492 0 0.09090909090909091
transition 470 7 482 0 0.09090909090909091
transition 470 7 475 0 0.09090909090909091
transition 470 7 470 0 0.045454545454545456
transition 470 7 467 0 0.045454545454545456
transition 470 7 625 0 0.09090909090909091
transition 471 7 548 0 0.09090909090909091
transition 471 7 512 0 0.09090909090909091
transition 471 7 493 0 0.09090909090909091
transition 471 7 483 0 0.09090909090909091
transition 471 7 476 0 0.09090909090909091
transition 471 7 470 0 0.09090909090909091
transition 471 7 469 0 0.09090909090909091
transition 471 7 625 0 0.09090909090909091
transition 476 7 550 0 0.09090909090909091
transition 476 7 513 0 0.09090909090909091
transition 476 7 494 0 0.09090909090909091
transition 476 7 484 0 0.09090909090909091
transition 476 7 477 0 0.045454545454545456
transition 476 7 476 0 0.045454545454545456
transition 476 7 475 0 0.09090909090909091
transition 476 7 474 0 0.09090909090909091
transition 476 7 473 0 0.09090909090909091
transition 476 7 625 0 0.09090909090909091
transition 483 7 554 0 0.09090909090909091
transition 483 7 516 0 0.09090909090909091
transition 483 7 496 0 0.09090909090909091
transition 483 7 485 0 0.045454545454545456
transition 483 7 484 0 0.09090909090909091
transition 483 7 483 0 0.045454545454545456
transition 483 7 482 0 0.09090909090909091
transition 483 7 481 0 0.09090909090909091
transition 483 7 480 0 0.09090909090909091
transition 483 7 479 0 0.09090909090909091
transition 483 7 625 0 0.09090909090909091
transition 493 7 560 0 0.09090909090909091
transition 493 7 521 0 0.09090909090909091
transition 493 7 500 0 0.045454545454545456
transition 493 7 496 0 0.09090909090909091
transition 493 7 494 0 0.09090909090909091
transition 493 7 493 0 0.045454545454545456
transition 493 7 492 0 0.09090909090909091
transition 493 7 491 0 0.09090909090909091
transition 493 7 490 0 0.09090909090909091
transition 493 7 489 0 0.09090909090909091
transition 493 7 488 0 0.09090909090909091
transition 493 7 625 0 0.09090909090909091
transition 497 7 566 0 0.09523809523809523
transition 497 7 526 0 0.09523809523809523
transition 497 7 504 0 0.047619047619047616
transition 497 7 499 0 0.047619047619047616
transition 497 7 498 0 0.09523809523809523
transition 497 7 497 0 0.047619047619047616
transition 497 7 625 0 0.09523809523809523
transition 502 7 568 0 0.09523809523809523
transition 502 7 527 0 0.09523809523809523
transition 502 7 504 0 0.09523809523809523
transition 502 7 503 0 0.09523809523809523
transition 502 7 502 0 0.047619047619047616
transition 502 7 501 0 0.09523809523809523
transition 502 7 625 0 0.09523809523809523
transition 512 7 571 0 0.09090909090909091
transition 512 7 529 0 0.045454545454545456
transition 512 7 521 0 0.09090909090909091
transition 512 7 516 0 0.09090909090909091
transition 512 7 513 0 0.09090909090909091
transition 512 7 512 0 0.045454545454545456
transition 512 7 511 0 0.09090909090909091
transition 512 7 510 0 0.09090909090909091
transition 512 7 509 0 0.09090909090909091
transition 512 7 508 0 0.09090909090909091
transition 512 7 507 0 0.09090909090909091
transition 512 7 506 0 0.09090909090909091
transition 514 7 577 0 0.09523809523809523
transition 514 7 534 0 0.047619047619047616
transition 514 7 525 0 0.09523809523809523
transition 514 7 519 0 0.09523809523809523
transition 514 7 515 0 0.047619047619047616
transition 514 7 514 0 0.047619047619047616
transition 514 7 625 0 0.09523809523809523
transition 518 7 578 0 0.09523809523809523
transition 518 7 535 0 0.047619047619047616
transition 518 7 526 0 0.09523809523809523
transition 518 7 520 0 0.047619047619047616
transition 518 7 519 0 0.09523809523809523
transition 518 7 518 0 0.047619047619047616
transition 518 7 517 0 0.09523809523809523
transition 518 7 625 0 0.09523809523809523
transition 524 7 581 0 0.09523809523809523
transition 524 7 537 0 0.047619047619047616
transition 524 7 527 0 0.047619047619047616
transition 524 7 526 0 0.09523809523809523
transition 524 7 525 0 0.09523809523809523
transition 524 7 524 0 0.047619047619047616
transition 524 7 523 0 0.09523809523809523
transition 524 7 522 0 0.09523809523809523
transition 524 7 625 0 0.09523809523809523
transition 533 7 586 0 0.09523809523809523
transition 533 7 537 0 0.09523809523809523
transition 533 7 535 0 0.09523809523809523
transition 533 7 534 0 0.09523809523809523
transition 533 7 533 0 0.047619047619047616
transition 533 7 532 0 0.09523809523809523
transition 533 7 531 0 0.09523809523809523
transition 533 7 530 0 0.09523809523809523
transition 533 7 625 0 0.09523809523809523
transition 548 7 593 0 0.045454545454545456
transition 548 7 571 0 0.09090909090909091
transition 548 7 560 0 0.09090909090909091
transition 548 7 554 0 0.09090909090909091
transition 548 7 550 0 0.09090909090909091
transition 548 7 548 0 0.045454545454545456
transition 548 7 547 0 0.09090909090909091
transition 548 7 546 0 0.09090909090909091
transition 548 7 545 0 0.09090909090909091
transition 548 7 544 0 0.09090909090909091
transition 548 7 543 0 0.09090909090909091
transition 548 7 542 0 0.09090909090909091
transition 549 7 599 0 0.047619047619047616
transition 549 7 576 0 0.09523809523809523
transition 549 7 564 0 0.09523809523809523
transition 549 7 557 0 0.09523809523809523
transition 549 7 552 0 0.09523809523809523
transition 549 7 625 0 0.09523809523809523
transition 552 7 600 0 0.047619047619047616
transition 552 7 577 0 0.09523809523809523
transition 552 7 565 0 0.09523809523809523
transition 552 7 558 0 0.09523809523809523
transition 552 7 553 0 0.047619047619047616
transition 552 7 552 0 0.047619047619047616
transition 552 7 551 0 0.09523809523809523
transition 552 7 625 0 0.09523809523809523
transition 557 7 602 0 0.047619047619047616
transition 557 7 578 0 0.09523809523809523
transition 557 7 566 0 0.09523809523809523
transition 557 7 559 0 0.047619047619047616
transition 557 7 558 0 0.09523809523809523
transition 557 7 557 0 0.047619047619047616
transition 557 7 556 0 0.09523809523809523
transition 557 7 555 0 0.09523809523809523
transition 557 7 625 0 0.09523809523809523
transition 564 7 606 0 0.047619047619047616
transition 564 7 581 0 0.09523809523809523
transition 564 7 568 0 0.047619047619047616
transition 564 7 566 0 0.09523809523809523
transition 564 7 565 0 0.09523809523809523
transition 564 7 564 0 0.047619047619047616
transition 564 7 563 0 0.09523809523809523
transition 564 7 562 0 0.09523809523809523
transition 564 7 561 0 0.09523809523809523
transition 564 7 625 0 0.09523809523809523
transition 576 7 612 0 0.047619047619047616
transition 576 7 586 0 0.047619047619047616
transition 576 7 581 0 0.09523809523809523
transition 576 7 578 0 0.09523809523809523
transition 576 7 577 0 0.09523809523809523
transition 576 7 576 0 0.047619047619047616
transition 576 7 575 0 0.09523809523809523
transition 576 7 574 0 0.09523809523809523
transition 576 7 573 0 0.09523809523809523
transition 576 7 572 0 0.09523809523809523
transition 576 7 625 0 0.09523809523809523
transition 582 7 618 0 0.05
transition 582 7 591 0 0.05
transition 582 7 585 0 0.05
transition 582 7 584 0 0.1
transition 582 7 583 0 0.1
transition 582 7 582 0 0.05
transition 582 7 625 0 0.1
transition 588 7 621 0 0.05
transition 588 7 591 0 0.1
transition 588 7 590 0 0.1
transition 588 7 589 0 0.1
transition 588 7 588 0 0.05
transition 588 7 587 0 0.1
transition 588 7 625 0 0.1
transition 599 7 612 0 0.09523809523809523
transition 599 7 606 0 0.09523809523809523
transition 599 7 602 0 0.09523809523809523
transition 599 7 600 0 0.09523809523809523
transition 599 7 599 0 0.047619047619047616
transition 599 7 598 0 0.09523809523809523
transition 599 7 597 0 0.09523809523809523
transition 599 7 596 0 0.09523809523809523
transition 599 7 595 0 0.09523809523809523
transition 599 7 594 0 0.09523809523809523
transition 599 7 625 0 0.09523809523809523
transition 603 7 617 0 0.1
transition 603 7 610 0 0.1
transition 603 7 605 0 0.05
transition 603 7 604 0 0.1
transition 603 7 603 0 0.05
transition 603 7 625 0 0.1
transition 608 7 618 0 0.1
transition 608 7 611 0 0.05
transition 608 7 610 0 0.1
transition 608 7 609 0 0.1
transition 608 7 608 0 0.05
transition 608 7 607 0 0.1
transition 608 7 625 0 0.1
transition 615 7 621 0 0.05
transition 615 7 618 0 0.1
transition 615 7 617 0 0.1
transition 615 7 616 0 0.1
transition 615 7 615 0 0.05
transition 615 7 614 0 0.1
transition 615 7 613 0 0.1
transition 615 7 625 0 0.1
transition 7 8 255 0 0.08
transition 7 8 122 0 0.08
transition 7 8 67 0 0.08
transition 7 8 40 0 0.08
transition 7 8 25 0 0.08
transition 7 8 17 0 0.08
transition 7 8 11 0 0.08
transition 7 8 7 0 0.04
transition 7 8 5 0 0.08
transition 7 8 4 0 0.08
transition 7 8 3 0 0.08
transition 7 8 2 0 0.08
transition 7 8 1 0 0.08
transition 8 8 259 0 0.08333333333333333
transition 8 8 126 0 0.08333333333333333
transition 8 8 71 0 0.08333333333333333
transition 8 8 44 0 0.08333333333333333
transition 8 8 29 0 0.08333333333333333
transition 8 8 20 0 0.08333333333333333
transition 8 8 13 0 0.08333333333333333
transition 8 8 8 0 0.041666666666666664
transition 8 8 625 0 0.08333333333333333
transition 9 8 260 0 0.08333333333333333
transition 9 8 127 0 0.08333333333333333
transition 9 8 72 0 0.08333333333333333
transition 9 8 45 0 0.08333333333333333
transition 9 8 30 0 0.08333333333333333
transition 9 8 21 0 0.08333333333333333
transition 9 8 14 0 0.08333333333333333
transition 9 8 9 0 0.041666666666666664
transition 9 8 6 0 0.041666666666666664
transition 9 8 625 0 0.08333333333333333
transition 10 8 261 0 0.08333333333333333
transition 10 8 128 0 0.08333333333333333
transition 10 8 73 0 0.08333333333333333
transition 10 8 46 0 0.08333333333333333
transition 10 8 31 0 0.08333333333333333
transition 10 8 22 0 0.08333333333333333
transition 10 8 15 0 0.08333333333333333
transition 10 8 9 0 0.08333333333333333
transition 10 8 8 0 0.08333333333333333
transition 10 8 625 0 0.08333333333333333
transition 15 8 264 0 0.08333333333333333
transition 15 8 130 0 0.08333333333333333
transition 15 8 74 0 0.08333333333333333
transition 15 8 47 0 0.08333333333333333
transition 15 8 32 0 0.08333333333333333
transition 15 8 23 0 0.08333333333333333
transition 15 8 16 0 0.041666666666666664
transition 15 8 15 0 0.041666666666666664
transition 15 8 14 0 0.08333333333333333
transition 15 8 13 0 0.08333333333333333
transition 15 8 12 0 0.08333333333333333
transition 15 8 625 0 0.08333333333333333
transition 22 8 269 0 0.08333333333333333
transition 22 8 134 0 0.08333333333333333
transition 22 8 77 0 0.08333333333333333
transition 22 8 49 0 0.08333333333333333
transition 22 8 33 0 0.08333333333333333
transition 22 8 24 0 0.041666666666666664
transition 22 8 23 0 0.08333333333333333
transition 22 8 22 0 0.041666666666666664
transition 22 8 21 0 0.08333333333333333
transition 22 8 20 0 0.08333333333333333
transition 22 8 19 0 0.08333333333333333
transition 22 8 18 0 0.08333333333333333
transition 22 8 625 0 0.08333333333333333
transition 31 8 276 0 0.08333333333333333
transition 31 8 140 0 0.08333333333333333
transition 31 8 82 0 0.08333333333333333
transition 31 8 53 0 0.08333333333333333
transition 31 8 36 0 0.041666666666666664
transition 31 8 33 0 0.08333333333333333
transition 31 8 32 0 0.08333333333333333
transition 31 8 31 0 0.041666666666666664
transition 31 8 30 0 0.08333333333333333
transition 31 8 29 0 0.08333333333333333
transition 31 8 28 0 0.08333333333333333
transition 31 8 27 0 0.08333333333333333
transition 31 8 26 0 0.08333333333333333
transition 37 8 285 0 0.08695652173913043
transition 37 8 147 0 0.08695652173913043
transition 37 8 88 0 0.08695652173913043
transition 37 8 58 0 0.08695652173913043
transition 37 8 39 0 0.08695652173913043
transition 37 8 38 0 0.08695652173913043
transition 37 8 37 0 0.043478260869565216
transition 37 8 625 0 0.08695652173913043
transition 46 8 288 0 0.08333333333333333
transition 46 8 149 0 0.08333333333333333
transition 46 8 89 0 0.08333333333333333
transition 46 8 59 0 0.041666666666666664
transition 46 8 53 0 0.08333333333333333
transition 46 8 49 0 0.08333333333333333
transition 46 8 47 0 0.08333333333333333
transition 46 8 46 0 0.041666666666666664
transition 46 8 45 0 0.08333333333333333
transition 46 8 44 0 0.08333333333333333
transition 46 8 43 0 0.08333333333333333
transition 46 8 42 0 0.08333333333333333
transition 46 8 41 0 0.08333333333333333
transition 50 8 296 0 0.08695652173913043
transition 50 8 156 0 0.08695652173913043
transition 50 8 95 0 0.08695652173913043
transition 50 8 64 0 0.043478260869565216
transition 50 8 57 0 0.08695652173913043
transition 50 8 52 0 0.043478260869565216
transition 50 8 51 0 0.08695652173913043
transition 50 8 50 0 0.043478260869565216
transition 50 8 625 0 0.08695652173913043
transition 55 8 299 0 0.08695652173913043
transition 55 8 158 0 0.08695652173913043
transition 55 8 96 0 0.08695652173913043
transition 55 8 65 0 0.043478260869565216
transition 55 8 58 0 0.043478260869565216
transition 55 8 57 0 0.08695652173913043
transition 55 8 56 0 0.08695652173913043
transition 55 8 55 0 0.043478260869565216
transition 55 8 54 0 0.08695652173913043
transition 55 8 625 0 0.08695652173913043
transition 62 8 304 0 0.08695652173913043
transition 62 8 162 0 0.08695652173913043
transition 62 8 99 0 0.08695652173913043
transition 62 8 65 0 0.08695652173913043
transition 62 8 64 0 0.08695652173913043
transition 62 8 63 0 0.08695652173913043
transition 62 8 62 0 0.043478260869565216
transition 62 8 61 0 0.08695652173913043
transition 62 8 60 0 0.08695652173913043
transition 62 8 625 0 0.08695652173913043
transition 73 8 310 0 0.08333333333333333
transition 73 8 167 0 0.08333333333333333
transition 73 8 103 0 0.041666666666666664
transition 73 8 89 0 0.08333333333333333
transition 73 8 82 0 0.08333333333333333
transition 73 8 77 0 0.08333333333333333
transition 73 8 74 0 0.08333333333333333
transition 73 8 73 0 0.041666666666666664
transition 73 8 72 0 0.08333333333333333
transition 73 8 71 0 0.08333333333333333
transition 73 8 70 0 0.08333333333333333
transition 73 8 69 0 0.08333333333333333
transition 73 8 68 0 0.08333333333333333
transition 75 8 317 0 0.08695652173913043
transition 75 8 174 0 0.08695652173913043
transition 75 8 109 0 0.043478260869565216
transition 75 8 94 0 0.08695652173913043
transition 75 8 86 0 0.08695652173913043
transition 75 8 80 0 0.08695652173913043
transition 75 8 76 0 0.043478260869565216
transition 75 8 75 0 0.043478260869565216
transition 75 8 625 0 0.08695652173913043
transition 79 8 319 0 0.08695652173913043
transition 79 8 175 0 0.08695652173913043
transition 79 8 110 0 0.043478260869565216
transition 79 8 95 0 0.08695652173913043
transition 79 8 87 0 0.08695652173913043
transition 79 8 81 0 0.043478260869565216
transition 79 8 80 0 0.08695652173913043
transition 79 8 79 0 0.043478260869565216
transition 79 8 78 0 0.08695652173913043
transition 79 8 625 0 0.08695652173913043
transition 85 8 323 0 0.08695652173913043
transition 85 8 178 0 0.08695652173913043
transition 85 8 112 0 0.043478260869565216
transition 85 8 96 0 0.08695652173913043
transition 85 8 88 0 0.043478260869565216
transition 85 8 87 0 0.08695652173913043
transition 85 8 86 0 0.08695652173913043
transition 85 8 85 0 0.043478260869565216
transition 85 8 84 0 0.08695652173913043
transition 85 8 83 0 0.08695652173913043
transition 85 8 625 0 0.08695652173913043
transition 93 8 329 0 0.08695652173913043
transition 93 8 183 0 0.08695652173913043
transition 93 8 116 0 0.043478260869565216
transition 93 8 99 0 0.043478260869565216
transition 93 8 96 0 0.08695652173913043
transition 93 8 95 0 0.08695652173913043
transition 93 8 94 0 0.08695652173913043
transition 93 8 93 0 0.043478260869565216
transition 93 8 92 0 0.08695652173913043
transition 93 8 91 0 0.08695652173913043
transition 93 8 90 0 0.08695652173913043
transition 93 8 625 0 0.08695652173913043
transition 108 8 340 0 0.08695652173913043
transition 108 8 191 0 0.08695652173913043
transition 108 8 116 0 0.08695652173913043
transition 108 8 112 0 0.08695652173913043
transition 108 8 110 0 0.08695652173913043
transition 108 8 109 0 0.08695652173913043
transition 108 8 108 0 0.043478260869565216
transition 108 8 107 0 0.08695652173913043
transition 108 8 106 0 0.08695652173913043
transition 108 8 105 0 0.08695652173913043
transition 108 8 104 0 0.08695652173913043
transition 108 8 625 0 0.08695652173913043
transition 117 8 350 0 0.09090909090909091
transition 117 8 199 0 0.09090909090909091
transition 117 8 121 0 0.045454545454545456
transition 117 8 120 0 0.09090909090909091
transition 117 8 119 0 0.09090909090909091
transition 117 8 118 0 0.09090909090909091
transition 117 8 117 0 0.045454545454545456
transition 117 8 625 0 0.09090909090909091
transition 128 8 355 0 0.08333333333333333
transition 128 8 203 0 0.041666666666666664
transition 128 8 167 0 0.08333333333333333
transition 128 8 149 0 0.08333333333333333
transition 128 8 140 0 0.08333333333333333
transition 128 8 134 0 0.08333333333333333
transition 128 8 130 0 0.08333333333333333
transition 128 8 128 0 0.041666666666666664
transition 128 8 127 0 0.08333333333333333
transition 128 8 126 0 0.08333333333333333
transition 128 8 125 0 0.08333333333333333
transition 128 8 124 0 0.08333333333333333
transition 128 8 123 0 0.08333333333333333
transition 129 8 361 0 0.08695652173913043
transition 129 8 209 0 0.043478260869565216
transition 129 8 173 0 0.08695652173913043
transition 129 8 154 0 0.08695652173913043
transition 129 8 144 0 0.08695652173913043
transition 129 8 137 0 0.08695652173913043
transition 129 8 132 0 0.08695652173913043
transition 129 8 625 0 0.08695652173913043
transition 132 8 362 0 0.08695652173913043
transition 132 8 210 0 0.043478260869565216
transition 132 8 174 0 0.08695652173913043
transition 132 8 155 0 0.08695652173913043
transition 132 8 145 0 0.08695652173913043
transition 132 8 138 0 0.08695652173913043
transition 132 8 133 0 0.043478260869565216
transition 132 8 132 0 0.043478260869565216
transition 132 8 131 0 0.08695652173913043
transition 132 8 625 0 0.08695652173913043
transition 137 8 365 0 0.08695652173913043
transition 137 8 212 0 0.043478260869565216
transition 137 8 175 0 0.08695652173913043
transition 137 8 156 0 0.08695652173913043
transition 137 8 146 0 0.08695652173913043
transition 137 8 139 0 0.043478260869565216
transition 137 8 138 0 0.08695652173913043
transition 137 8 137 0 0.043478260869565216
transition 137 8 136 0 0.08695652173913043
transition 137 8 135 0 0.08695652173913043
transition 137 8 625 0 0.08695652173913043
transition 144 8 370 0 0.08695652173913043
transition 144 8 216 0 0.043478260869565216
transition 144 8 178 0 0.08695652173913043
transition 144 8 158 0 0.08695652173913043
transition 144 8 147 0 0.043478260869565216
transition 144 8 146 0 0.08695652173913043
transition 144 8 145 0 0.08695652173913043
transition 144 8 144 0 0.043478260869565216
transition 144 8 143 0 0.08695652173913043
transition 144 8 142 0 0.08695652173913043
transition 144 8 141 0 0.08695652173913043
transition 144 8 625 0 0.08695652173913043
transition 154 8 377 0 0.08695652173913043
transition 154 8 222 0 0.043478260869565216
transition 154 8 183 0 0.08695652173913043
transition 154 8 162 0 0.043478260869565216
transition 154 8 158 0 0.08695652173913043
transition 154 8 156 0 0.08695652173913043
transition 154 8 155 0 0.08695652173913043
transition 154 8 154 0 0.043478260869565216
transition 154 8 153 0 0.08695652173913043
transition 154 8 152 0 0.08695652173913043
transition 154 8 151 0 0.08695652173913043
transition 154 8 150 0 0.08695652173913043
transition 154 8 625 0 0.08695652173913043
transition 163 8 387 0 0.09090909090909091
transition 163 8 230 0 0.045454545454545456
transition 163 8 189 0 0.09090909090909091
transition 163 8 166 0 0.09090909090909091
transition 163 8 165 0 0.09090909090909091
transition 163 8 164 0 0.09090909090909091
transition 163 8 163 0 0.045454545454545456
transition 163 8 625 0 0.09090909090909091
transition 173 8 391 0 0.08695652173913043
transition 173 8 233 0 0.043478260869565216
transition 173 8 191 0 0.043478260869565216
transition 173 8 183 0 0.08695652173913043
transition 173 8 178 0 0.08695652173913043
transition 173 8 175 0 0.08695652173913043
transition 173 8 174 0 0.08695652173913043
transition 173 8 173 0 0.043478260869565216
transition 173 8 172 0 0.08695652173913043
transition 173 8 171 0 0.08695652173913043
transition 173 8 170 0 0.08695652173913043
transition 173 8 169 0 0.08695652173913043
transition 173 8 168 0 0.08695652173913043
transition 179 8 400 0 0.09090909090909091
transition 179 8 240 0 0.045454545454545456
transition 179 8 197 0 0.045454545454545456
transition 179 8 188 0 0.09090909090909091
transition 179 8 182 0 0.045454545454545456
transition 179 8 181 0 0.09090909090909091
transition 179 8 180 0 0.09090909090909091
transition 179 8 179 0 0.045454545454545456
transition 179 8 625 0 0.09090909090909091
transition 185 8 404 0 0.09090909090909091
transition 185 8 243 0 0.045454545454545456
transition 185 8 199 0 0.045454545454545456
transition 185 8 189 0 0.045454545454545456
transition 185 8 188 0 0.09090909090909091
transition 185 8 187 0 0.09090909090909091
transition 185 8 186 0 0.09090909090909091
transition 185 8 185 0 0.045454545454545456
transition 185 8 184 0 0.09090909090909091
transition 185 8 625 0 0.09090909090909091
transition 194 8 410 0 0.09090909090909091
transition 194 8 248 0 0.045454545454545456
transition 194 8 199 0 0.09090909090909091
transition 194 8 197 0 0.09090909090909091
transition 194 8 196 0 0.09090909090909091
transition 194 8 195 0 0.09090909090909091
transition 194 8 194 0 0.045454545454545456
transition 194 8 193 0 0.09090909090909091
transition 194 8 192 0 0.09090909090909091
transition 194 8 625 0 0.09090909090909091
transition 209 8 419 0 0.08695652173913043
transition 209 8 233 0 0.08695652173913043
transition 209 8 222 0 0.08695652173913043
transition 209 8 216 0 0.08695652173913043
transition 209 8 212 0 0.08695652173913043
transition 209 8 210 0 0.08695652173913043
transition 209 8 209 0 0.043478260869565216
transition 209 8 208 0 0.08695652173913043
transition 209 8 207 0 0.08695652173913043
transition 209 8 206 0 0.08695652173913043
transition 209 8 205 0 0.08695652173913043
transition 209 8 204 0 0.08695652173913043
transition 213 8 427 0 0.09090909090909091
transition 213 8 239 0 0.09090909090909091
transition 213 8 227 0 0.09090909090909091
transition 213 8 220 0 0.09090909090909091
transition 213 8 215 0 0.045454545454545456
transition 213 8 214 0 0.09090909090909091
transition 213 8 213 0 0.045454545454545456
transition 213 8 625 0 0.09090909090909091
transition 218 8 430 0 0.09090909090909091
transition 218 8 240 0 0.09090909090909091
transition 218 8 228 0 0.09090909090909091
transition 218 8 221 0 0.045454545454545456
transition 218 8 220 0 0.09090909090909091
transition 218 8 219 0 0.09090909090909091
transition 218 8 218 0 0.045454545454545456
transition 218 8 217 0 0.09090909090909091
transition 218 8 625 0 0.09090909090909091
transition 225 8 435 0 0.09090909090909091
transition 225 8 243 0 0.09090909090909091
transition 225 8 230 0 0.045454545454545456
transition 225 8 228 0 0.09090909090909091
transition 225 8 227 0 0.09090909090909091
transition 225 8 226 0 0.09090909090909091
transition 225 8 225 0 0.045454545454545456
transition 225 8 224 0 0.09090909090909091
transition 225 8 223 0 0.09090909090909091
transition 225 8 625 0 0.09090909090909091
transition 237 8 443 0 0.09090909090909091
transition 237 8 248 0 0.045454545454545456
transition 237 8 243 0 0.09090909090909091
transition 237 8 240 0 0.09090909090909091
transition 237 8 239 0 0.09090909090909091
transition 237 8 238 0 0.09090909090909091
transition 237 8 237 0 0.045454545454545456
transition 237 8 236 0 0.09090909090909091
transition 237 8 235 0 0.09090909090909091
transition 237 8 234 0 0.09090909090909091
transition 237 8 625 0 0.09090909090909091
transition 249 8 455 0 0.09523809523809523
transition 249 8 253 0 0.09523809523809523
transition 249 8 252 0 0.09523809523809523
transition 249 8 251 0 0.09523809523809523
transition 249 8 250 0 0.09523809523809523
transition 249 8 249 0 0.047619047619047616
transition 249 8 625 0 0.09523809523809523
transition 261 8 460 0 0.041666666666666664
transition 261 8 355 0 0.08333333333333333
transition 261 8 310 0 0.08333333333333333
transition 261 8 288 0 0.08333333333333333
transition 261 8 276 0 0.08333333333333333
transition 261 8 269 0 0.08333333333333333
transition 261 8 264 0 0.08333333333333333
transition 261 8 261 0 0.041666666666666664
transition 261 8 260 0 0.08333333333333333
transition 261 8 259 0 0.08333333333333333
transition 261 8 258 0 0.08333333333333333
transition 261 8 257 0 0.08333333333333333
transition 261 8 256 0 0.08333333333333333
transition 262 8 465 0 0.043478260869565216
transition 262 8 360 0 0.08695652173913043
transition 262 8 315 0 0.08695652173913043
transition 262 8 293 0 0.08695652173913043
transition 262 8 280 0 0.08695652173913043
transition 262 8 272 0 0.08695652173913043
transition 262 8 266 0 0.08695652173913043
transition 262 8 262 0 0.043478260869565216
transition 262 8 625 0 0.08695652173913043
transition 263 8 466 0 0.043478260869565216
transition 263 8 361 0 0.08695652173913043
transition 263 8 316 0 0.08695652173913043
transition 263 8 294 0 0.08695652173913043
transition 263 8 281 0 0.08695652173913043
transition 263 8 273 0 0.08695652173913043
transition 263 8 267 0 0.08695652173913043
transition 263 8 262 0 0.08695652173913043
transition 263 8 625 0 0.08695652173913043
transition 267 8 468 0 0.043478260869565216
transition 267 8 362 0 0.08695652173913043
transition 267 8 317 0 0.08695652173913043
transition 267 8 295 0 0.08695652173913043
transition 267 8 282 0 0.08695652173913043
transition 267 8 274 0 0.08695652173913043
transition 267 8 268 0 0.043478260869565216
transition 267 8 267 0 0.043478260869565216
transition 267 8 266 0 0.08695652173913043
transition 267 8 265 0 0.08695652173913043
transition 267 8 625 0 0.08695652173913043
transition 273 8 472 0 0.043478260869565216
transition 273 8 365 0 0.08695652173913043
transition 273 8 319 0 0.08695652173913043
transition 273 8 296 0 0.08695652173913043
transition 273 8 283 0 0.08695652173913043
transition 273 8 275 0 0.043478260869565216
transition 273 8 274 0 0.08695652173913043
transition 273 8 273 0 0.043478260869565216
transition 273 8 272 0 0.08695652173913043
transition 273 8 271 0 0.08695652173913043
transition 273 8 270 0 0.08695652173913043
transition 273 8 625 0 0.08695652173913043
transition 281 8 478 0 0.043478260869565216
transition 281 8 370 0 0.08695652173913043
transition 281 8 323 0 0.08695652173913043
transition 281 8 299 0 0.08695652173913043
transition 281 8 285 0 0.043478260869565216
transition 281 8 283 0 0.08695652173913043
transition 281 8 282 0 0.08695652173913043
transition 281 8 281 0 0.043478260869565216
transition 281 8 280 0 0.08695652173913043
transition 281 8 279 0 0.08695652173913043
transition 281 8 278 0 0.08695652173913043
transition 281 8 277 0 0.08695652173913043
transition 281 8 625 0 0.08695652173913043
transition 294 8 487 0 0.043478260869565216
transition 294 8 377 0 0.08695652173913043
transition 294 8 329 0 0.08695652173913043
transition 294 8 304 0 0.043478260869565216
transition 294 8 299 0 0.08695652173913043
transition 294 8 296 0 0.08695652173913043
transition 294 8 295 0 0.08695652173913043
transition 294 8 294 0 0.043478260869565216
transition 294 8 293 0 0.08695652173913043
transition 294 8 292 0 0.08695652173913043
transition 294 8 291 0 0.08695652173913043
transition 294 8 290 0 0.08695652173913043
transition 294 8 289 0 0.08695652173913043
transition 300 8 496 0 0.045454545454545456
transition 300 8 384 0 0.09090909090909091
transition 300 8 335 0 0.09090909090909091
transition 300 8 309 0 0.045454545454545456
transition 300 8 303 0 0.045454545454545456
transition 300 8 302 0 0.09090909090909091
transition 300 8 301 0 0.09090909090909091
transition 300 8 300 0 0.045454545454545456
transition 300 8 625 0 0.09090909090909091
transition 306 8 500 0 0.045454545454545456
transition 306 8 387 0 0.09090909090909091
transition 306 8 337 0 0.09090909090909091
transition 306 8 309 0 0.09090909090909091
transition 306 8 308 0 0.09090909090909091
transition 306 8 307 0 0.09090909090909091
transition 306 8 306 0 0.045454545454545456
transition 306 8 305 0 0.09090909090909091
transition 306 8 625 0 0.09090909090909091
transition 316 8 505 0 0.043478260869565216
transition 316 8 391 0 0.08695652173913043
transition 316 8 340 0 0.043478260869565216
transition 316 8 329 0 0.08695652173913043
transition 316 8 323 0 0.08695652173913043
transition 316 8 319 0 0.08695652173913043
transition 316 8 317 0 0.08695652173913043
transition 316 8 316 0 0.043478260869565216
transition 316 8 315 0 0.08695652173913043
transition 316 8 314 0 0.08695652173913043
transition 316 8 313 0 0.08695652173913043
transition 316 8 312 0 0.08695652173913043
transition 316 8 311 0 0.08695652173913043
transition 320 8 513 0 0.045454545454545456
transition 320 8 398 0 0.09090909090909091
transition 320 8 346 0 0.045454545454545456
transition 320 8 334 0 0.09090909090909091
transition 320 8 327 0 0.09090909090909091
transition 320 8 322 0 0.045454545454545456
transition 320 8 321 0 0.09090909090909091
transition 320 8 320 0 0.045454545454545456
transition 320 8 625 0 0.09090909090909091
transition 325 8 516 0 0.045454545454545456
transition 325 8 400 0 0.09090909090909091
transition 325 8 347 0 0.045454545454545456
transition 325 8 335 0 0.09090909090909091
transition 325 8 328 0 0.045454545454545456
transition 325 8 327 0 0.09090909090909091
transition 325 8 326 0 0.09090909090909091
transition 325 8 325 0 0.045454545454545456
transition 325 8 324 0 0.09090909090909091
transition 325 8 625 0 0.09090909090909091
transition 332 8 521 0 0.045454545454545456
transition 332 8 404 0 0.09090909090909091
transition 332 8 350 0 0.045454545454545456
transition 332 8 337 0 0.045454545454545456
transition 332 8 335 0 0.09090909090909091
transition 332 8 334 0 0.09090909090909091
transition 332 8 333 0 0.09090909090909091
transition 332 8 332 0 0.045454545454545456
transition 332 8 331 0 0.09090909090909091
transition 332 8 330 0 0.09090909090909091
transition 332 8 625 0 0.09090909090909091
transition 344 8 529 0 0.045454545454545456
transition 344 8 410 0 0.09090909090909091
transition 344 8 350 0 0.09090909090909091
transition 344 8 347 0 0.09090909090909091
transition 344 8 346 0 0.09090909090909091
transition 344 8 345 0 0.09090909090909091
transition 344 8 344 0 0.045454545454545456
transition 344 8 343 0 0.09090909090909091
transition 344 8 342 0 0.09090909090909091
transition 344 8 341 0 0.09090909090909091
transition 344 8 625 0 0.09090909090909091
transition 361 8 541 0 0.043478260869565216
transition 361 8 419 0 0.043478260869565216
transition 361 8 391 0 0.08695652173913043
transition 361 8 377 0 0.08695652173913043
transition 361 8 370 0 0.08695652173913043
transition 361 8 365 0 0.08695652173913043
transition 361 8 362 0 0.08695652173913043
transition 361 8 361 0 0.043478260869565216
transition 361 8 360 0 0.08695652173913043
transition 361 8 359 0 0.08695652173913043
transition 361 8 358 0 0.08695652173913043
transition 361 8 357 0 0.08695652173913043
transition 361 8 356 0 0.08695652173913043
transition 363 8 548 0 0.045454545454545456
transition 363 8 426 0 0.045454545454545456
transition 363 8 397 0 0.09090909090909091
transition 363 8 382 0 0.09090909090909091
transition 363 8 374 0 0.09090909090909091
transition 363 8 368 0 0.09090909090909091
transition 363 8 364 0 0.045454545454545456
transition 363 8 363 0 0.045454545454545456
transition 363 8 625 0 0.09090909090909091
transition 367 8 550 0 0.045454545454545456
transition 367 8 427 0 0.045454545454545456
transition 367 8 398 0 0.09090909090909091
transition 367 8 383 0 0.09090909090909091
transition 367 8 375 0 0.09090909090909091
transition 367 8 369 0 0.045454545454545456
transition 367 8 368 0 0.09090909090909091
transition 367 8 367 0 0.045454545454545456
transition 367 8 366 0 0.09090909090909091
transition 367 8 625 0 0.09090909090909091
transition 373 8 554 0 0.045454545454545456
transition 373 8 430 0 0.045454545454545456
transition 373 8 400 0 0.09090909090909091
transition 373 8 384 0 0.09090909090909091
transition 373 8 376 0 0.045454545454545456
transition 373 8 375 0 0.09090909090909091
transition 373 8 374 0 0.09090909090909091
transition 373 8 373 0 0.045454545454545456
transition 373 8 372 0 0.09090909090909091
transition 373 8 371 0 0.09090909090909091
transition 373 8 625 0 0.09090909090909091
transition 381 8 560 0 0.045454545454545456
transition 381 8 435 0 0.045454545454545456
transition 381 8 404 0 0.09090909090909091
transition 381 8 387 0 0.045454545454545456
transition 381 8 384 0 0.09090909090909091
transition 381 8 383 0 0.09090909090909091
transition 381 8 382 0 0.09090909090909091
transition 381 8 381 0 0.045454545454545456
transition 381 8 380 0 0.09090909090909091
transition 381 8 379 0 0.09090909090909091
transition 381 8 378 0 0.09090909090909091
transition 381 8 625 0 0.09090909090909091
transition 396 8 571 0 0.045454545454545456
transition 396 8 443 0 0.045454545454545456
transition 396 8 410 0 0.045454545454545456
transition 396 8 404 0 0.09090909090909091
transition 396 8 400 0 0.09090909090909091
transition 396 8 398 0 0.09090909090909091
transition 396 8 397 0 0.09090909090909091
transition 396 8 396 0 0.045454545454545456
transition 396 8 395 0 0.09090909090909091
transition 396 8 394 0 0.09090909090909091
transition 396 8 393 0 0.09090909090909091
transition 396 8 392 0 0.09090909090909091
transition 396 8 625 0 0.09090909090909091
transition 405 8 581 0 0.047619047619047616
transition 405 8 451 0 0.047619047619047616
transition 405 8 416 0 0.047619047619047616
transition 405 8 409 0 0.047619047619047616
transition 405 8 408 0 0.09523809523809523
transition 405 8 407 0 0.09523809523809523
transition 405 8 406 0 0.09523809523809523
transition 405 8 405 0 0.047619047619047616
transition 405 8 625 0 0.09523809523809523
transition 412 8 586 0 0.047619047619047616
transition 412 8 455 0 0.047619047619047616
transition 412 8 416 0 0.09523809523809523
transition 412 8 415 0 0.09523809523809523
transition 412 8 414 0 0.09523809523809523
transition 412 8 413 0 0.09523809523809523
transition 412 8 412 0 0.047619047619047616
transition 412 8 411 0 0.09523809523809523
transition 412 8 625 0 0.09523809523809523
transition 425 8 593 0 0.045454545454545456
transition 425 8 443 0 0.09090909090909091
transition 425 8 435 0 0.09090909090909091
transition 425 8 430 0 0.09090909090909091
transition 425 8 427 0 0.09090909090909091
transition 425 8 426 0 0.09090909090909091
transition 425 8 425 0 0.045454545454545456
transition 425 8 424 0 0.09090909090909091
transition 425 8 423 0 0.09090909090909091
transition 425 8 422 0 0.09090909090909091
transition 425 8 421 0 0.09090909090909091
transition 425 8 420 0 0.09090909090909091
transition 431 8 602 0 0.047619047619047616
transition 431 8 449 0 0.09523809523809523
transition 431 8 440 0 0.09523809523809523
transition 431 8 434 0 0.047619047619047616
transition 431 8 433 0 0.09523809523809523
transition 431 8 432 0 0.09523809523809523
transition 431 8 431 0 0.047619047619047616
transition 431 8 625 0 0.09523809523809523
transition 437 8 606 0 0.047619047619047616
transition 437 8 451 0 0.09523809523809523
transition 437 8 441 0 0.047619047619047616
transition 437 8 440 0 0.09523809523809523
transition 437 8 439 0 0.09523809523809523
transition 437 8 438 0 0.09523809523809523
transition 437 8 437 0 0.047619047619047616
transition 437 8 436 0 0.09523809523809523
transition 437 8 625 0 0.09523809523809523
transition 446 8 612 0 0.047619047619047616
transition 446 8 455 0 0.047619047619047616
transition 446 8 451 0 0.09523809523809523
transition 446 8 449 0 0.09523809523809523
transition 446 8 448 0 0.09523809523809523
transition 446 8 447 0 0.09523809523809523
transition 446 8 446 0 0.047619047619047616
transition 446 8 445 0 0.09523809523809523
transition 446 8 444 0 0.09523809523809523
transition 446 8 625 0 0.09523809523809523
transition 466 8 541 0 0.08695652173913043
transition 466 8 505 0 0.08695652173913043
transition 466 8 487 0 0.08695652173913043
transition 466 8 478 0 0.08695652173913043
transition 466 8 472 0 0.08695652173913043
transition 466 8 468 0 0.08695652173913043
transition 466 8 466 0 0.043478260869565216
transition 466 8 465 0 0.08695652173913043
transition 466 8 464 0 0.08695652173913043
transition 466 8 463 0 0.08695652173913043
transition 466 8 462 0 0.08695652173913043
transition 466 8 461 0 0.08695652173913043
transition 467 8 547 0 0.09090909090909091
transition 467 8 511 0 0.09090909090909091
transition 467 8 492 0 0.09090909090909091
transition 467 8 482 0 0.09090909090909091
transition 467 8 475 0 0.09090909090909091
transition 467 8 470 0 0.09090909090909091
transition 467 8 625 0 0.09090909090909091
transition 470 8 548 0 0.09090909090909091
transition 470 8 512 0 0.09090909090909091
transition 470 8 493 0 0.09090909090909091
transition 470 8 483 0 0.09090909090909091
transition 470 8 476 0 0.09090909090909091
transition 470 8 471 0 0.045454545454545456
transition 470 8 470 0 0.045454545454545456
transition 470 8 469 0 0.09090909090909091
transition 470 8 625 0 0.09090909090909091
transition 475 8 550 0 0.09090909090909091
transition 475 8 513 0 0.09090909090909091
transition 475 8 494 0 0.09090909090909091
transition 475 8 484 0 0.09090909090909091
transition 475 8 477 0 0.045454545454545456
transition 475 8 476 0 0.09090909090909091
transition 475 8 475 0 0.045454545454545456
transition 475 8 474 0 0.09090909090909091
transition 475 8 473 0 0.09090909090909091
transition 475 8 625 0 0.09090909090909091
transition 482 8 554 0 0.09090909090909091
transition 482 8 516 0 0.09090909090909091
transition 482 8 496 0 0.09090909090909091
transition 482 8 485 0 0.045454545454545456
transition 482 8 484 0 0.09090909090909091
transition 482 8 483 0 0.09090909090909091
transition 482 8 482 0 0.045454545454545456
transition 482 8 481 0 0.09090909090909091
transition 482 8 480 0 0.09090909090909091
transition 482 8 479 0 0.09090909090909091
transition 482 8 625 0 0.09090909090909091
transition 492 8 560 0 0.09090909090909091
transition 492 8 521 0 0.09090909090909091
transition 492 8 500 0 0.045454545454545456
transition 492 8 496 0 0.09090909090909091
transition 492 8 494 0 0.09090909090909091
transition 492 8 493 0 0.09090909090909091
transition 492 8 492 0 0.045454545454545456
transition 492 8 491 0 0.09090909090909091
transition 492 8 490 0 0.09090909090909091
transition 492 8 489 0 0.09090909090909091
transition 492 8 488 0 0.09090909090909091
transition 492 8 625 0 0.09090909090909091
transition 501 8 568 0 0.09523809523809523
transition 501 8 527 0 0.09523809523809523
transition 501 8 504 0 0.09523809523809523
transition 501 8 503 0 0.09523809523809523
transition 501 8 502 0 0.09523809523809523
transition 501 8 501 0 0.047619047619047616
transition 501 8 625 0 0.09523809523809523
transition 511 8 571 0 0.09090909090909091
transition 511 8 529 0 0.045454545454545456
transition 511 8 521 0 0.09090909090909091
transition 511 8 516 0 0.09090909090909091
transition 511 8 513 0 0.09090909090909091
transition 511 8 512 0 0.09090909090909091
transition 511 8 511 0 0.045454545454545456
transition 511 8 510 0 0.09090909090909091
transition 511 8 509 0 0.09090909090909091
transition 511 8 508 0 0.09090909090909091
transition 511 8 507 0 0.09090909090909091
transition 511 8 506 0 0.09090909090909091
transition 517 8 578 0 0.09523809523809523
transition 517 8 535 0 0.047619047619047616
transition 517 8 526 0 0.09523809523809523
transition 517 8 520 0 0.047619047619047616
transition 517 8 519 0 0.09523809523809523
transition 517 8 518 0 0.09523809523809523
transition 517 8 517 0 0.047619047619047616
transition 517 8 625 0 0.09523809523809523
transition 523 8 581 0 0.09523809523809523
transition 523 8 537 0 0.047619047619047616
transition 523 8 527 0 0.047619047619047616
transition 523 8 526 0 0.09523809523809523
transition 523 8 525 0 0.09523809523809523
transition 523 8 524 0 0.09523809523809523
transition 523 8 523 0 0.047619047619047616
transition 523 8 522 0 0.09523809523809523
transition 523 8 625 0 0.09523809523809523
transition 532 8 586 0 0.09523809523809523
transition 532 8 537 0 0.09523809523809523
transition 532 8 535 0 0.09523809523809523
transition 532 8 534 0 0.09523809523809523
transition 532 8 533 0 0.09523809523809523
transition 532 8 532 0 0.047619047619047616
transition 532 8 531 0 0.09523809523809523
transition 532 8 530 0 0.09523809523809523
transition 532 8 625 0 0.09523809523809523
transition 547 8 593 0 0.045454545454545456
transition 547 8 571 0 0.09090909090909091
transition 547 8 560 0 0.09090909090909091
transition 547 8 554 0 0.09090909090909091
transition 547 8 550 0 0.09090909090909091
transition 547 8 548 0 0.09090909090909091
transition 547 8 547 0 0.045454545454545456
transition 547 8 546 0 0.09090909090909091
transition 547 8 545 0 0.09090909090909091
transition 547 8 544 0 0.09090909090909091
transition 547 8 543 0 0.09090909090909091
transition 547 8 542 0 0.09090909090909091
transition 551 8 600 0 0.047619047619047616
transition 551 8 577 0 0.09523809523809523
transition 551 8 565 0 0.09523809523809523
transition 551 8 558 0 0.09523809523809523
transition 551 8 553 0 0.047619047619047616
transition 551 8 552 0 0.09523809523809523
transition 551 8 551 0 0.047619047619047616
transition 551 8 625 0 0.09523809523809523
transition 556 8 602 0 0.047619047619047616
transition 556 8 578 0 0.09523809523809523
transition 556 8 566 0 0.09523809523809523
transition 556 8 559 0 0.047619047619047616
transition 556 8 558 0 0.09523809523809523
transition 556 8 557 0 0.09523809523809523
transition 556 8 556 0 0.047619047619047616
transition 556 8 555 0 0.09523809523809523
transition 556 8 625 0 0.09523809523809523
transition 563 8 606 0 0.047619047619047616
transition 563 8 581 0 0.09523809523809523
transition 563 8 568 0 0.047619047619047616
transition 563 8 566 0 0.09523809523809523
transition 563 8 565 0 0.09523809523809523
transition 563 8 564 0 0.09523809523809523
transition 563 8 563 0 0.047619047619047616
transition 563 8 562 0 0.09523809523809523
transition 563 8 561 0 0.09523809523809523
transition 563 8 625 0 0.09523809523809523
transition 575 8 612 0 0.047619047619047616
transition 575 8 586 0 0.047619047619047616
transition 575 8 581 0 0.09523809523809523
transition 575 8 578 0 0.09523809523809523
transition 575 8 577 0 0.09523809523809523
transition 575 8 576 0 0.09523809523809523
transition 575 8 575 0 0.047619047619047616
transition 575 8 574 0 0.09523809523809523
transition 575 8 573 0 0.09523809523809523
transition 575 8 572 0 0.09523809523809523
transition 575 8 625 0 0.09523809523809523
transition 587 8 621 0 0.05
transition 587 8 591 0 0.1
transition 587 8 590 0 0.1
transition 587 8 589 0 0.1
transition 587 8 588 0 0.1
transition 587 8 587 0 0.05
transition 587 8 625 0 0.1
transition 598 8 612 0 0.09523809523809523
transition 598 8 606 0 0.09523809523809523
transition 598 8 602 0 0.09523809523809523
transition 598 8 600 0 0.09523809523809523
transition 598 8 599 0 0.09523809523809523
transition 598 8 598 0 0.047619047619047616
transition 598 8 597 0 0.09523809523809523
transition 598 8 596 0 0.09523809523809523
transition 598 8 595 0 0.09523809523809523
transition 598 8 594 0 0.09523809523809523
transition 598 8 625 0 0.09523809523809523
transition 607 8 618 0 0.1
transition 607 8 611 0 0.05
transition 607 8 610 0 0.1
transition 607 8 609 0 0.1
transition 607 8 608 0 0.1
transition 607 8 607 0 0.05
transition 607 8 625 0 0.1
transition 614 8 621 0 0.05
transition 614 8 618 0 0.1
transition 614 8 617 0 0.1
transition 614 8 616 0 0.1
transition 614 8 615 0 0.1
transition 614 8 614 0 0.05
transition 614 8 613 0 0.1
transition 614 8 625 0 0.1
transition 5 9 255 0 0.08
transition 5 9 122 0 0.08
transition 5 9 67 0 0.08
transition 5 9 40 0 0.08
transition 5 9 25 0 0.08
transition 5 9 17 0 0.08
transition 5 9 11 0 0.08
transition 5 9 7 0 0.08
transition 5 9 5 0 0.04
transition 5 9 4 0 0.08
transition 5 9 3 0 0.08
transition 5 9 2 0 0.08
transition 5 9 1 0 0.08
transition 6 9 260 0 0.08333333333333333
transition 6 9 127 0 0.08333333333333333
transition 6 9 72 0 0.08333333333333333
transition 6 9 45 0 0.08333333333333333
transition 6 9 30 0 0.08333333333333333
transition 6 9 21 0 0.08333333333333333
transition 6 9 14 0 0.08333333333333333
transition 6 9 9 0 0.08333333333333333
transition 6 9 625 0 0.08333333333333333
transition 9 9 261 0 0.08333333333333333
transition 9 9 128 0 0.08333333333333333
transition 9 9 73 0 0.08333333333333333
transition 9 9 46 0 0.08333333333333333
transition 9 9 31 0 0.08333333333333333
transition 9 9 22 0 0.08333333333333333
transition 9 9 15 0 0.08333333333333333
transition 9 9 10 0 0.041666666666666664
transition 9 9 9 0 0.041666666666666664
transition 9 9 8 0 0.08333333333333333
transition 9 9 625 0 0.08333333333333333
transition 14 9 264 0 0.08333333333333333
transition 14 9 130 0 0.08333333333333333
transition 14 9 74 0 0.08333333333333333
transition 14 9 47 0 0.08333333333333333
transition 14 9 32 0 0.08333333333333333
transition 14 9 23 0 0.08333333333333333
transition 14 9 16 0 0.041666666666666664
transition 14 9 15 0 0.08333333333333333
transition 14 9 14 0 0.041666666666666664
transition 14 9 13 0 0.08333333333333333
transition 14 9 12 0 0.08333333333333333
transition 14 9 625 0 0.08333333333333333
transition 21 9 269 0 0.08333333333333333
transition 21 9 134 0 0.08333333333333333
transition 21 9 77 0 0.08333333333333333
transition 21 9 49 0 0.08333333333333333
transition 21 9 33 0 0.08333333333333333
transition 21 9 24 0 0.041666666666666664
transition 21 9 23 0 0.08333333333333333
transition 21 9 22 0 0.08333333333333333
transition 21 9 21 0 0.041666666666666664
transition 21 9 20 0 0.08333333333333333
transition 21 9 19 0 0.08333333333333333
transition 21 9 18 0 0.08333333333333333
transition 21 9 625 0 0.08333333333333333
transition 30 9 276 0 0.08333333333333333
transition 30 9 140 0 0.08333333333333333
transition 30 9 82 0 0.08333333333333333
transition 30 9 53 0 0.08333333333333333
transition 30 9 36 0 0.041666666666666664
transition 30 9 33 0 0.08333333333333333
transition 30 9 32 0 0.08333333333333333
transition 30 9 31 0 0.08333333333333333
transition 30 9 30 0 0.041666666666666664
transition 30 9 29 0 0.08333333333333333
transition 30 9 28 0 0.08333333333333333
transition 30 9 27 0 0.08333333333333333
transition 30 9 26 0 0.08333333333333333
transition 45 9 288 0 0.08333333333333333
transition 45 9 149 0 0.08333333333333333
transition 45 9 89 0 0.08333333333333333
transition 45 9 59 0 0.041666666666666664
transition 45 9 53 0 0.08333333333333333
transition 45 9 49 0 0.08333333333333333
transition 45 9 47 0 0.08333333333333333
transition 45 9 46 0 0.08333333333333333
transition 45 9 45 0 0.041666666666666664
transition 45 9 44 0 0.08333333333333333
transition 45 9 43 0 0.08333333333333333
transition 45 9 42 0 0.08333333333333333
transition 45 9 41 0 0.08333333333333333
transition 54 9 299 0 0.08695652173913043
transition 54 9 158 0 0.08695652173913043
transition 54 9 96 0 0.08695652173913043
transition 54 9 65 0 0.043478260869565216
transition 54 9 58 0 0.043478260869565216
transition 54 9 57 0 0.08695652173913043
transition 54 9 56 0 0.08695652173913043
transition 54 9 55 0 0.08695652173913043
transition 54 9 54 0 0.043478260869565216
transition 54 9 625 0 0.08695652173913043
transition 61 9 304 0 0.08695652173913043
transition 61 9 162 0 0.08695652173913043
transition 61 9 99 0 0.08695652173913043
transition 61 9 65 0 0.08695652173913043
transition 61 9 64 0 0.08695652173913043
transition 61 9 63 0 0.08695652173913043
transition 61 9 62 0 0.08695652173913043
transition 61 9 61 0 0.043478260869565216
transition 61 9 60 0 0.08695652173913043
transition 61 9 625 0 0.08695652173913043
transition 72 9 310 0 0.08333333333333333
transition 72 9 167 0 0.08333333333333333
transition 72 9 103 0 0.041666666666666664
transition 72 9 89 0 0.08333333333333333
transition 72 9 82 0 0.08333333333333333
transition 72 9 77 0 0.08333333333333333
transition 72 9 74 0 0.08333333333333333
transition 72 9 73 0 0.08333333333333333
transition 72 9 72 0 0.041666666666666664
transition 72 9 71 0 0.08333333333333333
transition 72 9 70 0 0.08333333333333333
transition 72 9 69 0 0.08333333333333333
transition 72 9 68 0 0.08333333333333333
transition 78 9 319 0 0.08695652173913043
transition 78 9 175 0 0.08695652173913043
transition 78 9 110 0 0.043478260869565216
transition 78 9 95 0 0.08695652173913043
transition 78 9 87 0 0.08695652173913043
transition 78 9 81 0 0.043478260869565216
transition 78 9 80 0 0.08695652173913043
transition 78 9 79 0 0.08695652173913043
transition 78 9 78 0 0.043478260869565216
transition 78 9 625 0 0.08695652173913043
transition 84 9 323 0 0.08695652173913043
transition 84 9 178 0 0.08695652173913043
transition 84 9 112 0 0.043478260869565216
transition 84 9 96 0 0.08695652173913043
transition 84 9 88 0 0.043478260869565216
transition 84 9 87 0 0.08695652173913043
transition 84 9 86 0 0.08695652173913043
transition 84 9 85 0 0.08695652173913043
transition 84 9 84 0 0.043478260869565216
transition 84 9 83 0 0.08695652173913043
transition 84 9 625 0 0.08695652173913043
transition 92 9 329 0 0.08695652173913043
transition 92 9 183 0 0.08695652173913043
transition 92 9 116 0 0.043478260869565216
transition 92 9 99 0 0.043478260869565216
transition 92 9 96 0 0.08695652173913043
transition 92 9 95 0 0.08695652173913043
transition 92 9 94 0 0.08695652173913043
transition 92 9 93 0 0.08695652173913043
transition 92 9 92 0 0.043478260869565216
transition 92 9 91 0 0.08695652173913043
transition 92 9 90 0 0.08695652173913043
transition 92 9 625 0 0.08695652173913043
transition 107 9 340 0 0.08695652173913043
transition 107 9 191 0 0.08695652173913043
transition 107 9 116 0 0.08695652173913043
transition 107 9 112 0 0.08695652173913043
transition 107 9 110 0 0.08695652173913043
transition 107 9 109 0 0.08695652173913043
transition 107 9 108 0 0.08695652173913043
transition 107 9 107 0 0.043478260869565216
transition 107 9 106 0 0.08695652173913043
transition 107 9 105 0 0.08695652173913043
transition 107 9 104 0 0.08695652173913043
transition 107 9 625 0 0.08695652173913043
transition 127 9 355 0 0.08333333333333333
transition 127 9 203 0 0.041666666666666664
transition 127 9 167 0 0.08333333333333333
transition 127 9 149 0 0.08333333333333333
transition 127 9 140 0 0.08333333333333333
transition 127 9 134 0 0.08333333333333333
transition 127 9 130 0 0.08333333333333333
transition 127 9 128 0 0.08333333333333333
transition 127 9 127 0 0.041666666666666664
transition 127 9 126 0 0.08333333333333333
transition 127 9 125 0 0.08333333333333333
transition 127 9 124 0 0.08333333333333333
transition 127 9 123 0 0.08333333333333333
transition 131 9 362 0 0.08695652173913043
transition 131 9 210 0 0.043478260869565216
transition 131 9 174 0 0.08695652173913043
transition 131 9 155 0 0.08695652173913043
transition 131 9 145 0 0.08695652173913043
transition 131 9 138 0 0.08695652173913043
transition 131 9 133 0 0.043478260869565216
transition 131 9 132 0 0.08695652173913043
transition 131 9 131 0 0.043478260869565216
transition 131 9 625 0 0.08695652173913043
transition 136 9 365 0 0.08695652173913043
transition 136 9 212 0 0.043478260869565216
transition 136 9 175 0 0.08695652173913043
transition 136 9 156 0 0.08695652173913043
transition 136 9 146 0 0.08695652173913043
transition 136 9 139 0 0.043478260869565216
transition 136 9 138 0 0.08695652173913043
transition 136 9 137 0 0.08695652173913043
transition 136 9 136 0 0.043478260869565216
transition 136 9 135 0 0.08695652173913043
transition 136 9 625 0 0.08695652173913043
transition 143 9 370 0 0.08695652173913043
transition 143 9 216 0 0.043478260869565216
transition 143 9 178 0 0.08695652173913043
transition 143 9 158 0 0.08695652173913043
transition 143 9 147 0 0.043478260869565216
transition 143 9 146 0 0.08695652173913043
transition 143 9 145 0 0.08695652173913043
transition 143 9 144 0 0.08695652173913043
transition 143 9 143 0 0.043478260869565216
transition 143 9 142 0 0.08695652173913043
transition 143 9 141 0 0.08695652173913043
transition 143 9 625 0 0.08695652173913043
transition 153 9 377 0 0.08695652173913043
transition 153 9 222 0 0.043478260869565216
transition 153 9 183 0 0.08695652173913043
transition 153 9 162 0 0.043478260869565216
transition 153 9 158 0 0.08695652173913043
transition 153 9 156 0 0.08695652173913043
transition 153 9 155 0 0.08695652173913043
transition 153 9 154 0 0.08695652173913043
transition 153 9 153 0 0.043478260869565216
transition 153 9 152 0 0.08695652173913043
transition 153 9 151 0 0.08695652173913043
transition 153 9 150 0 0.08695652173913043
transition 153 9 625 0 0.08695652173913043
transition 172 9 391 0 0.08695652173913043
transition 172 9 233 0 0.043478260869565216
transition 172 9 191 0 0.043478260869565216
transition 172 9 183 0 0.08695652173913043
transition 172 9 178 0 0.08695652173913043
transition 172 9 175 0 0.08695652173913043
transition 172 9 174 0 0.08695652173913043
transition 172 9 173 0 0.08695652173913043
transition 172 9 172 0 0.043478260869565216
transition 172 9 171 0 0.08695652173913043
transition 172 9 170 0 0.08695652173913043
transition 172 9 169 0 0.08695652173913043
transition 172 9 168 0 0.08695652173913043
transition 184 9 404 0 0.09090909090909091
transition 184 9 243 0 0.045454545454545456
transition 184 9 199 0 0.045454545454545456
transition 184 9 189 0 0.045454545454545456
transition 184 9 188 0 0.09090909090909091
transition 184 9 187 0 0.09090909090909091
transition 184 9 186 0 0.09090909090909091
transition 184 9 185 0 0.09090909090909091
transition 184 9 184 0 0.045454545454545456
transition 184 9 625 0 0.09090909090909091
transition 193 9 410 0 0.09090909090909091
transition 193 9 248 0 0.045454545454545456
transition 193 9 199 0 0.09090909090909091
transition 193 9 197 0 0.09090909090909091
transition 193 9 196 0 0.09090909090909091
transition 193 9 195 0 0.09090909090909091
transition 193 9 194 0 0.09090909090909091
transition 193 9 193 0 0.045454545454545456
transition 193 9 192 0 0.09090909090909091
transition 193 9 625 0 0.09090909090909091
transition 208 9 419 0 0.08695652173913043
transition 208 9 233 0 0.08695652173913043
transition 208 9 222 0 0.08695652173913043
transition 208 9 216 0 0.08695652173913043
transition 208 9 212 0 0.08695652173913043
transition 208 9 210 0 0.08695652173913043
transition 208 9 209 0 0.08695652173913043
transition 208 9 208 0 0.043478260869565216
transition 208 9 207 0 0.08695652173913043
transition 208 9 206 0 0.08695652173913043
transition 208 9 205 0 0.08695652173913043
transition 208 9 204 0 0.08695652173913043
transition 217 9 430 0 0.09090909090909091
transition 217 9 240 0 0.09090909090909091
transition 217 9 228 0 0.09090909090909091
transition 217 9 221 0 0.045454545454545456
transition 217 9 220 0 0.09090909090909091
transition 217 9 219 0 0.09090909090909091
transition 217 9 218 0 0.09090909090909091
transition 217 9 217 0 0.045454545454545456
transition 217 9 625 0 0.09090909090909091
transition 224 9 435 0 0.09090909090909091
transition 224 9 243 0 0.09090909090909091
transition 224 9 230 0 0.045454545454545456
transition 224 9 228 0 0.09090909090909091
transition 224 9 227 0 0.09090909090909091
transition 224 9 226 0 0.09090909090909091
transition 224 9 225 0 0.09090909090909091
transition 224 9 224 0 0.045454545454545456
transition 224 9 223 0 0.09090909090909091
transition 224 9 625 0 0.09090909090909091
transition 236 9 443 0 0.09090909090909091
transition 236 9 248 0 0.045454545454545456
transition 236 9 243 0 0.09090909090909091
transition 236 9 240 0 0.09090909090909091
transition 236 9 239 0 0.09090909090909091
transition 236 9 238 0 0.09090909090909091
transition 236 9 237 0 0.09090909090909091
transition 236 9 236 0 0.045454545454545456
transition 236 9 235 0 0.09090909090909091
transition 236 9 234 0 0.09090909090909091
transition 236 9 625 0 0.09090909090909091
transition 260 9 460 0 0.041666666666666664
transition 260 9 355 0 0.08333333333333333
transition 260 9 310 0 0.08333333333333333
transition 260 9 288 0 0.08333333333333333
transition 260 9 276 0 0.08333333333333333
transition 260 9 269 0 0.08333333333333333
transition 260 9 264 0 0.08333333333333333
transition 260 9 261 0 0.08333333333333333
transition 260 9 260 0 0.041666666666666664
transition 260 9 259 0 0.08333333333333333
transition 260 9 258 0 0.08333333333333333
transition 260 9 257 0 0.08333333333333333
transition 260 9 256 0 0.08333333333333333
transition 262 9 466 0 0.043478260869565216
transition 262 9 361 0 0.08695652173913043
transition 262 9 316 0 0.08695652173913043
transition 262 9 294 0 0.08695652173913043
transition 262 9 281 0 0.08695652173913043
transition 262 9 273 0 0.08695652173913043
transition 262 9 267 0 0.08695652173913043
transition 262 9 263 0 0.043478260869565216
transition 262 9 262 0 0.043478260869565216
transition 262 9 625 0 0.08695652173913043
transition 266 9 468 0 0.043478260869565216
transition 266 9 362 0 0.08695652173913043
transition 266 9 317 0 0.08695652173913043
transition 266 9 295 0 0.08695652173913043
transition 266 9 282 0 0.08695652173913043
transition 266 9 274 0 0.08695652173913043
transition 266 9 268 0 0.043478260869565216
transition 266 9 267 0 0.08695652173913043
transition 266 9 266 0 0.043478260869565216
transition 266 9 265 0 0.08695652173913043
transition 266 9 625 0 0.08695652173913043
transition 272 9 472 0 0.043478260869565216
transition 272 9 365 0 0.08695652173913043
transition 272 9 319 0 0.08695652173913043
transition 272 9 296 0 0.08695652173913043
transition 272 9 283 0 0.08695652173913043
transition 272 9 275 0 0.043478260869565216
transition 272 9 274 0 0.08695652173913043
transition 272 9 273 0 0.08695652173913043
transition 272 9 272 0 0.043478260869565216
transition 272 9 271 0 0.08695652173913043
transition 272 9 270 0 0.08695652173913043
transition 272 9 625 0 0.08695652173913043
transition 280 9 478 0 0.043478260869565216
transition 280 9 370 0 0.08695652173913043
transition 280 9 323 0 0.08695652173913043
transition 280 9 299 0 0.08695652173913043
transition 280 9 285 0 0.043478260869565216
transition 280 9 283 0 0.08695652173913043
transition 280 9 282 0 0.08695652173913043
transition 280 9 281 0 0.08695652173913043
transition 280 9 280 0 0.043478260869565216
transition 280 9 279 0 0.08695652173913043
transition 280 9 278 0 0.08695652173913043
transition 280 9 277 0 0.08695652173913043
transition 280 9 625 0 0.08695652173913043
transition 293 9 487 0 0.043478260869565216
transition 293 9 377 0 0.08695652173913043
transition 293 9 329 0 0.08695652173913043
transition 293 9 304 0 0.043478260869565216
transition 293 9 299 0 0.08695652173913043
transition 293 9 296 0 0.08695652173913043
transition 293 9 295 0 0.08695652173913043
transition 293 9 294 0 0.08695652173913043
transition 293 9 293 0 0.043478260869565216
transition 293 9 292 0 0.08695652173913043
transition 293 9 291 0 0.08695652173913043
transition 293 9 290 0 0.08695652173913043
transition 293 9 289 0 0.08695652173913043
transition 305 9 500 0 0.045454545454545456
transition 305 9 387 0 0.09090909090909091
transition 305 9 337 0 0.09090909090909091
transition 305 9 309 0 0.09090909090909091
transition 305 9 308 0 0.09090909090909091
transition 305 9 307 0 0.09090909090909091
transition 305 9 306 0 0.09090909090909091
transition 305 9 305 0 0.045454545454545456
transition 305 9 625 0 0.09090909090909091
transition 315 9 505 0 0.043478260869565216
transition 315 9 391 0 0.08695652173913043
transition 315 9 340 0 0.043478260869565216
transition 315 9 329 0 0.08695652173913043
transition 315 9 323 0 0.08695652173913043
transition 315 9 319 0 0.08695652173913043
transition 315 9 317 0 0.08695652173913043
transition 315 9 316 0 0.08695652173913043
transition 315 9 315 0 0.043478260869565216
transition 315 9 314 0 0.08695652173913043
transition 315 9 313 0 0.08695652173913043
transition 315 9 312 0 0.08695652173913043
transition 315 9 311 0 0.08695652173913043
transition 324 9 516 0 0.045454545454545456
transition 324 9 400 0 0.09090909090909091
transition 324 9 347 0 0.045454545454545456
transition 324 9 335 0 0.09090909090909091
transition 324 9 328 0 0.045454545454545456
transition 324 9 327 0 0.09090909090909091
transition 324 9 326 0 0.09090909090909091
transition 324 9 325 0 0.09090909090909091
transition 324 9 324 0 0.045454545454545456
transition 324 9 625 0 0.09090909090909091
transition 331 9 521 0 0.045454545454545456
transition 331 9 404 0 0.09090909090909091
transition 331 9 350 0 0.045454545454545456
transition 331 9 337 0 0.045454545454545456
transition 331 9 335 0 0.09090909090909091
transition 331 9 334 0 0.09090909090909091
transition 331 9 333 0 0.09090909090909091
transition 331 9 332 0 0.09090909090909091
transition 331 9 331 0 0.045454545454545456
transition 331 9 330 0 0.09090909090909091
transition 331 9 625 0 0.09090909090909091
transition 343 9 529 0 0.045454545454545456
transition 343 9 410 0 0.09090909090909091
transition 343 9 350 0 0.09090909090909091
transition 343 9 347 0 0.09090909090909091
transition 343 9 346 0 0.09090909090909091
transition 343 9 345 0 0.09090909090909091
transition 343 9 344 0 0.09090909090909091
transition 343 9 343 0 0.045454545454545456
transition 343 9 342 0 0.09090909090909091
transition 343 9 341 0 0.09090909090909091
transition 343 9 625 0 0.09090909090909091
transition 360 9 541 0 0.043478260869565216
transition 360 9 419 0 0.043478260869565216
transition 360 9 391 0 0.08695652173913043
transition 360 9 377 0 0.08695652173913043
transition 360 9 370 0 0.08695652173913043
transition 360 9 365 0 0.08695652173913043
transition 360 9 362 0 0.08695652173913043
transition 360 9 361 0 0.08695652173913043
transition 360 9 360 0 0.043478260869565216
transition 360 9 359 0 0.08695652173913043
transition 360 9 358 0 0.08695652173913043
transition 360 9 357 0 0.08695652173913043
transition 360 9 356 0 0.08695652173913043
transition 366 9 550 0 0.045454545454545456
transition 366 9 427 0 0.045454545454545456
transition 366 9 398 0 0.09090909090909091
transition 366 9 383 0 0.09090909090909091
transition 366 9 375 0 0.09090909090909091
transition 366 9 369 0 0.045454545454545456
transition 366 9 368 0 0.09090909090909091
transition 366 9 367 0 0.09090909090909091
transition 366 9 366 0 0.045454545454545456
transition 366 9 625 0 0.09090909090909091
transition 372 9 554 0 0.045454545454545456
transition 372 9 430 0 0.045454545454545456
transition 372 9 400 0 0.09090909090909091
transition 372 9 384 0 0.09090909090909091
transition 372 9 376 0 0.045454545454545456
transition 372 9 375 0 0.09090909090909091
transition 372 9 374 0 0.09090909090909091
transition 372 9 373 0 0.09090909090909091
transition 372 9 372 0 0.045454545454545456
transition 372 9 371 0 0.09090909090909091
transition 372 9 625 0 0.09090909090909091
transition 380 9 560 0 0.045454545454545456
transition 380 9 435 0 0.045454545454545456
transition 380 9 404 0 0.09090909090909091
transition 380 9 387 0 0.045454545454545456
transition 380 9 384 0 0.09090909090909091
transition 380 9 383 0 0.09090909090909091
transition 380 9 382 0 0.09090909090909091
transition 380 9 381 0 0.09090909090909091
transition 380 9 380 0 0.045454545454545456
transition 380 9 379 0 0.09090909090909091
transition 380 9 378 0 0.09090909090909091
transition 380 9 625 0 0.09090909090909091
transition 395 9 571 0 0.045454545454545456
transition 395 9 443 0 0.045454545454545456
transition 395 9 410 0 0.045454545454545456
transition 395 9 404 0 0.09090909090909091
transition 395 9 400 0 0.09090909090909091
transition 395 9 398 0 0.09090909090909091
transition 395 9 397 0 0.09090909090909091
transition 395 9 396 0 0.09090909090909091
transition 395 9 395 0 0.045454545454545456
transition 395 9 394 0 0.09090909090909091
transition 395 9 393 0 0.09090909090909091
transition 395 9 392 0 0.09090909090909091
transition 395 9 625 0 0.09090909090909091
transition 411 9 586 0 0.047619047619047616
transition 411 9 455 0 0.047619047619047616
transition 411 9 416 0 0.09523809523809523
transition 411 9 415 0 0.09523809523809523
transition 411 9 414 0 0.09523809523809523
transition 411 9 413 0 0.09523809523809523
transition 411 9 412 0 0.09523809523809523
transition 411 9 411 0 0.047619047619047616
transition 411 9 625 0 0.09523809523809523
transition 424 9 593 0 0.045454545454545456
transition 424 9 443 0 0.09090909090909091
transition 424 9 435 0 0.09090909090909091
transition 424 9 430 0 0.09090909090909091
transition 424 9 427 0 0.09090909090909091
transition 424 9 426 0 0.09090909090909091
transition 424 9 425 0 0.09090909090909091
transition 424 9 424 0 0.045454545454545456
transition 424 9 423 0 0.09090909090909091
transition 424 9 422 0 0.09090909090909091
transition 424 9 421 0 0.09090909090909091
transition 424 9 420 0 0.09090909090909091
transition 436 9 606 0 0.047619047619047616
transition 436 9 451 0 0.09523809523809523
transition 436 9 441 0 0.047619047619047616
transition 436 9 440 0 0.09523809523809523
transition 436 9 439 0 0.09523809523809523
transition 436 9 438 0 0.09523809523809523
transition 436 9 437 0 0.09523809523809523
transition 436 9 436 0 0.047619047619047616
transition 436 9 625 0 0.09523809523809523
transition 445 9 612 0 0.047619047619047616
transition 445 9 455 0 0.047619047619047616
transition 445 9 451 0 0.09523809523809523
transition 445 9 449 0 0.09523809523809523
transition 445 9 448 0 0.09523809523809523
transition 445 9 447 0 0.09523809523809523
transition 445 9 446 0 0.09523809523809523
transition 445 9 445 0 0.047619047619047616
transition 445 9 444 0 0.09523809523809523
transition 445 9 625 0 0.09523809523809523
transition 465 9 541 0 0.08695652173913043
transition 465 9 505 0 0.08695652173913043
transition 465 9 487 0 0.08695652173913043
transition 465 9 478 0 0.08695652173913043
transition 465 9 472 0 0.08695652173913043
transition 465 9 468 0 0.08695652173913043
transition 465 9 466 0 0.08695652173913043
transition 465 9 465 0 0.043478260869565216
transition 465 9 464 0 0.08695652173913043
transition 465 9 463 0 0.08695652173913043
transition 465 9 462 0 0.08695652173913043
transition 465 9 461 0 0.08695652173913043
transition 469 9 548 0 0.09090909090909091
transition 469 9 512 0 0.09090909090909091
transition 469 9 493 0 0.09090909090909091
transition 469 9 483 0 0.09090909090909091
transition 469 9 476 0 0.09090909090909091
transition 469 9 471 0 0.045454545454545456
transition 469 9 470 0 0.09090909090909091
transition 469 9 469 0 0.045454545454545456
transition 469 9 625 0 0.09090909090909091
transition 474 9 550 0 0.09090909090909091
transition 474 9 513 0 0.09090909090909091
transition 474 9 494 0 0.09090909090909091
transition 474 9 484 0 0.09090909090909091
transition 474 9 477 0 0.045454545454545456
transition 474 9 476 0 0.09090909090909091
transition 474 9 475 0 0.09090909090909091
transition 474 9 474 0 0.045454545454545456
transition 474 9 473 0 0.09090909090909091
transition 474 9 625 0 0.09090909090909091
transition 481 9 554 0 0.09090909090909091
transition 481 9 516 0 0.09090909090909091
transition 481 9 496 0 0.09090909090909091
transition 481 9 485 0 0.045454545454545456
transition 481 9 484 0 0.09090909090909091
transition 481 9 483 0 0.09090909090909091
transition 481 9 482 0 0.09090909090909091
transition 481 9 481 0 0.045454545454545456
transition 481 9 480 0 0.09090909090909091
transition 481 9 479 0 0.09090909090909091
transition 481 9 625 0 0.09090909090909091
transition 491 9 560 0 0.09090909090909091
transition 491 9 521 0 0.09090909090909091
transition 491 9 500 0 0.045454545454545456
transition 491 9 496 0 0.09090909090909091
transition 491 9 494 0 0.09090909090909091
transition 491 9 493 0 0.09090909090909091
transition 491 9 492 0 0.09090909090909091
transition 491 9 491 0 0.045454545454545456
transition 491 9 490 0 0.09090909090909091
transition 491 9 489 0 0.09090909090909091
transition 491 9 488 0 0.09090909090909091
transition 491 9 625 0 0.09090909090909091
transition 510 9 571 0 0.09090909090909091
transition 510 9 529 0 0.045454545454545456
transition 510 9 521 0 0.09090909090909091
transition 510 9 516 0 0.09090909090909091
transition 510 9 513 0 0.09090909090909091
transition 510 9 512 0 0.09090909090909091
transition 510 9 511 0 0.09090909090909091
transition 510 9 510 0 0.045454545454545456
transition 510 9 509 0 0.09090909090909091
transition 510 9 508 0 0.09090909090909091
transition 510 9 507 0 0.09090909090909091
transition 510 9 506 0 0.09090909090909091
transition 522 9 581 0 0.09523809523809523
transition 522 9 537 0 0.047619047619047616
transition 522 9 527 0 0.047619047619047616
transition 522 9 526 0 0.09523809523809523
transition 522 9 525 0 0.09523809523809523
transition 522 9 524 0 0.09523809523809523
transition 522 9 523 0 0.09523809523809523
transition 522 9 522 0 0.047619047619047616
transition 522 9 625 0 0.09523809523809523
transition 531 9 586 0 0.09523809523809523
transition 531 9 537 0 0.09523809523809523
transition 531 9 535 0 0.09523809523809523
transition 531 9 534 0 0.09523809523809523
transition 531 9 533 0 0.09523809523809523
transition 531 9 532 0 0.09523809523809523
transition 531 9 531 0 0.047619047619047616
transition 531 9 530 0 0.09523809523809523
transition 531 9 625 0 0.09523809523809523
transition 546 9 593 0 0.045454545454545456
transition 546 9 571 0 0.09090909090909091
transition 546 9 560 0 0.09090909090909091
transition 546 9 554 0 0.09090909090909091
transition 546 9 550 0 0.09090909090909091
transition 546 9 548 0 0.09090909090909091
transition 546 9 547 0 0.09090909090909091
transition 546 9 546 0 0.045454545454545456
transition 546 9 545 0 0.09090909090909091
transition 546 9 544 0 0.09090909090909091
transition 546 9 543 0 0.09090909090909091
transition 546 9 542 0 0.09090909090909091
transition 555 9 602 0 0.047619047619047616
transition 555 9 578 0 0.09523809523809523
transition 555 9 566 0 0.09523809523809523
transition 555 9 559 0 0.047619047619047616
transition 555 9 558 0 0.09523809523809523
transition 555 9 557 0 0.09523809523809523
transition 555 9 556 0 0.09523809523809523
transition 555 9 555 0 0.047619047619047616
transition 555 9 625 0 0.09523809523809523
transition 562 9 606 0 0.047619047619047616
transition 562 9 581 0 0.09523809523809523
transition 562 9 568 0 0.047619047619047616
transition 562 9 566 0 0.09523809523809523
transition 562 9 565 0 0.09523809523809523
transition 562 9 564 0 0.09523809523809523
transition 562 9 563 0 0.09523809523809523
transition 562 9 562 0 0.047619047619047616
transition 562 9 561 0 0.09523809523809523
transition 562 9 625 0 0.09523809523809523
transition 574 9 612 0 0.047619047619047616
transition 574 9 586 0 0.047619047619047616
transition 574 9 581 0 0.09523809523809523
transition 574 9 578 0 0.09523809523809523
transition 574 9 577 0 0.09523809523809523
transition 574 9 576 0 0.09523809523809523
transition 574 9 575 0 0.09523809523809523
transition 574 9 574 0 0.047619047619047616
transition 574 9 573 0 0.09523809523809523
transition 574 9 572 0 0.09523809523809523
transition 574 9 625 0 0.09523809523809523
transition 597 9 612 0 0.09523809523809523
transition 597 9 606 0 0.09523809523809523
transition 597 9 602 0 0.09523809523809523
transition 597 9 600 0 0.09523809523809523
transition 597 9 599 0 0.09523809523809523
transition 597 9 598 0 0.09523809523809523
transition 597 9 597 0 0.047619047619047616
transition 597 9 596 0 0.09523809523809523
transition 597 9 595 0 0.09523809523809523
transition 597 9 594 0 0.09523809523809523
transition 597 9 625 0 0.09523809523809523
transition 613 9 621 0 0.05
transition 613 9 618 0 0.1
transition 613 9 617 0 0.1
transition 613 9 616 0 0.1
transition 613 9 615 0 0.1
transition 613 9 614 0 0.1
transition 613 9 613 0 0.05
transition 613 9 625 0 0.1
transition 4 10 255 0 0.08
transition 4 10 122 0 0.08
transition 4 10 67 0 0.08
transition 4 10 40 0 0.08
transition 4 10 25 0 0.08
transition 4 10 17 0 0.08
transition 4 10 11 0 0.08
transition 4 10 7 0 0.08
transition 4 10 5 0 0.08
transition 4 10 4 0 0.04
transition 4 10 3 0 0.08
transition 4 10 2 0 0.08
transition 4 10 1 0 0.08
transition 8 10 261 0 0.08333333333333333
transition 8 10 128 0 0.08333333333333333
transition 8 10 73 0 0.08333333333333333
transition 8 10 46 0 0.08333333333333333
transition 8 10 31 0 0.08333333333333333
transition 8 10 22 0 0.08333333333333333
transition 8 10 15 0 0.08333333333333333
transition 8 10 10 0 0.041666666666666664
transition 8 10 9 0 0.08333333333333333
transition 8 10 8 0 0.041666666666666664
transition 8 10 625 0 0.08333333333333333
transition 13 10 264 0 0.08333333333333333
transition 13 10 130 0 0.08333333333333333
transition 13 10 74 0 0.08333333333333333
transition 13 10 47 0 0.08333333333333333
transition 13 10 32 0 0.08333333333333333
transition 13 10 23 0 0.08333333333333333
transition 13 10 16 0 0.041666666666666664
transition 13 10 15 0 0.08333333333333333
transition 13 10 14 0 0.08333333333333333
transition 13 10 13 0 0.041666666666666664
transition 13 10 12 0 0.08333333333333333
transition 13 10 625 0 0.08333333333333333
transition 20 10 269 0 0.08333333333333333
transition 20 10 134 0 0.08333333333333333
transition 20 10 77 0 0.08333333333333333
transition 20 10 49 0 0.08333333333333333
transition 20 10 33 0 0.08333333333333333
transition 20 10 24 0 0.041666666666666664
transition 20 10 23 0 0.08333333333333333
transition 20 10 22 0 0.08333333333333333
transition 20 10 21 0 0.08333333333333333
transition 20 10 20 0 0.041666666666666664
transition 20 10 19 0 0.08333333333333333
transition 20 10 18 0 0.08333333333333333
transition 20 10 625 0 0.08333333333333333
transition 29 10 276 0 0.08333333333333333
transition 29 10 140 0 0.08333333333333333
transition 29 10 82 0 0.08333333333333333
transition 29 10 53 0 0.08333333333333333
transition 29 10 36 0 0.041666666666666664
transition 29 10 33 0 0.08333333333333333
transition 29 10 32 0 0.08333333333333333
transition 29 10 31 0 0.08333333333333333
transition 29 10 30 0 0.08333333333333333
transition 29 10 29 0 0.041666666666666664
transition 29 10 28 0 0.08333333333333333
transition 29 10 27 0 0.08333333333333333
transition 29 10 26 0 0.08333333333333333
transition 44 10 288 0 0.08333333333333333
transition 44 10 149 0 0.08333333333333333
transition 44 10 89 0 0.08333333333333333
transition 44 10 59 0 0.041666666666666664
transition 44 10 53 0 0.08333333333333333
transition 44 10 49 0 0.08333333333333333
transition 44 10 47 0 0.08333333333333333
transition 44 10 46 0 0.08333333333333333
transition 44 10 45 0 0.08333333333333333
transition 44 10 44 0 0.041666666666666664
transition 44 10 43 0 0.08333333333333333
transition 44 10 42 0 0.08333333333333333
transition 44 10 41 0 0.08333333333333333
transition 60 10 304 0 0.08695652173913043
transition 60 10 162 0 0.08695652173913043
transition 60 10 99 0 0.08695652173913043
transition 60 10 65 0 0.08695652173913043
transition 60 10 64 0 0.08695652173913043
transition 60 10 63 0 0.08695652173913043
transition 60 10 62 0 0.08695652173913043
transition 60 10 61 0 0.08695652173913043
transition 60 10 60 0 0.043478260869565216
transition 60 10 625 0 0.08695652173913043
transition 71 10 310 0 0.08333333333333333
transition 71 10 167 0 0.08333333333333333
transition 71 10 103 0 0.041666666666666664
transition 71 10 89 0 0.08333333333333333
transition 71 10 82 0 0.08333333333333333
transition 71 10 77 0 0.08333333333333333
transition 71 10 74 0 0.08333333333333333
transition 71 10 73 0 0.08333333333333333
transition 71 10 72 0 0.08333333333333333
transition 71 10 71 0 0.041666666666666664
transition 71 10 70 0 0.08333333333333333
transition 71 10 69 0 0.08333333333333333
transition 71 10 68 0 0.08333333333333333
transition 83 10 323 0 0.08695652173913043
transition 83 10 178 0 0.08695652173913043
transition 83 10 112 0 0.043478260869565216
transition 83 10 96 0 0.08695652173913043
transition 83 10 88 0 0.043478260869565216
transition 83 10 87 0 0.08695652173913043
transition 83 10 86 0 0.08695652173913043
transition 83 10 85 0 0.08695652173913043
transition 83 10 84 0 0.08695652173913043
transition 83 10 83 0 0.043478260869565216
transition 83 10 625 0 0.08695652173913043
transition 91 10 329 0 0.08695652173913043
transition 91 10 183 0 0.08695652173913043
transition 91 10 116 0 0.043478260869565216
transition 91 10 99 0 0.043478260869565216
transition 91 10 96 0 0.08695652173913043
transition 91 10 95 0 0.08695652173913043
transition 91 10 94 0 0.08695652173913043
transition 91 10 93 0 0.08695652173913043
transition 91 10 92 0 0.08695652173913043
transition 91 10 91 0 0.043478260869565216
transition 91 10 90 0 0.08695652173913043
transition 91 10 625 0 0.08695652173913043
transition 106 10 340 0 0.08695652173913043
transition 106 10 191 0 0.08695652173913043
transition 106 10 116 0 0.08695652173913043
transition 106 10 112 0 0.08695652173913043
transition 106 10 110 0 0.08695652173913043
transition 106 10 109 0 0.08695652173913043
transition 106 10 108 0 0.08695652173913043
transition 106 10 107 0 0.08695652173913043
transition 106 10 106 0 0.043478260869565216
transition 106 10 105 0 0.08695652173913043
transition 106 10 104 0 0.08695652173913043
transition 106 10 625 0 0.08695652173913043
transition 126 10 355 0 0.08333333333333333
transition 126 10 203 0 0.041666666666666664
transition 126 10 167 0 0.08333333333333333
transition 126 10 149 0 0.08333333333333333
transition 126 10 140 0 0.08333333333333333
transition 126 10 134 0 0.08333333333333333
transition 126 10 130 0 0.08333333333333333
transition 126 10 128 0 0.08333333333333333
transition 126 10 127 0 0.08333333333333333
transition 126 10 126 0 0.041666666666666664
transition 126 10 125 0 0.08333333333333333
transition 126 10 124 0 0.08333333333333333
transition 126 10 123 0 0.08333333333333333
transition 135 10 365 0 0.08695652173913043
transition 135 10 212 0 0.043478260869565216
transition 135 10 175 0 0.08695652173913043
transition 135 10 156 0 0.08695652173913043
transition 135 10 146 0 0.08695652173913043
transition 135 10 139 0 0.043478260869565216
transition 135 10 138 0 0.08695652173913043
transition 135 10 137 0 0.08695652173913043
transition 135 10 136 0 0.08695652173913043
transition 135 10 135 0 0.043478260869565216
transition 135 10 625 0 0.08695652173913043
transition 142 10 370 0 0.08695652173913043
transition 142 10 216 0 0.043478260869565216
transition 142 10 178 0 0.08695652173913043
transition 142 10 158 0 0.08695652173913043
transition 142 10 147 0 0.043478260869565216
transition 142 10 146 0 0.08695652173913043
transition 142 10 145 0 0.08695652173913043
transition 142 10 144 0 0.08695652173913043
transition 142 10 143 0 0.08695652173913043
transition 142 10 142 0 0.043478260869565216
transition 142 10 141 0 0.08695652173913043
transition 142 10 625 0 0.08695652173913043
transition 152 10 377 0 0.08695652173913043
transition 152 10 222 0 0.043478260869565216
transition 152 10 183 0 0.08695652173913043
transition 152 10 162 0 0.043478260869565216
transition 152 10 158 0 0.08695652173913043
transition 152 10 156 0 0.08695652173913043
transition 152 10 155 0 0.08695652173913043
transition 152 10 154 0 0.08695652173913043
transition 152 10 153 0 0.08695652173913043
transition 152 10 152 0 0.043478260869565216
transition 152 10 151 0 0.08695652173913043
transition 152 10 150 0 0.08695652173913043
transition 152 10 625 0 0.08695652173913043
transition 171 10 391 0 0.08695652173913043
transition 171 10 233 0 0.043478260869565216
transition 171 10 191 0 0.043478260869565216
transition 171 10 183 0 0.08695652173913043
transition 171 10 178 0 0.08695652173913043
transition 171 10 175 0 0.08695652173913043
transition 171 10 174 0 0.08695652173913043
transition 171 10 173 0 0.08695652173913043
transition 171 10 172 0 0.08695652173913043
transition 171 10 171 0 0.043478260869565216
transition 171 10 170 0 0.08695652173913043
transition 171 10 169 0 0.08695652173913043
transition 171 10 168 0 0.08695652173913043
transition 192 10 410 0 0.09090909090909091
transition 192 10 248 0 0.045454545454545456
transition 192 10 199 0 0.09090909090909091
transition 192 10 197 0 0.09090909090909091
transition 192 10 196 0 0.09090909090909091
transition 192 10 195 0 0.09090909090909091
transition 192 10 194 0 0.09090909090909091
transition 192 10 193 0 0.09090909090909091
transition 192 10 192 0 0.045454545454545456
transition 192 10 625 0 0.09090909090909091
transition 207 10 419 0 0.08695652173913043
transition 207 10 233 0 0.08695652173913043
transition 207 10 222 0 0.08695652173913043
transition 207 10 216 0 0.08695652173913043
transition 207 10 212 0 0.08695652173913043
transition 207 10 210 0 0.08695652173913043
transition 207 10 209 0 0.08695652173913043
transition 207 10 208 0 0.08695652173913043
transition 207 10 207 0 0.043478260869565216
transition 207 10 206 0 0.08695652173913043
transition 207 10 205 0 0.08695652173913043
transition 207 10 204 0 0.08695652173913043
transition 223 10 435 0 0.09090909090909091
transition 223 10 243 0 0.09090909090909091
transition 223 10 230 0 0.045454545454545456
transition 223 10 228 0 0.09090909090909091
transition 223 10 227 0 0.09090909090909091
transition 223 10 226 0 0.09090909090909091
transition 223 10 225 0 0.09090909090909091
transition 223 10 224 0 0.09090909090909091
transition 223 10 223 0 0.045454545454545456
transition 223 10 625 0 0.09090909090909091
transition 235 10 443 0 0.09090909090909091
transition 235 10 248 0 0.045454545454545456
transition 235 10 243 0 0.09090909090909091
transition 235 10 240 0 0.09090909090909091
transition 235 10 239 0 0.09090909090909091
transition 235 10 238 0 0.09090909090909091
transition 235 10 237 0 0.09090909090909091
transition 235 10 236 0 0.09090909090909091
transition 235 10 235 0 0.045454545454545456
transition 235 10 234 0 0.09090909090909091
transition 235 10 625 0 0.09090909090909091
transition 259 10 460 0 0.041666666666666664
transition 259 10 355 0 0.08333333333333333
transition 259 10 310 0 0.08333333333333333
transition 259 10 288 0 0.08333333333333333
transition 259 10 276 0 0.08333333333333333
transition 259 10 269 0 0.08333333333333333
transition 259 10 264 0 0.08333333333333333
transition 259 10 261 0 0.08333333333333333
transition 259 10 260 0 0.08333333333333333
transition 259 10 259 0 0.041666666666666664
transition 259 10 258 0 0.08333333333333333
transition 259 10 257 0 0.08333333333333333
transition 259 10 256 0 0.08333333333333333
transition 265 10 468 0 0.043478260869565216
transition 265 10 362 0 0.08695652173913043
transition 265 10 317 0 0.08695652173913043
transition 265 10 295 0 0.08695652173913043
transition 265 10 282 0 0.08695652173913043
transition 265 10 274 0 0.08695652173913043
transition 265 10 268 0 0.043478260869565216
transition 265 10 267 0 0.08695652173913043
transition 265 10 266 0 0.08695652173913043
transition 265 10 265 0 0.043478260869565216
transition 265 10 625 0 0.08695652173913043
transition 271 10 472 0 0.043478260869565216
transition 271 10 365 0 0.08695652173913043
transition 271 10 319 0 0.08695652173913043
transition 271 10 296 0 0.08695652173913043
transition 271 10 283 0 0.08695652173913043
transition 271 10 275 0 0.043478260869565216
transition 271 10 274 0 0.08695652173913043
transition 271 10 273 0 0.08695652173913043
transition 271 10 272 0 0.08695652173913043
transition 271 10 271 0 0.043478260869565216
transition 271 10 270 0 0.08695652173913043
transition 271 10 625 0 0.08695652173913043
transition 279 10 478 0 0.043478260869565216
transition 279 10 370 0 0.08695652173913043
transition 279 10 323 0 0.08695652173913043
transition 279 10 299 0 0.08695652173913043
transition 279 10 285 0 0.043478260869565216
transition 279 10 283 0 0.08695652173913043
transition 279 10 282 0 0.08695652173913043
transition 279 10 281 0 0.08695652173913043
transition 279 10 280 0 0.08695652173913043
transition 279 10 279 0 0.043478260869565216
transition 279 10 278 0 0.08695652173913043
transition 279 10 277 0 0.08695652173913043
transition 279 10 625 0 0.08695652173913043
transition 292 10 487 0 0.043478260869565216
transition 292 10 377 0 0.08695652173913043
transition 292 10 329 0 0.08695652173913043
transition 292 10 304 0 0.043478260869565216
transition 292 10 299 0 0.08695652173913043
transition 292 10 296 0 0.08695652173913043
transition 292 10 295 0 0.08695652173913043
transition 292 10 294 0 0.08695652173913043
transition 292 10 293 0 0.08695652173913043
transition 292 10 292 0 0.043478260869565216
transition 292 10 291 0 0.08695652173913043
transition 292 10 290 0 0.08695652173913043
transition 292 10 289 0 0.08695652173913043
transition 314 10 505 0 0.043478260869565216
transition 314 10 391 0 0.08695652173913043
transition 314 10 340 0 0.043478260869565216
transition 314 10 329 0 0.08695652173913043
transition 314 10 323 0 0.08695652173913043
transition 314 10 319 0 0.08695652173913043
transition 314 10 317 0 0.08695652173913043
transition 314 10 316 0 0.08695652173913043
transition 314 10 315 0 0.08695652173913043
transition 314 10 314 0 0.043478260869565216
transition 314 10 313 0 0.08695652173913043
transition 314 10 312 0 0.08695652173913043
transition 314 10 311 0 0.08695652173913043
transition 330 10 521 0 0.045454545454545456
transition 330 10 404 0 0.09090909090909091
transition 330 10 350 0 0.045454545454545456
transition 330 10 337 0 0.045454545454545456
transition 330 10 335 0 0.09090909090909091
transition 330 10 334 0 0.09090909090909091
transition 330 10 333 0 0.09090909090909091
transition 330 10 332 0 0.09090909090909091
transition 330 10 331 0 0.09090909090909091
transition 330 10 330 0 0.045454545454545456
transition 330 10 625 0 0.09090909090909091
transition 342 10 529 0 0.045454545454545456
transition 342 10 410 0 0.09090909090909091
transition 342 10 350 0 0.09090909090909091
transition 342 10 347 0 0.09090909090909091
transition 342 10 346 0 0.09090909090909091
transition 342 10 345 0 0.09090909090909091
transition 342 10 344 0 0.09090909090909091
transition 342 10 343 0 0.09090909090909091
transition 342 10 342 0 0.045454545454545456
transition 342 10 341 0 0.09090909090909091
transition 342 10 625 0 0.09090909090909091
transition 359 10 541 0 0.043478260869565216
transition 359 10 419 0 0.043478260869565216
transition 359 10 391 0 0.08695652173913043
transition 359 10 377 0 0.08695652173913043
transition 359 10 370 0 0.08695652173913043
transition 359 10 365 0 0.08695652173913043
transition 359 10 362 0 0.08695652173913043
transition 359 10 361 0 0.08695652173913043
transition 359 10 360 0 0.08695652173913043
transition 359 10 359 0 0.043478260869565216
transition 359 10 358 0 0.08695652173913043
transition 359 10 357 0 0.08695652173913043
transition 359 10 356 0 0.08695652173913043
transition 371 10 554 0 0.045454545454545456
transition 371 10 430 0 0.045454545454545456
transition 371 10 400 0 0.09090909090909091
transition 371 10 384 0 0.09090909090909091
transition 371 10 376 0 0.045454545454545456
transition 371 10 375 0 0.09090909090909091
transition 371 10 374 0 0.09090909090909091
transition 371 10 373 0 0.09090909090909091
transition 371 10 372 0 0.09090909090909091
transition 371 10 371 0 0.045454545454545456
transition 371 10 625 0 0.09090909090909091
transition 379 10 560 0 0.045454545454545456
transition 379 10 435 0 0.045454545454545456
transition 379 10 404 0 0.09090909090909091
transition 379 10 387 0 0.045454545454545456
transition 379 10 384 0 0.09090909090909091
transition 379 10 383 0 0.09090909090909091
transition 379 10 382 0 0.09090909090909091
transition 379 10 381 0 0.09090909090909091
transition 379 10 380 0 0.09090909090909091
transition 379 10 379 0 0.045454545454545456
transition 379 10 378 0 0.09090909090909091
transition 379 10 625 0 0.09090909090909091
transition 394 10 571 0 0.045454545454545456
transition 394 10 443 0 0.045454545454545456
transition 394 10 410 0 0.045454545454545456
transition 394 10 404 0 0.09090909090909091
transition 394 10 400 0 0.09090909090909091
transition 394 10 398 0 0.09090909090909091
transition 394 10 397 0 0.09090909090909091
transition 394 10 396 0 0.09090909090909091
transition 394 10 395 0 0.09090909090909091
transition 394 10 394 0 0.045454545454545456
transition 394 10 393 0 0.09090909090909091
transition 394 10 392 0 0.09090909090909091
transition 394 10 625 0 0.09090909090909091
transition 423 10 593 0 0.045454545454545456
transition 423 10 443 0 0.09090909090909091
transition 423 10 435 0 0.09090909090909091
transition 423 10 430 0 0.09090909090909091
transition 423 10 427 0 0.09090909090909091
transition 423 10 426 0 0.09090909090909091
transition 423 10 425 0 0.09090909090909091
transition 423 10 424 0 0.09090909090909091
transition 423 10 423 0 0.045454545454545456
transition 423 10 422 0 0.09090909090909091
transition 423 10 421 0 0.09090909090909091
transition 423 10 420 0 0.09090909090909091
transition 444 10 612 0 0.047619047619047616
transition 444 10 455 0 0.047619047619047616
transition 444 10 451 0 0.09523809523809523
transition 444 10 449 0 0.09523809523809523
transition 444 10 448 0 0.09523809523809523
transition 444 10 447 0 0.09523809523809523
transition 444 10 446 0 0.09523809523809523
transition 444 10 445 0 0.09523809523809523
transition 444 10 444 0 0.047619047619047616
transition 444 10 625 0 0.09523809523809523
transition 464 10 541 0 0.08695652173913043
transition 464 10 505 0 0.08695652173913043
transition 464 10 487 0 0.08695652173913043
transition 464 10 478 0 0.08695652173913043
transition 464 10 472 0 0.08695652173913043
transition 464 10 468 0 0.08695652173913043
transition 464 10 466 0 0.08695652173913043
transition 464 10 465 0 0.08695652173913043
transition 464 10 464 0 0.043478260869565216
transition 464 10 463 0 0.08695652173913043
transition 464 10 462 0 0.08695652173913043
transition 464 10 461 0 0.08695652173913043
transition 473 10 550 0 0.09090909090909091
transition 473 10 513 0 0.09090909090909091
transition 473 10 494 0 0.09090909090909091
transition 473 10 484 0 0.09090909090909091
transition 473 10 477 0 0.045454545454545456
transition 473 10 476 0 0.09090909090909091
transition 473 10 475 0 0.09090909090909091
transition 473 10 474 0 0.09090909090909091
transition 473 10 473 0 0.045454545454545456
transition 473 10 625 0 0.09090909090909091
transition 480 10 554 0 0.09090909090909091
transition 480 10 516 0 0.09090909090909091
transition 480 10 496 0 0.09090909090909091
transition 480 10 485 0 0.045454545454545456
transition 480 10 484 0 0.09090909090909091
transition 480 10 483 0 0.09090909090909091
transition 480 10 482 0 0.09090909090909091
transition 480 10 481 0 0.09090909090909091
transition 480 10 480 0 0.045454545454545456
transition 480 10 479 0 0.09090909090909091
transition 480 10 625 0 0.09090909090909091
transition 490 10 560 0 0.09090909090909091
transition 490 10 521 0 0.09090909090909091
transition 490 10 500 0 0.045454545454545456
transition 490 10 496 0 0.09090909090909091
transition 490 10 494 0 0.09090909090909091
transition 490 10 493 0 0.09090909090909091
transition 490 10 492 0 0.09090909090909091
transition 490 10 491 0 0.09090909090909091
transition 490 10 490 0 0.045454545454545456
transition 490 10 489 0 0.09090909090909091
transition 490 10 488 0 0.09090909090909091
transition 490 10 625 0 0.09090909090909091
transition 509 10 571 0 0.09090909090909091
transition 509 10 529 0 0.045454545454545456
transition 509 10 521 0 0.09090909090909091
transition 509 10 516 0 0.09090909090909091
transition 509 10 513 0 0.09090909090909091
transition 509 10 512 0 0.09090909090909091
transition 509 10 511 0 0.09090909090909091
transition 509 10 510 0 0.09090909090909091
transition 509 10 509 0 0.045454545454545456
transition 509 10 508 0 0.09090909090909091
transition 509 10 507 0 0.09090909090909091
transition 509 10 506 0 0.09090909090909091
transition 530 10 586 0 0.09523809523809523
transition 530 10 537 0 0.09523809523809523
transition 530 10 535 0 0.09523809523809523
transition 530 10 534 0 0.09523809523809523
transition 530 10 533 0 0.09523809523809523
transition 530 10 532 0 0.09523809523809523
transition 530 10 531 0 0.09523809523809523
transition 530 10 530 0 0.047619047619047616
transition 530 10 625 0 0.09523809523809523
transition 545 10 593 0 0.045454545454545456
transition 545 10 571 0 0.09090909090909091
transition 545 10 560 0 0.09090909090909091
transition 545 10 554 0 0.09090909090909091
transition 545 10 550 0 0.09090909090909091
transition 545 10 548 0 0.09090909090909091
transition 545 10 547 0 0.09090909090909091
transition 545 10 546 0 0.09090909090909091
transition 545 10 545 0 0.045454545454545456
transition 545 10 544 0 0.09090909090909091
transition 545 10 543 0 0.09090909090909091
transition 545 10 542 0 0.09090909090909091
transition 561 10 606 0 0.047619047619047616
transition 561 10 581 0 0.09523809523809523
transition 561 10 568 0 0.047619047619047616
transition 561 10 566 0 0.09523809523809523
transition 561 10 565 0 0.09523809523809523
transition 561 10 564 0 0.09523809523809523
transition 561 10 563 0 0.09523809523809523
transition 561 10 562 0 0.09523809523809523
transition 561 10 561 0 0.047619047619047616
transition 561 10 625 0 0.09523809523809523
transition 573 10 612 0 0.047619047619047616
transition 573 10 586 0 0.047619047619047616
transition 573 10 581 0 0.09523809523809523
transition 573 10 578 0 0.09523809523809523
transition 573 10 577 0 0.09523809523809523
transition 573 10 576 0 0.09523809523809523
transition 573 10 575 0 0.09523809523809523
transition 573 10 574 0 0.09523809523809523
transition 573 10 573 0 0.047619047619047616
transition 573 10 572 0 0.09523809523809523
transition 573 10 625 0 0.09523809523809523
transition 596 10 612 0 0.09523809523809523
transition 596 10 606 0 0.09523809523809523
transition 596 10 602 0 0.09523809523809523
transition 596 10 600 0 0.09523809523809523
transition 596 10 599 0 0.09523809523809523
transition 596 10 598 0 0.09523809523809523
transition 596 10 597 0 0.09523809523809523
transition 596 10 596 0 0.047619047619047616
transition 596 10 595 0 0.09523809523809523
transition 596 10 594 0 0.09523809523809523
transition 596 10 625 0 0.09523809523809523
transition 3 11 255 0 0.08
transition 3 11 122 0 0.08
transition 3 11 67 0 0.08
transition 3 11 40 0 0.08
transition 3 11 25 0 0.08
transition 3 11 17 0 0.08
transition 3 11 11 0 0.08
transition 3 11 7 0 0.08
transition 3 11 5 0 0.08
transition 3 11 4 0 0.08
transition 3 11 3 0 0.04
transition 3 11 2 0 0.08
transition 3 11 1 0 0.08
transition 12 11 264 0 0.08333333333333333
transition 12 11 130 0 0.08333333333333333
transition 12 11 74 0 0.08333333333333333
transition 12 11 47 0 0.08333333333333333
transition 12 11 32 0 0.08333333333333333
transition 12 11 23 0 0.08333333333333333
transition 12 11 16 0 0.041666666666666664
transition 12 11 15 0 0.08333333333333333
transition 12 11 14 0 0.08333333333333333
transition 12 11 13 0 0.08333333333333333
transition 12 11 12 0 0.041666666666666664
transition 12 11 625 0 0.08333333333333333
transition 19 11 269 0 0.08333333333333333
transition 19 11 134 0 0.08333333333333333
transition 19 11 77 0 0.08333333333333333
transition 19 11 49 0 0.08333333333333333
transition 19 11 33 0 0.08333333333333333
transition 19 11 24 0 0.041666666666666664
transition 19 11 23 0 0.08333333333333333
transition 19 11 22 0 0.08333333333333333
transition 19 11 21 0 0.08333333333333333
transition 19 11 20 0 0.08333333333333333
transition 19 11 19 0 0.041666666666666664
transition 19 11 18 0 0.08333333333333333
transition 19 11 625 0 0.08333333333333333
transition 28 11 276 0 0.08333333333333333
transition 28 11 140 0 0.08333333333333333
transition 28 11 82 0 0.08333333333333333
transition 28 11 53 0 0.08333333333333333
transition 28 11 36 0 0.041666666666666664
transition 28 11 33 0 0.08333333333333333
transition 28 11 32 0 0.08333333333333333
transition 28 11 31 0 0.08333333333333333
transition 28 11 30 0 0.08333333333333333
transition 28 11 29 0 0.08333333333333333
transition 28 11 28 0 0.041666666666666664
transition 28 11 27 0 0.08333333333333333
transition 28 11 26 0 0.08333333333333333
transition 43 11 288 0 0.08333333333333333
transition 43 11 149 0 0.08333333333333333
transition 43 11 89 0 0.08333333333333333
transition 43 11 59 0 0.041666666666666664
transition 43 11 53 0 0.08333333333333333
transition 43 11 49 0 0.08333333333333333
transition 43 11 47 0 0.08333333333333333
transition 43 11 46 0 0.08333333333333333
transition 43 11 45 0 0.08333333333333333
transition 43 11 44 0 0.08333333333333333
transition 43 11 43 0 0.041666666666666664
transition 43 11 42 0 0.08333333333333333
transition 43 11 41 0 0.08333333333333333
transition 70 11 310 0 0.08333333333333333
transition 70 11 167 0 0.08333333333333333
transition 70 11 103 0 0.041666666666666664
transition 70 11 89 0 0.08333333333333333
transition 70 11 82 0 0.08333333333333333
transition 70 11 77 0 0.08333333333333333
transition 70 11 74 0 0.08333333333333333
transition 70 11 73 0 0.08333333333333333
transition 70 11 72 0 0.08333333333333333
transition 70 11 71 0 0.08333333333333333
transition 70 11 70 0 0.041666666666666664
transition 70 11 69 0 0.08333333333333333
transition 70 11 68 0 0.08333333333333333
transition 90 11 329 0 0.08695652173913043
transition 90 11 183 0 0.08695652173913043
transition 90 11 116 0 0.043478260869565216
transition 90 11 99 0 0.043478260869565216
transition 90 11 96 0 0.08695652173913043
transition 90 11 95 0 0.08695652173913043
transition 90 11 94 0 0.08695652173913043
transition 90 11 93 0 0.08695652173913043
transition 90 11 92 0 0.08695652173913043
transition 90 11 91 0 0.08695652173913043
transition 90 11 90 0 0.043478260869565216
transition 90 11 625 0 0.08695652173913043
transition 105 11 340 0 0.08695652173913043
transition 105 11 191 0 0.08695652173913043
transition 105 11 116 0 0.08695652173913043
transition 105 11 112 0 0.08695652173913043
transition 105 11 110 0 0.08695652173913043
transition 105 11 109 0 0.08695652173913043
transition 105 11 108 0 0.08695652173913043
transition 105 11 107 0 0.08695652173913043
transition 105 11 106 0 0.08695652173913043
transition 105 11 105 0 0.043478260869565216
transition 105 11 104 0 0.08695652173913043
transition 105 11 625 0 0.08695652173913043
transition 125 11 355 0 0.08333333333333333
transition 125 11 203 0 0.041666666666666664
transition 125 11 167 0 0.08333333333333333
transition 125 11 149 0 0.08333333333333333
transition 125 11 140 0 0.08333333333333333
transition 125 11 134 0 0.08333333333333333
transition 125 11 130 0 0.08333333333333333
transition 125 11 128 0 0.08333333333333333
transition 125 11 127 0 0.08333333333333333
transition 125 11 126 0 0.08333333333333333
transition 125 11 125 0 0.041666666666666664
transition 125 11 124 0 0.08333333333333333
transition 125 11 123 0 0.08333333333333333
transition 141 11 370 0 0.08695652173913043
transition 141 11 216 0 0.043478260869565216
transition 141 11 178 0 0.08695652173913043
transition 141 11 158 0 0.08695652173913043
transition 141 11 147 0 0.043478260869565216
transition 141 11 146 0 0.08695652173913043
transition 141 11 145 0 0.08695652173913043
transition 141 11 144 0 0.08695652173913043
transition 141 11 143 0 0.08695652173913043
transition 141 11 142 0 0.08695652173913043
transition 141 11 141 0 0.043478260869565216
transition 141 11 625 0 0.08695652173913043
transition 151 11 377 0 0.08695652173913043
transition 151 11 222 0 0.043478260869565216
transition 151 11 183 0 0.08695652173913043
transition 151 11 162 0 0.043478260869565216
transition 151 11 158 0 0.08695652173913043
transition 151 11 156 0 0.08695652173913043
transition 151 11 155 0 0.08695652173913043
transition 151 11 154 0 0.08695652173913043
transition 151 11 153 0 0.08695652173913043
transition 151 11 152 0 0.08695652173913043
transition 151 11 151 0 0.043478260869565216
transition 151 11 150 0 0.08695652173913043
transition 151 11 625 0 0.08695652173913043
transition 170 11 391 0 0.08695652173913043
transition 170 11 233 0 0.043478260869565216
transition 170 11 191 0 0.043478260869565216
transition 170 11 183 0 0.08695652173913043
transition 170 11 178 0 0.08695652173913043
transition 170 11 175 0 0.08695652173913043
transition 170 11 174 0 0.08695652173913043
transition 170 11 173 0 0.08695652173913043
transition 170 11 172 0 0.08695652173913043
transition 170 11 171 0 0.08695652173913043
transition 170 11 170 0 0.043478260869565216
transition 170 11 169 0 0.08695652173913043
transition 170 11 168 0 0.08695652173913043
transition 206 11 419 0 0.08695652173913043
transition 206 11 233 0 0.08695652173913043
transition 206 11 222 0 0.08695652173913043
transition 206 11 216 0 0.08695652173913043
transition 206 11 212 0 0.08695652173913043
transition 206 11 210 0 0.08695652173913043
transition 206 11 209 0 0.08695652173913043
transition 206 11 208 0 0.08695652173913043
transition 206 11 207 0 0.08695652173913043
transition 206 11 206 0 0.043478260869565216
transition 206 11 205 0 0.08695652173913043
transition 206 11 204 0 0.08695652173913043
transition 234 11 443 0 0.09090909090909091
transition 234 11 248 0 0.045454545454545456
transition 234 11 243 0 0.09090909090909091
transition 234 11 240 0 0.09090909090909091
transition 234 11 239 0 0.09090909090909091
transition 234 11 238 0 0.09090909090909091
transition 234 11 237 0 0.09090909090909091
transition 234 11 236 0 0.09090909090909091
transition 234 11 235 0 0.09090909090909091
transition 234 11 234 0 0.045454545454545456
transition 234 11 625 0 0.09090909090909091
transition 258 11 460 0 0.041666666666666664
transition 258 11 355 0 0.08333333333333333
transition 258 11 310 0 0.08333333333333333
transition 258 11 288 0 0.08333333333333333
transition 258 11 276 0 0.08333333333333333
transition 258 11 269 0 0.08333333333333333
transition 258 11 264 0 0.08333333333333333
transition 258 11 261 0 0.08333333333333333
transition 258 11 260 0 0.08333333333333333
transition 258 11 259 0 0.08333333333333333
transition 258 11 258 0 0.041666666666666664
transition 258 11 257 0 0.08333333333333333
transition 258 11 256 0 0.08333333333333333
transition 270 11 472 0 0.043478260869565216
transition 270 11 365 0 0.08695652173913043
transition 270 11 319 0 0.08695652173913043
transition 270 11 296 0 0.08695652173913043
transition 270 11 283 0 0.08695652173913043
transition 270 11 275 0 0.043478260869565216
transition 270 11 274 0 0.08695652173913043
transition 270 11 273 0 0.08695652173913043
transition 270 11 272 0 0.08695652173913043
transition 270 11 271 0 0.08695652173913043
transition 270 11 270 0 0.043478260869565216
transition 270 11 625 0 0.08695652173913043
transition 278 11 478 0 0.043478260869565216
transition 278 11 370 0 0.08695652173913043
transition 278 11 323 0 0.08695652173913043
transition 278 11 299 0 0.08695652173913043
transition 278 11 285 0 0.043478260869565216
transition 278 11 283 0 0.08695652173913043
transition 278 11 282 0 0.08695652173913043
transition 278 11 281 0 0.08695652173913043
transition 278 11 280 0 0.08695652173913043
transition 278 11 279 0 0.08695652173913043
transition 278 11 278 0 0.043478260869565216
transition 278 11 277 0 0.08695652173913043
transition 278 11 625 0 0.08695652173913043
transition 291 11 487 0 0.043478260869565216
transition 291 11 377 0 0.08695652173913043
transition 291 11 329 0 0.08695652173913043
transition 291 11 304 0 0.043478260869565216
transition 291 11 299 0 0.08695652173913043
transition 291 11 296 0 0.08695652173913043
transition 291 11 295 0 0.08695652173913043
transition 291 11 294 0 0.08695652173913043
transition 291 11 293 0 0.08695652173913043
transition 291 11 292 0 0.08695652173913043
transition 291 11 291 0 0.043478260869565216
transition 291 11 290 0 0.08695652173913043
transition 291 11 289 0 0.08695652173913043
transition 313 11 505 0 0.043478260869565216
transition 313 11 391 0 0.08695652173913043
transition 313 11 340 0 0.043478260869565216
transition 313 11 329 0 0.08695652173913043
transition 313 11 323 0 0.08695652173913043
transition 313 11 319 0 0.08695652173913043
transition 313 11 317 0 0.08695652173913043
transition 313 11 316 0 0.08695652173913043
transition 313 11 315 0 0.08695652173913043
transition 313 11 314 0 0.08695652173913043
transition 313 11 313 0 0.043478260869565216
transition 313 11 312 0 0.08695652173913043
transition 313 11 311 0 0.08695652173913043
transition 341 11 529 0 0.045454545454545456
transition 341 11 410 0 0.09090909090909091
transition 341 11 350 0 0.09090909090909091
transition 341 11 347 0 0.09090909090909091
transition 341 11 346 0 0.09090909090909091
transition 341 11 345 0 0.09090909090909091
transition 341 11 344 0 0.09090909090909091
transition 341 11 343 0 0.09090909090909091
transition 341 11 342 0 0.09090909090909091
transition 341 11 341 0 0.045454545454545456
transition 341 11 625 0 0.09090909090909091
transition 358 11 541 0 0.043478260869565216
transition 358 11 419 0 0.043478260869565216
transition 358 11 391 0 0.08695652173913043
transition 358 11 377 0 0.08695652173913043
transition 358 11 370 0 0.08695652173913043
transition 358 11 365 0 0.08695652173913043
transition 358 11 362 0 0.08695652173913043
transition 358 11 361 0 0.08695652173913043
transition 358 11 360 0 0.08695652173913043
transition 358 11 359 0 0.08695652173913043
transition 358 11 358 0 0.043478260869565216
transition 358 11 357 0 0.08695652173913043
transition 358 11 356 0 0.08695652173913043
transition 378 11 560 0 0.045454545454545456
transition 378 11 435 0 0.045454545454545456
transition 378 11 404 0 0.09090909090909091
transition 378 11 387 0 0.045454545454545456
transition 378 11 384 0 0.09090909090909091
transition 378 11 383 0 0.09090909090909091
transition 378 11 382 0 0.09090909090909091
transition 378 11 381 0 0.09090909090909091
transition 378 11 380 0 0.09090909090909091
transition 378 11 379 0 0.09090909090909091
transition 378 11 378 0 0.045454545454545456
transition 378 11 625 0 0.09090909090909091
transition 393 11 571 0 0.045454545454545456
transition 393 11 443 0 0.045454545454545456
transition 393 11 410 0 0.045454545454545456
transition 393 11 404 0 0.09090909090909091
transition 393 11 400 0 0.09090909090909091
transition 393 11 398 0 0.09090909090909091
transition 393 11 397 0 0.09090909090909091
transition 393 11 396 0 0.09090909090909091
transition 393 11 395 0 0.09090909090909091
transition 393 11 394 0 0.09090909090909091
transition 393 11 393 0 0.045454545454545456
transition 393 11 392 0 0.09090909090909091
transition 393 11 625 0 0.09090909090909091
transition 422 11 593 0 0.045454545454545456
transition 422 11 443 0 0.09090909090909091
transition 422 11 435 0 0.09090909090909091
transition 422 11 430 0 0.09090909090909091
transition 422 11 427 0 0.09090909090909091
transition 422 11 426 0 0.09090909090909091
transition 422 11 425 0 0.09090909090909091
transition 422 11 424 0 0.09090909090909091
transition 422 11 423 0 0.09090909090909091
transition 422 11 422 0 0.045454545454545456
transition 422 11 421 0 0.09090909090909091
transition 422 11 420 0 0.09090909090909091
transition 463 11 541 0 0.08695652173913043
transition 463 11 505 0 0.08695652173913043
transition 463 11 487 0 0.08695652173913043
transition 463 11 478 0 0.08695652173913043
transition 463 11 472 0 0.08695652173913043
transition 463 11 468 0 0.08695652173913043
transition 463 11 466 0 0.08695652173913043
transition 463 11 465 0 0.08695652173913043
transition 463 11 464 0 0.08695652173913043
transition 463 11 463 0 0.043478260869565216
transition 463 11 462 0 0.08695652173913043
transition 463 11 461 0 0.08695652173913043
transition 479 11 554 0 0.09090909090909091
transition 479 11 516 0 0.09090909090909091
transition 479 11 496 0 0.09090909090909091
transition 479 11 485 0 0.045454545454545456
transition 479 11 484 0 0.09090909090909091
transition 479 11 483 0 0.09090909090909091
transition 479 11 482 0 0.09090909090909091
transition 479 11 481 0 0.09090909090909091
transition 479 11 480 0 0.09090909090909091
transition 479 11 479 0 0.045454545454545456
transition 479 11 625 0 0.09090909090909091
transition 489 11 560 0 0.09090909090909091
transition 489 11 521 0 0.09090909090909091
transition 489 11 500 0 0.045454545454545456
transition 489 11 496 0 0.09090909090909091
transition 489 11 494 0 0.09090909090909091
transition 489 11 493 0 0.09090909090909091
transition 489 11 492 0 0.09090909090909091
transition 489 11 491 0 0.09090909090909091
transition 489 11 490 0 0.09090909090909091
transition 489 11 489 0 0.045454545454545456
transition 489 11 488 0 0.09090909090909091
transition 489 11 625 0 0.09090909090909091
transition 508 11 571 0 0.09090909090909091
transition 508 11 529 0 0.045454545454545456
transition 508 11 521 0 0.09090909090909091
transition 508 11 516 0 0.09090909090909091
transition 508 11 513 0 0.09090909090909091
transition 508 11 512 0 0.09090909090909091
transition 508 11 511 0 0.09090909090909091
transition 508 11 510 0 0.09090909090909091
transition 508 11 509 0 0.09090909090909091
transition 508 11 508 0 0.045454545454545456
transition 508 11 507 0 0.09090909090909091
transition 508 11 506 0 0.09090909090909091
transition 544 11 593 0 0.045454545454545456
transition 544 11 571 0 0.09090909090909091
transition 544 11 560 0 0.09090909090909091
transition 544 11 554 0 0.09090909090909091
transition 544 11 550 0 0.09090909090909091
transition 544 11 548 0 0.09090909090909091
transition 544 11 547 0 0.09090909090909091
transition 544 11 546 0 0.09090909090909091
transition 544 11 545 0 0.09090909090909091
transition 544 11 544 0 0.045454545454545456
transition 544 11 543 0 0.09090909090909091
transition 544 11 542 0 0.09090909090909091
transition 572 11 612 0 0.047619047619047616
transition 572 11 586 0 0.047619047619047616
transition 572 11 581 0 0.09523809523809523
transition 572 11 578 0 0.09523809523809523
transition 572 11 577 0 0.09523809523809523
transition 572 11 576 0 0.09523809523809523
transition 572 11 575 0 0.09523809523809523
transition 572 11 574 0 0.09523809523809523
transition 572 11 573 0 0.09523809523809523
transition 572 11 572 0 0.047619047619047616
transition 572 11 625 0 0.09523809523809523
transition 595 11 612 0 0.09523809523809523
transition 595 11 606 0 0.09523809523809523
transition 595 11 602 0 0.09523809523809523
transition 595 11 600 0 0.09523809523809523
transition 595 11 599 0 0.09523809523809523
transition 595 11 598 0 0.09523809523809523
transition 595 11 597 0 0.09523809523809523
transition 595 11 596 0 0.09523809523809523
transition 595 11 595 0 0.047619047619047616
transition 595 11 594 0 0.09523809523809523
transition 595 11 625 0 0.09523809523809523
transition 2 12 255 0 0.08
transition 2 12 122 0 0.08
transition 2 12 67 0 0.08
transition 2 12 40 0 0.08
transition 2 12 25 0 0.08
transition 2 12 17 0 0.08
transition 2 12 11 0 0.08
transition 2 12 7 0 0.08
transition 2 12 5 0 0.08
transition 2 12 4 0 0.08
transition 2 12 3 0 0.08
transition 2 12 2 0 0.04
transition 2 12 1 0 0.08
transition 18 12 269 0 0.08333333333333333
transition 18 12 134 0 0.08333333333333333
transition 18 12 77 0 0.08333333333333333
transition 18 12 49 0 0.08333333333333333
transition 18 12 33 0 0.08333333333333333
transition 18 12 24 0 0.041666666666666664
transition 18 12 23 0 0.08333333333333333
transition 18 12 22 0 0.08333333333333333
transition 18 12 21 0 0.08333333333333333
transition 18 12 20 0 0.08333333333333333
transition 18 12 19 0 0.08333333333333333
transition 18 12 18 0 0.041666666666666664
transition 18 12 625 0 0.08333333333333333
transition 27 12 276 0 0.08333333333333333
transition 27 12 140 0 0.08333333333333333
transition 27 12 82 0 0.08333333333333333
transition 27 12 53 0 0.08333333333333333
transition 27 12 36 0 0.041666666666666664
transition 27 12 33 0 0.08333333333333333
transition 27 12 32 0 0.08333333333333333
transition 27 12 31 0 0.08333333333333333
transition 27 12 30 0 0.08333333333333333
transition 27 12 29 0 0.08333333333333333
transition 27 12 28 0 0.08333333333333333
transition 27 12 27 0 0.041666666666666664
transition 27 12 26 0 0.08333333333333333
transition 42 12 288 0 0.08333333333333333
transition 42 12 149 0 0.08333333333333333
transition 42 12 89 0 0.08333333333333333
transition 42 12 59 0 0.041666666666666664
transition 42 12 53 0 0.08333333333333333
transition 42 12 49 0 0.08333333333333333
transition 42 12 47 0 0.08333333333333333
transition 42 12 46 0 0.08333333333333333
transition 42 12 45 0 0.08333333333333333
transition 42 12 44 0 0.08333333333333333
transition 42 12 43 0 0.08333333333333333
transition 42 12 42 0 0.041666666666666664
transition 42 12 41 0 0.08333333333333333
transition 69 12 310 0 0.08333333333333333
transition 69 12 167 0 0.08333333333333333
transition 69 12 103 0 0.041666666666666664
transition 69 12 89 0 0.08333333333333333
transition 69 12 82 0 0.08333333333333333
transition 69 12 77 0 0.08333333333333333
transition 69 12 74 0 0.08333333333333333
transition 69 12 73 0 0.08333333333333333
transition 69 12 72 0 0.08333333333333333
transition 69 12 71 0 0.08333333333333333
transition 69 12 70 0 0.08333333333333333
transition 69 12 69 0 0.041666666666666664
transition 69 12 68 0 0.08333333333333333
transition 104 12 340 0 0.08695652173913043
transition 104 12 191 0 0.08695652173913043
transition 104 12 116 0 0.08695652173913043
transition 104 12 112 0 0.08695652173913043
transition 104 12 110 0 0.08695652173913043
transition 104 12 109 0 0.08695652173913043
transition 104 12 108 0 0.08695652173913043
transition 104 12 107 0 0.08695652173913043
transition 104 12 106 0 0.08695652173913043
transition 104 12 105 0 0.08695652173913043
transition 104 12 104 0 0.043478260869565216
transition 104 12 625 0 0.08695652173913043
transition 124 12 355 0 0.08333333333333333
transition 124 12 203 0 0.041666666666666664
transition 124 12 167 0 0.08333333333333333
transition 124 12 149 0 0.08333333333333333
transition 124 12 140 0 0.08333333333333333
transition 124 12 134 0 0.08333333333333333
transition 124 12 130 0 0.08333333333333333
transition 124 12 128 0 0.08333333333333333
transition 124 12 127 0 0.08333333333333333
transition 124 12 126 0 0.08333333333333333
transition 124 12 125 0 0.08333333333333333
transition 124 12 124 0 0.041666666666666664
transition 124 12 123 0 0.08333333333333333
transition 150 12 377 0 0.08695652173913043
transition 150 12 222 0 0.043478260869565216
transition 150 12 183 0 0.08695652173913043
transition 150 12 162 0 0.043478260869565216
transition 150 12 158 0 0.08695652173913043
transition 150 12 156 0 0.08695652173913043
transition 150 12 155 0 0.08695652173913043
transition 150 12 154 0 0.08695652173913043
transition 150 12 153 0 0.08695652173913043
transition 150 12 152 0 0.08695652173913043
transition 150 12 151 0 0.08695652173913043
transition 150 12 150 0 0.043478260869565216
transition 150 12 625 0 0.08695652173913043
transition 169 12 391 0 0.08695652173913043
transition 169 12 233 0 0.043478260869565216
transition 169 12 191 0 0.043478260869565216
transition 169 12 183 0 0.08695652173913043
transition 169 12 178 0 0.08695652173913043
transition 169 12 175 0 0.08695652173913043
transition 169 12 174 0 0.08695652173913043
transition 169 12 173 0 0.08695652173913043
transition 169 12 172 0 0.08695652173913043
transition 169 12 171 0 0.08695652173913043
transition 169 12 170 0 0.08695652173913043
transition 169 12 169 0 0.043478260869565216
transition 169 12 168 0 0.08695652173913043
transition 205 12 419 0 0.08695652173913043
transition 205 12 233 0 0.08695652173913043
transition 205 12 222 0 0.08695652173913043
transition 205 12 216 0 0.08695652173913043
transition 205 12 212 0 0.08695652173913043
transition 205 12 210 0 0.08695652173913043
transition 205 12 209 0 0.08695652173913043
transition 205 12 208 0 0.08695652173913043
transition 205 12 207 0 0.08695652173913043
transition 205 12 206 0 0.08695652173913043
transition 205 12 205 0 0.043478260869565216
transition 205 12 204 0 0.08695652173913043
transition 257 12 460 0 0.041666666666666664
transition 257 12 355 0 0.08333333333333333
transition 257 12 310 0 0.08333333333333333
transition 257 12 288 0 0.08333333333333333
transition 257 12 276 0 0.08333333333333333
transition 257 12 269 0 0.08333333333333333
transition 257 12 264 0 0.08333333333333333
transition 257 12 261 0 0.08333333333333333
transition 257 12 260 0 0.08333333333333333
transition 257 12 259 0 0.08333333333333333
transition 257 12 258 0 0.08333333333333333
transition 257 12 257 0 0.041666666666666664
transition 257 12 256 0 0.08333333333333333
transition 277 12 478 0 0.043478260869565216
transition 277 12 370 0 0.08695652173913043
transition 277 12 323 0 0.08695652173913043
transition 277 12 299 0 0.08695652173913043
transition 277 12 285 0 0.043478260869565216
transition 277 12 283 0 0.08695652173913043
transition 277 12 282 0 0.08695652173913043
transition 277 12 281 0 0.08695652173913043
transition 277 12 280 0 0.08695652173913043
transition 277 12 279 0 0.08695652173913043
transition 277 12 278 0 0.08695652173913043
transition 277 12 277 0 0.043478260869565216
transition 277 12 625 0 0.08695652173913043
transition 290 12 487 0 0.043478260869565216
transition 290 12 377 0 0.08695652173913043
transition 290 12 329 0 0.08695652173913043
transition 290 12 304 0 0.043478260869565216
transition 290 12 299 0 0.08695652173913043
transition 290 12 296 0 0.08695652173913043
transition 290 12 295 0 0.08695652173913043
transition 290 12 294 0 0.08695652173913043
transition 290 12 293 0 0.08695652173913043
transition 290 12 292 0 0.08695652173913043
transition 290 12 291 0 0.08695652173913043
transition 290 12 290 0 0.043478260869565216
transition 290 12 289 0 0.08695652173913043
transition 312 12 505 0 0.043478260869565216
transition 312 12 391 0 0.08695652173913043
transition 312 12 340 0 0.043478260869565216
transition 312 12 329 0 0.08695652173913043
transition 312 12 323 0 0.08695652173913043
transition 312 12 319 0 0.08695652173913043
transition 312 12 317 0 0.08695652173913043
transition 312 12 316 0 0.08695652173913043
transition 312 12 315 0 0.08695652173913043
transition 312 12 314 0 0.08695652173913043
transition 312 12 313 0 0.08695652173913043
transition 312 12 312 0 0.043478260869565216
transition 312 12 311 0 0.08695652173913043
transition 357 12 541 0 0.043478260869565216
transition 357 12 419 0 0.043478260869565216
transition 357 12 391 0 0.08695652173913043
transition 357 12 377 0 0.08695652173913043
transition 357 12 370 0 0.08695652173913043
transition 357 12 365 0 0.08695652173913043
transition 357 12 362 0 0.08695652173913043
transition 357 12 361 0 0.08695652173913043
transition 357 12 360 0 0.08695652173913043
transition 357 12 359 0 0.08695652173913043
transition 357 12 358 0 0.08695652173913043
transition 357 12 357 0 0.043478260869565216
transition 357 12 356 0 0.08695652173913043
transition 392 12 571 0 0.045454545454545456
transition 392 12 443 0 0.045454545454545456
transition 392 12 410 0 0.045454545454545456
transition 392 12 404 0 0.09090909090909091
transition 392 12 400 0 0.09090909090909091
transition 392 12 398 0 0.09090909090909091
transition 392 12 397 0 0.09090909090909091
transition 392 12 396 0 0.09090909090909091
transition 392 12 395 0 0.09090909090909091
transition 392 12 394 0 0.09090909090909091
transition 392 12 393 0 0.09090909090909091
transition 392 12 392 0 0.045454545454545456
transition 392 12 625 0 0.09090909090909091
transition 421 12 593 0 0.045454545454545456
transition 421 12 443 0 0.09090909090909091
transition 421 12 435 0 0.09090909090909091
transition 421 12 430 0 0.09090909090909091
transition 421 12 427 0 0.09090909090909091
transition 421 12 426 0 0.09090909090909091
transition 421 12 425 0 0.09090909090909091
transition 421 12 424 0 0.09090909090909091
transition 421 12 423 0 0.09090909090909091
transition 421 12 422 0 0.09090909090909091
transition 421 12 421 0 0.045454545454545456
transition 421 12 420 0 0.09090909090909091
transition 462 12 541 0 0.08695652173913043
transition 462 12 505 0 0.08695652173913043
transition 462 12 487 0 0.08695652173913043
transition 462 12 478 0 0.08695652173913043
transition 462 12 472 0 0.08695652173913043
transition 462 12 468 0 0.08695652173913043
transition 462 12 466 0 0.08695652173913043
transition 462 12 465 0 0.08695652173913043
transition 462 12 464 0 0.08695652173913043
transition 462 12 463 0 0.08695652173913043
transition 462 12 462 0 0.043478260869565216
transition 462 12 461 0 0.08695652173913043
transition 488 12 560 0 0.09090909090909091
transition 488 12 521 0 0.09090909090909091
transition 488 12 500 0 0.045454545454545456
transition 488 12 496 0 0.09090909090909091
transition 488 12 494 0 0.09090909090909091
transition 488 12 493 0 0.09090909090909091
transition 488 12 492 0 0.09090909090909091
transition 488 12 491 0 0.09090909090909091
transition 488 12 490 0 0.09090909090909091
transition 488 12 489 0 0.09090909090909091
transition 488 12 488 0 0.045454545454545456
transition 488 12 625 0 0.09090909090909091
transition 507 12 571 0 0.09090909090909091
transition 507 12 529 0 0.045454545454545456
transition 507 12 521 0 0.09090909090909091
transition 507 12 516 0 0.09090909090909091
transition 507 12 513 0 0.09090909090909091
transition 507 12 512 0 0.09090909090909091
transition 507 12 511 0 0.09090909090909091
transition 507 12 510 0 0.09090909090909091
transition 507 12 509 0 0.09090909090909091
transition 507 12 508 0 0.09090909090909091
transition 507 12 507 0 0.045454545454545456
transition 507 12 506 0 0.09090909090909091
transition 543 12 593 0 0.045454545454545456
transition 543 12 571 0 0.09090909090909091
transition 543 12 560 0 0.09090909090909091
transition 543 12 554 0 0.09090909090909091
transition 543 12 550 0 0.09090909090909091
transition 543 12 548 0 0.09090909090909091
transition 543 12 547 0 0.09090909090909091
transition 543 12 546 0 0.09090909090909091
transition 543 12 545 0 0.09090909090909091
transition 543 12 544 0 0.09090909090909091
transition 543 12 543 0 0.045454545454545456
transition 543 12 542 0 0.09090909090909091
transition 594 12 612 0 0.09523809523809523
transition 594 12 606 0 0.09523809523809523
transition 594 12 602 0 0.09523809523809523
transition 594 12 600 0 0.09523809523809523
transition 594 12 599 0 0.09523809523809523
transition 594 12 598 0 0.09523809523809523
transition 594 12 597 0 0.09523809523809523
transition 594 12 596 0 0.09523809523809523
transition 594 12 595 0 0.09523809523809523
transition 594 12 594 0 0.047619047619047616
transition 594 12 625 0 0.09523809523809523
transition 1 13 255 0 0.08
transition 1 13 122 0 0.08
transition 1 13 67 0 0.08
transition 1 13 40 0 0.08
transition 1 13 25 0 0.08
transition 1 13 17 0 0.08
transition 1 13 11 0 0.08
transition 1 13 7 0 0.08
transition 1 13 5 0 0.08
transition 1 13 4 0 0.08
transition 1 13 3 0 0.08
transition 1 13 2 0 0.08
transition 1 13 1 0 0.04
transition 26 13 276 0 0.08333333333333333
transition 26 13 140 0 0.08333333333333333
transition 26 13 82 0 0.08333333333333333
transition 26 13 53 0 0.08333333333333333
transition 26 13 36 0 0.041666666666666664
transition 26 13 33 0 0.08333333333333333
transition 26 13 32 0 0.08333333333333333
transition 26 13 31 0 0.08333333333333333
transition 26 13 30 0 0.08333333333333333
transition 26 13 29 0 0.08333333333333333
transition 26 13 28 0 0.08333333333333333
transition 26 13 27 0 0.08333333333333333
transition 26 13 26 0 0.041666666666666664
transition 41 13 288 0 0.08333333333333333
transition 41 13 149 0 0.08333333333333333
transition 41 13 89 0 0.08333333333333333
transition 41 13 59 0 0.041666666666666664
transition 41 13 53 0 0.08333333333333333
transition 41 13 49 0 0.08333333333333333
transition 41 13 47 0 0.08333333333333333
transition 41 13 46 0 0.08333333333333333
transition 41 13 45 0 0.08333333333333333
transition 41 13 44 0 0.08333333333333333
transition 41 13 43 0 0.08333333333333333
transition 41 13 42 0 0.08333333333333333
transition 41 13 41 0 0.041666666666666664
transition 68 13 310 0 0.08333333333333333
transition 68 13 167 0 0.08333333333333333
transition 68 13 103 0 0.041666666666666664
transition 68 13 89 0 0.08333333333333333
transition 68 13 82 0 0.08333333333333333
transition 68 13 77 0 0.08333333333333333
transition 68 13 74 0 0.08333333333333333
transition 68 13 73 0 0.08333333333333333
transition 68 13 72 0 0.08333333333333333
transition 68 13 71 0 0.08333333333333333
transition 68 13 70 0 0.08333333333333333
transition 68 13 69 0 0.08333333333333333
transition 68 13 68 0 0.041666666666666664
transition 123 13 355 0 0.08333333333333333
transition 123 13 203 0 0.041666666666666664
transition 123 13 167 0 0.08333333333333333
transition 123 13 149 0 0.08333333333333333
transition 123 13 140 0 0.08333333333333333
transition 123 13 134 0 0.08333333333333333
transition 123 13 130 0 0.08333333333333333
transition 123 13 128 0 0.08333333333333333
transition 123 13 127 0 0.08333333333333333
transition 123 13 126 0 0.08333333333333333
transition 123 13 125 0 0.08333333333333333
transition 123 13 124 0 0.08333333333333333
transition 123 13 123 0 0.041666666666666664
transition 168 13 391 0 0.08695652173913043
transition 168 13 233 0 0.043478260869565216
transition 168 13 191 0 0.043478260869565216
transition 168 13 183 0 0.08695652173913043
transition 168 13 178 0 0.08695652173913043
transition 168 13 175 0 0.08695652173913043
transition 168 13 174 0 0.08695652173913043
transition 168 13 173 0 0.08695652173913043
transition 168 13 172 0 0.08695652173913043
transition 168 13 171 0 0.08695652173913043
transition 168 13 170 0 0.08695652173913043
transition 168 13 169 0 0.08695652173913043
transition 168 13 168 0 0.043478260869565216
transition 204 13 419 0 0.08695652173913043
transition 204 13 233 0 0.08695652173913043
transition 204 13 222 0 0.08695652173913043
transition 204 13 216 0 0.08695652173913043
transition 204 13 212 0 0.08695652173913043
transition 204 13 210 0 0.08695652173913043
transition 204 13 209 0 0.08695652173913043
transition 204 13 208 0 0.08695652173913043
transition 204 13 207 0 0.08695652173913043
transition 204 13 206 0 0.08695652173913043
transition 204 13 205 0 0.08695652173913043
transition 204 13 204 0 0.043478260869565216
transition 256 13 460 0 0.041666666666666664
transition 256 13 355 0 0.08333333333333333
transition 256 13 310 0 0.08333333333333333
transition 256 13 288 0 0.08333333333333333
transition 256 13 276 0 0.08333333333333333
transition 256 13 269 0 0.08333333333333333
transition 256 13 264 0 0.08333333333333333
transition 256 13 261 0 0.08333333333333333
transition 256 13 260 0 0.08333333333333333
transition 256 13 259 0 0.08333333333333333
transition 256 13 258 0 0.08333333333333333
transition 256 13 257 0 0.08333333333333333
transition 256 13 256 0 0.041666666666666664
transition 289 13 487 0 0.043478260869565216
transition 289 13 377 0 0.08695652173913043
transition 289 13 329 0 0.08695652173913043
transition 289 13 304 0 0.043478260869565216
transition 289 13 299 0 0.08695652173913043
transition 289 13 296 0 0.08695652173913043
transition 289 13 295 0 0.08695652173913043
transition 289 13 294 0 0.08695652173913043
transition 289 13 293 0 0.08695652173913043
transition 289 13 292 0 0.08695652173913043
transition 289 13 291 0 0.08695652173913043
transition 289 13 290 0 0.08695652173913043
transition 289 13 289 0 0.043478260869565216
transition 311 13 505 0 0.043478260869565216
transition 311 13 391 0 0.08695652173913043
transition 311 13 340 0 0.043478260869565216
transition 311 13 329 0 0.08695652173913043
transition 311 13 323 0 0.08695652173913043
transition 311 13 319 0 0.08695652173913043
transition 311 13 317 0 0.08695652173913043
transition 311 13 316 0 0.08695652173913043
transition 311 13 315 0 0.08695652173913043
transition 311 13 314 0 0.08695652173913043
transition 311 13 313 0 0.08695652173913043
transition 311 13 312 0 0.08695652173913043
transition 311 13 311 0 0.043478260869565216
transition 356 13 541 0 0.043478260869565216
transition 356 13 419 0 0.043478260869565216
transition 356 13 391 0 0.08695652173913043
transition 356 13 377 0 0.08695652173913043
transition 356 13 370 0 0.08695652173913043
transition 356 13 365 0 0.08695652173913043
transition 356 13 362 0 0.08695652173913043
transition 356 13 361 0 0.08695652173913043
transition 356 13 360 0 0.08695652173913043
transition 356 13 359 0 0.08695652173913043
transition 356 13 358 0 0.08695652173913043
transition 356 13 357 0 0.08695652173913043
transition 356 13 356 0 0.043478260869565216
transition 420 13 593 0 0.045454545454545456
transition 420 13 443 0 0.09090909090909091
transition 420 13 435 0 0.09090909090909091
transition 420 13 430 0 0.09090909090909091
transition 420 13 427 0 0.09090909090909091
transition 420 13 426 0 0.09090909090909091
transition 420 13 425 0 0.09090909090909091
transition 420 13 424 0 0.09090909090909091
transition 420 13 423 0 0.09090909090909091
transition 420 13 422 0 0.09090909090909091
transition 420 13 421 0 0.09090909090909091
transition 420 13 420 0 0.045454545454545456
transition 461 13 541 0 0.08695652173913043
transition 461 13 505 0 0.08695652173913043
transition 461 13 487 0 0.08695652173913043
transition 461 13 478 0 0.08695652173913043
transition 461 13 472 0 0.08695652173913043
transition 461 13 468 0 0.08695652173913043
transition 461 13 466 0 0.08695652173913043
transition 461 13 465 0 0.08695652173913043
transition 461 13 464 0 0.08695652173913043
transition 461 13 463 0 0.08695652173913043
transition 461 13 462 0 0.08695652173913043
transition 461 13 461 0 0.043478260869565216
transition 506 13 571 0 0.09090909090909091
transition 506 13 529 0 0.045454545454545456
transition 506 13 521 0 0.09090909090909091
transition 506 13 516 0 0.09090909090909091
transition 506 13 513 0 0.09090909090909091
transition 506 13 512 0 0.09090909090909091
transition 506 13 511 0 0.09090909090909091
transition 506 13 510 0 0.09090909090909091
transition 506 13 509 0 0.09090909090909091
transition 506 13 508 0 0.09090909090909091
transition 506 13 507 0 0.09090909090909091
transition 506 13 506 0 0.045454545454545456
transition 542 13 593 0 0.045454545454545456
transition 542 13 571 0 0.09090909090909091
transition 542 13 560 0 0.09090909090909091
transition 542 13 554 0 0.09090909090909091
transition 542 13 550 0 0.09090909090909091
transition 542 13 548 0 0.09090909090909091
transition 542 13 547 0 0.09090909090909091
transition 542 13 546 0 0.09090909090909091
transition 542 13 545 0 0.09090909090909091
transition 542 13 544 0 0.09090909090909091
transition 542 13 543 0 0.09090909090909091
transition 542 13 542 0 0.045454545454545456
transition 0 14 625 17 1
transition 1 14 625 17 1
transition 2 14 625 17 1
transition 3 14 625 17 1
transition 4 14 625 17 1
transition 5 14 625 17 1
transition 6 14 625 17 1
transition 7 14 625 17 1
transition 8 14 625 17 1
transition 9 14 625 17 1
transition 10 14 625 17 1
transition 11 14 625 17 1
transition 12 14 625 17 1
transition 13 14 625 17 1
transition 14 14 625 17 1
transition 15 14 625 17 1
transition 16 14 625 17 1
transition 17 14 625 17 1
transition 18 14 625 17 1
transition 19 14 625 17 1
transition 20 14 625 17 1
transition 21 14 625 17 1
transition 22 14 625 17 1
transition 23 14 625 17 1
transition 24 14 625 17 1
transition 25 14 625 17 1
transition 26 14 625 17 1
transition 27 14 625 17 1
transition 28 14 625 17 1
transition 29 14 625 17 1
transition 30 14 625 17 1
transition 31 14 625 17 1
transition 32 14 625 17 1
transition 33 14 625 17 1
transition 34 14 625 17 1
transition 35 14 625 17 1
transition 36 14 625 17 1
transition 37 14 625 17 1
transition 38 14 625 17 1
transition 39 14 625 17 1
transition 40 14 625 17 1
transition 41 14 625 17 1
transition 42 14 625 17 1
transition 43 14 625 17 1
transition 44 14 625 17 1
transition 45 14 625 17 1
transition 46 14 625 17 1
transition 47 14 625 17 1
transition 48 14 625 17 1
transition 49 14 625 17 1
transition 50 14 625 17 1
transition 51 14 625 17 1
transition 52 14 625 17 1
transition 53 14 625 17 1
transition 54 14 625 17 1
transition 55 14 625 17 1
transition 56 14 625 17 1
transition 57 14 625 17 1
transition 58 14 625 17 1
transition 59 14 625 17 1
transition 60 14 625 17 1
transition 61 14 625 17 1
transition 62 14 625 17 1
transition 63 14 625 17 1
transition 64 14 625 17 1
transition 65 14 625 17 1
transition 66 14 625 17 1
transition 67 14 625 17 1
transition 68 14 625 17 1
transition 69 14 625 17 1
transition 70 14 625 17 1
transition 71 14 625 17 1
transition 72 14 625 17 1
transition 73 14 625 17 1
transition 74 14 625 17 1
transition 75 14 625 17 1
transition 76 14 625 17 1
transition 77 14 625 17 1
transition 78 14 625 17 1
transition 79 14 625 17 1
transition 80 14 625 17 1
transition 81 14 625 17 1
transition 82 14 625 17 1
transition 83 14 625 17 1
transition 84 14 625 17 1
transition 85 14 625 17 1
transition 86 14 625 17 1
transition 87 14 625 17 1
transition 88 14 625 17 1
transition 89 14 625 17 1
transition 90 14 625 17 1
transition 91 14 625 17 1
transition 92 14 625 17 1
transition 93 14 625 17 1
transition 94 14 625 17 1
transition 95 14 625 17 1
transition 96 14 625 17 1
transition 97 14 625 17 1
transition 98 14 625 17 1
transition 99 14 625 17 1
transition 100 14 625 17 1
transition 101 14 625 17 1
transition 102 14 625 17 1
transition 103 14 625 17 1
transition 104 14 625 17 1
transition 105 14 625 17 1
transition 106 14 625 17 1
transition 107 14 625 17 1
transition 108 14 625 17 1
transition 109 14 625 17 1
transition 110 14 625 17 1
transition 111 14 625 17 1
transition 112 14 625 17 1
transition 113 14 625 17 1
transition 114 14 625 17 1
transition 115 14 625 17 1
transition 116 14 625 17 1
transition 117 14 625 17 1
transition 118 14 625 17 1
transition 119 14 625 17 1
transition 120 14 625 17 1
transition 121 14 625 17 1
transition 122 14 625 17 1
transition 123 14 625 17 1
transition 124 14 625 17 1
transition 125 14 625 17 1
transition 126 14 625 17 1
transition 127 14 625 17 1
transition 128 14 625 17 1
transition 129 14 625 17 1
transition 130 14 625 17 1
transition 131 14 625 17 1
transition 132 14 625 17 1
transition 133 14 625 17 1
transition 134 14 625 17 1
transition 135 14 625 17 1
transition 136 14 625 17 1
transition 137 14 625 17 1
transition 138 14 625 17 1
transition 139 14 625 17 1
transition 140 14 625 17 1
transition 141 14 625 17 1
transition 142 14 625 17 1
transition 143 14 625 17 1
transition 144 14 625 17 1
transition 145 14 625 17 1
transition 146 14 625 17 1
transition 147 14 625 17 1
transition 148 14 625 17 1
transition 149 14 625 17 1
transition 150 14 625 17 1
transition 151 14 625 17 1
transition 152 14 625 17 1
transition 153 14 625 17 1
transition 154 14 625 17 1
transition 155 14 625 17 1
transition 156 14 625 17 1
transition 157 14 625 17 1
transition 158 14 625 17 1
transition 159 14 625 17 1
transition 160 14 625 17 1
transition 161 14 625 17 1
transition 162 14 625 17 1
transition 163 14 625 17 1
transition 164 14 625 17 1
transition 165 14 625 17 1
transition 166 14 625 17 1
transition 167 14 625 17 1
transition 168 14 625 17 1
transition 169 14 625 17 1
transition 170 14 625 17 1
transition 171 14 625 17 1
transition 172 14 625 17 1
transition 173 14 625 17 1
transition 174 14 625 17 1
transition 175 14 625 17 1
transition 176 14 625 17 1
transition 177 14 625 17 1
transition 178 14 625 17 1
transition 179 14 625 17 1
transition 180 14 625 17 1
transition 181 14 625 17 1
transition 182 14 625 17 1
transition 183 14 625 17 1
transition 184 14 625 17 1
transition 185 14 625 17 1
transition 186 14 625 17 1
transition 187 14 625 17 1
transition 188 14 625 17 1
transition 189 14 625 17 1
transition 190 14 625 17 1
transition 191 14 625 17 1
transition 192 14 625 17 1
transition 193 14 625 17 1
transition 194 14 625 17 1
transition 195 14 625 17 1
transition 196 14 625 17 1
transition 197 14 625 17 1
transition 198 14 625 17 1
transition 199 14 625 17 1
transition 200 14 625 17 1
transition 201 14 625 17 1
transition 202 14 625 17 1
transition 203 14 625 17 1
transition 204 14 625 17 1
transition 205 14 625 17 1
transition 206 14 625 17 1
transition 207 14 625 17 1
transition 208 14 625 17 1
transition 209 14 625 17 1
transition 210 14 625 17 1
transition 211 14 625 17 1
transition 212 14 625 17 1
transition 213 14 625 17 1
transition 214 14 625 17 1
transition 215 14 625 17 1
transition 216 14 625 17 1
transition 217 14 625 17 1
transition 218 14 625 17 1
transition 219 14 625 17 1
transition 220 14 625 17 1
transition 221 14 625 17 1
transition 222 14 625 17 1
transition 223 14 625 17 1
transition 224 14 625 17 1
transition 225 14 625 17 1
transition 226 14 625 17 1
transition 227 14 625 17 1
transition 228 14 625 17 1
transition 229 14 625 17 1
transition 230 14 625 17 1
transition 231 14 625 17 1
transition 232 14 625 17 1
transition 233 14 625 17 1
transition 234 14 625 17 1
transition 235 14 625 17 1
transition 236 14 625 17 1
transition 237 14 625 17 1
transition 238 14 625 17 1
transition 239 14 625 17 1
transition 240 14 625 17 1
transition 241 14 625 17 1
transition 242 14 625 17 1
transition 243 14 625 17 1
transition 244 14 625 17 1
transition 245 14 625 17 1
transition 246 14 625 17 1
transition 247 14 625 17 1
transition 248 14 625 17 1
transition 249 14 625 17 1
transition 250 14 625 17 1
transition 251 14 625 17 1
transition 252 14 625 17 1
transition 253 14 625 17 1
transition 254 14 625 17 1
transition 255 14 625 17 1
transition 256 14 625 17 1
transition 257 14 625 17 1
transition 258 14 625 17 1
transition 259 14 625 17 1
transition 260 14 625 17 1
transition 261 14 625 17 1
transition 262 14 625 17 1
transition 263 14 625 17 1
transition 264 14 625 17 1
transition 265 14 625 17 1
transition 266 14 625 17 1
transition 267 14 625 17 1
transition 268 14 625 17 1
transition 269 14 625 17 1
transition 270 14 625 17 1
transition 271 14 625 17 1
transition 272 14 625 17 1
transition 273 14 625 17 1
transition 274 14 625 17 1
transition 275 14 625 17 1
transition 276 14 625 17 1
transition 277 14 625 17 1
transition 278 14 625 17 1
transition 279 14 625 17 1
transition 280 14 625 17 1
transition 281 14 625 17 1
transition 282 14 625 17 1
transition 283 14 625 17 1
transition 284 14 625 17 1
transition 285 14 625 17 1
transition 286 14 625 17 1
transition 287 14 625 17 1
transition 288 14 625 17 1
transition 289 14 625 17 1
transition 290 14 625 17 1
transition 291 14 625 17 1
transition 292 14 625 17 1
transition 293 14 625 17 1
transition 294 14 625 17 1
transition 295 14 625 17 1
transition 296 14 625 17 1
transition 297 14 625 17 1
transition 298 14 625 17 1
transition 299 14 625 17 1
transition 300 14 625 17 1
transition 301 14 625 17 1
transition 302 14 625 17 1
transition 303 14 625 17 1
transition 304 14 625 17 1
transition 305 14 625 17 1
transition 306 14 625 17 1
transition 307 14 625 17 1
transition 308 14 625 17 1
transition 309 14 625 17 1
transition 310 14 625 17 1
transition 311 14 625 17 1
transition 312 14 625 17 1
transition 313 14 625 17 1
transition 314 14 625 17 1
transition 315 14 625 17 1
transition 316 14 625 17 1
transition 317 14 625 17 1
transition 318 14 625 17 1
transition 319 14 625 17 1
transition 320 14 625 17 1
transition 321 14 625 17 1
transition 322 14 625 17 1
transition 323 14 625 17 1
transition 324 14 625 17 1
transition 325 14 625 17 1
transition 326 14 625 17 1
transition 327 14 625 17 1
transition 328 14 625 17 1
transition 329 14 625 17 1
transition 330 14 625 17 1
transition 331 14 625 17 1
transition 332 14 625 17 1
transition 333 14 625 17 1
transition 334 14 625 17 1
transition 335 14 625 17 1
transition 336 14 625 17 1
transition 337 14 625 17 1
transition 338 14 625 17 1
transition 339 14 625 17 1
transition 340 14 625 17 1
transition 341 14 625 17 1
transition 342 14 625 17 1
transition 343 14 625 17 1
transition 344 14 625 17 1
transition 345 14 625 17 1
transition 346 14 625 17 1
transition 347 14 625 17 1
transition 348 14 625 17 1
transition 349 14 625 17 1
transition 350 14 625 17 1
transition 351 14 625 17 1
transition 352 14 625 17 1
transition 353 14 625 17 1
transition 354 14 625 17 1
transition 355 14 625 17 1
transition 356 14 625 17 1
transition 357 14 625 17 1
transition 358 14 625 17 1
transition 359 14 625 17 1
transition 360 14 625 17 1
transition 361 14 625 17 1
transition 362 14 625 17 1
transition 363 14 625 17 1
transition 364 14 625 17 1
transition 365 14 625 17 1
transition 366 14 625 17 1
transition 367 14 625 17 1
transition 368 14 625 17 1
transition 369 14 625 17 1
transition 370 14 625 17 1
transition 371 14 625 17 1
transition 372 14 625 17 1
transition 373 14 625 17 1
transition 374 14 625 17 1
transition 375 14 625 17 1
transition 376 14 625 17 1
transition 377 14 625 17 1
transition 378 14 625 17 1
transition 379 14 625 17 1
transition 380 14 625 17 1
transition 381 14 625 17 1
transition 382 14 625 17 1
transition 383 14 625 17 1
transition 384 14 625 17 1
transition 385 14 625 17 1
transition 386 14 625 17 1
transition 387 14 625 17 1
transition 388 14 625 17 1
transition 389 14 625 17 1
transition 390 14 625 17 1
transition 391 14 625 17 1
transition 392 14 625 17 1
transition 393 14 625 17 1
transition 394 14 625 17 1
transition 395 14 625 17 1
transition 396 14 625 17 1
transition 397 14 625 17 1
transition 398 14 625 17 1
transition 399 14 625 17 1
transition 400 14 625 17 1
transition 401 14 625 17 1
transition 402 14 625 17 1
transition 403 14 625 17 1
transition 404 14 625 17 1
transition 405 14 625 17 1
transition 406 14 625 17 1
transition 407 14 625 17 1
transition 408 14 625 17 1
transition 409 14 625 17 1
transition 410 14 625 17 1
transition 411 14 625 17 1
transition 412 14 625 17 1
transition 413 14 625 17 1
transition 414 14 625 17 1
transition 415 14 625 17 1
transition 416 14 625 17 1
transition 417 14 625 17 1
transition 418 14 625 17 1
transition 419 14 625 17 1
transition 420 14 625 17 1
transition 421 14 625 17 1
transition 422 14 625 17 1
transition 423 14 625 17 1
transition 424 14 625 17 1
transition 425 14 625 17 1
transition 426 14 625 17 1
transition 427 14 625 17 1
transition 428 14 625 17 1
transition 429 14 625 17 1
transition 430 14 625 17 1
transition 431 14 625 17 1
transition 432 14 625 17 1
transition 433 14 625 17 1
transition 434 14 625 17 1
transition 435 14 625 17 1
transition 436 14 625 17 1
transition 437 14 625 17 1
transition 438 14 625 17 1
transition 439 14 625 17 1
transition 440 14 625 17 1
transition 441 14 625 17 1
transition 442 14 625 17 1
transition 443 14 625 17 1
transition 444 14 625 17 1
transition 445 14 625 17 1
transition 446 14 625 17 1
transition 447 14 625 17 1
transition 448 14 625 17 1
transition 449 14 625 17 1
transition 450 14 625 17 1
transition 451 14 625 17 1
transition 452 14 625 17 1
transition 453 14 625 17 1
transition 454 14 625 17 1
transition 455 14 625 17 1
transition 456 14 625 17 1
transition 457 14 625 17 1
transition 458 14 625 17 1
transition 459 14 625 17 1
transition 460 14 625 17 1
transition 461 14 625 17 1
transition 462 14 625 17 1
transition 463 14 625 17 1
transition 464 14 625 17 1
transition 465 14 625 17 1
transition 466 14 625 17 1
transition 467 14 625 17 1
transition 468 14 625 17 1
transition 469 14 625 17 1
transition 470 14 625 17 1
transition 471 14 625 17 1
transition 472 14 625 17 1
transition 473 14 625 17 1
transition 474 14 625 17 1
transition 475 14 625 17 1
transition 476 14 625 17 1
transition 477 14 625 17 1
transition 478 14 625 17 1
transition 479 14 625 17 1
transition 480 14 625 17 1
transition 481 14 625 17 1
transition 482 14 625 17 1
transition 483 14 625 17 1
transition 484 14 625 17 1
transition 485 14 625 17 1
transition 486 14 625 17 1
transition 487 14 625 17 1
transition 488 14 625 17 1
transition 489 14 625 17 1
transition 490 14 625 17 1
transition 491 14 625 17 1
transition 492 14 625 17 1
transition 493 14 625 17 1
transition 494 14 625 17 1
transition 495 14 625 17 1
transition 496 14 625 17 1
transition 497 14 625 17 1
transition 498 14 625 17 1
transition 499 14 625 17 1
transition 500 14 625 17 1
transition 501 14 625 17 1
transition 502 14 625 17 1
transition 503 14 625 17 1
transition 504 14 625 17 1
transition 505 14 625 17 1
transition 506 14 625 17 1
transition 507 14 625 17 1
transition 508 14 625 17 1
transition 509 14 625 17 1
transition 510 14 625 17 1
transition 511 14 625 17 1
transition 512 14 625 17 1
transition 513 14 625 17 1
transition 514 14 625 17 1
transition 515 14 625 17 1
transition 516 14 625 17 1
transition 517 14 625 17 1
transition 518 14 625 17 1
transition 519 14 625 17 1
transition 520 14 625 17 1
transition 521 14 625 17 1
transition 522 14 625 17 1
transition 523 14 625 17 1
transition 524 14 625 17 1
transition 525 14 625 17 1
transition 526 14 625 17 1
transition 527 14 625 17 1
transition 528 14 625 17 1
transition 529 14 625 17 1
transition 530 14 625 17 1
transition 531 14 625 17 1
transition 532 14 625 17 1
transition 533 14 625 17 1
transition 534 14 625 17 1
transition 535 14 625 17 1
transition 536 14 625 17 1
transition 537 14 625 17 1
transition 538 14 625 17 1
transition 539 14 625 17 1
transition 540 14 625 17 1
transition 541 14 625 17 1
transition 542 14 625 17 1
transition 543 14 625 17 1
transition 544 14 625 17 1
transition 545 14 625 17 1
transition 546 14 625 17 1
transition 547 14 625 17 1
transition 548 14 625 17 1
transition 549 14 625 17 1
transition 550 14 625 17 1
transition 551 14 625 17 1
transition 552 14 625 17 1
transition 553 14 625 17 1
transition 554 14 625 17 1
transition 555 14 625 17 1
transition 556 14 625 17 1
transition 557 14 625 17 1
transition 558 14 625 17 1
transition 559 14 625 17 1
transition 560 14 625 17 1
transition 561 14 625 17 1
transition 562 14 625 17 1
transition 563 14 625 17 1
transition 564 14 625 17 1
transition 565 14 625 17 1
transition 566 14 625 17 1
transition 567 14 625 17 1
transition 568 14 625 17 1
transition 569 14 625 17 1
transition 570 14 625 17 1
transition 571 14 625 17 1
transition 572 14 625 17 1
transition 573 14 625 17 1
transition 574 14 625 17 1
transition 575 14 625 17 1
transition 576 14 625 17 1
transition 577 14 625 17 1
transition 578 14 625 17 1
transition 579 14 625 17 1
transition 580 14 625 17 1
transition 581 14 625 17 1
transition 582 14 625 17 1
transition 583 14 625 17 1
transition 584 14 625 17 1
transition 585 14 625 17 1
transition 586 14 625 17 1
transition 587 14 625 17 1
transition 588 14 625 17 1
transition 589 14 625 17 1
transition 590 14 625 17 1
transition 591 14 625 17 1
transition 592 14 625 17 1
transition 593 14 625 17 1
transition 594 14 625 17 1
transition 595 14 625 17 1
transition 596 14 625 17 1
transition 597 14 625 17 1
transition 598 14 625 17 1
transition 599 14 625 17 1
transition 600 14 625 17 1
transition 601 14 625 17 1
transition 602 14 625 17 1
transition 603 14 625 17 1
transition 604 14 625 17 1
transition 605 14 625 17 1
transition 606 14 625 17 1
transition 607 14 625 17 1
transition 608 14 625 17 1
transition 609 14 625 17 1
transition 610 14 625 17 1
transition 611 14 625 17 1
transition 612 14 625 17 1
transition 613 14 625 17 1
transition 614 14 625 17 1
transition 615 14 625 17 1
transition 616 14 625 17 1
transition 617 14 625 17 1
transition 618 14 625 17 1
transition 619 14 625 17 1
transition 620 14 625 17 1
transition 621 14 625 17 1
transition 622 14 625 17 1
transition 623 14 625 17 1
transition 624 14 625 17 1
mdptype episodic
discount 1.0
