numStates 501
numActions 15
end 500
transition 0 0 205 0 0.07692307692307693
transition 0 0 100 0 0.07692307692307693
transition 0 0 55 0 0.07692307692307693
transition 0 0 33 0 0.07692307692307693
transition 0 0 21 0 0.07692307692307693
transition 0 0 14 0 0.07692307692307693
transition 0 0 9 0 0.07692307692307693
transition 0 0 6 0 0.07692307692307693
transition 0 0 5 0 0.07692307692307693
transition 0 0 4 0 0.07692307692307693
transition 0 0 3 0 0.07692307692307693
transition 0 0 2 0 0.07692307692307693
transition 0 0 1 0 0.07692307692307693
transition 1 0 206 0 0.08
transition 1 0 101 0 0.08
transition 1 0 56 0 0.08
transition 1 0 34 0 0.08
transition 1 0 500 0 0.04
transition 2 0 207 0 0.08
transition 2 0 102 0 0.08
transition 2 0 57 0 0.08
transition 2 0 35 0 0.08
transition 2 0 22 0 0.08
transition 2 0 500 0 0.08
transition 3 0 208 0 0.08
transition 3 0 103 0 0.08
transition 3 0 58 0 0.08
transition 3 0 36 0 0.08
transition 3 0 23 0 0.08
transition 3 0 15 0 0.08
transition 3 0 500 0 0.08
transition 4 0 209 0 0.08
transition 4 0 104 0 0.08
transition 4 0 59 0 0.08
transition 4 0 37 0 0.08
transition 4 0 24 0 0.08
transition 4 0 16 0 0.08
transition 4 0 10 0 0.08
transition 4 0 500 0 0.08
transition 5 0 210 0 0.08
transition 5 0 105 0 0.08
transition 5 0 60 0 0.08
transition 5 0 38 0 0.08
transition 5 0 25 0 0.08
transition 5 0 17 0 0.08
transition 5 0 11 0 0.08
transition 5 0 7 0 0.08
transition 5 0 500 0 0.08
transition 6 0 211 0 0.08
transition 6 0 106 0 0.08
transition 6 0 61 0 0.08
transition 6 0 39 0 0.08
transition 6 0 26 0 0.08
transition 6 0 18 0 0.08
transition 6 0 12 0 0.08
transition 6 0 8 0 0.04
transition 6 0 7 0 0.08
transition 6 0 500 0 0.08
transition 7 0 500 0 0.08333333333333333
transition 8 0 212 0 0.08333333333333333
transition 8 0 500 0 0.08333333333333333
transition 9 0 213 0 0.08
transition 9 0 107 0 0.08
transition 9 0 62 0 0.08
transition 9 0 40 0 0.08
transition 9 0 27 0 0.08
transition 9 0 19 0 0.08
transition 9 0 13 0 0.04
transition 9 0 12 0 0.08
transition 9 0 11 0 0.08
transition 9 0 10 0 0.08
transition 9 0 500 0 0.08
transition 10 0 500 0 0.08333333333333333
transition 11 0 214 0 0.08333333333333333
transition 11 0 500 0 0.08333333333333333
transition 12 0 215 0 0.08333333333333333
transition 12 0 108 0 0.08333333333333333
transition 12 0 500 0 0.08333333333333333
transition 13 0 216 0 0.08333333333333333
transition 13 0 109 0 0.08333333333333333
transition 13 0 63 0 0.08333333333333333
transition 13 0 500 0 0.08333333333333333
transition 14 0 217 0 0.08
transition 14 0 110 0 0.08
transition 14 0 64 0 0.08
transition 14 0 41 0 0.08
transition 14 0 28 0 0.08
transition 14 0 20 0 0.04
transition 14 0 19 0 0.08
transition 14 0 18 0 0.08
transition 14 0 17 0 0.08
transition 14 0 16 0 0.08
transition 14 0 15 0 0.08
transition 14 0 500 0 0.08
transition 15 0 500 0 0.08333333333333333
transition 16 0 218 0 0.08333333333333333
transition 16 0 500 0 0.08333333333333333
transition 17 0 219 0 0.08333333333333333
transition 17 0 111 0 0.08333333333333333
transition 17 0 500 0 0.08333333333333333
transition 18 0 220 0 0.08333333333333333
transition 18 0 112 0 0.08333333333333333
transition 18 0 65 0 0.08333333333333333
transition 18 0 500 0 0.08333333333333333
transition 19 0 221 0 0.08333333333333333
transition 19 0 113 0 0.08333333333333333
transition 19 0 66 0 0.08333333333333333
transition 19 0 42 0 0.08333333333333333
transition 19 0 500 0 0.08333333333333333
transition 20 0 222 0 0.08333333333333333
transition 20 0 114 0 0.08333333333333333
transition 20 0 67 0 0.08333333333333333
transition 20 0 43 0 0.08333333333333333
transition 20 0 29 0 0.08333333333333333
transition 20 0 500 0 0.08333333333333333
transition 21 0 223 0 0.08
transition 21 0 115 0 0.08
transition 21 0 68 0 0.08
transition 21 0 44 0 0.08
transition 21 0 30 0 0.04
transition 21 0 28 0 0.08
transition 21 0 27 0 0.08
transition 21 0 26 0 0.08
transition 21 0 25 0 0.08
transition 21 0 24 0 0.08
transition 21 0 23 0 0.08
transition 21 0 22 0 0.08
transition 21 0 500 0 0.08
transition 22 0 500 0 0.08333333333333333
transition 23 0 224 0 0.08333333333333333
transition 23 0 500 0 0.08333333333333333
transition 24 0 225 0 0.08333333333333333
transition 24 0 116 0 0.08333333333333333
transition 24 0 500 0 0.08333333333333333
transition 25 0 226 0 0.08333333333333333
transition 25 0 117 0 0.08333333333333333
transition 25 0 69 0 0.08333333333333333
transition 25 0 500 0 0.08333333333333333
transition 26 0 227 0 0.08333333333333333
transition 26 0 118 0 0.08333333333333333
transition 26 0 70 0 0.08333333333333333
transition 26 0 45 0 0.08333333333333333
transition 26 0 500 0 0.08333333333333333
transition 27 0 228 0 0.08333333333333333
transition 27 0 119 0 0.08333333333333333
transition 27 0 71 0 0.08333333333333333
transition 27 0 46 0 0.08333333333333333
transition 27 0 31 0 0.041666666666666664
transition 27 0 500 0 0.08333333333333333
transition 28 0 229 0 0.08333333333333333
transition 28 0 120 0 0.08333333333333333
transition 28 0 72 0 0.08333333333333333
transition 28 0 47 0 0.08333333333333333
transition 28 0 32 0 0.041666666666666664
transition 28 0 29 0 0.041666666666666664
transition 28 0 500 0 0.08333333333333333
transition 29 0 500 0 0.08695652173913043
transition 30 0 230 0 0.08333333333333333
transition 30 0 121 0 0.08333333333333333
transition 30 0 73 0 0.08333333333333333
transition 30 0 48 0 0.08333333333333333
transition 30 0 32 0 0.08333333333333333
transition 30 0 31 0 0.08333333333333333
transition 30 0 500 0 0.08333333333333333
transition 31 0 500 0 0.08695652173913043
transition 32 0 231 0 0.08695652173913043
transition 32 0 500 0 0.08695652173913043
transition 33 0 232 0 0.08
transition 33 0 122 0 0.08
transition 33 0 74 0 0.08
transition 33 0 49 0 0.04
transition 33 0 44 0 0.08
transition 33 0 41 0 0.08
transition 33 0 40 0 0.08
transition 33 0 39 0 0.08
transition 33 0 38 0 0.08
transition 33 0 37 0 0.08
transition 33 0 36 0 0.08
transition 33 0 35 0 0.08
transition 33 0 34 0 0.08
transition 34 0 500 0 0.041666666666666664
transition 35 0 233 0 0.08333333333333333
transition 35 0 500 0 0.08333333333333333
transition 36 0 234 0 0.08333333333333333
transition 36 0 123 0 0.08333333333333333
transition 36 0 500 0 0.08333333333333333
transition 37 0 235 0 0.08333333333333333
transition 37 0 124 0 0.08333333333333333
transition 37 0 75 0 0.08333333333333333
transition 37 0 500 0 0.08333333333333333
transition 38 0 236 0 0.08333333333333333
transition 38 0 125 0 0.08333333333333333
transition 38 0 76 0 0.08333333333333333
transition 38 0 50 0 0.041666666666666664
transition 38 0 500 0 0.08333333333333333
transition 39 0 237 0 0.08333333333333333
transition 39 0 126 0 0.08333333333333333
transition 39 0 77 0 0.08333333333333333
transition 39 0 51 0 0.041666666666666664
transition 39 0 45 0 0.08333333333333333
transition 39 0 500 0 0.08333333333333333
transition 40 0 238 0 0.08333333333333333
transition 40 0 127 0 0.08333333333333333
transition 40 0 78 0 0.08333333333333333
transition 40 0 52 0 0.041666666666666664
transition 40 0 46 0 0.08333333333333333
transition 40 0 42 0 0.08333333333333333
transition 40 0 500 0 0.08333333333333333
transition 41 0 239 0 0.08333333333333333
transition 41 0 128 0 0.08333333333333333
transition 41 0 79 0 0.08333333333333333
transition 41 0 53 0 0.041666666666666664
transition 41 0 47 0 0.08333333333333333
transition 41 0 43 0 0.041666666666666664
transition 41 0 42 0 0.08333333333333333
transition 41 0 500 0 0.08333333333333333
transition 42 0 500 0 0.08695652173913043
transition 43 0 240 0 0.08695652173913043
transition 43 0 500 0 0.08695652173913043
transition 44 0 241 0 0.08333333333333333
transition 44 0 129 0 0.08333333333333333
transition 44 0 80 0 0.08333333333333333
transition 44 0 54 0 0.041666666666666664
transition 44 0 48 0 0.041666666666666664
transition 44 0 47 0 0.08333333333333333
transition 44 0 46 0 0.08333333333333333
transition 44 0 45 0 0.08333333333333333
transition 44 0 500 0 0.08333333333333333
transition 45 0 500 0 0.08695652173913043
transition 46 0 242 0 0.08695652173913043
transition 46 0 500 0 0.08695652173913043
transition 47 0 243 0 0.08695652173913043
transition 47 0 130 0 0.08695652173913043
transition 47 0 500 0 0.08695652173913043
transition 48 0 244 0 0.08695652173913043
transition 48 0 131 0 0.08695652173913043
transition 48 0 81 0 0.08695652173913043
transition 48 0 500 0 0.08695652173913043
transition 49 0 245 0 0.08333333333333333
transition 49 0 132 0 0.08333333333333333
transition 49 0 82 0 0.08333333333333333
transition 49 0 54 0 0.08333333333333333
transition 49 0 53 0 0.08333333333333333
transition 49 0 52 0 0.08333333333333333
transition 49 0 51 0 0.08333333333333333
transition 49 0 50 0 0.08333333333333333
transition 49 0 500 0 0.08333333333333333
transition 50 0 500 0 0.08695652173913043
transition 51 0 246 0 0.08695652173913043
transition 51 0 500 0 0.08695652173913043
transition 52 0 247 0 0.08695652173913043
transition 52 0 133 0 0.08695652173913043
transition 52 0 500 0 0.08695652173913043
transition 53 0 248 0 0.08695652173913043
transition 53 0 134 0 0.08695652173913043
transition 53 0 83 0 0.08695652173913043
transition 53 0 500 0 0.08695652173913043
transition 54 0 249 0 0.08695652173913043
transition 54 0 135 0 0.08695652173913043
transition 54 0 84 0 0.08695652173913043
transition 54 0 500 0 0.08695652173913043
transition 55 0 250 0 0.08
transition 55 0 136 0 0.08
transition 55 0 85 0 0.04
transition 55 0 74 0 0.08
transition 55 0 68 0 0.08
transition 55 0 64 0 0.08
transition 55 0 62 0 0.08
transition 55 0 61 0 0.08
transition 55 0 60 0 0.08
transition 55 0 59 0 0.08
transition 55 0 58 0 0.08
transition 55 0 57 0 0.08
transition 55 0 56 0 0.08
transition 56 0 251 0 0.08333333333333333
transition 56 0 500 0 0.041666666666666664
transition 57 0 252 0 0.08333333333333333
transition 57 0 137 0 0.08333333333333333
transition 57 0 500 0 0.08333333333333333
transition 58 0 253 0 0.08333333333333333
transition 58 0 138 0 0.08333333333333333
transition 58 0 86 0 0.041666666666666664
transition 58 0 500 0 0.08333333333333333
transition 59 0 254 0 0.08333333333333333
transition 59 0 139 0 0.08333333333333333
transition 59 0 87 0 0.041666666666666664
transition 59 0 75 0 0.08333333333333333
transition 59 0 500 0 0.08333333333333333
transition 60 0 255 0 0.08333333333333333
transition 60 0 140 0 0.08333333333333333
transition 60 0 88 0 0.041666666666666664
transition 60 0 76 0 0.08333333333333333
transition 60 0 69 0 0.08333333333333333
transition 60 0 500 0 0.08333333333333333
transition 61 0 256 0 0.08333333333333333
transition 61 0 141 0 0.08333333333333333
transition 61 0 89 0 0.041666666666666664
transition 61 0 77 0 0.08333333333333333
transition 61 0 70 0 0.08333333333333333
transition 61 0 65 0 0.08333333333333333
transition 61 0 500 0 0.08333333333333333
transition 62 0 257 0 0.08333333333333333
transition 62 0 142 0 0.08333333333333333
transition 62 0 90 0 0.041666666666666664
transition 62 0 78 0 0.08333333333333333
transition 62 0 71 0 0.08333333333333333
transition 62 0 66 0 0.08333333333333333
transition 62 0 63 0 0.041666666666666664
transition 62 0 500 0 0.08333333333333333
transition 63 0 500 0 0.08695652173913043
transition 64 0 258 0 0.08333333333333333
transition 64 0 143 0 0.08333333333333333
transition 64 0 91 0 0.041666666666666664
transition 64 0 79 0 0.08333333333333333
transition 64 0 72 0 0.08333333333333333
transition 64 0 67 0 0.041666666666666664
transition 64 0 66 0 0.08333333333333333
transition 64 0 65 0 0.08333333333333333
transition 64 0 500 0 0.08333333333333333
transition 65 0 500 0 0.08695652173913043
transition 66 0 259 0 0.08695652173913043
transition 66 0 500 0 0.08695652173913043
transition 67 0 260 0 0.08695652173913043
transition 67 0 144 0 0.08695652173913043
transition 67 0 500 0 0.08695652173913043
transition 68 0 261 0 0.08333333333333333
transition 68 0 145 0 0.08333333333333333
transition 68 0 92 0 0.041666666666666664
transition 68 0 80 0 0.08333333333333333
transition 68 0 73 0 0.041666666666666664
transition 68 0 72 0 0.08333333333333333
transition 68 0 71 0 0.08333333333333333
transition 68 0 70 0 0.08333333333333333
transition 68 0 69 0 0.08333333333333333
transition 68 0 500 0 0.08333333333333333
transition 69 0 500 0 0.08695652173913043
transition 70 0 262 0 0.08695652173913043
transition 70 0 500 0 0.08695652173913043
transition 71 0 263 0 0.08695652173913043
transition 71 0 146 0 0.08695652173913043
transition 71 0 500 0 0.08695652173913043
transition 72 0 264 0 0.08695652173913043
transition 72 0 147 0 0.08695652173913043
transition 72 0 93 0 0.043478260869565216
transition 72 0 500 0 0.08695652173913043
transition 73 0 265 0 0.08695652173913043
transition 73 0 148 0 0.08695652173913043
transition 73 0 94 0 0.043478260869565216
transition 73 0 81 0 0.08695652173913043
transition 73 0 500 0 0.08695652173913043
transition 74 0 266 0 0.08333333333333333
transition 74 0 149 0 0.08333333333333333
transition 74 0 95 0 0.041666666666666664
transition 74 0 82 0 0.041666666666666664
transition 74 0 80 0 0.08333333333333333
transition 74 0 79 0 0.08333333333333333
transition 74 0 78 0 0.08333333333333333
transition 74 0 77 0 0.08333333333333333
transition 74 0 76 0 0.08333333333333333
transition 74 0 75 0 0.08333333333333333
transition 74 0 500 0 0.08333333333333333
transition 75 0 500 0 0.08695652173913043
transition 76 0 267 0 0.08695652173913043
transition 76 0 500 0 0.08695652173913043
transition 77 0 268 0 0.08695652173913043
transition 77 0 150 0 0.08695652173913043
transition 77 0 500 0 0.08695652173913043
transition 78 0 269 0 0.08695652173913043
transition 78 0 151 0 0.08695652173913043
transition 78 0 96 0 0.043478260869565216
transition 78 0 500 0 0.08695652173913043
transition 79 0 270 0 0.08695652173913043
transition 79 0 152 0 0.08695652173913043
transition 79 0 97 0 0.043478260869565216
transition 79 0 83 0 0.043478260869565216
transition 79 0 500 0 0.08695652173913043
transition 80 0 271 0 0.08695652173913043
transition 80 0 153 0 0.08695652173913043
transition 80 0 98 0 0.043478260869565216
transition 80 0 84 0 0.043478260869565216
transition 80 0 81 0 0.043478260869565216
transition 80 0 500 0 0.08695652173913043
transition 81 0 500 0 0.09090909090909091
transition 82 0 272 0 0.08695652173913043
transition 82 0 154 0 0.08695652173913043
transition 82 0 99 0 0.043478260869565216
transition 82 0 84 0 0.08695652173913043
transition 82 0 83 0 0.08695652173913043
transition 82 0 500 0 0.08695652173913043
transition 83 0 500 0 0.09090909090909091
transition 84 0 273 0 0.09090909090909091
transition 84 0 500 0 0.09090909090909091
transition 85 0 274 0 0.08333333333333333
transition 85 0 155 0 0.08333333333333333
transition 85 0 95 0 0.08333333333333333
transition 85 0 92 0 0.08333333333333333
transition 85 0 91 0 0.08333333333333333
transition 85 0 90 0 0.08333333333333333
transition 85 0 89 0 0.08333333333333333
transition 85 0 88 0 0.08333333333333333
transition 85 0 87 0 0.08333333333333333
transition 85 0 86 0 0.08333333333333333
transition 85 0 500 0 0.08333333333333333
transition 86 0 500 0 0.08695652173913043
transition 87 0 275 0 0.08695652173913043
transition 87 0 500 0 0.08695652173913043
transition 88 0 276 0 0.08695652173913043
transition 88 0 156 0 0.08695652173913043
transition 88 0 500 0 0.08695652173913043
transition 89 0 277 0 0.08695652173913043
transition 89 0 157 0 0.08695652173913043
transition 89 0 500 0 0.08695652173913043
transition 90 0 278 0 0.08695652173913043
transition 90 0 158 0 0.08695652173913043
transition 90 0 96 0 0.08695652173913043
transition 90 0 500 0 0.08695652173913043
transition 91 0 279 0 0.08695652173913043
transition 91 0 159 0 0.08695652173913043
transition 91 0 97 0 0.08695652173913043
transition 91 0 93 0 0.08695652173913043
transition 91 0 500 0 0.08695652173913043
transition 92 0 280 0 0.08695652173913043
transition 92 0 160 0 0.08695652173913043
transition 92 0 98 0 0.08695652173913043
transition 92 0 94 0 0.043478260869565216
transition 92 0 93 0 0.08695652173913043
transition 92 0 500 0 0.08695652173913043
transition 93 0 500 0 0.09090909090909091
transition 94 0 281 0 0.09090909090909091
transition 94 0 500 0 0.09090909090909091
transition 95 0 282 0 0.08695652173913043
transition 95 0 161 0 0.08695652173913043
transition 95 0 99 0 0.043478260869565216
transition 95 0 98 0 0.08695652173913043
transition 95 0 97 0 0.08695652173913043
transition 95 0 96 0 0.08695652173913043
transition 95 0 500 0 0.08695652173913043
transition 96 0 500 0 0.09090909090909091
transition 97 0 283 0 0.09090909090909091
transition 97 0 500 0 0.09090909090909091
transition 98 0 284 0 0.09090909090909091
transition 98 0 162 0 0.09090909090909091
transition 98 0 500 0 0.09090909090909091
transition 99 0 285 0 0.09090909090909091
transition 99 0 163 0 0.09090909090909091
transition 99 0 500 0 0.09090909090909091
transition 100 0 286 0 0.08
transition 100 0 164 0 0.04
transition 100 0 136 0 0.08
transition 100 0 122 0 0.08
transition 100 0 115 0 0.08
transition 100 0 110 0 0.08
transition 100 0 107 0 0.08
transition 100 0 106 0 0.08
transition 100 0 105 0 0.08
transition 100 0 104 0 0.08
transition 100 0 103 0 0.08
transition 100 0 102 0 0.08
transition 100 0 101 0 0.08
transition 101 0 287 0 0.08333333333333333
transition 101 0 165 0 0.041666666666666664
transition 101 0 500 0 0.041666666666666664
transition 102 0 288 0 0.08333333333333333
transition 102 0 166 0 0.041666666666666664
transition 102 0 137 0 0.08333333333333333
transition 102 0 500 0 0.08333333333333333
transition 103 0 289 0 0.08333333333333333
transition 103 0 167 0 0.041666666666666664
transition 103 0 138 0 0.08333333333333333
transition 103 0 123 0 0.08333333333333333
transition 103 0 500 0 0.08333333333333333
transition 104 0 290 0 0.08333333333333333
transition 104 0 168 0 0.041666666666666664
transition 104 0 139 0 0.08333333333333333
transition 104 0 124 0 0.08333333333333333
transition 104 0 116 0 0.08333333333333333
transition 104 0 500 0 0.08333333333333333
transition 105 0 291 0 0.08333333333333333
transition 105 0 169 0 0.041666666666666664
transition 105 0 140 0 0.08333333333333333
transition 105 0 125 0 0.08333333333333333
transition 105 0 117 0 0.08333333333333333
transition 105 0 111 0 0.08333333333333333
transition 105 0 500 0 0.08333333333333333
transition 106 0 292 0 0.08333333333333333
transition 106 0 170 0 0.041666666666666664
transition 106 0 141 0 0.08333333333333333
transition 106 0 126 0 0.08333333333333333
transition 106 0 118 0 0.08333333333333333
transition 106 0 112 0 0.08333333333333333
transition 106 0 108 0 0.08333333333333333
transition 106 0 500 0 0.08333333333333333
transition 107 0 293 0 0.08333333333333333
transition 107 0 171 0 0.041666666666666664
transition 107 0 142 0 0.08333333333333333
transition 107 0 127 0 0.08333333333333333
transition 107 0 119 0 0.08333333333333333
transition 107 0 113 0 0.08333333333333333
transition 107 0 109 0 0.041666666666666664
transition 107 0 108 0 0.08333333333333333
transition 107 0 500 0 0.08333333333333333
transition 108 0 500 0 0.08695652173913043
transition 109 0 294 0 0.08695652173913043
transition 109 0 500 0 0.08695652173913043
transition 110 0 295 0 0.08333333333333333
transition 110 0 172 0 0.041666666666666664
transition 110 0 143 0 0.08333333333333333
transition 110 0 128 0 0.08333333333333333
transition 110 0 120 0 0.08333333333333333
transition 110 0 114 0 0.041666666666666664
transition 110 0 113 0 0.08333333333333333
transition 110 0 112 0 0.08333333333333333
transition 110 0 111 0 0.08333333333333333
transition 110 0 500 0 0.08333333333333333
transition 111 0 500 0 0.08695652173913043
transition 112 0 296 0 0.08695652173913043
transition 112 0 500 0 0.08695652173913043
transition 113 0 297 0 0.08695652173913043
transition 113 0 173 0 0.043478260869565216
transition 113 0 500 0 0.08695652173913043
transition 114 0 298 0 0.08695652173913043
transition 114 0 174 0 0.043478260869565216
transition 114 0 144 0 0.08695652173913043
transition 114 0 500 0 0.08695652173913043
transition 115 0 299 0 0.08333333333333333
transition 115 0 175 0 0.041666666666666664
transition 115 0 145 0 0.08333333333333333
transition 115 0 129 0 0.08333333333333333
transition 115 0 121 0 0.041666666666666664
transition 115 0 120 0 0.08333333333333333
transition 115 0 119 0 0.08333333333333333
transition 115 0 118 0 0.08333333333333333
transition 115 0 117 0 0.08333333333333333
transition 115 0 116 0 0.08333333333333333
transition 115 0 500 0 0.08333333333333333
transition 116 0 500 0 0.08695652173913043
transition 117 0 300 0 0.08695652173913043
transition 117 0 500 0 0.08695652173913043
transition 118 0 301 0 0.08695652173913043
transition 118 0 176 0 0.043478260869565216
transition 118 0 500 0 0.08695652173913043
transition 119 0 302 0 0.08695652173913043
transition 119 0 177 0 0.043478260869565216
transition 119 0 146 0 0.08695652173913043
transition 119 0 500 0 0.08695652173913043
transition 120 0 303 0 0.08695652173913043
transition 120 0 178 0 0.043478260869565216
transition 120 0 147 0 0.08695652173913043
transition 120 0 130 0 0.08695652173913043
transition 120 0 500 0 0.08695652173913043
transition 121 0 304 0 0.08695652173913043
transition 121 0 179 0 0.043478260869565216
transition 121 0 148 0 0.08695652173913043
transition 121 0 131 0 0.08695652173913043
transition 121 0 500 0 0.08695652173913043
transition 122 0 305 0 0.08333333333333333
transition 122 0 180 0 0.041666666666666664
transition 122 0 149 0 0.08333333333333333
transition 122 0 132 0 0.041666666666666664
transition 122 0 129 0 0.08333333333333333
transition 122 0 128 0 0.08333333333333333
transition 122 0 127 0 0.08333333333333333
transition 122 0 126 0 0.08333333333333333
transition 122 0 125 0 0.08333333333333333
transition 122 0 124 0 0.08333333333333333
transition 122 0 123 0 0.08333333333333333
transition 122 0 500 0 0.08333333333333333
transition 123 0 500 0 0.08695652173913043
transition 124 0 306 0 0.08695652173913043
transition 124 0 500 0 0.08695652173913043
transition 125 0 307 0 0.08695652173913043
transition 125 0 181 0 0.043478260869565216
transition 125 0 500 0 0.08695652173913043
transition 126 0 308 0 0.08695652173913043
transition 126 0 182 0 0.043478260869565216
transition 126 0 150 0 0.08695652173913043
transition 126 0 500 0 0.08695652173913043
transition 127 0 309 0 0.08695652173913043
transition 127 0 183 0 0.043478260869565216
transition 127 0 151 0 0.08695652173913043
transition 127 0 133 0 0.043478260869565216
transition 127 0 500 0 0.08695652173913043
transition 128 0 310 0 0.08695652173913043
transition 128 0 184 0 0.043478260869565216
transition 128 0 152 0 0.08695652173913043
transition 128 0 134 0 0.043478260869565216
transition 128 0 130 0 0.08695652173913043
transition 128 0 500 0 0.08695652173913043
transition 129 0 311 0 0.08695652173913043
transition 129 0 185 0 0.043478260869565216
transition 129 0 153 0 0.08695652173913043
transition 129 0 135 0 0.043478260869565216
transition 129 0 131 0 0.043478260869565216
transition 129 0 130 0 0.08695652173913043
transition 129 0 500 0 0.08695652173913043
transition 130 0 500 0 0.09090909090909091
transition 131 0 312 0 0.09090909090909091
transition 131 0 500 0 0.09090909090909091
transition 132 0 313 0 0.08695652173913043
transition 132 0 186 0 0.043478260869565216
transition 132 0 154 0 0.08695652173913043
transition 132 0 135 0 0.08695652173913043
transition 132 0 134 0 0.08695652173913043
transition 132 0 133 0 0.08695652173913043
transition 132 0 500 0 0.08695652173913043
transition 133 0 500 0 0.09090909090909091
transition 134 0 314 0 0.09090909090909091
transition 134 0 500 0 0.09090909090909091
transition 135 0 315 0 0.09090909090909091
transition 135 0 187 0 0.045454545454545456
transition 135 0 500 0 0.09090909090909091
transition 136 0 316 0 0.08333333333333333
transition 136 0 188 0 0.041666666666666664
transition 136 0 155 0 0.041666666666666664
transition 136 0 149 0 0.08333333333333333
transition 136 0 145 0 0.08333333333333333
transition 136 0 143 0 0.08333333333333333
transition 136 0 142 0 0.08333333333333333
transition 136 0 141 0 0.08333333333333333
transition 136 0 140 0 0.08333333333333333
transition 136 0 139 0 0.08333333333333333
transition 136 0 138 0 0.08333333333333333
transition 136 0 137 0 0.08333333333333333
transition 136 0 500 0 0.08333333333333333
transition 137 0 500 0 0.08695652173913043
transition 138 0 317 0 0.08695652173913043
transition 138 0 500 0 0.08695652173913043
transition 139 0 318 0 0.08695652173913043
transition 139 0 189 0 0.043478260869565216
transition 139 0 500 0 0.08695652173913043
transition 140 0 319 0 0.08695652173913043
transition 140 0 190 0 0.043478260869565216
transition 140 0 156 0 0.043478260869565216
transition 140 0 500 0 0.08695652173913043
transition 141 0 320 0 0.08695652173913043
transition 141 0 191 0 0.043478260869565216
transition 141 0 157 0 0.043478260869565216
transition 141 0 150 0 0.08695652173913043
transition 141 0 500 0 0.08695652173913043
transition 142 0 321 0 0.08695652173913043
transition 142 0 192 0 0.043478260869565216
transition 142 0 158 0 0.043478260869565216
transition 142 0 151 0 0.08695652173913043
transition 142 0 146 0 0.08695652173913043
transition 142 0 500 0 0.08695652173913043
transition 143 0 322 0 0.08695652173913043
transition 143 0 193 0 0.043478260869565216
transition 143 0 159 0 0.043478260869565216
transition 143 0 152 0 0.08695652173913043
transition 143 0 147 0 0.08695652173913043
transition 143 0 144 0 0.043478260869565216
transition 143 0 500 0 0.08695652173913043
transition 144 0 500 0 0.09090909090909091
transition 145 0 323 0 0.08695652173913043
transition 145 0 194 0 0.043478260869565216
transition 145 0 160 0 0.043478260869565216
transition 145 0 153 0 0.08695652173913043
transition 145 0 148 0 0.043478260869565216
transition 145 0 147 0 0.08695652173913043
transition 145 0 146 0 0.08695652173913043
transition 145 0 500 0 0.08695652173913043
transition 146 0 500 0 0.09090909090909091
transition 147 0 324 0 0.09090909090909091
transition 147 0 500 0 0.09090909090909091
transition 148 0 325 0 0.09090909090909091
transition 148 0 195 0 0.045454545454545456
transition 148 0 500 0 0.09090909090909091
transition 149 0 326 0 0.08695652173913043
transition 149 0 196 0 0.043478260869565216
transition 149 0 161 0 0.043478260869565216
transition 149 0 154 0 0.043478260869565216
transition 149 0 153 0 0.08695652173913043
transition 149 0 152 0 0.08695652173913043
transition 149 0 151 0 0.08695652173913043
transition 149 0 150 0 0.08695652173913043
transition 149 0 500 0 0.08695652173913043
transition 150 0 500 0 0.09090909090909091
transition 151 0 327 0 0.09090909090909091
transition 151 0 500 0 0.09090909090909091
transition 152 0 328 0 0.09090909090909091
transition 152 0 197 0 0.045454545454545456
transition 152 0 500 0 0.09090909090909091
transition 153 0 329 0 0.09090909090909091
transition 153 0 198 0 0.045454545454545456
transition 153 0 162 0 0.045454545454545456
transition 153 0 500 0 0.09090909090909091
transition 154 0 330 0 0.09090909090909091
transition 154 0 199 0 0.045454545454545456
transition 154 0 163 0 0.045454545454545456
transition 154 0 500 0 0.09090909090909091
transition 155 0 331 0 0.08695652173913043
transition 155 0 200 0 0.043478260869565216
transition 155 0 161 0 0.08695652173913043
transition 155 0 160 0 0.08695652173913043
transition 155 0 159 0 0.08695652173913043
transition 155 0 158 0 0.08695652173913043
transition 155 0 157 0 0.08695652173913043
transition 155 0 156 0 0.08695652173913043
transition 155 0 500 0 0.08695652173913043
transition 156 0 500 0 0.09090909090909091
transition 157 0 332 0 0.09090909090909091
transition 157 0 500 0 0.09090909090909091
transition 158 0 333 0 0.09090909090909091
transition 158 0 201 0 0.045454545454545456
transition 158 0 500 0 0.09090909090909091
transition 159 0 334 0 0.09090909090909091
transition 159 0 202 0 0.045454545454545456
transition 159 0 500 0 0.09090909090909091
transition 160 0 335 0 0.09090909090909091
transition 160 0 203 0 0.045454545454545456
transition 160 0 162 0 0.09090909090909091
transition 160 0 500 0 0.09090909090909091
transition 161 0 336 0 0.09090909090909091
transition 161 0 204 0 0.045454545454545456
transition 161 0 163 0 0.045454545454545456
transition 161 0 162 0 0.09090909090909091
transition 161 0 500 0 0.09090909090909091
transition 162 0 500 0 0.09523809523809523
transition 163 0 337 0 0.09523809523809523
transition 163 0 500 0 0.09523809523809523
transition 164 0 338 0 0.08333333333333333
transition 164 0 188 0 0.08333333333333333
transition 164 0 180 0 0.08333333333333333
transition 164 0 175 0 0.08333333333333333
transition 164 0 172 0 0.08333333333333333
transition 164 0 171 0 0.08333333333333333
transition 164 0 170 0 0.08333333333333333
transition 164 0 169 0 0.08333333333333333
transition 164 0 168 0 0.08333333333333333
transition 164 0 167 0 0.08333333333333333
transition 164 0 166 0 0.08333333333333333
transition 164 0 165 0 0.08333333333333333
transition 165 0 500 0 0.043478260869565216
transition 166 0 339 0 0.08695652173913043
transition 166 0 500 0 0.08695652173913043
transition 167 0 340 0 0.08695652173913043
transition 167 0 500 0 0.08695652173913043
transition 168 0 341 0 0.08695652173913043
transition 168 0 189 0 0.08695652173913043
transition 168 0 500 0 0.08695652173913043
transition 169 0 342 0 0.08695652173913043
transition 169 0 190 0 0.08695652173913043
transition 169 0 181 0 0.08695652173913043
transition 169 0 500 0 0.08695652173913043
transition 170 0 343 0 0.08695652173913043
transition 170 0 191 0 0.08695652173913043
transition 170 0 182 0 0.08695652173913043
transition 170 0 176 0 0.08695652173913043
transition 170 0 500 0 0.08695652173913043
transition 171 0 344 0 0.08695652173913043
transition 171 0 192 0 0.08695652173913043
transition 171 0 183 0 0.08695652173913043
transition 171 0 177 0 0.08695652173913043
transition 171 0 173 0 0.08695652173913043
transition 171 0 500 0 0.08695652173913043
transition 172 0 345 0 0.08695652173913043
transition 172 0 193 0 0.08695652173913043
transition 172 0 184 0 0.08695652173913043
transition 172 0 178 0 0.08695652173913043
transition 172 0 174 0 0.043478260869565216
transition 172 0 173 0 0.08695652173913043
transition 172 0 500 0 0.08695652173913043
transition 173 0 500 0 0.09090909090909091
transition 174 0 346 0 0.09090909090909091
transition 174 0 500 0 0.09090909090909091
transition 175 0 347 0 0.08695652173913043
transition 175 0 194 0 0.08695652173913043
transition 175 0 185 0 0.08695652173913043
transition 175 0 179 0 0.043478260869565216
transition 175 0 178 0 0.08695652173913043
transition 175 0 177 0 0.08695652173913043
transition 175 0 176 0 0.08695652173913043
transition 175 0 500 0 0.08695652173913043
transition 176 0 500 0 0.09090909090909091
transition 177 0 348 0 0.09090909090909091
transition 177 0 500 0 0.09090909090909091
transition 178 0 349 0 0.09090909090909091
transition 178 0 500 0 0.09090909090909091
transition 179 0 350 0 0.09090909090909091
transition 179 0 195 0 0.09090909090909091
transition 179 0 500 0 0.09090909090909091
transition 180 0 351 0 0.08695652173913043
transition 180 0 196 0 0.08695652173913043
transition 180 0 186 0 0.043478260869565216
transition 180 0 185 0 0.08695652173913043
transition 180 0 184 0 0.08695652173913043
transition 180 0 183 0 0.08695652173913043
transition 180 0 182 0 0.08695652173913043
transition 180 0 181 0 0.08695652173913043
transition 180 0 500 0 0.08695652173913043
transition 181 0 500 0 0.09090909090909091
transition 182 0 352 0 0.09090909090909091
transition 182 0 500 0 0.09090909090909091
transition 183 0 353 0 0.09090909090909091
transition 183 0 500 0 0.09090909090909091
transition 184 0 354 0 0.09090909090909091
transition 184 0 197 0 0.09090909090909091
transition 184 0 500 0 0.09090909090909091
transition 185 0 355 0 0.09090909090909091
transition 185 0 198 0 0.09090909090909091
transition 185 0 187 0 0.045454545454545456
transition 185 0 500 0 0.09090909090909091
transition 186 0 356 0 0.09090909090909091
transition 186 0 199 0 0.09090909090909091
transition 186 0 187 0 0.09090909090909091
transition 186 0 500 0 0.09090909090909091
transition 187 0 500 0 0.09523809523809523
transition 188 0 357 0 0.08695652173913043
transition 188 0 200 0 0.043478260869565216
transition 188 0 196 0 0.08695652173913043
transition 188 0 194 0 0.08695652173913043
transition 188 0 193 0 0.08695652173913043
transition 188 0 192 0 0.08695652173913043
transition 188 0 191 0 0.08695652173913043
transition 188 0 190 0 0.08695652173913043
transition 188 0 189 0 0.08695652173913043
transition 188 0 500 0 0.08695652173913043
transition 189 0 500 0 0.09090909090909091
transition 190 0 358 0 0.09090909090909091
transition 190 0 500 0 0.09090909090909091
transition 191 0 359 0 0.09090909090909091
transition 191 0 500 0 0.09090909090909091
transition 192 0 360 0 0.09090909090909091
transition 192 0 201 0 0.045454545454545456
transition 192 0 500 0 0.09090909090909091
transition 193 0 361 0 0.09090909090909091
transition 193 0 202 0 0.045454545454545456
transition 193 0 197 0 0.09090909090909091
transition 193 0 500 0 0.09090909090909091
transition 194 0 362 0 0.09090909090909091
transition 194 0 203 0 0.045454545454545456
transition 194 0 198 0 0.09090909090909091
transition 194 0 195 0 0.045454545454545456
transition 194 0 500 0 0.09090909090909091
transition 195 0 500 0 0.09523809523809523
transition 196 0 363 0 0.09090909090909091
transition 196 0 204 0 0.045454545454545456
transition 196 0 199 0 0.045454545454545456
transition 196 0 198 0 0.09090909090909091
transition 196 0 197 0 0.09090909090909091
transition 196 0 500 0 0.09090909090909091
transition 197 0 500 0 0.09523809523809523
transition 198 0 364 0 0.09523809523809523
transition 198 0 500 0 0.09523809523809523
transition 199 0 365 0 0.09523809523809523
transition 199 0 500 0 0.09523809523809523
transition 200 0 366 0 0.09090909090909091
transition 200 0 204 0 0.09090909090909091
transition 200 0 203 0 0.09090909090909091
transition 200 0 202 0 0.09090909090909091
transition 200 0 201 0 0.09090909090909091
transition 200 0 500 0 0.09090909090909091
transition 201 0 500 0 0.09523809523809523
transition 202 0 367 0 0.09523809523809523
transition 202 0 500 0 0.09523809523809523
transition 203 0 368 0 0.09523809523809523
transition 203 0 500 0 0.09523809523809523
transition 204 0 369 0 0.09523809523809523
transition 204 0 500 0 0.09523809523809523
transition 205 0 370 0 0.04
transition 205 0 286 0 0.08
transition 205 0 250 0 0.08
transition 205 0 232 0 0.08
transition 205 0 223 0 0.08
transition 205 0 217 0 0.08
transition 205 0 213 0 0.08
transition 205 0 211 0 0.08
transition 205 0 210 0 0.08
transition 205 0 209 0 0.08
transition 205 0 208 0 0.08
transition 205 0 207 0 0.08
transition 205 0 206 0 0.08
transition 206 0 371 0 0.041666666666666664
transition 206 0 287 0 0.08333333333333333
transition 206 0 251 0 0.08333333333333333
transition 206 0 500 0 0.041666666666666664
transition 207 0 372 0 0.041666666666666664
transition 207 0 288 0 0.08333333333333333
transition 207 0 252 0 0.08333333333333333
transition 207 0 233 0 0.08333333333333333
transition 207 0 500 0 0.08333333333333333
transition 208 0 373 0 0.041666666666666664
transition 208 0 289 0 0.08333333333333333
transition 208 0 253 0 0.08333333333333333
transition 208 0 234 0 0.08333333333333333
transition 208 0 224 0 0.08333333333333333
transition 208 0 500 0 0.08333333333333333
transition 209 0 374 0 0.041666666666666664
transition 209 0 290 0 0.08333333333333333
transition 209 0 254 0 0.08333333333333333
transition 209 0 235 0 0.08333333333333333
transition 209 0 225 0 0.08333333333333333
transition 209 0 218 0 0.08333333333333333
transition 209 0 500 0 0.08333333333333333
transition 210 0 375 0 0.041666666666666664
transition 210 0 291 0 0.08333333333333333
transition 210 0 255 0 0.08333333333333333
transition 210 0 236 0 0.08333333333333333
transition 210 0 226 0 0.08333333333333333
transition 210 0 219 0 0.08333333333333333
transition 210 0 214 0 0.08333333333333333
transition 210 0 500 0 0.08333333333333333
transition 211 0 376 0 0.041666666666666664
transition 211 0 292 0 0.08333333333333333
transition 211 0 256 0 0.08333333333333333
transition 211 0 237 0 0.08333333333333333
transition 211 0 227 0 0.08333333333333333
transition 211 0 220 0 0.08333333333333333
transition 211 0 215 0 0.08333333333333333
transition 211 0 212 0 0.041666666666666664
transition 211 0 500 0 0.08333333333333333
transition 212 0 500 0 0.08695652173913043
transition 213 0 377 0 0.041666666666666664
transition 213 0 293 0 0.08333333333333333
transition 213 0 257 0 0.08333333333333333
transition 213 0 238 0 0.08333333333333333
transition 213 0 228 0 0.08333333333333333
transition 213 0 221 0 0.08333333333333333
transition 213 0 216 0 0.041666666666666664
transition 213 0 215 0 0.08333333333333333
transition 213 0 214 0 0.08333333333333333
transition 213 0 500 0 0.08333333333333333
transition 214 0 500 0 0.08695652173913043
transition 215 0 378 0 0.043478260869565216
transition 215 0 500 0 0.08695652173913043
transition 216 0 379 0 0.043478260869565216
transition 216 0 294 0 0.08695652173913043
transition 216 0 500 0 0.08695652173913043
transition 217 0 380 0 0.041666666666666664
transition 217 0 295 0 0.08333333333333333
transition 217 0 258 0 0.08333333333333333
transition 217 0 239 0 0.08333333333333333
transition 217 0 229 0 0.08333333333333333
transition 217 0 222 0 0.041666666666666664
transition 217 0 221 0 0.08333333333333333
transition 217 0 220 0 0.08333333333333333
transition 217 0 219 0 0.08333333333333333
transition 217 0 218 0 0.08333333333333333
transition 217 0 500 0 0.08333333333333333
transition 218 0 500 0 0.08695652173913043
transition 219 0 381 0 0.043478260869565216
transition 219 0 500 0 0.08695652173913043
transition 220 0 382 0 0.043478260869565216
transition 220 0 296 0 0.08695652173913043
transition 220 0 500 0 0.08695652173913043
transition 221 0 383 0 0.043478260869565216
transition 221 0 297 0 0.08695652173913043
transition 221 0 259 0 0.08695652173913043
transition 221 0 500 0 0.08695652173913043
transition 222 0 384 0 0.043478260869565216
transition 222 0 298 0 0.08695652173913043
transition 222 0 260 0 0.08695652173913043
transition 222 0 240 0 0.08695652173913043
transition 222 0 500 0 0.08695652173913043
transition 223 0 385 0 0.041666666666666664
transition 223 0 299 0 0.08333333333333333
transition 223 0 261 0 0.08333333333333333
transition 223 0 241 0 0.08333333333333333
transition 223 0 230 0 0.041666666666666664
transition 223 0 229 0 0.08333333333333333
transition 223 0 228 0 0.08333333333333333
transition 223 0 227 0 0.08333333333333333
transition 223 0 226 0 0.08333333333333333
transition 223 0 225 0 0.08333333333333333
transition 223 0 224 0 0.08333333333333333
transition 223 0 500 0 0.08333333333333333
transition 224 0 500 0 0.08695652173913043
transition 225 0 386 0 0.043478260869565216
transition 225 0 500 0 0.08695652173913043
transition 226 0 387 0 0.043478260869565216
transition 226 0 300 0 0.08695652173913043
transition 226 0 500 0 0.08695652173913043
transition 227 0 388 0 0.043478260869565216
transition 227 0 301 0 0.08695652173913043
transition 227 0 262 0 0.08695652173913043
transition 227 0 500 0 0.08695652173913043
transition 228 0 389 0 0.043478260869565216
transition 228 0 302 0 0.08695652173913043
transition 228 0 263 0 0.08695652173913043
transition 228 0 242 0 0.08695652173913043
transition 228 0 500 0 0.08695652173913043
transition 229 0 390 0 0.043478260869565216
transition 229 0 303 0 0.08695652173913043
transition 229 0 264 0 0.08695652173913043
transition 229 0 243 0 0.08695652173913043
transition 229 0 231 0 0.043478260869565216
transition 229 0 500 0 0.08695652173913043
transition 230 0 391 0 0.043478260869565216
transition 230 0 304 0 0.08695652173913043
transition 230 0 265 0 0.08695652173913043
transition 230 0 244 0 0.08695652173913043
transition 230 0 231 0 0.08695652173913043
transition 230 0 500 0 0.08695652173913043
transition 231 0 500 0 0.09090909090909091
transition 232 0 392 0 0.041666666666666664
transition 232 0 305 0 0.08333333333333333
transition 232 0 266 0 0.08333333333333333
transition 232 0 245 0 0.041666666666666664
transition 232 0 241 0 0.08333333333333333
transition 232 0 239 0 0.08333333333333333
transition 232 0 238 0 0.08333333333333333
transition 232 0 237 0 0.08333333333333333
transition 232 0 236 0 0.08333333333333333
transition 232 0 235 0 0.08333333333333333
transition 232 0 234 0 0.08333333333333333
transition 232 0 233 0 0.08333333333333333
transition 232 0 500 0 0.08333333333333333
transition 233 0 500 0 0.08695652173913043
transition 234 0 393 0 0.043478260869565216
transition 234 0 500 0 0.08695652173913043
transition 235 0 394 0 0.043478260869565216
transition 235 0 306 0 0.08695652173913043
transition 235 0 500 0 0.08695652173913043
transition 236 0 395 0 0.043478260869565216
transition 236 0 307 0 0.08695652173913043
transition 236 0 267 0 0.08695652173913043
transition 236 0 500 0 0.08695652173913043
transition 237 0 396 0 0.043478260869565216
transition 237 0 308 0 0.08695652173913043
transition 237 0 268 0 0.08695652173913043
transition 237 0 246 0 0.043478260869565216
transition 237 0 500 0 0.08695652173913043
transition 238 0 397 0 0.043478260869565216
transition 238 0 309 0 0.08695652173913043
transition 238 0 269 0 0.08695652173913043
transition 238 0 247 0 0.043478260869565216
transition 238 0 242 0 0.08695652173913043
transition 238 0 500 0 0.08695652173913043
transition 239 0 398 0 0.043478260869565216
transition 239 0 310 0 0.08695652173913043
transition 239 0 270 0 0.08695652173913043
transition 239 0 248 0 0.043478260869565216
transition 239 0 243 0 0.08695652173913043
transition 239 0 240 0 0.043478260869565216
transition 239 0 500 0 0.08695652173913043
transition 240 0 500 0 0.09090909090909091
transition 241 0 399 0 0.043478260869565216
transition 241 0 311 0 0.08695652173913043
transition 241 0 271 0 0.08695652173913043
transition 241 0 249 0 0.043478260869565216
transition 241 0 244 0 0.043478260869565216
transition 241 0 243 0 0.08695652173913043
transition 241 0 242 0 0.08695652173913043
transition 241 0 500 0 0.08695652173913043
transition 242 0 500 0 0.09090909090909091
transition 243 0 400 0 0.045454545454545456
transition 243 0 500 0 0.09090909090909091
transition 244 0 401 0 0.045454545454545456
transition 244 0 312 0 0.09090909090909091
transition 244 0 500 0 0.09090909090909091
transition 245 0 402 0 0.043478260869565216
transition 245 0 313 0 0.08695652173913043
transition 245 0 272 0 0.08695652173913043
transition 245 0 249 0 0.08695652173913043
transition 245 0 248 0 0.08695652173913043
transition 245 0 247 0 0.08695652173913043
transition 245 0 246 0 0.08695652173913043
transition 245 0 500 0 0.08695652173913043
transition 246 0 500 0 0.09090909090909091
transition 247 0 403 0 0.045454545454545456
transition 247 0 500 0 0.09090909090909091
transition 248 0 404 0 0.045454545454545456
transition 248 0 314 0 0.09090909090909091
transition 248 0 500 0 0.09090909090909091
transition 249 0 405 0 0.045454545454545456
transition 249 0 315 0 0.09090909090909091
transition 249 0 273 0 0.09090909090909091
transition 249 0 500 0 0.09090909090909091
transition 250 0 406 0 0.041666666666666664
transition 250 0 316 0 0.08333333333333333
transition 250 0 274 0 0.041666666666666664
transition 250 0 266 0 0.08333333333333333
transition 250 0 261 0 0.08333333333333333
transition 250 0 258 0 0.08333333333333333
transition 250 0 257 0 0.08333333333333333
transition 250 0 256 0 0.08333333333333333
transition 250 0 255 0 0.08333333333333333
transition 250 0 254 0 0.08333333333333333
transition 250 0 253 0 0.08333333333333333
transition 250 0 252 0 0.08333333333333333
transition 250 0 251 0 0.08333333333333333
transition 251 0 500 0 0.043478260869565216
transition 252 0 407 0 0.043478260869565216
transition 252 0 500 0 0.08695652173913043
transition 253 0 408 0 0.043478260869565216
transition 253 0 317 0 0.08695652173913043
transition 253 0 500 0 0.08695652173913043
transition 254 0 409 0 0.043478260869565216
transition 254 0 318 0 0.08695652173913043
transition 254 0 275 0 0.043478260869565216
transition 254 0 500 0 0.08695652173913043
transition 255 0 410 0 0.043478260869565216
transition 255 0 319 0 0.08695652173913043
transition 255 0 276 0 0.043478260869565216
transition 255 0 267 0 0.08695652173913043
transition 255 0 500 0 0.08695652173913043
transition 256 0 411 0 0.043478260869565216
transition 256 0 320 0 0.08695652173913043
transition 256 0 277 0 0.043478260869565216
transition 256 0 268 0 0.08695652173913043
transition 256 0 262 0 0.08695652173913043
transition 256 0 500 0 0.08695652173913043
transition 257 0 412 0 0.043478260869565216
transition 257 0 321 0 0.08695652173913043
transition 257 0 278 0 0.043478260869565216
transition 257 0 269 0 0.08695652173913043
transition 257 0 263 0 0.08695652173913043
transition 257 0 259 0 0.08695652173913043
transition 257 0 500 0 0.08695652173913043
transition 258 0 413 0 0.043478260869565216
transition 258 0 322 0 0.08695652173913043
transition 258 0 279 0 0.043478260869565216
transition 258 0 270 0 0.08695652173913043
transition 258 0 264 0 0.08695652173913043
transition 258 0 260 0 0.043478260869565216
transition 258 0 259 0 0.08695652173913043
transition 258 0 500 0 0.08695652173913043
transition 259 0 500 0 0.09090909090909091
transition 260 0 414 0 0.045454545454545456
transition 260 0 500 0 0.09090909090909091
transition 261 0 415 0 0.043478260869565216
transition 261 0 323 0 0.08695652173913043
transition 261 0 280 0 0.043478260869565216
transition 261 0 271 0 0.08695652173913043
transition 261 0 265 0 0.043478260869565216
transition 261 0 264 0 0.08695652173913043
transition 261 0 263 0 0.08695652173913043
transition 261 0 262 0 0.08695652173913043
transition 261 0 500 0 0.08695652173913043
transition 262 0 500 0 0.09090909090909091
transition 263 0 416 0 0.045454545454545456
transition 263 0 500 0 0.09090909090909091
transition 264 0 417 0 0.045454545454545456
transition 264 0 324 0 0.09090909090909091
transition 264 0 500 0 0.09090909090909091
transition 265 0 418 0 0.045454545454545456
transition 265 0 325 0 0.09090909090909091
transition 265 0 281 0 0.045454545454545456
transition 265 0 500 0 0.09090909090909091
transition 266 0 419 0 0.043478260869565216
transition 266 0 326 0 0.08695652173913043
transition 266 0 282 0 0.043478260869565216
transition 266 0 272 0 0.043478260869565216
transition 266 0 271 0 0.08695652173913043
transition 266 0 270 0 0.08695652173913043
transition 266 0 269 0 0.08695652173913043
transition 266 0 268 0 0.08695652173913043
transition 266 0 267 0 0.08695652173913043
transition 266 0 500 0 0.08695652173913043
transition 267 0 500 0 0.09090909090909091
transition 268 0 420 0 0.045454545454545456
transition 268 0 500 0 0.09090909090909091
transition 269 0 421 0 0.045454545454545456
transition 269 0 327 0 0.09090909090909091
transition 269 0 500 0 0.09090909090909091
transition 270 0 422 0 0.045454545454545456
transition 270 0 328 0 0.09090909090909091
transition 270 0 283 0 0.045454545454545456
transition 270 0 500 0 0.09090909090909091
transition 271 0 423 0 0.045454545454545456
transition 271 0 329 0 0.09090909090909091
transition 271 0 284 0 0.045454545454545456
transition 271 0 273 0 0.045454545454545456
transition 271 0 500 0 0.09090909090909091
transition 272 0 424 0 0.045454545454545456
transition 272 0 330 0 0.09090909090909091
transition 272 0 285 0 0.045454545454545456
transition 272 0 273 0 0.09090909090909091
transition 272 0 500 0 0.09090909090909091
transition 273 0 500 0 0.09523809523809523
transition 274 0 425 0 0.043478260869565216
transition 274 0 331 0 0.08695652173913043
transition 274 0 282 0 0.08695652173913043
transition 274 0 280 0 0.08695652173913043
transition 274 0 279 0 0.08695652173913043
transition 274 0 278 0 0.08695652173913043
transition 274 0 277 0 0.08695652173913043
transition 274 0 276 0 0.08695652173913043
transition 274 0 275 0 0.08695652173913043
transition 274 0 500 0 0.08695652173913043
transition 275 0 500 0 0.09090909090909091
transition 276 0 426 0 0.045454545454545456
transition 276 0 500 0 0.09090909090909091
transition 277 0 427 0 0.045454545454545456
transition 277 0 332 0 0.09090909090909091
transition 277 0 500 0 0.09090909090909091
transition 278 0 428 0 0.045454545454545456
transition 278 0 333 0 0.09090909090909091
transition 278 0 500 0 0.09090909090909091
transition 279 0 429 0 0.045454545454545456
transition 279 0 334 0 0.09090909090909091
transition 279 0 283 0 0.09090909090909091
transition 279 0 500 0 0.09090909090909091
transition 280 0 430 0 0.045454545454545456
transition 280 0 335 0 0.09090909090909091
transition 280 0 284 0 0.09090909090909091
transition 280 0 281 0 0.045454545454545456
transition 280 0 500 0 0.09090909090909091
transition 281 0 500 0 0.09523809523809523
transition 282 0 431 0 0.045454545454545456
transition 282 0 336 0 0.09090909090909091
transition 282 0 285 0 0.045454545454545456
transition 282 0 284 0 0.09090909090909091
transition 282 0 283 0 0.09090909090909091
transition 282 0 500 0 0.09090909090909091
transition 283 0 500 0 0.09523809523809523
transition 284 0 432 0 0.047619047619047616
transition 284 0 500 0 0.09523809523809523
transition 285 0 433 0 0.047619047619047616
transition 285 0 337 0 0.09523809523809523
transition 285 0 500 0 0.09523809523809523
transition 286 0 434 0 0.041666666666666664
transition 286 0 338 0 0.041666666666666664
transition 286 0 316 0 0.08333333333333333
transition 286 0 305 0 0.08333333333333333
transition 286 0 299 0 0.08333333333333333
transition 286 0 295 0 0.08333333333333333
transition 286 0 293 0 0.08333333333333333
transition 286 0 292 0 0.08333333333333333
transition 286 0 291 0 0.08333333333333333
transition 286 0 290 0 0.08333333333333333
transition 286 0 289 0 0.08333333333333333
transition 286 0 288 0 0.08333333333333333
transition 286 0 287 0 0.08333333333333333
transition 287 0 435 0 0.043478260869565216
transition 287 0 500 0 0.043478260869565216
transition 288 0 436 0 0.043478260869565216
transition 288 0 339 0 0.043478260869565216
transition 288 0 500 0 0.08695652173913043
transition 289 0 437 0 0.043478260869565216
transition 289 0 340 0 0.043478260869565216
transition 289 0 317 0 0.08695652173913043
transition 289 0 500 0 0.08695652173913043
transition 290 0 438 0 0.043478260869565216
transition 290 0 341 0 0.043478260869565216
transition 290 0 318 0 0.08695652173913043
transition 290 0 306 0 0.08695652173913043
transition 290 0 500 0 0.08695652173913043
transition 291 0 439 0 0.043478260869565216
transition 291 0 342 0 0.043478260869565216
transition 291 0 319 0 0.08695652173913043
transition 291 0 307 0 0.08695652173913043
transition 291 0 300 0 0.08695652173913043
transition 291 0 500 0 0.08695652173913043
transition 292 0 440 0 0.043478260869565216
transition 292 0 343 0 0.043478260869565216
transition 292 0 320 0 0.08695652173913043
transition 292 0 308 0 0.08695652173913043
transition 292 0 301 0 0.08695652173913043
transition 292 0 296 0 0.08695652173913043
transition 292 0 500 0 0.08695652173913043
transition 293 0 441 0 0.043478260869565216
transition 293 0 344 0 0.043478260869565216
transition 293 0 321 0 0.08695652173913043
transition 293 0 309 0 0.08695652173913043
transition 293 0 302 0 0.08695652173913043
transition 293 0 297 0 0.08695652173913043
transition 293 0 294 0 0.043478260869565216
transition 293 0 500 0 0.08695652173913043
transition 294 0 500 0 0.09090909090909091
transition 295 0 442 0 0.043478260869565216
transition 295 0 345 0 0.043478260869565216
transition 295 0 322 0 0.08695652173913043
transition 295 0 310 0 0.08695652173913043
transition 295 0 303 0 0.08695652173913043
transition 295 0 298 0 0.043478260869565216
transition 295 0 297 0 0.08695652173913043
transition 295 0 296 0 0.08695652173913043
transition 295 0 500 0 0.08695652173913043
transition 296 0 500 0 0.09090909090909091
transition 297 0 443 0 0.045454545454545456
transition 297 0 500 0 0.09090909090909091
transition 298 0 444 0 0.045454545454545456
transition 298 0 346 0 0.045454545454545456
transition 298 0 500 0 0.09090909090909091
transition 299 0 445 0 0.043478260869565216
transition 299 0 347 0 0.043478260869565216
transition 299 0 323 0 0.08695652173913043
transition 299 0 311 0 0.08695652173913043
transition 299 0 304 0 0.043478260869565216
transition 299 0 303 0 0.08695652173913043
transition 299 0 302 0 0.08695652173913043
transition 299 0 301 0 0.08695652173913043
transition 299 0 300 0 0.08695652173913043
transition 299 0 500 0 0.08695652173913043
transition 300 0 500 0 0.09090909090909091
transition 301 0 446 0 0.045454545454545456
transition 301 0 500 0 0.09090909090909091
transition 302 0 447 0 0.045454545454545456
transition 302 0 348 0 0.045454545454545456
transition 302 0 500 0 0.09090909090909091
transition 303 0 448 0 0.045454545454545456
transition 303 0 349 0 0.045454545454545456
transition 303 0 324 0 0.09090909090909091
transition 303 0 500 0 0.09090909090909091
transition 304 0 449 0 0.045454545454545456
transition 304 0 350 0 0.045454545454545456
transition 304 0 325 0 0.09090909090909091
transition 304 0 312 0 0.09090909090909091
transition 304 0 500 0 0.09090909090909091
transition 305 0 450 0 0.043478260869565216
transition 305 0 351 0 0.043478260869565216
transition 305 0 326 0 0.08695652173913043
transition 305 0 313 0 0.043478260869565216
transition 305 0 311 0 0.08695652173913043
transition 305 0 310 0 0.08695652173913043
transition 305 0 309 0 0.08695652173913043
transition 305 0 308 0 0.08695652173913043
transition 305 0 307 0 0.08695652173913043
transition 305 0 306 0 0.08695652173913043
transition 305 0 500 0 0.08695652173913043
transition 306 0 500 0 0.09090909090909091
transition 307 0 451 0 0.045454545454545456
transition 307 0 500 0 0.09090909090909091
transition 308 0 452 0 0.045454545454545456
transition 308 0 352 0 0.045454545454545456
transition 308 0 500 0 0.09090909090909091
transition 309 0 453 0 0.045454545454545456
transition 309 0 353 0 0.045454545454545456
transition 309 0 327 0 0.09090909090909091
transition 309 0 500 0 0.09090909090909091
transition 310 0 454 0 0.045454545454545456
transition 310 0 354 0 0.045454545454545456
transition 310 0 328 0 0.09090909090909091
transition 310 0 314 0 0.045454545454545456
transition 310 0 500 0 0.09090909090909091
transition 311 0 455 0 0.045454545454545456
transition 311 0 355 0 0.045454545454545456
transition 311 0 329 0 0.09090909090909091
transition 311 0 315 0 0.045454545454545456
transition 311 0 312 0 0.045454545454545456
transition 311 0 500 0 0.09090909090909091
transition 312 0 500 0 0.09523809523809523
transition 313 0 456 0 0.045454545454545456
transition 313 0 356 0 0.045454545454545456
transition 313 0 330 0 0.09090909090909091
transition 313 0 315 0 0.09090909090909091
transition 313 0 314 0 0.09090909090909091
transition 313 0 500 0 0.09090909090909091
transition 314 0 500 0 0.09523809523809523
transition 315 0 457 0 0.047619047619047616
transition 315 0 500 0 0.09523809523809523
transition 316 0 458 0 0.043478260869565216
transition 316 0 357 0 0.043478260869565216
transition 316 0 331 0 0.043478260869565216
transition 316 0 326 0 0.08695652173913043
transition 316 0 323 0 0.08695652173913043
transition 316 0 322 0 0.08695652173913043
transition 316 0 321 0 0.08695652173913043
transition 316 0 320 0 0.08695652173913043
transition 316 0 319 0 0.08695652173913043
transition 316 0 318 0 0.08695652173913043
transition 316 0 317 0 0.08695652173913043
transition 316 0 500 0 0.08695652173913043
transition 317 0 500 0 0.09090909090909091
transition 318 0 459 0 0.045454545454545456
transition 318 0 500 0 0.09090909090909091
transition 319 0 460 0 0.045454545454545456
transition 319 0 358 0 0.045454545454545456
transition 319 0 500 0 0.09090909090909091
transition 320 0 461 0 0.045454545454545456
transition 320 0 359 0 0.045454545454545456
transition 320 0 332 0 0.045454545454545456
transition 320 0 500 0 0.09090909090909091
transition 321 0 462 0 0.045454545454545456
transition 321 0 360 0 0.045454545454545456
transition 321 0 333 0 0.045454545454545456
transition 321 0 327 0 0.09090909090909091
transition 321 0 500 0 0.09090909090909091
transition 322 0 463 0 0.045454545454545456
transition 322 0 361 0 0.045454545454545456
transition 322 0 334 0 0.045454545454545456
transition 322 0 328 0 0.09090909090909091
transition 322 0 324 0 0.09090909090909091
transition 322 0 500 0 0.09090909090909091
transition 323 0 464 0 0.045454545454545456
transition 323 0 362 0 0.045454545454545456
transition 323 0 335 0 0.045454545454545456
transition 323 0 329 0 0.09090909090909091
transition 323 0 325 0 0.045454545454545456
transition 323 0 324 0 0.09090909090909091
transition 323 0 500 0 0.09090909090909091
transition 324 0 500 0 0.09523809523809523
transition 325 0 465 0 0.047619047619047616
transition 325 0 500 0 0.09523809523809523
transition 326 0 466 0 0.045454545454545456
transition 326 0 363 0 0.045454545454545456
transition 326 0 336 0 0.045454545454545456
transition 326 0 330 0 0.045454545454545456
transition 326 0 329 0 0.09090909090909091
transition 326 0 328 0 0.09090909090909091
transition 326 0 327 0 0.09090909090909091
transition 326 0 500 0 0.09090909090909091
transition 327 0 500 0 0.09523809523809523
transition 328 0 467 0 0.047619047619047616
transition 328 0 500 0 0.09523809523809523
transition 329 0 468 0 0.047619047619047616
transition 329 0 364 0 0.047619047619047616
transition 329 0 500 0 0.09523809523809523
transition 330 0 469 0 0.047619047619047616
transition 330 0 365 0 0.047619047619047616
transition 330 0 337 0 0.047619047619047616
transition 330 0 500 0 0.09523809523809523
transition 331 0 470 0 0.045454545454545456
transition 331 0 366 0 0.045454545454545456
transition 331 0 336 0 0.09090909090909091
transition 331 0 335 0 0.09090909090909091
transition 331 0 334 0 0.09090909090909091
transition 331 0 333 0 0.09090909090909091
transition 331 0 332 0 0.09090909090909091
transition 331 0 500 0 0.09090909090909091
transition 332 0 500 0 0.09523809523809523
transition 333 0 471 0 0.047619047619047616
transition 333 0 500 0 0.09523809523809523
transition 334 0 472 0 0.047619047619047616
transition 334 0 367 0 0.047619047619047616
transition 334 0 500 0 0.09523809523809523
transition 335 0 473 0 0.047619047619047616
transition 335 0 368 0 0.047619047619047616
transition 335 0 500 0 0.09523809523809523
transition 336 0 474 0 0.047619047619047616
transition 336 0 369 0 0.047619047619047616
transition 336 0 337 0 0.047619047619047616
transition 336 0 500 0 0.09523809523809523
transition 337 0 500 0 0.1
transition 338 0 475 0 0.043478260869565216
transition 338 0 357 0 0.08695652173913043
transition 338 0 351 0 0.08695652173913043
transition 338 0 347 0 0.08695652173913043
transition 338 0 345 0 0.08695652173913043
transition 338 0 344 0 0.08695652173913043
transition 338 0 343 0 0.08695652173913043
transition 338 0 342 0 0.08695652173913043
transition 338 0 341 0 0.08695652173913043
transition 338 0 340 0 0.08695652173913043
transition 338 0 339 0 0.08695652173913043
transition 338 0 500 0 0.08695652173913043
transition 339 0 500 0 0.09090909090909091
transition 340 0 476 0 0.045454545454545456
transition 340 0 500 0 0.09090909090909091
transition 341 0 477 0 0.045454545454545456
transition 341 0 500 0 0.09090909090909091
transition 342 0 478 0 0.045454545454545456
transition 342 0 358 0 0.09090909090909091
transition 342 0 500 0 0.09090909090909091
transition 343 0 479 0 0.045454545454545456
transition 343 0 359 0 0.09090909090909091
transition 343 0 352 0 0.09090909090909091
transition 343 0 500 0 0.09090909090909091
transition 344 0 480 0 0.045454545454545456
transition 344 0 360 0 0.09090909090909091
transition 344 0 353 0 0.09090909090909091
transition 344 0 348 0 0.09090909090909091
transition 344 0 500 0 0.09090909090909091
transition 345 0 481 0 0.045454545454545456
transition 345 0 361 0 0.09090909090909091
transition 345 0 354 0 0.09090909090909091
transition 345 0 349 0 0.09090909090909091
transition 345 0 346 0 0.045454545454545456
transition 345 0 500 0 0.09090909090909091
transition 346 0 500 0 0.09523809523809523
transition 347 0 482 0 0.045454545454545456
transition 347 0 362 0 0.09090909090909091
transition 347 0 355 0 0.09090909090909091
transition 347 0 350 0 0.045454545454545456
transition 347 0 349 0 0.09090909090909091
transition 347 0 348 0 0.09090909090909091
transition 347 0 500 0 0.09090909090909091
transition 348 0 500 0 0.09523809523809523
transition 349 0 483 0 0.047619047619047616
transition 349 0 500 0 0.09523809523809523
transition 350 0 484 0 0.047619047619047616
transition 350 0 500 0 0.09523809523809523
transition 351 0 485 0 0.045454545454545456
transition 351 0 363 0 0.09090909090909091
transition 351 0 356 0 0.045454545454545456
transition 351 0 355 0 0.09090909090909091
transition 351 0 354 0 0.09090909090909091
transition 351 0 353 0 0.09090909090909091
transition 351 0 352 0 0.09090909090909091
transition 351 0 500 0 0.09090909090909091
transition 352 0 500 0 0.09523809523809523
transition 353 0 486 0 0.047619047619047616
transition 353 0 500 0 0.09523809523809523
transition 354 0 487 0 0.047619047619047616
transition 354 0 500 0 0.09523809523809523
transition 355 0 488 0 0.047619047619047616
transition 355 0 364 0 0.09523809523809523
transition 355 0 500 0 0.09523809523809523
transition 356 0 489 0 0.047619047619047616
transition 356 0 365 0 0.09523809523809523
transition 356 0 500 0 0.09523809523809523
transition 357 0 490 0 0.045454545454545456
transition 357 0 366 0 0.045454545454545456
transition 357 0 363 0 0.09090909090909091
transition 357 0 362 0 0.09090909090909091
transition 357 0 361 0 0.09090909090909091
transition 357 0 360 0 0.09090909090909091
transition 357 0 359 0 0.09090909090909091
transition 357 0 358 0 0.09090909090909091
transition 357 0 500 0 0.09090909090909091
transition 358 0 500 0 0.09523809523809523
transition 359 0 491 0 0.047619047619047616
transition 359 0 500 0 0.09523809523809523
transition 360 0 492 0 0.047619047619047616
transition 360 0 500 0 0.09523809523809523
transition 361 0 493 0 0.047619047619047616
transition 361 0 367 0 0.047619047619047616
transition 361 0 500 0 0.09523809523809523
transition 362 0 494 0 0.047619047619047616
transition 362 0 368 0 0.047619047619047616
transition 362 0 364 0 0.09523809523809523
transition 362 0 500 0 0.09523809523809523
transition 363 0 495 0 0.047619047619047616
transition 363 0 369 0 0.047619047619047616
transition 363 0 365 0 0.047619047619047616
transition 363 0 364 0 0.09523809523809523
transition 363 0 500 0 0.09523809523809523
transition 364 0 500 0 0.1
transition 365 0 496 0 0.05
transition 365 0 500 0 0.1
transition 366 0 497 0 0.047619047619047616
transition 366 0 369 0 0.09523809523809523
transition 366 0 368 0 0.09523809523809523
transition 366 0 367 0 0.09523809523809523
transition 366 0 500 0 0.09523809523809523
transition 367 0 500 0 0.1
transition 368 0 498 0 0.05
transition 368 0 500 0 0.1
transition 369 0 499 0 0.05
transition 369 0 500 0 0.1
transition 370 0 434 0 0.08333333333333333
transition 370 0 406 0 0.08333333333333333
transition 370 0 392 0 0.08333333333333333
transition 370 0 385 0 0.08333333333333333
transition 370 0 380 0 0.08333333333333333
transition 370 0 377 0 0.08333333333333333
transition 370 0 376 0 0.08333333333333333
transition 370 0 375 0 0.08333333333333333
transition 370 0 374 0 0.08333333333333333
transition 370 0 373 0 0.08333333333333333
transition 370 0 372 0 0.08333333333333333
transition 370 0 371 0 0.08333333333333333
transition 371 0 435 0 0.08695652173913043
transition 371 0 500 0 0.043478260869565216
transition 372 0 436 0 0.08695652173913043
transition 372 0 407 0 0.08695652173913043
transition 372 0 500 0 0.08695652173913043
transition 373 0 437 0 0.08695652173913043
transition 373 0 408 0 0.08695652173913043
transition 373 0 393 0 0.08695652173913043
transition 373 0 500 0 0.08695652173913043
transition 374 0 438 0 0.08695652173913043
transition 374 0 409 0 0.08695652173913043
transition 374 0 394 0 0.08695652173913043
transition 374 0 386 0 0.08695652173913043
transition 374 0 500 0 0.08695652173913043
transition 375 0 439 0 0.08695652173913043
transition 375 0 410 0 0.08695652173913043
transition 375 0 395 0 0.08695652173913043
transition 375 0 387 0 0.08695652173913043
transition 375 0 381 0 0.08695652173913043
transition 375 0 500 0 0.08695652173913043
transition 376 0 440 0 0.08695652173913043
transition 376 0 411 0 0.08695652173913043
transition 376 0 396 0 0.08695652173913043
transition 376 0 388 0 0.08695652173913043
transition 376 0 382 0 0.08695652173913043
transition 376 0 378 0 0.08695652173913043
transition 376 0 500 0 0.08695652173913043
transition 377 0 441 0 0.08695652173913043
transition 377 0 412 0 0.08695652173913043
transition 377 0 397 0 0.08695652173913043
transition 377 0 389 0 0.08695652173913043
transition 377 0 383 0 0.08695652173913043
transition 377 0 379 0 0.043478260869565216
transition 377 0 378 0 0.08695652173913043
transition 377 0 500 0 0.08695652173913043
transition 378 0 500 0 0.09090909090909091
transition 379 0 500 0 0.09090909090909091
transition 380 0 442 0 0.08695652173913043
transition 380 0 413 0 0.08695652173913043
transition 380 0 398 0 0.08695652173913043
transition 380 0 390 0 0.08695652173913043
transition 380 0 384 0 0.043478260869565216
transition 380 0 383 0 0.08695652173913043
transition 380 0 382 0 0.08695652173913043
transition 380 0 381 0 0.08695652173913043
transition 380 0 500 0 0.08695652173913043
transition 381 0 500 0 0.09090909090909091
transition 382 0 500 0 0.09090909090909091
transition 383 0 443 0 0.09090909090909091
transition 383 0 500 0 0.09090909090909091
transition 384 0 444 0 0.09090909090909091
transition 384 0 414 0 0.09090909090909091
transition 384 0 500 0 0.09090909090909091
transition 385 0 445 0 0.08695652173913043
transition 385 0 415 0 0.08695652173913043
transition 385 0 399 0 0.08695652173913043
transition 385 0 391 0 0.043478260869565216
transition 385 0 390 0 0.08695652173913043
transition 385 0 389 0 0.08695652173913043
transition 385 0 388 0 0.08695652173913043
transition 385 0 387 0 0.08695652173913043
transition 385 0 386 0 0.08695652173913043
transition 385 0 500 0 0.08695652173913043
transition 386 0 500 0 0.09090909090909091
transition 387 0 500 0 0.09090909090909091
transition 388 0 446 0 0.09090909090909091
transition 388 0 500 0 0.09090909090909091
transition 389 0 447 0 0.09090909090909091
transition 389 0 416 0 0.09090909090909091
transition 389 0 500 0 0.09090909090909091
transition 390 0 448 0 0.09090909090909091
transition 390 0 417 0 0.09090909090909091
transition 390 0 400 0 0.09090909090909091
transition 390 0 500 0 0.09090909090909091
transition 391 0 449 0 0.09090909090909091
transition 391 0 418 0 0.09090909090909091
transition 391 0 401 0 0.09090909090909091
transition 391 0 500 0 0.09090909090909091
transition 392 0 450 0 0.08695652173913043
transition 392 0 419 0 0.08695652173913043
transition 392 0 402 0 0.043478260869565216
transition 392 0 399 0 0.08695652173913043
transition 392 0 398 0 0.08695652173913043
transition 392 0 397 0 0.08695652173913043
transition 392 0 396 0 0.08695652173913043
transition 392 0 395 0 0.08695652173913043
transition 392 0 394 0 0.08695652173913043
transition 392 0 393 0 0.08695652173913043
transition 392 0 500 0 0.08695652173913043
transition 393 0 500 0 0.09090909090909091
transition 394 0 500 0 0.09090909090909091
transition 395 0 451 0 0.09090909090909091
transition 395 0 500 0 0.09090909090909091
transition 396 0 452 0 0.09090909090909091
transition 396 0 420 0 0.09090909090909091
transition 396 0 500 0 0.09090909090909091
transition 397 0 453 0 0.09090909090909091
transition 397 0 421 0 0.09090909090909091
transition 397 0 403 0 0.045454545454545456
transition 397 0 500 0 0.09090909090909091
transition 398 0 454 0 0.09090909090909091
transition 398 0 422 0 0.09090909090909091
transition 398 0 404 0 0.045454545454545456
transition 398 0 400 0 0.09090909090909091
transition 398 0 500 0 0.09090909090909091
transition 399 0 455 0 0.09090909090909091
transition 399 0 423 0 0.09090909090909091
transition 399 0 405 0 0.045454545454545456
transition 399 0 401 0 0.045454545454545456
transition 399 0 400 0 0.09090909090909091
transition 399 0 500 0 0.09090909090909091
transition 400 0 500 0 0.09523809523809523
transition 401 0 500 0 0.09523809523809523
transition 402 0 456 0 0.09090909090909091
transition 402 0 424 0 0.09090909090909091
transition 402 0 405 0 0.09090909090909091
transition 402 0 404 0 0.09090909090909091
transition 402 0 403 0 0.09090909090909091
transition 402 0 500 0 0.09090909090909091
transition 403 0 500 0 0.09523809523809523
transition 404 0 500 0 0.09523809523809523
transition 405 0 457 0 0.09523809523809523
transition 405 0 500 0 0.09523809523809523
transition 406 0 458 0 0.08695652173913043
transition 406 0 425 0 0.043478260869565216
transition 406 0 419 0 0.08695652173913043
transition 406 0 415 0 0.08695652173913043
transition 406 0 413 0 0.08695652173913043
transition 406 0 412 0 0.08695652173913043
transition 406 0 411 0 0.08695652173913043
transition 406 0 410 0 0.08695652173913043
transition 406 0 409 0 0.08695652173913043
transition 406 0 408 0 0.08695652173913043
transition 406 0 407 0 0.08695652173913043
transition 406 0 500 0 0.08695652173913043
transition 407 0 500 0 0.09090909090909091
transition 408 0 500 0 0.09090909090909091
transition 409 0 459 0 0.09090909090909091
transition 409 0 500 0 0.09090909090909091
transition 410 0 460 0 0.09090909090909091
transition 410 0 426 0 0.045454545454545456
transition 410 0 500 0 0.09090909090909091
transition 411 0 461 0 0.09090909090909091
transition 411 0 427 0 0.045454545454545456
transition 411 0 420 0 0.09090909090909091
transition 411 0 500 0 0.09090909090909091
transition 412 0 462 0 0.09090909090909091
transition 412 0 428 0 0.045454545454545456
transition 412 0 421 0 0.09090909090909091
transition 412 0 416 0 0.09090909090909091
transition 412 0 500 0 0.09090909090909091
transition 413 0 463 0 0.09090909090909091
transition 413 0 429 0 0.045454545454545456
transition 413 0 422 0 0.09090909090909091
transition 413 0 417 0 0.09090909090909091
transition 413 0 414 0 0.045454545454545456
transition 413 0 500 0 0.09090909090909091
transition 414 0 500 0 0.09523809523809523
transition 415 0 464 0 0.09090909090909091
transition 415 0 430 0 0.045454545454545456
transition 415 0 423 0 0.09090909090909091
transition 415 0 418 0 0.045454545454545456
transition 415 0 417 0 0.09090909090909091
transition 415 0 416 0 0.09090909090909091
transition 415 0 500 0 0.09090909090909091
transition 416 0 500 0 0.09523809523809523
transition 417 0 500 0 0.09523809523809523
transition 418 0 465 0 0.09523809523809523
transition 418 0 500 0 0.09523809523809523
transition 419 0 466 0 0.09090909090909091
transition 419 0 431 0 0.045454545454545456
transition 419 0 424 0 0.045454545454545456
transition 419 0 423 0 0.09090909090909091
transition 419 0 422 0 0.09090909090909091
transition 419 0 421 0 0.09090909090909091
transition 419 0 420 0 0.09090909090909091
transition 419 0 500 0 0.09090909090909091
transition 420 0 500 0 0.09523809523809523
transition 421 0 500 0 0.09523809523809523
transition 422 0 467 0 0.09523809523809523
transition 422 0 500 0 0.09523809523809523
transition 423 0 468 0 0.09523809523809523
transition 423 0 432 0 0.047619047619047616
transition 423 0 500 0 0.09523809523809523
transition 424 0 469 0 0.09523809523809523
transition 424 0 433 0 0.047619047619047616
transition 424 0 500 0 0.09523809523809523
transition 425 0 470 0 0.09090909090909091
transition 425 0 431 0 0.09090909090909091
transition 425 0 430 0 0.09090909090909091
transition 425 0 429 0 0.09090909090909091
transition 425 0 428 0 0.09090909090909091
transition 425 0 427 0 0.09090909090909091
transition 425 0 426 0 0.09090909090909091
transition 425 0 500 0 0.09090909090909091
transition 426 0 500 0 0.09523809523809523
transition 427 0 500 0 0.09523809523809523
transition 428 0 471 0 0.09523809523809523
transition 428 0 500 0 0.09523809523809523
transition 429 0 472 0 0.09523809523809523
transition 429 0 500 0 0.09523809523809523
transition 430 0 473 0 0.09523809523809523
transition 430 0 432 0 0.09523809523809523
transition 430 0 500 0 0.09523809523809523
transition 431 0 474 0 0.09523809523809523
transition 431 0 433 0 0.047619047619047616
transition 431 0 432 0 0.09523809523809523
transition 431 0 500 0 0.09523809523809523
transition 432 0 500 0 0.1
transition 433 0 500 0 0.1
transition 434 0 475 0 0.043478260869565216
transition 434 0 458 0 0.08695652173913043
transition 434 0 450 0 0.08695652173913043
transition 434 0 445 0 0.08695652173913043
transition 434 0 442 0 0.08695652173913043
transition 434 0 441 0 0.08695652173913043
transition 434 0 440 0 0.08695652173913043
transition 434 0 439 0 0.08695652173913043
transition 434 0 438 0 0.08695652173913043
transition 434 0 437 0 0.08695652173913043
transition 434 0 436 0 0.08695652173913043
transition 434 0 435 0 0.08695652173913043
transition 435 0 500 0 0.045454545454545456
transition 436 0 500 0 0.09090909090909091
transition 437 0 476 0 0.045454545454545456
transition 437 0 500 0 0.09090909090909091
transition 438 0 477 0 0.045454545454545456
transition 438 0 459 0 0.09090909090909091
transition 438 0 500 0 0.09090909090909091
transition 439 0 478 0 0.045454545454545456
transition 439 0 460 0 0.09090909090909091
transition 439 0 451 0 0.09090909090909091
transition 439 0 500 0 0.09090909090909091
transition 440 0 479 0 0.045454545454545456
transition 440 0 461 0 0.09090909090909091
transition 440 0 452 0 0.09090909090909091
transition 440 0 446 0 0.09090909090909091
transition 440 0 500 0 0.09090909090909091
transition 441 0 480 0 0.045454545454545456
transition 441 0 462 0 0.09090909090909091
transition 441 0 453 0 0.09090909090909091
transition 441 0 447 0 0.09090909090909091
transition 441 0 443 0 0.09090909090909091
transition 441 0 500 0 0.09090909090909091
transition 442 0 481 0 0.045454545454545456
transition 442 0 463 0 0.09090909090909091
transition 442 0 454 0 0.09090909090909091
transition 442 0 448 0 0.09090909090909091
transition 442 0 444 0 0.045454545454545456
transition 442 0 443 0 0.09090909090909091
transition 442 0 500 0 0.09090909090909091
transition 443 0 500 0 0.09523809523809523
transition 444 0 500 0 0.09523809523809523
transition 445 0 482 0 0.045454545454545456
transition 445 0 464 0 0.09090909090909091
transition 445 0 455 0 0.09090909090909091
transition 445 0 449 0 0.045454545454545456
transition 445 0 448 0 0.09090909090909091
transition 445 0 447 0 0.09090909090909091
transition 445 0 446 0 0.09090909090909091
transition 445 0 500 0 0.09090909090909091
transition 446 0 500 0 0.09523809523809523
transition 447 0 500 0 0.09523809523809523
transition 448 0 483 0 0.047619047619047616
transition 448 0 500 0 0.09523809523809523
transition 449 0 484 0 0.047619047619047616
transition 449 0 465 0 0.09523809523809523
transition 449 0 500 0 0.09523809523809523
transition 450 0 485 0 0.045454545454545456
transition 450 0 466 0 0.09090909090909091
transition 450 0 456 0 0.045454545454545456
transition 450 0 455 0 0.09090909090909091
transition 450 0 454 0 0.09090909090909091
transition 450 0 453 0 0.09090909090909091
transition 450 0 452 0 0.09090909090909091
transition 450 0 451 0 0.09090909090909091
transition 450 0 500 0 0.09090909090909091
transition 451 0 500 0 0.09523809523809523
transition 452 0 500 0 0.09523809523809523
transition 453 0 486 0 0.047619047619047616
transition 453 0 500 0 0.09523809523809523
transition 454 0 487 0 0.047619047619047616
transition 454 0 467 0 0.09523809523809523
transition 454 0 500 0 0.09523809523809523
transition 455 0 488 0 0.047619047619047616
transition 455 0 468 0 0.09523809523809523
transition 455 0 457 0 0.047619047619047616
transition 455 0 500 0 0.09523809523809523
transition 456 0 489 0 0.047619047619047616
transition 456 0 469 0 0.09523809523809523
transition 456 0 457 0 0.09523809523809523
transition 456 0 500 0 0.09523809523809523
transition 457 0 500 0 0.1
transition 458 0 490 0 0.045454545454545456
transition 458 0 470 0 0.045454545454545456
transition 458 0 466 0 0.09090909090909091
transition 458 0 464 0 0.09090909090909091
transition 458 0 463 0 0.09090909090909091
transition 458 0 462 0 0.09090909090909091
transition 458 0 461 0 0.09090909090909091
transition 458 0 460 0 0.09090909090909091
transition 458 0 459 0 0.09090909090909091
transition 458 0 500 0 0.09090909090909091
transition 459 0 500 0 0.09523809523809523
transition 460 0 500 0 0.09523809523809523
transition 461 0 491 0 0.047619047619047616
transition 461 0 500 0 0.09523809523809523
transition 462 0 492 0 0.047619047619047616
transition 462 0 471 0 0.047619047619047616
transition 462 0 500 0 0.09523809523809523
transition 463 0 493 0 0.047619047619047616
transition 463 0 472 0 0.047619047619047616
transition 463 0 467 0 0.09523809523809523
transition 463 0 500 0 0.09523809523809523
transition 464 0 494 0 0.047619047619047616
transition 464 0 473 0 0.047619047619047616
transition 464 0 468 0 0.09523809523809523
transition 464 0 465 0 0.047619047619047616
transition 464 0 500 0 0.09523809523809523
transition 465 0 500 0 0.1
transition 466 0 495 0 0.047619047619047616
transition 466 0 474 0 0.047619047619047616
transition 466 0 469 0 0.047619047619047616
transition 466 0 468 0 0.09523809523809523
transition 466 0 467 0 0.09523809523809523
transition 466 0 500 0 0.09523809523809523
transition 467 0 500 0 0.1
transition 468 0 500 0 0.1
transition 469 0 496 0 0.05
transition 469 0 500 0 0.1
transition 470 0 497 0 0.047619047619047616
transition 470 0 474 0 0.09523809523809523
transition 470 0 473 0 0.09523809523809523
transition 470 0 472 0 0.09523809523809523
transition 470 0 471 0 0.09523809523809523
transition 470 0 500 0 0.09523809523809523
transition 471 0 500 0 0.1
transition 472 0 500 0 0.1
transition 473 0 498 0 0.05
transition 473 0 500 0 0.1
transition 474 0 499 0 0.05
transition 474 0 500 0 0.1
transition 475 0 490 0 0.09090909090909091
transition 475 0 485 0 0.09090909090909091
transition 475 0 482 0 0.09090909090909091
transition 475 0 481 0 0.09090909090909091
transition 475 0 480 0 0.09090909090909091
transition 475 0 479 0 0.09090909090909091
transition 475 0 478 0 0.09090909090909091
transition 475 0 477 0 0.09090909090909091
transition 475 0 476 0 0.09090909090909091
transition 475 0 500 0 0.09090909090909091
transition 476 0 500 0 0.09523809523809523
transition 477 0 500 0 0.09523809523809523
transition 478 0 500 0 0.09523809523809523
transition 479 0 491 0 0.09523809523809523
transition 479 0 500 0 0.09523809523809523
transition 480 0 492 0 0.09523809523809523
transition 480 0 486 0 0.09523809523809523
transition 480 0 500 0 0.09523809523809523
transition 481 0 493 0 0.09523809523809523
transition 481 0 487 0 0.09523809523809523
transition 481 0 483 0 0.09523809523809523
transition 481 0 500 0 0.09523809523809523
transition 482 0 494 0 0.09523809523809523
transition 482 0 488 0 0.09523809523809523
transition 482 0 484 0 0.047619047619047616
transition 482 0 483 0 0.09523809523809523
transition 482 0 500 0 0.09523809523809523
transition 483 0 500 0 0.1
transition 484 0 500 0 0.1
transition 485 0 495 0 0.09523809523809523
transition 485 0 489 0 0.047619047619047616
transition 485 0 488 0 0.09523809523809523
transition 485 0 487 0 0.09523809523809523
transition 485 0 486 0 0.09523809523809523
transition 485 0 500 0 0.09523809523809523
transition 486 0 500 0 0.1
transition 487 0 500 0 0.1
transition 488 0 500 0 0.1
transition 489 0 496 0 0.1
transition 489 0 500 0 0.1
transition 490 0 497 0 0.047619047619047616
transition 490 0 495 0 0.09523809523809523
transition 490 0 494 0 0.09523809523809523
transition 490 0 493 0 0.09523809523809523
transition 490 0 492 0 0.09523809523809523
transition 490 0 491 0 0.09523809523809523
transition 490 0 500 0 0.09523809523809523
transition 491 0 500 0 0.1
transition 492 0 500 0 0.1
transition 493 0 500 0 0.1
transition 494 0 498 0 0.05
transition 494 0 500 0 0.1
transition 495 0 499 0 0.05
transition 495 0 496 0 0.05
transition 495 0 500 0 0.1
transition 496 0 500 0 0.10526315789473684
transition 497 0 499 0 0.1
transition 497 0 498 0 0.1
transition 497 0 500 0 0.1
transition 498 0 500 0 0.10526315789473684
transition 499 0 500 0 0.10526315789473684
transition 205 1 205 0 0.04
transition 205 1 100 0 0.08
transition 205 1 55 0 0.08
transition 205 1 33 0 0.08
transition 205 1 21 0 0.08
transition 205 1 14 0 0.08
transition 205 1 9 0 0.08
transition 205 1 6 0 0.08
transition 205 1 5 0 0.08
transition 205 1 4 0 0.08
transition 205 1 3 0 0.08
transition 205 1 2 0 0.08
transition 205 1 1 0 0.08
transition 206 1 206 0 0.041666666666666664
transition 206 1 101 0 0.08333333333333333
transition 206 1 56 0 0.08333333333333333
transition 206 1 34 0 0.08333333333333333
transition 206 1 500 0 0.041666666666666664
transition 207 1 207 0 0.041666666666666664
transition 207 1 102 0 0.08333333333333333
transition 207 1 57 0 0.08333333333333333
transition 207 1 35 0 0.08333333333333333
transition 207 1 22 0 0.08333333333333333
transition 207 1 500 0 0.08333333333333333
transition 208 1 208 0 0.041666666666666664
transition 208 1 103 0 0.08333333333333333
transition 208 1 58 0 0.08333333333333333
transition 208 1 36 0 0.08333333333333333
transition 208 1 23 0 0.08333333333333333
transition 208 1 15 0 0.08333333333333333
transition 208 1 500 0 0.08333333333333333
transition 209 1 209 0 0.041666666666666664
transition 209 1 104 0 0.08333333333333333
transition 209 1 59 0 0.08333333333333333
transition 209 1 37 0 0.08333333333333333
transition 209 1 24 0 0.08333333333333333
transition 209 1 16 0 0.08333333333333333
transition 209 1 10 0 0.08333333333333333
transition 209 1 500 0 0.08333333333333333
transition 210 1 210 0 0.041666666666666664
transition 210 1 105 0 0.08333333333333333
transition 210 1 60 0 0.08333333333333333
transition 210 1 38 0 0.08333333333333333
transition 210 1 25 0 0.08333333333333333
transition 210 1 17 0 0.08333333333333333
transition 210 1 11 0 0.08333333333333333
transition 210 1 7 0 0.08333333333333333
transition 210 1 500 0 0.08333333333333333
transition 211 1 211 0 0.041666666666666664
transition 211 1 106 0 0.08333333333333333
transition 211 1 61 0 0.08333333333333333
transition 211 1 39 0 0.08333333333333333
transition 211 1 26 0 0.08333333333333333
transition 211 1 18 0 0.08333333333333333
transition 211 1 12 0 0.08333333333333333
transition 211 1 8 0 0.041666666666666664
transition 211 1 7 0 0.08333333333333333
transition 211 1 500 0 0.08333333333333333
transition 212 1 212 0 0.043478260869565216
transition 212 1 500 0 0.08695652173913043
transition 213 1 213 0 0.041666666666666664
transition 213 1 107 0 0.08333333333333333
transition 213 1 62 0 0.08333333333333333
transition 213 1 40 0 0.08333333333333333
transition 213 1 27 0 0.08333333333333333
transition 213 1 19 0 0.08333333333333333
transition 213 1 13 0 0.041666666666666664
transition 213 1 12 0 0.08333333333333333
transition 213 1 11 0 0.08333333333333333
transition 213 1 10 0 0.08333333333333333
transition 213 1 500 0 0.08333333333333333
transition 214 1 214 0 0.043478260869565216
transition 214 1 500 0 0.08695652173913043
transition 215 1 215 0 0.043478260869565216
transition 215 1 108 0 0.08695652173913043
transition 215 1 500 0 0.08695652173913043
transition 216 1 216 0 0.043478260869565216
transition 216 1 109 0 0.08695652173913043
transition 216 1 63 0 0.08695652173913043
transition 216 1 500 0 0.08695652173913043
transition 217 1 217 0 0.041666666666666664
transition 217 1 110 0 0.08333333333333333
transition 217 1 64 0 0.08333333333333333
transition 217 1 41 0 0.08333333333333333
transition 217 1 28 0 0.08333333333333333
transition 217 1 20 0 0.041666666666666664
transition 217 1 19 0 0.08333333333333333
transition 217 1 18 0 0.08333333333333333
transition 217 1 17 0 0.08333333333333333
transition 217 1 16 0 0.08333333333333333
transition 217 1 15 0 0.08333333333333333
transition 217 1 500 0 0.08333333333333333
transition 218 1 218 0 0.043478260869565216
transition 218 1 500 0 0.08695652173913043
transition 219 1 219 0 0.043478260869565216
transition 219 1 111 0 0.08695652173913043
transition 219 1 500 0 0.08695652173913043
transition 220 1 220 0 0.043478260869565216
transition 220 1 112 0 0.08695652173913043
transition 220 1 65 0 0.08695652173913043
transition 220 1 500 0 0.08695652173913043
transition 221 1 221 0 0.043478260869565216
transition 221 1 113 0 0.08695652173913043
transition 221 1 66 0 0.08695652173913043
transition 221 1 42 0 0.08695652173913043
transition 221 1 500 0 0.08695652173913043
transition 222 1 222 0 0.043478260869565216
transition 222 1 114 0 0.08695652173913043
transition 222 1 67 0 0.08695652173913043
transition 222 1 43 0 0.08695652173913043
transition 222 1 29 0 0.08695652173913043
transition 222 1 500 0 0.08695652173913043
transition 223 1 223 0 0.041666666666666664
transition 223 1 115 0 0.08333333333333333
transition 223 1 68 0 0.08333333333333333
transition 223 1 44 0 0.08333333333333333
transition 223 1 30 0 0.041666666666666664
transition 223 1 28 0 0.08333333333333333
transition 223 1 27 0 0.08333333333333333
transition 223 1 26 0 0.08333333333333333
transition 223 1 25 0 0.08333333333333333
transition 223 1 24 0 0.08333333333333333
transition 223 1 23 0 0.08333333333333333
transition 223 1 22 0 0.08333333333333333
transition 223 1 500 0 0.08333333333333333
transition 224 1 224 0 0.043478260869565216
transition 224 1 500 0 0.08695652173913043
transition 225 1 225 0 0.043478260869565216
transition 225 1 116 0 0.08695652173913043
transition 225 1 500 0 0.08695652173913043
transition 226 1 226 0 0.043478260869565216
transition 226 1 117 0 0.08695652173913043
transition 226 1 69 0 0.08695652173913043
transition 226 1 500 0 0.08695652173913043
transition 227 1 227 0 0.043478260869565216
transition 227 1 118 0 0.08695652173913043
transition 227 1 70 0 0.08695652173913043
transition 227 1 45 0 0.08695652173913043
transition 227 1 500 0 0.08695652173913043
transition 228 1 228 0 0.043478260869565216
transition 228 1 119 0 0.08695652173913043
transition 228 1 71 0 0.08695652173913043
transition 228 1 46 0 0.08695652173913043
transition 228 1 31 0 0.043478260869565216
transition 228 1 500 0 0.08695652173913043
transition 229 1 229 0 0.043478260869565216
transition 229 1 120 0 0.08695652173913043
transition 229 1 72 0 0.08695652173913043
transition 229 1 47 0 0.08695652173913043
transition 229 1 32 0 0.043478260869565216
transition 229 1 29 0 0.043478260869565216
transition 229 1 500 0 0.08695652173913043
transition 230 1 230 0 0.043478260869565216
transition 230 1 121 0 0.08695652173913043
transition 230 1 73 0 0.08695652173913043
transition 230 1 48 0 0.08695652173913043
transition 230 1 32 0 0.08695652173913043
transition 230 1 31 0 0.08695652173913043
transition 230 1 500 0 0.08695652173913043
transition 231 1 231 0 0.045454545454545456
transition 231 1 500 0 0.09090909090909091
transition 232 1 232 0 0.041666666666666664
transition 232 1 122 0 0.08333333333333333
transition 232 1 74 0 0.08333333333333333
transition 232 1 49 0 0.041666666666666664
transition 232 1 44 0 0.08333333333333333
transition 232 1 41 0 0.08333333333333333
transition 232 1 40 0 0.08333333333333333
transition 232 1 39 0 0.08333333333333333
transition 232 1 38 0 0.08333333333333333
transition 232 1 37 0 0.08333333333333333
transition 232 1 36 0 0.08333333333333333
transition 232 1 35 0 0.08333333333333333
transition 232 1 34 0 0.08333333333333333
transition 233 1 233 0 0.043478260869565216
transition 233 1 500 0 0.08695652173913043
transition 234 1 234 0 0.043478260869565216
transition 234 1 123 0 0.08695652173913043
transition 234 1 500 0 0.08695652173913043
transition 235 1 235 0 0.043478260869565216
transition 235 1 124 0 0.08695652173913043
transition 235 1 75 0 0.08695652173913043
transition 235 1 500 0 0.08695652173913043
transition 236 1 236 0 0.043478260869565216
transition 236 1 125 0 0.08695652173913043
transition 236 1 76 0 0.08695652173913043
transition 236 1 50 0 0.043478260869565216
transition 236 1 500 0 0.08695652173913043
transition 237 1 237 0 0.043478260869565216
transition 237 1 126 0 0.08695652173913043
transition 237 1 77 0 0.08695652173913043
transition 237 1 51 0 0.043478260869565216
transition 237 1 45 0 0.08695652173913043
transition 237 1 500 0 0.08695652173913043
transition 238 1 238 0 0.043478260869565216
transition 238 1 127 0 0.08695652173913043
transition 238 1 78 0 0.08695652173913043
transition 238 1 52 0 0.043478260869565216
transition 238 1 46 0 0.08695652173913043
transition 238 1 42 0 0.08695652173913043
transition 238 1 500 0 0.08695652173913043
transition 239 1 239 0 0.043478260869565216
transition 239 1 128 0 0.08695652173913043
transition 239 1 79 0 0.08695652173913043
transition 239 1 53 0 0.043478260869565216
transition 239 1 47 0 0.08695652173913043
transition 239 1 43 0 0.043478260869565216
transition 239 1 42 0 0.08695652173913043
transition 239 1 500 0 0.08695652173913043
transition 240 1 240 0 0.045454545454545456
transition 240 1 500 0 0.09090909090909091
transition 241 1 241 0 0.043478260869565216
transition 241 1 129 0 0.08695652173913043
transition 241 1 80 0 0.08695652173913043
transition 241 1 54 0 0.043478260869565216
transition 241 1 48 0 0.043478260869565216
transition 241 1 47 0 0.08695652173913043
transition 241 1 46 0 0.08695652173913043
transition 241 1 45 0 0.08695652173913043
transition 241 1 500 0 0.08695652173913043
transition 242 1 242 0 0.045454545454545456
transition 242 1 500 0 0.09090909090909091
transition 243 1 243 0 0.045454545454545456
transition 243 1 130 0 0.09090909090909091
transition 243 1 500 0 0.09090909090909091
transition 244 1 244 0 0.045454545454545456
transition 244 1 131 0 0.09090909090909091
transition 244 1 81 0 0.09090909090909091
transition 244 1 500 0 0.09090909090909091
transition 245 1 245 0 0.043478260869565216
transition 245 1 132 0 0.08695652173913043
transition 245 1 82 0 0.08695652173913043
transition 245 1 54 0 0.08695652173913043
transition 245 1 53 0 0.08695652173913043
transition 245 1 52 0 0.08695652173913043
transition 245 1 51 0 0.08695652173913043
transition 245 1 50 0 0.08695652173913043
transition 245 1 500 0 0.08695652173913043
transition 246 1 246 0 0.045454545454545456
transition 246 1 500 0 0.09090909090909091
transition 247 1 247 0 0.045454545454545456
transition 247 1 133 0 0.09090909090909091
transition 247 1 500 0 0.09090909090909091
transition 248 1 248 0 0.045454545454545456
transition 248 1 134 0 0.09090909090909091
transition 248 1 83 0 0.09090909090909091
transition 248 1 500 0 0.09090909090909091
transition 249 1 249 0 0.045454545454545456
transition 249 1 135 0 0.09090909090909091
transition 249 1 84 0 0.09090909090909091
transition 249 1 500 0 0.09090909090909091
transition 250 1 250 0 0.041666666666666664
transition 250 1 136 0 0.08333333333333333
transition 250 1 85 0 0.041666666666666664
transition 250 1 74 0 0.08333333333333333
transition 250 1 68 0 0.08333333333333333
transition 250 1 64 0 0.08333333333333333
transition 250 1 62 0 0.08333333333333333
transition 250 1 61 0 0.08333333333333333
transition 250 1 60 0 0.08333333333333333
transition 250 1 59 0 0.08333333333333333
transition 250 1 58 0 0.08333333333333333
transition 250 1 57 0 0.08333333333333333
transition 250 1 56 0 0.08333333333333333
transition 251 1 251 0 0.043478260869565216
transition 251 1 500 0 0.043478260869565216
transition 252 1 252 0 0.043478260869565216
transition 252 1 137 0 0.08695652173913043
transition 252 1 500 0 0.08695652173913043
transition 253 1 253 0 0.043478260869565216
transition 253 1 138 0 0.08695652173913043
transition 253 1 86 0 0.043478260869565216
transition 253 1 500 0 0.08695652173913043
transition 254 1 254 0 0.043478260869565216
transition 254 1 139 0 0.08695652173913043
transition 254 1 87 0 0.043478260869565216
transition 254 1 75 0 0.08695652173913043
transition 254 1 500 0 0.08695652173913043
transition 255 1 255 0 0.043478260869565216
transition 255 1 140 0 0.08695652173913043
transition 255 1 88 0 0.043478260869565216
transition 255 1 76 0 0.08695652173913043
transition 255 1 69 0 0.08695652173913043
transition 255 1 500 0 0.08695652173913043
transition 256 1 256 0 0.043478260869565216
transition 256 1 141 0 0.08695652173913043
transition 256 1 89 0 0.043478260869565216
transition 256 1 77 0 0.08695652173913043
transition 256 1 70 0 0.08695652173913043
transition 256 1 65 0 0.08695652173913043
transition 256 1 500 0 0.08695652173913043
transition 257 1 257 0 0.043478260869565216
transition 257 1 142 0 0.08695652173913043
transition 257 1 90 0 0.043478260869565216
transition 257 1 78 0 0.08695652173913043
transition 257 1 71 0 0.08695652173913043
transition 257 1 66 0 0.08695652173913043
transition 257 1 63 0 0.043478260869565216
transition 257 1 500 0 0.08695652173913043
transition 258 1 258 0 0.043478260869565216
transition 258 1 143 0 0.08695652173913043
transition 258 1 91 0 0.043478260869565216
transition 258 1 79 0 0.08695652173913043
transition 258 1 72 0 0.08695652173913043
transition 258 1 67 0 0.043478260869565216
transition 258 1 66 0 0.08695652173913043
transition 258 1 65 0 0.08695652173913043
transition 258 1 500 0 0.08695652173913043
transition 259 1 259 0 0.045454545454545456
transition 259 1 500 0 0.09090909090909091
transition 260 1 260 0 0.045454545454545456
transition 260 1 144 0 0.09090909090909091
transition 260 1 500 0 0.09090909090909091
transition 261 1 261 0 0.043478260869565216
transition 261 1 145 0 0.08695652173913043
transition 261 1 92 0 0.043478260869565216
transition 261 1 80 0 0.08695652173913043
transition 261 1 73 0 0.043478260869565216
transition 261 1 72 0 0.08695652173913043
transition 261 1 71 0 0.08695652173913043
transition 261 1 70 0 0.08695652173913043
transition 261 1 69 0 0.08695652173913043
transition 261 1 500 0 0.08695652173913043
transition 262 1 262 0 0.045454545454545456
transition 262 1 500 0 0.09090909090909091
transition 263 1 263 0 0.045454545454545456
transition 263 1 146 0 0.09090909090909091
transition 263 1 500 0 0.09090909090909091
transition 264 1 264 0 0.045454545454545456
transition 264 1 147 0 0.09090909090909091
transition 264 1 93 0 0.045454545454545456
transition 264 1 500 0 0.09090909090909091
transition 265 1 265 0 0.045454545454545456
transition 265 1 148 0 0.09090909090909091
transition 265 1 94 0 0.045454545454545456
transition 265 1 81 0 0.09090909090909091
transition 265 1 500 0 0.09090909090909091
transition 266 1 266 0 0.043478260869565216
transition 266 1 149 0 0.08695652173913043
transition 266 1 95 0 0.043478260869565216
transition 266 1 82 0 0.043478260869565216
transition 266 1 80 0 0.08695652173913043
transition 266 1 79 0 0.08695652173913043
transition 266 1 78 0 0.08695652173913043
transition 266 1 77 0 0.08695652173913043
transition 266 1 76 0 0.08695652173913043
transition 266 1 75 0 0.08695652173913043
transition 266 1 500 0 0.08695652173913043
transition 267 1 267 0 0.045454545454545456
transition 267 1 500 0 0.09090909090909091
transition 268 1 268 0 0.045454545454545456
transition 268 1 150 0 0.09090909090909091
transition 268 1 500 0 0.09090909090909091
transition 269 1 269 0 0.045454545454545456
transition 269 1 151 0 0.09090909090909091
transition 269 1 96 0 0.045454545454545456
transition 269 1 500 0 0.09090909090909091
transition 270 1 270 0 0.045454545454545456
transition 270 1 152 0 0.09090909090909091
transition 270 1 97 0 0.045454545454545456
transition 270 1 83 0 0.045454545454545456
transition 270 1 500 0 0.09090909090909091
transition 271 1 271 0 0.045454545454545456
transition 271 1 153 0 0.09090909090909091
transition 271 1 98 0 0.045454545454545456
transition 271 1 84 0 0.045454545454545456
transition 271 1 81 0 0.045454545454545456
transition 271 1 500 0 0.09090909090909091
transition 272 1 272 0 0.045454545454545456
transition 272 1 154 0 0.09090909090909091
transition 272 1 99 0 0.045454545454545456
transition 272 1 84 0 0.09090909090909091
transition 272 1 83 0 0.09090909090909091
transition 272 1 500 0 0.09090909090909091
transition 273 1 273 0 0.047619047619047616
transition 273 1 500 0 0.09523809523809523
transition 274 1 274 0 0.043478260869565216
transition 274 1 155 0 0.08695652173913043
transition 274 1 95 0 0.08695652173913043
transition 274 1 92 0 0.08695652173913043
transition 274 1 91 0 0.08695652173913043
transition 274 1 90 0 0.08695652173913043
transition 274 1 89 0 0.08695652173913043
transition 274 1 88 0 0.08695652173913043
transition 274 1 87 0 0.08695652173913043
transition 274 1 86 0 0.08695652173913043
transition 274 1 500 0 0.08695652173913043
transition 275 1 275 0 0.045454545454545456
transition 275 1 500 0 0.09090909090909091
transition 276 1 276 0 0.045454545454545456
transition 276 1 156 0 0.09090909090909091
transition 276 1 500 0 0.09090909090909091
transition 277 1 277 0 0.045454545454545456
transition 277 1 157 0 0.09090909090909091
transition 277 1 500 0 0.09090909090909091
transition 278 1 278 0 0.045454545454545456
transition 278 1 158 0 0.09090909090909091
transition 278 1 96 0 0.09090909090909091
transition 278 1 500 0 0.09090909090909091
transition 279 1 279 0 0.045454545454545456
transition 279 1 159 0 0.09090909090909091
transition 279 1 97 0 0.09090909090909091
transition 279 1 93 0 0.09090909090909091
transition 279 1 500 0 0.09090909090909091
transition 280 1 280 0 0.045454545454545456
transition 280 1 160 0 0.09090909090909091
transition 280 1 98 0 0.09090909090909091
transition 280 1 94 0 0.045454545454545456
transition 280 1 93 0 0.09090909090909091
transition 280 1 500 0 0.09090909090909091
transition 281 1 281 0 0.047619047619047616
transition 281 1 500 0 0.09523809523809523
transition 282 1 282 0 0.045454545454545456
transition 282 1 161 0 0.09090909090909091
transition 282 1 99 0 0.045454545454545456
transition 282 1 98 0 0.09090909090909091
transition 282 1 97 0 0.09090909090909091
transition 282 1 96 0 0.09090909090909091
transition 282 1 500 0 0.09090909090909091
transition 283 1 283 0 0.047619047619047616
transition 283 1 500 0 0.09523809523809523
transition 284 1 284 0 0.047619047619047616
transition 284 1 162 0 0.09523809523809523
transition 284 1 500 0 0.09523809523809523
transition 285 1 285 0 0.047619047619047616
transition 285 1 163 0 0.09523809523809523
transition 285 1 500 0 0.09523809523809523
transition 286 1 286 0 0.041666666666666664
transition 286 1 164 0 0.041666666666666664
transition 286 1 136 0 0.08333333333333333
transition 286 1 122 0 0.08333333333333333
transition 286 1 115 0 0.08333333333333333
transition 286 1 110 0 0.08333333333333333
transition 286 1 107 0 0.08333333333333333
transition 286 1 106 0 0.08333333333333333
transition 286 1 105 0 0.08333333333333333
transition 286 1 104 0 0.08333333333333333
transition 286 1 103 0 0.08333333333333333
transition 286 1 102 0 0.08333333333333333
transition 286 1 101 0 0.08333333333333333
transition 287 1 287 0 0.043478260869565216
transition 287 1 165 0 0.043478260869565216
transition 287 1 500 0 0.043478260869565216
transition 288 1 288 0 0.043478260869565216
transition 288 1 166 0 0.043478260869565216
transition 288 1 137 0 0.08695652173913043
transition 288 1 500 0 0.08695652173913043
transition 289 1 289 0 0.043478260869565216
transition 289 1 167 0 0.043478260869565216
transition 289 1 138 0 0.08695652173913043
transition 289 1 123 0 0.08695652173913043
transition 289 1 500 0 0.08695652173913043
transition 290 1 290 0 0.043478260869565216
transition 290 1 168 0 0.043478260869565216
transition 290 1 139 0 0.08695652173913043
transition 290 1 124 0 0.08695652173913043
transition 290 1 116 0 0.08695652173913043
transition 290 1 500 0 0.08695652173913043
transition 291 1 291 0 0.043478260869565216
transition 291 1 169 0 0.043478260869565216
transition 291 1 140 0 0.08695652173913043
transition 291 1 125 0 0.08695652173913043
transition 291 1 117 0 0.08695652173913043
transition 291 1 111 0 0.08695652173913043
transition 291 1 500 0 0.08695652173913043
transition 292 1 292 0 0.043478260869565216
transition 292 1 170 0 0.043478260869565216
transition 292 1 141 0 0.08695652173913043
transition 292 1 126 0 0.08695652173913043
transition 292 1 118 0 0.08695652173913043
transition 292 1 112 0 0.08695652173913043
transition 292 1 108 0 0.08695652173913043
transition 292 1 500 0 0.08695652173913043
transition 293 1 293 0 0.043478260869565216
transition 293 1 171 0 0.043478260869565216
transition 293 1 142 0 0.08695652173913043
transition 293 1 127 0 0.08695652173913043
transition 293 1 119 0 0.08695652173913043
transition 293 1 113 0 0.08695652173913043
transition 293 1 109 0 0.043478260869565216
transition 293 1 108 0 0.08695652173913043
transition 293 1 500 0 0.08695652173913043
transition 294 1 294 0 0.045454545454545456
transition 294 1 500 0 0.09090909090909091
transition 295 1 295 0 0.043478260869565216
transition 295 1 172 0 0.043478260869565216
transition 295 1 143 0 0.08695652173913043
transition 295 1 128 0 0.08695652173913043
transition 295 1 120 0 0.08695652173913043
transition 295 1 114 0 0.043478260869565216
transition 295 1 113 0 0.08695652173913043
transition 295 1 112 0 0.08695652173913043
transition 295 1 111 0 0.08695652173913043
transition 295 1 500 0 0.08695652173913043
transition 296 1 296 0 0.045454545454545456
transition 296 1 500 0 0.09090909090909091
transition 297 1 297 0 0.045454545454545456
transition 297 1 173 0 0.045454545454545456
transition 297 1 500 0 0.09090909090909091
transition 298 1 298 0 0.045454545454545456
transition 298 1 174 0 0.045454545454545456
transition 298 1 144 0 0.09090909090909091
transition 298 1 500 0 0.09090909090909091
transition 299 1 299 0 0.043478260869565216
transition 299 1 175 0 0.043478260869565216
transition 299 1 145 0 0.08695652173913043
transition 299 1 129 0 0.08695652173913043
transition 299 1 121 0 0.043478260869565216
transition 299 1 120 0 0.08695652173913043
transition 299 1 119 0 0.08695652173913043
transition 299 1 118 0 0.08695652173913043
transition 299 1 117 0 0.08695652173913043
transition 299 1 116 0 0.08695652173913043
transition 299 1 500 0 0.08695652173913043
transition 300 1 300 0 0.045454545454545456
transition 300 1 500 0 0.09090909090909091
transition 301 1 301 0 0.045454545454545456
transition 301 1 176 0 0.045454545454545456
transition 301 1 500 0 0.09090909090909091
transition 302 1 302 0 0.045454545454545456
transition 302 1 177 0 0.045454545454545456
transition 302 1 146 0 0.09090909090909091
transition 302 1 500 0 0.09090909090909091
transition 303 1 303 0 0.045454545454545456
transition 303 1 178 0 0.045454545454545456
transition 303 1 147 0 0.09090909090909091
transition 303 1 130 0 0.09090909090909091
transition 303 1 500 0 0.09090909090909091
transition 304 1 304 0 0.045454545454545456
transition 304 1 179 0 0.045454545454545456
transition 304 1 148 0 0.09090909090909091
transition 304 1 131 0 0.09090909090909091
transition 304 1 500 0 0.09090909090909091
transition 305 1 305 0 0.043478260869565216
transition 305 1 180 0 0.043478260869565216
transition 305 1 149 0 0.08695652173913043
transition 305 1 132 0 0.043478260869565216
transition 305 1 129 0 0.08695652173913043
transition 305 1 128 0 0.08695652173913043
transition 305 1 127 0 0.08695652173913043
transition 305 1 126 0 0.08695652173913043
transition 305 1 125 0 0.08695652173913043
transition 305 1 124 0 0.08695652173913043
transition 305 1 123 0 0.08695652173913043
transition 305 1 500 0 0.08695652173913043
transition 306 1 306 0 0.045454545454545456
transition 306 1 500 0 0.09090909090909091
transition 307 1 307 0 0.045454545454545456
transition 307 1 181 0 0.045454545454545456
transition 307 1 500 0 0.09090909090909091
transition 308 1 308 0 0.045454545454545456
transition 308 1 182 0 0.045454545454545456
transition 308 1 150 0 0.09090909090909091
transition 308 1 500 0 0.09090909090909091
transition 309 1 309 0 0.045454545454545456
transition 309 1 183 0 0.045454545454545456
transition 309 1 151 0 0.09090909090909091
transition 309 1 133 0 0.045454545454545456
transition 309 1 500 0 0.09090909090909091
transition 310 1 310 0 0.045454545454545456
transition 310 1 184 0 0.045454545454545456
transition 310 1 152 0 0.09090909090909091
transition 310 1 134 0 0.045454545454545456
transition 310 1 130 0 0.09090909090909091
transition 310 1 500 0 0.09090909090909091
transition 311 1 311 0 0.045454545454545456
transition 311 1 185 0 0.045454545454545456
transition 311 1 153 0 0.09090909090909091
transition 311 1 135 0 0.045454545454545456
transition 311 1 131 0 0.045454545454545456
transition 311 1 130 0 0.09090909090909091
transition 311 1 500 0 0.09090909090909091
transition 312 1 312 0 0.047619047619047616
transition 312 1 500 0 0.09523809523809523
transition 313 1 313 0 0.045454545454545456
transition 313 1 186 0 0.045454545454545456
transition 313 1 154 0 0.09090909090909091
transition 313 1 135 0 0.09090909090909091
transition 313 1 134 0 0.09090909090909091
transition 313 1 133 0 0.09090909090909091
transition 313 1 500 0 0.09090909090909091
transition 314 1 314 0 0.047619047619047616
transition 314 1 500 0 0.09523809523809523
transition 315 1 315 0 0.047619047619047616
transition 315 1 187 0 0.047619047619047616
transition 315 1 500 0 0.09523809523809523
transition 316 1 316 0 0.043478260869565216
transition 316 1 188 0 0.043478260869565216
transition 316 1 155 0 0.043478260869565216
transition 316 1 149 0 0.08695652173913043
transition 316 1 145 0 0.08695652173913043
transition 316 1 143 0 0.08695652173913043
transition 316 1 142 0 0.08695652173913043
transition 316 1 141 0 0.08695652173913043
transition 316 1 140 0 0.08695652173913043
transition 316 1 139 0 0.08695652173913043
transition 316 1 138 0 0.08695652173913043
transition 316 1 137 0 0.08695652173913043
transition 316 1 500 0 0.08695652173913043
transition 317 1 317 0 0.045454545454545456
transition 317 1 500 0 0.09090909090909091
transition 318 1 318 0 0.045454545454545456
transition 318 1 189 0 0.045454545454545456
transition 318 1 500 0 0.09090909090909091
transition 319 1 319 0 0.045454545454545456
transition 319 1 190 0 0.045454545454545456
transition 319 1 156 0 0.045454545454545456
transition 319 1 500 0 0.09090909090909091
transition 320 1 320 0 0.045454545454545456
transition 320 1 191 0 0.045454545454545456
transition 320 1 157 0 0.045454545454545456
transition 320 1 150 0 0.09090909090909091
transition 320 1 500 0 0.09090909090909091
transition 321 1 321 0 0.045454545454545456
transition 321 1 192 0 0.045454545454545456
transition 321 1 158 0 0.045454545454545456
transition 321 1 151 0 0.09090909090909091
transition 321 1 146 0 0.09090909090909091
transition 321 1 500 0 0.09090909090909091
transition 322 1 322 0 0.045454545454545456
transition 322 1 193 0 0.045454545454545456
transition 322 1 159 0 0.045454545454545456
transition 322 1 152 0 0.09090909090909091
transition 322 1 147 0 0.09090909090909091
transition 322 1 144 0 0.045454545454545456
transition 322 1 500 0 0.09090909090909091
transition 323 1 323 0 0.045454545454545456
transition 323 1 194 0 0.045454545454545456
transition 323 1 160 0 0.045454545454545456
transition 323 1 153 0 0.09090909090909091
transition 323 1 148 0 0.045454545454545456
transition 323 1 147 0 0.09090909090909091
transition 323 1 146 0 0.09090909090909091
transition 323 1 500 0 0.09090909090909091
transition 324 1 324 0 0.047619047619047616
transition 324 1 500 0 0.09523809523809523
transition 325 1 325 0 0.047619047619047616
transition 325 1 195 0 0.047619047619047616
transition 325 1 500 0 0.09523809523809523
transition 326 1 326 0 0.045454545454545456
transition 326 1 196 0 0.045454545454545456
transition 326 1 161 0 0.045454545454545456
transition 326 1 154 0 0.045454545454545456
transition 326 1 153 0 0.09090909090909091
transition 326 1 152 0 0.09090909090909091
transition 326 1 151 0 0.09090909090909091
transition 326 1 150 0 0.09090909090909091
transition 326 1 500 0 0.09090909090909091
transition 327 1 327 0 0.047619047619047616
transition 327 1 500 0 0.09523809523809523
transition 328 1 328 0 0.047619047619047616
transition 328 1 197 0 0.047619047619047616
transition 328 1 500 0 0.09523809523809523
transition 329 1 329 0 0.047619047619047616
transition 329 1 198 0 0.047619047619047616
transition 329 1 162 0 0.047619047619047616
transition 329 1 500 0 0.09523809523809523
transition 330 1 330 0 0.047619047619047616
transition 330 1 199 0 0.047619047619047616
transition 330 1 163 0 0.047619047619047616
transition 330 1 500 0 0.09523809523809523
transition 331 1 331 0 0.045454545454545456
transition 331 1 200 0 0.045454545454545456
transition 331 1 161 0 0.09090909090909091
transition 331 1 160 0 0.09090909090909091
transition 331 1 159 0 0.09090909090909091
transition 331 1 158 0 0.09090909090909091
transition 331 1 157 0 0.09090909090909091
transition 331 1 156 0 0.09090909090909091
transition 331 1 500 0 0.09090909090909091
transition 332 1 332 0 0.047619047619047616
transition 332 1 500 0 0.09523809523809523
transition 333 1 333 0 0.047619047619047616
transition 333 1 201 0 0.047619047619047616
transition 333 1 500 0 0.09523809523809523
transition 334 1 334 0 0.047619047619047616
transition 334 1 202 0 0.047619047619047616
transition 334 1 500 0 0.09523809523809523
transition 335 1 335 0 0.047619047619047616
transition 335 1 203 0 0.047619047619047616
transition 335 1 162 0 0.09523809523809523
transition 335 1 500 0 0.09523809523809523
transition 336 1 336 0 0.047619047619047616
transition 336 1 204 0 0.047619047619047616
transition 336 1 163 0 0.047619047619047616
transition 336 1 162 0 0.09523809523809523
transition 336 1 500 0 0.09523809523809523
transition 337 1 337 0 0.05
transition 337 1 500 0 0.1
transition 338 1 338 0 0.043478260869565216
transition 338 1 188 0 0.08695652173913043
transition 338 1 180 0 0.08695652173913043
transition 338 1 175 0 0.08695652173913043
transition 338 1 172 0 0.08695652173913043
transition 338 1 171 0 0.08695652173913043
transition 338 1 170 0 0.08695652173913043
transition 338 1 169 0 0.08695652173913043
transition 338 1 168 0 0.08695652173913043
transition 338 1 167 0 0.08695652173913043
transition 338 1 166 0 0.08695652173913043
transition 338 1 165 0 0.08695652173913043
transition 339 1 339 0 0.045454545454545456
transition 339 1 500 0 0.09090909090909091
transition 340 1 340 0 0.045454545454545456
transition 340 1 500 0 0.09090909090909091
transition 341 1 341 0 0.045454545454545456
transition 341 1 189 0 0.09090909090909091
transition 341 1 500 0 0.09090909090909091
transition 342 1 342 0 0.045454545454545456
transition 342 1 190 0 0.09090909090909091
transition 342 1 181 0 0.09090909090909091
transition 342 1 500 0 0.09090909090909091
transition 343 1 343 0 0.045454545454545456
transition 343 1 191 0 0.09090909090909091
transition 343 1 182 0 0.09090909090909091
transition 343 1 176 0 0.09090909090909091
transition 343 1 500 0 0.09090909090909091
transition 344 1 344 0 0.045454545454545456
transition 344 1 192 0 0.09090909090909091
transition 344 1 183 0 0.09090909090909091
transition 344 1 177 0 0.09090909090909091
transition 344 1 173 0 0.09090909090909091
transition 344 1 500 0 0.09090909090909091
transition 345 1 345 0 0.045454545454545456
transition 345 1 193 0 0.09090909090909091
transition 345 1 184 0 0.09090909090909091
transition 345 1 178 0 0.09090909090909091
transition 345 1 174 0 0.045454545454545456
transition 345 1 173 0 0.09090909090909091
transition 345 1 500 0 0.09090909090909091
transition 346 1 346 0 0.047619047619047616
transition 346 1 500 0 0.09523809523809523
transition 347 1 347 0 0.045454545454545456
transition 347 1 194 0 0.09090909090909091
transition 347 1 185 0 0.09090909090909091
transition 347 1 179 0 0.045454545454545456
transition 347 1 178 0 0.09090909090909091
transition 347 1 177 0 0.09090909090909091
transition 347 1 176 0 0.09090909090909091
transition 347 1 500 0 0.09090909090909091
transition 348 1 348 0 0.047619047619047616
transition 348 1 500 0 0.09523809523809523
transition 349 1 349 0 0.047619047619047616
transition 349 1 500 0 0.09523809523809523
transition 350 1 350 0 0.047619047619047616
transition 350 1 195 0 0.09523809523809523
transition 350 1 500 0 0.09523809523809523
transition 351 1 351 0 0.045454545454545456
transition 351 1 196 0 0.09090909090909091
transition 351 1 186 0 0.045454545454545456
transition 351 1 185 0 0.09090909090909091
transition 351 1 184 0 0.09090909090909091
transition 351 1 183 0 0.09090909090909091
transition 351 1 182 0 0.09090909090909091
transition 351 1 181 0 0.09090909090909091
transition 351 1 500 0 0.09090909090909091
transition 352 1 352 0 0.047619047619047616
transition 352 1 500 0 0.09523809523809523
transition 353 1 353 0 0.047619047619047616
transition 353 1 500 0 0.09523809523809523
transition 354 1 354 0 0.047619047619047616
transition 354 1 197 0 0.09523809523809523
transition 354 1 500 0 0.09523809523809523
transition 355 1 355 0 0.047619047619047616
transition 355 1 198 0 0.09523809523809523
transition 355 1 187 0 0.047619047619047616
transition 355 1 500 0 0.09523809523809523
transition 356 1 356 0 0.047619047619047616
transition 356 1 199 0 0.09523809523809523
transition 356 1 187 0 0.09523809523809523
transition 356 1 500 0 0.09523809523809523
transition 357 1 357 0 0.045454545454545456
transition 357 1 200 0 0.045454545454545456
transition 357 1 196 0 0.09090909090909091
transition 357 1 194 0 0.09090909090909091
transition 357 1 193 0 0.09090909090909091
transition 357 1 192 0 0.09090909090909091
transition 357 1 191 0 0.09090909090909091
transition 357 1 190 0 0.09090909090909091
transition 357 1 189 0 0.09090909090909091
transition 357 1 500 0 0.09090909090909091
transition 358 1 358 0 0.047619047619047616
transition 358 1 500 0 0.09523809523809523
transition 359 1 359 0 0.047619047619047616
transition 359 1 500 0 0.09523809523809523
transition 360 1 360 0 0.047619047619047616
transition 360 1 201 0 0.047619047619047616
transition 360 1 500 0 0.09523809523809523
transition 361 1 361 0 0.047619047619047616
transition 361 1 202 0 0.047619047619047616
transition 361 1 197 0 0.09523809523809523
transition 361 1 500 0 0.09523809523809523
transition 362 1 362 0 0.047619047619047616
transition 362 1 203 0 0.047619047619047616
transition 362 1 198 0 0.09523809523809523
transition 362 1 195 0 0.047619047619047616
transition 362 1 500 0 0.09523809523809523
transition 363 1 363 0 0.047619047619047616
transition 363 1 204 0 0.047619047619047616
transition 363 1 199 0 0.047619047619047616
transition 363 1 198 0 0.09523809523809523
transition 363 1 197 0 0.09523809523809523
transition 363 1 500 0 0.09523809523809523
transition 364 1 364 0 0.05
transition 364 1 500 0 0.1
transition 365 1 365 0 0.05
transition 365 1 500 0 0.1
transition 366 1 366 0 0.047619047619047616
transition 366 1 204 0 0.09523809523809523
transition 366 1 203 0 0.09523809523809523
transition 366 1 202 0 0.09523809523809523
transition 366 1 201 0 0.09523809523809523
transition 366 1 500 0 0.09523809523809523
transition 367 1 367 0 0.05
transition 367 1 500 0 0.1
transition 368 1 368 0 0.05
transition 368 1 500 0 0.1
transition 369 1 369 0 0.05
transition 369 1 500 0 0.1
transition 370 1 286 0 0.08333333333333333
transition 370 1 250 0 0.08333333333333333
transition 370 1 232 0 0.08333333333333333
transition 370 1 223 0 0.08333333333333333
transition 370 1 217 0 0.08333333333333333
transition 370 1 213 0 0.08333333333333333
transition 370 1 211 0 0.08333333333333333
transition 370 1 210 0 0.08333333333333333
transition 370 1 209 0 0.08333333333333333
transition 370 1 208 0 0.08333333333333333
transition 370 1 207 0 0.08333333333333333
transition 370 1 206 0 0.08333333333333333
transition 371 1 287 0 0.08695652173913043
transition 371 1 251 0 0.08695652173913043
transition 371 1 500 0 0.043478260869565216
transition 372 1 288 0 0.08695652173913043
transition 372 1 252 0 0.08695652173913043
transition 372 1 233 0 0.08695652173913043
transition 372 1 500 0 0.08695652173913043
transition 373 1 289 0 0.08695652173913043
transition 373 1 253 0 0.08695652173913043
transition 373 1 234 0 0.08695652173913043
transition 373 1 224 0 0.08695652173913043
transition 373 1 500 0 0.08695652173913043
transition 374 1 290 0 0.08695652173913043
transition 374 1 254 0 0.08695652173913043
transition 374 1 235 0 0.08695652173913043
transition 374 1 225 0 0.08695652173913043
transition 374 1 218 0 0.08695652173913043
transition 374 1 500 0 0.08695652173913043
transition 375 1 291 0 0.08695652173913043
transition 375 1 255 0 0.08695652173913043
transition 375 1 236 0 0.08695652173913043
transition 375 1 226 0 0.08695652173913043
transition 375 1 219 0 0.08695652173913043
transition 375 1 214 0 0.08695652173913043
transition 375 1 500 0 0.08695652173913043
transition 376 1 292 0 0.08695652173913043
transition 376 1 256 0 0.08695652173913043
transition 376 1 237 0 0.08695652173913043
transition 376 1 227 0 0.08695652173913043
transition 376 1 220 0 0.08695652173913043
transition 376 1 215 0 0.08695652173913043
transition 376 1 212 0 0.043478260869565216
transition 376 1 500 0 0.08695652173913043
transition 377 1 293 0 0.08695652173913043
transition 377 1 257 0 0.08695652173913043
transition 377 1 238 0 0.08695652173913043
transition 377 1 228 0 0.08695652173913043
transition 377 1 221 0 0.08695652173913043
transition 377 1 216 0 0.043478260869565216
transition 377 1 215 0 0.08695652173913043
transition 377 1 214 0 0.08695652173913043
transition 377 1 500 0 0.08695652173913043
transition 378 1 500 0 0.09090909090909091
transition 379 1 294 0 0.09090909090909091
transition 379 1 500 0 0.09090909090909091
transition 380 1 295 0 0.08695652173913043
transition 380 1 258 0 0.08695652173913043
transition 380 1 239 0 0.08695652173913043
transition 380 1 229 0 0.08695652173913043
transition 380 1 222 0 0.043478260869565216
transition 380 1 221 0 0.08695652173913043
transition 380 1 220 0 0.08695652173913043
transition 380 1 219 0 0.08695652173913043
transition 380 1 218 0 0.08695652173913043
transition 380 1 500 0 0.08695652173913043
transition 381 1 500 0 0.09090909090909091
transition 382 1 296 0 0.09090909090909091
transition 382 1 500 0 0.09090909090909091
transition 383 1 297 0 0.09090909090909091
transition 383 1 259 0 0.09090909090909091
transition 383 1 500 0 0.09090909090909091
transition 384 1 298 0 0.09090909090909091
transition 384 1 260 0 0.09090909090909091
transition 384 1 240 0 0.09090909090909091
transition 384 1 500 0 0.09090909090909091
transition 385 1 299 0 0.08695652173913043
transition 385 1 261 0 0.08695652173913043
transition 385 1 241 0 0.08695652173913043
transition 385 1 230 0 0.043478260869565216
transition 385 1 229 0 0.08695652173913043
transition 385 1 228 0 0.08695652173913043
transition 385 1 227 0 0.08695652173913043
transition 385 1 226 0 0.08695652173913043
transition 385 1 225 0 0.08695652173913043
transition 385 1 224 0 0.08695652173913043
transition 385 1 500 0 0.08695652173913043
transition 386 1 500 0 0.09090909090909091
transition 387 1 300 0 0.09090909090909091
transition 387 1 500 0 0.09090909090909091
transition 388 1 301 0 0.09090909090909091
transition 388 1 262 0 0.09090909090909091
transition 388 1 500 0 0.09090909090909091
transition 389 1 302 0 0.09090909090909091
transition 389 1 263 0 0.09090909090909091
transition 389 1 242 0 0.09090909090909091
transition 389 1 500 0 0.09090909090909091
transition 390 1 303 0 0.09090909090909091
transition 390 1 264 0 0.09090909090909091
transition 390 1 243 0 0.09090909090909091
transition 390 1 231 0 0.045454545454545456
transition 390 1 500 0 0.09090909090909091
transition 391 1 304 0 0.09090909090909091
transition 391 1 265 0 0.09090909090909091
transition 391 1 244 0 0.09090909090909091
transition 391 1 231 0 0.09090909090909091
transition 391 1 500 0 0.09090909090909091
transition 392 1 305 0 0.08695652173913043
transition 392 1 266 0 0.08695652173913043
transition 392 1 245 0 0.043478260869565216
transition 392 1 241 0 0.08695652173913043
transition 392 1 239 0 0.08695652173913043
transition 392 1 238 0 0.08695652173913043
transition 392 1 237 0 0.08695652173913043
transition 392 1 236 0 0.08695652173913043
transition 392 1 235 0 0.08695652173913043
transition 392 1 234 0 0.08695652173913043
transition 392 1 233 0 0.08695652173913043
transition 392 1 500 0 0.08695652173913043
transition 393 1 500 0 0.09090909090909091
transition 394 1 306 0 0.09090909090909091
transition 394 1 500 0 0.09090909090909091
transition 395 1 307 0 0.09090909090909091
transition 395 1 267 0 0.09090909090909091
transition 395 1 500 0 0.09090909090909091
transition 396 1 308 0 0.09090909090909091
transition 396 1 268 0 0.09090909090909091
transition 396 1 246 0 0.045454545454545456
transition 396 1 500 0 0.09090909090909091
transition 397 1 309 0 0.09090909090909091
transition 397 1 269 0 0.09090909090909091
transition 397 1 247 0 0.045454545454545456
transition 397 1 242 0 0.09090909090909091
transition 397 1 500 0 0.09090909090909091
transition 398 1 310 0 0.09090909090909091
transition 398 1 270 0 0.09090909090909091
transition 398 1 248 0 0.045454545454545456
transition 398 1 243 0 0.09090909090909091
transition 398 1 240 0 0.045454545454545456
transition 398 1 500 0 0.09090909090909091
transition 399 1 311 0 0.09090909090909091
transition 399 1 271 0 0.09090909090909091
transition 399 1 249 0 0.045454545454545456
transition 399 1 244 0 0.045454545454545456
transition 399 1 243 0 0.09090909090909091
transition 399 1 242 0 0.09090909090909091
transition 399 1 500 0 0.09090909090909091
transition 400 1 500 0 0.09523809523809523
transition 401 1 312 0 0.09523809523809523
transition 401 1 500 0 0.09523809523809523
transition 402 1 313 0 0.09090909090909091
transition 402 1 272 0 0.09090909090909091
transition 402 1 249 0 0.09090909090909091
transition 402 1 248 0 0.09090909090909091
transition 402 1 247 0 0.09090909090909091
transition 402 1 246 0 0.09090909090909091
transition 402 1 500 0 0.09090909090909091
transition 403 1 500 0 0.09523809523809523
transition 404 1 314 0 0.09523809523809523
transition 404 1 500 0 0.09523809523809523
transition 405 1 315 0 0.09523809523809523
transition 405 1 273 0 0.09523809523809523
transition 405 1 500 0 0.09523809523809523
transition 406 1 316 0 0.08695652173913043
transition 406 1 274 0 0.043478260869565216
transition 406 1 266 0 0.08695652173913043
transition 406 1 261 0 0.08695652173913043
transition 406 1 258 0 0.08695652173913043
transition 406 1 257 0 0.08695652173913043
transition 406 1 256 0 0.08695652173913043
transition 406 1 255 0 0.08695652173913043
transition 406 1 254 0 0.08695652173913043
transition 406 1 253 0 0.08695652173913043
transition 406 1 252 0 0.08695652173913043
transition 406 1 251 0 0.08695652173913043
transition 407 1 500 0 0.09090909090909091
transition 408 1 317 0 0.09090909090909091
transition 408 1 500 0 0.09090909090909091
transition 409 1 318 0 0.09090909090909091
transition 409 1 275 0 0.045454545454545456
transition 409 1 500 0 0.09090909090909091
transition 410 1 319 0 0.09090909090909091
transition 410 1 276 0 0.045454545454545456
transition 410 1 267 0 0.09090909090909091
transition 410 1 500 0 0.09090909090909091
transition 411 1 320 0 0.09090909090909091
transition 411 1 277 0 0.045454545454545456
transition 411 1 268 0 0.09090909090909091
transition 411 1 262 0 0.09090909090909091
transition 411 1 500 0 0.09090909090909091
transition 412 1 321 0 0.09090909090909091
transition 412 1 278 0 0.045454545454545456
transition 412 1 269 0 0.09090909090909091
transition 412 1 263 0 0.09090909090909091
transition 412 1 259 0 0.09090909090909091
transition 412 1 500 0 0.09090909090909091
transition 413 1 322 0 0.09090909090909091
transition 413 1 279 0 0.045454545454545456
transition 413 1 270 0 0.09090909090909091
transition 413 1 264 0 0.09090909090909091
transition 413 1 260 0 0.045454545454545456
transition 413 1 259 0 0.09090909090909091
transition 413 1 500 0 0.09090909090909091
transition 414 1 500 0 0.09523809523809523
transition 415 1 323 0 0.09090909090909091
transition 415 1 280 0 0.045454545454545456
transition 415 1 271 0 0.09090909090909091
transition 415 1 265 0 0.045454545454545456
transition 415 1 264 0 0.09090909090909091
transition 415 1 263 0 0.09090909090909091
transition 415 1 262 0 0.09090909090909091
transition 415 1 500 0 0.09090909090909091
transition 416 1 500 0 0.09523809523809523
transition 417 1 324 0 0.09523809523809523
transition 417 1 500 0 0.09523809523809523
transition 418 1 325 0 0.09523809523809523
transition 418 1 281 0 0.047619047619047616
transition 418 1 500 0 0.09523809523809523
transition 419 1 326 0 0.09090909090909091
transition 419 1 282 0 0.045454545454545456
transition 419 1 272 0 0.045454545454545456
transition 419 1 271 0 0.09090909090909091
transition 419 1 270 0 0.09090909090909091
transition 419 1 269 0 0.09090909090909091
transition 419 1 268 0 0.09090909090909091
transition 419 1 267 0 0.09090909090909091
transition 419 1 500 0 0.09090909090909091
transition 420 1 500 0 0.09523809523809523
transition 421 1 327 0 0.09523809523809523
transition 421 1 500 0 0.09523809523809523
transition 422 1 328 0 0.09523809523809523
transition 422 1 283 0 0.047619047619047616
transition 422 1 500 0 0.09523809523809523
transition 423 1 329 0 0.09523809523809523
transition 423 1 284 0 0.047619047619047616
transition 423 1 273 0 0.047619047619047616
transition 423 1 500 0 0.09523809523809523
transition 424 1 330 0 0.09523809523809523
transition 424 1 285 0 0.047619047619047616
transition 424 1 273 0 0.09523809523809523
transition 424 1 500 0 0.09523809523809523
transition 425 1 331 0 0.09090909090909091
transition 425 1 282 0 0.09090909090909091
transition 425 1 280 0 0.09090909090909091
transition 425 1 279 0 0.09090909090909091
transition 425 1 278 0 0.09090909090909091
transition 425 1 277 0 0.09090909090909091
transition 425 1 276 0 0.09090909090909091
transition 425 1 275 0 0.09090909090909091
transition 425 1 500 0 0.09090909090909091
transition 426 1 500 0 0.09523809523809523
transition 427 1 332 0 0.09523809523809523
transition 427 1 500 0 0.09523809523809523
transition 428 1 333 0 0.09523809523809523
transition 428 1 500 0 0.09523809523809523
transition 429 1 334 0 0.09523809523809523
transition 429 1 283 0 0.09523809523809523
transition 429 1 500 0 0.09523809523809523
transition 430 1 335 0 0.09523809523809523
transition 430 1 284 0 0.09523809523809523
transition 430 1 281 0 0.047619047619047616
transition 430 1 500 0 0.09523809523809523
transition 431 1 336 0 0.09523809523809523
transition 431 1 285 0 0.047619047619047616
transition 431 1 284 0 0.09523809523809523
transition 431 1 283 0 0.09523809523809523
transition 431 1 500 0 0.09523809523809523
transition 432 1 500 0 0.1
transition 433 1 337 0 0.1
transition 433 1 500 0 0.1
transition 434 1 338 0 0.043478260869565216
transition 434 1 316 0 0.08695652173913043
transition 434 1 305 0 0.08695652173913043
transition 434 1 299 0 0.08695652173913043
transition 434 1 295 0 0.08695652173913043
transition 434 1 293 0 0.08695652173913043
transition 434 1 292 0 0.08695652173913043
transition 434 1 291 0 0.08695652173913043
transition 434 1 290 0 0.08695652173913043
transition 434 1 289 0 0.08695652173913043
transition 434 1 288 0 0.08695652173913043
transition 434 1 287 0 0.08695652173913043
transition 435 1 500 0 0.045454545454545456
transition 436 1 339 0 0.045454545454545456
transition 436 1 500 0 0.09090909090909091
transition 437 1 340 0 0.045454545454545456
transition 437 1 317 0 0.09090909090909091
transition 437 1 500 0 0.09090909090909091
transition 438 1 341 0 0.045454545454545456
transition 438 1 318 0 0.09090909090909091
transition 438 1 306 0 0.09090909090909091
transition 438 1 500 0 0.09090909090909091
transition 439 1 342 0 0.045454545454545456
transition 439 1 319 0 0.09090909090909091
transition 439 1 307 0 0.09090909090909091
transition 439 1 300 0 0.09090909090909091
transition 439 1 500 0 0.09090909090909091
transition 440 1 343 0 0.045454545454545456
transition 440 1 320 0 0.09090909090909091
transition 440 1 308 0 0.09090909090909091
transition 440 1 301 0 0.09090909090909091
transition 440 1 296 0 0.09090909090909091
transition 440 1 500 0 0.09090909090909091
transition 441 1 344 0 0.045454545454545456
transition 441 1 321 0 0.09090909090909091
transition 441 1 309 0 0.09090909090909091
transition 441 1 302 0 0.09090909090909091
transition 441 1 297 0 0.09090909090909091
transition 441 1 294 0 0.045454545454545456
transition 441 1 500 0 0.09090909090909091
transition 442 1 345 0 0.045454545454545456
transition 442 1 322 0 0.09090909090909091
transition 442 1 310 0 0.09090909090909091
transition 442 1 303 0 0.09090909090909091
transition 442 1 298 0 0.045454545454545456
transition 442 1 297 0 0.09090909090909091
transition 442 1 296 0 0.09090909090909091
transition 442 1 500 0 0.09090909090909091
transition 443 1 500 0 0.09523809523809523
transition 444 1 346 0 0.047619047619047616
transition 444 1 500 0 0.09523809523809523
transition 445 1 347 0 0.045454545454545456
transition 445 1 323 0 0.09090909090909091
transition 445 1 311 0 0.09090909090909091
transition 445 1 304 0 0.045454545454545456
transition 445 1 303 0 0.09090909090909091
transition 445 1 302 0 0.09090909090909091
transition 445 1 301 0 0.09090909090909091
transition 445 1 300 0 0.09090909090909091
transition 445 1 500 0 0.09090909090909091
transition 446 1 500 0 0.09523809523809523
transition 447 1 348 0 0.047619047619047616
transition 447 1 500 0 0.09523809523809523
transition 448 1 349 0 0.047619047619047616
transition 448 1 324 0 0.09523809523809523
transition 448 1 500 0 0.09523809523809523
transition 449 1 350 0 0.047619047619047616
transition 449 1 325 0 0.09523809523809523
transition 449 1 312 0 0.09523809523809523
transition 449 1 500 0 0.09523809523809523
transition 450 1 351 0 0.045454545454545456
transition 450 1 326 0 0.09090909090909091
transition 450 1 313 0 0.045454545454545456
transition 450 1 311 0 0.09090909090909091
transition 450 1 310 0 0.09090909090909091
transition 450 1 309 0 0.09090909090909091
transition 450 1 308 0 0.09090909090909091
transition 450 1 307 0 0.09090909090909091
transition 450 1 306 0 0.09090909090909091
transition 450 1 500 0 0.09090909090909091
transition 451 1 500 0 0.09523809523809523
transition 452 1 352 0 0.047619047619047616
transition 452 1 500 0 0.09523809523809523
transition 453 1 353 0 0.047619047619047616
transition 453 1 327 0 0.09523809523809523
transition 453 1 500 0 0.09523809523809523
transition 454 1 354 0 0.047619047619047616
transition 454 1 328 0 0.09523809523809523
transition 454 1 314 0 0.047619047619047616
transition 454 1 500 0 0.09523809523809523
transition 455 1 355 0 0.047619047619047616
transition 455 1 329 0 0.09523809523809523
transition 455 1 315 0 0.047619047619047616
transition 455 1 312 0 0.047619047619047616
transition 455 1 500 0 0.09523809523809523
transition 456 1 356 0 0.047619047619047616
transition 456 1 330 0 0.09523809523809523
transition 456 1 315 0 0.09523809523809523
transition 456 1 314 0 0.09523809523809523
transition 456 1 500 0 0.09523809523809523
transition 457 1 500 0 0.1
transition 458 1 357 0 0.045454545454545456
transition 458 1 331 0 0.045454545454545456
transition 458 1 326 0 0.09090909090909091
transition 458 1 323 0 0.09090909090909091
transition 458 1 322 0 0.09090909090909091
transition 458 1 321 0 0.09090909090909091
transition 458 1 320 0 0.09090909090909091
transition 458 1 319 0 0.09090909090909091
transition 458 1 318 0 0.09090909090909091
transition 458 1 317 0 0.09090909090909091
transition 458 1 500 0 0.09090909090909091
transition 459 1 500 0 0.09523809523809523
transition 460 1 358 0 0.047619047619047616
transition 460 1 500 0 0.09523809523809523
transition 461 1 359 0 0.047619047619047616
transition 461 1 332 0 0.047619047619047616
transition 461 1 500 0 0.09523809523809523
transition 462 1 360 0 0.047619047619047616
transition 462 1 333 0 0.047619047619047616
transition 462 1 327 0 0.09523809523809523
transition 462 1 500 0 0.09523809523809523
transition 463 1 361 0 0.047619047619047616
transition 463 1 334 0 0.047619047619047616
transition 463 1 328 0 0.09523809523809523
transition 463 1 324 0 0.09523809523809523
transition 463 1 500 0 0.09523809523809523
transition 464 1 362 0 0.047619047619047616
transition 464 1 335 0 0.047619047619047616
transition 464 1 329 0 0.09523809523809523
transition 464 1 325 0 0.047619047619047616
transition 464 1 324 0 0.09523809523809523
transition 464 1 500 0 0.09523809523809523
transition 465 1 500 0 0.1
transition 466 1 363 0 0.047619047619047616
transition 466 1 336 0 0.047619047619047616
transition 466 1 330 0 0.047619047619047616
transition 466 1 329 0 0.09523809523809523
transition 466 1 328 0 0.09523809523809523
transition 466 1 327 0 0.09523809523809523
transition 466 1 500 0 0.09523809523809523
transition 467 1 500 0 0.1
transition 468 1 364 0 0.05
transition 468 1 500 0 0.1
transition 469 1 365 0 0.05
transition 469 1 337 0 0.05
transition 469 1 500 0 0.1
transition 470 1 366 0 0.047619047619047616
transition 470 1 336 0 0.09523809523809523
transition 470 1 335 0 0.09523809523809523
transition 470 1 334 0 0.09523809523809523
transition 470 1 333 0 0.09523809523809523
transition 470 1 332 0 0.09523809523809523
transition 470 1 500 0 0.09523809523809523
transition 471 1 500 0 0.1
transition 472 1 367 0 0.05
transition 472 1 500 0 0.1
transition 473 1 368 0 0.05
transition 473 1 500 0 0.1
transition 474 1 369 0 0.05
transition 474 1 337 0 0.05
transition 474 1 500 0 0.1
transition 475 1 357 0 0.09090909090909091
transition 475 1 351 0 0.09090909090909091
transition 475 1 347 0 0.09090909090909091
transition 475 1 345 0 0.09090909090909091
transition 475 1 344 0 0.09090909090909091
transition 475 1 343 0 0.09090909090909091
transition 475 1 342 0 0.09090909090909091
transition 475 1 341 0 0.09090909090909091
transition 475 1 340 0 0.09090909090909091
transition 475 1 339 0 0.09090909090909091
transition 475 1 500 0 0.09090909090909091
transition 476 1 500 0 0.09523809523809523
transition 477 1 500 0 0.09523809523809523
transition 478 1 358 0 0.09523809523809523
transition 478 1 500 0 0.09523809523809523
transition 479 1 359 0 0.09523809523809523
transition 479 1 352 0 0.09523809523809523
transition 479 1 500 0 0.09523809523809523
transition 480 1 360 0 0.09523809523809523
transition 480 1 353 0 0.09523809523809523
transition 480 1 348 0 0.09523809523809523
transition 480 1 500 0 0.09523809523809523
transition 481 1 361 0 0.09523809523809523
transition 481 1 354 0 0.09523809523809523
transition 481 1 349 0 0.09523809523809523
transition 481 1 346 0 0.047619047619047616
transition 481 1 500 0 0.09523809523809523
transition 482 1 362 0 0.09523809523809523
transition 482 1 355 0 0.09523809523809523
transition 482 1 350 0 0.047619047619047616
transition 482 1 349 0 0.09523809523809523
transition 482 1 348 0 0.09523809523809523
transition 482 1 500 0 0.09523809523809523
transition 483 1 500 0 0.1
transition 484 1 500 0 0.1
transition 485 1 363 0 0.09523809523809523
transition 485 1 356 0 0.047619047619047616
transition 485 1 355 0 0.09523809523809523
transition 485 1 354 0 0.09523809523809523
transition 485 1 353 0 0.09523809523809523
transition 485 1 352 0 0.09523809523809523
transition 485 1 500 0 0.09523809523809523
transition 486 1 500 0 0.1
transition 487 1 500 0 0.1
transition 488 1 364 0 0.1
transition 488 1 500 0 0.1
transition 489 1 365 0 0.1
transition 489 1 500 0 0.1
transition 490 1 366 0 0.047619047619047616
transition 490 1 363 0 0.09523809523809523
transition 490 1 362 0 0.09523809523809523
transition 490 1 361 0 0.09523809523809523
transition 490 1 360 0 0.09523809523809523
transition 490 1 359 0 0.09523809523809523
transition 490 1 358 0 0.09523809523809523
transition 490 1 500 0 0.09523809523809523
transition 491 1 500 0 0.1
transition 492 1 500 0 0.1
transition 493 1 367 0 0.05
transition 493 1 500 0 0.1
transition 494 1 368 0 0.05
transition 494 1 364 0 0.1
transition 494 1 500 0 0.1
transition 495 1 369 0 0.05
transition 495 1 365 0 0.05
transition 495 1 364 0 0.1
transition 495 1 500 0 0.1
transition 496 1 500 0 0.10526315789473684
transition 497 1 369 0 0.1
transition 497 1 368 0 0.1
transition 497 1 367 0 0.1
transition 497 1 500 0 0.1
transition 498 1 500 0 0.10526315789473684
transition 499 1 500 0 0.10526315789473684
transition 100 2 205 0 0.08
transition 100 2 100 0 0.04
transition 100 2 55 0 0.08
transition 100 2 33 0 0.08
transition 100 2 21 0 0.08
transition 100 2 14 0 0.08
transition 100 2 9 0 0.08
transition 100 2 6 0 0.08
transition 100 2 5 0 0.08
transition 100 2 4 0 0.08
transition 100 2 3 0 0.08
transition 100 2 2 0 0.08
transition 100 2 1 0 0.08
transition 101 2 206 0 0.08333333333333333
transition 101 2 101 0 0.041666666666666664
transition 101 2 56 0 0.08333333333333333
transition 101 2 34 0 0.08333333333333333
transition 101 2 500 0 0.041666666666666664
transition 102 2 207 0 0.08333333333333333
transition 102 2 102 0 0.041666666666666664
transition 102 2 57 0 0.08333333333333333
transition 102 2 35 0 0.08333333333333333
transition 102 2 22 0 0.08333333333333333
transition 102 2 500 0 0.08333333333333333
transition 103 2 208 0 0.08333333333333333
transition 103 2 103 0 0.041666666666666664
transition 103 2 58 0 0.08333333333333333
transition 103 2 36 0 0.08333333333333333
transition 103 2 23 0 0.08333333333333333
transition 103 2 15 0 0.08333333333333333
transition 103 2 500 0 0.08333333333333333
transition 104 2 209 0 0.08333333333333333
transition 104 2 104 0 0.041666666666666664
transition 104 2 59 0 0.08333333333333333
transition 104 2 37 0 0.08333333333333333
transition 104 2 24 0 0.08333333333333333
transition 104 2 16 0 0.08333333333333333
transition 104 2 10 0 0.08333333333333333
transition 104 2 500 0 0.08333333333333333
transition 105 2 210 0 0.08333333333333333
transition 105 2 105 0 0.041666666666666664
transition 105 2 60 0 0.08333333333333333
transition 105 2 38 0 0.08333333333333333
transition 105 2 25 0 0.08333333333333333
transition 105 2 17 0 0.08333333333333333
transition 105 2 11 0 0.08333333333333333
transition 105 2 7 0 0.08333333333333333
transition 105 2 500 0 0.08333333333333333
transition 106 2 211 0 0.08333333333333333
transition 106 2 106 0 0.041666666666666664
transition 106 2 61 0 0.08333333333333333
transition 106 2 39 0 0.08333333333333333
transition 106 2 26 0 0.08333333333333333
transition 106 2 18 0 0.08333333333333333
transition 106 2 12 0 0.08333333333333333
transition 106 2 8 0 0.041666666666666664
transition 106 2 7 0 0.08333333333333333
transition 106 2 500 0 0.08333333333333333
transition 107 2 213 0 0.08333333333333333
transition 107 2 107 0 0.041666666666666664
transition 107 2 62 0 0.08333333333333333
transition 107 2 40 0 0.08333333333333333
transition 107 2 27 0 0.08333333333333333
transition 107 2 19 0 0.08333333333333333
transition 107 2 13 0 0.041666666666666664
transition 107 2 12 0 0.08333333333333333
transition 107 2 11 0 0.08333333333333333
transition 107 2 10 0 0.08333333333333333
transition 107 2 500 0 0.08333333333333333
transition 108 2 215 0 0.08695652173913043
transition 108 2 108 0 0.043478260869565216
transition 108 2 500 0 0.08695652173913043
transition 109 2 216 0 0.08695652173913043
transition 109 2 109 0 0.043478260869565216
transition 109 2 63 0 0.08695652173913043
transition 109 2 500 0 0.08695652173913043
transition 110 2 217 0 0.08333333333333333
transition 110 2 110 0 0.041666666666666664
transition 110 2 64 0 0.08333333333333333
transition 110 2 41 0 0.08333333333333333
transition 110 2 28 0 0.08333333333333333
transition 110 2 20 0 0.041666666666666664
transition 110 2 19 0 0.08333333333333333
transition 110 2 18 0 0.08333333333333333
transition 110 2 17 0 0.08333333333333333
transition 110 2 16 0 0.08333333333333333
transition 110 2 15 0 0.08333333333333333
transition 110 2 500 0 0.08333333333333333
transition 111 2 219 0 0.08695652173913043
transition 111 2 111 0 0.043478260869565216
transition 111 2 500 0 0.08695652173913043
transition 112 2 220 0 0.08695652173913043
transition 112 2 112 0 0.043478260869565216
transition 112 2 65 0 0.08695652173913043
transition 112 2 500 0 0.08695652173913043
transition 113 2 221 0 0.08695652173913043
transition 113 2 113 0 0.043478260869565216
transition 113 2 66 0 0.08695652173913043
transition 113 2 42 0 0.08695652173913043
transition 113 2 500 0 0.08695652173913043
transition 114 2 222 0 0.08695652173913043
transition 114 2 114 0 0.043478260869565216
transition 114 2 67 0 0.08695652173913043
transition 114 2 43 0 0.08695652173913043
transition 114 2 29 0 0.08695652173913043
transition 114 2 500 0 0.08695652173913043
transition 115 2 223 0 0.08333333333333333
transition 115 2 115 0 0.041666666666666664
transition 115 2 68 0 0.08333333333333333
transition 115 2 44 0 0.08333333333333333
transition 115 2 30 0 0.041666666666666664
transition 115 2 28 0 0.08333333333333333
transition 115 2 27 0 0.08333333333333333
transition 115 2 26 0 0.08333333333333333
transition 115 2 25 0 0.08333333333333333
transition 115 2 24 0 0.08333333333333333
transition 115 2 23 0 0.08333333333333333
transition 115 2 22 0 0.08333333333333333
transition 115 2 500 0 0.08333333333333333
transition 116 2 225 0 0.08695652173913043
transition 116 2 116 0 0.043478260869565216
transition 116 2 500 0 0.08695652173913043
transition 117 2 226 0 0.08695652173913043
transition 117 2 117 0 0.043478260869565216
transition 117 2 69 0 0.08695652173913043
transition 117 2 500 0 0.08695652173913043
transition 118 2 227 0 0.08695652173913043
transition 118 2 118 0 0.043478260869565216
transition 118 2 70 0 0.08695652173913043
transition 118 2 45 0 0.08695652173913043
transition 118 2 500 0 0.08695652173913043
transition 119 2 228 0 0.08695652173913043
transition 119 2 119 0 0.043478260869565216
transition 119 2 71 0 0.08695652173913043
transition 119 2 46 0 0.08695652173913043
transition 119 2 31 0 0.043478260869565216
transition 119 2 500 0 0.08695652173913043
transition 120 2 229 0 0.08695652173913043
transition 120 2 120 0 0.043478260869565216
transition 120 2 72 0 0.08695652173913043
transition 120 2 47 0 0.08695652173913043
transition 120 2 32 0 0.043478260869565216
transition 120 2 29 0 0.043478260869565216
transition 120 2 500 0 0.08695652173913043
transition 121 2 230 0 0.08695652173913043
transition 121 2 121 0 0.043478260869565216
transition 121 2 73 0 0.08695652173913043
transition 121 2 48 0 0.08695652173913043
transition 121 2 32 0 0.08695652173913043
transition 121 2 31 0 0.08695652173913043
transition 121 2 500 0 0.08695652173913043
transition 122 2 232 0 0.08333333333333333
transition 122 2 122 0 0.041666666666666664
transition 122 2 74 0 0.08333333333333333
transition 122 2 49 0 0.041666666666666664
transition 122 2 44 0 0.08333333333333333
transition 122 2 41 0 0.08333333333333333
transition 122 2 40 0 0.08333333333333333
transition 122 2 39 0 0.08333333333333333
transition 122 2 38 0 0.08333333333333333
transition 122 2 37 0 0.08333333333333333
transition 122 2 36 0 0.08333333333333333
transition 122 2 35 0 0.08333333333333333
transition 122 2 34 0 0.08333333333333333
transition 123 2 234 0 0.08695652173913043
transition 123 2 123 0 0.043478260869565216
transition 123 2 500 0 0.08695652173913043
transition 124 2 235 0 0.08695652173913043
transition 124 2 124 0 0.043478260869565216
transition 124 2 75 0 0.08695652173913043
transition 124 2 500 0 0.08695652173913043
transition 125 2 236 0 0.08695652173913043
transition 125 2 125 0 0.043478260869565216
transition 125 2 76 0 0.08695652173913043
transition 125 2 50 0 0.043478260869565216
transition 125 2 500 0 0.08695652173913043
transition 126 2 237 0 0.08695652173913043
transition 126 2 126 0 0.043478260869565216
transition 126 2 77 0 0.08695652173913043
transition 126 2 51 0 0.043478260869565216
transition 126 2 45 0 0.08695652173913043
transition 126 2 500 0 0.08695652173913043
transition 127 2 238 0 0.08695652173913043
transition 127 2 127 0 0.043478260869565216
transition 127 2 78 0 0.08695652173913043
transition 127 2 52 0 0.043478260869565216
transition 127 2 46 0 0.08695652173913043
transition 127 2 42 0 0.08695652173913043
transition 127 2 500 0 0.08695652173913043
transition 128 2 239 0 0.08695652173913043
transition 128 2 128 0 0.043478260869565216
transition 128 2 79 0 0.08695652173913043
transition 128 2 53 0 0.043478260869565216
transition 128 2 47 0 0.08695652173913043
transition 128 2 43 0 0.043478260869565216
transition 128 2 42 0 0.08695652173913043
transition 128 2 500 0 0.08695652173913043
transition 129 2 241 0 0.08695652173913043
transition 129 2 129 0 0.043478260869565216
transition 129 2 80 0 0.08695652173913043
transition 129 2 54 0 0.043478260869565216
transition 129 2 48 0 0.043478260869565216
transition 129 2 47 0 0.08695652173913043
transition 129 2 46 0 0.08695652173913043
transition 129 2 45 0 0.08695652173913043
transition 129 2 500 0 0.08695652173913043
transition 130 2 243 0 0.09090909090909091
transition 130 2 130 0 0.045454545454545456
transition 130 2 500 0 0.09090909090909091
transition 131 2 244 0 0.09090909090909091
transition 131 2 131 0 0.045454545454545456
transition 131 2 81 0 0.09090909090909091
transition 131 2 500 0 0.09090909090909091
transition 132 2 245 0 0.08695652173913043
transition 132 2 132 0 0.043478260869565216
transition 132 2 82 0 0.08695652173913043
transition 132 2 54 0 0.08695652173913043
transition 132 2 53 0 0.08695652173913043
transition 132 2 52 0 0.08695652173913043
transition 132 2 51 0 0.08695652173913043
transition 132 2 50 0 0.08695652173913043
transition 132 2 500 0 0.08695652173913043
transition 133 2 247 0 0.09090909090909091
transition 133 2 133 0 0.045454545454545456
transition 133 2 500 0 0.09090909090909091
transition 134 2 248 0 0.09090909090909091
transition 134 2 134 0 0.045454545454545456
transition 134 2 83 0 0.09090909090909091
transition 134 2 500 0 0.09090909090909091
transition 135 2 249 0 0.09090909090909091
transition 135 2 135 0 0.045454545454545456
transition 135 2 84 0 0.09090909090909091
transition 135 2 500 0 0.09090909090909091
transition 136 2 250 0 0.08333333333333333
transition 136 2 136 0 0.041666666666666664
transition 136 2 85 0 0.041666666666666664
transition 136 2 74 0 0.08333333333333333
transition 136 2 68 0 0.08333333333333333
transition 136 2 64 0 0.08333333333333333
transition 136 2 62 0 0.08333333333333333
transition 136 2 61 0 0.08333333333333333
transition 136 2 60 0 0.08333333333333333
transition 136 2 59 0 0.08333333333333333
transition 136 2 58 0 0.08333333333333333
transition 136 2 57 0 0.08333333333333333
transition 136 2 56 0 0.08333333333333333
transition 137 2 252 0 0.08695652173913043
transition 137 2 137 0 0.043478260869565216
transition 137 2 500 0 0.08695652173913043
transition 138 2 253 0 0.08695652173913043
transition 138 2 138 0 0.043478260869565216
transition 138 2 86 0 0.043478260869565216
transition 138 2 500 0 0.08695652173913043
transition 139 2 254 0 0.08695652173913043
transition 139 2 139 0 0.043478260869565216
transition 139 2 87 0 0.043478260869565216
transition 139 2 75 0 0.08695652173913043
transition 139 2 500 0 0.08695652173913043
transition 140 2 255 0 0.08695652173913043
transition 140 2 140 0 0.043478260869565216
transition 140 2 88 0 0.043478260869565216
transition 140 2 76 0 0.08695652173913043
transition 140 2 69 0 0.08695652173913043
transition 140 2 500 0 0.08695652173913043
transition 141 2 256 0 0.08695652173913043
transition 141 2 141 0 0.043478260869565216
transition 141 2 89 0 0.043478260869565216
transition 141 2 77 0 0.08695652173913043
transition 141 2 70 0 0.08695652173913043
transition 141 2 65 0 0.08695652173913043
transition 141 2 500 0 0.08695652173913043
transition 142 2 257 0 0.08695652173913043
transition 142 2 142 0 0.043478260869565216
transition 142 2 90 0 0.043478260869565216
transition 142 2 78 0 0.08695652173913043
transition 142 2 71 0 0.08695652173913043
transition 142 2 66 0 0.08695652173913043
transition 142 2 63 0 0.043478260869565216
transition 142 2 500 0 0.08695652173913043
transition 143 2 258 0 0.08695652173913043
transition 143 2 143 0 0.043478260869565216
transition 143 2 91 0 0.043478260869565216
transition 143 2 79 0 0.08695652173913043
transition 143 2 72 0 0.08695652173913043
transition 143 2 67 0 0.043478260869565216
transition 143 2 66 0 0.08695652173913043
transition 143 2 65 0 0.08695652173913043
transition 143 2 500 0 0.08695652173913043
transition 144 2 260 0 0.09090909090909091
transition 144 2 144 0 0.045454545454545456
transition 144 2 500 0 0.09090909090909091
transition 145 2 261 0 0.08695652173913043
transition 145 2 145 0 0.043478260869565216
transition 145 2 92 0 0.043478260869565216
transition 145 2 80 0 0.08695652173913043
transition 145 2 73 0 0.043478260869565216
transition 145 2 72 0 0.08695652173913043
transition 145 2 71 0 0.08695652173913043
transition 145 2 70 0 0.08695652173913043
transition 145 2 69 0 0.08695652173913043
transition 145 2 500 0 0.08695652173913043
transition 146 2 263 0 0.09090909090909091
transition 146 2 146 0 0.045454545454545456
transition 146 2 500 0 0.09090909090909091
transition 147 2 264 0 0.09090909090909091
transition 147 2 147 0 0.045454545454545456
transition 147 2 93 0 0.045454545454545456
transition 147 2 500 0 0.09090909090909091
transition 148 2 265 0 0.09090909090909091
transition 148 2 148 0 0.045454545454545456
transition 148 2 94 0 0.045454545454545456
transition 148 2 81 0 0.09090909090909091
transition 148 2 500 0 0.09090909090909091
transition 149 2 266 0 0.08695652173913043
transition 149 2 149 0 0.043478260869565216
transition 149 2 95 0 0.043478260869565216
transition 149 2 82 0 0.043478260869565216
transition 149 2 80 0 0.08695652173913043
transition 149 2 79 0 0.08695652173913043
transition 149 2 78 0 0.08695652173913043
transition 149 2 77 0 0.08695652173913043
transition 149 2 76 0 0.08695652173913043
transition 149 2 75 0 0.08695652173913043
transition 149 2 500 0 0.08695652173913043
transition 150 2 268 0 0.09090909090909091
transition 150 2 150 0 0.045454545454545456
transition 150 2 500 0 0.09090909090909091
transition 151 2 269 0 0.09090909090909091
transition 151 2 151 0 0.045454545454545456
transition 151 2 96 0 0.045454545454545456
transition 151 2 500 0 0.09090909090909091
transition 152 2 270 0 0.09090909090909091
transition 152 2 152 0 0.045454545454545456
transition 152 2 97 0 0.045454545454545456
transition 152 2 83 0 0.045454545454545456
transition 152 2 500 0 0.09090909090909091
transition 153 2 271 0 0.09090909090909091
transition 153 2 153 0 0.045454545454545456
transition 153 2 98 0 0.045454545454545456
transition 153 2 84 0 0.045454545454545456
transition 153 2 81 0 0.045454545454545456
transition 153 2 500 0 0.09090909090909091
transition 154 2 272 0 0.09090909090909091
transition 154 2 154 0 0.045454545454545456
transition 154 2 99 0 0.045454545454545456
transition 154 2 84 0 0.09090909090909091
transition 154 2 83 0 0.09090909090909091
transition 154 2 500 0 0.09090909090909091
transition 155 2 274 0 0.08695652173913043
transition 155 2 155 0 0.043478260869565216
transition 155 2 95 0 0.08695652173913043
transition 155 2 92 0 0.08695652173913043
transition 155 2 91 0 0.08695652173913043
transition 155 2 90 0 0.08695652173913043
transition 155 2 89 0 0.08695652173913043
transition 155 2 88 0 0.08695652173913043
transition 155 2 87 0 0.08695652173913043
transition 155 2 86 0 0.08695652173913043
transition 155 2 500 0 0.08695652173913043
transition 156 2 276 0 0.09090909090909091
transition 156 2 156 0 0.045454545454545456
transition 156 2 500 0 0.09090909090909091
transition 157 2 277 0 0.09090909090909091
transition 157 2 157 0 0.045454545454545456
transition 157 2 500 0 0.09090909090909091
transition 158 2 278 0 0.09090909090909091
transition 158 2 158 0 0.045454545454545456
transition 158 2 96 0 0.09090909090909091
transition 158 2 500 0 0.09090909090909091
transition 159 2 279 0 0.09090909090909091
transition 159 2 159 0 0.045454545454545456
transition 159 2 97 0 0.09090909090909091
transition 159 2 93 0 0.09090909090909091
transition 159 2 500 0 0.09090909090909091
transition 160 2 280 0 0.09090909090909091
transition 160 2 160 0 0.045454545454545456
transition 160 2 98 0 0.09090909090909091
transition 160 2 94 0 0.045454545454545456
transition 160 2 93 0 0.09090909090909091
transition 160 2 500 0 0.09090909090909091
transition 161 2 282 0 0.09090909090909091
transition 161 2 161 0 0.045454545454545456
transition 161 2 99 0 0.045454545454545456
transition 161 2 98 0 0.09090909090909091
transition 161 2 97 0 0.09090909090909091
transition 161 2 96 0 0.09090909090909091
transition 161 2 500 0 0.09090909090909091
transition 162 2 284 0 0.09523809523809523
transition 162 2 162 0 0.047619047619047616
transition 162 2 500 0 0.09523809523809523
transition 163 2 285 0 0.09523809523809523
transition 163 2 163 0 0.047619047619047616
transition 163 2 500 0 0.09523809523809523
transition 164 2 286 0 0.08333333333333333
transition 164 2 136 0 0.08333333333333333
transition 164 2 122 0 0.08333333333333333
transition 164 2 115 0 0.08333333333333333
transition 164 2 110 0 0.08333333333333333
transition 164 2 107 0 0.08333333333333333
transition 164 2 106 0 0.08333333333333333
transition 164 2 105 0 0.08333333333333333
transition 164 2 104 0 0.08333333333333333
transition 164 2 103 0 0.08333333333333333
transition 164 2 102 0 0.08333333333333333
transition 164 2 101 0 0.08333333333333333
transition 165 2 287 0 0.08695652173913043
transition 165 2 500 0 0.043478260869565216
transition 166 2 288 0 0.08695652173913043
transition 166 2 137 0 0.08695652173913043
transition 166 2 500 0 0.08695652173913043
transition 167 2 289 0 0.08695652173913043
transition 167 2 138 0 0.08695652173913043
transition 167 2 123 0 0.08695652173913043
transition 167 2 500 0 0.08695652173913043
transition 168 2 290 0 0.08695652173913043
transition 168 2 139 0 0.08695652173913043
transition 168 2 124 0 0.08695652173913043
transition 168 2 116 0 0.08695652173913043
transition 168 2 500 0 0.08695652173913043
transition 169 2 291 0 0.08695652173913043
transition 169 2 140 0 0.08695652173913043
transition 169 2 125 0 0.08695652173913043
transition 169 2 117 0 0.08695652173913043
transition 169 2 111 0 0.08695652173913043
transition 169 2 500 0 0.08695652173913043
transition 170 2 292 0 0.08695652173913043
transition 170 2 141 0 0.08695652173913043
transition 170 2 126 0 0.08695652173913043
transition 170 2 118 0 0.08695652173913043
transition 170 2 112 0 0.08695652173913043
transition 170 2 108 0 0.08695652173913043
transition 170 2 500 0 0.08695652173913043
transition 171 2 293 0 0.08695652173913043
transition 171 2 142 0 0.08695652173913043
transition 171 2 127 0 0.08695652173913043
transition 171 2 119 0 0.08695652173913043
transition 171 2 113 0 0.08695652173913043
transition 171 2 109 0 0.043478260869565216
transition 171 2 108 0 0.08695652173913043
transition 171 2 500 0 0.08695652173913043
transition 172 2 295 0 0.08695652173913043
transition 172 2 143 0 0.08695652173913043
transition 172 2 128 0 0.08695652173913043
transition 172 2 120 0 0.08695652173913043
transition 172 2 114 0 0.043478260869565216
transition 172 2 113 0 0.08695652173913043
transition 172 2 112 0 0.08695652173913043
transition 172 2 111 0 0.08695652173913043
transition 172 2 500 0 0.08695652173913043
transition 173 2 297 0 0.09090909090909091
transition 173 2 500 0 0.09090909090909091
transition 174 2 298 0 0.09090909090909091
transition 174 2 144 0 0.09090909090909091
transition 174 2 500 0 0.09090909090909091
transition 175 2 299 0 0.08695652173913043
transition 175 2 145 0 0.08695652173913043
transition 175 2 129 0 0.08695652173913043
transition 175 2 121 0 0.043478260869565216
transition 175 2 120 0 0.08695652173913043
transition 175 2 119 0 0.08695652173913043
transition 175 2 118 0 0.08695652173913043
transition 175 2 117 0 0.08695652173913043
transition 175 2 116 0 0.08695652173913043
transition 175 2 500 0 0.08695652173913043
transition 176 2 301 0 0.09090909090909091
transition 176 2 500 0 0.09090909090909091
transition 177 2 302 0 0.09090909090909091
transition 177 2 146 0 0.09090909090909091
transition 177 2 500 0 0.09090909090909091
transition 178 2 303 0 0.09090909090909091
transition 178 2 147 0 0.09090909090909091
transition 178 2 130 0 0.09090909090909091
transition 178 2 500 0 0.09090909090909091
transition 179 2 304 0 0.09090909090909091
transition 179 2 148 0 0.09090909090909091
transition 179 2 131 0 0.09090909090909091
transition 179 2 500 0 0.09090909090909091
transition 180 2 305 0 0.08695652173913043
transition 180 2 149 0 0.08695652173913043
transition 180 2 132 0 0.043478260869565216
transition 180 2 129 0 0.08695652173913043
transition 180 2 128 0 0.08695652173913043
transition 180 2 127 0 0.08695652173913043
transition 180 2 126 0 0.08695652173913043
transition 180 2 125 0 0.08695652173913043
transition 180 2 124 0 0.08695652173913043
transition 180 2 123 0 0.08695652173913043
transition 180 2 500 0 0.08695652173913043
transition 181 2 307 0 0.09090909090909091
transition 181 2 500 0 0.09090909090909091
transition 182 2 308 0 0.09090909090909091
transition 182 2 150 0 0.09090909090909091
transition 182 2 500 0 0.09090909090909091
transition 183 2 309 0 0.09090909090909091
transition 183 2 151 0 0.09090909090909091
transition 183 2 133 0 0.045454545454545456
transition 183 2 500 0 0.09090909090909091
transition 184 2 310 0 0.09090909090909091
transition 184 2 152 0 0.09090909090909091
transition 184 2 134 0 0.045454545454545456
transition 184 2 130 0 0.09090909090909091
transition 184 2 500 0 0.09090909090909091
transition 185 2 311 0 0.09090909090909091
transition 185 2 153 0 0.09090909090909091
transition 185 2 135 0 0.045454545454545456
transition 185 2 131 0 0.045454545454545456
transition 185 2 130 0 0.09090909090909091
transition 185 2 500 0 0.09090909090909091
transition 186 2 313 0 0.09090909090909091
transition 186 2 154 0 0.09090909090909091
transition 186 2 135 0 0.09090909090909091
transition 186 2 134 0 0.09090909090909091
transition 186 2 133 0 0.09090909090909091
transition 186 2 500 0 0.09090909090909091
transition 187 2 315 0 0.09523809523809523
transition 187 2 500 0 0.09523809523809523
transition 188 2 316 0 0.08695652173913043
transition 188 2 155 0 0.043478260869565216
transition 188 2 149 0 0.08695652173913043
transition 188 2 145 0 0.08695652173913043
transition 188 2 143 0 0.08695652173913043
transition 188 2 142 0 0.08695652173913043
transition 188 2 141 0 0.08695652173913043
transition 188 2 140 0 0.08695652173913043
transition 188 2 139 0 0.08695652173913043
transition 188 2 138 0 0.08695652173913043
transition 188 2 137 0 0.08695652173913043
transition 188 2 500 0 0.08695652173913043
transition 189 2 318 0 0.09090909090909091
transition 189 2 500 0 0.09090909090909091
transition 190 2 319 0 0.09090909090909091
transition 190 2 156 0 0.045454545454545456
transition 190 2 500 0 0.09090909090909091
transition 191 2 320 0 0.09090909090909091
transition 191 2 157 0 0.045454545454545456
transition 191 2 150 0 0.09090909090909091
transition 191 2 500 0 0.09090909090909091
transition 192 2 321 0 0.09090909090909091
transition 192 2 158 0 0.045454545454545456
transition 192 2 151 0 0.09090909090909091
transition 192 2 146 0 0.09090909090909091
transition 192 2 500 0 0.09090909090909091
transition 193 2 322 0 0.09090909090909091
transition 193 2 159 0 0.045454545454545456
transition 193 2 152 0 0.09090909090909091
transition 193 2 147 0 0.09090909090909091
transition 193 2 144 0 0.045454545454545456
transition 193 2 500 0 0.09090909090909091
transition 194 2 323 0 0.09090909090909091
transition 194 2 160 0 0.045454545454545456
transition 194 2 153 0 0.09090909090909091
transition 194 2 148 0 0.045454545454545456
transition 194 2 147 0 0.09090909090909091
transition 194 2 146 0 0.09090909090909091
transition 194 2 500 0 0.09090909090909091
transition 195 2 325 0 0.09523809523809523
transition 195 2 500 0 0.09523809523809523
transition 196 2 326 0 0.09090909090909091
transition 196 2 161 0 0.045454545454545456
transition 196 2 154 0 0.045454545454545456
transition 196 2 153 0 0.09090909090909091
transition 196 2 152 0 0.09090909090909091
transition 196 2 151 0 0.09090909090909091
transition 196 2 150 0 0.09090909090909091
transition 196 2 500 0 0.09090909090909091
transition 197 2 328 0 0.09523809523809523
transition 197 2 500 0 0.09523809523809523
transition 198 2 329 0 0.09523809523809523
transition 198 2 162 0 0.047619047619047616
transition 198 2 500 0 0.09523809523809523
transition 199 2 330 0 0.09523809523809523
transition 199 2 163 0 0.047619047619047616
transition 199 2 500 0 0.09523809523809523
transition 200 2 331 0 0.09090909090909091
transition 200 2 161 0 0.09090909090909091
transition 200 2 160 0 0.09090909090909091
transition 200 2 159 0 0.09090909090909091
transition 200 2 158 0 0.09090909090909091
transition 200 2 157 0 0.09090909090909091
transition 200 2 156 0 0.09090909090909091
transition 200 2 500 0 0.09090909090909091
transition 201 2 333 0 0.09523809523809523
transition 201 2 500 0 0.09523809523809523
transition 202 2 334 0 0.09523809523809523
transition 202 2 500 0 0.09523809523809523
transition 203 2 335 0 0.09523809523809523
transition 203 2 162 0 0.09523809523809523
transition 203 2 500 0 0.09523809523809523
transition 204 2 336 0 0.09523809523809523
transition 204 2 163 0 0.047619047619047616
transition 204 2 162 0 0.09523809523809523
transition 204 2 500 0 0.09523809523809523
transition 286 2 370 0 0.041666666666666664
transition 286 2 286 0 0.041666666666666664
transition 286 2 250 0 0.08333333333333333
transition 286 2 232 0 0.08333333333333333
transition 286 2 223 0 0.08333333333333333
transition 286 2 217 0 0.08333333333333333
transition 286 2 213 0 0.08333333333333333
transition 286 2 211 0 0.08333333333333333
transition 286 2 210 0 0.08333333333333333
transition 286 2 209 0 0.08333333333333333
transition 286 2 208 0 0.08333333333333333
transition 286 2 207 0 0.08333333333333333
transition 286 2 206 0 0.08333333333333333
transition 287 2 371 0 0.043478260869565216
transition 287 2 287 0 0.043478260869565216
transition 287 2 251 0 0.08695652173913043
transition 287 2 500 0 0.043478260869565216
transition 288 2 372 0 0.043478260869565216
transition 288 2 288 0 0.043478260869565216
transition 288 2 252 0 0.08695652173913043
transition 288 2 233 0 0.08695652173913043
transition 288 2 500 0 0.08695652173913043
transition 289 2 373 0 0.043478260869565216
transition 289 2 289 0 0.043478260869565216
transition 289 2 253 0 0.08695652173913043
transition 289 2 234 0 0.08695652173913043
transition 289 2 224 0 0.08695652173913043
transition 289 2 500 0 0.08695652173913043
transition 290 2 374 0 0.043478260869565216
transition 290 2 290 0 0.043478260869565216
transition 290 2 254 0 0.08695652173913043
transition 290 2 235 0 0.08695652173913043
transition 290 2 225 0 0.08695652173913043
transition 290 2 218 0 0.08695652173913043
transition 290 2 500 0 0.08695652173913043
transition 291 2 375 0 0.043478260869565216
transition 291 2 291 0 0.043478260869565216
transition 291 2 255 0 0.08695652173913043
transition 291 2 236 0 0.08695652173913043
transition 291 2 226 0 0.08695652173913043
transition 291 2 219 0 0.08695652173913043
transition 291 2 214 0 0.08695652173913043
transition 291 2 500 0 0.08695652173913043
transition 292 2 376 0 0.043478260869565216
transition 292 2 292 0 0.043478260869565216
transition 292 2 256 0 0.08695652173913043
transition 292 2 237 0 0.08695652173913043
transition 292 2 227 0 0.08695652173913043
transition 292 2 220 0 0.08695652173913043
transition 292 2 215 0 0.08695652173913043
transition 292 2 212 0 0.043478260869565216
transition 292 2 500 0 0.08695652173913043
transition 293 2 377 0 0.043478260869565216
transition 293 2 293 0 0.043478260869565216
transition 293 2 257 0 0.08695652173913043
transition 293 2 238 0 0.08695652173913043
transition 293 2 228 0 0.08695652173913043
transition 293 2 221 0 0.08695652173913043
transition 293 2 216 0 0.043478260869565216
transition 293 2 215 0 0.08695652173913043
transition 293 2 214 0 0.08695652173913043
transition 293 2 500 0 0.08695652173913043
transition 294 2 379 0 0.045454545454545456
transition 294 2 294 0 0.045454545454545456
transition 294 2 500 0 0.09090909090909091
transition 295 2 380 0 0.043478260869565216
transition 295 2 295 0 0.043478260869565216
transition 295 2 258 0 0.08695652173913043
transition 295 2 239 0 0.08695652173913043
transition 295 2 229 0 0.08695652173913043
transition 295 2 222 0 0.043478260869565216
transition 295 2 221 0 0.08695652173913043
transition 295 2 220 0 0.08695652173913043
transition 295 2 219 0 0.08695652173913043
transition 295 2 218 0 0.08695652173913043
transition 295 2 500 0 0.08695652173913043
transition 296 2 382 0 0.045454545454545456
transition 296 2 296 0 0.045454545454545456
transition 296 2 500 0 0.09090909090909091
transition 297 2 383 0 0.045454545454545456
transition 297 2 297 0 0.045454545454545456
transition 297 2 259 0 0.09090909090909091
transition 297 2 500 0 0.09090909090909091
transition 298 2 384 0 0.045454545454545456
transition 298 2 298 0 0.045454545454545456
transition 298 2 260 0 0.09090909090909091
transition 298 2 240 0 0.09090909090909091
transition 298 2 500 0 0.09090909090909091
transition 299 2 385 0 0.043478260869565216
transition 299 2 299 0 0.043478260869565216
transition 299 2 261 0 0.08695652173913043
transition 299 2 241 0 0.08695652173913043
transition 299 2 230 0 0.043478260869565216
transition 299 2 229 0 0.08695652173913043
transition 299 2 228 0 0.08695652173913043
transition 299 2 227 0 0.08695652173913043
transition 299 2 226 0 0.08695652173913043
transition 299 2 225 0 0.08695652173913043
transition 299 2 224 0 0.08695652173913043
transition 299 2 500 0 0.08695652173913043
transition 300 2 387 0 0.045454545454545456
transition 300 2 300 0 0.045454545454545456
transition 300 2 500 0 0.09090909090909091
transition 301 2 388 0 0.045454545454545456
transition 301 2 301 0 0.045454545454545456
transition 301 2 262 0 0.09090909090909091
transition 301 2 500 0 0.09090909090909091
transition 302 2 389 0 0.045454545454545456
transition 302 2 302 0 0.045454545454545456
transition 302 2 263 0 0.09090909090909091
transition 302 2 242 0 0.09090909090909091
transition 302 2 500 0 0.09090909090909091
transition 303 2 390 0 0.045454545454545456
transition 303 2 303 0 0.045454545454545456
transition 303 2 264 0 0.09090909090909091
transition 303 2 243 0 0.09090909090909091
transition 303 2 231 0 0.045454545454545456
transition 303 2 500 0 0.09090909090909091
transition 304 2 391 0 0.045454545454545456
transition 304 2 304 0 0.045454545454545456
transition 304 2 265 0 0.09090909090909091
transition 304 2 244 0 0.09090909090909091
transition 304 2 231 0 0.09090909090909091
transition 304 2 500 0 0.09090909090909091
transition 305 2 392 0 0.043478260869565216
transition 305 2 305 0 0.043478260869565216
transition 305 2 266 0 0.08695652173913043
transition 305 2 245 0 0.043478260869565216
transition 305 2 241 0 0.08695652173913043
transition 305 2 239 0 0.08695652173913043
transition 305 2 238 0 0.08695652173913043
transition 305 2 237 0 0.08695652173913043
transition 305 2 236 0 0.08695652173913043
transition 305 2 235 0 0.08695652173913043
transition 305 2 234 0 0.08695652173913043
transition 305 2 233 0 0.08695652173913043
transition 305 2 500 0 0.08695652173913043
transition 306 2 394 0 0.045454545454545456
transition 306 2 306 0 0.045454545454545456
transition 306 2 500 0 0.09090909090909091
transition 307 2 395 0 0.045454545454545456
transition 307 2 307 0 0.045454545454545456
transition 307 2 267 0 0.09090909090909091
transition 307 2 500 0 0.09090909090909091
transition 308 2 396 0 0.045454545454545456
transition 308 2 308 0 0.045454545454545456
transition 308 2 268 0 0.09090909090909091
transition 308 2 246 0 0.045454545454545456
transition 308 2 500 0 0.09090909090909091
transition 309 2 397 0 0.045454545454545456
transition 309 2 309 0 0.045454545454545456
transition 309 2 269 0 0.09090909090909091
transition 309 2 247 0 0.045454545454545456
transition 309 2 242 0 0.09090909090909091
transition 309 2 500 0 0.09090909090909091
transition 310 2 398 0 0.045454545454545456
transition 310 2 310 0 0.045454545454545456
transition 310 2 270 0 0.09090909090909091
transition 310 2 248 0 0.045454545454545456
transition 310 2 243 0 0.09090909090909091
transition 310 2 240 0 0.045454545454545456
transition 310 2 500 0 0.09090909090909091
transition 311 2 399 0 0.045454545454545456
transition 311 2 311 0 0.045454545454545456
transition 311 2 271 0 0.09090909090909091
transition 311 2 249 0 0.045454545454545456
transition 311 2 244 0 0.045454545454545456
transition 311 2 243 0 0.09090909090909091
transition 311 2 242 0 0.09090909090909091
transition 311 2 500 0 0.09090909090909091
transition 312 2 401 0 0.047619047619047616
transition 312 2 312 0 0.047619047619047616
transition 312 2 500 0 0.09523809523809523
transition 313 2 402 0 0.045454545454545456
transition 313 2 313 0 0.045454545454545456
transition 313 2 272 0 0.09090909090909091
transition 313 2 249 0 0.09090909090909091
transition 313 2 248 0 0.09090909090909091
transition 313 2 247 0 0.09090909090909091
transition 313 2 246 0 0.09090909090909091
transition 313 2 500 0 0.09090909090909091
transition 314 2 404 0 0.047619047619047616
transition 314 2 314 0 0.047619047619047616
transition 314 2 500 0 0.09523809523809523
transition 315 2 405 0 0.047619047619047616
transition 315 2 315 0 0.047619047619047616
transition 315 2 273 0 0.09523809523809523
transition 315 2 500 0 0.09523809523809523
transition 316 2 406 0 0.043478260869565216
transition 316 2 316 0 0.043478260869565216
transition 316 2 274 0 0.043478260869565216
transition 316 2 266 0 0.08695652173913043
transition 316 2 261 0 0.08695652173913043
transition 316 2 258 0 0.08695652173913043
transition 316 2 257 0 0.08695652173913043
transition 316 2 256 0 0.08695652173913043
transition 316 2 255 0 0.08695652173913043
transition 316 2 254 0 0.08695652173913043
transition 316 2 253 0 0.08695652173913043
transition 316 2 252 0 0.08695652173913043
transition 316 2 251 0 0.08695652173913043
transition 317 2 408 0 0.045454545454545456
transition 317 2 317 0 0.045454545454545456
transition 317 2 500 0 0.09090909090909091
transition 318 2 409 0 0.045454545454545456
transition 318 2 318 0 0.045454545454545456
transition 318 2 275 0 0.045454545454545456
transition 318 2 500 0 0.09090909090909091
transition 319 2 410 0 0.045454545454545456
transition 319 2 319 0 0.045454545454545456
transition 319 2 276 0 0.045454545454545456
transition 319 2 267 0 0.09090909090909091
transition 319 2 500 0 0.09090909090909091
transition 320 2 411 0 0.045454545454545456
transition 320 2 320 0 0.045454545454545456
transition 320 2 277 0 0.045454545454545456
transition 320 2 268 0 0.09090909090909091
transition 320 2 262 0 0.09090909090909091
transition 320 2 500 0 0.09090909090909091
transition 321 2 412 0 0.045454545454545456
transition 321 2 321 0 0.045454545454545456
transition 321 2 278 0 0.045454545454545456
transition 321 2 269 0 0.09090909090909091
transition 321 2 263 0 0.09090909090909091
transition 321 2 259 0 0.09090909090909091
transition 321 2 500 0 0.09090909090909091
transition 322 2 413 0 0.045454545454545456
transition 322 2 322 0 0.045454545454545456
transition 322 2 279 0 0.045454545454545456
transition 322 2 270 0 0.09090909090909091
transition 322 2 264 0 0.09090909090909091
transition 322 2 260 0 0.045454545454545456
transition 322 2 259 0 0.09090909090909091
transition 322 2 500 0 0.09090909090909091
transition 323 2 415 0 0.045454545454545456
transition 323 2 323 0 0.045454545454545456
transition 323 2 280 0 0.045454545454545456
transition 323 2 271 0 0.09090909090909091
transition 323 2 265 0 0.045454545454545456
transition 323 2 264 0 0.09090909090909091
transition 323 2 263 0 0.09090909090909091
transition 323 2 262 0 0.09090909090909091
transition 323 2 500 0 0.09090909090909091
transition 324 2 417 0 0.047619047619047616
transition 324 2 324 0 0.047619047619047616
transition 324 2 500 0 0.09523809523809523
transition 325 2 418 0 0.047619047619047616
transition 325 2 325 0 0.047619047619047616
transition 325 2 281 0 0.047619047619047616
transition 325 2 500 0 0.09523809523809523
transition 326 2 419 0 0.045454545454545456
transition 326 2 326 0 0.045454545454545456
transition 326 2 282 0 0.045454545454545456
transition 326 2 272 0 0.045454545454545456
transition 326 2 271 0 0.09090909090909091
transition 326 2 270 0 0.09090909090909091
transition 326 2 269 0 0.09090909090909091
transition 326 2 268 0 0.09090909090909091
transition 326 2 267 0 0.09090909090909091
transition 326 2 500 0 0.09090909090909091
transition 327 2 421 0 0.047619047619047616
transition 327 2 327 0 0.047619047619047616
transition 327 2 500 0 0.09523809523809523
transition 328 2 422 0 0.047619047619047616
transition 328 2 328 0 0.047619047619047616
transition 328 2 283 0 0.047619047619047616
transition 328 2 500 0 0.09523809523809523
transition 329 2 423 0 0.047619047619047616
transition 329 2 329 0 0.047619047619047616
transition 329 2 284 0 0.047619047619047616
transition 329 2 273 0 0.047619047619047616
transition 329 2 500 0 0.09523809523809523
transition 330 2 424 0 0.047619047619047616
transition 330 2 330 0 0.047619047619047616
transition 330 2 285 0 0.047619047619047616
transition 330 2 273 0 0.09523809523809523
transition 330 2 500 0 0.09523809523809523
transition 331 2 425 0 0.045454545454545456
transition 331 2 331 0 0.045454545454545456
transition 331 2 282 0 0.09090909090909091
transition 331 2 280 0 0.09090909090909091
transition 331 2 279 0 0.09090909090909091
transition 331 2 278 0 0.09090909090909091
transition 331 2 277 0 0.09090909090909091
transition 331 2 276 0 0.09090909090909091
transition 331 2 275 0 0.09090909090909091
transition 331 2 500 0 0.09090909090909091
transition 332 2 427 0 0.047619047619047616
transition 332 2 332 0 0.047619047619047616
transition 332 2 500 0 0.09523809523809523
transition 333 2 428 0 0.047619047619047616
transition 333 2 333 0 0.047619047619047616
transition 333 2 500 0 0.09523809523809523
transition 334 2 429 0 0.047619047619047616
transition 334 2 334 0 0.047619047619047616
transition 334 2 283 0 0.09523809523809523
transition 334 2 500 0 0.09523809523809523
transition 335 2 430 0 0.047619047619047616
transition 335 2 335 0 0.047619047619047616
transition 335 2 284 0 0.09523809523809523
transition 335 2 281 0 0.047619047619047616
transition 335 2 500 0 0.09523809523809523
transition 336 2 431 0 0.047619047619047616
transition 336 2 336 0 0.047619047619047616
transition 336 2 285 0 0.047619047619047616
transition 336 2 284 0 0.09523809523809523
transition 336 2 283 0 0.09523809523809523
transition 336 2 500 0 0.09523809523809523
transition 337 2 433 0 0.05
transition 337 2 337 0 0.05
transition 337 2 500 0 0.1
transition 338 2 434 0 0.043478260869565216
transition 338 2 316 0 0.08695652173913043
transition 338 2 305 0 0.08695652173913043
transition 338 2 299 0 0.08695652173913043
transition 338 2 295 0 0.08695652173913043
transition 338 2 293 0 0.08695652173913043
transition 338 2 292 0 0.08695652173913043
transition 338 2 291 0 0.08695652173913043
transition 338 2 290 0 0.08695652173913043
transition 338 2 289 0 0.08695652173913043
transition 338 2 288 0 0.08695652173913043
transition 338 2 287 0 0.08695652173913043
transition 339 2 436 0 0.045454545454545456
transition 339 2 500 0 0.09090909090909091
transition 340 2 437 0 0.045454545454545456
transition 340 2 317 0 0.09090909090909091
transition 340 2 500 0 0.09090909090909091
transition 341 2 438 0 0.045454545454545456
transition 341 2 318 0 0.09090909090909091
transition 341 2 306 0 0.09090909090909091
transition 341 2 500 0 0.09090909090909091
transition 342 2 439 0 0.045454545454545456
transition 342 2 319 0 0.09090909090909091
transition 342 2 307 0 0.09090909090909091
transition 342 2 300 0 0.09090909090909091
transition 342 2 500 0 0.09090909090909091
transition 343 2 440 0 0.045454545454545456
transition 343 2 320 0 0.09090909090909091
transition 343 2 308 0 0.09090909090909091
transition 343 2 301 0 0.09090909090909091
transition 343 2 296 0 0.09090909090909091
transition 343 2 500 0 0.09090909090909091
transition 344 2 441 0 0.045454545454545456
transition 344 2 321 0 0.09090909090909091
transition 344 2 309 0 0.09090909090909091
transition 344 2 302 0 0.09090909090909091
transition 344 2 297 0 0.09090909090909091
transition 344 2 294 0 0.045454545454545456
transition 344 2 500 0 0.09090909090909091
transition 345 2 442 0 0.045454545454545456
transition 345 2 322 0 0.09090909090909091
transition 345 2 310 0 0.09090909090909091
transition 345 2 303 0 0.09090909090909091
transition 345 2 298 0 0.045454545454545456
transition 345 2 297 0 0.09090909090909091
transition 345 2 296 0 0.09090909090909091
transition 345 2 500 0 0.09090909090909091
transition 346 2 444 0 0.047619047619047616
transition 346 2 500 0 0.09523809523809523
transition 347 2 445 0 0.045454545454545456
transition 347 2 323 0 0.09090909090909091
transition 347 2 311 0 0.09090909090909091
transition 347 2 304 0 0.045454545454545456
transition 347 2 303 0 0.09090909090909091
transition 347 2 302 0 0.09090909090909091
transition 347 2 301 0 0.09090909090909091
transition 347 2 300 0 0.09090909090909091
transition 347 2 500 0 0.09090909090909091
transition 348 2 447 0 0.047619047619047616
transition 348 2 500 0 0.09523809523809523
transition 349 2 448 0 0.047619047619047616
transition 349 2 324 0 0.09523809523809523
transition 349 2 500 0 0.09523809523809523
transition 350 2 449 0 0.047619047619047616
transition 350 2 325 0 0.09523809523809523
transition 350 2 312 0 0.09523809523809523
transition 350 2 500 0 0.09523809523809523
transition 351 2 450 0 0.045454545454545456
transition 351 2 326 0 0.09090909090909091
transition 351 2 313 0 0.045454545454545456
transition 351 2 311 0 0.09090909090909091
transition 351 2 310 0 0.09090909090909091
transition 351 2 309 0 0.09090909090909091
transition 351 2 308 0 0.09090909090909091
transition 351 2 307 0 0.09090909090909091
transition 351 2 306 0 0.09090909090909091
transition 351 2 500 0 0.09090909090909091
transition 352 2 452 0 0.047619047619047616
transition 352 2 500 0 0.09523809523809523
transition 353 2 453 0 0.047619047619047616
transition 353 2 327 0 0.09523809523809523
transition 353 2 500 0 0.09523809523809523
transition 354 2 454 0 0.047619047619047616
transition 354 2 328 0 0.09523809523809523
transition 354 2 314 0 0.047619047619047616
transition 354 2 500 0 0.09523809523809523
transition 355 2 455 0 0.047619047619047616
transition 355 2 329 0 0.09523809523809523
transition 355 2 315 0 0.047619047619047616
transition 355 2 312 0 0.047619047619047616
transition 355 2 500 0 0.09523809523809523
transition 356 2 456 0 0.047619047619047616
transition 356 2 330 0 0.09523809523809523
transition 356 2 315 0 0.09523809523809523
transition 356 2 314 0 0.09523809523809523
transition 356 2 500 0 0.09523809523809523
transition 357 2 458 0 0.045454545454545456
transition 357 2 331 0 0.045454545454545456
transition 357 2 326 0 0.09090909090909091
transition 357 2 323 0 0.09090909090909091
transition 357 2 322 0 0.09090909090909091
transition 357 2 321 0 0.09090909090909091
transition 357 2 320 0 0.09090909090909091
transition 357 2 319 0 0.09090909090909091
transition 357 2 318 0 0.09090909090909091
transition 357 2 317 0 0.09090909090909091
transition 357 2 500 0 0.09090909090909091
transition 358 2 460 0 0.047619047619047616
transition 358 2 500 0 0.09523809523809523
transition 359 2 461 0 0.047619047619047616
transition 359 2 332 0 0.047619047619047616
transition 359 2 500 0 0.09523809523809523
transition 360 2 462 0 0.047619047619047616
transition 360 2 333 0 0.047619047619047616
transition 360 2 327 0 0.09523809523809523
transition 360 2 500 0 0.09523809523809523
transition 361 2 463 0 0.047619047619047616
transition 361 2 334 0 0.047619047619047616
transition 361 2 328 0 0.09523809523809523
transition 361 2 324 0 0.09523809523809523
transition 361 2 500 0 0.09523809523809523
transition 362 2 464 0 0.047619047619047616
transition 362 2 335 0 0.047619047619047616
transition 362 2 329 0 0.09523809523809523
transition 362 2 325 0 0.047619047619047616
transition 362 2 324 0 0.09523809523809523
transition 362 2 500 0 0.09523809523809523
transition 363 2 466 0 0.047619047619047616
transition 363 2 336 0 0.047619047619047616
transition 363 2 330 0 0.047619047619047616
transition 363 2 329 0 0.09523809523809523
transition 363 2 328 0 0.09523809523809523
transition 363 2 327 0 0.09523809523809523
transition 363 2 500 0 0.09523809523809523
transition 364 2 468 0 0.05
transition 364 2 500 0 0.1
transition 365 2 469 0 0.05
transition 365 2 337 0 0.05
transition 365 2 500 0 0.1
transition 366 2 470 0 0.047619047619047616
transition 366 2 336 0 0.09523809523809523
transition 366 2 335 0 0.09523809523809523
transition 366 2 334 0 0.09523809523809523
transition 366 2 333 0 0.09523809523809523
transition 366 2 332 0 0.09523809523809523
transition 366 2 500 0 0.09523809523809523
transition 367 2 472 0 0.05
transition 367 2 500 0 0.1
transition 368 2 473 0 0.05
transition 368 2 500 0 0.1
transition 369 2 474 0 0.05
transition 369 2 337 0 0.05
transition 369 2 500 0 0.1
transition 434 2 434 0 0.043478260869565216
transition 434 2 406 0 0.08695652173913043
transition 434 2 392 0 0.08695652173913043
transition 434 2 385 0 0.08695652173913043
transition 434 2 380 0 0.08695652173913043
transition 434 2 377 0 0.08695652173913043
transition 434 2 376 0 0.08695652173913043
transition 434 2 375 0 0.08695652173913043
transition 434 2 374 0 0.08695652173913043
transition 434 2 373 0 0.08695652173913043
transition 434 2 372 0 0.08695652173913043
transition 434 2 371 0 0.08695652173913043
transition 435 2 435 0 0.045454545454545456
transition 435 2 500 0 0.045454545454545456
transition 436 2 436 0 0.045454545454545456
transition 436 2 407 0 0.09090909090909091
transition 436 2 500 0 0.09090909090909091
transition 437 2 437 0 0.045454545454545456
transition 437 2 408 0 0.09090909090909091
transition 437 2 393 0 0.09090909090909091
transition 437 2 500 0 0.09090909090909091
transition 438 2 438 0 0.045454545454545456
transition 438 2 409 0 0.09090909090909091
transition 438 2 394 0 0.09090909090909091
transition 438 2 386 0 0.09090909090909091
transition 438 2 500 0 0.09090909090909091
transition 439 2 439 0 0.045454545454545456
transition 439 2 410 0 0.09090909090909091
transition 439 2 395 0 0.09090909090909091
transition 439 2 387 0 0.09090909090909091
transition 439 2 381 0 0.09090909090909091
transition 439 2 500 0 0.09090909090909091
transition 440 2 440 0 0.045454545454545456
transition 440 2 411 0 0.09090909090909091
transition 440 2 396 0 0.09090909090909091
transition 440 2 388 0 0.09090909090909091
transition 440 2 382 0 0.09090909090909091
transition 440 2 378 0 0.09090909090909091
transition 440 2 500 0 0.09090909090909091
transition 441 2 441 0 0.045454545454545456
transition 441 2 412 0 0.09090909090909091
transition 441 2 397 0 0.09090909090909091
transition 441 2 389 0 0.09090909090909091
transition 441 2 383 0 0.09090909090909091
transition 441 2 379 0 0.045454545454545456
transition 441 2 378 0 0.09090909090909091
transition 441 2 500 0 0.09090909090909091
transition 442 2 442 0 0.045454545454545456
transition 442 2 413 0 0.09090909090909091
transition 442 2 398 0 0.09090909090909091
transition 442 2 390 0 0.09090909090909091
transition 442 2 384 0 0.045454545454545456
transition 442 2 383 0 0.09090909090909091
transition 442 2 382 0 0.09090909090909091
transition 442 2 381 0 0.09090909090909091
transition 442 2 500 0 0.09090909090909091
transition 443 2 443 0 0.047619047619047616
transition 443 2 500 0 0.09523809523809523
transition 444 2 444 0 0.047619047619047616
transition 444 2 414 0 0.09523809523809523
transition 444 2 500 0 0.09523809523809523
transition 445 2 445 0 0.045454545454545456
transition 445 2 415 0 0.09090909090909091
transition 445 2 399 0 0.09090909090909091
transition 445 2 391 0 0.045454545454545456
transition 445 2 390 0 0.09090909090909091
transition 445 2 389 0 0.09090909090909091
transition 445 2 388 0 0.09090909090909091
transition 445 2 387 0 0.09090909090909091
transition 445 2 386 0 0.09090909090909091
transition 445 2 500 0 0.09090909090909091
transition 446 2 446 0 0.047619047619047616
transition 446 2 500 0 0.09523809523809523
transition 447 2 447 0 0.047619047619047616
transition 447 2 416 0 0.09523809523809523
transition 447 2 500 0 0.09523809523809523
transition 448 2 448 0 0.047619047619047616
transition 448 2 417 0 0.09523809523809523
transition 448 2 400 0 0.09523809523809523
transition 448 2 500 0 0.09523809523809523
transition 449 2 449 0 0.047619047619047616
transition 449 2 418 0 0.09523809523809523
transition 449 2 401 0 0.09523809523809523
transition 449 2 500 0 0.09523809523809523
transition 450 2 450 0 0.045454545454545456
transition 450 2 419 0 0.09090909090909091
transition 450 2 402 0 0.045454545454545456
transition 450 2 399 0 0.09090909090909091
transition 450 2 398 0 0.09090909090909091
transition 450 2 397 0 0.09090909090909091
transition 450 2 396 0 0.09090909090909091
transition 450 2 395 0 0.09090909090909091
transition 450 2 394 0 0.09090909090909091
transition 450 2 393 0 0.09090909090909091
transition 450 2 500 0 0.09090909090909091
transition 451 2 451 0 0.047619047619047616
transition 451 2 500 0 0.09523809523809523
transition 452 2 452 0 0.047619047619047616
transition 452 2 420 0 0.09523809523809523
transition 452 2 500 0 0.09523809523809523
transition 453 2 453 0 0.047619047619047616
transition 453 2 421 0 0.09523809523809523
transition 453 2 403 0 0.047619047619047616
transition 453 2 500 0 0.09523809523809523
transition 454 2 454 0 0.047619047619047616
transition 454 2 422 0 0.09523809523809523
transition 454 2 404 0 0.047619047619047616
transition 454 2 400 0 0.09523809523809523
transition 454 2 500 0 0.09523809523809523
transition 455 2 455 0 0.047619047619047616
transition 455 2 423 0 0.09523809523809523
transition 455 2 405 0 0.047619047619047616
transition 455 2 401 0 0.047619047619047616
transition 455 2 400 0 0.09523809523809523
transition 455 2 500 0 0.09523809523809523
transition 456 2 456 0 0.047619047619047616
transition 456 2 424 0 0.09523809523809523
transition 456 2 405 0 0.09523809523809523
transition 456 2 404 0 0.09523809523809523
transition 456 2 403 0 0.09523809523809523
transition 456 2 500 0 0.09523809523809523
transition 457 2 457 0 0.05
transition 457 2 500 0 0.1
transition 458 2 458 0 0.045454545454545456
transition 458 2 425 0 0.045454545454545456
transition 458 2 419 0 0.09090909090909091
transition 458 2 415 0 0.09090909090909091
transition 458 2 413 0 0.09090909090909091
transition 458 2 412 0 0.09090909090909091
transition 458 2 411 0 0.09090909090909091
transition 458 2 410 0 0.09090909090909091
transition 458 2 409 0 0.09090909090909091
transition 458 2 408 0 0.09090909090909091
transition 458 2 407 0 0.09090909090909091
transition 458 2 500 0 0.09090909090909091
transition 459 2 459 0 0.047619047619047616
transition 459 2 500 0 0.09523809523809523
transition 460 2 460 0 0.047619047619047616
transition 460 2 426 0 0.047619047619047616
transition 460 2 500 0 0.09523809523809523
transition 461 2 461 0 0.047619047619047616
transition 461 2 427 0 0.047619047619047616
transition 461 2 420 0 0.09523809523809523
transition 461 2 500 0 0.09523809523809523
transition 462 2 462 0 0.047619047619047616
transition 462 2 428 0 0.047619047619047616
transition 462 2 421 0 0.09523809523809523
transition 462 2 416 0 0.09523809523809523
transition 462 2 500 0 0.09523809523809523
transition 463 2 463 0 0.047619047619047616
transition 463 2 429 0 0.047619047619047616
transition 463 2 422 0 0.09523809523809523
transition 463 2 417 0 0.09523809523809523
transition 463 2 414 0 0.047619047619047616
transition 463 2 500 0 0.09523809523809523
transition 464 2 464 0 0.047619047619047616
transition 464 2 430 0 0.047619047619047616
transition 464 2 423 0 0.09523809523809523
transition 464 2 418 0 0.047619047619047616
transition 464 2 417 0 0.09523809523809523
transition 464 2 416 0 0.09523809523809523
transition 464 2 500 0 0.09523809523809523
transition 465 2 465 0 0.05
transition 465 2 500 0 0.1
transition 466 2 466 0 0.047619047619047616
transition 466 2 431 0 0.047619047619047616
transition 466 2 424 0 0.047619047619047616
transition 466 2 423 0 0.09523809523809523
transition 466 2 422 0 0.09523809523809523
transition 466 2 421 0 0.09523809523809523
transition 466 2 420 0 0.09523809523809523
transition 466 2 500 0 0.09523809523809523
transition 467 2 467 0 0.05
transition 467 2 500 0 0.1
transition 468 2 468 0 0.05
transition 468 2 432 0 0.05
transition 468 2 500 0 0.1
transition 469 2 469 0 0.05
transition 469 2 433 0 0.05
transition 469 2 500 0 0.1
transition 470 2 470 0 0.047619047619047616
transition 470 2 431 0 0.09523809523809523
transition 470 2 430 0 0.09523809523809523
transition 470 2 429 0 0.09523809523809523
transition 470 2 428 0 0.09523809523809523
transition 470 2 427 0 0.09523809523809523
transition 470 2 426 0 0.09523809523809523
transition 470 2 500 0 0.09523809523809523
transition 471 2 471 0 0.05
transition 471 2 500 0 0.1
transition 472 2 472 0 0.05
transition 472 2 500 0 0.1
transition 473 2 473 0 0.05
transition 473 2 432 0 0.1
transition 473 2 500 0 0.1
transition 474 2 474 0 0.05
transition 474 2 433 0 0.05
transition 474 2 432 0 0.1
transition 474 2 500 0 0.1
transition 475 2 458 0 0.09090909090909091
transition 475 2 450 0 0.09090909090909091
transition 475 2 445 0 0.09090909090909091
transition 475 2 442 0 0.09090909090909091
transition 475 2 441 0 0.09090909090909091
transition 475 2 440 0 0.09090909090909091
transition 475 2 439 0 0.09090909090909091
transition 475 2 438 0 0.09090909090909091
transition 475 2 437 0 0.09090909090909091
transition 475 2 436 0 0.09090909090909091
transition 475 2 435 0 0.09090909090909091
transition 476 2 500 0 0.09523809523809523
transition 477 2 459 0 0.09523809523809523
transition 477 2 500 0 0.09523809523809523
transition 478 2 460 0 0.09523809523809523
transition 478 2 451 0 0.09523809523809523
transition 478 2 500 0 0.09523809523809523
transition 479 2 461 0 0.09523809523809523
transition 479 2 452 0 0.09523809523809523
transition 479 2 446 0 0.09523809523809523
transition 479 2 500 0 0.09523809523809523
transition 480 2 462 0 0.09523809523809523
transition 480 2 453 0 0.09523809523809523
transition 480 2 447 0 0.09523809523809523
transition 480 2 443 0 0.09523809523809523
transition 480 2 500 0 0.09523809523809523
transition 481 2 463 0 0.09523809523809523
transition 481 2 454 0 0.09523809523809523
transition 481 2 448 0 0.09523809523809523
transition 481 2 444 0 0.047619047619047616
transition 481 2 443 0 0.09523809523809523
transition 481 2 500 0 0.09523809523809523
transition 482 2 464 0 0.09523809523809523
transition 482 2 455 0 0.09523809523809523
transition 482 2 449 0 0.047619047619047616
transition 482 2 448 0 0.09523809523809523
transition 482 2 447 0 0.09523809523809523
transition 482 2 446 0 0.09523809523809523
transition 482 2 500 0 0.09523809523809523
transition 483 2 500 0 0.1
transition 484 2 465 0 0.1
transition 484 2 500 0 0.1
transition 485 2 466 0 0.09523809523809523
transition 485 2 456 0 0.047619047619047616
transition 485 2 455 0 0.09523809523809523
transition 485 2 454 0 0.09523809523809523
transition 485 2 453 0 0.09523809523809523
transition 485 2 452 0 0.09523809523809523
transition 485 2 451 0 0.09523809523809523
transition 485 2 500 0 0.09523809523809523
transition 486 2 500 0 0.1
transition 487 2 467 0 0.1
transition 487 2 500 0 0.1
transition 488 2 468 0 0.1
transition 488 2 457 0 0.05
transition 488 2 500 0 0.1
transition 489 2 469 0 0.1
transition 489 2 457 0 0.1
transition 489 2 500 0 0.1
transition 490 2 470 0 0.047619047619047616
transition 490 2 466 0 0.09523809523809523
transition 490 2 464 0 0.09523809523809523
transition 490 2 463 0 0.09523809523809523
transition 490 2 462 0 0.09523809523809523
transition 490 2 461 0 0.09523809523809523
transition 490 2 460 0 0.09523809523809523
transition 490 2 459 0 0.09523809523809523
transition 490 2 500 0 0.09523809523809523
transition 491 2 500 0 0.1
transition 492 2 471 0 0.05
transition 492 2 500 0 0.1
transition 493 2 472 0 0.05
transition 493 2 467 0 0.1
transition 493 2 500 0 0.1
transition 494 2 473 0 0.05
transition 494 2 468 0 0.1
transition 494 2 465 0 0.05
transition 494 2 500 0 0.1
transition 495 2 474 0 0.05
transition 495 2 469 0 0.05
transition 495 2 468 0 0.1
transition 495 2 467 0 0.1
transition 495 2 500 0 0.1
transition 496 2 500 0 0.10526315789473684
transition 497 2 474 0 0.1
transition 497 2 473 0 0.1
transition 497 2 472 0 0.1
transition 497 2 471 0 0.1
transition 497 2 500 0 0.1
transition 498 2 500 0 0.10526315789473684
transition 499 2 500 0 0.10526315789473684
transition 55 3 205 0 0.08
transition 55 3 100 0 0.08
transition 55 3 55 0 0.04
transition 55 3 33 0 0.08
transition 55 3 21 0 0.08
transition 55 3 14 0 0.08
transition 55 3 9 0 0.08
transition 55 3 6 0 0.08
transition 55 3 5 0 0.08
transition 55 3 4 0 0.08
transition 55 3 3 0 0.08
transition 55 3 2 0 0.08
transition 55 3 1 0 0.08
transition 56 3 206 0 0.08333333333333333
transition 56 3 101 0 0.08333333333333333
transition 56 3 56 0 0.041666666666666664
transition 56 3 34 0 0.08333333333333333
transition 56 3 500 0 0.041666666666666664
transition 57 3 207 0 0.08333333333333333
transition 57 3 102 0 0.08333333333333333
transition 57 3 57 0 0.041666666666666664
transition 57 3 35 0 0.08333333333333333
transition 57 3 22 0 0.08333333333333333
transition 57 3 500 0 0.08333333333333333
transition 58 3 208 0 0.08333333333333333
transition 58 3 103 0 0.08333333333333333
transition 58 3 58 0 0.041666666666666664
transition 58 3 36 0 0.08333333333333333
transition 58 3 23 0 0.08333333333333333
transition 58 3 15 0 0.08333333333333333
transition 58 3 500 0 0.08333333333333333
transition 59 3 209 0 0.08333333333333333
transition 59 3 104 0 0.08333333333333333
transition 59 3 59 0 0.041666666666666664
transition 59 3 37 0 0.08333333333333333
transition 59 3 24 0 0.08333333333333333
transition 59 3 16 0 0.08333333333333333
transition 59 3 10 0 0.08333333333333333
transition 59 3 500 0 0.08333333333333333
transition 60 3 210 0 0.08333333333333333
transition 60 3 105 0 0.08333333333333333
transition 60 3 60 0 0.041666666666666664
transition 60 3 38 0 0.08333333333333333
transition 60 3 25 0 0.08333333333333333
transition 60 3 17 0 0.08333333333333333
transition 60 3 11 0 0.08333333333333333
transition 60 3 7 0 0.08333333333333333
transition 60 3 500 0 0.08333333333333333
transition 61 3 211 0 0.08333333333333333
transition 61 3 106 0 0.08333333333333333
transition 61 3 61 0 0.041666666666666664
transition 61 3 39 0 0.08333333333333333
transition 61 3 26 0 0.08333333333333333
transition 61 3 18 0 0.08333333333333333
transition 61 3 12 0 0.08333333333333333
transition 61 3 8 0 0.041666666666666664
transition 61 3 7 0 0.08333333333333333
transition 61 3 500 0 0.08333333333333333
transition 62 3 213 0 0.08333333333333333
transition 62 3 107 0 0.08333333333333333
transition 62 3 62 0 0.041666666666666664
transition 62 3 40 0 0.08333333333333333
transition 62 3 27 0 0.08333333333333333
transition 62 3 19 0 0.08333333333333333
transition 62 3 13 0 0.041666666666666664
transition 62 3 12 0 0.08333333333333333
transition 62 3 11 0 0.08333333333333333
transition 62 3 10 0 0.08333333333333333
transition 62 3 500 0 0.08333333333333333
transition 63 3 216 0 0.08695652173913043
transition 63 3 109 0 0.08695652173913043
transition 63 3 63 0 0.043478260869565216
transition 63 3 500 0 0.08695652173913043
transition 64 3 217 0 0.08333333333333333
transition 64 3 110 0 0.08333333333333333
transition 64 3 64 0 0.041666666666666664
transition 64 3 41 0 0.08333333333333333
transition 64 3 28 0 0.08333333333333333
transition 64 3 20 0 0.041666666666666664
transition 64 3 19 0 0.08333333333333333
transition 64 3 18 0 0.08333333333333333
transition 64 3 17 0 0.08333333333333333
transition 64 3 16 0 0.08333333333333333
transition 64 3 15 0 0.08333333333333333
transition 64 3 500 0 0.08333333333333333
transition 65 3 220 0 0.08695652173913043
transition 65 3 112 0 0.08695652173913043
transition 65 3 65 0 0.043478260869565216
transition 65 3 500 0 0.08695652173913043
transition 66 3 221 0 0.08695652173913043
transition 66 3 113 0 0.08695652173913043
transition 66 3 66 0 0.043478260869565216
transition 66 3 42 0 0.08695652173913043
transition 66 3 500 0 0.08695652173913043
transition 67 3 222 0 0.08695652173913043
transition 67 3 114 0 0.08695652173913043
transition 67 3 67 0 0.043478260869565216
transition 67 3 43 0 0.08695652173913043
transition 67 3 29 0 0.08695652173913043
transition 67 3 500 0 0.08695652173913043
transition 68 3 223 0 0.08333333333333333
transition 68 3 115 0 0.08333333333333333
transition 68 3 68 0 0.041666666666666664
transition 68 3 44 0 0.08333333333333333
transition 68 3 30 0 0.041666666666666664
transition 68 3 28 0 0.08333333333333333
transition 68 3 27 0 0.08333333333333333
transition 68 3 26 0 0.08333333333333333
transition 68 3 25 0 0.08333333333333333
transition 68 3 24 0 0.08333333333333333
transition 68 3 23 0 0.08333333333333333
transition 68 3 22 0 0.08333333333333333
transition 68 3 500 0 0.08333333333333333
transition 69 3 226 0 0.08695652173913043
transition 69 3 117 0 0.08695652173913043
transition 69 3 69 0 0.043478260869565216
transition 69 3 500 0 0.08695652173913043
transition 70 3 227 0 0.08695652173913043
transition 70 3 118 0 0.08695652173913043
transition 70 3 70 0 0.043478260869565216
transition 70 3 45 0 0.08695652173913043
transition 70 3 500 0 0.08695652173913043
transition 71 3 228 0 0.08695652173913043
transition 71 3 119 0 0.08695652173913043
transition 71 3 71 0 0.043478260869565216
transition 71 3 46 0 0.08695652173913043
transition 71 3 31 0 0.043478260869565216
transition 71 3 500 0 0.08695652173913043
transition 72 3 229 0 0.08695652173913043
transition 72 3 120 0 0.08695652173913043
transition 72 3 72 0 0.043478260869565216
transition 72 3 47 0 0.08695652173913043
transition 72 3 32 0 0.043478260869565216
transition 72 3 29 0 0.043478260869565216
transition 72 3 500 0 0.08695652173913043
transition 73 3 230 0 0.08695652173913043
transition 73 3 121 0 0.08695652173913043
transition 73 3 73 0 0.043478260869565216
transition 73 3 48 0 0.08695652173913043
transition 73 3 32 0 0.08695652173913043
transition 73 3 31 0 0.08695652173913043
transition 73 3 500 0 0.08695652173913043
transition 74 3 232 0 0.08333333333333333
transition 74 3 122 0 0.08333333333333333
transition 74 3 74 0 0.041666666666666664
transition 74 3 49 0 0.041666666666666664
transition 74 3 44 0 0.08333333333333333
transition 74 3 41 0 0.08333333333333333
transition 74 3 40 0 0.08333333333333333
transition 74 3 39 0 0.08333333333333333
transition 74 3 38 0 0.08333333333333333
transition 74 3 37 0 0.08333333333333333
transition 74 3 36 0 0.08333333333333333
transition 74 3 35 0 0.08333333333333333
transition 74 3 34 0 0.08333333333333333
transition 75 3 235 0 0.08695652173913043
transition 75 3 124 0 0.08695652173913043
transition 75 3 75 0 0.043478260869565216
transition 75 3 500 0 0.08695652173913043
transition 76 3 236 0 0.08695652173913043
transition 76 3 125 0 0.08695652173913043
transition 76 3 76 0 0.043478260869565216
transition 76 3 50 0 0.043478260869565216
transition 76 3 500 0 0.08695652173913043
transition 77 3 237 0 0.08695652173913043
transition 77 3 126 0 0.08695652173913043
transition 77 3 77 0 0.043478260869565216
transition 77 3 51 0 0.043478260869565216
transition 77 3 45 0 0.08695652173913043
transition 77 3 500 0 0.08695652173913043
transition 78 3 238 0 0.08695652173913043
transition 78 3 127 0 0.08695652173913043
transition 78 3 78 0 0.043478260869565216
transition 78 3 52 0 0.043478260869565216
transition 78 3 46 0 0.08695652173913043
transition 78 3 42 0 0.08695652173913043
transition 78 3 500 0 0.08695652173913043
transition 79 3 239 0 0.08695652173913043
transition 79 3 128 0 0.08695652173913043
transition 79 3 79 0 0.043478260869565216
transition 79 3 53 0 0.043478260869565216
transition 79 3 47 0 0.08695652173913043
transition 79 3 43 0 0.043478260869565216
transition 79 3 42 0 0.08695652173913043
transition 79 3 500 0 0.08695652173913043
transition 80 3 241 0 0.08695652173913043
transition 80 3 129 0 0.08695652173913043
transition 80 3 80 0 0.043478260869565216
transition 80 3 54 0 0.043478260869565216
transition 80 3 48 0 0.043478260869565216
transition 80 3 47 0 0.08695652173913043
transition 80 3 46 0 0.08695652173913043
transition 80 3 45 0 0.08695652173913043
transition 80 3 500 0 0.08695652173913043
transition 81 3 244 0 0.09090909090909091
transition 81 3 131 0 0.09090909090909091
transition 81 3 81 0 0.045454545454545456
transition 81 3 500 0 0.09090909090909091
transition 82 3 245 0 0.08695652173913043
transition 82 3 132 0 0.08695652173913043
transition 82 3 82 0 0.043478260869565216
transition 82 3 54 0 0.08695652173913043
transition 82 3 53 0 0.08695652173913043
transition 82 3 52 0 0.08695652173913043
transition 82 3 51 0 0.08695652173913043
transition 82 3 50 0 0.08695652173913043
transition 82 3 500 0 0.08695652173913043
transition 83 3 248 0 0.09090909090909091
transition 83 3 134 0 0.09090909090909091
transition 83 3 83 0 0.045454545454545456
transition 83 3 500 0 0.09090909090909091
transition 84 3 249 0 0.09090909090909091
transition 84 3 135 0 0.09090909090909091
transition 84 3 84 0 0.045454545454545456
transition 84 3 500 0 0.09090909090909091
transition 85 3 250 0 0.08333333333333333
transition 85 3 136 0 0.08333333333333333
transition 85 3 74 0 0.08333333333333333
transition 85 3 68 0 0.08333333333333333
transition 85 3 64 0 0.08333333333333333
transition 85 3 62 0 0.08333333333333333
transition 85 3 61 0 0.08333333333333333
transition 85 3 60 0 0.08333333333333333
transition 85 3 59 0 0.08333333333333333
transition 85 3 58 0 0.08333333333333333
transition 85 3 57 0 0.08333333333333333
transition 85 3 56 0 0.08333333333333333
transition 86 3 253 0 0.08695652173913043
transition 86 3 138 0 0.08695652173913043
transition 86 3 500 0 0.08695652173913043
transition 87 3 254 0 0.08695652173913043
transition 87 3 139 0 0.08695652173913043
transition 87 3 75 0 0.08695652173913043
transition 87 3 500 0 0.08695652173913043
transition 88 3 255 0 0.08695652173913043
transition 88 3 140 0 0.08695652173913043
transition 88 3 76 0 0.08695652173913043
transition 88 3 69 0 0.08695652173913043
transition 88 3 500 0 0.08695652173913043
transition 89 3 256 0 0.08695652173913043
transition 89 3 141 0 0.08695652173913043
transition 89 3 77 0 0.08695652173913043
transition 89 3 70 0 0.08695652173913043
transition 89 3 65 0 0.08695652173913043
transition 89 3 500 0 0.08695652173913043
transition 90 3 257 0 0.08695652173913043
transition 90 3 142 0 0.08695652173913043
transition 90 3 78 0 0.08695652173913043
transition 90 3 71 0 0.08695652173913043
transition 90 3 66 0 0.08695652173913043
transition 90 3 63 0 0.043478260869565216
transition 90 3 500 0 0.08695652173913043
transition 91 3 258 0 0.08695652173913043
transition 91 3 143 0 0.08695652173913043
transition 91 3 79 0 0.08695652173913043
transition 91 3 72 0 0.08695652173913043
transition 91 3 67 0 0.043478260869565216
transition 91 3 66 0 0.08695652173913043
transition 91 3 65 0 0.08695652173913043
transition 91 3 500 0 0.08695652173913043
transition 92 3 261 0 0.08695652173913043
transition 92 3 145 0 0.08695652173913043
transition 92 3 80 0 0.08695652173913043
transition 92 3 73 0 0.043478260869565216
transition 92 3 72 0 0.08695652173913043
transition 92 3 71 0 0.08695652173913043
transition 92 3 70 0 0.08695652173913043
transition 92 3 69 0 0.08695652173913043
transition 92 3 500 0 0.08695652173913043
transition 93 3 264 0 0.09090909090909091
transition 93 3 147 0 0.09090909090909091
transition 93 3 500 0 0.09090909090909091
transition 94 3 265 0 0.09090909090909091
transition 94 3 148 0 0.09090909090909091
transition 94 3 81 0 0.09090909090909091
transition 94 3 500 0 0.09090909090909091
transition 95 3 266 0 0.08695652173913043
transition 95 3 149 0 0.08695652173913043
transition 95 3 82 0 0.043478260869565216
transition 95 3 80 0 0.08695652173913043
transition 95 3 79 0 0.08695652173913043
transition 95 3 78 0 0.08695652173913043
transition 95 3 77 0 0.08695652173913043
transition 95 3 76 0 0.08695652173913043
transition 95 3 75 0 0.08695652173913043
transition 95 3 500 0 0.08695652173913043
transition 96 3 269 0 0.09090909090909091
transition 96 3 151 0 0.09090909090909091
transition 96 3 500 0 0.09090909090909091
transition 97 3 270 0 0.09090909090909091
transition 97 3 152 0 0.09090909090909091
transition 97 3 83 0 0.045454545454545456
transition 97 3 500 0 0.09090909090909091
transition 98 3 271 0 0.09090909090909091
transition 98 3 153 0 0.09090909090909091
transition 98 3 84 0 0.045454545454545456
transition 98 3 81 0 0.045454545454545456
transition 98 3 500 0 0.09090909090909091
transition 99 3 272 0 0.09090909090909091
transition 99 3 154 0 0.09090909090909091
transition 99 3 84 0 0.09090909090909091
transition 99 3 83 0 0.09090909090909091
transition 99 3 500 0 0.09090909090909091
transition 136 3 286 0 0.08333333333333333
transition 136 3 164 0 0.041666666666666664
transition 136 3 136 0 0.041666666666666664
transition 136 3 122 0 0.08333333333333333
transition 136 3 115 0 0.08333333333333333
transition 136 3 110 0 0.08333333333333333
transition 136 3 107 0 0.08333333333333333
transition 136 3 106 0 0.08333333333333333
transition 136 3 105 0 0.08333333333333333
transition 136 3 104 0 0.08333333333333333
transition 136 3 103 0 0.08333333333333333
transition 136 3 102 0 0.08333333333333333
transition 136 3 101 0 0.08333333333333333
transition 137 3 288 0 0.08695652173913043
transition 137 3 166 0 0.043478260869565216
transition 137 3 137 0 0.043478260869565216
transition 137 3 500 0 0.08695652173913043
transition 138 3 289 0 0.08695652173913043
transition 138 3 167 0 0.043478260869565216
transition 138 3 138 0 0.043478260869565216
transition 138 3 123 0 0.08695652173913043
transition 138 3 500 0 0.08695652173913043
transition 139 3 290 0 0.08695652173913043
transition 139 3 168 0 0.043478260869565216
transition 139 3 139 0 0.043478260869565216
transition 139 3 124 0 0.08695652173913043
transition 139 3 116 0 0.08695652173913043
transition 139 3 500 0 0.08695652173913043
transition 140 3 291 0 0.08695652173913043
transition 140 3 169 0 0.043478260869565216
transition 140 3 140 0 0.043478260869565216
transition 140 3 125 0 0.08695652173913043
transition 140 3 117 0 0.08695652173913043
transition 140 3 111 0 0.08695652173913043
transition 140 3 500 0 0.08695652173913043
transition 141 3 292 0 0.08695652173913043
transition 141 3 170 0 0.043478260869565216
transition 141 3 141 0 0.043478260869565216
transition 141 3 126 0 0.08695652173913043
transition 141 3 118 0 0.08695652173913043
transition 141 3 112 0 0.08695652173913043
transition 141 3 108 0 0.08695652173913043
transition 141 3 500 0 0.08695652173913043
transition 142 3 293 0 0.08695652173913043
transition 142 3 171 0 0.043478260869565216
transition 142 3 142 0 0.043478260869565216
transition 142 3 127 0 0.08695652173913043
transition 142 3 119 0 0.08695652173913043
transition 142 3 113 0 0.08695652173913043
transition 142 3 109 0 0.043478260869565216
transition 142 3 108 0 0.08695652173913043
transition 142 3 500 0 0.08695652173913043
transition 143 3 295 0 0.08695652173913043
transition 143 3 172 0 0.043478260869565216
transition 143 3 143 0 0.043478260869565216
transition 143 3 128 0 0.08695652173913043
transition 143 3 120 0 0.08695652173913043
transition 143 3 114 0 0.043478260869565216
transition 143 3 113 0 0.08695652173913043
transition 143 3 112 0 0.08695652173913043
transition 143 3 111 0 0.08695652173913043
transition 143 3 500 0 0.08695652173913043
transition 144 3 298 0 0.09090909090909091
transition 144 3 174 0 0.045454545454545456
transition 144 3 144 0 0.045454545454545456
transition 144 3 500 0 0.09090909090909091
transition 145 3 299 0 0.08695652173913043
transition 145 3 175 0 0.043478260869565216
transition 145 3 145 0 0.043478260869565216
transition 145 3 129 0 0.08695652173913043
transition 145 3 121 0 0.043478260869565216
transition 145 3 120 0 0.08695652173913043
transition 145 3 119 0 0.08695652173913043
transition 145 3 118 0 0.08695652173913043
transition 145 3 117 0 0.08695652173913043
transition 145 3 116 0 0.08695652173913043
transition 145 3 500 0 0.08695652173913043
transition 146 3 302 0 0.09090909090909091
transition 146 3 177 0 0.045454545454545456
transition 146 3 146 0 0.045454545454545456
transition 146 3 500 0 0.09090909090909091
transition 147 3 303 0 0.09090909090909091
transition 147 3 178 0 0.045454545454545456
transition 147 3 147 0 0.045454545454545456
transition 147 3 130 0 0.09090909090909091
transition 147 3 500 0 0.09090909090909091
transition 148 3 304 0 0.09090909090909091
transition 148 3 179 0 0.045454545454545456
transition 148 3 148 0 0.045454545454545456
transition 148 3 131 0 0.09090909090909091
transition 148 3 500 0 0.09090909090909091
transition 149 3 305 0 0.08695652173913043
transition 149 3 180 0 0.043478260869565216
transition 149 3 149 0 0.043478260869565216
transition 149 3 132 0 0.043478260869565216
transition 149 3 129 0 0.08695652173913043
transition 149 3 128 0 0.08695652173913043
transition 149 3 127 0 0.08695652173913043
transition 149 3 126 0 0.08695652173913043
transition 149 3 125 0 0.08695652173913043
transition 149 3 124 0 0.08695652173913043
transition 149 3 123 0 0.08695652173913043
transition 149 3 500 0 0.08695652173913043
transition 150 3 308 0 0.09090909090909091
transition 150 3 182 0 0.045454545454545456
transition 150 3 150 0 0.045454545454545456
transition 150 3 500 0 0.09090909090909091
transition 151 3 309 0 0.09090909090909091
transition 151 3 183 0 0.045454545454545456
transition 151 3 151 0 0.045454545454545456
transition 151 3 133 0 0.045454545454545456
transition 151 3 500 0 0.09090909090909091
transition 152 3 310 0 0.09090909090909091
transition 152 3 184 0 0.045454545454545456
transition 152 3 152 0 0.045454545454545456
transition 152 3 134 0 0.045454545454545456
transition 152 3 130 0 0.09090909090909091
transition 152 3 500 0 0.09090909090909091
transition 153 3 311 0 0.09090909090909091
transition 153 3 185 0 0.045454545454545456
transition 153 3 153 0 0.045454545454545456
transition 153 3 135 0 0.045454545454545456
transition 153 3 131 0 0.045454545454545456
transition 153 3 130 0 0.09090909090909091
transition 153 3 500 0 0.09090909090909091
transition 154 3 313 0 0.09090909090909091
transition 154 3 186 0 0.045454545454545456
transition 154 3 154 0 0.045454545454545456
transition 154 3 135 0 0.09090909090909091
transition 154 3 134 0 0.09090909090909091
transition 154 3 133 0 0.09090909090909091
transition 154 3 500 0 0.09090909090909091
transition 155 3 316 0 0.08695652173913043
transition 155 3 188 0 0.043478260869565216
transition 155 3 149 0 0.08695652173913043
transition 155 3 145 0 0.08695652173913043
transition 155 3 143 0 0.08695652173913043
transition 155 3 142 0 0.08695652173913043
transition 155 3 141 0 0.08695652173913043
transition 155 3 140 0 0.08695652173913043
transition 155 3 139 0 0.08695652173913043
transition 155 3 138 0 0.08695652173913043
transition 155 3 137 0 0.08695652173913043
transition 155 3 500 0 0.08695652173913043
transition 156 3 319 0 0.09090909090909091
transition 156 3 190 0 0.045454545454545456
transition 156 3 500 0 0.09090909090909091
transition 157 3 320 0 0.09090909090909091
transition 157 3 191 0 0.045454545454545456
transition 157 3 150 0 0.09090909090909091
transition 157 3 500 0 0.09090909090909091
transition 158 3 321 0 0.09090909090909091
transition 158 3 192 0 0.045454545454545456
transition 158 3 151 0 0.09090909090909091
transition 158 3 146 0 0.09090909090909091
transition 158 3 500 0 0.09090909090909091
transition 159 3 322 0 0.09090909090909091
transition 159 3 193 0 0.045454545454545456
transition 159 3 152 0 0.09090909090909091
transition 159 3 147 0 0.09090909090909091
transition 159 3 144 0 0.045454545454545456
transition 159 3 500 0 0.09090909090909091
transition 160 3 323 0 0.09090909090909091
transition 160 3 194 0 0.045454545454545456
transition 160 3 153 0 0.09090909090909091
transition 160 3 148 0 0.045454545454545456
transition 160 3 147 0 0.09090909090909091
transition 160 3 146 0 0.09090909090909091
transition 160 3 500 0 0.09090909090909091
transition 161 3 326 0 0.09090909090909091
transition 161 3 196 0 0.045454545454545456
transition 161 3 154 0 0.045454545454545456
transition 161 3 153 0 0.09090909090909091
transition 161 3 152 0 0.09090909090909091
transition 161 3 151 0 0.09090909090909091
transition 161 3 150 0 0.09090909090909091
transition 161 3 500 0 0.09090909090909091
transition 162 3 329 0 0.09523809523809523
transition 162 3 198 0 0.047619047619047616
transition 162 3 500 0 0.09523809523809523
transition 163 3 330 0 0.09523809523809523
transition 163 3 199 0 0.047619047619047616
transition 163 3 500 0 0.09523809523809523
transition 188 3 338 0 0.08695652173913043
transition 188 3 188 0 0.043478260869565216
transition 188 3 180 0 0.08695652173913043
transition 188 3 175 0 0.08695652173913043
transition 188 3 172 0 0.08695652173913043
transition 188 3 171 0 0.08695652173913043
transition 188 3 170 0 0.08695652173913043
transition 188 3 169 0 0.08695652173913043
transition 188 3 168 0 0.08695652173913043
transition 188 3 167 0 0.08695652173913043
transition 188 3 166 0 0.08695652173913043
transition 188 3 165 0 0.08695652173913043
transition 189 3 341 0 0.09090909090909091
transition 189 3 189 0 0.045454545454545456
transition 189 3 500 0 0.09090909090909091
transition 190 3 342 0 0.09090909090909091
transition 190 3 190 0 0.045454545454545456
transition 190 3 181 0 0.09090909090909091
transition 190 3 500 0 0.09090909090909091
transition 191 3 343 0 0.09090909090909091
transition 191 3 191 0 0.045454545454545456
transition 191 3 182 0 0.09090909090909091
transition 191 3 176 0 0.09090909090909091
transition 191 3 500 0 0.09090909090909091
transition 192 3 344 0 0.09090909090909091
transition 192 3 192 0 0.045454545454545456
transition 192 3 183 0 0.09090909090909091
transition 192 3 177 0 0.09090909090909091
transition 192 3 173 0 0.09090909090909091
transition 192 3 500 0 0.09090909090909091
transition 193 3 345 0 0.09090909090909091
transition 193 3 193 0 0.045454545454545456
transition 193 3 184 0 0.09090909090909091
transition 193 3 178 0 0.09090909090909091
transition 193 3 174 0 0.045454545454545456
transition 193 3 173 0 0.09090909090909091
transition 193 3 500 0 0.09090909090909091
transition 194 3 347 0 0.09090909090909091
transition 194 3 194 0 0.045454545454545456
transition 194 3 185 0 0.09090909090909091
transition 194 3 179 0 0.045454545454545456
transition 194 3 178 0 0.09090909090909091
transition 194 3 177 0 0.09090909090909091
transition 194 3 176 0 0.09090909090909091
transition 194 3 500 0 0.09090909090909091
transition 195 3 350 0 0.09523809523809523
transition 195 3 195 0 0.047619047619047616
transition 195 3 500 0 0.09523809523809523
transition 196 3 351 0 0.09090909090909091
transition 196 3 196 0 0.045454545454545456
transition 196 3 186 0 0.045454545454545456
transition 196 3 185 0 0.09090909090909091
transition 196 3 184 0 0.09090909090909091
transition 196 3 183 0 0.09090909090909091
transition 196 3 182 0 0.09090909090909091
transition 196 3 181 0 0.09090909090909091
transition 196 3 500 0 0.09090909090909091
transition 197 3 354 0 0.09523809523809523
transition 197 3 197 0 0.047619047619047616
transition 197 3 500 0 0.09523809523809523
transition 198 3 355 0 0.09523809523809523
transition 198 3 198 0 0.047619047619047616
transition 198 3 187 0 0.047619047619047616
transition 198 3 500 0 0.09523809523809523
transition 199 3 356 0 0.09523809523809523
transition 199 3 199 0 0.047619047619047616
transition 199 3 187 0 0.09523809523809523
transition 199 3 500 0 0.09523809523809523
transition 200 3 357 0 0.09090909090909091
transition 200 3 196 0 0.09090909090909091
transition 200 3 194 0 0.09090909090909091
transition 200 3 193 0 0.09090909090909091
transition 200 3 192 0 0.09090909090909091
transition 200 3 191 0 0.09090909090909091
transition 200 3 190 0 0.09090909090909091
transition 200 3 189 0 0.09090909090909091
transition 200 3 500 0 0.09090909090909091
transition 201 3 360 0 0.09523809523809523
transition 201 3 500 0 0.09523809523809523
transition 202 3 361 0 0.09523809523809523
transition 202 3 197 0 0.09523809523809523
transition 202 3 500 0 0.09523809523809523
transition 203 3 362 0 0.09523809523809523
transition 203 3 198 0 0.09523809523809523
transition 203 3 195 0 0.047619047619047616
transition 203 3 500 0 0.09523809523809523
transition 204 3 363 0 0.09523809523809523
transition 204 3 199 0 0.047619047619047616
transition 204 3 198 0 0.09523809523809523
transition 204 3 197 0 0.09523809523809523
transition 204 3 500 0 0.09523809523809523
transition 250 3 370 0 0.041666666666666664
transition 250 3 286 0 0.08333333333333333
transition 250 3 250 0 0.041666666666666664
transition 250 3 232 0 0.08333333333333333
transition 250 3 223 0 0.08333333333333333
transition 250 3 217 0 0.08333333333333333
transition 250 3 213 0 0.08333333333333333
transition 250 3 211 0 0.08333333333333333
transition 250 3 210 0 0.08333333333333333
transition 250 3 209 0 0.08333333333333333
transition 250 3 208 0 0.08333333333333333
transition 250 3 207 0 0.08333333333333333
transition 250 3 206 0 0.08333333333333333
transition 251 3 371 0 0.043478260869565216
transition 251 3 287 0 0.08695652173913043
transition 251 3 251 0 0.043478260869565216
transition 251 3 500 0 0.043478260869565216
transition 252 3 372 0 0.043478260869565216
transition 252 3 288 0 0.08695652173913043
transition 252 3 252 0 0.043478260869565216
transition 252 3 233 0 0.08695652173913043
transition 252 3 500 0 0.08695652173913043
transition 253 3 373 0 0.043478260869565216
transition 253 3 289 0 0.08695652173913043
transition 253 3 253 0 0.043478260869565216
transition 253 3 234 0 0.08695652173913043
transition 253 3 224 0 0.08695652173913043
transition 253 3 500 0 0.08695652173913043
transition 254 3 374 0 0.043478260869565216
transition 254 3 290 0 0.08695652173913043
transition 254 3 254 0 0.043478260869565216
transition 254 3 235 0 0.08695652173913043
transition 254 3 225 0 0.08695652173913043
transition 254 3 218 0 0.08695652173913043
transition 254 3 500 0 0.08695652173913043
transition 255 3 375 0 0.043478260869565216
transition 255 3 291 0 0.08695652173913043
transition 255 3 255 0 0.043478260869565216
transition 255 3 236 0 0.08695652173913043
transition 255 3 226 0 0.08695652173913043
transition 255 3 219 0 0.08695652173913043
transition 255 3 214 0 0.08695652173913043
transition 255 3 500 0 0.08695652173913043
transition 256 3 376 0 0.043478260869565216
transition 256 3 292 0 0.08695652173913043
transition 256 3 256 0 0.043478260869565216
transition 256 3 237 0 0.08695652173913043
transition 256 3 227 0 0.08695652173913043
transition 256 3 220 0 0.08695652173913043
transition 256 3 215 0 0.08695652173913043
transition 256 3 212 0 0.043478260869565216
transition 256 3 500 0 0.08695652173913043
transition 257 3 377 0 0.043478260869565216
transition 257 3 293 0 0.08695652173913043
transition 257 3 257 0 0.043478260869565216
transition 257 3 238 0 0.08695652173913043
transition 257 3 228 0 0.08695652173913043
transition 257 3 221 0 0.08695652173913043
transition 257 3 216 0 0.043478260869565216
transition 257 3 215 0 0.08695652173913043
transition 257 3 214 0 0.08695652173913043
transition 257 3 500 0 0.08695652173913043
transition 258 3 380 0 0.043478260869565216
transition 258 3 295 0 0.08695652173913043
transition 258 3 258 0 0.043478260869565216
transition 258 3 239 0 0.08695652173913043
transition 258 3 229 0 0.08695652173913043
transition 258 3 222 0 0.043478260869565216
transition 258 3 221 0 0.08695652173913043
transition 258 3 220 0 0.08695652173913043
transition 258 3 219 0 0.08695652173913043
transition 258 3 218 0 0.08695652173913043
transition 258 3 500 0 0.08695652173913043
transition 259 3 383 0 0.045454545454545456
transition 259 3 297 0 0.09090909090909091
transition 259 3 259 0 0.045454545454545456
transition 259 3 500 0 0.09090909090909091
transition 260 3 384 0 0.045454545454545456
transition 260 3 298 0 0.09090909090909091
transition 260 3 260 0 0.045454545454545456
transition 260 3 240 0 0.09090909090909091
transition 260 3 500 0 0.09090909090909091
transition 261 3 385 0 0.043478260869565216
transition 261 3 299 0 0.08695652173913043
transition 261 3 261 0 0.043478260869565216
transition 261 3 241 0 0.08695652173913043
transition 261 3 230 0 0.043478260869565216
transition 261 3 229 0 0.08695652173913043
transition 261 3 228 0 0.08695652173913043
transition 261 3 227 0 0.08695652173913043
transition 261 3 226 0 0.08695652173913043
transition 261 3 225 0 0.08695652173913043
transition 261 3 224 0 0.08695652173913043
transition 261 3 500 0 0.08695652173913043
transition 262 3 388 0 0.045454545454545456
transition 262 3 301 0 0.09090909090909091
transition 262 3 262 0 0.045454545454545456
transition 262 3 500 0 0.09090909090909091
transition 263 3 389 0 0.045454545454545456
transition 263 3 302 0 0.09090909090909091
transition 263 3 263 0 0.045454545454545456
transition 263 3 242 0 0.09090909090909091
transition 263 3 500 0 0.09090909090909091
transition 264 3 390 0 0.045454545454545456
transition 264 3 303 0 0.09090909090909091
transition 264 3 264 0 0.045454545454545456
transition 264 3 243 0 0.09090909090909091
transition 264 3 231 0 0.045454545454545456
transition 264 3 500 0 0.09090909090909091
transition 265 3 391 0 0.045454545454545456
transition 265 3 304 0 0.09090909090909091
transition 265 3 265 0 0.045454545454545456
transition 265 3 244 0 0.09090909090909091
transition 265 3 231 0 0.09090909090909091
transition 265 3 500 0 0.09090909090909091
transition 266 3 392 0 0.043478260869565216
transition 266 3 305 0 0.08695652173913043
transition 266 3 266 0 0.043478260869565216
transition 266 3 245 0 0.043478260869565216
transition 266 3 241 0 0.08695652173913043
transition 266 3 239 0 0.08695652173913043
transition 266 3 238 0 0.08695652173913043
transition 266 3 237 0 0.08695652173913043
transition 266 3 236 0 0.08695652173913043
transition 266 3 235 0 0.08695652173913043
transition 266 3 234 0 0.08695652173913043
transition 266 3 233 0 0.08695652173913043
transition 266 3 500 0 0.08695652173913043
transition 267 3 395 0 0.045454545454545456
transition 267 3 307 0 0.09090909090909091
transition 267 3 267 0 0.045454545454545456
transition 267 3 500 0 0.09090909090909091
transition 268 3 396 0 0.045454545454545456
transition 268 3 308 0 0.09090909090909091
transition 268 3 268 0 0.045454545454545456
transition 268 3 246 0 0.045454545454545456
transition 268 3 500 0 0.09090909090909091
transition 269 3 397 0 0.045454545454545456
transition 269 3 309 0 0.09090909090909091
transition 269 3 269 0 0.045454545454545456
transition 269 3 247 0 0.045454545454545456
transition 269 3 242 0 0.09090909090909091
transition 269 3 500 0 0.09090909090909091
transition 270 3 398 0 0.045454545454545456
transition 270 3 310 0 0.09090909090909091
transition 270 3 270 0 0.045454545454545456
transition 270 3 248 0 0.045454545454545456
transition 270 3 243 0 0.09090909090909091
transition 270 3 240 0 0.045454545454545456
transition 270 3 500 0 0.09090909090909091
transition 271 3 399 0 0.045454545454545456
transition 271 3 311 0 0.09090909090909091
transition 271 3 271 0 0.045454545454545456
transition 271 3 249 0 0.045454545454545456
transition 271 3 244 0 0.045454545454545456
transition 271 3 243 0 0.09090909090909091
transition 271 3 242 0 0.09090909090909091
transition 271 3 500 0 0.09090909090909091
transition 272 3 402 0 0.045454545454545456
transition 272 3 313 0 0.09090909090909091
transition 272 3 272 0 0.045454545454545456
transition 272 3 249 0 0.09090909090909091
transition 272 3 248 0 0.09090909090909091
transition 272 3 247 0 0.09090909090909091
transition 272 3 246 0 0.09090909090909091
transition 272 3 500 0 0.09090909090909091
transition 273 3 405 0 0.047619047619047616
transition 273 3 315 0 0.09523809523809523
transition 273 3 273 0 0.047619047619047616
transition 273 3 500 0 0.09523809523809523
transition 274 3 406 0 0.043478260869565216
transition 274 3 316 0 0.08695652173913043
transition 274 3 266 0 0.08695652173913043
transition 274 3 261 0 0.08695652173913043
transition 274 3 258 0 0.08695652173913043
transition 274 3 257 0 0.08695652173913043
transition 274 3 256 0 0.08695652173913043
transition 274 3 255 0 0.08695652173913043
transition 274 3 254 0 0.08695652173913043
transition 274 3 253 0 0.08695652173913043
transition 274 3 252 0 0.08695652173913043
transition 274 3 251 0 0.08695652173913043
transition 275 3 409 0 0.045454545454545456
transition 275 3 318 0 0.09090909090909091
transition 275 3 500 0 0.09090909090909091
transition 276 3 410 0 0.045454545454545456
transition 276 3 319 0 0.09090909090909091
transition 276 3 267 0 0.09090909090909091
transition 276 3 500 0 0.09090909090909091
transition 277 3 411 0 0.045454545454545456
transition 277 3 320 0 0.09090909090909091
transition 277 3 268 0 0.09090909090909091
transition 277 3 262 0 0.09090909090909091
transition 277 3 500 0 0.09090909090909091
transition 278 3 412 0 0.045454545454545456
transition 278 3 321 0 0.09090909090909091
transition 278 3 269 0 0.09090909090909091
transition 278 3 263 0 0.09090909090909091
transition 278 3 259 0 0.09090909090909091
transition 278 3 500 0 0.09090909090909091
transition 279 3 413 0 0.045454545454545456
transition 279 3 322 0 0.09090909090909091
transition 279 3 270 0 0.09090909090909091
transition 279 3 264 0 0.09090909090909091
transition 279 3 260 0 0.045454545454545456
transition 279 3 259 0 0.09090909090909091
transition 279 3 500 0 0.09090909090909091
transition 280 3 415 0 0.045454545454545456
transition 280 3 323 0 0.09090909090909091
transition 280 3 271 0 0.09090909090909091
transition 280 3 265 0 0.045454545454545456
transition 280 3 264 0 0.09090909090909091
transition 280 3 263 0 0.09090909090909091
transition 280 3 262 0 0.09090909090909091
transition 280 3 500 0 0.09090909090909091
transition 281 3 418 0 0.047619047619047616
transition 281 3 325 0 0.09523809523809523
transition 281 3 500 0 0.09523809523809523
transition 282 3 419 0 0.045454545454545456
transition 282 3 326 0 0.09090909090909091
transition 282 3 272 0 0.045454545454545456
transition 282 3 271 0 0.09090909090909091
transition 282 3 270 0 0.09090909090909091
transition 282 3 269 0 0.09090909090909091
transition 282 3 268 0 0.09090909090909091
transition 282 3 267 0 0.09090909090909091
transition 282 3 500 0 0.09090909090909091
transition 283 3 422 0 0.047619047619047616
transition 283 3 328 0 0.09523809523809523
transition 283 3 500 0 0.09523809523809523
transition 284 3 423 0 0.047619047619047616
transition 284 3 329 0 0.09523809523809523
transition 284 3 273 0 0.047619047619047616
transition 284 3 500 0 0.09523809523809523
transition 285 3 424 0 0.047619047619047616
transition 285 3 330 0 0.09523809523809523
transition 285 3 273 0 0.09523809523809523
transition 285 3 500 0 0.09523809523809523
transition 316 3 434 0 0.043478260869565216
transition 316 3 338 0 0.043478260869565216
transition 316 3 316 0 0.043478260869565216
transition 316 3 305 0 0.08695652173913043
transition 316 3 299 0 0.08695652173913043
transition 316 3 295 0 0.08695652173913043
transition 316 3 293 0 0.08695652173913043
transition 316 3 292 0 0.08695652173913043
transition 316 3 291 0 0.08695652173913043
transition 316 3 290 0 0.08695652173913043
transition 316 3 289 0 0.08695652173913043
transition 316 3 288 0 0.08695652173913043
transition 316 3 287 0 0.08695652173913043
transition 317 3 437 0 0.045454545454545456
transition 317 3 340 0 0.045454545454545456
transition 317 3 317 0 0.045454545454545456
transition 317 3 500 0 0.09090909090909091
transition 318 3 438 0 0.045454545454545456
transition 318 3 341 0 0.045454545454545456
transition 318 3 318 0 0.045454545454545456
transition 318 3 306 0 0.09090909090909091
transition 318 3 500 0 0.09090909090909091
transition 319 3 439 0 0.045454545454545456
transition 319 3 342 0 0.045454545454545456
transition 319 3 319 0 0.045454545454545456
transition 319 3 307 0 0.09090909090909091
transition 319 3 300 0 0.09090909090909091
transition 319 3 500 0 0.09090909090909091
transition 320 3 440 0 0.045454545454545456
transition 320 3 343 0 0.045454545454545456
transition 320 3 320 0 0.045454545454545456
transition 320 3 308 0 0.09090909090909091
transition 320 3 301 0 0.09090909090909091
transition 320 3 296 0 0.09090909090909091
transition 320 3 500 0 0.09090909090909091
transition 321 3 441 0 0.045454545454545456
transition 321 3 344 0 0.045454545454545456
transition 321 3 321 0 0.045454545454545456
transition 321 3 309 0 0.09090909090909091
transition 321 3 302 0 0.09090909090909091
transition 321 3 297 0 0.09090909090909091
transition 321 3 294 0 0.045454545454545456
transition 321 3 500 0 0.09090909090909091
transition 322 3 442 0 0.045454545454545456
transition 322 3 345 0 0.045454545454545456
transition 322 3 322 0 0.045454545454545456
transition 322 3 310 0 0.09090909090909091
transition 322 3 303 0 0.09090909090909091
transition 322 3 298 0 0.045454545454545456
transition 322 3 297 0 0.09090909090909091
transition 322 3 296 0 0.09090909090909091
transition 322 3 500 0 0.09090909090909091
transition 323 3 445 0 0.045454545454545456
transition 323 3 347 0 0.045454545454545456
transition 323 3 323 0 0.045454545454545456
transition 323 3 311 0 0.09090909090909091
transition 323 3 304 0 0.045454545454545456
transition 323 3 303 0 0.09090909090909091
transition 323 3 302 0 0.09090909090909091
transition 323 3 301 0 0.09090909090909091
transition 323 3 300 0 0.09090909090909091
transition 323 3 500 0 0.09090909090909091
transition 324 3 448 0 0.047619047619047616
transition 324 3 349 0 0.047619047619047616
transition 324 3 324 0 0.047619047619047616
transition 324 3 500 0 0.09523809523809523
transition 325 3 449 0 0.047619047619047616
transition 325 3 350 0 0.047619047619047616
transition 325 3 325 0 0.047619047619047616
transition 325 3 312 0 0.09523809523809523
transition 325 3 500 0 0.09523809523809523
transition 326 3 450 0 0.045454545454545456
transition 326 3 351 0 0.045454545454545456
transition 326 3 326 0 0.045454545454545456
transition 326 3 313 0 0.045454545454545456
transition 326 3 311 0 0.09090909090909091
transition 326 3 310 0 0.09090909090909091
transition 326 3 309 0 0.09090909090909091
transition 326 3 308 0 0.09090909090909091
transition 326 3 307 0 0.09090909090909091
transition 326 3 306 0 0.09090909090909091
transition 326 3 500 0 0.09090909090909091
transition 327 3 453 0 0.047619047619047616
transition 327 3 353 0 0.047619047619047616
transition 327 3 327 0 0.047619047619047616
transition 327 3 500 0 0.09523809523809523
transition 328 3 454 0 0.047619047619047616
transition 328 3 354 0 0.047619047619047616
transition 328 3 328 0 0.047619047619047616
transition 328 3 314 0 0.047619047619047616
transition 328 3 500 0 0.09523809523809523
transition 329 3 455 0 0.047619047619047616
transition 329 3 355 0 0.047619047619047616
transition 329 3 329 0 0.047619047619047616
transition 329 3 315 0 0.047619047619047616
transition 329 3 312 0 0.047619047619047616
transition 329 3 500 0 0.09523809523809523
transition 330 3 456 0 0.047619047619047616
transition 330 3 356 0 0.047619047619047616
transition 330 3 330 0 0.047619047619047616
transition 330 3 315 0 0.09523809523809523
transition 330 3 314 0 0.09523809523809523
transition 330 3 500 0 0.09523809523809523
transition 331 3 458 0 0.045454545454545456
transition 331 3 357 0 0.045454545454545456
transition 331 3 326 0 0.09090909090909091
transition 331 3 323 0 0.09090909090909091
transition 331 3 322 0 0.09090909090909091
transition 331 3 321 0 0.09090909090909091
transition 331 3 320 0 0.09090909090909091
transition 331 3 319 0 0.09090909090909091
transition 331 3 318 0 0.09090909090909091
transition 331 3 317 0 0.09090909090909091
transition 331 3 500 0 0.09090909090909091
transition 332 3 461 0 0.047619047619047616
transition 332 3 359 0 0.047619047619047616
transition 332 3 500 0 0.09523809523809523
transition 333 3 462 0 0.047619047619047616
transition 333 3 360 0 0.047619047619047616
transition 333 3 327 0 0.09523809523809523
transition 333 3 500 0 0.09523809523809523
transition 334 3 463 0 0.047619047619047616
transition 334 3 361 0 0.047619047619047616
transition 334 3 328 0 0.09523809523809523
transition 334 3 324 0 0.09523809523809523
transition 334 3 500 0 0.09523809523809523
transition 335 3 464 0 0.047619047619047616
transition 335 3 362 0 0.047619047619047616
transition 335 3 329 0 0.09523809523809523
transition 335 3 325 0 0.047619047619047616
transition 335 3 324 0 0.09523809523809523
transition 335 3 500 0 0.09523809523809523
transition 336 3 466 0 0.047619047619047616
transition 336 3 363 0 0.047619047619047616
transition 336 3 330 0 0.047619047619047616
transition 336 3 329 0 0.09523809523809523
transition 336 3 328 0 0.09523809523809523
transition 336 3 327 0 0.09523809523809523
transition 336 3 500 0 0.09523809523809523
transition 337 3 469 0 0.05
transition 337 3 365 0 0.05
transition 337 3 500 0 0.1
transition 357 3 475 0 0.045454545454545456
transition 357 3 357 0 0.045454545454545456
transition 357 3 351 0 0.09090909090909091
transition 357 3 347 0 0.09090909090909091
transition 357 3 345 0 0.09090909090909091
transition 357 3 344 0 0.09090909090909091
transition 357 3 343 0 0.09090909090909091
transition 357 3 342 0 0.09090909090909091
transition 357 3 341 0 0.09090909090909091
transition 357 3 340 0 0.09090909090909091
transition 357 3 339 0 0.09090909090909091
transition 357 3 500 0 0.09090909090909091
transition 358 3 478 0 0.047619047619047616
transition 358 3 358 0 0.047619047619047616
transition 358 3 500 0 0.09523809523809523
transition 359 3 479 0 0.047619047619047616
transition 359 3 359 0 0.047619047619047616
transition 359 3 352 0 0.09523809523809523
transition 359 3 500 0 0.09523809523809523
transition 360 3 480 0 0.047619047619047616
transition 360 3 360 0 0.047619047619047616
transition 360 3 353 0 0.09523809523809523
transition 360 3 348 0 0.09523809523809523
transition 360 3 500 0 0.09523809523809523
transition 361 3 481 0 0.047619047619047616
transition 361 3 361 0 0.047619047619047616
transition 361 3 354 0 0.09523809523809523
transition 361 3 349 0 0.09523809523809523
transition 361 3 346 0 0.047619047619047616
transition 361 3 500 0 0.09523809523809523
transition 362 3 482 0 0.047619047619047616
transition 362 3 362 0 0.047619047619047616
transition 362 3 355 0 0.09523809523809523
transition 362 3 350 0 0.047619047619047616
transition 362 3 349 0 0.09523809523809523
transition 362 3 348 0 0.09523809523809523
transition 362 3 500 0 0.09523809523809523
transition 363 3 485 0 0.047619047619047616
transition 363 3 363 0 0.047619047619047616
transition 363 3 356 0 0.047619047619047616
transition 363 3 355 0 0.09523809523809523
transition 363 3 354 0 0.09523809523809523
transition 363 3 353 0 0.09523809523809523
transition 363 3 352 0 0.09523809523809523
transition 363 3 500 0 0.09523809523809523
transition 364 3 488 0 0.05
transition 364 3 364 0 0.05
transition 364 3 500 0 0.1
transition 365 3 489 0 0.05
transition 365 3 365 0 0.05
transition 365 3 500 0 0.1
transition 366 3 490 0 0.047619047619047616
transition 366 3 363 0 0.09523809523809523
transition 366 3 362 0 0.09523809523809523
transition 366 3 361 0 0.09523809523809523
transition 366 3 360 0 0.09523809523809523
transition 366 3 359 0 0.09523809523809523
transition 366 3 358 0 0.09523809523809523
transition 366 3 500 0 0.09523809523809523
transition 367 3 493 0 0.05
transition 367 3 500 0 0.1
transition 368 3 494 0 0.05
transition 368 3 364 0 0.1
transition 368 3 500 0 0.1
transition 369 3 495 0 0.05
transition 369 3 365 0 0.05
transition 369 3 364 0 0.1
transition 369 3 500 0 0.1
transition 406 3 434 0 0.08695652173913043
transition 406 3 406 0 0.043478260869565216
transition 406 3 392 0 0.08695652173913043
transition 406 3 385 0 0.08695652173913043
transition 406 3 380 0 0.08695652173913043
transition 406 3 377 0 0.08695652173913043
transition 406 3 376 0 0.08695652173913043
transition 406 3 375 0 0.08695652173913043
transition 406 3 374 0 0.08695652173913043
transition 406 3 373 0 0.08695652173913043
transition 406 3 372 0 0.08695652173913043
transition 406 3 371 0 0.08695652173913043
transition 407 3 436 0 0.09090909090909091
transition 407 3 407 0 0.045454545454545456
transition 407 3 500 0 0.09090909090909091
transition 408 3 437 0 0.09090909090909091
transition 408 3 408 0 0.045454545454545456
transition 408 3 393 0 0.09090909090909091
transition 408 3 500 0 0.09090909090909091
transition 409 3 438 0 0.09090909090909091
transition 409 3 409 0 0.045454545454545456
transition 409 3 394 0 0.09090909090909091
transition 409 3 386 0 0.09090909090909091
transition 409 3 500 0 0.09090909090909091
transition 410 3 439 0 0.09090909090909091
transition 410 3 410 0 0.045454545454545456
transition 410 3 395 0 0.09090909090909091
transition 410 3 387 0 0.09090909090909091
transition 410 3 381 0 0.09090909090909091
transition 410 3 500 0 0.09090909090909091
transition 411 3 440 0 0.09090909090909091
transition 411 3 411 0 0.045454545454545456
transition 411 3 396 0 0.09090909090909091
transition 411 3 388 0 0.09090909090909091
transition 411 3 382 0 0.09090909090909091
transition 411 3 378 0 0.09090909090909091
transition 411 3 500 0 0.09090909090909091
transition 412 3 441 0 0.09090909090909091
transition 412 3 412 0 0.045454545454545456
transition 412 3 397 0 0.09090909090909091
transition 412 3 389 0 0.09090909090909091
transition 412 3 383 0 0.09090909090909091
transition 412 3 379 0 0.045454545454545456
transition 412 3 378 0 0.09090909090909091
transition 412 3 500 0 0.09090909090909091
transition 413 3 442 0 0.09090909090909091
transition 413 3 413 0 0.045454545454545456
transition 413 3 398 0 0.09090909090909091
transition 413 3 390 0 0.09090909090909091
transition 413 3 384 0 0.045454545454545456
transition 413 3 383 0 0.09090909090909091
transition 413 3 382 0 0.09090909090909091
transition 413 3 381 0 0.09090909090909091
transition 413 3 500 0 0.09090909090909091
transition 414 3 444 0 0.09523809523809523
transition 414 3 414 0 0.047619047619047616
transition 414 3 500 0 0.09523809523809523
transition 415 3 445 0 0.09090909090909091
transition 415 3 415 0 0.045454545454545456
transition 415 3 399 0 0.09090909090909091
transition 415 3 391 0 0.045454545454545456
transition 415 3 390 0 0.09090909090909091
transition 415 3 389 0 0.09090909090909091
transition 415 3 388 0 0.09090909090909091
transition 415 3 387 0 0.09090909090909091
transition 415 3 386 0 0.09090909090909091
transition 415 3 500 0 0.09090909090909091
transition 416 3 447 0 0.09523809523809523
transition 416 3 416 0 0.047619047619047616
transition 416 3 500 0 0.09523809523809523
transition 417 3 448 0 0.09523809523809523
transition 417 3 417 0 0.047619047619047616
transition 417 3 400 0 0.09523809523809523
transition 417 3 500 0 0.09523809523809523
transition 418 3 449 0 0.09523809523809523
transition 418 3 418 0 0.047619047619047616
transition 418 3 401 0 0.09523809523809523
transition 418 3 500 0 0.09523809523809523
transition 419 3 450 0 0.09090909090909091
transition 419 3 419 0 0.045454545454545456
transition 419 3 402 0 0.045454545454545456
transition 419 3 399 0 0.09090909090909091
transition 419 3 398 0 0.09090909090909091
transition 419 3 397 0 0.09090909090909091
transition 419 3 396 0 0.09090909090909091
transition 419 3 395 0 0.09090909090909091
transition 419 3 394 0 0.09090909090909091
transition 419 3 393 0 0.09090909090909091
transition 419 3 500 0 0.09090909090909091
transition 420 3 452 0 0.09523809523809523
transition 420 3 420 0 0.047619047619047616
transition 420 3 500 0 0.09523809523809523
transition 421 3 453 0 0.09523809523809523
transition 421 3 421 0 0.047619047619047616
transition 421 3 403 0 0.047619047619047616
transition 421 3 500 0 0.09523809523809523
transition 422 3 454 0 0.09523809523809523
transition 422 3 422 0 0.047619047619047616
transition 422 3 404 0 0.047619047619047616
transition 422 3 400 0 0.09523809523809523
transition 422 3 500 0 0.09523809523809523
transition 423 3 455 0 0.09523809523809523
transition 423 3 423 0 0.047619047619047616
transition 423 3 405 0 0.047619047619047616
transition 423 3 401 0 0.047619047619047616
transition 423 3 400 0 0.09523809523809523
transition 423 3 500 0 0.09523809523809523
transition 424 3 456 0 0.09523809523809523
transition 424 3 424 0 0.047619047619047616
transition 424 3 405 0 0.09523809523809523
transition 424 3 404 0 0.09523809523809523
transition 424 3 403 0 0.09523809523809523
transition 424 3 500 0 0.09523809523809523
transition 425 3 458 0 0.09090909090909091
transition 425 3 419 0 0.09090909090909091
transition 425 3 415 0 0.09090909090909091
transition 425 3 413 0 0.09090909090909091
transition 425 3 412 0 0.09090909090909091
transition 425 3 411 0 0.09090909090909091
transition 425 3 410 0 0.09090909090909091
transition 425 3 409 0 0.09090909090909091
transition 425 3 408 0 0.09090909090909091
transition 425 3 407 0 0.09090909090909091
transition 425 3 500 0 0.09090909090909091
transition 426 3 460 0 0.09523809523809523
transition 426 3 500 0 0.09523809523809523
transition 427 3 461 0 0.09523809523809523
transition 427 3 420 0 0.09523809523809523
transition 427 3 500 0 0.09523809523809523
transition 428 3 462 0 0.09523809523809523
transition 428 3 421 0 0.09523809523809523
transition 428 3 416 0 0.09523809523809523
transition 428 3 500 0 0.09523809523809523
transition 429 3 463 0 0.09523809523809523
transition 429 3 422 0 0.09523809523809523
transition 429 3 417 0 0.09523809523809523
transition 429 3 414 0 0.047619047619047616
transition 429 3 500 0 0.09523809523809523
transition 430 3 464 0 0.09523809523809523
transition 430 3 423 0 0.09523809523809523
transition 430 3 418 0 0.047619047619047616
transition 430 3 417 0 0.09523809523809523
transition 430 3 416 0 0.09523809523809523
transition 430 3 500 0 0.09523809523809523
transition 431 3 466 0 0.09523809523809523
transition 431 3 424 0 0.047619047619047616
transition 431 3 423 0 0.09523809523809523
transition 431 3 422 0 0.09523809523809523
transition 431 3 421 0 0.09523809523809523
transition 431 3 420 0 0.09523809523809523
transition 431 3 500 0 0.09523809523809523
transition 432 3 468 0 0.1
transition 432 3 500 0 0.1
transition 433 3 469 0 0.1
transition 433 3 500 0 0.1
transition 458 3 475 0 0.045454545454545456
transition 458 3 458 0 0.045454545454545456
transition 458 3 450 0 0.09090909090909091
transition 458 3 445 0 0.09090909090909091
transition 458 3 442 0 0.09090909090909091
transition 458 3 441 0 0.09090909090909091
transition 458 3 440 0 0.09090909090909091
transition 458 3 439 0 0.09090909090909091
transition 458 3 438 0 0.09090909090909091
transition 458 3 437 0 0.09090909090909091
transition 458 3 436 0 0.09090909090909091
transition 458 3 435 0 0.09090909090909091
transition 459 3 477 0 0.047619047619047616
transition 459 3 459 0 0.047619047619047616
transition 459 3 500 0 0.09523809523809523
transition 460 3 478 0 0.047619047619047616
transition 460 3 460 0 0.047619047619047616
transition 460 3 451 0 0.09523809523809523
transition 460 3 500 0 0.09523809523809523
transition 461 3 479 0 0.047619047619047616
transition 461 3 461 0 0.047619047619047616
transition 461 3 452 0 0.09523809523809523
transition 461 3 446 0 0.09523809523809523
transition 461 3 500 0 0.09523809523809523
transition 462 3 480 0 0.047619047619047616
transition 462 3 462 0 0.047619047619047616
transition 462 3 453 0 0.09523809523809523
transition 462 3 447 0 0.09523809523809523
transition 462 3 443 0 0.09523809523809523
transition 462 3 500 0 0.09523809523809523
transition 463 3 481 0 0.047619047619047616
transition 463 3 463 0 0.047619047619047616
transition 463 3 454 0 0.09523809523809523
transition 463 3 448 0 0.09523809523809523
transition 463 3 444 0 0.047619047619047616
transition 463 3 443 0 0.09523809523809523
transition 463 3 500 0 0.09523809523809523
transition 464 3 482 0 0.047619047619047616
transition 464 3 464 0 0.047619047619047616
transition 464 3 455 0 0.09523809523809523
transition 464 3 449 0 0.047619047619047616
transition 464 3 448 0 0.09523809523809523
transition 464 3 447 0 0.09523809523809523
transition 464 3 446 0 0.09523809523809523
transition 464 3 500 0 0.09523809523809523
transition 465 3 484 0 0.05
transition 465 3 465 0 0.05
transition 465 3 500 0 0.1
transition 466 3 485 0 0.047619047619047616
transition 466 3 466 0 0.047619047619047616
transition 466 3 456 0 0.047619047619047616
transition 466 3 455 0 0.09523809523809523
transition 466 3 454 0 0.09523809523809523
transition 466 3 453 0 0.09523809523809523
transition 466 3 452 0 0.09523809523809523
transition 466 3 451 0 0.09523809523809523
transition 466 3 500 0 0.09523809523809523
transition 467 3 487 0 0.05
transition 467 3 467 0 0.05
transition 467 3 500 0 0.1
transition 468 3 488 0 0.05
transition 468 3 468 0 0.05
transition 468 3 457 0 0.05
transition 468 3 500 0 0.1
transition 469 3 489 0 0.05
transition 469 3 469 0 0.05
transition 469 3 457 0 0.1
transition 469 3 500 0 0.1
transition 470 3 490 0 0.047619047619047616
transition 470 3 466 0 0.09523809523809523
transition 470 3 464 0 0.09523809523809523
transition 470 3 463 0 0.09523809523809523
transition 470 3 462 0 0.09523809523809523
transition 470 3 461 0 0.09523809523809523
transition 470 3 460 0 0.09523809523809523
transition 470 3 459 0 0.09523809523809523
transition 470 3 500 0 0.09523809523809523
transition 471 3 492 0 0.05
transition 471 3 500 0 0.1
transition 472 3 493 0 0.05
transition 472 3 467 0 0.1
transition 472 3 500 0 0.1
transition 473 3 494 0 0.05
transition 473 3 468 0 0.1
transition 473 3 465 0 0.05
transition 473 3 500 0 0.1
transition 474 3 495 0 0.05
transition 474 3 469 0 0.05
transition 474 3 468 0 0.1
transition 474 3 467 0 0.1
transition 474 3 500 0 0.1
transition 490 3 490 0 0.047619047619047616
transition 490 3 485 0 0.09523809523809523
transition 490 3 482 0 0.09523809523809523
transition 490 3 481 0 0.09523809523809523
transition 490 3 480 0 0.09523809523809523
transition 490 3 479 0 0.09523809523809523
transition 490 3 478 0 0.09523809523809523
transition 490 3 477 0 0.09523809523809523
transition 490 3 476 0 0.09523809523809523
transition 490 3 500 0 0.09523809523809523
transition 491 3 491 0 0.05
transition 491 3 500 0 0.1
transition 492 3 492 0 0.05
transition 492 3 486 0 0.1
transition 492 3 500 0 0.1
transition 493 3 493 0 0.05
transition 493 3 487 0 0.1
transition 493 3 483 0 0.1
transition 493 3 500 0 0.1
transition 494 3 494 0 0.05
transition 494 3 488 0 0.1
transition 494 3 484 0 0.05
transition 494 3 483 0 0.1
transition 494 3 500 0 0.1
transition 495 3 495 0 0.05
transition 495 3 489 0 0.05
transition 495 3 488 0 0.1
transition 495 3 487 0 0.1
transition 495 3 486 0 0.1
transition 495 3 500 0 0.1
transition 496 3 496 0 0.05263157894736842
transition 496 3 500 0 0.10526315789473684
transition 497 3 495 0 0.1
transition 497 3 494 0 0.1
transition 497 3 493 0 0.1
transition 497 3 492 0 0.1
transition 497 3 491 0 0.1
transition 497 3 500 0 0.1
transition 498 3 500 0 0.10526315789473684
transition 499 3 496 0 0.05263157894736842
transition 499 3 500 0 0.10526315789473684
transition 33 4 205 0 0.08
transition 33 4 100 0 0.08
transition 33 4 55 0 0.08
transition 33 4 33 0 0.04
transition 33 4 21 0 0.08
transition 33 4 14 0 0.08
transition 33 4 9 0 0.08
transition 33 4 6 0 0.08
transition 33 4 5 0 0.08
transition 33 4 4 0 0.08
transition 33 4 3 0 0.08
transition 33 4 2 0 0.08
transition 33 4 1 0 0.08
transition 34 4 206 0 0.08333333333333333
transition 34 4 101 0 0.08333333333333333
transition 34 4 56 0 0.08333333333333333
transition 34 4 34 0 0.041666666666666664
transition 34 4 500 0 0.041666666666666664
transition 35 4 207 0 0.08333333333333333
transition 35 4 102 0 0.08333333333333333
transition 35 4 57 0 0.08333333333333333
transition 35 4 35 0 0.041666666666666664
transition 35 4 22 0 0.08333333333333333
transition 35 4 500 0 0.08333333333333333
transition 36 4 208 0 0.08333333333333333
transition 36 4 103 0 0.08333333333333333
transition 36 4 58 0 0.08333333333333333
transition 36 4 36 0 0.041666666666666664
transition 36 4 23 0 0.08333333333333333
transition 36 4 15 0 0.08333333333333333
transition 36 4 500 0 0.08333333333333333
transition 37 4 209 0 0.08333333333333333
transition 37 4 104 0 0.08333333333333333
transition 37 4 59 0 0.08333333333333333
transition 37 4 37 0 0.041666666666666664
transition 37 4 24 0 0.08333333333333333
transition 37 4 16 0 0.08333333333333333
transition 37 4 10 0 0.08333333333333333
transition 37 4 500 0 0.08333333333333333
transition 38 4 210 0 0.08333333333333333
transition 38 4 105 0 0.08333333333333333
transition 38 4 60 0 0.08333333333333333
transition 38 4 38 0 0.041666666666666664
transition 38 4 25 0 0.08333333333333333
transition 38 4 17 0 0.08333333333333333
transition 38 4 11 0 0.08333333333333333
transition 38 4 7 0 0.08333333333333333
transition 38 4 500 0 0.08333333333333333
transition 39 4 211 0 0.08333333333333333
transition 39 4 106 0 0.08333333333333333
transition 39 4 61 0 0.08333333333333333
transition 39 4 39 0 0.041666666666666664
transition 39 4 26 0 0.08333333333333333
transition 39 4 18 0 0.08333333333333333
transition 39 4 12 0 0.08333333333333333
transition 39 4 8 0 0.041666666666666664
transition 39 4 7 0 0.08333333333333333
transition 39 4 500 0 0.08333333333333333
transition 40 4 213 0 0.08333333333333333
transition 40 4 107 0 0.08333333333333333
transition 40 4 62 0 0.08333333333333333
transition 40 4 40 0 0.041666666666666664
transition 40 4 27 0 0.08333333333333333
transition 40 4 19 0 0.08333333333333333
transition 40 4 13 0 0.041666666666666664
transition 40 4 12 0 0.08333333333333333
transition 40 4 11 0 0.08333333333333333
transition 40 4 10 0 0.08333333333333333
transition 40 4 500 0 0.08333333333333333
transition 41 4 217 0 0.08333333333333333
transition 41 4 110 0 0.08333333333333333
transition 41 4 64 0 0.08333333333333333
transition 41 4 41 0 0.041666666666666664
transition 41 4 28 0 0.08333333333333333
transition 41 4 20 0 0.041666666666666664
transition 41 4 19 0 0.08333333333333333
transition 41 4 18 0 0.08333333333333333
transition 41 4 17 0 0.08333333333333333
transition 41 4 16 0 0.08333333333333333
transition 41 4 15 0 0.08333333333333333
transition 41 4 500 0 0.08333333333333333
transition 42 4 221 0 0.08695652173913043
transition 42 4 113 0 0.08695652173913043
transition 42 4 66 0 0.08695652173913043
transition 42 4 42 0 0.043478260869565216
transition 42 4 500 0 0.08695652173913043
transition 43 4 222 0 0.08695652173913043
transition 43 4 114 0 0.08695652173913043
transition 43 4 67 0 0.08695652173913043
transition 43 4 43 0 0.043478260869565216
transition 43 4 29 0 0.08695652173913043
transition 43 4 500 0 0.08695652173913043
transition 44 4 223 0 0.08333333333333333
transition 44 4 115 0 0.08333333333333333
transition 44 4 68 0 0.08333333333333333
transition 44 4 44 0 0.041666666666666664
transition 44 4 30 0 0.041666666666666664
transition 44 4 28 0 0.08333333333333333
transition 44 4 27 0 0.08333333333333333
transition 44 4 26 0 0.08333333333333333
transition 44 4 25 0 0.08333333333333333
transition 44 4 24 0 0.08333333333333333
transition 44 4 23 0 0.08333333333333333
transition 44 4 22 0 0.08333333333333333
transition 44 4 500 0 0.08333333333333333
transition 45 4 227 0 0.08695652173913043
transition 45 4 118 0 0.08695652173913043
transition 45 4 70 0 0.08695652173913043
transition 45 4 45 0 0.043478260869565216
transition 45 4 500 0 0.08695652173913043
transition 46 4 228 0 0.08695652173913043
transition 46 4 119 0 0.08695652173913043
transition 46 4 71 0 0.08695652173913043
transition 46 4 46 0 0.043478260869565216
transition 46 4 31 0 0.043478260869565216
transition 46 4 500 0 0.08695652173913043
transition 47 4 229 0 0.08695652173913043
transition 47 4 120 0 0.08695652173913043
transition 47 4 72 0 0.08695652173913043
transition 47 4 47 0 0.043478260869565216
transition 47 4 32 0 0.043478260869565216
transition 47 4 29 0 0.043478260869565216
transition 47 4 500 0 0.08695652173913043
transition 48 4 230 0 0.08695652173913043
transition 48 4 121 0 0.08695652173913043
transition 48 4 73 0 0.08695652173913043
transition 48 4 48 0 0.043478260869565216
transition 48 4 32 0 0.08695652173913043
transition 48 4 31 0 0.08695652173913043
transition 48 4 500 0 0.08695652173913043
transition 49 4 232 0 0.08333333333333333
transition 49 4 122 0 0.08333333333333333
transition 49 4 74 0 0.08333333333333333
transition 49 4 44 0 0.08333333333333333
transition 49 4 41 0 0.08333333333333333
transition 49 4 40 0 0.08333333333333333
transition 49 4 39 0 0.08333333333333333
transition 49 4 38 0 0.08333333333333333
transition 49 4 37 0 0.08333333333333333
transition 49 4 36 0 0.08333333333333333
transition 49 4 35 0 0.08333333333333333
transition 49 4 34 0 0.08333333333333333
transition 50 4 236 0 0.08695652173913043
transition 50 4 125 0 0.08695652173913043
transition 50 4 76 0 0.08695652173913043
transition 50 4 500 0 0.08695652173913043
transition 51 4 237 0 0.08695652173913043
transition 51 4 126 0 0.08695652173913043
transition 51 4 77 0 0.08695652173913043
transition 51 4 45 0 0.08695652173913043
transition 51 4 500 0 0.08695652173913043
transition 52 4 238 0 0.08695652173913043
transition 52 4 127 0 0.08695652173913043
transition 52 4 78 0 0.08695652173913043
transition 52 4 46 0 0.08695652173913043
transition 52 4 42 0 0.08695652173913043
transition 52 4 500 0 0.08695652173913043
transition 53 4 239 0 0.08695652173913043
transition 53 4 128 0 0.08695652173913043
transition 53 4 79 0 0.08695652173913043
transition 53 4 47 0 0.08695652173913043
transition 53 4 43 0 0.043478260869565216
transition 53 4 42 0 0.08695652173913043
transition 53 4 500 0 0.08695652173913043
transition 54 4 241 0 0.08695652173913043
transition 54 4 129 0 0.08695652173913043
transition 54 4 80 0 0.08695652173913043
transition 54 4 48 0 0.043478260869565216
transition 54 4 47 0 0.08695652173913043
transition 54 4 46 0 0.08695652173913043
transition 54 4 45 0 0.08695652173913043
transition 54 4 500 0 0.08695652173913043
transition 74 4 250 0 0.08333333333333333
transition 74 4 136 0 0.08333333333333333
transition 74 4 85 0 0.041666666666666664
transition 74 4 74 0 0.041666666666666664
transition 74 4 68 0 0.08333333333333333
transition 74 4 64 0 0.08333333333333333
transition 74 4 62 0 0.08333333333333333
transition 74 4 61 0 0.08333333333333333
transition 74 4 60 0 0.08333333333333333
transition 74 4 59 0 0.08333333333333333
transition 74 4 58 0 0.08333333333333333
transition 74 4 57 0 0.08333333333333333
transition 74 4 56 0 0.08333333333333333
transition 75 4 254 0 0.08695652173913043
transition 75 4 139 0 0.08695652173913043
transition 75 4 87 0 0.043478260869565216
transition 75 4 75 0 0.043478260869565216
transition 75 4 500 0 0.08695652173913043
transition 76 4 255 0 0.08695652173913043
transition 76 4 140 0 0.08695652173913043
transition 76 4 88 0 0.043478260869565216
transition 76 4 76 0 0.043478260869565216
transition 76 4 69 0 0.08695652173913043
transition 76 4 500 0 0.08695652173913043
transition 77 4 256 0 0.08695652173913043
transition 77 4 141 0 0.08695652173913043
transition 77 4 89 0 0.043478260869565216
transition 77 4 77 0 0.043478260869565216
transition 77 4 70 0 0.08695652173913043
transition 77 4 65 0 0.08695652173913043
transition 77 4 500 0 0.08695652173913043
transition 78 4 257 0 0.08695652173913043
transition 78 4 142 0 0.08695652173913043
transition 78 4 90 0 0.043478260869565216
transition 78 4 78 0 0.043478260869565216
transition 78 4 71 0 0.08695652173913043
transition 78 4 66 0 0.08695652173913043
transition 78 4 63 0 0.043478260869565216
transition 78 4 500 0 0.08695652173913043
transition 79 4 258 0 0.08695652173913043
transition 79 4 143 0 0.08695652173913043
transition 79 4 91 0 0.043478260869565216
transition 79 4 79 0 0.043478260869565216
transition 79 4 72 0 0.08695652173913043
transition 79 4 67 0 0.043478260869565216
transition 79 4 66 0 0.08695652173913043
transition 79 4 65 0 0.08695652173913043
transition 79 4 500 0 0.08695652173913043
transition 80 4 261 0 0.08695652173913043
transition 80 4 145 0 0.08695652173913043
transition 80 4 92 0 0.043478260869565216
transition 80 4 80 0 0.043478260869565216
transition 80 4 73 0 0.043478260869565216
transition 80 4 72 0 0.08695652173913043
transition 80 4 71 0 0.08695652173913043
transition 80 4 70 0 0.08695652173913043
transition 80 4 69 0 0.08695652173913043
transition 80 4 500 0 0.08695652173913043
transition 81 4 265 0 0.09090909090909091
transition 81 4 148 0 0.09090909090909091
transition 81 4 94 0 0.045454545454545456
transition 81 4 81 0 0.045454545454545456
transition 81 4 500 0 0.09090909090909091
transition 82 4 266 0 0.08695652173913043
transition 82 4 149 0 0.08695652173913043
transition 82 4 95 0 0.043478260869565216
transition 82 4 80 0 0.08695652173913043
transition 82 4 79 0 0.08695652173913043
transition 82 4 78 0 0.08695652173913043
transition 82 4 77 0 0.08695652173913043
transition 82 4 76 0 0.08695652173913043
transition 82 4 75 0 0.08695652173913043
transition 82 4 500 0 0.08695652173913043
transition 83 4 270 0 0.09090909090909091
transition 83 4 152 0 0.09090909090909091
transition 83 4 97 0 0.045454545454545456
transition 83 4 500 0 0.09090909090909091
transition 84 4 271 0 0.09090909090909091
transition 84 4 153 0 0.09090909090909091
transition 84 4 98 0 0.045454545454545456
transition 84 4 81 0 0.045454545454545456
transition 84 4 500 0 0.09090909090909091
transition 95 4 274 0 0.08695652173913043
transition 95 4 155 0 0.08695652173913043
transition 95 4 95 0 0.043478260869565216
transition 95 4 92 0 0.08695652173913043
transition 95 4 91 0 0.08695652173913043
transition 95 4 90 0 0.08695652173913043
transition 95 4 89 0 0.08695652173913043
transition 95 4 88 0 0.08695652173913043
transition 95 4 87 0 0.08695652173913043
transition 95 4 86 0 0.08695652173913043
transition 95 4 500 0 0.08695652173913043
transition 96 4 278 0 0.09090909090909091
transition 96 4 158 0 0.09090909090909091
transition 96 4 96 0 0.045454545454545456
transition 96 4 500 0 0.09090909090909091
transition 97 4 279 0 0.09090909090909091
transition 97 4 159 0 0.09090909090909091
transition 97 4 97 0 0.045454545454545456
transition 97 4 93 0 0.09090909090909091
transition 97 4 500 0 0.09090909090909091
transition 98 4 280 0 0.09090909090909091
transition 98 4 160 0 0.09090909090909091
transition 98 4 98 0 0.045454545454545456
transition 98 4 94 0 0.045454545454545456
transition 98 4 93 0 0.09090909090909091
transition 98 4 500 0 0.09090909090909091
transition 99 4 282 0 0.09090909090909091
transition 99 4 161 0 0.09090909090909091
transition 99 4 98 0 0.09090909090909091
transition 99 4 97 0 0.09090909090909091
transition 99 4 96 0 0.09090909090909091
transition 99 4 500 0 0.09090909090909091
transition 122 4 286 0 0.08333333333333333
transition 122 4 164 0 0.041666666666666664
transition 122 4 136 0 0.08333333333333333
transition 122 4 122 0 0.041666666666666664
transition 122 4 115 0 0.08333333333333333
transition 122 4 110 0 0.08333333333333333
transition 122 4 107 0 0.08333333333333333
transition 122 4 106 0 0.08333333333333333
transition 122 4 105 0 0.08333333333333333
transition 122 4 104 0 0.08333333333333333
transition 122 4 103 0 0.08333333333333333
transition 122 4 102 0 0.08333333333333333
transition 122 4 101 0 0.08333333333333333
transition 123 4 289 0 0.08695652173913043
transition 123 4 167 0 0.043478260869565216
transition 123 4 138 0 0.08695652173913043
transition 123 4 123 0 0.043478260869565216
transition 123 4 500 0 0.08695652173913043
transition 124 4 290 0 0.08695652173913043
transition 124 4 168 0 0.043478260869565216
transition 124 4 139 0 0.08695652173913043
transition 124 4 124 0 0.043478260869565216
transition 124 4 116 0 0.08695652173913043
transition 124 4 500 0 0.08695652173913043
transition 125 4 291 0 0.08695652173913043
transition 125 4 169 0 0.043478260869565216
transition 125 4 140 0 0.08695652173913043
transition 125 4 125 0 0.043478260869565216
transition 125 4 117 0 0.08695652173913043
transition 125 4 111 0 0.08695652173913043
transition 125 4 500 0 0.08695652173913043
transition 126 4 292 0 0.08695652173913043
transition 126 4 170 0 0.043478260869565216
transition 126 4 141 0 0.08695652173913043
transition 126 4 126 0 0.043478260869565216
transition 126 4 118 0 0.08695652173913043
transition 126 4 112 0 0.08695652173913043
transition 126 4 108 0 0.08695652173913043
transition 126 4 500 0 0.08695652173913043
transition 127 4 293 0 0.08695652173913043
transition 127 4 171 0 0.043478260869565216
transition 127 4 142 0 0.08695652173913043
transition 127 4 127 0 0.043478260869565216
transition 127 4 119 0 0.08695652173913043
transition 127 4 113 0 0.08695652173913043
transition 127 4 109 0 0.043478260869565216
transition 127 4 108 0 0.08695652173913043
transition 127 4 500 0 0.08695652173913043
transition 128 4 295 0 0.08695652173913043
transition 128 4 172 0 0.043478260869565216
transition 128 4 143 0 0.08695652173913043
transition 128 4 128 0 0.043478260869565216
transition 128 4 120 0 0.08695652173913043
transition 128 4 114 0 0.043478260869565216
transition 128 4 113 0 0.08695652173913043
transition 128 4 112 0 0.08695652173913043
transition 128 4 111 0 0.08695652173913043
transition 128 4 500 0 0.08695652173913043
transition 129 4 299 0 0.08695652173913043
transition 129 4 175 0 0.043478260869565216
transition 129 4 145 0 0.08695652173913043
transition 129 4 129 0 0.043478260869565216
transition 129 4 121 0 0.043478260869565216
transition 129 4 120 0 0.08695652173913043
transition 129 4 119 0 0.08695652173913043
transition 129 4 118 0 0.08695652173913043
transition 129 4 117 0 0.08695652173913043
transition 129 4 116 0 0.08695652173913043
transition 129 4 500 0 0.08695652173913043
transition 130 4 303 0 0.09090909090909091
transition 130 4 178 0 0.045454545454545456
transition 130 4 147 0 0.09090909090909091
transition 130 4 130 0 0.045454545454545456
transition 130 4 500 0 0.09090909090909091
transition 131 4 304 0 0.09090909090909091
transition 131 4 179 0 0.045454545454545456
transition 131 4 148 0 0.09090909090909091
transition 131 4 131 0 0.045454545454545456
transition 131 4 500 0 0.09090909090909091
transition 132 4 305 0 0.08695652173913043
transition 132 4 180 0 0.043478260869565216
transition 132 4 149 0 0.08695652173913043
transition 132 4 129 0 0.08695652173913043
transition 132 4 128 0 0.08695652173913043
transition 132 4 127 0 0.08695652173913043
transition 132 4 126 0 0.08695652173913043
transition 132 4 125 0 0.08695652173913043
transition 132 4 124 0 0.08695652173913043
transition 132 4 123 0 0.08695652173913043
transition 132 4 500 0 0.08695652173913043
transition 133 4 309 0 0.09090909090909091
transition 133 4 183 0 0.045454545454545456
transition 133 4 151 0 0.09090909090909091
transition 133 4 500 0 0.09090909090909091
transition 134 4 310 0 0.09090909090909091
transition 134 4 184 0 0.045454545454545456
transition 134 4 152 0 0.09090909090909091
transition 134 4 130 0 0.09090909090909091
transition 134 4 500 0 0.09090909090909091
transition 135 4 311 0 0.09090909090909091
transition 135 4 185 0 0.045454545454545456
transition 135 4 153 0 0.09090909090909091
transition 135 4 131 0 0.045454545454545456
transition 135 4 130 0 0.09090909090909091
transition 135 4 500 0 0.09090909090909091
transition 149 4 316 0 0.08695652173913043
transition 149 4 188 0 0.043478260869565216
transition 149 4 155 0 0.043478260869565216
transition 149 4 149 0 0.043478260869565216
transition 149 4 145 0 0.08695652173913043
transition 149 4 143 0 0.08695652173913043
transition 149 4 142 0 0.08695652173913043
transition 149 4 141 0 0.08695652173913043
transition 149 4 140 0 0.08695652173913043
transition 149 4 139 0 0.08695652173913043
transition 149 4 138 0 0.08695652173913043
transition 149 4 137 0 0.08695652173913043
transition 149 4 500 0 0.08695652173913043
transition 150 4 320 0 0.09090909090909091
transition 150 4 191 0 0.045454545454545456
transition 150 4 157 0 0.045454545454545456
transition 150 4 150 0 0.045454545454545456
transition 150 4 500 0 0.09090909090909091
transition 151 4 321 0 0.09090909090909091
transition 151 4 192 0 0.045454545454545456
transition 151 4 158 0 0.045454545454545456
transition 151 4 151 0 0.045454545454545456
transition 151 4 146 0 0.09090909090909091
transition 151 4 500 0 0.09090909090909091
transition 152 4 322 0 0.09090909090909091
transition 152 4 193 0 0.045454545454545456
transition 152 4 159 0 0.045454545454545456
transition 152 4 152 0 0.045454545454545456
transition 152 4 147 0 0.09090909090909091
transition 152 4 144 0 0.045454545454545456
transition 152 4 500 0 0.09090909090909091
transition 153 4 323 0 0.09090909090909091
transition 153 4 194 0 0.045454545454545456
transition 153 4 160 0 0.045454545454545456
transition 153 4 153 0 0.045454545454545456
transition 153 4 148 0 0.045454545454545456
transition 153 4 147 0 0.09090909090909091
transition 153 4 146 0 0.09090909090909091
transition 153 4 500 0 0.09090909090909091
transition 154 4 326 0 0.09090909090909091
transition 154 4 196 0 0.045454545454545456
transition 154 4 161 0 0.045454545454545456
transition 154 4 153 0 0.09090909090909091
transition 154 4 152 0 0.09090909090909091
transition 154 4 151 0 0.09090909090909091
transition 154 4 150 0 0.09090909090909091
transition 154 4 500 0 0.09090909090909091
transition 161 4 331 0 0.09090909090909091
transition 161 4 200 0 0.045454545454545456
transition 161 4 161 0 0.045454545454545456
transition 161 4 160 0 0.09090909090909091
transition 161 4 159 0 0.09090909090909091
transition 161 4 158 0 0.09090909090909091
transition 161 4 157 0 0.09090909090909091
transition 161 4 156 0 0.09090909090909091
transition 161 4 500 0 0.09090909090909091
transition 162 4 335 0 0.09523809523809523
transition 162 4 203 0 0.047619047619047616
transition 162 4 162 0 0.047619047619047616
transition 162 4 500 0 0.09523809523809523
transition 163 4 336 0 0.09523809523809523
transition 163 4 204 0 0.047619047619047616
transition 163 4 162 0 0.09523809523809523
transition 163 4 500 0 0.09523809523809523
transition 180 4 338 0 0.08695652173913043
transition 180 4 188 0 0.08695652173913043
transition 180 4 180 0 0.043478260869565216
transition 180 4 175 0 0.08695652173913043
transition 180 4 172 0 0.08695652173913043
transition 180 4 171 0 0.08695652173913043
transition 180 4 170 0 0.08695652173913043
transition 180 4 169 0 0.08695652173913043
transition 180 4 168 0 0.08695652173913043
transition 180 4 167 0 0.08695652173913043
transition 180 4 166 0 0.08695652173913043
transition 180 4 165 0 0.08695652173913043
transition 181 4 342 0 0.09090909090909091
transition 181 4 190 0 0.09090909090909091
transition 181 4 181 0 0.045454545454545456
transition 181 4 500 0 0.09090909090909091
transition 182 4 343 0 0.09090909090909091
transition 182 4 191 0 0.09090909090909091
transition 182 4 182 0 0.045454545454545456
transition 182 4 176 0 0.09090909090909091
transition 182 4 500 0 0.09090909090909091
transition 183 4 344 0 0.09090909090909091
transition 183 4 192 0 0.09090909090909091
transition 183 4 183 0 0.045454545454545456
transition 183 4 177 0 0.09090909090909091
transition 183 4 173 0 0.09090909090909091
transition 183 4 500 0 0.09090909090909091
transition 184 4 345 0 0.09090909090909091
transition 184 4 193 0 0.09090909090909091
transition 184 4 184 0 0.045454545454545456
transition 184 4 178 0 0.09090909090909091
transition 184 4 174 0 0.045454545454545456
transition 184 4 173 0 0.09090909090909091
transition 184 4 500 0 0.09090909090909091
transition 185 4 347 0 0.09090909090909091
transition 185 4 194 0 0.09090909090909091
transition 185 4 185 0 0.045454545454545456
transition 185 4 179 0 0.045454545454545456
transition 185 4 178 0 0.09090909090909091
transition 185 4 177 0 0.09090909090909091
transition 185 4 176 0 0.09090909090909091
transition 185 4 500 0 0.09090909090909091
transition 186 4 351 0 0.09090909090909091
transition 186 4 196 0 0.09090909090909091
transition 186 4 185 0 0.09090909090909091
transition 186 4 184 0 0.09090909090909091
transition 186 4 183 0 0.09090909090909091
transition 186 4 182 0 0.09090909090909091
transition 186 4 181 0 0.09090909090909091
transition 186 4 500 0 0.09090909090909091
transition 187 4 355 0 0.09523809523809523
transition 187 4 198 0 0.09523809523809523
transition 187 4 500 0 0.09523809523809523
transition 196 4 357 0 0.09090909090909091
transition 196 4 200 0 0.045454545454545456
transition 196 4 196 0 0.045454545454545456
transition 196 4 194 0 0.09090909090909091
transition 196 4 193 0 0.09090909090909091
transition 196 4 192 0 0.09090909090909091
transition 196 4 191 0 0.09090909090909091
transition 196 4 190 0 0.09090909090909091
transition 196 4 189 0 0.09090909090909091
transition 196 4 500 0 0.09090909090909091
transition 197 4 361 0 0.09523809523809523
transition 197 4 202 0 0.047619047619047616
transition 197 4 197 0 0.047619047619047616
transition 197 4 500 0 0.09523809523809523
transition 198 4 362 0 0.09523809523809523
transition 198 4 203 0 0.047619047619047616
transition 198 4 198 0 0.047619047619047616
transition 198 4 195 0 0.047619047619047616
transition 198 4 500 0 0.09523809523809523
transition 199 4 363 0 0.09523809523809523
transition 199 4 204 0 0.047619047619047616
transition 199 4 198 0 0.09523809523809523
transition 199 4 197 0 0.09523809523809523
transition 199 4 500 0 0.09523809523809523
transition 204 4 366 0 0.09523809523809523
transition 204 4 204 0 0.047619047619047616
transition 204 4 203 0 0.09523809523809523
transition 204 4 202 0 0.09523809523809523
transition 204 4 201 0 0.09523809523809523
transition 204 4 500 0 0.09523809523809523
transition 232 4 370 0 0.041666666666666664
transition 232 4 286 0 0.08333333333333333
transition 232 4 250 0 0.08333333333333333
transition 232 4 232 0 0.041666666666666664
transition 232 4 223 0 0.08333333333333333
transition 232 4 217 0 0.08333333333333333
transition 232 4 213 0 0.08333333333333333
transition 232 4 211 0 0.08333333333333333
transition 232 4 210 0 0.08333333333333333
transition 232 4 209 0 0.08333333333333333
transition 232 4 208 0 0.08333333333333333
transition 232 4 207 0 0.08333333333333333
transition 232 4 206 0 0.08333333333333333
transition 233 4 372 0 0.043478260869565216
transition 233 4 288 0 0.08695652173913043
transition 233 4 252 0 0.08695652173913043
transition 233 4 233 0 0.043478260869565216
transition 233 4 500 0 0.08695652173913043
transition 234 4 373 0 0.043478260869565216
transition 234 4 289 0 0.08695652173913043
transition 234 4 253 0 0.08695652173913043
transition 234 4 234 0 0.043478260869565216
transition 234 4 224 0 0.08695652173913043
transition 234 4 500 0 0.08695652173913043
transition 235 4 374 0 0.043478260869565216
transition 235 4 290 0 0.08695652173913043
transition 235 4 254 0 0.08695652173913043
transition 235 4 235 0 0.043478260869565216
transition 235 4 225 0 0.08695652173913043
transition 235 4 218 0 0.08695652173913043
transition 235 4 500 0 0.08695652173913043
transition 236 4 375 0 0.043478260869565216
transition 236 4 291 0 0.08695652173913043
transition 236 4 255 0 0.08695652173913043
transition 236 4 236 0 0.043478260869565216
transition 236 4 226 0 0.08695652173913043
transition 236 4 219 0 0.08695652173913043
transition 236 4 214 0 0.08695652173913043
transition 236 4 500 0 0.08695652173913043
transition 237 4 376 0 0.043478260869565216
transition 237 4 292 0 0.08695652173913043
transition 237 4 256 0 0.08695652173913043
transition 237 4 237 0 0.043478260869565216
transition 237 4 227 0 0.08695652173913043
transition 237 4 220 0 0.08695652173913043
transition 237 4 215 0 0.08695652173913043
transition 237 4 212 0 0.043478260869565216
transition 237 4 500 0 0.08695652173913043
transition 238 4 377 0 0.043478260869565216
transition 238 4 293 0 0.08695652173913043
transition 238 4 257 0 0.08695652173913043
transition 238 4 238 0 0.043478260869565216
transition 238 4 228 0 0.08695652173913043
transition 238 4 221 0 0.08695652173913043
transition 238 4 216 0 0.043478260869565216
transition 238 4 215 0 0.08695652173913043
transition 238 4 214 0 0.08695652173913043
transition 238 4 500 0 0.08695652173913043
transition 239 4 380 0 0.043478260869565216
transition 239 4 295 0 0.08695652173913043
transition 239 4 258 0 0.08695652173913043
transition 239 4 239 0 0.043478260869565216
transition 239 4 229 0 0.08695652173913043
transition 239 4 222 0 0.043478260869565216
transition 239 4 221 0 0.08695652173913043
transition 239 4 220 0 0.08695652173913043
transition 239 4 219 0 0.08695652173913043
transition 239 4 218 0 0.08695652173913043
transition 239 4 500 0 0.08695652173913043
transition 240 4 384 0 0.045454545454545456
transition 240 4 298 0 0.09090909090909091
transition 240 4 260 0 0.09090909090909091
transition 240 4 240 0 0.045454545454545456
transition 240 4 500 0 0.09090909090909091
transition 241 4 385 0 0.043478260869565216
transition 241 4 299 0 0.08695652173913043
transition 241 4 261 0 0.08695652173913043
transition 241 4 241 0 0.043478260869565216
transition 241 4 230 0 0.043478260869565216
transition 241 4 229 0 0.08695652173913043
transition 241 4 228 0 0.08695652173913043
transition 241 4 227 0 0.08695652173913043
transition 241 4 226 0 0.08695652173913043
transition 241 4 225 0 0.08695652173913043
transition 241 4 224 0 0.08695652173913043
transition 241 4 500 0 0.08695652173913043
transition 242 4 389 0 0.045454545454545456
transition 242 4 302 0 0.09090909090909091
transition 242 4 263 0 0.09090909090909091
transition 242 4 242 0 0.045454545454545456
transition 242 4 500 0 0.09090909090909091
transition 243 4 390 0 0.045454545454545456
transition 243 4 303 0 0.09090909090909091
transition 243 4 264 0 0.09090909090909091
transition 243 4 243 0 0.045454545454545456
transition 243 4 231 0 0.045454545454545456
transition 243 4 500 0 0.09090909090909091
transition 244 4 391 0 0.045454545454545456
transition 244 4 304 0 0.09090909090909091
transition 244 4 265 0 0.09090909090909091
transition 244 4 244 0 0.045454545454545456
transition 244 4 231 0 0.09090909090909091
transition 244 4 500 0 0.09090909090909091
transition 245 4 392 0 0.043478260869565216
transition 245 4 305 0 0.08695652173913043
transition 245 4 266 0 0.08695652173913043
transition 245 4 241 0 0.08695652173913043
transition 245 4 239 0 0.08695652173913043
transition 245 4 238 0 0.08695652173913043
transition 245 4 237 0 0.08695652173913043
transition 245 4 236 0 0.08695652173913043
transition 245 4 235 0 0.08695652173913043
transition 245 4 234 0 0.08695652173913043
transition 245 4 233 0 0.08695652173913043
transition 245 4 500 0 0.08695652173913043
transition 246 4 396 0 0.045454545454545456
transition 246 4 308 0 0.09090909090909091
transition 246 4 268 0 0.09090909090909091
transition 246 4 500 0 0.09090909090909091
transition 247 4 397 0 0.045454545454545456
transition 247 4 309 0 0.09090909090909091
transition 247 4 269 0 0.09090909090909091
transition 247 4 242 0 0.09090909090909091
transition 247 4 500 0 0.09090909090909091
transition 248 4 398 0 0.045454545454545456
transition 248 4 310 0 0.09090909090909091
transition 248 4 270 0 0.09090909090909091
transition 248 4 243 0 0.09090909090909091
transition 248 4 240 0 0.045454545454545456
transition 248 4 500 0 0.09090909090909091
transition 249 4 399 0 0.045454545454545456
transition 249 4 311 0 0.09090909090909091
transition 249 4 271 0 0.09090909090909091
transition 249 4 244 0 0.045454545454545456
transition 249 4 243 0 0.09090909090909091
transition 249 4 242 0 0.09090909090909091
transition 249 4 500 0 0.09090909090909091
transition 266 4 406 0 0.043478260869565216
transition 266 4 316 0 0.08695652173913043
transition 266 4 274 0 0.043478260869565216
transition 266 4 266 0 0.043478260869565216
transition 266 4 261 0 0.08695652173913043
transition 266 4 258 0 0.08695652173913043
transition 266 4 257 0 0.08695652173913043
transition 266 4 256 0 0.08695652173913043
transition 266 4 255 0 0.08695652173913043
transition 266 4 254 0 0.08695652173913043
transition 266 4 253 0 0.08695652173913043
transition 266 4 252 0 0.08695652173913043
transition 266 4 251 0 0.08695652173913043
transition 267 4 410 0 0.045454545454545456
transition 267 4 319 0 0.09090909090909091
transition 267 4 276 0 0.045454545454545456
transition 267 4 267 0 0.045454545454545456
transition 267 4 500 0 0.09090909090909091
transition 268 4 411 0 0.045454545454545456
transition 268 4 320 0 0.09090909090909091
transition 268 4 277 0 0.045454545454545456
transition 268 4 268 0 0.045454545454545456
transition 268 4 262 0 0.09090909090909091
transition 268 4 500 0 0.09090909090909091
transition 269 4 412 0 0.045454545454545456
transition 269 4 321 0 0.09090909090909091
transition 269 4 278 0 0.045454545454545456
transition 269 4 269 0 0.045454545454545456
transition 269 4 263 0 0.09090909090909091
transition 269 4 259 0 0.09090909090909091
transition 269 4 500 0 0.09090909090909091
transition 270 4 413 0 0.045454545454545456
transition 270 4 322 0 0.09090909090909091
transition 270 4 279 0 0.045454545454545456
transition 270 4 270 0 0.045454545454545456
transition 270 4 264 0 0.09090909090909091
transition 270 4 260 0 0.045454545454545456
transition 270 4 259 0 0.09090909090909091
transition 270 4 500 0 0.09090909090909091
transition 271 4 415 0 0.045454545454545456
transition 271 4 323 0 0.09090909090909091
transition 271 4 280 0 0.045454545454545456
transition 271 4 271 0 0.045454545454545456
transition 271 4 265 0 0.045454545454545456
transition 271 4 264 0 0.09090909090909091
transition 271 4 263 0 0.09090909090909091
transition 271 4 262 0 0.09090909090909091
transition 271 4 500 0 0.09090909090909091
transition 272 4 419 0 0.045454545454545456
transition 272 4 326 0 0.09090909090909091
transition 272 4 282 0 0.045454545454545456
transition 272 4 271 0 0.09090909090909091
transition 272 4 270 0 0.09090909090909091
transition 272 4 269 0 0.09090909090909091
transition 272 4 268 0 0.09090909090909091
transition 272 4 267 0 0.09090909090909091
transition 272 4 500 0 0.09090909090909091
transition 273 4 423 0 0.047619047619047616
transition 273 4 329 0 0.09523809523809523
transition 273 4 284 0 0.047619047619047616
transition 273 4 500 0 0.09523809523809523
transition 282 4 425 0 0.045454545454545456
transition 282 4 331 0 0.09090909090909091
transition 282 4 282 0 0.045454545454545456
transition 282 4 280 0 0.09090909090909091
transition 282 4 279 0 0.09090909090909091
transition 282 4 278 0 0.09090909090909091
transition 282 4 277 0 0.09090909090909091
transition 282 4 276 0 0.09090909090909091
transition 282 4 275 0 0.09090909090909091
transition 282 4 500 0 0.09090909090909091
transition 283 4 429 0 0.047619047619047616
transition 283 4 334 0 0.09523809523809523
transition 283 4 283 0 0.047619047619047616
transition 283 4 500 0 0.09523809523809523
transition 284 4 430 0 0.047619047619047616
transition 284 4 335 0 0.09523809523809523
transition 284 4 284 0 0.047619047619047616
transition 284 4 281 0 0.047619047619047616
transition 284 4 500 0 0.09523809523809523
transition 285 4 431 0 0.047619047619047616
transition 285 4 336 0 0.09523809523809523
transition 285 4 284 0 0.09523809523809523
transition 285 4 283 0 0.09523809523809523
transition 285 4 500 0 0.09523809523809523
transition 305 4 434 0 0.043478260869565216
transition 305 4 338 0 0.043478260869565216
transition 305 4 316 0 0.08695652173913043
transition 305 4 305 0 0.043478260869565216
transition 305 4 299 0 0.08695652173913043
transition 305 4 295 0 0.08695652173913043
transition 305 4 293 0 0.08695652173913043
transition 305 4 292 0 0.08695652173913043
transition 305 4 291 0 0.08695652173913043
transition 305 4 290 0 0.08695652173913043
transition 305 4 289 0 0.08695652173913043
transition 305 4 288 0 0.08695652173913043
transition 305 4 287 0 0.08695652173913043
transition 306 4 438 0 0.045454545454545456
transition 306 4 341 0 0.045454545454545456
transition 306 4 318 0 0.09090909090909091
transition 306 4 306 0 0.045454545454545456
transition 306 4 500 0 0.09090909090909091
transition 307 4 439 0 0.045454545454545456
transition 307 4 342 0 0.045454545454545456
transition 307 4 319 0 0.09090909090909091
transition 307 4 307 0 0.045454545454545456
transition 307 4 300 0 0.09090909090909091
transition 307 4 500 0 0.09090909090909091
transition 308 4 440 0 0.045454545454545456
transition 308 4 343 0 0.045454545454545456
transition 308 4 320 0 0.09090909090909091
transition 308 4 308 0 0.045454545454545456
transition 308 4 301 0 0.09090909090909091
transition 308 4 296 0 0.09090909090909091
transition 308 4 500 0 0.09090909090909091
transition 309 4 441 0 0.045454545454545456
transition 309 4 344 0 0.045454545454545456
transition 309 4 321 0 0.09090909090909091
transition 309 4 309 0 0.045454545454545456
transition 309 4 302 0 0.09090909090909091
transition 309 4 297 0 0.09090909090909091
transition 309 4 294 0 0.045454545454545456
transition 309 4 500 0 0.09090909090909091
transition 310 4 442 0 0.045454545454545456
transition 310 4 345 0 0.045454545454545456
transition 310 4 322 0 0.09090909090909091
transition 310 4 310 0 0.045454545454545456
transition 310 4 303 0 0.09090909090909091
transition 310 4 298 0 0.045454545454545456
transition 310 4 297 0 0.09090909090909091
transition 310 4 296 0 0.09090909090909091
transition 310 4 500 0 0.09090909090909091
transition 311 4 445 0 0.045454545454545456
transition 311 4 347 0 0.045454545454545456
transition 311 4 323 0 0.09090909090909091
transition 311 4 311 0 0.045454545454545456
transition 311 4 304 0 0.045454545454545456
transition 311 4 303 0 0.09090909090909091
transition 311 4 302 0 0.09090909090909091
transition 311 4 301 0 0.09090909090909091
transition 311 4 300 0 0.09090909090909091
transition 311 4 500 0 0.09090909090909091
transition 312 4 449 0 0.047619047619047616
transition 312 4 350 0 0.047619047619047616
transition 312 4 325 0 0.09523809523809523
transition 312 4 312 0 0.047619047619047616
transition 312 4 500 0 0.09523809523809523
transition 313 4 450 0 0.045454545454545456
transition 313 4 351 0 0.045454545454545456
transition 313 4 326 0 0.09090909090909091
transition 313 4 311 0 0.09090909090909091
transition 313 4 310 0 0.09090909090909091
transition 313 4 309 0 0.09090909090909091
transition 313 4 308 0 0.09090909090909091
transition 313 4 307 0 0.09090909090909091
transition 313 4 306 0 0.09090909090909091
transition 313 4 500 0 0.09090909090909091
transition 314 4 454 0 0.047619047619047616
transition 314 4 354 0 0.047619047619047616
transition 314 4 328 0 0.09523809523809523
transition 314 4 500 0 0.09523809523809523
transition 315 4 455 0 0.047619047619047616
transition 315 4 355 0 0.047619047619047616
transition 315 4 329 0 0.09523809523809523
transition 315 4 312 0 0.047619047619047616
transition 315 4 500 0 0.09523809523809523
transition 326 4 458 0 0.045454545454545456
transition 326 4 357 0 0.045454545454545456
transition 326 4 331 0 0.045454545454545456
transition 326 4 326 0 0.045454545454545456
transition 326 4 323 0 0.09090909090909091
transition 326 4 322 0 0.09090909090909091
transition 326 4 321 0 0.09090909090909091
transition 326 4 320 0 0.09090909090909091
transition 326 4 319 0 0.09090909090909091
transition 326 4 318 0 0.09090909090909091
transition 326 4 317 0 0.09090909090909091
transition 326 4 500 0 0.09090909090909091
transition 327 4 462 0 0.047619047619047616
transition 327 4 360 0 0.047619047619047616
transition 327 4 333 0 0.047619047619047616
transition 327 4 327 0 0.047619047619047616
transition 327 4 500 0 0.09523809523809523
transition 328 4 463 0 0.047619047619047616
transition 328 4 361 0 0.047619047619047616
transition 328 4 334 0 0.047619047619047616
transition 328 4 328 0 0.047619047619047616
transition 328 4 324 0 0.09523809523809523
transition 328 4 500 0 0.09523809523809523
transition 329 4 464 0 0.047619047619047616
transition 329 4 362 0 0.047619047619047616
transition 329 4 335 0 0.047619047619047616
transition 329 4 329 0 0.047619047619047616
transition 329 4 325 0 0.047619047619047616
transition 329 4 324 0 0.09523809523809523
transition 329 4 500 0 0.09523809523809523
transition 330 4 466 0 0.047619047619047616
transition 330 4 363 0 0.047619047619047616
transition 330 4 336 0 0.047619047619047616
transition 330 4 329 0 0.09523809523809523
transition 330 4 328 0 0.09523809523809523
transition 330 4 327 0 0.09523809523809523
transition 330 4 500 0 0.09523809523809523
transition 336 4 470 0 0.047619047619047616
transition 336 4 366 0 0.047619047619047616
transition 336 4 336 0 0.047619047619047616
transition 336 4 335 0 0.09523809523809523
transition 336 4 334 0 0.09523809523809523
transition 336 4 333 0 0.09523809523809523
transition 336 4 332 0 0.09523809523809523
transition 336 4 500 0 0.09523809523809523
transition 337 4 474 0 0.05
transition 337 4 369 0 0.05
transition 337 4 500 0 0.1
transition 351 4 475 0 0.045454545454545456
transition 351 4 357 0 0.09090909090909091
transition 351 4 351 0 0.045454545454545456
transition 351 4 347 0 0.09090909090909091
transition 351 4 345 0 0.09090909090909091
transition 351 4 344 0 0.09090909090909091
transition 351 4 343 0 0.09090909090909091
transition 351 4 342 0 0.09090909090909091
transition 351 4 341 0 0.09090909090909091
transition 351 4 340 0 0.09090909090909091
transition 351 4 339 0 0.09090909090909091
transition 351 4 500 0 0.09090909090909091
transition 352 4 479 0 0.047619047619047616
transition 352 4 359 0 0.09523809523809523
transition 352 4 352 0 0.047619047619047616
transition 352 4 500 0 0.09523809523809523
transition 353 4 480 0 0.047619047619047616
transition 353 4 360 0 0.09523809523809523
transition 353 4 353 0 0.047619047619047616
transition 353 4 348 0 0.09523809523809523
transition 353 4 500 0 0.09523809523809523
transition 354 4 481 0 0.047619047619047616
transition 354 4 361 0 0.09523809523809523
transition 354 4 354 0 0.047619047619047616
transition 354 4 349 0 0.09523809523809523
transition 354 4 346 0 0.047619047619047616
transition 354 4 500 0 0.09523809523809523
transition 355 4 482 0 0.047619047619047616
transition 355 4 362 0 0.09523809523809523
transition 355 4 355 0 0.047619047619047616
transition 355 4 350 0 0.047619047619047616
transition 355 4 349 0 0.09523809523809523
transition 355 4 348 0 0.09523809523809523
transition 355 4 500 0 0.09523809523809523
transition 356 4 485 0 0.047619047619047616
transition 356 4 363 0 0.09523809523809523
transition 356 4 355 0 0.09523809523809523
transition 356 4 354 0 0.09523809523809523
transition 356 4 353 0 0.09523809523809523
transition 356 4 352 0 0.09523809523809523
transition 356 4 500 0 0.09523809523809523
transition 363 4 490 0 0.047619047619047616
transition 363 4 366 0 0.047619047619047616
transition 363 4 363 0 0.047619047619047616
transition 363 4 362 0 0.09523809523809523
transition 363 4 361 0 0.09523809523809523
transition 363 4 360 0 0.09523809523809523
transition 363 4 359 0 0.09523809523809523
transition 363 4 358 0 0.09523809523809523
transition 363 4 500 0 0.09523809523809523
transition 364 4 494 0 0.05
transition 364 4 368 0 0.05
transition 364 4 364 0 0.05
transition 364 4 500 0 0.1
transition 365 4 495 0 0.05
transition 365 4 369 0 0.05
transition 365 4 364 0 0.1
transition 365 4 500 0 0.1
transition 369 4 497 0 0.05
transition 369 4 369 0 0.05
transition 369 4 368 0 0.1
transition 369 4 367 0 0.1
transition 369 4 500 0 0.1
transition 392 4 434 0 0.08695652173913043
transition 392 4 406 0 0.08695652173913043
transition 392 4 392 0 0.043478260869565216
transition 392 4 385 0 0.08695652173913043
transition 392 4 380 0 0.08695652173913043
transition 392 4 377 0 0.08695652173913043
transition 392 4 376 0 0.08695652173913043
transition 392 4 375 0 0.08695652173913043
transition 392 4 374 0 0.08695652173913043
transition 392 4 373 0 0.08695652173913043
transition 392 4 372 0 0.08695652173913043
transition 392 4 371 0 0.08695652173913043
transition 393 4 437 0 0.09090909090909091
transition 393 4 408 0 0.09090909090909091
transition 393 4 393 0 0.045454545454545456
transition 393 4 500 0 0.09090909090909091
transition 394 4 438 0 0.09090909090909091
transition 394 4 409 0 0.09090909090909091
transition 394 4 394 0 0.045454545454545456
transition 394 4 386 0 0.09090909090909091
transition 394 4 500 0 0.09090909090909091
transition 395 4 439 0 0.09090909090909091
transition 395 4 410 0 0.09090909090909091
transition 395 4 395 0 0.045454545454545456
transition 395 4 387 0 0.09090909090909091
transition 395 4 381 0 0.09090909090909091
transition 395 4 500 0 0.09090909090909091
transition 396 4 440 0 0.09090909090909091
transition 396 4 411 0 0.09090909090909091
transition 396 4 396 0 0.045454545454545456
transition 396 4 388 0 0.09090909090909091
transition 396 4 382 0 0.09090909090909091
transition 396 4 378 0 0.09090909090909091
transition 396 4 500 0 0.09090909090909091
transition 397 4 441 0 0.09090909090909091
transition 397 4 412 0 0.09090909090909091
transition 397 4 397 0 0.045454545454545456
transition 397 4 389 0 0.09090909090909091
transition 397 4 383 0 0.09090909090909091
transition 397 4 379 0 0.045454545454545456
transition 397 4 378 0 0.09090909090909091
transition 397 4 500 0 0.09090909090909091
transition 398 4 442 0 0.09090909090909091
transition 398 4 413 0 0.09090909090909091
transition 398 4 398 0 0.045454545454545456
transition 398 4 390 0 0.09090909090909091
transition 398 4 384 0 0.045454545454545456
transition 398 4 383 0 0.09090909090909091
transition 398 4 382 0 0.09090909090909091
transition 398 4 381 0 0.09090909090909091
transition 398 4 500 0 0.09090909090909091
transition 399 4 445 0 0.09090909090909091
transition 399 4 415 0 0.09090909090909091
transition 399 4 399 0 0.045454545454545456
transition 399 4 391 0 0.045454545454545456
transition 399 4 390 0 0.09090909090909091
transition 399 4 389 0 0.09090909090909091
transition 399 4 388 0 0.09090909090909091
transition 399 4 387 0 0.09090909090909091
transition 399 4 386 0 0.09090909090909091
transition 399 4 500 0 0.09090909090909091
transition 400 4 448 0 0.09523809523809523
transition 400 4 417 0 0.09523809523809523
transition 400 4 400 0 0.047619047619047616
transition 400 4 500 0 0.09523809523809523
transition 401 4 449 0 0.09523809523809523
transition 401 4 418 0 0.09523809523809523
transition 401 4 401 0 0.047619047619047616
transition 401 4 500 0 0.09523809523809523
transition 402 4 450 0 0.09090909090909091
transition 402 4 419 0 0.09090909090909091
transition 402 4 399 0 0.09090909090909091
transition 402 4 398 0 0.09090909090909091
transition 402 4 397 0 0.09090909090909091
transition 402 4 396 0 0.09090909090909091
transition 402 4 395 0 0.09090909090909091
transition 402 4 394 0 0.09090909090909091
transition 402 4 393 0 0.09090909090909091
transition 402 4 500 0 0.09090909090909091
transition 403 4 453 0 0.09523809523809523
transition 403 4 421 0 0.09523809523809523
transition 403 4 500 0 0.09523809523809523
transition 404 4 454 0 0.09523809523809523
transition 404 4 422 0 0.09523809523809523
transition 404 4 400 0 0.09523809523809523
transition 404 4 500 0 0.09523809523809523
transition 405 4 455 0 0.09523809523809523
transition 405 4 423 0 0.09523809523809523
transition 405 4 401 0 0.047619047619047616
transition 405 4 400 0 0.09523809523809523
transition 405 4 500 0 0.09523809523809523
transition 419 4 458 0 0.09090909090909091
transition 419 4 425 0 0.045454545454545456
transition 419 4 419 0 0.045454545454545456
transition 419 4 415 0 0.09090909090909091
transition 419 4 413 0 0.09090909090909091
transition 419 4 412 0 0.09090909090909091
transition 419 4 411 0 0.09090909090909091
transition 419 4 410 0 0.09090909090909091
transition 419 4 409 0 0.09090909090909091
transition 419 4 408 0 0.09090909090909091
transition 419 4 407 0 0.09090909090909091
transition 419 4 500 0 0.09090909090909091
transition 420 4 461 0 0.09523809523809523
transition 420 4 427 0 0.047619047619047616
transition 420 4 420 0 0.047619047619047616
transition 420 4 500 0 0.09523809523809523
transition 421 4 462 0 0.09523809523809523
transition 421 4 428 0 0.047619047619047616
transition 421 4 421 0 0.047619047619047616
transition 421 4 416 0 0.09523809523809523
transition 421 4 500 0 0.09523809523809523
transition 422 4 463 0 0.09523809523809523
transition 422 4 429 0 0.047619047619047616
transition 422 4 422 0 0.047619047619047616
transition 422 4 417 0 0.09523809523809523
transition 422 4 414 0 0.047619047619047616
transition 422 4 500 0 0.09523809523809523
transition 423 4 464 0 0.09523809523809523
transition 423 4 430 0 0.047619047619047616
transition 423 4 423 0 0.047619047619047616
transition 423 4 418 0 0.047619047619047616
transition 423 4 417 0 0.09523809523809523
transition 423 4 416 0 0.09523809523809523
transition 423 4 500 0 0.09523809523809523
transition 424 4 466 0 0.09523809523809523
transition 424 4 431 0 0.047619047619047616
transition 424 4 423 0 0.09523809523809523
transition 424 4 422 0 0.09523809523809523
transition 424 4 421 0 0.09523809523809523
transition 424 4 420 0 0.09523809523809523
transition 424 4 500 0 0.09523809523809523
transition 431 4 470 0 0.09523809523809523
transition 431 4 431 0 0.047619047619047616
transition 431 4 430 0 0.09523809523809523
transition 431 4 429 0 0.09523809523809523
transition 431 4 428 0 0.09523809523809523
transition 431 4 427 0 0.09523809523809523
transition 431 4 426 0 0.09523809523809523
transition 431 4 500 0 0.09523809523809523
transition 432 4 473 0 0.1
transition 432 4 432 0 0.05
transition 432 4 500 0 0.1
transition 433 4 474 0 0.1
transition 433 4 432 0 0.1
transition 433 4 500 0 0.1
transition 450 4 475 0 0.045454545454545456
transition 450 4 458 0 0.09090909090909091
transition 450 4 450 0 0.045454545454545456
transition 450 4 445 0 0.09090909090909091
transition 450 4 442 0 0.09090909090909091
transition 450 4 441 0 0.09090909090909091
transition 450 4 440 0 0.09090909090909091
transition 450 4 439 0 0.09090909090909091
transition 450 4 438 0 0.09090909090909091
transition 450 4 437 0 0.09090909090909091
transition 450 4 436 0 0.09090909090909091
transition 450 4 435 0 0.09090909090909091
transition 451 4 478 0 0.047619047619047616
transition 451 4 460 0 0.09523809523809523
transition 451 4 451 0 0.047619047619047616
transition 451 4 500 0 0.09523809523809523
transition 452 4 479 0 0.047619047619047616
transition 452 4 461 0 0.09523809523809523
transition 452 4 452 0 0.047619047619047616
transition 452 4 446 0 0.09523809523809523
transition 452 4 500 0 0.09523809523809523
transition 453 4 480 0 0.047619047619047616
transition 453 4 462 0 0.09523809523809523
transition 453 4 453 0 0.047619047619047616
transition 453 4 447 0 0.09523809523809523
transition 453 4 443 0 0.09523809523809523
transition 453 4 500 0 0.09523809523809523
transition 454 4 481 0 0.047619047619047616
transition 454 4 463 0 0.09523809523809523
transition 454 4 454 0 0.047619047619047616
transition 454 4 448 0 0.09523809523809523
transition 454 4 444 0 0.047619047619047616
transition 454 4 443 0 0.09523809523809523
transition 454 4 500 0 0.09523809523809523
transition 455 4 482 0 0.047619047619047616
transition 455 4 464 0 0.09523809523809523
transition 455 4 455 0 0.047619047619047616
transition 455 4 449 0 0.047619047619047616
transition 455 4 448 0 0.09523809523809523
transition 455 4 447 0 0.09523809523809523
transition 455 4 446 0 0.09523809523809523
transition 455 4 500 0 0.09523809523809523
transition 456 4 485 0 0.047619047619047616
transition 456 4 466 0 0.09523809523809523
transition 456 4 455 0 0.09523809523809523
transition 456 4 454 0 0.09523809523809523
transition 456 4 453 0 0.09523809523809523
transition 456 4 452 0 0.09523809523809523
transition 456 4 451 0 0.09523809523809523
transition 456 4 500 0 0.09523809523809523
transition 457 4 488 0 0.05
transition 457 4 468 0 0.1
transition 457 4 500 0 0.1
transition 466 4 490 0 0.047619047619047616
transition 466 4 470 0 0.047619047619047616
transition 466 4 466 0 0.047619047619047616
transition 466 4 464 0 0.09523809523809523
transition 466 4 463 0 0.09523809523809523
transition 466 4 462 0 0.09523809523809523
transition 466 4 461 0 0.09523809523809523
transition 466 4 460 0 0.09523809523809523
transition 466 4 459 0 0.09523809523809523
transition 466 4 500 0 0.09523809523809523
transition 467 4 493 0 0.05
transition 467 4 472 0 0.05
transition 467 4 467 0 0.05
transition 467 4 500 0 0.1
transition 468 4 494 0 0.05
transition 468 4 473 0 0.05
transition 468 4 468 0 0.05
transition 468 4 465 0 0.05
transition 468 4 500 0 0.1
transition 469 4 495 0 0.05
transition 469 4 474 0 0.05
transition 469 4 468 0 0.1
transition 469 4 467 0 0.1
transition 469 4 500 0 0.1
transition 474 4 497 0 0.05
transition 474 4 474 0 0.05
transition 474 4 473 0 0.1
transition 474 4 472 0 0.1
transition 474 4 471 0 0.1
transition 474 4 500 0 0.1
transition 485 4 490 0 0.09523809523809523
transition 485 4 485 0 0.047619047619047616
transition 485 4 482 0 0.09523809523809523
transition 485 4 481 0 0.09523809523809523
transition 485 4 480 0 0.09523809523809523
transition 485 4 479 0 0.09523809523809523
transition 485 4 478 0 0.09523809523809523
transition 485 4 477 0 0.09523809523809523
transition 485 4 476 0 0.09523809523809523
transition 485 4 500 0 0.09523809523809523
transition 486 4 492 0 0.1
transition 486 4 486 0 0.05
transition 486 4 500 0 0.1
transition 487 4 493 0 0.1
transition 487 4 487 0 0.05
transition 487 4 483 0 0.1
transition 487 4 500 0 0.1
transition 488 4 494 0 0.1
transition 488 4 488 0 0.05
transition 488 4 484 0 0.05
transition 488 4 483 0 0.1
transition 488 4 500 0 0.1
transition 489 4 495 0 0.1
transition 489 4 488 0 0.1
transition 489 4 487 0 0.1
transition 489 4 486 0 0.1
transition 489 4 500 0 0.1
transition 495 4 497 0 0.05
transition 495 4 495 0 0.05
transition 495 4 494 0 0.1
transition 495 4 493 0 0.1
transition 495 4 492 0 0.1
transition 495 4 491 0 0.1
transition 495 4 500 0 0.1
transition 496 4 499 0 0.05263157894736842
transition 496 4 500 0 0.10526315789473684
transition 499 4 499 0 0.05263157894736842
transition 499 4 498 0 0.10526315789473684
transition 499 4 500 0 0.10526315789473684
transition 21 5 205 0 0.08
transition 21 5 100 0 0.08
transition 21 5 55 0 0.08
transition 21 5 33 0 0.08
transition 21 5 21 0 0.04
transition 21 5 14 0 0.08
transition 21 5 9 0 0.08
transition 21 5 6 0 0.08
transition 21 5 5 0 0.08
transition 21 5 4 0 0.08
transition 21 5 3 0 0.08
transition 21 5 2 0 0.08
transition 21 5 1 0 0.08
transition 22 5 207 0 0.08333333333333333
transition 22 5 102 0 0.08333333333333333
transition 22 5 57 0 0.08333333333333333
transition 22 5 35 0 0.08333333333333333
transition 22 5 22 0 0.041666666666666664
transition 22 5 500 0 0.08333333333333333
transition 23 5 208 0 0.08333333333333333
transition 23 5 103 0 0.08333333333333333
transition 23 5 58 0 0.08333333333333333
transition 23 5 36 0 0.08333333333333333
transition 23 5 23 0 0.041666666666666664
transition 23 5 15 0 0.08333333333333333
transition 23 5 500 0 0.08333333333333333
transition 24 5 209 0 0.08333333333333333
transition 24 5 104 0 0.08333333333333333
transition 24 5 59 0 0.08333333333333333
transition 24 5 37 0 0.08333333333333333
transition 24 5 24 0 0.041666666666666664
transition 24 5 16 0 0.08333333333333333
transition 24 5 10 0 0.08333333333333333
transition 24 5 500 0 0.08333333333333333
transition 25 5 210 0 0.08333333333333333
transition 25 5 105 0 0.08333333333333333
transition 25 5 60 0 0.08333333333333333
transition 25 5 38 0 0.08333333333333333
transition 25 5 25 0 0.041666666666666664
transition 25 5 17 0 0.08333333333333333
transition 25 5 11 0 0.08333333333333333
transition 25 5 7 0 0.08333333333333333
transition 25 5 500 0 0.08333333333333333
transition 26 5 211 0 0.08333333333333333
transition 26 5 106 0 0.08333333333333333
transition 26 5 61 0 0.08333333333333333
transition 26 5 39 0 0.08333333333333333
transition 26 5 26 0 0.041666666666666664
transition 26 5 18 0 0.08333333333333333
transition 26 5 12 0 0.08333333333333333
transition 26 5 8 0 0.041666666666666664
transition 26 5 7 0 0.08333333333333333
transition 26 5 500 0 0.08333333333333333
transition 27 5 213 0 0.08333333333333333
transition 27 5 107 0 0.08333333333333333
transition 27 5 62 0 0.08333333333333333
transition 27 5 40 0 0.08333333333333333
transition 27 5 27 0 0.041666666666666664
transition 27 5 19 0 0.08333333333333333
transition 27 5 13 0 0.041666666666666664
transition 27 5 12 0 0.08333333333333333
transition 27 5 11 0 0.08333333333333333
transition 27 5 10 0 0.08333333333333333
transition 27 5 500 0 0.08333333333333333
transition 28 5 217 0 0.08333333333333333
transition 28 5 110 0 0.08333333333333333
transition 28 5 64 0 0.08333333333333333
transition 28 5 41 0 0.08333333333333333
transition 28 5 28 0 0.041666666666666664
transition 28 5 20 0 0.041666666666666664
transition 28 5 19 0 0.08333333333333333
transition 28 5 18 0 0.08333333333333333
transition 28 5 17 0 0.08333333333333333
transition 28 5 16 0 0.08333333333333333
transition 28 5 15 0 0.08333333333333333
transition 28 5 500 0 0.08333333333333333
transition 29 5 222 0 0.08695652173913043
transition 29 5 114 0 0.08695652173913043
transition 29 5 67 0 0.08695652173913043
transition 29 5 43 0 0.08695652173913043
transition 29 5 29 0 0.043478260869565216
transition 29 5 500 0 0.08695652173913043
transition 30 5 223 0 0.08333333333333333
transition 30 5 115 0 0.08333333333333333
transition 30 5 68 0 0.08333333333333333
transition 30 5 44 0 0.08333333333333333
transition 30 5 28 0 0.08333333333333333
transition 30 5 27 0 0.08333333333333333
transition 30 5 26 0 0.08333333333333333
transition 30 5 25 0 0.08333333333333333
transition 30 5 24 0 0.08333333333333333
transition 30 5 23 0 0.08333333333333333
transition 30 5 22 0 0.08333333333333333
transition 30 5 500 0 0.08333333333333333
transition 31 5 228 0 0.08695652173913043
transition 31 5 119 0 0.08695652173913043
transition 31 5 71 0 0.08695652173913043
transition 31 5 46 0 0.08695652173913043
transition 31 5 500 0 0.08695652173913043
transition 32 5 229 0 0.08695652173913043
transition 32 5 120 0 0.08695652173913043
transition 32 5 72 0 0.08695652173913043
transition 32 5 47 0 0.08695652173913043
transition 32 5 29 0 0.043478260869565216
transition 32 5 500 0 0.08695652173913043
transition 44 5 232 0 0.08333333333333333
transition 44 5 122 0 0.08333333333333333
transition 44 5 74 0 0.08333333333333333
transition 44 5 49 0 0.041666666666666664
transition 44 5 44 0 0.041666666666666664
transition 44 5 41 0 0.08333333333333333
transition 44 5 40 0 0.08333333333333333
transition 44 5 39 0 0.08333333333333333
transition 44 5 38 0 0.08333333333333333
transition 44 5 37 0 0.08333333333333333
transition 44 5 36 0 0.08333333333333333
transition 44 5 35 0 0.08333333333333333
transition 44 5 34 0 0.08333333333333333
transition 45 5 237 0 0.08695652173913043
transition 45 5 126 0 0.08695652173913043
transition 45 5 77 0 0.08695652173913043
transition 45 5 51 0 0.043478260869565216
transition 45 5 45 0 0.043478260869565216
transition 45 5 500 0 0.08695652173913043
transition 46 5 238 0 0.08695652173913043
transition 46 5 127 0 0.08695652173913043
transition 46 5 78 0 0.08695652173913043
transition 46 5 52 0 0.043478260869565216
transition 46 5 46 0 0.043478260869565216
transition 46 5 42 0 0.08695652173913043
transition 46 5 500 0 0.08695652173913043
transition 47 5 239 0 0.08695652173913043
transition 47 5 128 0 0.08695652173913043
transition 47 5 79 0 0.08695652173913043
transition 47 5 53 0 0.043478260869565216
transition 47 5 47 0 0.043478260869565216
transition 47 5 43 0 0.043478260869565216
transition 47 5 42 0 0.08695652173913043
transition 47 5 500 0 0.08695652173913043
transition 48 5 241 0 0.08695652173913043
transition 48 5 129 0 0.08695652173913043
transition 48 5 80 0 0.08695652173913043
transition 48 5 54 0 0.043478260869565216
transition 48 5 47 0 0.08695652173913043
transition 48 5 46 0 0.08695652173913043
transition 48 5 45 0 0.08695652173913043
transition 48 5 500 0 0.08695652173913043
transition 54 5 245 0 0.08695652173913043
transition 54 5 132 0 0.08695652173913043
transition 54 5 82 0 0.08695652173913043
transition 54 5 54 0 0.043478260869565216
transition 54 5 53 0 0.08695652173913043
transition 54 5 52 0 0.08695652173913043
transition 54 5 51 0 0.08695652173913043
transition 54 5 50 0 0.08695652173913043
transition 54 5 500 0 0.08695652173913043
transition 68 5 250 0 0.08333333333333333
transition 68 5 136 0 0.08333333333333333
transition 68 5 85 0 0.041666666666666664
transition 68 5 74 0 0.08333333333333333
transition 68 5 68 0 0.041666666666666664
transition 68 5 64 0 0.08333333333333333
transition 68 5 62 0 0.08333333333333333
transition 68 5 61 0 0.08333333333333333
transition 68 5 60 0 0.08333333333333333
transition 68 5 59 0 0.08333333333333333
transition 68 5 58 0 0.08333333333333333
transition 68 5 57 0 0.08333333333333333
transition 68 5 56 0 0.08333333333333333
transition 69 5 255 0 0.08695652173913043
transition 69 5 140 0 0.08695652173913043
transition 69 5 88 0 0.043478260869565216
transition 69 5 76 0 0.08695652173913043
transition 69 5 69 0 0.043478260869565216
transition 69 5 500 0 0.08695652173913043
transition 70 5 256 0 0.08695652173913043
transition 70 5 141 0 0.08695652173913043
transition 70 5 89 0 0.043478260869565216
transition 70 5 77 0 0.08695652173913043
transition 70 5 70 0 0.043478260869565216
transition 70 5 65 0 0.08695652173913043
transition 70 5 500 0 0.08695652173913043
transition 71 5 257 0 0.08695652173913043
transition 71 5 142 0 0.08695652173913043
transition 71 5 90 0 0.043478260869565216
transition 71 5 78 0 0.08695652173913043
transition 71 5 71 0 0.043478260869565216
transition 71 5 66 0 0.08695652173913043
transition 71 5 63 0 0.043478260869565216
transition 71 5 500 0 0.08695652173913043
transition 72 5 258 0 0.08695652173913043
transition 72 5 143 0 0.08695652173913043
transition 72 5 91 0 0.043478260869565216
transition 72 5 79 0 0.08695652173913043
transition 72 5 72 0 0.043478260869565216
transition 72 5 67 0 0.043478260869565216
transition 72 5 66 0 0.08695652173913043
transition 72 5 65 0 0.08695652173913043
transition 72 5 500 0 0.08695652173913043
transition 73 5 261 0 0.08695652173913043
transition 73 5 145 0 0.08695652173913043
transition 73 5 92 0 0.043478260869565216
transition 73 5 80 0 0.08695652173913043
transition 73 5 72 0 0.08695652173913043
transition 73 5 71 0 0.08695652173913043
transition 73 5 70 0 0.08695652173913043
transition 73 5 69 0 0.08695652173913043
transition 73 5 500 0 0.08695652173913043
transition 80 5 266 0 0.08695652173913043
transition 80 5 149 0 0.08695652173913043
transition 80 5 95 0 0.043478260869565216
transition 80 5 82 0 0.043478260869565216
transition 80 5 80 0 0.043478260869565216
transition 80 5 79 0 0.08695652173913043
transition 80 5 78 0 0.08695652173913043
transition 80 5 77 0 0.08695652173913043
transition 80 5 76 0 0.08695652173913043
transition 80 5 75 0 0.08695652173913043
transition 80 5 500 0 0.08695652173913043
transition 81 5 271 0 0.09090909090909091
transition 81 5 153 0 0.09090909090909091
transition 81 5 98 0 0.045454545454545456
transition 81 5 84 0 0.045454545454545456
transition 81 5 500 0 0.09090909090909091
transition 84 5 272 0 0.09090909090909091
transition 84 5 154 0 0.09090909090909091
transition 84 5 99 0 0.045454545454545456
transition 84 5 84 0 0.045454545454545456
transition 84 5 83 0 0.09090909090909091
transition 84 5 500 0 0.09090909090909091
transition 92 5 274 0 0.08695652173913043
transition 92 5 155 0 0.08695652173913043
transition 92 5 95 0 0.08695652173913043
transition 92 5 92 0 0.043478260869565216
transition 92 5 91 0 0.08695652173913043
transition 92 5 90 0 0.08695652173913043
transition 92 5 89 0 0.08695652173913043
transition 92 5 88 0 0.08695652173913043
transition 92 5 87 0 0.08695652173913043
transition 92 5 86 0 0.08695652173913043
transition 92 5 500 0 0.08695652173913043
transition 93 5 279 0 0.09090909090909091
transition 93 5 159 0 0.09090909090909091
transition 93 5 97 0 0.09090909090909091
transition 93 5 93 0 0.045454545454545456
transition 93 5 500 0 0.09090909090909091
transition 94 5 280 0 0.09090909090909091
transition 94 5 160 0 0.09090909090909091
transition 94 5 98 0 0.09090909090909091
transition 94 5 93 0 0.09090909090909091
transition 94 5 500 0 0.09090909090909091
transition 98 5 282 0 0.09090909090909091
transition 98 5 161 0 0.09090909090909091
transition 98 5 99 0 0.045454545454545456
transition 98 5 98 0 0.045454545454545456
transition 98 5 97 0 0.09090909090909091
transition 98 5 96 0 0.09090909090909091
transition 98 5 500 0 0.09090909090909091
transition 115 5 286 0 0.08333333333333333
transition 115 5 164 0 0.041666666666666664
transition 115 5 136 0 0.08333333333333333
transition 115 5 122 0 0.08333333333333333
transition 115 5 115 0 0.041666666666666664
transition 115 5 110 0 0.08333333333333333
transition 115 5 107 0 0.08333333333333333
transition 115 5 106 0 0.08333333333333333
transition 115 5 105 0 0.08333333333333333
transition 115 5 104 0 0.08333333333333333
transition 115 5 103 0 0.08333333333333333
transition 115 5 102 0 0.08333333333333333
transition 115 5 101 0 0.08333333333333333
transition 116 5 290 0 0.08695652173913043
transition 116 5 168 0 0.043478260869565216
transition 116 5 139 0 0.08695652173913043
transition 116 5 124 0 0.08695652173913043
transition 116 5 116 0 0.043478260869565216
transition 116 5 500 0 0.08695652173913043
transition 117 5 291 0 0.08695652173913043
transition 117 5 169 0 0.043478260869565216
transition 117 5 140 0 0.08695652173913043
transition 117 5 125 0 0.08695652173913043
transition 117 5 117 0 0.043478260869565216
transition 117 5 111 0 0.08695652173913043
transition 117 5 500 0 0.08695652173913043
transition 118 5 292 0 0.08695652173913043
transition 118 5 170 0 0.043478260869565216
transition 118 5 141 0 0.08695652173913043
transition 118 5 126 0 0.08695652173913043
transition 118 5 118 0 0.043478260869565216
transition 118 5 112 0 0.08695652173913043
transition 118 5 108 0 0.08695652173913043
transition 118 5 500 0 0.08695652173913043
transition 119 5 293 0 0.08695652173913043
transition 119 5 171 0 0.043478260869565216
transition 119 5 142 0 0.08695652173913043
transition 119 5 127 0 0.08695652173913043
transition 119 5 119 0 0.043478260869565216
transition 119 5 113 0 0.08695652173913043
transition 119 5 109 0 0.043478260869565216
transition 119 5 108 0 0.08695652173913043
transition 119 5 500 0 0.08695652173913043
transition 120 5 295 0 0.08695652173913043
transition 120 5 172 0 0.043478260869565216
transition 120 5 143 0 0.08695652173913043
transition 120 5 128 0 0.08695652173913043
transition 120 5 120 0 0.043478260869565216
transition 120 5 114 0 0.043478260869565216
transition 120 5 113 0 0.08695652173913043
transition 120 5 112 0 0.08695652173913043
transition 120 5 111 0 0.08695652173913043
transition 120 5 500 0 0.08695652173913043
transition 121 5 299 0 0.08695652173913043
transition 121 5 175 0 0.043478260869565216
transition 121 5 145 0 0.08695652173913043
transition 121 5 129 0 0.08695652173913043
transition 121 5 120 0 0.08695652173913043
transition 121 5 119 0 0.08695652173913043
transition 121 5 118 0 0.08695652173913043
transition 121 5 117 0 0.08695652173913043
transition 121 5 116 0 0.08695652173913043
transition 121 5 500 0 0.08695652173913043
transition 129 5 305 0 0.08695652173913043
transition 129 5 180 0 0.043478260869565216
transition 129 5 149 0 0.08695652173913043
transition 129 5 132 0 0.043478260869565216
transition 129 5 129 0 0.043478260869565216
transition 129 5 128 0 0.08695652173913043
transition 129 5 127 0 0.08695652173913043
transition 129 5 126 0 0.08695652173913043
transition 129 5 125 0 0.08695652173913043
transition 129 5 124 0 0.08695652173913043
transition 129 5 123 0 0.08695652173913043
transition 129 5 500 0 0.08695652173913043
transition 130 5 310 0 0.09090909090909091
transition 130 5 184 0 0.045454545454545456
transition 130 5 152 0 0.09090909090909091
transition 130 5 134 0 0.045454545454545456
transition 130 5 130 0 0.045454545454545456
transition 130 5 500 0 0.09090909090909091
transition 131 5 311 0 0.09090909090909091
transition 131 5 185 0 0.045454545454545456
transition 131 5 153 0 0.09090909090909091
transition 131 5 135 0 0.045454545454545456
transition 131 5 130 0 0.09090909090909091
transition 131 5 500 0 0.09090909090909091
transition 135 5 313 0 0.09090909090909091
transition 135 5 186 0 0.045454545454545456
transition 135 5 154 0 0.09090909090909091
transition 135 5 135 0 0.045454545454545456
transition 135 5 134 0 0.09090909090909091
transition 135 5 133 0 0.09090909090909091
transition 135 5 500 0 0.09090909090909091
transition 145 5 316 0 0.08695652173913043
transition 145 5 188 0 0.043478260869565216
transition 145 5 155 0 0.043478260869565216
transition 145 5 149 0 0.08695652173913043
transition 145 5 145 0 0.043478260869565216
transition 145 5 143 0 0.08695652173913043
transition 145 5 142 0 0.08695652173913043
transition 145 5 141 0 0.08695652173913043
transition 145 5 140 0 0.08695652173913043
transition 145 5 139 0 0.08695652173913043
transition 145 5 138 0 0.08695652173913043
transition 145 5 137 0 0.08695652173913043
transition 145 5 500 0 0.08695652173913043
transition 146 5 321 0 0.09090909090909091
transition 146 5 192 0 0.045454545454545456
transition 146 5 158 0 0.045454545454545456
transition 146 5 151 0 0.09090909090909091
transition 146 5 146 0 0.045454545454545456
transition 146 5 500 0 0.09090909090909091
transition 147 5 322 0 0.09090909090909091
transition 147 5 193 0 0.045454545454545456
transition 147 5 159 0 0.045454545454545456
transition 147 5 152 0 0.09090909090909091
transition 147 5 147 0 0.045454545454545456
transition 147 5 144 0 0.045454545454545456
transition 147 5 500 0 0.09090909090909091
transition 148 5 323 0 0.09090909090909091
transition 148 5 194 0 0.045454545454545456
transition 148 5 160 0 0.045454545454545456
transition 148 5 153 0 0.09090909090909091
transition 148 5 147 0 0.09090909090909091
transition 148 5 146 0 0.09090909090909091
transition 148 5 500 0 0.09090909090909091
transition 153 5 326 0 0.09090909090909091
transition 153 5 196 0 0.045454545454545456
transition 153 5 161 0 0.045454545454545456
transition 153 5 154 0 0.045454545454545456
transition 153 5 153 0 0.045454545454545456
transition 153 5 152 0 0.09090909090909091
transition 153 5 151 0 0.09090909090909091
transition 153 5 150 0 0.09090909090909091
transition 153 5 500 0 0.09090909090909091
transition 160 5 331 0 0.09090909090909091
transition 160 5 200 0 0.045454545454545456
transition 160 5 161 0 0.09090909090909091
transition 160 5 160 0 0.045454545454545456
transition 160 5 159 0 0.09090909090909091
transition 160 5 158 0 0.09090909090909091
transition 160 5 157 0 0.09090909090909091
transition 160 5 156 0 0.09090909090909091
transition 160 5 500 0 0.09090909090909091
transition 162 5 336 0 0.09523809523809523
transition 162 5 204 0 0.047619047619047616
transition 162 5 163 0 0.047619047619047616
transition 162 5 162 0 0.047619047619047616
transition 162 5 500 0 0.09523809523809523
transition 175 5 338 0 0.08695652173913043
transition 175 5 188 0 0.08695652173913043
transition 175 5 180 0 0.08695652173913043
transition 175 5 175 0 0.043478260869565216
transition 175 5 172 0 0.08695652173913043
transition 175 5 171 0 0.08695652173913043
transition 175 5 170 0 0.08695652173913043
transition 175 5 169 0 0.08695652173913043
transition 175 5 168 0 0.08695652173913043
transition 175 5 167 0 0.08695652173913043
transition 175 5 166 0 0.08695652173913043
transition 175 5 165 0 0.08695652173913043
transition 176 5 343 0 0.09090909090909091
transition 176 5 191 0 0.09090909090909091
transition 176 5 182 0 0.09090909090909091
transition 176 5 176 0 0.045454545454545456
transition 176 5 500 0 0.09090909090909091
transition 177 5 344 0 0.09090909090909091
transition 177 5 192 0 0.09090909090909091
transition 177 5 183 0 0.09090909090909091
transition 177 5 177 0 0.045454545454545456
transition 177 5 173 0 0.09090909090909091
transition 177 5 500 0 0.09090909090909091
transition 178 5 345 0 0.09090909090909091
transition 178 5 193 0 0.09090909090909091
transition 178 5 184 0 0.09090909090909091
transition 178 5 178 0 0.045454545454545456
transition 178 5 174 0 0.045454545454545456
transition 178 5 173 0 0.09090909090909091
transition 178 5 500 0 0.09090909090909091
transition 179 5 347 0 0.09090909090909091
transition 179 5 194 0 0.09090909090909091
transition 179 5 185 0 0.09090909090909091
transition 179 5 178 0 0.09090909090909091
transition 179 5 177 0 0.09090909090909091
transition 179 5 176 0 0.09090909090909091
transition 179 5 500 0 0.09090909090909091
transition 185 5 351 0 0.09090909090909091
transition 185 5 196 0 0.09090909090909091
transition 185 5 186 0 0.045454545454545456
transition 185 5 185 0 0.045454545454545456
transition 185 5 184 0 0.09090909090909091
transition 185 5 183 0 0.09090909090909091
transition 185 5 182 0 0.09090909090909091
transition 185 5 181 0 0.09090909090909091
transition 185 5 500 0 0.09090909090909091
transition 187 5 356 0 0.09523809523809523
transition 187 5 199 0 0.09523809523809523
transition 187 5 187 0 0.047619047619047616
transition 187 5 500 0 0.09523809523809523
transition 194 5 357 0 0.09090909090909091
transition 194 5 200 0 0.045454545454545456
transition 194 5 196 0 0.09090909090909091
transition 194 5 194 0 0.045454545454545456
transition 194 5 193 0 0.09090909090909091
transition 194 5 192 0 0.09090909090909091
transition 194 5 191 0 0.09090909090909091
transition 194 5 190 0 0.09090909090909091
transition 194 5 189 0 0.09090909090909091
transition 194 5 500 0 0.09090909090909091
transition 195 5 362 0 0.09523809523809523
transition 195 5 203 0 0.047619047619047616
transition 195 5 198 0 0.09523809523809523
transition 195 5 500 0 0.09523809523809523
transition 198 5 363 0 0.09523809523809523
transition 198 5 204 0 0.047619047619047616
transition 198 5 199 0 0.047619047619047616
transition 198 5 198 0 0.047619047619047616
transition 198 5 197 0 0.09523809523809523
transition 198 5 500 0 0.09523809523809523
transition 203 5 366 0 0.09523809523809523
transition 203 5 204 0 0.09523809523809523
transition 203 5 203 0 0.047619047619047616
transition 203 5 202 0 0.09523809523809523
transition 203 5 201 0 0.09523809523809523
transition 203 5 500 0 0.09523809523809523
transition 223 5 370 0 0.041666666666666664
transition 223 5 286 0 0.08333333333333333
transition 223 5 250 0 0.08333333333333333
transition 223 5 232 0 0.08333333333333333
transition 223 5 223 0 0.041666666666666664
transition 223 5 217 0 0.08333333333333333
transition 223 5 213 0 0.08333333333333333
transition 223 5 211 0 0.08333333333333333
transition 223 5 210 0 0.08333333333333333
transition 223 5 209 0 0.08333333333333333
transition 223 5 208 0 0.08333333333333333
transition 223 5 207 0 0.08333333333333333
transition 223 5 206 0 0.08333333333333333
transition 224 5 373 0 0.043478260869565216
transition 224 5 289 0 0.08695652173913043
transition 224 5 253 0 0.08695652173913043
transition 224 5 234 0 0.08695652173913043
transition 224 5 224 0 0.043478260869565216
transition 224 5 500 0 0.08695652173913043
transition 225 5 374 0 0.043478260869565216
transition 225 5 290 0 0.08695652173913043
transition 225 5 254 0 0.08695652173913043
transition 225 5 235 0 0.08695652173913043
transition 225 5 225 0 0.043478260869565216
transition 225 5 218 0 0.08695652173913043
transition 225 5 500 0 0.08695652173913043
transition 226 5 375 0 0.043478260869565216
transition 226 5 291 0 0.08695652173913043
transition 226 5 255 0 0.08695652173913043
transition 226 5 236 0 0.08695652173913043
transition 226 5 226 0 0.043478260869565216
transition 226 5 219 0 0.08695652173913043
transition 226 5 214 0 0.08695652173913043
transition 226 5 500 0 0.08695652173913043
transition 227 5 376 0 0.043478260869565216
transition 227 5 292 0 0.08695652173913043
transition 227 5 256 0 0.08695652173913043
transition 227 5 237 0 0.08695652173913043
transition 227 5 227 0 0.043478260869565216
transition 227 5 220 0 0.08695652173913043
transition 227 5 215 0 0.08695652173913043
transition 227 5 212 0 0.043478260869565216
transition 227 5 500 0 0.08695652173913043
transition 228 5 377 0 0.043478260869565216
transition 228 5 293 0 0.08695652173913043
transition 228 5 257 0 0.08695652173913043
transition 228 5 238 0 0.08695652173913043
transition 228 5 228 0 0.043478260869565216
transition 228 5 221 0 0.08695652173913043
transition 228 5 216 0 0.043478260869565216
transition 228 5 215 0 0.08695652173913043
transition 228 5 214 0 0.08695652173913043
transition 228 5 500 0 0.08695652173913043
transition 229 5 380 0 0.043478260869565216
transition 229 5 295 0 0.08695652173913043
transition 229 5 258 0 0.08695652173913043
transition 229 5 239 0 0.08695652173913043
transition 229 5 229 0 0.043478260869565216
transition 229 5 222 0 0.043478260869565216
transition 229 5 221 0 0.08695652173913043
transition 229 5 220 0 0.08695652173913043
transition 229 5 219 0 0.08695652173913043
transition 229 5 218 0 0.08695652173913043
transition 229 5 500 0 0.08695652173913043
transition 230 5 385 0 0.043478260869565216
transition 230 5 299 0 0.08695652173913043
transition 230 5 261 0 0.08695652173913043
transition 230 5 241 0 0.08695652173913043
transition 230 5 229 0 0.08695652173913043
transition 230 5 228 0 0.08695652173913043
transition 230 5 227 0 0.08695652173913043
transition 230 5 226 0 0.08695652173913043
transition 230 5 225 0 0.08695652173913043
transition 230 5 224 0 0.08695652173913043
transition 230 5 500 0 0.08695652173913043
transition 231 5 390 0 0.045454545454545456
transition 231 5 303 0 0.09090909090909091
transition 231 5 264 0 0.09090909090909091
transition 231 5 243 0 0.09090909090909091
transition 231 5 500 0 0.09090909090909091
transition 241 5 392 0 0.043478260869565216
transition 241 5 305 0 0.08695652173913043
transition 241 5 266 0 0.08695652173913043
transition 241 5 245 0 0.043478260869565216
transition 241 5 241 0 0.043478260869565216
transition 241 5 239 0 0.08695652173913043
transition 241 5 238 0 0.08695652173913043
transition 241 5 237 0 0.08695652173913043
transition 241 5 236 0 0.08695652173913043
transition 241 5 235 0 0.08695652173913043
transition 241 5 234 0 0.08695652173913043
transition 241 5 233 0 0.08695652173913043
transition 241 5 500 0 0.08695652173913043
transition 242 5 397 0 0.045454545454545456
transition 242 5 309 0 0.09090909090909091
transition 242 5 269 0 0.09090909090909091
transition 242 5 247 0 0.045454545454545456
transition 242 5 242 0 0.045454545454545456
transition 242 5 500 0 0.09090909090909091
transition 243 5 398 0 0.045454545454545456
transition 243 5 310 0 0.09090909090909091
transition 243 5 270 0 0.09090909090909091
transition 243 5 248 0 0.045454545454545456
transition 243 5 243 0 0.045454545454545456
transition 243 5 240 0 0.045454545454545456
transition 243 5 500 0 0.09090909090909091
transition 244 5 399 0 0.045454545454545456
transition 244 5 311 0 0.09090909090909091
transition 244 5 271 0 0.09090909090909091
transition 244 5 249 0 0.045454545454545456
transition 244 5 243 0 0.09090909090909091
transition 244 5 242 0 0.09090909090909091
transition 244 5 500 0 0.09090909090909091
transition 249 5 402 0 0.045454545454545456
transition 249 5 313 0 0.09090909090909091
transition 249 5 272 0 0.09090909090909091
transition 249 5 249 0 0.045454545454545456
transition 249 5 248 0 0.09090909090909091
transition 249 5 247 0 0.09090909090909091
transition 249 5 246 0 0.09090909090909091
transition 249 5 500 0 0.09090909090909091
transition 261 5 406 0 0.043478260869565216
transition 261 5 316 0 0.08695652173913043
transition 261 5 274 0 0.043478260869565216
transition 261 5 266 0 0.08695652173913043
transition 261 5 261 0 0.043478260869565216
transition 261 5 258 0 0.08695652173913043
transition 261 5 257 0 0.08695652173913043
transition 261 5 256 0 0.08695652173913043
transition 261 5 255 0 0.08695652173913043
transition 261 5 254 0 0.08695652173913043
transition 261 5 253 0 0.08695652173913043
transition 261 5 252 0 0.08695652173913043
transition 261 5 251 0 0.08695652173913043
transition 262 5 411 0 0.045454545454545456
transition 262 5 320 0 0.09090909090909091
transition 262 5 277 0 0.045454545454545456
transition 262 5 268 0 0.09090909090909091
transition 262 5 262 0 0.045454545454545456
transition 262 5 500 0 0.09090909090909091
transition 263 5 412 0 0.045454545454545456
transition 263 5 321 0 0.09090909090909091
transition 263 5 278 0 0.045454545454545456
transition 263 5 269 0 0.09090909090909091
transition 263 5 263 0 0.045454545454545456
transition 263 5 259 0 0.09090909090909091
transition 263 5 500 0 0.09090909090909091
transition 264 5 413 0 0.045454545454545456
transition 264 5 322 0 0.09090909090909091
transition 264 5 279 0 0.045454545454545456
transition 264 5 270 0 0.09090909090909091
transition 264 5 264 0 0.045454545454545456
transition 264 5 260 0 0.045454545454545456
transition 264 5 259 0 0.09090909090909091
transition 264 5 500 0 0.09090909090909091
transition 265 5 415 0 0.045454545454545456
transition 265 5 323 0 0.09090909090909091
transition 265 5 280 0 0.045454545454545456
transition 265 5 271 0 0.09090909090909091
transition 265 5 264 0 0.09090909090909091
transition 265 5 263 0 0.09090909090909091
transition 265 5 262 0 0.09090909090909091
transition 265 5 500 0 0.09090909090909091
transition 271 5 419 0 0.045454545454545456
transition 271 5 326 0 0.09090909090909091
transition 271 5 282 0 0.045454545454545456
transition 271 5 272 0 0.045454545454545456
transition 271 5 271 0 0.045454545454545456
transition 271 5 270 0 0.09090909090909091
transition 271 5 269 0 0.09090909090909091
transition 271 5 268 0 0.09090909090909091
transition 271 5 267 0 0.09090909090909091
transition 271 5 500 0 0.09090909090909091
transition 273 5 424 0 0.047619047619047616
transition 273 5 330 0 0.09523809523809523
transition 273 5 285 0 0.047619047619047616
transition 273 5 273 0 0.047619047619047616
transition 273 5 500 0 0.09523809523809523
transition 280 5 425 0 0.045454545454545456
transition 280 5 331 0 0.09090909090909091
transition 280 5 282 0 0.09090909090909091
transition 280 5 280 0 0.045454545454545456
transition 280 5 279 0 0.09090909090909091
transition 280 5 278 0 0.09090909090909091
transition 280 5 277 0 0.09090909090909091
transition 280 5 276 0 0.09090909090909091
transition 280 5 275 0 0.09090909090909091
transition 280 5 500 0 0.09090909090909091
transition 281 5 430 0 0.047619047619047616
transition 281 5 335 0 0.09523809523809523
transition 281 5 284 0 0.09523809523809523
transition 281 5 500 0 0.09523809523809523
transition 284 5 431 0 0.047619047619047616
transition 284 5 336 0 0.09523809523809523
transition 284 5 285 0 0.047619047619047616
transition 284 5 284 0 0.047619047619047616
transition 284 5 283 0 0.09523809523809523
transition 284 5 500 0 0.09523809523809523
transition 299 5 434 0 0.043478260869565216
transition 299 5 338 0 0.043478260869565216
transition 299 5 316 0 0.08695652173913043
transition 299 5 305 0 0.08695652173913043
transition 299 5 299 0 0.043478260869565216
transition 299 5 295 0 0.08695652173913043
transition 299 5 293 0 0.08695652173913043
transition 299 5 292 0 0.08695652173913043
transition 299 5 291 0 0.08695652173913043
transition 299 5 290 0 0.08695652173913043
transition 299 5 289 0 0.08695652173913043
transition 299 5 288 0 0.08695652173913043
transition 299 5 287 0 0.08695652173913043
transition 300 5 439 0 0.045454545454545456
transition 300 5 342 0 0.045454545454545456
transition 300 5 319 0 0.09090909090909091
transition 300 5 307 0 0.09090909090909091
transition 300 5 300 0 0.045454545454545456
transition 300 5 500 0 0.09090909090909091
transition 301 5 440 0 0.045454545454545456
transition 301 5 343 0 0.045454545454545456
transition 301 5 320 0 0.09090909090909091
transition 301 5 308 0 0.09090909090909091
transition 301 5 301 0 0.045454545454545456
transition 301 5 296 0 0.09090909090909091
transition 301 5 500 0 0.09090909090909091
transition 302 5 441 0 0.045454545454545456
transition 302 5 344 0 0.045454545454545456
transition 302 5 321 0 0.09090909090909091
transition 302 5 309 0 0.09090909090909091
transition 302 5 302 0 0.045454545454545456
transition 302 5 297 0 0.09090909090909091
transition 302 5 294 0 0.045454545454545456
transition 302 5 500 0 0.09090909090909091
transition 303 5 442 0 0.045454545454545456
transition 303 5 345 0 0.045454545454545456
transition 303 5 322 0 0.09090909090909091
transition 303 5 310 0 0.09090909090909091
transition 303 5 303 0 0.045454545454545456
transition 303 5 298 0 0.045454545454545456
transition 303 5 297 0 0.09090909090909091
transition 303 5 296 0 0.09090909090909091
transition 303 5 500 0 0.09090909090909091
transition 304 5 445 0 0.045454545454545456
transition 304 5 347 0 0.045454545454545456
transition 304 5 323 0 0.09090909090909091
transition 304 5 311 0 0.09090909090909091
transition 304 5 303 0 0.09090909090909091
transition 304 5 302 0 0.09090909090909091
transition 304 5 301 0 0.09090909090909091
transition 304 5 300 0 0.09090909090909091
transition 304 5 500 0 0.09090909090909091
transition 311 5 450 0 0.045454545454545456
transition 311 5 351 0 0.045454545454545456
transition 311 5 326 0 0.09090909090909091
transition 311 5 313 0 0.045454545454545456
transition 311 5 311 0 0.045454545454545456
transition 311 5 310 0 0.09090909090909091
transition 311 5 309 0 0.09090909090909091
transition 311 5 308 0 0.09090909090909091
transition 311 5 307 0 0.09090909090909091
transition 311 5 306 0 0.09090909090909091
transition 311 5 500 0 0.09090909090909091
transition 312 5 455 0 0.047619047619047616
transition 312 5 355 0 0.047619047619047616
transition 312 5 329 0 0.09523809523809523
transition 312 5 315 0 0.047619047619047616
transition 312 5 500 0 0.09523809523809523
transition 315 5 456 0 0.047619047619047616
transition 315 5 356 0 0.047619047619047616
transition 315 5 330 0 0.09523809523809523
transition 315 5 315 0 0.047619047619047616
transition 315 5 314 0 0.09523809523809523
transition 315 5 500 0 0.09523809523809523
transition 323 5 458 0 0.045454545454545456
transition 323 5 357 0 0.045454545454545456
transition 323 5 331 0 0.045454545454545456
transition 323 5 326 0 0.09090909090909091
transition 323 5 323 0 0.045454545454545456
transition 323 5 322 0 0.09090909090909091
transition 323 5 321 0 0.09090909090909091
transition 323 5 320 0 0.09090909090909091
transition 323 5 319 0 0.09090909090909091
transition 323 5 318 0 0.09090909090909091
transition 323 5 317 0 0.09090909090909091
transition 323 5 500 0 0.09090909090909091
transition 324 5 463 0 0.047619047619047616
transition 324 5 361 0 0.047619047619047616
transition 324 5 334 0 0.047619047619047616
transition 324 5 328 0 0.09523809523809523
transition 324 5 324 0 0.047619047619047616
transition 324 5 500 0 0.09523809523809523
transition 325 5 464 0 0.047619047619047616
transition 325 5 362 0 0.047619047619047616
transition 325 5 335 0 0.047619047619047616
transition 325 5 329 0 0.09523809523809523
transition 325 5 324 0 0.09523809523809523
transition 325 5 500 0 0.09523809523809523
transition 329 5 466 0 0.047619047619047616
transition 329 5 363 0 0.047619047619047616
transition 329 5 336 0 0.047619047619047616
transition 329 5 330 0 0.047619047619047616
transition 329 5 329 0 0.047619047619047616
transition 329 5 328 0 0.09523809523809523
transition 329 5 327 0 0.09523809523809523
transition 329 5 500 0 0.09523809523809523
transition 335 5 470 0 0.047619047619047616
transition 335 5 366 0 0.047619047619047616
transition 335 5 336 0 0.09523809523809523
transition 335 5 335 0 0.047619047619047616
transition 335 5 334 0 0.09523809523809523
transition 335 5 333 0 0.09523809523809523
transition 335 5 332 0 0.09523809523809523
transition 335 5 500 0 0.09523809523809523
transition 347 5 475 0 0.045454545454545456
transition 347 5 357 0 0.09090909090909091
transition 347 5 351 0 0.09090909090909091
transition 347 5 347 0 0.045454545454545456
transition 347 5 345 0 0.09090909090909091
transition 347 5 344 0 0.09090909090909091
transition 347 5 343 0 0.09090909090909091
transition 347 5 342 0 0.09090909090909091
transition 347 5 341 0 0.09090909090909091
transition 347 5 340 0 0.09090909090909091
transition 347 5 339 0 0.09090909090909091
transition 347 5 500 0 0.09090909090909091
transition 348 5 480 0 0.047619047619047616
transition 348 5 360 0 0.09523809523809523
transition 348 5 353 0 0.09523809523809523
transition 348 5 348 0 0.047619047619047616
transition 348 5 500 0 0.09523809523809523
transition 349 5 481 0 0.047619047619047616
transition 349 5 361 0 0.09523809523809523
transition 349 5 354 0 0.09523809523809523
transition 349 5 349 0 0.047619047619047616
transition 349 5 346 0 0.047619047619047616
transition 349 5 500 0 0.09523809523809523
transition 350 5 482 0 0.047619047619047616
transition 350 5 362 0 0.09523809523809523
transition 350 5 355 0 0.09523809523809523
transition 350 5 349 0 0.09523809523809523
transition 350 5 348 0 0.09523809523809523
transition 350 5 500 0 0.09523809523809523
transition 355 5 485 0 0.047619047619047616
transition 355 5 363 0 0.09523809523809523
transition 355 5 356 0 0.047619047619047616
transition 355 5 355 0 0.047619047619047616
transition 355 5 354 0 0.09523809523809523
transition 355 5 353 0 0.09523809523809523
transition 355 5 352 0 0.09523809523809523
transition 355 5 500 0 0.09523809523809523
transition 362 5 490 0 0.047619047619047616
transition 362 5 366 0 0.047619047619047616
transition 362 5 363 0 0.09523809523809523
transition 362 5 362 0 0.047619047619047616
transition 362 5 361 0 0.09523809523809523
transition 362 5 360 0 0.09523809523809523
transition 362 5 359 0 0.09523809523809523
transition 362 5 358 0 0.09523809523809523
transition 362 5 500 0 0.09523809523809523
transition 364 5 495 0 0.05
transition 364 5 369 0 0.05
transition 364 5 365 0 0.05
transition 364 5 364 0 0.05
transition 364 5 500 0 0.1
transition 368 5 497 0 0.05
transition 368 5 369 0 0.1
transition 368 5 368 0 0.05
transition 368 5 367 0 0.1
transition 368 5 500 0 0.1
transition 385 5 434 0 0.08695652173913043
transition 385 5 406 0 0.08695652173913043
transition 385 5 392 0 0.08695652173913043
transition 385 5 385 0 0.043478260869565216
transition 385 5 380 0 0.08695652173913043
transition 385 5 377 0 0.08695652173913043
transition 385 5 376 0 0.08695652173913043
transition 385 5 375 0 0.08695652173913043
transition 385 5 374 0 0.08695652173913043
transition 385 5 373 0 0.08695652173913043
transition 385 5 372 0 0.08695652173913043
transition 385 5 371 0 0.08695652173913043
transition 386 5 438 0 0.09090909090909091
transition 386 5 409 0 0.09090909090909091
transition 386 5 394 0 0.09090909090909091
transition 386 5 386 0 0.045454545454545456
transition 386 5 500 0 0.09090909090909091
transition 387 5 439 0 0.09090909090909091
transition 387 5 410 0 0.09090909090909091
transition 387 5 395 0 0.09090909090909091
transition 387 5 387 0 0.045454545454545456
transition 387 5 381 0 0.09090909090909091
transition 387 5 500 0 0.09090909090909091
transition 388 5 440 0 0.09090909090909091
transition 388 5 411 0 0.09090909090909091
transition 388 5 396 0 0.09090909090909091
transition 388 5 388 0 0.045454545454545456
transition 388 5 382 0 0.09090909090909091
transition 388 5 378 0 0.09090909090909091
transition 388 5 500 0 0.09090909090909091
transition 389 5 441 0 0.09090909090909091
transition 389 5 412 0 0.09090909090909091
transition 389 5 397 0 0.09090909090909091
transition 389 5 389 0 0.045454545454545456
transition 389 5 383 0 0.09090909090909091
transition 389 5 379 0 0.045454545454545456
transition 389 5 378 0 0.09090909090909091
transition 389 5 500 0 0.09090909090909091
transition 390 5 442 0 0.09090909090909091
transition 390 5 413 0 0.09090909090909091
transition 390 5 398 0 0.09090909090909091
transition 390 5 390 0 0.045454545454545456
transition 390 5 384 0 0.045454545454545456
transition 390 5 383 0 0.09090909090909091
transition 390 5 382 0 0.09090909090909091
transition 390 5 381 0 0.09090909090909091
transition 390 5 500 0 0.09090909090909091
transition 391 5 445 0 0.09090909090909091
transition 391 5 415 0 0.09090909090909091
transition 391 5 399 0 0.09090909090909091
transition 391 5 390 0 0.09090909090909091
transition 391 5 389 0 0.09090909090909091
transition 391 5 388 0 0.09090909090909091
transition 391 5 387 0 0.09090909090909091
transition 391 5 386 0 0.09090909090909091
transition 391 5 500 0 0.09090909090909091
transition 399 5 450 0 0.09090909090909091
transition 399 5 419 0 0.09090909090909091
transition 399 5 402 0 0.045454545454545456
transition 399 5 399 0 0.045454545454545456
transition 399 5 398 0 0.09090909090909091
transition 399 5 397 0 0.09090909090909091
transition 399 5 396 0 0.09090909090909091
transition 399 5 395 0 0.09090909090909091
transition 399 5 394 0 0.09090909090909091
transition 399 5 393 0 0.09090909090909091
transition 399 5 500 0 0.09090909090909091
transition 400 5 454 0 0.09523809523809523
transition 400 5 422 0 0.09523809523809523
transition 400 5 404 0 0.047619047619047616
transition 400 5 400 0 0.047619047619047616
transition 400 5 500 0 0.09523809523809523
transition 401 5 455 0 0.09523809523809523
transition 401 5 423 0 0.09523809523809523
transition 401 5 405 0 0.047619047619047616
transition 401 5 400 0 0.09523809523809523
transition 401 5 500 0 0.09523809523809523
transition 405 5 456 0 0.09523809523809523
transition 405 5 424 0 0.09523809523809523
transition 405 5 405 0 0.047619047619047616
transition 405 5 404 0 0.09523809523809523
transition 405 5 403 0 0.09523809523809523
transition 405 5 500 0 0.09523809523809523
transition 415 5 458 0 0.09090909090909091
transition 415 5 425 0 0.045454545454545456
transition 415 5 419 0 0.09090909090909091
transition 415 5 415 0 0.045454545454545456
transition 415 5 413 0 0.09090909090909091
transition 415 5 412 0 0.09090909090909091
transition 415 5 411 0 0.09090909090909091
transition 415 5 410 0 0.09090909090909091
transition 415 5 409 0 0.09090909090909091
transition 415 5 408 0 0.09090909090909091
transition 415 5 407 0 0.09090909090909091
transition 415 5 500 0 0.09090909090909091
transition 416 5 462 0 0.09523809523809523
transition 416 5 428 0 0.047619047619047616
transition 416 5 421 0 0.09523809523809523
transition 416 5 416 0 0.047619047619047616
transition 416 5 500 0 0.09523809523809523
transition 417 5 463 0 0.09523809523809523
transition 417 5 429 0 0.047619047619047616
transition 417 5 422 0 0.09523809523809523
transition 417 5 417 0 0.047619047619047616
transition 417 5 414 0 0.047619047619047616
transition 417 5 500 0 0.09523809523809523
transition 418 5 464 0 0.09523809523809523
transition 418 5 430 0 0.047619047619047616
transition 418 5 423 0 0.09523809523809523
transition 418 5 417 0 0.09523809523809523
transition 418 5 416 0 0.09523809523809523
transition 418 5 500 0 0.09523809523809523
transition 423 5 466 0 0.09523809523809523
transition 423 5 431 0 0.047619047619047616
transition 423 5 424 0 0.047619047619047616
transition 423 5 423 0 0.047619047619047616
transition 423 5 422 0 0.09523809523809523
transition 423 5 421 0 0.09523809523809523
transition 423 5 420 0 0.09523809523809523
transition 423 5 500 0 0.09523809523809523
transition 430 5 470 0 0.09523809523809523
transition 430 5 431 0 0.09523809523809523
transition 430 5 430 0 0.047619047619047616
transition 430 5 429 0 0.09523809523809523
transition 430 5 428 0 0.09523809523809523
transition 430 5 427 0 0.09523809523809523
transition 430 5 426 0 0.09523809523809523
transition 430 5 500 0 0.09523809523809523
transition 432 5 474 0 0.1
transition 432 5 433 0 0.05
transition 432 5 432 0 0.05
transition 432 5 500 0 0.1
transition 445 5 475 0 0.045454545454545456
transition 445 5 458 0 0.09090909090909091
transition 445 5 450 0 0.09090909090909091
transition 445 5 445 0 0.045454545454545456
transition 445 5 442 0 0.09090909090909091
transition 445 5 441 0 0.09090909090909091
transition 445 5 440 0 0.09090909090909091
transition 445 5 439 0 0.09090909090909091
transition 445 5 438 0 0.09090909090909091
transition 445 5 437 0 0.09090909090909091
transition 445 5 436 0 0.09090909090909091
transition 445 5 435 0 0.09090909090909091
transition 446 5 479 0 0.047619047619047616
transition 446 5 461 0 0.09523809523809523
transition 446 5 452 0 0.09523809523809523
transition 446 5 446 0 0.047619047619047616
transition 446 5 500 0 0.09523809523809523
transition 447 5 480 0 0.047619047619047616
transition 447 5 462 0 0.09523809523809523
transition 447 5 453 0 0.09523809523809523
transition 447 5 447 0 0.047619047619047616
transition 447 5 443 0 0.09523809523809523
transition 447 5 500 0 0.09523809523809523
transition 448 5 481 0 0.047619047619047616
transition 448 5 463 0 0.09523809523809523
transition 448 5 454 0 0.09523809523809523
transition 448 5 448 0 0.047619047619047616
transition 448 5 444 0 0.047619047619047616
transition 448 5 443 0 0.09523809523809523
transition 448 5 500 0 0.09523809523809523
transition 449 5 482 0 0.047619047619047616
transition 449 5 464 0 0.09523809523809523
transition 449 5 455 0 0.09523809523809523
transition 449 5 448 0 0.09523809523809523
transition 449 5 447 0 0.09523809523809523
transition 449 5 446 0 0.09523809523809523
transition 449 5 500 0 0.09523809523809523
transition 455 5 485 0 0.047619047619047616
transition 455 5 466 0 0.09523809523809523
transition 455 5 456 0 0.047619047619047616
transition 455 5 455 0 0.047619047619047616
transition 455 5 454 0 0.09523809523809523
transition 455 5 453 0 0.09523809523809523
transition 455 5 452 0 0.09523809523809523
transition 455 5 451 0 0.09523809523809523
transition 455 5 500 0 0.09523809523809523
transition 457 5 489 0 0.05
transition 457 5 469 0 0.1
transition 457 5 457 0 0.05
transition 457 5 500 0 0.1
transition 464 5 490 0 0.047619047619047616
transition 464 5 470 0 0.047619047619047616
transition 464 5 466 0 0.09523809523809523
transition 464 5 464 0 0.047619047619047616
transition 464 5 463 0 0.09523809523809523
transition 464 5 462 0 0.09523809523809523
transition 464 5 461 0 0.09523809523809523
transition 464 5 460 0 0.09523809523809523
transition 464 5 459 0 0.09523809523809523
transition 464 5 500 0 0.09523809523809523
transition 465 5 494 0 0.05
transition 465 5 473 0 0.05
transition 465 5 468 0 0.1
transition 465 5 500 0 0.1
transition 468 5 495 0 0.05
transition 468 5 474 0 0.05
transition 468 5 469 0 0.05
transition 468 5 468 0 0.05
transition 468 5 467 0 0.1
transition 468 5 500 0 0.1
transition 473 5 497 0 0.05
transition 473 5 474 0 0.1
transition 473 5 473 0 0.05
transition 473 5 472 0 0.1
transition 473 5 471 0 0.1
transition 473 5 500 0 0.1
transition 482 5 490 0 0.09523809523809523
transition 482 5 485 0 0.09523809523809523
transition 482 5 482 0 0.047619047619047616
transition 482 5 481 0 0.09523809523809523
transition 482 5 480 0 0.09523809523809523
transition 482 5 479 0 0.09523809523809523
transition 482 5 478 0 0.09523809523809523
transition 482 5 477 0 0.09523809523809523
transition 482 5 476 0 0.09523809523809523
transition 482 5 500 0 0.09523809523809523
transition 483 5 493 0 0.1
transition 483 5 487 0 0.1
transition 483 5 483 0 0.05
transition 483 5 500 0 0.1
transition 484 5 494 0 0.1
transition 484 5 488 0 0.1
transition 484 5 483 0 0.1
transition 484 5 500 0 0.1
transition 488 5 495 0 0.1
transition 488 5 489 0 0.05
transition 488 5 488 0 0.05
transition 488 5 487 0 0.1
transition 488 5 486 0 0.1
transition 488 5 500 0 0.1
transition 494 5 497 0 0.05
transition 494 5 495 0 0.1
transition 494 5 494 0 0.05
transition 494 5 493 0 0.1
transition 494 5 492 0 0.1
transition 494 5 491 0 0.1
transition 494 5 500 0 0.1
transition 498 5 499 0 0.10526315789473684
transition 498 5 498 0 0.05263157894736842
transition 498 5 500 0 0.10526315789473684
transition 14 6 205 0 0.08
transition 14 6 100 0 0.08
transition 14 6 55 0 0.08
transition 14 6 33 0 0.08
transition 14 6 21 0 0.08
transition 14 6 14 0 0.04
transition 14 6 9 0 0.08
transition 14 6 6 0 0.08
transition 14 6 5 0 0.08
transition 14 6 4 0 0.08
transition 14 6 3 0 0.08
transition 14 6 2 0 0.08
transition 14 6 1 0 0.08
transition 15 6 208 0 0.08333333333333333
transition 15 6 103 0 0.08333333333333333
transition 15 6 58 0 0.08333333333333333
transition 15 6 36 0 0.08333333333333333
transition 15 6 23 0 0.08333333333333333
transition 15 6 15 0 0.041666666666666664
transition 15 6 500 0 0.08333333333333333
transition 16 6 209 0 0.08333333333333333
transition 16 6 104 0 0.08333333333333333
transition 16 6 59 0 0.08333333333333333
transition 16 6 37 0 0.08333333333333333
transition 16 6 24 0 0.08333333333333333
transition 16 6 16 0 0.041666666666666664
transition 16 6 10 0 0.08333333333333333
transition 16 6 500 0 0.08333333333333333
transition 17 6 210 0 0.08333333333333333
transition 17 6 105 0 0.08333333333333333
transition 17 6 60 0 0.08333333333333333
transition 17 6 38 0 0.08333333333333333
transition 17 6 25 0 0.08333333333333333
transition 17 6 17 0 0.041666666666666664
transition 17 6 11 0 0.08333333333333333
transition 17 6 7 0 0.08333333333333333
transition 17 6 500 0 0.08333333333333333
transition 18 6 211 0 0.08333333333333333
transition 18 6 106 0 0.08333333333333333
transition 18 6 61 0 0.08333333333333333
transition 18 6 39 0 0.08333333333333333
transition 18 6 26 0 0.08333333333333333
transition 18 6 18 0 0.041666666666666664
transition 18 6 12 0 0.08333333333333333
transition 18 6 8 0 0.041666666666666664
transition 18 6 7 0 0.08333333333333333
transition 18 6 500 0 0.08333333333333333
transition 19 6 213 0 0.08333333333333333
transition 19 6 107 0 0.08333333333333333
transition 19 6 62 0 0.08333333333333333
transition 19 6 40 0 0.08333333333333333
transition 19 6 27 0 0.08333333333333333
transition 19 6 19 0 0.041666666666666664
transition 19 6 13 0 0.041666666666666664
transition 19 6 12 0 0.08333333333333333
transition 19 6 11 0 0.08333333333333333
transition 19 6 10 0 0.08333333333333333
transition 19 6 500 0 0.08333333333333333
transition 20 6 217 0 0.08333333333333333
transition 20 6 110 0 0.08333333333333333
transition 20 6 64 0 0.08333333333333333
transition 20 6 41 0 0.08333333333333333
transition 20 6 28 0 0.08333333333333333
transition 20 6 19 0 0.08333333333333333
transition 20 6 18 0 0.08333333333333333
transition 20 6 17 0 0.08333333333333333
transition 20 6 16 0 0.08333333333333333
transition 20 6 15 0 0.08333333333333333
transition 20 6 500 0 0.08333333333333333
transition 28 6 223 0 0.08333333333333333
transition 28 6 115 0 0.08333333333333333
transition 28 6 68 0 0.08333333333333333
transition 28 6 44 0 0.08333333333333333
transition 28 6 30 0 0.041666666666666664
transition 28 6 28 0 0.041666666666666664
transition 28 6 27 0 0.08333333333333333
transition 28 6 26 0 0.08333333333333333
transition 28 6 25 0 0.08333333333333333
transition 28 6 24 0 0.08333333333333333
transition 28 6 23 0 0.08333333333333333
transition 28 6 22 0 0.08333333333333333
transition 28 6 500 0 0.08333333333333333
transition 29 6 229 0 0.08695652173913043
transition 29 6 120 0 0.08695652173913043
transition 29 6 72 0 0.08695652173913043
transition 29 6 47 0 0.08695652173913043
transition 29 6 32 0 0.043478260869565216
transition 29 6 500 0 0.08695652173913043
transition 32 6 230 0 0.08695652173913043
transition 32 6 121 0 0.08695652173913043
transition 32 6 73 0 0.08695652173913043
transition 32 6 48 0 0.08695652173913043
transition 32 6 32 0 0.043478260869565216
transition 32 6 31 0 0.08695652173913043
transition 32 6 500 0 0.08695652173913043
transition 41 6 232 0 0.08333333333333333
transition 41 6 122 0 0.08333333333333333
transition 41 6 74 0 0.08333333333333333
transition 41 6 49 0 0.041666666666666664
transition 41 6 44 0 0.08333333333333333
transition 41 6 41 0 0.041666666666666664
transition 41 6 40 0 0.08333333333333333
transition 41 6 39 0 0.08333333333333333
transition 41 6 38 0 0.08333333333333333
transition 41 6 37 0 0.08333333333333333
transition 41 6 36 0 0.08333333333333333
transition 41 6 35 0 0.08333333333333333
transition 41 6 34 0 0.08333333333333333
transition 42 6 238 0 0.08695652173913043
transition 42 6 127 0 0.08695652173913043
transition 42 6 78 0 0.08695652173913043
transition 42 6 52 0 0.043478260869565216
transition 42 6 46 0 0.08695652173913043
transition 42 6 42 0 0.043478260869565216
transition 42 6 500 0 0.08695652173913043
transition 43 6 239 0 0.08695652173913043
transition 43 6 128 0 0.08695652173913043
transition 43 6 79 0 0.08695652173913043
transition 43 6 53 0 0.043478260869565216
transition 43 6 47 0 0.08695652173913043
transition 43 6 42 0 0.08695652173913043
transition 43 6 500 0 0.08695652173913043
transition 47 6 241 0 0.08695652173913043
transition 47 6 129 0 0.08695652173913043
transition 47 6 80 0 0.08695652173913043
transition 47 6 54 0 0.043478260869565216
transition 47 6 48 0 0.043478260869565216
transition 47 6 47 0 0.043478260869565216
transition 47 6 46 0 0.08695652173913043
transition 47 6 45 0 0.08695652173913043
transition 47 6 500 0 0.08695652173913043
transition 53 6 245 0 0.08695652173913043
transition 53 6 132 0 0.08695652173913043
transition 53 6 82 0 0.08695652173913043
transition 53 6 54 0 0.08695652173913043
transition 53 6 53 0 0.043478260869565216
transition 53 6 52 0 0.08695652173913043
transition 53 6 51 0 0.08695652173913043
transition 53 6 50 0 0.08695652173913043
transition 53 6 500 0 0.08695652173913043
transition 64 6 250 0 0.08333333333333333
transition 64 6 136 0 0.08333333333333333
transition 64 6 85 0 0.041666666666666664
transition 64 6 74 0 0.08333333333333333
transition 64 6 68 0 0.08333333333333333
transition 64 6 64 0 0.041666666666666664
transition 64 6 62 0 0.08333333333333333
transition 64 6 61 0 0.08333333333333333
transition 64 6 60 0 0.08333333333333333
transition 64 6 59 0 0.08333333333333333
transition 64 6 58 0 0.08333333333333333
transition 64 6 57 0 0.08333333333333333
transition 64 6 56 0 0.08333333333333333
transition 65 6 256 0 0.08695652173913043
transition 65 6 141 0 0.08695652173913043
transition 65 6 89 0 0.043478260869565216
transition 65 6 77 0 0.08695652173913043
transition 65 6 70 0 0.08695652173913043
transition 65 6 65 0 0.043478260869565216
transition 65 6 500 0 0.08695652173913043
transition 66 6 257 0 0.08695652173913043
transition 66 6 142 0 0.08695652173913043
transition 66 6 90 0 0.043478260869565216
transition 66 6 78 0 0.08695652173913043
transition 66 6 71 0 0.08695652173913043
transition 66 6 66 0 0.043478260869565216
transition 66 6 63 0 0.043478260869565216
transition 66 6 500 0 0.08695652173913043
transition 67 6 258 0 0.08695652173913043
transition 67 6 143 0 0.08695652173913043
transition 67 6 91 0 0.043478260869565216
transition 67 6 79 0 0.08695652173913043
transition 67 6 72 0 0.08695652173913043
transition 67 6 66 0 0.08695652173913043
transition 67 6 65 0 0.08695652173913043
transition 67 6 500 0 0.08695652173913043
transition 72 6 261 0 0.08695652173913043
transition 72 6 145 0 0.08695652173913043
transition 72 6 92 0 0.043478260869565216
transition 72 6 80 0 0.08695652173913043
transition 72 6 73 0 0.043478260869565216
transition 72 6 72 0 0.043478260869565216
transition 72 6 71 0 0.08695652173913043
transition 72 6 70 0 0.08695652173913043
transition 72 6 69 0 0.08695652173913043
transition 72 6 500 0 0.08695652173913043
transition 79 6 266 0 0.08695652173913043
transition 79 6 149 0 0.08695652173913043
transition 79 6 95 0 0.043478260869565216
transition 79 6 82 0 0.043478260869565216
transition 79 6 80 0 0.08695652173913043
transition 79 6 79 0 0.043478260869565216
transition 79 6 78 0 0.08695652173913043
transition 79 6 77 0 0.08695652173913043
transition 79 6 76 0 0.08695652173913043
transition 79 6 75 0 0.08695652173913043
transition 79 6 500 0 0.08695652173913043
transition 83 6 272 0 0.09090909090909091
transition 83 6 154 0 0.09090909090909091
transition 83 6 99 0 0.045454545454545456
transition 83 6 84 0 0.09090909090909091
transition 83 6 83 0 0.045454545454545456
transition 83 6 500 0 0.09090909090909091
transition 91 6 274 0 0.08695652173913043
transition 91 6 155 0 0.08695652173913043
transition 91 6 95 0 0.08695652173913043
transition 91 6 92 0 0.08695652173913043
transition 91 6 91 0 0.043478260869565216
transition 91 6 90 0 0.08695652173913043
transition 91 6 89 0 0.08695652173913043
transition 91 6 88 0 0.08695652173913043
transition 91 6 87 0 0.08695652173913043
transition 91 6 86 0 0.08695652173913043
transition 91 6 500 0 0.08695652173913043
transition 93 6 280 0 0.09090909090909091
transition 93 6 160 0 0.09090909090909091
transition 93 6 98 0 0.09090909090909091
transition 93 6 94 0 0.045454545454545456
transition 93 6 93 0 0.045454545454545456
transition 93 6 500 0 0.09090909090909091
transition 97 6 282 0 0.09090909090909091
transition 97 6 161 0 0.09090909090909091
transition 97 6 99 0 0.045454545454545456
transition 97 6 98 0 0.09090909090909091
transition 97 6 97 0 0.045454545454545456
transition 97 6 96 0 0.09090909090909091
transition 97 6 500 0 0.09090909090909091
transition 110 6 286 0 0.08333333333333333
transition 110 6 164 0 0.041666666666666664
transition 110 6 136 0 0.08333333333333333
transition 110 6 122 0 0.08333333333333333
transition 110 6 115 0 0.08333333333333333
transition 110 6 110 0 0.041666666666666664
transition 110 6 107 0 0.08333333333333333
transition 110 6 106 0 0.08333333333333333
transition 110 6 105 0 0.08333333333333333
transition 110 6 104 0 0.08333333333333333
transition 110 6 103 0 0.08333333333333333
transition 110 6 102 0 0.08333333333333333
transition 110 6 101 0 0.08333333333333333
transition 111 6 291 0 0.08695652173913043
transition 111 6 169 0 0.043478260869565216
transition 111 6 140 0 0.08695652173913043
transition 111 6 125 0 0.08695652173913043
transition 111 6 117 0 0.08695652173913043
transition 111 6 111 0 0.043478260869565216
transition 111 6 500 0 0.08695652173913043
transition 112 6 292 0 0.08695652173913043
transition 112 6 170 0 0.043478260869565216
transition 112 6 141 0 0.08695652173913043
transition 112 6 126 0 0.08695652173913043
transition 112 6 118 0 0.08695652173913043
transition 112 6 112 0 0.043478260869565216
transition 112 6 108 0 0.08695652173913043
transition 112 6 500 0 0.08695652173913043
transition 113 6 293 0 0.08695652173913043
transition 113 6 171 0 0.043478260869565216
transition 113 6 142 0 0.08695652173913043
transition 113 6 127 0 0.08695652173913043
transition 113 6 119 0 0.08695652173913043
transition 113 6 113 0 0.043478260869565216
transition 113 6 109 0 0.043478260869565216
transition 113 6 108 0 0.08695652173913043
transition 113 6 500 0 0.08695652173913043
transition 114 6 295 0 0.08695652173913043
transition 114 6 172 0 0.043478260869565216
transition 114 6 143 0 0.08695652173913043
transition 114 6 128 0 0.08695652173913043
transition 114 6 120 0 0.08695652173913043
transition 114 6 113 0 0.08695652173913043
transition 114 6 112 0 0.08695652173913043
transition 114 6 111 0 0.08695652173913043
transition 114 6 500 0 0.08695652173913043
transition 120 6 299 0 0.08695652173913043
transition 120 6 175 0 0.043478260869565216
transition 120 6 145 0 0.08695652173913043
transition 120 6 129 0 0.08695652173913043
transition 120 6 121 0 0.043478260869565216
transition 120 6 120 0 0.043478260869565216
transition 120 6 119 0 0.08695652173913043
transition 120 6 118 0 0.08695652173913043
transition 120 6 117 0 0.08695652173913043
transition 120 6 116 0 0.08695652173913043
transition 120 6 500 0 0.08695652173913043
transition 128 6 305 0 0.08695652173913043
transition 128 6 180 0 0.043478260869565216
transition 128 6 149 0 0.08695652173913043
transition 128 6 132 0 0.043478260869565216
transition 128 6 129 0 0.08695652173913043
transition 128 6 128 0 0.043478260869565216
transition 128 6 127 0 0.08695652173913043
transition 128 6 126 0 0.08695652173913043
transition 128 6 125 0 0.08695652173913043
transition 128 6 124 0 0.08695652173913043
transition 128 6 123 0 0.08695652173913043
transition 128 6 500 0 0.08695652173913043
transition 130 6 311 0 0.09090909090909091
transition 130 6 185 0 0.045454545454545456
transition 130 6 153 0 0.09090909090909091
transition 130 6 135 0 0.045454545454545456
transition 130 6 131 0 0.045454545454545456
transition 130 6 130 0 0.045454545454545456
transition 130 6 500 0 0.09090909090909091
transition 134 6 313 0 0.09090909090909091
transition 134 6 186 0 0.045454545454545456
transition 134 6 154 0 0.09090909090909091
transition 134 6 135 0 0.09090909090909091
transition 134 6 134 0 0.045454545454545456
transition 134 6 133 0 0.09090909090909091
transition 134 6 500 0 0.09090909090909091
transition 143 6 316 0 0.08695652173913043
transition 143 6 188 0 0.043478260869565216
transition 143 6 155 0 0.043478260869565216
transition 143 6 149 0 0.08695652173913043
transition 143 6 145 0 0.08695652173913043
transition 143 6 143 0 0.043478260869565216
transition 143 6 142 0 0.08695652173913043
transition 143 6 141 0 0.08695652173913043
transition 143 6 140 0 0.08695652173913043
transition 143 6 139 0 0.08695652173913043
transition 143 6 138 0 0.08695652173913043
transition 143 6 137 0 0.08695652173913043
transition 143 6 500 0 0.08695652173913043
transition 144 6 322 0 0.09090909090909091
transition 144 6 193 0 0.045454545454545456
transition 144 6 159 0 0.045454545454545456
transition 144 6 152 0 0.09090909090909091
transition 144 6 147 0 0.09090909090909091
transition 144 6 500 0 0.09090909090909091
transition 147 6 323 0 0.09090909090909091
transition 147 6 194 0 0.045454545454545456
transition 147 6 160 0 0.045454545454545456
transition 147 6 153 0 0.09090909090909091
transition 147 6 148 0 0.045454545454545456
transition 147 6 147 0 0.045454545454545456
transition 147 6 146 0 0.09090909090909091
transition 147 6 500 0 0.09090909090909091
transition 152 6 326 0 0.09090909090909091
transition 152 6 196 0 0.045454545454545456
transition 152 6 161 0 0.045454545454545456
transition 152 6 154 0 0.045454545454545456
transition 152 6 153 0 0.09090909090909091
transition 152 6 152 0 0.045454545454545456
transition 152 6 151 0 0.09090909090909091
transition 152 6 150 0 0.09090909090909091
transition 152 6 500 0 0.09090909090909091
transition 159 6 331 0 0.09090909090909091
transition 159 6 200 0 0.045454545454545456
transition 159 6 161 0 0.09090909090909091
transition 159 6 160 0 0.09090909090909091
transition 159 6 159 0 0.045454545454545456
transition 159 6 158 0 0.09090909090909091
transition 159 6 157 0 0.09090909090909091
transition 159 6 156 0 0.09090909090909091
transition 159 6 500 0 0.09090909090909091
transition 172 6 338 0 0.08695652173913043
transition 172 6 188 0 0.08695652173913043
transition 172 6 180 0 0.08695652173913043
transition 172 6 175 0 0.08695652173913043
transition 172 6 172 0 0.043478260869565216
transition 172 6 171 0 0.08695652173913043
transition 172 6 170 0 0.08695652173913043
transition 172 6 169 0 0.08695652173913043
transition 172 6 168 0 0.08695652173913043
transition 172 6 167 0 0.08695652173913043
transition 172 6 166 0 0.08695652173913043
transition 172 6 165 0 0.08695652173913043
transition 173 6 344 0 0.09090909090909091
transition 173 6 192 0 0.09090909090909091
transition 173 6 183 0 0.09090909090909091
transition 173 6 177 0 0.09090909090909091
transition 173 6 173 0 0.045454545454545456
transition 173 6 500 0 0.09090909090909091
transition 174 6 345 0 0.09090909090909091
transition 174 6 193 0 0.09090909090909091
transition 174 6 184 0 0.09090909090909091
transition 174 6 178 0 0.09090909090909091
transition 174 6 173 0 0.09090909090909091
transition 174 6 500 0 0.09090909090909091
transition 178 6 347 0 0.09090909090909091
transition 178 6 194 0 0.09090909090909091
transition 178 6 185 0 0.09090909090909091
transition 178 6 179 0 0.045454545454545456
transition 178 6 178 0 0.045454545454545456
transition 178 6 177 0 0.09090909090909091
transition 178 6 176 0 0.09090909090909091
transition 178 6 500 0 0.09090909090909091
transition 184 6 351 0 0.09090909090909091
transition 184 6 196 0 0.09090909090909091
transition 184 6 186 0 0.045454545454545456
transition 184 6 185 0 0.09090909090909091
transition 184 6 184 0 0.045454545454545456
transition 184 6 183 0 0.09090909090909091
transition 184 6 182 0 0.09090909090909091
transition 184 6 181 0 0.09090909090909091
transition 184 6 500 0 0.09090909090909091
transition 193 6 357 0 0.09090909090909091
transition 193 6 200 0 0.045454545454545456
transition 193 6 196 0 0.09090909090909091
transition 193 6 194 0 0.09090909090909091
transition 193 6 193 0 0.045454545454545456
transition 193 6 192 0 0.09090909090909091
transition 193 6 191 0 0.09090909090909091
transition 193 6 190 0 0.09090909090909091
transition 193 6 189 0 0.09090909090909091
transition 193 6 500 0 0.09090909090909091
transition 197 6 363 0 0.09523809523809523
transition 197 6 204 0 0.047619047619047616
transition 197 6 199 0 0.047619047619047616
transition 197 6 198 0 0.09523809523809523
transition 197 6 197 0 0.047619047619047616
transition 197 6 500 0 0.09523809523809523
transition 202 6 366 0 0.09523809523809523
transition 202 6 204 0 0.09523809523809523
transition 202 6 203 0 0.09523809523809523
transition 202 6 202 0 0.047619047619047616
transition 202 6 201 0 0.09523809523809523
transition 202 6 500 0 0.09523809523809523
transition 217 6 370 0 0.041666666666666664
transition 217 6 286 0 0.08333333333333333
transition 217 6 250 0 0.08333333333333333
transition 217 6 232 0 0.08333333333333333
transition 217 6 223 0 0.08333333333333333
transition 217 6 217 0 0.041666666666666664
transition 217 6 213 0 0.08333333333333333
transition 217 6 211 0 0.08333333333333333
transition 217 6 210 0 0.08333333333333333
transition 217 6 209 0 0.08333333333333333
transition 217 6 208 0 0.08333333333333333
transition 217 6 207 0 0.08333333333333333
transition 217 6 206 0 0.08333333333333333
transition 218 6 374 0 0.043478260869565216
transition 218 6 290 0 0.08695652173913043
transition 218 6 254 0 0.08695652173913043
transition 218 6 235 0 0.08695652173913043
transition 218 6 225 0 0.08695652173913043
transition 218 6 218 0 0.043478260869565216
transition 218 6 500 0 0.08695652173913043
transition 219 6 375 0 0.043478260869565216
transition 219 6 291 0 0.08695652173913043
transition 219 6 255 0 0.08695652173913043
transition 219 6 236 0 0.08695652173913043
transition 219 6 226 0 0.08695652173913043
transition 219 6 219 0 0.043478260869565216
transition 219 6 214 0 0.08695652173913043
transition 219 6 500 0 0.08695652173913043
transition 220 6 376 0 0.043478260869565216
transition 220 6 292 0 0.08695652173913043
transition 220 6 256 0 0.08695652173913043
transition 220 6 237 0 0.08695652173913043
transition 220 6 227 0 0.08695652173913043
transition 220 6 220 0 0.043478260869565216
transition 220 6 215 0 0.08695652173913043
transition 220 6 212 0 0.043478260869565216
transition 220 6 500 0 0.08695652173913043
transition 221 6 377 0 0.043478260869565216
transition 221 6 293 0 0.08695652173913043
transition 221 6 257 0 0.08695652173913043
transition 221 6 238 0 0.08695652173913043
transition 221 6 228 0 0.08695652173913043
transition 221 6 221 0 0.043478260869565216
transition 221 6 216 0 0.043478260869565216
transition 221 6 215 0 0.08695652173913043
transition 221 6 214 0 0.08695652173913043
transition 221 6 500 0 0.08695652173913043
transition 222 6 380 0 0.043478260869565216
transition 222 6 295 0 0.08695652173913043
transition 222 6 258 0 0.08695652173913043
transition 222 6 239 0 0.08695652173913043
transition 222 6 229 0 0.08695652173913043
transition 222 6 221 0 0.08695652173913043
transition 222 6 220 0 0.08695652173913043
transition 222 6 219 0 0.08695652173913043
transition 222 6 218 0 0.08695652173913043
transition 222 6 500 0 0.08695652173913043
transition 229 6 385 0 0.043478260869565216
transition 229 6 299 0 0.08695652173913043
transition 229 6 261 0 0.08695652173913043
transition 229 6 241 0 0.08695652173913043
transition 229 6 230 0 0.043478260869565216
transition 229 6 229 0 0.043478260869565216
transition 229 6 228 0 0.08695652173913043
transition 229 6 227 0 0.08695652173913043
transition 229 6 226 0 0.08695652173913043
transition 229 6 225 0 0.08695652173913043
transition 229 6 224 0 0.08695652173913043
transition 229 6 500 0 0.08695652173913043
transition 231 6 391 0 0.045454545454545456
transition 231 6 304 0 0.09090909090909091
transition 231 6 265 0 0.09090909090909091
transition 231 6 244 0 0.09090909090909091
transition 231 6 231 0 0.045454545454545456
transition 231 6 500 0 0.09090909090909091
transition 239 6 392 0 0.043478260869565216
transition 239 6 305 0 0.08695652173913043
transition 239 6 266 0 0.08695652173913043
transition 239 6 245 0 0.043478260869565216
transition 239 6 241 0 0.08695652173913043
transition 239 6 239 0 0.043478260869565216
transition 239 6 238 0 0.08695652173913043
transition 239 6 237 0 0.08695652173913043
transition 239 6 236 0 0.08695652173913043
transition 239 6 235 0 0.08695652173913043
transition 239 6 234 0 0.08695652173913043
transition 239 6 233 0 0.08695652173913043
transition 239 6 500 0 0.08695652173913043
transition 240 6 398 0 0.045454545454545456
transition 240 6 310 0 0.09090909090909091
transition 240 6 270 0 0.09090909090909091
transition 240 6 248 0 0.045454545454545456
transition 240 6 243 0 0.09090909090909091
transition 240 6 500 0 0.09090909090909091
transition 243 6 399 0 0.045454545454545456
transition 243 6 311 0 0.09090909090909091
transition 243 6 271 0 0.09090909090909091
transition 243 6 249 0 0.045454545454545456
transition 243 6 244 0 0.045454545454545456
transition 243 6 243 0 0.045454545454545456
transition 243 6 242 0 0.09090909090909091
transition 243 6 500 0 0.09090909090909091
transition 248 6 402 0 0.045454545454545456
transition 248 6 313 0 0.09090909090909091
transition 248 6 272 0 0.09090909090909091
transition 248 6 249 0 0.09090909090909091
transition 248 6 248 0 0.045454545454545456
transition 248 6 247 0 0.09090909090909091
transition 248 6 246 0 0.09090909090909091
transition 248 6 500 0 0.09090909090909091
transition 258 6 406 0 0.043478260869565216
transition 258 6 316 0 0.08695652173913043
transition 258 6 274 0 0.043478260869565216
transition 258 6 266 0 0.08695652173913043
transition 258 6 261 0 0.08695652173913043
transition 258 6 258 0 0.043478260869565216
transition 258 6 257 0 0.08695652173913043
transition 258 6 256 0 0.08695652173913043
transition 258 6 255 0 0.08695652173913043
transition 258 6 254 0 0.08695652173913043
transition 258 6 253 0 0.08695652173913043
transition 258 6 252 0 0.08695652173913043
transition 258 6 251 0 0.08695652173913043
transition 259 6 412 0 0.045454545454545456
transition 259 6 321 0 0.09090909090909091
transition 259 6 278 0 0.045454545454545456
transition 259 6 269 0 0.09090909090909091
transition 259 6 263 0 0.09090909090909091
transition 259 6 259 0 0.045454545454545456
transition 259 6 500 0 0.09090909090909091
transition 260 6 413 0 0.045454545454545456
transition 260 6 322 0 0.09090909090909091
transition 260 6 279 0 0.045454545454545456
transition 260 6 270 0 0.09090909090909091
transition 260 6 264 0 0.09090909090909091
transition 260 6 259 0 0.09090909090909091
transition 260 6 500 0 0.09090909090909091
transition 264 6 415 0 0.045454545454545456
transition 264 6 323 0 0.09090909090909091
transition 264 6 280 0 0.045454545454545456
transition 264 6 271 0 0.09090909090909091
transition 264 6 265 0 0.045454545454545456
transition 264 6 264 0 0.045454545454545456
transition 264 6 263 0 0.09090909090909091
transition 264 6 262 0 0.09090909090909091
transition 264 6 500 0 0.09090909090909091
transition 270 6 419 0 0.045454545454545456
transition 270 6 326 0 0.09090909090909091
transition 270 6 282 0 0.045454545454545456
transition 270 6 272 0 0.045454545454545456
transition 270 6 271 0 0.09090909090909091
transition 270 6 270 0 0.045454545454545456
transition 270 6 269 0 0.09090909090909091
transition 270 6 268 0 0.09090909090909091
transition 270 6 267 0 0.09090909090909091
transition 270 6 500 0 0.09090909090909091
transition 279 6 425 0 0.045454545454545456
transition 279 6 331 0 0.09090909090909091
transition 279 6 282 0 0.09090909090909091
transition 279 6 280 0 0.09090909090909091
transition 279 6 279 0 0.045454545454545456
transition 279 6 278 0 0.09090909090909091
transition 279 6 277 0 0.09090909090909091
transition 279 6 276 0 0.09090909090909091
transition 279 6 275 0 0.09090909090909091
transition 279 6 500 0 0.09090909090909091
transition 283 6 431 0 0.047619047619047616
transition 283 6 336 0 0.09523809523809523
transition 283 6 285 0 0.047619047619047616
transition 283 6 284 0 0.09523809523809523
transition 283 6 283 0 0.047619047619047616
transition 283 6 500 0 0.09523809523809523
transition 295 6 434 0 0.043478260869565216
transition 295 6 338 0 0.043478260869565216
transition 295 6 316 0 0.08695652173913043
transition 295 6 305 0 0.08695652173913043
transition 295 6 299 0 0.08695652173913043
transition 295 6 295 0 0.043478260869565216
transition 295 6 293 0 0.08695652173913043
transition 295 6 292 0 0.08695652173913043
transition 295 6 291 0 0.08695652173913043
transition 295 6 290 0 0.08695652173913043
transition 295 6 289 0 0.08695652173913043
transition 295 6 288 0 0.08695652173913043
transition 295 6 287 0 0.08695652173913043
transition 296 6 440 0 0.045454545454545456
transition 296 6 343 0 0.045454545454545456
transition 296 6 320 0 0.09090909090909091
transition 296 6 308 0 0.09090909090909091
transition 296 6 301 0 0.09090909090909091
transition 296 6 296 0 0.045454545454545456
transition 296 6 500 0 0.09090909090909091
transition 297 6 441 0 0.045454545454545456
transition 297 6 344 0 0.045454545454545456
transition 297 6 321 0 0.09090909090909091
transition 297 6 309 0 0.09090909090909091
transition 297 6 302 0 0.09090909090909091
transition 297 6 297 0 0.045454545454545456
transition 297 6 294 0 0.045454545454545456
transition 297 6 500 0 0.09090909090909091
transition 298 6 442 0 0.045454545454545456
transition 298 6 345 0 0.045454545454545456
transition 298 6 322 0 0.09090909090909091
transition 298 6 310 0 0.09090909090909091
transition 298 6 303 0 0.09090909090909091
transition 298 6 297 0 0.09090909090909091
transition 298 6 296 0 0.09090909090909091
transition 298 6 500 0 0.09090909090909091
transition 303 6 445 0 0.045454545454545456
transition 303 6 347 0 0.045454545454545456
transition 303 6 323 0 0.09090909090909091
transition 303 6 311 0 0.09090909090909091
transition 303 6 304 0 0.045454545454545456
transition 303 6 303 0 0.045454545454545456
transition 303 6 302 0 0.09090909090909091
transition 303 6 301 0 0.09090909090909091
transition 303 6 300 0 0.09090909090909091
transition 303 6 500 0 0.09090909090909091
transition 310 6 450 0 0.045454545454545456
transition 310 6 351 0 0.045454545454545456
transition 310 6 326 0 0.09090909090909091
transition 310 6 313 0 0.045454545454545456
transition 310 6 311 0 0.09090909090909091
transition 310 6 310 0 0.045454545454545456
transition 310 6 309 0 0.09090909090909091
transition 310 6 308 0 0.09090909090909091
transition 310 6 307 0 0.09090909090909091
transition 310 6 306 0 0.09090909090909091
transition 310 6 500 0 0.09090909090909091
transition 314 6 456 0 0.047619047619047616
transition 314 6 356 0 0.047619047619047616
transition 314 6 330 0 0.09523809523809523
transition 314 6 315 0 0.09523809523809523
transition 314 6 314 0 0.047619047619047616
transition 314 6 500 0 0.09523809523809523
transition 322 6 458 0 0.045454545454545456
transition 322 6 357 0 0.045454545454545456
transition 322 6 331 0 0.045454545454545456
transition 322 6 326 0 0.09090909090909091
transition 322 6 323 0 0.09090909090909091
transition 322 6 322 0 0.045454545454545456
transition 322 6 321 0 0.09090909090909091
transition 322 6 320 0 0.09090909090909091
transition 322 6 319 0 0.09090909090909091
transition 322 6 318 0 0.09090909090909091
transition 322 6 317 0 0.09090909090909091
transition 322 6 500 0 0.09090909090909091
transition 324 6 464 0 0.047619047619047616
transition 324 6 362 0 0.047619047619047616
transition 324 6 335 0 0.047619047619047616
transition 324 6 329 0 0.09523809523809523
transition 324 6 325 0 0.047619047619047616
transition 324 6 324 0 0.047619047619047616
transition 324 6 500 0 0.09523809523809523
transition 328 6 466 0 0.047619047619047616
transition 328 6 363 0 0.047619047619047616
transition 328 6 336 0 0.047619047619047616
transition 328 6 330 0 0.047619047619047616
transition 328 6 329 0 0.09523809523809523
transition 328 6 328 0 0.047619047619047616
transition 328 6 327 0 0.09523809523809523
transition 328 6 500 0 0.09523809523809523
transition 334 6 470 0 0.047619047619047616
transition 334 6 366 0 0.047619047619047616
transition 334 6 336 0 0.09523809523809523
transition 334 6 335 0 0.09523809523809523
transition 334 6 334 0 0.047619047619047616
transition 334 6 333 0 0.09523809523809523
transition 334 6 332 0 0.09523809523809523
transition 334 6 500 0 0.09523809523809523
transition 345 6 475 0 0.045454545454545456
transition 345 6 357 0 0.09090909090909091
transition 345 6 351 0 0.09090909090909091
transition 345 6 347 0 0.09090909090909091
transition 345 6 345 0 0.045454545454545456
transition 345 6 344 0 0.09090909090909091
transition 345 6 343 0 0.09090909090909091
transition 345 6 342 0 0.09090909090909091
transition 345 6 341 0 0.09090909090909091
transition 345 6 340 0 0.09090909090909091
transition 345 6 339 0 0.09090909090909091
transition 345 6 500 0 0.09090909090909091
transition 346 6 481 0 0.047619047619047616
transition 346 6 361 0 0.09523809523809523
transition 346 6 354 0 0.09523809523809523
transition 346 6 349 0 0.09523809523809523
transition 346 6 500 0 0.09523809523809523
transition 349 6 482 0 0.047619047619047616
transition 349 6 362 0 0.09523809523809523
transition 349 6 355 0 0.09523809523809523
transition 349 6 350 0 0.047619047619047616
transition 349 6 349 0 0.047619047619047616
transition 349 6 348 0 0.09523809523809523
transition 349 6 500 0 0.09523809523809523
transition 354 6 485 0 0.047619047619047616
transition 354 6 363 0 0.09523809523809523
transition 354 6 356 0 0.047619047619047616
transition 354 6 355 0 0.09523809523809523
transition 354 6 354 0 0.047619047619047616
transition 354 6 353 0 0.09523809523809523
transition 354 6 352 0 0.09523809523809523
transition 354 6 500 0 0.09523809523809523
transition 361 6 490 0 0.047619047619047616
transition 361 6 366 0 0.047619047619047616
transition 361 6 363 0 0.09523809523809523
transition 361 6 362 0 0.09523809523809523
transition 361 6 361 0 0.047619047619047616
transition 361 6 360 0 0.09523809523809523
transition 361 6 359 0 0.09523809523809523
transition 361 6 358 0 0.09523809523809523
transition 361 6 500 0 0.09523809523809523
transition 367 6 497 0 0.05
transition 367 6 369 0 0.1
transition 367 6 368 0 0.1
transition 367 6 367 0 0.05
transition 367 6 500 0 0.1
transition 380 6 434 0 0.08695652173913043
transition 380 6 406 0 0.08695652173913043
transition 380 6 392 0 0.08695652173913043
transition 380 6 385 0 0.08695652173913043
transition 380 6 380 0 0.043478260869565216
transition 380 6 377 0 0.08695652173913043
transition 380 6 376 0 0.08695652173913043
transition 380 6 375 0 0.08695652173913043
transition 380 6 374 0 0.08695652173913043
transition 380 6 373 0 0.08695652173913043
transition 380 6 372 0 0.08695652173913043
transition 380 6 371 0 0.08695652173913043
transition 381 6 439 0 0.09090909090909091
transition 381 6 410 0 0.09090909090909091
transition 381 6 395 0 0.09090909090909091
transition 381 6 387 0 0.09090909090909091
transition 381 6 381 0 0.045454545454545456
transition 381 6 500 0 0.09090909090909091
transition 382 6 440 0 0.09090909090909091
transition 382 6 411 0 0.09090909090909091
transition 382 6 396 0 0.09090909090909091
transition 382 6 388 0 0.09090909090909091
transition 382 6 382 0 0.045454545454545456
transition 382 6 378 0 0.09090909090909091
transition 382 6 500 0 0.09090909090909091
transition 383 6 441 0 0.09090909090909091
transition 383 6 412 0 0.09090909090909091
transition 383 6 397 0 0.09090909090909091
transition 383 6 389 0 0.09090909090909091
transition 383 6 383 0 0.045454545454545456
transition 383 6 379 0 0.045454545454545456
transition 383 6 378 0 0.09090909090909091
transition 383 6 500 0 0.09090909090909091
transition 384 6 442 0 0.09090909090909091
transition 384 6 413 0 0.09090909090909091
transition 384 6 398 0 0.09090909090909091
transition 384 6 390 0 0.09090909090909091
transition 384 6 383 0 0.09090909090909091
transition 384 6 382 0 0.09090909090909091
transition 384 6 381 0 0.09090909090909091
transition 384 6 500 0 0.09090909090909091
transition 390 6 445 0 0.09090909090909091
transition 390 6 415 0 0.09090909090909091
transition 390 6 399 0 0.09090909090909091
transition 390 6 391 0 0.045454545454545456
transition 390 6 390 0 0.045454545454545456
transition 390 6 389 0 0.09090909090909091
transition 390 6 388 0 0.09090909090909091
transition 390 6 387 0 0.09090909090909091
transition 390 6 386 0 0.09090909090909091
transition 390 6 500 0 0.09090909090909091
transition 398 6 450 0 0.09090909090909091
transition 398 6 419 0 0.09090909090909091
transition 398 6 402 0 0.045454545454545456
transition 398 6 399 0 0.09090909090909091
transition 398 6 398 0 0.045454545454545456
transition 398 6 397 0 0.09090909090909091
transition 398 6 396 0 0.09090909090909091
transition 398 6 395 0 0.09090909090909091
transition 398 6 394 0 0.09090909090909091
transition 398 6 393 0 0.09090909090909091
transition 398 6 500 0 0.09090909090909091
transition 400 6 455 0 0.09523809523809523
transition 400 6 423 0 0.09523809523809523
transition 400 6 405 0 0.047619047619047616
transition 400 6 401 0 0.047619047619047616
transition 400 6 400 0 0.047619047619047616
transition 400 6 500 0 0.09523809523809523
transition 404 6 456 0 0.09523809523809523
transition 404 6 424 0 0.09523809523809523
transition 404 6 405 0 0.09523809523809523
transition 404 6 404 0 0.047619047619047616
transition 404 6 403 0 0.09523809523809523
transition 404 6 500 0 0.09523809523809523
transition 413 6 458 0 0.09090909090909091
transition 413 6 425 0 0.045454545454545456
transition 413 6 419 0 0.09090909090909091
transition 413 6 415 0 0.09090909090909091
transition 413 6 413 0 0.045454545454545456
transition 413 6 412 0 0.09090909090909091
transition 413 6 411 0 0.09090909090909091
transition 413 6 410 0 0.09090909090909091
transition 413 6 409 0 0.09090909090909091
transition 413 6 408 0 0.09090909090909091
transition 413 6 407 0 0.09090909090909091
transition 413 6 500 0 0.09090909090909091
transition 414 6 463 0 0.09523809523809523
transition 414 6 429 0 0.047619047619047616
transition 414 6 422 0 0.09523809523809523
transition 414 6 417 0 0.09523809523809523
transition 414 6 500 0 0.09523809523809523
transition 417 6 464 0 0.09523809523809523
transition 417 6 430 0 0.047619047619047616
transition 417 6 423 0 0.09523809523809523
transition 417 6 418 0 0.047619047619047616
transition 417 6 417 0 0.047619047619047616
transition 417 6 416 0 0.09523809523809523
transition 417 6 500 0 0.09523809523809523
transition 422 6 466 0 0.09523809523809523
transition 422 6 431 0 0.047619047619047616
transition 422 6 424 0 0.047619047619047616
transition 422 6 423 0 0.09523809523809523
transition 422 6 422 0 0.047619047619047616
transition 422 6 421 0 0.09523809523809523
transition 422 6 420 0 0.09523809523809523
transition 422 6 500 0 0.09523809523809523
transition 429 6 470 0 0.09523809523809523
transition 429 6 431 0 0.09523809523809523
transition 429 6 430 0 0.09523809523809523
transition 429 6 429 0 0.047619047619047616
transition 429 6 428 0 0.09523809523809523
transition 429 6 427 0 0.09523809523809523
transition 429 6 426 0 0.09523809523809523
transition 429 6 500 0 0.09523809523809523
transition 442 6 475 0 0.045454545454545456
transition 442 6 458 0 0.09090909090909091
transition 442 6 450 0 0.09090909090909091
transition 442 6 445 0 0.09090909090909091
transition 442 6 442 0 0.045454545454545456
transition 442 6 441 0 0.09090909090909091
transition 442 6 440 0 0.09090909090909091
transition 442 6 439 0 0.09090909090909091
transition 442 6 438 0 0.09090909090909091
transition 442 6 437 0 0.09090909090909091
transition 442 6 436 0 0.09090909090909091
transition 442 6 435 0 0.09090909090909091
transition 443 6 480 0 0.047619047619047616
transition 443 6 462 0 0.09523809523809523
transition 443 6 453 0 0.09523809523809523
transition 443 6 447 0 0.09523809523809523
transition 443 6 443 0 0.047619047619047616
transition 443 6 500 0 0.09523809523809523
transition 444 6 481 0 0.047619047619047616
transition 444 6 463 0 0.09523809523809523
transition 444 6 454 0 0.09523809523809523
transition 444 6 448 0 0.09523809523809523
transition 444 6 443 0 0.09523809523809523
transition 444 6 500 0 0.09523809523809523
transition 448 6 482 0 0.047619047619047616
transition 448 6 464 0 0.09523809523809523
transition 448 6 455 0 0.09523809523809523
transition 448 6 449 0 0.047619047619047616
transition 448 6 448 0 0.047619047619047616
transition 448 6 447 0 0.09523809523809523
transition 448 6 446 0 0.09523809523809523
transition 448 6 500 0 0.09523809523809523
transition 454 6 485 0 0.047619047619047616
transition 454 6 466 0 0.09523809523809523
transition 454 6 456 0 0.047619047619047616
transition 454 6 455 0 0.09523809523809523
transition 454 6 454 0 0.047619047619047616
transition 454 6 453 0 0.09523809523809523
transition 454 6 452 0 0.09523809523809523
transition 454 6 451 0 0.09523809523809523
transition 454 6 500 0 0.09523809523809523
transition 463 6 490 0 0.047619047619047616
transition 463 6 470 0 0.047619047619047616
transition 463 6 466 0 0.09523809523809523
transition 463 6 464 0 0.09523809523809523
transition 463 6 463 0 0.047619047619047616
transition 463 6 462 0 0.09523809523809523
transition 463 6 461 0 0.09523809523809523
transition 463 6 460 0 0.09523809523809523
transition 463 6 459 0 0.09523809523809523
transition 463 6 500 0 0.09523809523809523
transition 467 6 495 0 0.05
transition 467 6 474 0 0.05
transition 467 6 469 0 0.05
transition 467 6 468 0 0.1
transition 467 6 467 0 0.05
transition 467 6 500 0 0.1
transition 472 6 497 0 0.05
transition 472 6 474 0 0.1
transition 472 6 473 0 0.1
transition 472 6 472 0 0.05
transition 472 6 471 0 0.1
transition 472 6 500 0 0.1
transition 481 6 490 0 0.09523809523809523
transition 481 6 485 0 0.09523809523809523
transition 481 6 482 0 0.09523809523809523
transition 481 6 481 0 0.047619047619047616
transition 481 6 480 0 0.09523809523809523
transition 481 6 479 0 0.09523809523809523
transition 481 6 478 0 0.09523809523809523
transition 481 6 477 0 0.09523809523809523
transition 481 6 476 0 0.09523809523809523
transition 481 6 500 0 0.09523809523809523
transition 483 6 494 0 0.1
transition 483 6 488 0 0.1
transition 483 6 484 0 0.05
transition 483 6 483 0 0.05
transition 483 6 500 0 0.1
transition 487 6 495 0 0.1
transition 487 6 489 0 0.05
transition 487 6 488 0 0.1
transition 487 6 487 0 0.05
transition 487 6 486 0 0.1
transition 487 6 500 0 0.1
transition 493 6 497 0 0.05
transition 493 6 495 0 0.1
transition 493 6 494 0 0.1
transition 493 6 493 0 0.05
transition 493 6 492 0 0.1
transition 493 6 491 0 0.1
transition 493 6 500 0 0.1
transition 9 7 205 0 0.08
transition 9 7 100 0 0.08
transition 9 7 55 0 0.08
transition 9 7 33 0 0.08
transition 9 7 21 0 0.08
transition 9 7 14 0 0.08
transition 9 7 9 0 0.04
transition 9 7 6 0 0.08
transition 9 7 5 0 0.08
transition 9 7 4 0 0.08
transition 9 7 3 0 0.08
transition 9 7 2 0 0.08
transition 9 7 1 0 0.08
transition 10 7 209 0 0.08333333333333333
transition 10 7 104 0 0.08333333333333333
transition 10 7 59 0 0.08333333333333333
transition 10 7 37 0 0.08333333333333333
transition 10 7 24 0 0.08333333333333333
transition 10 7 16 0 0.08333333333333333
transition 10 7 10 0 0.041666666666666664
transition 10 7 500 0 0.08333333333333333
transition 11 7 210 0 0.08333333333333333
transition 11 7 105 0 0.08333333333333333
transition 11 7 60 0 0.08333333333333333
transition 11 7 38 0 0.08333333333333333
transition 11 7 25 0 0.08333333333333333
transition 11 7 17 0 0.08333333333333333
transition 11 7 11 0 0.041666666666666664
transition 11 7 7 0 0.08333333333333333
transition 11 7 500 0 0.08333333333333333
transition 12 7 211 0 0.08333333333333333
transition 12 7 106 0 0.08333333333333333
transition 12 7 61 0 0.08333333333333333
transition 12 7 39 0 0.08333333333333333
transition 12 7 26 0 0.08333333333333333
transition 12 7 18 0 0.08333333333333333
transition 12 7 12 0 0.041666666666666664
transition 12 7 8 0 0.041666666666666664
transition 12 7 7 0 0.08333333333333333
transition 12 7 500 0 0.08333333333333333
transition 13 7 213 0 0.08333333333333333
transition 13 7 107 0 0.08333333333333333
transition 13 7 62 0 0.08333333333333333
transition 13 7 40 0 0.08333333333333333
transition 13 7 27 0 0.08333333333333333
transition 13 7 19 0 0.08333333333333333
transition 13 7 12 0 0.08333333333333333
transition 13 7 11 0 0.08333333333333333
transition 13 7 10 0 0.08333333333333333
transition 13 7 500 0 0.08333333333333333
transition 19 7 217 0 0.08333333333333333
transition 19 7 110 0 0.08333333333333333
transition 19 7 64 0 0.08333333333333333
transition 19 7 41 0 0.08333333333333333
transition 19 7 28 0 0.08333333333333333
transition 19 7 20 0 0.041666666666666664
transition 19 7 19 0 0.041666666666666664
transition 19 7 18 0 0.08333333333333333
transition 19 7 17 0 0.08333333333333333
transition 19 7 16 0 0.08333333333333333
transition 19 7 15 0 0.08333333333333333
transition 19 7 500 0 0.08333333333333333
transition 27 7 223 0 0.08333333333333333
transition 27 7 115 0 0.08333333333333333
transition 27 7 68 0 0.08333333333333333
transition 27 7 44 0 0.08333333333333333
transition 27 7 30 0 0.041666666666666664
transition 27 7 28 0 0.08333333333333333
transition 27 7 27 0 0.041666666666666664
transition 27 7 26 0 0.08333333333333333
transition 27 7 25 0 0.08333333333333333
transition 27 7 24 0 0.08333333333333333
transition 27 7 23 0 0.08333333333333333
transition 27 7 22 0 0.08333333333333333
transition 27 7 500 0 0.08333333333333333
transition 31 7 230 0 0.08695652173913043
transition 31 7 121 0 0.08695652173913043
transition 31 7 73 0 0.08695652173913043
transition 31 7 48 0 0.08695652173913043
transition 31 7 32 0 0.08695652173913043
transition 31 7 31 0 0.043478260869565216
transition 31 7 500 0 0.08695652173913043
transition 40 7 232 0 0.08333333333333333
transition 40 7 122 0 0.08333333333333333
transition 40 7 74 0 0.08333333333333333
transition 40 7 49 0 0.041666666666666664
transition 40 7 44 0 0.08333333333333333
transition 40 7 41 0 0.08333333333333333
transition 40 7 40 0 0.041666666666666664
transition 40 7 39 0 0.08333333333333333
transition 40 7 38 0 0.08333333333333333
transition 40 7 37 0 0.08333333333333333
transition 40 7 36 0 0.08333333333333333
transition 40 7 35 0 0.08333333333333333
transition 40 7 34 0 0.08333333333333333
transition 42 7 239 0 0.08695652173913043
transition 42 7 128 0 0.08695652173913043
transition 42 7 79 0 0.08695652173913043
transition 42 7 53 0 0.043478260869565216
transition 42 7 47 0 0.08695652173913043
transition 42 7 43 0 0.043478260869565216
transition 42 7 42 0 0.043478260869565216
transition 42 7 500 0 0.08695652173913043
transition 46 7 241 0 0.08695652173913043
transition 46 7 129 0 0.08695652173913043
transition 46 7 80 0 0.08695652173913043
transition 46 7 54 0 0.043478260869565216
transition 46 7 48 0 0.043478260869565216
transition 46 7 47 0 0.08695652173913043
transition 46 7 46 0 0.043478260869565216
transition 46 7 45 0 0.08695652173913043
transition 46 7 500 0 0.08695652173913043
transition 52 7 245 0 0.08695652173913043
transition 52 7 132 0 0.08695652173913043
transition 52 7 82 0 0.08695652173913043
transition 52 7 54 0 0.08695652173913043
transition 52 7 53 0 0.08695652173913043
transition 52 7 52 0 0.043478260869565216
transition 52 7 51 0 0.08695652173913043
transition 52 7 50 0 0.08695652173913043
transition 52 7 500 0 0.08695652173913043
transition 62 7 250 0 0.08333333333333333
transition 62 7 136 0 0.08333333333333333
transition 62 7 85 0 0.041666666666666664
transition 62 7 74 0 0.08333333333333333
transition 62 7 68 0 0.08333333333333333
transition 62 7 64 0 0.08333333333333333
transition 62 7 62 0 0.041666666666666664
transition 62 7 61 0 0.08333333333333333
transition 62 7 60 0 0.08333333333333333
transition 62 7 59 0 0.08333333333333333
transition 62 7 58 0 0.08333333333333333
transition 62 7 57 0 0.08333333333333333
transition 62 7 56 0 0.08333333333333333
transition 63 7 257 0 0.08695652173913043
transition 63 7 142 0 0.08695652173913043
transition 63 7 90 0 0.043478260869565216
transition 63 7 78 0 0.08695652173913043
transition 63 7 71 0 0.08695652173913043
transition 63 7 66 0 0.08695652173913043
transition 63 7 500 0 0.08695652173913043
transition 66 7 258 0 0.08695652173913043
transition 66 7 143 0 0.08695652173913043
transition 66 7 91 0 0.043478260869565216
transition 66 7 79 0 0.08695652173913043
transition 66 7 72 0 0.08695652173913043
transition 66 7 67 0 0.043478260869565216
transition 66 7 66 0 0.043478260869565216
transition 66 7 65 0 0.08695652173913043
transition 66 7 500 0 0.08695652173913043
transition 71 7 261 0 0.08695652173913043
transition 71 7 145 0 0.08695652173913043
transition 71 7 92 0 0.043478260869565216
transition 71 7 80 0 0.08695652173913043
transition 71 7 73 0 0.043478260869565216
transition 71 7 72 0 0.08695652173913043
transition 71 7 71 0 0.043478260869565216
transition 71 7 70 0 0.08695652173913043
transition 71 7 69 0 0.08695652173913043
transition 71 7 500 0 0.08695652173913043
transition 78 7 266 0 0.08695652173913043
transition 78 7 149 0 0.08695652173913043
transition 78 7 95 0 0.043478260869565216
transition 78 7 82 0 0.043478260869565216
transition 78 7 80 0 0.08695652173913043
transition 78 7 79 0 0.08695652173913043
transition 78 7 78 0 0.043478260869565216
transition 78 7 77 0 0.08695652173913043
transition 78 7 76 0 0.08695652173913043
transition 78 7 75 0 0.08695652173913043
transition 78 7 500 0 0.08695652173913043
transition 90 7 274 0 0.08695652173913043
transition 90 7 155 0 0.08695652173913043
transition 90 7 95 0 0.08695652173913043
transition 90 7 92 0 0.08695652173913043
transition 90 7 91 0 0.08695652173913043
transition 90 7 90 0 0.043478260869565216
transition 90 7 89 0 0.08695652173913043
transition 90 7 88 0 0.08695652173913043
transition 90 7 87 0 0.08695652173913043
transition 90 7 86 0 0.08695652173913043
transition 90 7 500 0 0.08695652173913043
transition 96 7 282 0 0.09090909090909091
transition 96 7 161 0 0.09090909090909091
transition 96 7 99 0 0.045454545454545456
transition 96 7 98 0 0.09090909090909091
transition 96 7 97 0 0.09090909090909091
transition 96 7 96 0 0.045454545454545456
transition 96 7 500 0 0.09090909090909091
transition 107 7 286 0 0.08333333333333333
transition 107 7 164 0 0.041666666666666664
transition 107 7 136 0 0.08333333333333333
transition 107 7 122 0 0.08333333333333333
transition 107 7 115 0 0.08333333333333333
transition 107 7 110 0 0.08333333333333333
transition 107 7 107 0 0.041666666666666664
transition 107 7 106 0 0.08333333333333333
transition 107 7 105 0 0.08333333333333333
transition 107 7 104 0 0.08333333333333333
transition 107 7 103 0 0.08333333333333333
transition 107 7 102 0 0.08333333333333333
transition 107 7 101 0 0.08333333333333333
transition 108 7 292 0 0.08695652173913043
transition 108 7 170 0 0.043478260869565216
transition 108 7 141 0 0.08695652173913043
transition 108 7 126 0 0.08695652173913043
transition 108 7 118 0 0.08695652173913043
transition 108 7 112 0 0.08695652173913043
transition 108 7 108 0 0.043478260869565216
transition 108 7 500 0 0.08695652173913043
transition 109 7 293 0 0.08695652173913043
transition 109 7 171 0 0.043478260869565216
transition 109 7 142 0 0.08695652173913043
transition 109 7 127 0 0.08695652173913043
transition 109 7 119 0 0.08695652173913043
transition 109 7 113 0 0.08695652173913043
transition 109 7 108 0 0.08695652173913043
transition 109 7 500 0 0.08695652173913043
transition 113 7 295 0 0.08695652173913043
transition 113 7 172 0 0.043478260869565216
transition 113 7 143 0 0.08695652173913043
transition 113 7 128 0 0.08695652173913043
transition 113 7 120 0 0.08695652173913043
transition 113 7 114 0 0.043478260869565216
transition 113 7 113 0 0.043478260869565216
transition 113 7 112 0 0.08695652173913043
transition 113 7 111 0 0.08695652173913043
transition 113 7 500 0 0.08695652173913043
transition 119 7 299 0 0.08695652173913043
transition 119 7 175 0 0.043478260869565216
transition 119 7 145 0 0.08695652173913043
transition 119 7 129 0 0.08695652173913043
transition 119 7 121 0 0.043478260869565216
transition 119 7 120 0 0.08695652173913043
transition 119 7 119 0 0.043478260869565216
transition 119 7 118 0 0.08695652173913043
transition 119 7 117 0 0.08695652173913043
transition 119 7 116 0 0.08695652173913043
transition 119 7 500 0 0.08695652173913043
transition 127 7 305 0 0.08695652173913043
transition 127 7 180 0 0.043478260869565216
transition 127 7 149 0 0.08695652173913043
transition 127 7 132 0 0.043478260869565216
transition 127 7 129 0 0.08695652173913043
transition 127 7 128 0 0.08695652173913043
transition 127 7 127 0 0.043478260869565216
transition 127 7 126 0 0.08695652173913043
transition 127 7 125 0 0.08695652173913043
transition 127 7 124 0 0.08695652173913043
transition 127 7 123 0 0.08695652173913043
transition 127 7 500 0 0.08695652173913043
transition 133 7 313 0 0.09090909090909091
transition 133 7 186 0 0.045454545454545456
transition 133 7 154 0 0.09090909090909091
transition 133 7 135 0 0.09090909090909091
transition 133 7 134 0 0.09090909090909091
transition 133 7 133 0 0.045454545454545456
transition 133 7 500 0 0.09090909090909091
transition 142 7 316 0 0.08695652173913043
transition 142 7 188 0 0.043478260869565216
transition 142 7 155 0 0.043478260869565216
transition 142 7 149 0 0.08695652173913043
transition 142 7 145 0 0.08695652173913043
transition 142 7 143 0 0.08695652173913043
transition 142 7 142 0 0.043478260869565216
transition 142 7 141 0 0.08695652173913043
transition 142 7 140 0 0.08695652173913043
transition 142 7 139 0 0.08695652173913043
transition 142 7 138 0 0.08695652173913043
transition 142 7 137 0 0.08695652173913043
transition 142 7 500 0 0.08695652173913043
transition 146 7 323 0 0.09090909090909091
transition 146 7 194 0 0.045454545454545456
transition 146 7 160 0 0.045454545454545456
transition 146 7 153 0 0.09090909090909091
transition 146 7 148 0 0.045454545454545456
transition 146 7 147 0 0.09090909090909091
transition 146 7 146 0 0.045454545454545456
transition 146 7 500 0 0.09090909090909091
transition 151 7 326 0 0.09090909090909091
transition 151 7 196 0 0.045454545454545456
transition 151 7 161 0 0.045454545454545456
transition 151 7 154 0 0.045454545454545456
transition 151 7 153 0 0.09090909090909091
transition 151 7 152 0 0.09090909090909091
transition 151 7 151 0 0.045454545454545456
transition 151 7 150 0 0.09090909090909091
transition 151 7 500 0 0.09090909090909091
transition 158 7 331 0 0.09090909090909091
transition 158 7 200 0 0.045454545454545456
transition 158 7 161 0 0.09090909090909091
transition 158 7 160 0 0.09090909090909091
transition 158 7 159 0 0.09090909090909091
transition 158 7 158 0 0.045454545454545456
transition 158 7 157 0 0.09090909090909091
transition 158 7 156 0 0.09090909090909091
transition 158 7 500 0 0.09090909090909091
transition 171 7 338 0 0.08695652173913043
transition 171 7 188 0 0.08695652173913043
transition 171 7 180 0 0.08695652173913043
transition 171 7 175 0 0.08695652173913043
transition 171 7 172 0 0.08695652173913043
transition 171 7 171 0 0.043478260869565216
transition 171 7 170 0 0.08695652173913043
transition 171 7 169 0 0.08695652173913043
transition 171 7 168 0 0.08695652173913043
transition 171 7 167 0 0.08695652173913043
transition 171 7 166 0 0.08695652173913043
transition 171 7 165 0 0.08695652173913043
transition 173 7 345 0 0.09090909090909091
transition 173 7 193 0 0.09090909090909091
transition 173 7 184 0 0.09090909090909091
transition 173 7 178 0 0.09090909090909091
transition 173 7 174 0 0.045454545454545456
transition 173 7 173 0 0.045454545454545456
transition 173 7 500 0 0.09090909090909091
transition 177 7 347 0 0.09090909090909091
transition 177 7 194 0 0.09090909090909091
transition 177 7 185 0 0.09090909090909091
transition 177 7 179 0 0.045454545454545456
transition 177 7 178 0 0.09090909090909091
transition 177 7 177 0 0.045454545454545456
transition 177 7 176 0 0.09090909090909091
transition 177 7 500 0 0.09090909090909091
transition 183 7 351 0 0.09090909090909091
transition 183 7 196 0 0.09090909090909091
transition 183 7 186 0 0.045454545454545456
transition 183 7 185 0 0.09090909090909091
transition 183 7 184 0 0.09090909090909091
transition 183 7 183 0 0.045454545454545456
transition 183 7 182 0 0.09090909090909091
transition 183 7 181 0 0.09090909090909091
transition 183 7 500 0 0.09090909090909091
transition 192 7 357 0 0.09090909090909091
transition 192 7 200 0 0.045454545454545456
transition 192 7 196 0 0.09090909090909091
transition 192 7 194 0 0.09090909090909091
transition 192 7 193 0 0.09090909090909091
transition 192 7 192 0 0.045454545454545456
transition 192 7 191 0 0.09090909090909091
transition 192 7 190 0 0.09090909090909091
transition 192 7 189 0 0.09090909090909091
transition 192 7 500 0 0.09090909090909091
transition 201 7 366 0 0.09523809523809523
transition 201 7 204 0 0.09523809523809523
transition 201 7 203 0 0.09523809523809523
transition 201 7 202 0 0.09523809523809523
transition 201 7 201 0 0.047619047619047616
transition 201 7 500 0 0.09523809523809523
transition 213 7 370 0 0.041666666666666664
transition 213 7 286 0 0.08333333333333333
transition 213 7 250 0 0.08333333333333333
transition 213 7 232 0 0.08333333333333333
transition 213 7 223 0 0.08333333333333333
transition 213 7 217 0 0.08333333333333333
transition 213 7 213 0 0.041666666666666664
transition 213 7 211 0 0.08333333333333333
transition 213 7 210 0 0.08333333333333333
transition 213 7 209 0 0.08333333333333333
transition 213 7 208 0 0.08333333333333333
transition 213 7 207 0 0.08333333333333333
transition 213 7 206 0 0.08333333333333333
transition 214 7 375 0 0.043478260869565216
transition 214 7 291 0 0.08695652173913043
transition 214 7 255 0 0.08695652173913043
transition 214 7 236 0 0.08695652173913043
transition 214 7 226 0 0.08695652173913043
transition 214 7 219 0 0.08695652173913043
transition 214 7 214 0 0.043478260869565216
transition 214 7 500 0 0.08695652173913043
transition 215 7 376 0 0.043478260869565216
transition 215 7 292 0 0.08695652173913043
transition 215 7 256 0 0.08695652173913043
transition 215 7 237 0 0.08695652173913043
transition 215 7 227 0 0.08695652173913043
transition 215 7 220 0 0.08695652173913043
transition 215 7 215 0 0.043478260869565216
transition 215 7 212 0 0.043478260869565216
transition 215 7 500 0 0.08695652173913043
transition 216 7 377 0 0.043478260869565216
transition 216 7 293 0 0.08695652173913043
transition 216 7 257 0 0.08695652173913043
transition 216 7 238 0 0.08695652173913043
transition 216 7 228 0 0.08695652173913043
transition 216 7 221 0 0.08695652173913043
transition 216 7 215 0 0.08695652173913043
transition 216 7 214 0 0.08695652173913043
transition 216 7 500 0 0.08695652173913043
transition 221 7 380 0 0.043478260869565216
transition 221 7 295 0 0.08695652173913043
transition 221 7 258 0 0.08695652173913043
transition 221 7 239 0 0.08695652173913043
transition 221 7 229 0 0.08695652173913043
transition 221 7 222 0 0.043478260869565216
transition 221 7 221 0 0.043478260869565216
transition 221 7 220 0 0.08695652173913043
transition 221 7 219 0 0.08695652173913043
transition 221 7 218 0 0.08695652173913043
transition 221 7 500 0 0.08695652173913043
transition 228 7 385 0 0.043478260869565216
transition 228 7 299 0 0.08695652173913043
transition 228 7 261 0 0.08695652173913043
transition 228 7 241 0 0.08695652173913043
transition 228 7 230 0 0.043478260869565216
transition 228 7 229 0 0.08695652173913043
transition 228 7 228 0 0.043478260869565216
transition 228 7 227 0 0.08695652173913043
transition 228 7 226 0 0.08695652173913043
transition 228 7 225 0 0.08695652173913043
transition 228 7 224 0 0.08695652173913043
transition 228 7 500 0 0.08695652173913043
transition 238 7 392 0 0.043478260869565216
transition 238 7 305 0 0.08695652173913043
transition 238 7 266 0 0.08695652173913043
transition 238 7 245 0 0.043478260869565216
transition 238 7 241 0 0.08695652173913043
transition 238 7 239 0 0.08695652173913043
transition 238 7 238 0 0.043478260869565216
transition 238 7 237 0 0.08695652173913043
transition 238 7 236 0 0.08695652173913043
transition 238 7 235 0 0.08695652173913043
transition 238 7 234 0 0.08695652173913043
transition 238 7 233 0 0.08695652173913043
transition 238 7 500 0 0.08695652173913043
transition 242 7 399 0 0.045454545454545456
transition 242 7 311 0 0.09090909090909091
transition 242 7 271 0 0.09090909090909091
transition 242 7 249 0 0.045454545454545456
transition 242 7 244 0 0.045454545454545456
transition 242 7 243 0 0.09090909090909091
transition 242 7 242 0 0.045454545454545456
transition 242 7 500 0 0.09090909090909091
transition 247 7 402 0 0.045454545454545456
transition 247 7 313 0 0.09090909090909091
transition 247 7 272 0 0.09090909090909091
transition 247 7 249 0 0.09090909090909091
transition 247 7 248 0 0.09090909090909091
transition 247 7 247 0 0.045454545454545456
transition 247 7 246 0 0.09090909090909091
transition 247 7 500 0 0.09090909090909091
transition 257 7 406 0 0.043478260869565216
transition 257 7 316 0 0.08695652173913043
transition 257 7 274 0 0.043478260869565216
transition 257 7 266 0 0.08695652173913043
transition 257 7 261 0 0.08695652173913043
transition 257 7 258 0 0.08695652173913043
transition 257 7 257 0 0.043478260869565216
transition 257 7 256 0 0.08695652173913043
transition 257 7 255 0 0.08695652173913043
transition 257 7 254 0 0.08695652173913043
transition 257 7 253 0 0.08695652173913043
transition 257 7 252 0 0.08695652173913043
transition 257 7 251 0 0.08695652173913043
transition 259 7 413 0 0.045454545454545456
transition 259 7 322 0 0.09090909090909091
transition 259 7 279 0 0.045454545454545456
transition 259 7 270 0 0.09090909090909091
transition 259 7 264 0 0.09090909090909091
transition 259 7 260 0 0.045454545454545456
transition 259 7 259 0 0.045454545454545456
transition 259 7 500 0 0.09090909090909091
transition 263 7 415 0 0.045454545454545456
transition 263 7 323 0 0.09090909090909091
transition 263 7 280 0 0.045454545454545456
transition 263 7 271 0 0.09090909090909091
transition 263 7 265 0 0.045454545454545456
transition 263 7 264 0 0.09090909090909091
transition 263 7 263 0 0.045454545454545456
transition 263 7 262 0 0.09090909090909091
transition 263 7 500 0 0.09090909090909091
transition 269 7 419 0 0.045454545454545456
transition 269 7 326 0 0.09090909090909091
transition 269 7 282 0 0.045454545454545456
transition 269 7 272 0 0.045454545454545456
transition 269 7 271 0 0.09090909090909091
transition 269 7 270 0 0.09090909090909091
transition 269 7 269 0 0.045454545454545456
transition 269 7 268 0 0.09090909090909091
transition 269 7 267 0 0.09090909090909091
transition 269 7 500 0 0.09090909090909091
transition 278 7 425 0 0.045454545454545456
transition 278 7 331 0 0.09090909090909091
transition 278 7 282 0 0.09090909090909091
transition 278 7 280 0 0.09090909090909091
transition 278 7 279 0 0.09090909090909091
transition 278 7 278 0 0.045454545454545456
transition 278 7 277 0 0.09090909090909091
transition 278 7 276 0 0.09090909090909091
transition 278 7 275 0 0.09090909090909091
transition 278 7 500 0 0.09090909090909091
transition 293 7 434 0 0.043478260869565216
transition 293 7 338 0 0.043478260869565216
transition 293 7 316 0 0.08695652173913043
transition 293 7 305 0 0.08695652173913043
transition 293 7 299 0 0.08695652173913043
transition 293 7 295 0 0.08695652173913043
transition 293 7 293 0 0.043478260869565216
transition 293 7 292 0 0.08695652173913043
transition 293 7 291 0 0.08695652173913043
transition 293 7 290 0 0.08695652173913043
transition 293 7 289 0 0.08695652173913043
transition 293 7 288 0 0.08695652173913043
transition 293 7 287 0 0.08695652173913043
transition 294 7 441 0 0.045454545454545456
transition 294 7 344 0 0.045454545454545456
transition 294 7 321 0 0.09090909090909091
transition 294 7 309 0 0.09090909090909091
transition 294 7 302 0 0.09090909090909091
transition 294 7 297 0 0.09090909090909091
transition 294 7 500 0 0.09090909090909091
transition 297 7 442 0 0.045454545454545456
transition 297 7 345 0 0.045454545454545456
transition 297 7 322 0 0.09090909090909091
transition 297 7 310 0 0.09090909090909091
transition 297 7 303 0 0.09090909090909091
transition 297 7 298 0 0.045454545454545456
transition 297 7 297 0 0.045454545454545456
transition 297 7 296 0 0.09090909090909091
transition 297 7 500 0 0.09090909090909091
transition 302 7 445 0 0.045454545454545456
transition 302 7 347 0 0.045454545454545456
transition 302 7 323 0 0.09090909090909091
transition 302 7 311 0 0.09090909090909091
transition 302 7 304 0 0.045454545454545456
transition 302 7 303 0 0.09090909090909091
transition 302 7 302 0 0.045454545454545456
transition 302 7 301 0 0.09090909090909091
transition 302 7 300 0 0.09090909090909091
transition 302 7 500 0 0.09090909090909091
transition 309 7 450 0 0.045454545454545456
transition 309 7 351 0 0.045454545454545456
transition 309 7 326 0 0.09090909090909091
transition 309 7 313 0 0.045454545454545456
transition 309 7 311 0 0.09090909090909091
transition 309 7 310 0 0.09090909090909091
transition 309 7 309 0 0.045454545454545456
transition 309 7 308 0 0.09090909090909091
transition 309 7 307 0 0.09090909090909091
transition 309 7 306 0 0.09090909090909091
transition 309 7 500 0 0.09090909090909091
transition 321 7 458 0 0.045454545454545456
transition 321 7 357 0 0.045454545454545456
transition 321 7 331 0 0.045454545454545456
transition 321 7 326 0 0.09090909090909091
transition 321 7 323 0 0.09090909090909091
transition 321 7 322 0 0.09090909090909091
transition 321 7 321 0 0.045454545454545456
transition 321 7 320 0 0.09090909090909091
transition 321 7 319 0 0.09090909090909091
transition 321 7 318 0 0.09090909090909091
transition 321 7 317 0 0.09090909090909091
transition 321 7 500 0 0.09090909090909091
transition 327 7 466 0 0.047619047619047616
transition 327 7 363 0 0.047619047619047616
transition 327 7 336 0 0.047619047619047616
transition 327 7 330 0 0.047619047619047616
transition 327 7 329 0 0.09523809523809523
transition 327 7 328 0 0.09523809523809523
transition 327 7 327 0 0.047619047619047616
transition 327 7 500 0 0.09523809523809523
transition 333 7 470 0 0.047619047619047616
transition 333 7 366 0 0.047619047619047616
transition 333 7 336 0 0.09523809523809523
transition 333 7 335 0 0.09523809523809523
transition 333 7 334 0 0.09523809523809523
transition 333 7 333 0 0.047619047619047616
transition 333 7 332 0 0.09523809523809523
transition 333 7 500 0 0.09523809523809523
transition 344 7 475 0 0.045454545454545456
transition 344 7 357 0 0.09090909090909091
transition 344 7 351 0 0.09090909090909091
transition 344 7 347 0 0.09090909090909091
transition 344 7 345 0 0.09090909090909091
transition 344 7 344 0 0.045454545454545456
transition 344 7 343 0 0.09090909090909091
transition 344 7 342 0 0.09090909090909091
transition 344 7 341 0 0.09090909090909091
transition 344 7 340 0 0.09090909090909091
transition 344 7 339 0 0.09090909090909091
transition 344 7 500 0 0.09090909090909091
transition 348 7 482 0 0.047619047619047616
transition 348 7 362 0 0.09523809523809523
transition 348 7 355 0 0.09523809523809523
transition 348 7 350 0 0.047619047619047616
transition 348 7 349 0 0.09523809523809523
transition 348 7 348 0 0.047619047619047616
transition 348 7 500 0 0.09523809523809523
transition 353 7 485 0 0.047619047619047616
transition 353 7 363 0 0.09523809523809523
transition 353 7 356 0 0.047619047619047616
transition 353 7 355 0 0.09523809523809523
transition 353 7 354 0 0.09523809523809523
transition 353 7 353 0 0.047619047619047616
transition 353 7 352 0 0.09523809523809523
transition 353 7 500 0 0.09523809523809523
transition 360 7 490 0 0.047619047619047616
transition 360 7 366 0 0.047619047619047616
transition 360 7 363 0 0.09523809523809523
transition 360 7 362 0 0.09523809523809523
transition 360 7 361 0 0.09523809523809523
transition 360 7 360 0 0.047619047619047616
transition 360 7 359 0 0.09523809523809523
transition 360 7 358 0 0.09523809523809523
transition 360 7 500 0 0.09523809523809523
transition 377 7 434 0 0.08695652173913043
transition 377 7 406 0 0.08695652173913043
transition 377 7 392 0 0.08695652173913043
transition 377 7 385 0 0.08695652173913043
transition 377 7 380 0 0.08695652173913043
transition 377 7 377 0 0.043478260869565216
transition 377 7 376 0 0.08695652173913043
transition 377 7 375 0 0.08695652173913043
transition 377 7 374 0 0.08695652173913043
transition 377 7 373 0 0.08695652173913043
transition 377 7 372 0 0.08695652173913043
transition 377 7 371 0 0.08695652173913043
transition 378 7 440 0 0.09090909090909091
transition 378 7 411 0 0.09090909090909091
transition 378 7 396 0 0.09090909090909091
transition 378 7 388 0 0.09090909090909091
transition 378 7 382 0 0.09090909090909091
transition 378 7 378 0 0.045454545454545456
transition 378 7 500 0 0.09090909090909091
transition 379 7 441 0 0.09090909090909091
transition 379 7 412 0 0.09090909090909091
transition 379 7 397 0 0.09090909090909091
transition 379 7 389 0 0.09090909090909091
transition 379 7 383 0 0.09090909090909091
transition 379 7 378 0 0.09090909090909091
transition 379 7 500 0 0.09090909090909091
transition 383 7 442 0 0.09090909090909091
transition 383 7 413 0 0.09090909090909091
transition 383 7 398 0 0.09090909090909091
transition 383 7 390 0 0.09090909090909091
transition 383 7 384 0 0.045454545454545456
transition 383 7 383 0 0.045454545454545456
transition 383 7 382 0 0.09090909090909091
transition 383 7 381 0 0.09090909090909091
transition 383 7 500 0 0.09090909090909091
transition 389 7 445 0 0.09090909090909091
transition 389 7 415 0 0.09090909090909091
transition 389 7 399 0 0.09090909090909091
transition 389 7 391 0 0.045454545454545456
transition 389 7 390 0 0.09090909090909091
transition 389 7 389 0 0.045454545454545456
transition 389 7 388 0 0.09090909090909091
transition 389 7 387 0 0.09090909090909091
transition 389 7 386 0 0.09090909090909091
transition 389 7 500 0 0.09090909090909091
transition 397 7 450 0 0.09090909090909091
transition 397 7 419 0 0.09090909090909091
transition 397 7 402 0 0.045454545454545456
transition 397 7 399 0 0.09090909090909091
transition 397 7 398 0 0.09090909090909091
transition 397 7 397 0 0.045454545454545456
transition 397 7 396 0 0.09090909090909091
transition 397 7 395 0 0.09090909090909091
transition 397 7 394 0 0.09090909090909091
transition 397 7 393 0 0.09090909090909091
transition 397 7 500 0 0.09090909090909091
transition 403 7 456 0 0.09523809523809523
transition 403 7 424 0 0.09523809523809523
transition 403 7 405 0 0.09523809523809523
transition 403 7 404 0 0.09523809523809523
transition 403 7 403 0 0.047619047619047616
transition 403 7 500 0 0.09523809523809523
transition 412 7 458 0 0.09090909090909091
transition 412 7 425 0 0.045454545454545456
transition 412 7 419 0 0.09090909090909091
transition 412 7 415 0 0.09090909090909091
transition 412 7 413 0 0.09090909090909091
transition 412 7 412 0 0.045454545454545456
transition 412 7 411 0 0.09090909090909091
transition 412 7 410 0 0.09090909090909091
transition 412 7 409 0 0.09090909090909091
transition 412 7 408 0 0.09090909090909091
transition 412 7 407 0 0.09090909090909091
transition 412 7 500 0 0.09090909090909091
transition 416 7 464 0 0.09523809523809523
transition 416 7 430 0 0.047619047619047616
transition 416 7 423 0 0.09523809523809523
transition 416 7 418 0 0.047619047619047616
transition 416 7 417 0 0.09523809523809523
transition 416 7 416 0 0.047619047619047616
transition 416 7 500 0 0.09523809523809523
transition 421 7 466 0 0.09523809523809523
transition 421 7 431 0 0.047619047619047616
transition 421 7 424 0 0.047619047619047616
transition 421 7 423 0 0.09523809523809523
transition 421 7 422 0 0.09523809523809523
transition 421 7 421 0 0.047619047619047616
transition 421 7 420 0 0.09523809523809523
transition 421 7 500 0 0.09523809523809523
transition 428 7 470 0 0.09523809523809523
transition 428 7 431 0 0.09523809523809523
transition 428 7 430 0 0.09523809523809523
transition 428 7 429 0 0.09523809523809523
transition 428 7 428 0 0.047619047619047616
transition 428 7 427 0 0.09523809523809523
transition 428 7 426 0 0.09523809523809523
transition 428 7 500 0 0.09523809523809523
transition 441 7 475 0 0.045454545454545456
transition 441 7 458 0 0.09090909090909091
transition 441 7 450 0 0.09090909090909091
transition 441 7 445 0 0.09090909090909091
transition 441 7 442 0 0.09090909090909091
transition 441 7 441 0 0.045454545454545456
transition 441 7 440 0 0.09090909090909091
transition 441 7 439 0 0.09090909090909091
transition 441 7 438 0 0.09090909090909091
transition 441 7 437 0 0.09090909090909091
transition 441 7 436 0 0.09090909090909091
transition 441 7 435 0 0.09090909090909091
transition 443 7 481 0 0.047619047619047616
transition 443 7 463 0 0.09523809523809523
transition 443 7 454 0 0.09523809523809523
transition 443 7 448 0 0.09523809523809523
transition 443 7 444 0 0.047619047619047616
transition 443 7 443 0 0.047619047619047616
transition 443 7 500 0 0.09523809523809523
transition 447 7 482 0 0.047619047619047616
transition 447 7 464 0 0.09523809523809523
transition 447 7 455 0 0.09523809523809523
transition 447 7 449 0 0.047619047619047616
transition 447 7 448 0 0.09523809523809523
transition 447 7 447 0 0.047619047619047616
transition 447 7 446 0 0.09523809523809523
transition 447 7 500 0 0.09523809523809523
transition 453 7 485 0 0.047619047619047616
transition 453 7 466 0 0.09523809523809523
transition 453 7 456 0 0.047619047619047616
transition 453 7 455 0 0.09523809523809523
transition 453 7 454 0 0.09523809523809523
transition 453 7 453 0 0.047619047619047616
transition 453 7 452 0 0.09523809523809523
transition 453 7 451 0 0.09523809523809523
transition 453 7 500 0 0.09523809523809523
transition 462 7 490 0 0.047619047619047616
transition 462 7 470 0 0.047619047619047616
transition 462 7 466 0 0.09523809523809523
transition 462 7 464 0 0.09523809523809523
transition 462 7 463 0 0.09523809523809523
transition 462 7 462 0 0.047619047619047616
transition 462 7 461 0 0.09523809523809523
transition 462 7 460 0 0.09523809523809523
transition 462 7 459 0 0.09523809523809523
transition 462 7 500 0 0.09523809523809523
transition 471 7 497 0 0.05
transition 471 7 474 0 0.1
transition 471 7 473 0 0.1
transition 471 7 472 0 0.1
transition 471 7 471 0 0.05
transition 471 7 500 0 0.1
transition 480 7 490 0 0.09523809523809523
transition 480 7 485 0 0.09523809523809523
transition 480 7 482 0 0.09523809523809523
transition 480 7 481 0 0.09523809523809523
transition 480 7 480 0 0.047619047619047616
transition 480 7 479 0 0.09523809523809523
transition 480 7 478 0 0.09523809523809523
transition 480 7 477 0 0.09523809523809523
transition 480 7 476 0 0.09523809523809523
transition 480 7 500 0 0.09523809523809523
transition 486 7 495 0 0.1
transition 486 7 489 0 0.05
transition 486 7 488 0 0.1
transition 486 7 487 0 0.1
transition 486 7 486 0 0.05
transition 486 7 500 0 0.1
transition 492 7 497 0 0.05
transition 492 7 495 0 0.1
transition 492 7 494 0 0.1
transition 492 7 493 0 0.1
transition 492 7 492 0 0.05
transition 492 7 491 0 0.1
transition 492 7 500 0 0.1
transition 6 8 205 0 0.08
transition 6 8 100 0 0.08
transition 6 8 55 0 0.08
transition 6 8 33 0 0.08
transition 6 8 21 0 0.08
transition 6 8 14 0 0.08
transition 6 8 9 0 0.08
transition 6 8 6 0 0.04
transition 6 8 5 0 0.08
transition 6 8 4 0 0.08
transition 6 8 3 0 0.08
transition 6 8 2 0 0.08
transition 6 8 1 0 0.08
transition 7 8 210 0 0.08333333333333333
transition 7 8 105 0 0.08333333333333333
transition 7 8 60 0 0.08333333333333333
transition 7 8 38 0 0.08333333333333333
transition 7 8 25 0 0.08333333333333333
transition 7 8 17 0 0.08333333333333333
transition 7 8 11 0 0.08333333333333333
transition 7 8 7 0 0.041666666666666664
transition 7 8 500 0 0.08333333333333333
transition 8 8 211 0 0.08333333333333333
transition 8 8 106 0 0.08333333333333333
transition 8 8 61 0 0.08333333333333333
transition 8 8 39 0 0.08333333333333333
transition 8 8 26 0 0.08333333333333333
transition 8 8 18 0 0.08333333333333333
transition 8 8 12 0 0.08333333333333333
transition 8 8 7 0 0.08333333333333333
transition 8 8 500 0 0.08333333333333333
transition 12 8 213 0 0.08333333333333333
transition 12 8 107 0 0.08333333333333333
transition 12 8 62 0 0.08333333333333333
transition 12 8 40 0 0.08333333333333333
transition 12 8 27 0 0.08333333333333333
transition 12 8 19 0 0.08333333333333333
transition 12 8 13 0 0.041666666666666664
transition 12 8 12 0 0.041666666666666664
transition 12 8 11 0 0.08333333333333333
transition 12 8 10 0 0.08333333333333333
transition 12 8 500 0 0.08333333333333333
transition 18 8 217 0 0.08333333333333333
transition 18 8 110 0 0.08333333333333333
transition 18 8 64 0 0.08333333333333333
transition 18 8 41 0 0.08333333333333333
transition 18 8 28 0 0.08333333333333333
transition 18 8 20 0 0.041666666666666664
transition 18 8 19 0 0.08333333333333333
transition 18 8 18 0 0.041666666666666664
transition 18 8 17 0 0.08333333333333333
transition 18 8 16 0 0.08333333333333333
transition 18 8 15 0 0.08333333333333333
transition 18 8 500 0 0.08333333333333333
transition 26 8 223 0 0.08333333333333333
transition 26 8 115 0 0.08333333333333333
transition 26 8 68 0 0.08333333333333333
transition 26 8 44 0 0.08333333333333333
transition 26 8 30 0 0.041666666666666664
transition 26 8 28 0 0.08333333333333333
transition 26 8 27 0 0.08333333333333333
transition 26 8 26 0 0.041666666666666664
transition 26 8 25 0 0.08333333333333333
transition 26 8 24 0 0.08333333333333333
transition 26 8 23 0 0.08333333333333333
transition 26 8 22 0 0.08333333333333333
transition 26 8 500 0 0.08333333333333333
transition 39 8 232 0 0.08333333333333333
transition 39 8 122 0 0.08333333333333333
transition 39 8 74 0 0.08333333333333333
transition 39 8 49 0 0.041666666666666664
transition 39 8 44 0 0.08333333333333333
transition 39 8 41 0 0.08333333333333333
transition 39 8 40 0 0.08333333333333333
transition 39 8 39 0 0.041666666666666664
transition 39 8 38 0 0.08333333333333333
transition 39 8 37 0 0.08333333333333333
transition 39 8 36 0 0.08333333333333333
transition 39 8 35 0 0.08333333333333333
transition 39 8 34 0 0.08333333333333333
transition 45 8 241 0 0.08695652173913043
transition 45 8 129 0 0.08695652173913043
transition 45 8 80 0 0.08695652173913043
transition 45 8 54 0 0.043478260869565216
transition 45 8 48 0 0.043478260869565216
transition 45 8 47 0 0.08695652173913043
transition 45 8 46 0 0.08695652173913043
transition 45 8 45 0 0.043478260869565216
transition 45 8 500 0 0.08695652173913043
transition 51 8 245 0 0.08695652173913043
transition 51 8 132 0 0.08695652173913043
transition 51 8 82 0 0.08695652173913043
transition 51 8 54 0 0.08695652173913043
transition 51 8 53 0 0.08695652173913043
transition 51 8 52 0 0.08695652173913043
transition 51 8 51 0 0.043478260869565216
transition 51 8 50 0 0.08695652173913043
transition 51 8 500 0 0.08695652173913043
transition 61 8 250 0 0.08333333333333333
transition 61 8 136 0 0.08333333333333333
transition 61 8 85 0 0.041666666666666664
transition 61 8 74 0 0.08333333333333333
transition 61 8 68 0 0.08333333333333333
transition 61 8 64 0 0.08333333333333333
transition 61 8 62 0 0.08333333333333333
transition 61 8 61 0 0.041666666666666664
transition 61 8 60 0 0.08333333333333333
transition 61 8 59 0 0.08333333333333333
transition 61 8 58 0 0.08333333333333333
transition 61 8 57 0 0.08333333333333333
transition 61 8 56 0 0.08333333333333333
transition 65 8 258 0 0.08695652173913043
transition 65 8 143 0 0.08695652173913043
transition 65 8 91 0 0.043478260869565216
transition 65 8 79 0 0.08695652173913043
transition 65 8 72 0 0.08695652173913043
transition 65 8 67 0 0.043478260869565216
transition 65 8 66 0 0.08695652173913043
transition 65 8 65 0 0.043478260869565216
transition 65 8 500 0 0.08695652173913043
transition 70 8 261 0 0.08695652173913043
transition 70 8 145 0 0.08695652173913043
transition 70 8 92 0 0.043478260869565216
transition 70 8 80 0 0.08695652173913043
transition 70 8 73 0 0.043478260869565216
transition 70 8 72 0 0.08695652173913043
transition 70 8 71 0 0.08695652173913043
transition 70 8 70 0 0.043478260869565216
transition 70 8 69 0 0.08695652173913043
transition 70 8 500 0 0.08695652173913043
transition 77 8 266 0 0.08695652173913043
transition 77 8 149 0 0.08695652173913043
transition 77 8 95 0 0.043478260869565216
transition 77 8 82 0 0.043478260869565216
transition 77 8 80 0 0.08695652173913043
transition 77 8 79 0 0.08695652173913043
transition 77 8 78 0 0.08695652173913043
transition 77 8 77 0 0.043478260869565216
transition 77 8 76 0 0.08695652173913043
transition 77 8 75 0 0.08695652173913043
transition 77 8 500 0 0.08695652173913043
transition 89 8 274 0 0.08695652173913043
transition 89 8 155 0 0.08695652173913043
transition 89 8 95 0 0.08695652173913043
transition 89 8 92 0 0.08695652173913043
transition 89 8 91 0 0.08695652173913043
transition 89 8 90 0 0.08695652173913043
transition 89 8 89 0 0.043478260869565216
transition 89 8 88 0 0.08695652173913043
transition 89 8 87 0 0.08695652173913043
transition 89 8 86 0 0.08695652173913043
transition 89 8 500 0 0.08695652173913043
transition 106 8 286 0 0.08333333333333333
transition 106 8 164 0 0.041666666666666664
transition 106 8 136 0 0.08333333333333333
transition 106 8 122 0 0.08333333333333333
transition 106 8 115 0 0.08333333333333333
transition 106 8 110 0 0.08333333333333333
transition 106 8 107 0 0.08333333333333333
transition 106 8 106 0 0.041666666666666664
transition 106 8 105 0 0.08333333333333333
transition 106 8 104 0 0.08333333333333333
transition 106 8 103 0 0.08333333333333333
transition 106 8 102 0 0.08333333333333333
transition 106 8 101 0 0.08333333333333333
transition 108 8 293 0 0.08695652173913043
transition 108 8 171 0 0.043478260869565216
transition 108 8 142 0 0.08695652173913043
transition 108 8 127 0 0.08695652173913043
transition 108 8 119 0 0.08695652173913043
transition 108 8 113 0 0.08695652173913043
transition 108 8 109 0 0.043478260869565216
transition 108 8 108 0 0.043478260869565216
transition 108 8 500 0 0.08695652173913043
transition 112 8 295 0 0.08695652173913043
transition 112 8 172 0 0.043478260869565216
transition 112 8 143 0 0.08695652173913043
transition 112 8 128 0 0.08695652173913043
transition 112 8 120 0 0.08695652173913043
transition 112 8 114 0 0.043478260869565216
transition 112 8 113 0 0.08695652173913043
transition 112 8 112 0 0.043478260869565216
transition 112 8 111 0 0.08695652173913043
transition 112 8 500 0 0.08695652173913043
transition 118 8 299 0 0.08695652173913043
transition 118 8 175 0 0.043478260869565216
transition 118 8 145 0 0.08695652173913043
transition 118 8 129 0 0.08695652173913043
transition 118 8 121 0 0.043478260869565216
transition 118 8 120 0 0.08695652173913043
transition 118 8 119 0 0.08695652173913043
transition 118 8 118 0 0.043478260869565216
transition 118 8 117 0 0.08695652173913043
transition 118 8 116 0 0.08695652173913043
transition 118 8 500 0 0.08695652173913043
transition 126 8 305 0 0.08695652173913043
transition 126 8 180 0 0.043478260869565216
transition 126 8 149 0 0.08695652173913043
transition 126 8 132 0 0.043478260869565216
transition 126 8 129 0 0.08695652173913043
transition 126 8 128 0 0.08695652173913043
transition 126 8 127 0 0.08695652173913043
transition 126 8 126 0 0.043478260869565216
transition 126 8 125 0 0.08695652173913043
transition 126 8 124 0 0.08695652173913043
transition 126 8 123 0 0.08695652173913043
transition 126 8 500 0 0.08695652173913043
transition 141 8 316 0 0.08695652173913043
transition 141 8 188 0 0.043478260869565216
transition 141 8 155 0 0.043478260869565216
transition 141 8 149 0 0.08695652173913043
transition 141 8 145 0 0.08695652173913043
transition 141 8 143 0 0.08695652173913043
transition 141 8 142 0 0.08695652173913043
transition 141 8 141 0 0.043478260869565216
transition 141 8 140 0 0.08695652173913043
transition 141 8 139 0 0.08695652173913043
transition 141 8 138 0 0.08695652173913043
transition 141 8 137 0 0.08695652173913043
transition 141 8 500 0 0.08695652173913043
transition 150 8 326 0 0.09090909090909091
transition 150 8 196 0 0.045454545454545456
transition 150 8 161 0 0.045454545454545456
transition 150 8 154 0 0.045454545454545456
transition 150 8 153 0 0.09090909090909091
transition 150 8 152 0 0.09090909090909091
transition 150 8 151 0 0.09090909090909091
transition 150 8 150 0 0.045454545454545456
transition 150 8 500 0 0.09090909090909091
transition 157 8 331 0 0.09090909090909091
transition 157 8 200 0 0.045454545454545456
transition 157 8 161 0 0.09090909090909091
transition 157 8 160 0 0.09090909090909091
transition 157 8 159 0 0.09090909090909091
transition 157 8 158 0 0.09090909090909091
transition 157 8 157 0 0.045454545454545456
transition 157 8 156 0 0.09090909090909091
transition 157 8 500 0 0.09090909090909091
transition 170 8 338 0 0.08695652173913043
transition 170 8 188 0 0.08695652173913043
transition 170 8 180 0 0.08695652173913043
transition 170 8 175 0 0.08695652173913043
transition 170 8 172 0 0.08695652173913043
transition 170 8 171 0 0.08695652173913043
transition 170 8 170 0 0.043478260869565216
transition 170 8 169 0 0.08695652173913043
transition 170 8 168 0 0.08695652173913043
transition 170 8 167 0 0.08695652173913043
transition 170 8 166 0 0.08695652173913043
transition 170 8 165 0 0.08695652173913043
transition 176 8 347 0 0.09090909090909091
transition 176 8 194 0 0.09090909090909091
transition 176 8 185 0 0.09090909090909091
transition 176 8 179 0 0.045454545454545456
transition 176 8 178 0 0.09090909090909091
transition 176 8 177 0 0.09090909090909091
transition 176 8 176 0 0.045454545454545456
transition 176 8 500 0 0.09090909090909091
transition 182 8 351 0 0.09090909090909091
transition 182 8 196 0 0.09090909090909091
transition 182 8 186 0 0.045454545454545456
transition 182 8 185 0 0.09090909090909091
transition 182 8 184 0 0.09090909090909091
transition 182 8 183 0 0.09090909090909091
transition 182 8 182 0 0.045454545454545456
transition 182 8 181 0 0.09090909090909091
transition 182 8 500 0 0.09090909090909091
transition 191 8 357 0 0.09090909090909091
transition 191 8 200 0 0.045454545454545456
transition 191 8 196 0 0.09090909090909091
transition 191 8 194 0 0.09090909090909091
transition 191 8 193 0 0.09090909090909091
transition 191 8 192 0 0.09090909090909091
transition 191 8 191 0 0.045454545454545456
transition 191 8 190 0 0.09090909090909091
transition 191 8 189 0 0.09090909090909091
transition 191 8 500 0 0.09090909090909091
transition 211 8 370 0 0.041666666666666664
transition 211 8 286 0 0.08333333333333333
transition 211 8 250 0 0.08333333333333333
transition 211 8 232 0 0.08333333333333333
transition 211 8 223 0 0.08333333333333333
transition 211 8 217 0 0.08333333333333333
transition 211 8 213 0 0.08333333333333333
transition 211 8 211 0 0.041666666666666664
transition 211 8 210 0 0.08333333333333333
transition 211 8 209 0 0.08333333333333333
transition 211 8 208 0 0.08333333333333333
transition 211 8 207 0 0.08333333333333333
transition 211 8 206 0 0.08333333333333333
transition 212 8 376 0 0.043478260869565216
transition 212 8 292 0 0.08695652173913043
transition 212 8 256 0 0.08695652173913043
transition 212 8 237 0 0.08695652173913043
transition 212 8 227 0 0.08695652173913043
transition 212 8 220 0 0.08695652173913043
transition 212 8 215 0 0.08695652173913043
transition 212 8 500 0 0.08695652173913043
transition 215 8 377 0 0.043478260869565216
transition 215 8 293 0 0.08695652173913043
transition 215 8 257 0 0.08695652173913043
transition 215 8 238 0 0.08695652173913043
transition 215 8 228 0 0.08695652173913043
transition 215 8 221 0 0.08695652173913043
transition 215 8 216 0 0.043478260869565216
transition 215 8 215 0 0.043478260869565216
transition 215 8 214 0 0.08695652173913043
transition 215 8 500 0 0.08695652173913043
transition 220 8 380 0 0.043478260869565216
transition 220 8 295 0 0.08695652173913043
transition 220 8 258 0 0.08695652173913043
transition 220 8 239 0 0.08695652173913043
transition 220 8 229 0 0.08695652173913043
transition 220 8 222 0 0.043478260869565216
transition 220 8 221 0 0.08695652173913043
transition 220 8 220 0 0.043478260869565216
transition 220 8 219 0 0.08695652173913043
transition 220 8 218 0 0.08695652173913043
transition 220 8 500 0 0.08695652173913043
transition 227 8 385 0 0.043478260869565216
transition 227 8 299 0 0.08695652173913043
transition 227 8 261 0 0.08695652173913043
transition 227 8 241 0 0.08695652173913043
transition 227 8 230 0 0.043478260869565216
transition 227 8 229 0 0.08695652173913043
transition 227 8 228 0 0.08695652173913043
transition 227 8 227 0 0.043478260869565216
transition 227 8 226 0 0.08695652173913043
transition 227 8 225 0 0.08695652173913043
transition 227 8 224 0 0.08695652173913043
transition 227 8 500 0 0.08695652173913043
transition 237 8 392 0 0.043478260869565216
transition 237 8 305 0 0.08695652173913043
transition 237 8 266 0 0.08695652173913043
transition 237 8 245 0 0.043478260869565216
transition 237 8 241 0 0.08695652173913043
transition 237 8 239 0 0.08695652173913043
transition 237 8 238 0 0.08695652173913043
transition 237 8 237 0 0.043478260869565216
transition 237 8 236 0 0.08695652173913043
transition 237 8 235 0 0.08695652173913043
transition 237 8 234 0 0.08695652173913043
transition 237 8 233 0 0.08695652173913043
transition 237 8 500 0 0.08695652173913043
transition 246 8 402 0 0.045454545454545456
transition 246 8 313 0 0.09090909090909091
transition 246 8 272 0 0.09090909090909091
transition 246 8 249 0 0.09090909090909091
transition 246 8 248 0 0.09090909090909091
transition 246 8 247 0 0.09090909090909091
transition 246 8 246 0 0.045454545454545456
transition 246 8 500 0 0.09090909090909091
transition 256 8 406 0 0.043478260869565216
transition 256 8 316 0 0.08695652173913043
transition 256 8 274 0 0.043478260869565216
transition 256 8 266 0 0.08695652173913043
transition 256 8 261 0 0.08695652173913043
transition 256 8 258 0 0.08695652173913043
transition 256 8 257 0 0.08695652173913043
transition 256 8 256 0 0.043478260869565216
transition 256 8 255 0 0.08695652173913043
transition 256 8 254 0 0.08695652173913043
transition 256 8 253 0 0.08695652173913043
transition 256 8 252 0 0.08695652173913043
transition 256 8 251 0 0.08695652173913043
transition 262 8 415 0 0.045454545454545456
transition 262 8 323 0 0.09090909090909091
transition 262 8 280 0 0.045454545454545456
transition 262 8 271 0 0.09090909090909091
transition 262 8 265 0 0.045454545454545456
transition 262 8 264 0 0.09090909090909091
transition 262 8 263 0 0.09090909090909091
transition 262 8 262 0 0.045454545454545456
transition 262 8 500 0 0.09090909090909091
transition 268 8 419 0 0.045454545454545456
transition 268 8 326 0 0.09090909090909091
transition 268 8 282 0 0.045454545454545456
transition 268 8 272 0 0.045454545454545456
transition 268 8 271 0 0.09090909090909091
transition 268 8 270 0 0.09090909090909091
transition 268 8 269 0 0.09090909090909091
transition 268 8 268 0 0.045454545454545456
transition 268 8 267 0 0.09090909090909091
transition 268 8 500 0 0.09090909090909091
transition 277 8 425 0 0.045454545454545456
transition 277 8 331 0 0.09090909090909091
transition 277 8 282 0 0.09090909090909091
transition 277 8 280 0 0.09090909090909091
transition 277 8 279 0 0.09090909090909091
transition 277 8 278 0 0.09090909090909091
transition 277 8 277 0 0.045454545454545456
transition 277 8 276 0 0.09090909090909091
transition 277 8 275 0 0.09090909090909091
transition 277 8 500 0 0.09090909090909091
transition 292 8 434 0 0.043478260869565216
transition 292 8 338 0 0.043478260869565216
transition 292 8 316 0 0.08695652173913043
transition 292 8 305 0 0.08695652173913043
transition 292 8 299 0 0.08695652173913043
transition 292 8 295 0 0.08695652173913043
transition 292 8 293 0 0.08695652173913043
transition 292 8 292 0 0.043478260869565216
transition 292 8 291 0 0.08695652173913043
transition 292 8 290 0 0.08695652173913043
transition 292 8 289 0 0.08695652173913043
transition 292 8 288 0 0.08695652173913043
transition 292 8 287 0 0.08695652173913043
transition 296 8 442 0 0.045454545454545456
transition 296 8 345 0 0.045454545454545456
transition 296 8 322 0 0.09090909090909091
transition 296 8 310 0 0.09090909090909091
transition 296 8 303 0 0.09090909090909091
transition 296 8 298 0 0.045454545454545456
transition 296 8 297 0 0.09090909090909091
transition 296 8 296 0 0.045454545454545456
transition 296 8 500 0 0.09090909090909091
transition 301 8 445 0 0.045454545454545456
transition 301 8 347 0 0.045454545454545456
transition 301 8 323 0 0.09090909090909091
transition 301 8 311 0 0.09090909090909091
transition 301 8 304 0 0.045454545454545456
transition 301 8 303 0 0.09090909090909091
transition 301 8 302 0 0.09090909090909091
transition 301 8 301 0 0.045454545454545456
transition 301 8 300 0 0.09090909090909091
transition 301 8 500 0 0.09090909090909091
transition 308 8 450 0 0.045454545454545456
transition 308 8 351 0 0.045454545454545456
transition 308 8 326 0 0.09090909090909091
transition 308 8 313 0 0.045454545454545456
transition 308 8 311 0 0.09090909090909091
transition 308 8 310 0 0.09090909090909091
transition 308 8 309 0 0.09090909090909091
transition 308 8 308 0 0.045454545454545456
transition 308 8 307 0 0.09090909090909091
transition 308 8 306 0 0.09090909090909091
transition 308 8 500 0 0.09090909090909091
transition 320 8 458 0 0.045454545454545456
transition 320 8 357 0 0.045454545454545456
transition 320 8 331 0 0.045454545454545456
transition 320 8 326 0 0.09090909090909091
transition 320 8 323 0 0.09090909090909091
transition 320 8 322 0 0.09090909090909091
transition 320 8 321 0 0.09090909090909091
transition 320 8 320 0 0.045454545454545456
transition 320 8 319 0 0.09090909090909091
transition 320 8 318 0 0.09090909090909091
transition 320 8 317 0 0.09090909090909091
transition 320 8 500 0 0.09090909090909091
transition 332 8 470 0 0.047619047619047616
transition 332 8 366 0 0.047619047619047616
transition 332 8 336 0 0.09523809523809523
transition 332 8 335 0 0.09523809523809523
transition 332 8 334 0 0.09523809523809523
transition 332 8 333 0 0.09523809523809523
transition 332 8 332 0 0.047619047619047616
transition 332 8 500 0 0.09523809523809523
transition 343 8 475 0 0.045454545454545456
transition 343 8 357 0 0.09090909090909091
transition 343 8 351 0 0.09090909090909091
transition 343 8 347 0 0.09090909090909091
transition 343 8 345 0 0.09090909090909091
transition 343 8 344 0 0.09090909090909091
transition 343 8 343 0 0.045454545454545456
transition 343 8 342 0 0.09090909090909091
transition 343 8 341 0 0.09090909090909091
transition 343 8 340 0 0.09090909090909091
transition 343 8 339 0 0.09090909090909091
transition 343 8 500 0 0.09090909090909091
transition 352 8 485 0 0.047619047619047616
transition 352 8 363 0 0.09523809523809523
transition 352 8 356 0 0.047619047619047616
transition 352 8 355 0 0.09523809523809523
transition 352 8 354 0 0.09523809523809523
transition 352 8 353 0 0.09523809523809523
transition 352 8 352 0 0.047619047619047616
transition 352 8 500 0 0.09523809523809523
transition 359 8 490 0 0.047619047619047616
transition 359 8 366 0 0.047619047619047616
transition 359 8 363 0 0.09523809523809523
transition 359 8 362 0 0.09523809523809523
transition 359 8 361 0 0.09523809523809523
transition 359 8 360 0 0.09523809523809523
transition 359 8 359 0 0.047619047619047616
transition 359 8 358 0 0.09523809523809523
transition 359 8 500 0 0.09523809523809523
transition 376 8 434 0 0.08695652173913043
transition 376 8 406 0 0.08695652173913043
transition 376 8 392 0 0.08695652173913043
transition 376 8 385 0 0.08695652173913043
transition 376 8 380 0 0.08695652173913043
transition 376 8 377 0 0.08695652173913043
transition 376 8 376 0 0.043478260869565216
transition 376 8 375 0 0.08695652173913043
transition 376 8 374 0 0.08695652173913043
transition 376 8 373 0 0.08695652173913043
transition 376 8 372 0 0.08695652173913043
transition 376 8 371 0 0.08695652173913043
transition 378 8 441 0 0.09090909090909091
transition 378 8 412 0 0.09090909090909091
transition 378 8 397 0 0.09090909090909091
transition 378 8 389 0 0.09090909090909091
transition 378 8 383 0 0.09090909090909091
transition 378 8 379 0 0.045454545454545456
transition 378 8 378 0 0.045454545454545456
transition 378 8 500 0 0.09090909090909091
transition 382 8 442 0 0.09090909090909091
transition 382 8 413 0 0.09090909090909091
transition 382 8 398 0 0.09090909090909091
transition 382 8 390 0 0.09090909090909091
transition 382 8 384 0 0.045454545454545456
transition 382 8 383 0 0.09090909090909091
transition 382 8 382 0 0.045454545454545456
transition 382 8 381 0 0.09090909090909091
transition 382 8 500 0 0.09090909090909091
transition 388 8 445 0 0.09090909090909091
transition 388 8 415 0 0.09090909090909091
transition 388 8 399 0 0.09090909090909091
transition 388 8 391 0 0.045454545454545456
transition 388 8 390 0 0.09090909090909091
transition 388 8 389 0 0.09090909090909091
transition 388 8 388 0 0.045454545454545456
transition 388 8 387 0 0.09090909090909091
transition 388 8 386 0 0.09090909090909091
transition 388 8 500 0 0.09090909090909091
transition 396 8 450 0 0.09090909090909091
transition 396 8 419 0 0.09090909090909091
transition 396 8 402 0 0.045454545454545456
transition 396 8 399 0 0.09090909090909091
transition 396 8 398 0 0.09090909090909091
transition 396 8 397 0 0.09090909090909091
transition 396 8 396 0 0.045454545454545456
transition 396 8 395 0 0.09090909090909091
transition 396 8 394 0 0.09090909090909091
transition 396 8 393 0 0.09090909090909091
transition 396 8 500 0 0.09090909090909091
transition 411 8 458 0 0.09090909090909091
transition 411 8 425 0 0.045454545454545456
transition 411 8 419 0 0.09090909090909091
transition 411 8 415 0 0.09090909090909091
transition 411 8 413 0 0.09090909090909091
transition 411 8 412 0 0.09090909090909091
transition 411 8 411 0 0.045454545454545456
transition 411 8 410 0 0.09090909090909091
transition 411 8 409 0 0.09090909090909091
transition 411 8 408 0 0.09090909090909091
transition 411 8 407 0 0.09090909090909091
transition 411 8 500 0 0.09090909090909091
transition 420 8 466 0 0.09523809523809523
transition 420 8 431 0 0.047619047619047616
transition 420 8 424 0 0.047619047619047616
transition 420 8 423 0 0.09523809523809523
transition 420 8 422 0 0.09523809523809523
transition 420 8 421 0 0.09523809523809523
transition 420 8 420 0 0.047619047619047616
transition 420 8 500 0 0.09523809523809523
transition 427 8 470 0 0.09523809523809523
transition 427 8 431 0 0.09523809523809523
transition 427 8 430 0 0.09523809523809523
transition 427 8 429 0 0.09523809523809523
transition 427 8 428 0 0.09523809523809523
transition 427 8 427 0 0.047619047619047616
transition 427 8 426 0 0.09523809523809523
transition 427 8 500 0 0.09523809523809523
transition 440 8 475 0 0.045454545454545456
transition 440 8 458 0 0.09090909090909091
transition 440 8 450 0 0.09090909090909091
transition 440 8 445 0 0.09090909090909091
transition 440 8 442 0 0.09090909090909091
transition 440 8 441 0 0.09090909090909091
transition 440 8 440 0 0.045454545454545456
transition 440 8 439 0 0.09090909090909091
transition 440 8 438 0 0.09090909090909091
transition 440 8 437 0 0.09090909090909091
transition 440 8 436 0 0.09090909090909091
transition 440 8 435 0 0.09090909090909091
transition 446 8 482 0 0.047619047619047616
transition 446 8 464 0 0.09523809523809523
transition 446 8 455 0 0.09523809523809523
transition 446 8 449 0 0.047619047619047616
transition 446 8 448 0 0.09523809523809523
transition 446 8 447 0 0.09523809523809523
transition 446 8 446 0 0.047619047619047616
transition 446 8 500 0 0.09523809523809523
transition 452 8 485 0 0.047619047619047616
transition 452 8 466 0 0.09523809523809523
transition 452 8 456 0 0.047619047619047616
transition 452 8 455 0 0.09523809523809523
transition 452 8 454 0 0.09523809523809523
transition 452 8 453 0 0.09523809523809523
transition 452 8 452 0 0.047619047619047616
transition 452 8 451 0 0.09523809523809523
transition 452 8 500 0 0.09523809523809523
transition 461 8 490 0 0.047619047619047616
transition 461 8 470 0 0.047619047619047616
transition 461 8 466 0 0.09523809523809523
transition 461 8 464 0 0.09523809523809523
transition 461 8 463 0 0.09523809523809523
transition 461 8 462 0 0.09523809523809523
transition 461 8 461 0 0.047619047619047616
transition 461 8 460 0 0.09523809523809523
transition 461 8 459 0 0.09523809523809523
transition 461 8 500 0 0.09523809523809523
transition 479 8 490 0 0.09523809523809523
transition 479 8 485 0 0.09523809523809523
transition 479 8 482 0 0.09523809523809523
transition 479 8 481 0 0.09523809523809523
transition 479 8 480 0 0.09523809523809523
transition 479 8 479 0 0.047619047619047616
transition 479 8 478 0 0.09523809523809523
transition 479 8 477 0 0.09523809523809523
transition 479 8 476 0 0.09523809523809523
transition 479 8 500 0 0.09523809523809523
transition 491 8 497 0 0.05
transition 491 8 495 0 0.1
transition 491 8 494 0 0.1
transition 491 8 493 0 0.1
transition 491 8 492 0 0.1
transition 491 8 491 0 0.05
transition 491 8 500 0 0.1
transition 5 9 205 0 0.08
transition 5 9 100 0 0.08
transition 5 9 55 0 0.08
transition 5 9 33 0 0.08
transition 5 9 21 0 0.08
transition 5 9 14 0 0.08
transition 5 9 9 0 0.08
transition 5 9 6 0 0.08
transition 5 9 5 0 0.04
transition 5 9 4 0 0.08
transition 5 9 3 0 0.08
transition 5 9 2 0 0.08
transition 5 9 1 0 0.08
transition 7 9 211 0 0.08333333333333333
transition 7 9 106 0 0.08333333333333333
transition 7 9 61 0 0.08333333333333333
transition 7 9 39 0 0.08333333333333333
transition 7 9 26 0 0.08333333333333333
transition 7 9 18 0 0.08333333333333333
transition 7 9 12 0 0.08333333333333333
transition 7 9 8 0 0.041666666666666664
transition 7 9 7 0 0.041666666666666664
transition 7 9 500 0 0.08333333333333333
transition 11 9 213 0 0.08333333333333333
transition 11 9 107 0 0.08333333333333333
transition 11 9 62 0 0.08333333333333333
transition 11 9 40 0 0.08333333333333333
transition 11 9 27 0 0.08333333333333333
transition 11 9 19 0 0.08333333333333333
transition 11 9 13 0 0.041666666666666664
transition 11 9 12 0 0.08333333333333333
transition 11 9 11 0 0.041666666666666664
transition 11 9 10 0 0.08333333333333333
transition 11 9 500 0 0.08333333333333333
transition 17 9 217 0 0.08333333333333333
transition 17 9 110 0 0.08333333333333333
transition 17 9 64 0 0.08333333333333333
transition 17 9 41 0 0.08333333333333333
transition 17 9 28 0 0.08333333333333333
transition 17 9 20 0 0.041666666666666664
transition 17 9 19 0 0.08333333333333333
transition 17 9 18 0 0.08333333333333333
transition 17 9 17 0 0.041666666666666664
transition 17 9 16 0 0.08333333333333333
transition 17 9 15 0 0.08333333333333333
transition 17 9 500 0 0.08333333333333333
transition 25 9 223 0 0.08333333333333333
transition 25 9 115 0 0.08333333333333333
transition 25 9 68 0 0.08333333333333333
transition 25 9 44 0 0.08333333333333333
transition 25 9 30 0 0.041666666666666664
transition 25 9 28 0 0.08333333333333333
transition 25 9 27 0 0.08333333333333333
transition 25 9 26 0 0.08333333333333333
transition 25 9 25 0 0.041666666666666664
transition 25 9 24 0 0.08333333333333333
transition 25 9 23 0 0.08333333333333333
transition 25 9 22 0 0.08333333333333333
transition 25 9 500 0 0.08333333333333333
transition 38 9 232 0 0.08333333333333333
transition 38 9 122 0 0.08333333333333333
transition 38 9 74 0 0.08333333333333333
transition 38 9 49 0 0.041666666666666664
transition 38 9 44 0 0.08333333333333333
transition 38 9 41 0 0.08333333333333333
transition 38 9 40 0 0.08333333333333333
transition 38 9 39 0 0.08333333333333333
transition 38 9 38 0 0.041666666666666664
transition 38 9 37 0 0.08333333333333333
transition 38 9 36 0 0.08333333333333333
transition 38 9 35 0 0.08333333333333333
transition 38 9 34 0 0.08333333333333333
transition 50 9 245 0 0.08695652173913043
transition 50 9 132 0 0.08695652173913043
transition 50 9 82 0 0.08695652173913043
transition 50 9 54 0 0.08695652173913043
transition 50 9 53 0 0.08695652173913043
transition 50 9 52 0 0.08695652173913043
transition 50 9 51 0 0.08695652173913043
transition 50 9 50 0 0.043478260869565216
transition 50 9 500 0 0.08695652173913043
transition 60 9 250 0 0.08333333333333333
transition 60 9 136 0 0.08333333333333333
transition 60 9 85 0 0.041666666666666664
transition 60 9 74 0 0.08333333333333333
transition 60 9 68 0 0.08333333333333333
transition 60 9 64 0 0.08333333333333333
transition 60 9 62 0 0.08333333333333333
transition 60 9 61 0 0.08333333333333333
transition 60 9 60 0 0.041666666666666664
transition 60 9 59 0 0.08333333333333333
transition 60 9 58 0 0.08333333333333333
transition 60 9 57 0 0.08333333333333333
transition 60 9 56 0 0.08333333333333333
transition 69 9 261 0 0.08695652173913043
transition 69 9 145 0 0.08695652173913043
transition 69 9 92 0 0.043478260869565216
transition 69 9 80 0 0.08695652173913043
transition 69 9 73 0 0.043478260869565216
transition 69 9 72 0 0.08695652173913043
transition 69 9 71 0 0.08695652173913043
transition 69 9 70 0 0.08695652173913043
transition 69 9 69 0 0.043478260869565216
transition 69 9 500 0 0.08695652173913043
transition 76 9 266 0 0.08695652173913043
transition 76 9 149 0 0.08695652173913043
transition 76 9 95 0 0.043478260869565216
transition 76 9 82 0 0.043478260869565216
transition 76 9 80 0 0.08695652173913043
transition 76 9 79 0 0.08695652173913043
transition 76 9 78 0 0.08695652173913043
transition 76 9 77 0 0.08695652173913043
transition 76 9 76 0 0.043478260869565216
transition 76 9 75 0 0.08695652173913043
transition 76 9 500 0 0.08695652173913043
transition 88 9 274 0 0.08695652173913043
transition 88 9 155 0 0.08695652173913043
transition 88 9 95 0 0.08695652173913043
transition 88 9 92 0 0.08695652173913043
transition 88 9 91 0 0.08695652173913043
transition 88 9 90 0 0.08695652173913043
transition 88 9 89 0 0.08695652173913043
transition 88 9 88 0 0.043478260869565216
transition 88 9 87 0 0.08695652173913043
transition 88 9 86 0 0.08695652173913043
transition 88 9 500 0 0.08695652173913043
transition 105 9 286 0 0.08333333333333333
transition 105 9 164 0 0.041666666666666664
transition 105 9 136 0 0.08333333333333333
transition 105 9 122 0 0.08333333333333333
transition 105 9 115 0 0.08333333333333333
transition 105 9 110 0 0.08333333333333333
transition 105 9 107 0 0.08333333333333333
transition 105 9 106 0 0.08333333333333333
transition 105 9 105 0 0.041666666666666664
transition 105 9 104 0 0.08333333333333333
transition 105 9 103 0 0.08333333333333333
transition 105 9 102 0 0.08333333333333333
transition 105 9 101 0 0.08333333333333333
transition 111 9 295 0 0.08695652173913043
transition 111 9 172 0 0.043478260869565216
transition 111 9 143 0 0.08695652173913043
transition 111 9 128 0 0.08695652173913043
transition 111 9 120 0 0.08695652173913043
transition 111 9 114 0 0.043478260869565216
transition 111 9 113 0 0.08695652173913043
transition 111 9 112 0 0.08695652173913043
transition 111 9 111 0 0.043478260869565216
transition 111 9 500 0 0.08695652173913043
transition 117 9 299 0 0.08695652173913043
transition 117 9 175 0 0.043478260869565216
transition 117 9 145 0 0.08695652173913043
transition 117 9 129 0 0.08695652173913043
transition 117 9 121 0 0.043478260869565216
transition 117 9 120 0 0.08695652173913043
transition 117 9 119 0 0.08695652173913043
transition 117 9 118 0 0.08695652173913043
transition 117 9 117 0 0.043478260869565216
transition 117 9 116 0 0.08695652173913043
transition 117 9 500 0 0.08695652173913043
transition 125 9 305 0 0.08695652173913043
transition 125 9 180 0 0.043478260869565216
transition 125 9 149 0 0.08695652173913043
transition 125 9 132 0 0.043478260869565216
transition 125 9 129 0 0.08695652173913043
transition 125 9 128 0 0.08695652173913043
transition 125 9 127 0 0.08695652173913043
transition 125 9 126 0 0.08695652173913043
transition 125 9 125 0 0.043478260869565216
transition 125 9 124 0 0.08695652173913043
transition 125 9 123 0 0.08695652173913043
transition 125 9 500 0 0.08695652173913043
transition 140 9 316 0 0.08695652173913043
transition 140 9 188 0 0.043478260869565216
transition 140 9 155 0 0.043478260869565216
transition 140 9 149 0 0.08695652173913043
transition 140 9 145 0 0.08695652173913043
transition 140 9 143 0 0.08695652173913043
transition 140 9 142 0 0.08695652173913043
transition 140 9 141 0 0.08695652173913043
transition 140 9 140 0 0.043478260869565216
transition 140 9 139 0 0.08695652173913043
transition 140 9 138 0 0.08695652173913043
transition 140 9 137 0 0.08695652173913043
transition 140 9 500 0 0.08695652173913043
transition 156 9 331 0 0.09090909090909091
transition 156 9 200 0 0.045454545454545456
transition 156 9 161 0 0.09090909090909091
transition 156 9 160 0 0.09090909090909091
transition 156 9 159 0 0.09090909090909091
transition 156 9 158 0 0.09090909090909091
transition 156 9 157 0 0.09090909090909091
transition 156 9 156 0 0.045454545454545456
transition 156 9 500 0 0.09090909090909091
transition 169 9 338 0 0.08695652173913043
transition 169 9 188 0 0.08695652173913043
transition 169 9 180 0 0.08695652173913043
transition 169 9 175 0 0.08695652173913043
transition 169 9 172 0 0.08695652173913043
transition 169 9 171 0 0.08695652173913043
transition 169 9 170 0 0.08695652173913043
transition 169 9 169 0 0.043478260869565216
transition 169 9 168 0 0.08695652173913043
transition 169 9 167 0 0.08695652173913043
transition 169 9 166 0 0.08695652173913043
transition 169 9 165 0 0.08695652173913043
transition 181 9 351 0 0.09090909090909091
transition 181 9 196 0 0.09090909090909091
transition 181 9 186 0 0.045454545454545456
transition 181 9 185 0 0.09090909090909091
transition 181 9 184 0 0.09090909090909091
transition 181 9 183 0 0.09090909090909091
transition 181 9 182 0 0.09090909090909091
transition 181 9 181 0 0.045454545454545456
transition 181 9 500 0 0.09090909090909091
transition 190 9 357 0 0.09090909090909091
transition 190 9 200 0 0.045454545454545456
transition 190 9 196 0 0.09090909090909091
transition 190 9 194 0 0.09090909090909091
transition 190 9 193 0 0.09090909090909091
transition 190 9 192 0 0.09090909090909091
transition 190 9 191 0 0.09090909090909091
transition 190 9 190 0 0.045454545454545456
transition 190 9 189 0 0.09090909090909091
transition 190 9 500 0 0.09090909090909091
transition 210 9 370 0 0.041666666666666664
transition 210 9 286 0 0.08333333333333333
transition 210 9 250 0 0.08333333333333333
transition 210 9 232 0 0.08333333333333333
transition 210 9 223 0 0.08333333333333333
transition 210 9 217 0 0.08333333333333333
transition 210 9 213 0 0.08333333333333333
transition 210 9 211 0 0.08333333333333333
transition 210 9 210 0 0.041666666666666664
transition 210 9 209 0 0.08333333333333333
transition 210 9 208 0 0.08333333333333333
transition 210 9 207 0 0.08333333333333333
transition 210 9 206 0 0.08333333333333333
transition 214 9 377 0 0.043478260869565216
transition 214 9 293 0 0.08695652173913043
transition 214 9 257 0 0.08695652173913043
transition 214 9 238 0 0.08695652173913043
transition 214 9 228 0 0.08695652173913043
transition 214 9 221 0 0.08695652173913043
transition 214 9 216 0 0.043478260869565216
transition 214 9 215 0 0.08695652173913043
transition 214 9 214 0 0.043478260869565216
transition 214 9 500 0 0.08695652173913043
transition 219 9 380 0 0.043478260869565216
transition 219 9 295 0 0.08695652173913043
transition 219 9 258 0 0.08695652173913043
transition 219 9 239 0 0.08695652173913043
transition 219 9 229 0 0.08695652173913043
transition 219 9 222 0 0.043478260869565216
transition 219 9 221 0 0.08695652173913043
transition 219 9 220 0 0.08695652173913043
transition 219 9 219 0 0.043478260869565216
transition 219 9 218 0 0.08695652173913043
transition 219 9 500 0 0.08695652173913043
transition 226 9 385 0 0.043478260869565216
transition 226 9 299 0 0.08695652173913043
transition 226 9 261 0 0.08695652173913043
transition 226 9 241 0 0.08695652173913043
transition 226 9 230 0 0.043478260869565216
transition 226 9 229 0 0.08695652173913043
transition 226 9 228 0 0.08695652173913043
transition 226 9 227 0 0.08695652173913043
transition 226 9 226 0 0.043478260869565216
transition 226 9 225 0 0.08695652173913043
transition 226 9 224 0 0.08695652173913043
transition 226 9 500 0 0.08695652173913043
transition 236 9 392 0 0.043478260869565216
transition 236 9 305 0 0.08695652173913043
transition 236 9 266 0 0.08695652173913043
transition 236 9 245 0 0.043478260869565216
transition 236 9 241 0 0.08695652173913043
transition 236 9 239 0 0.08695652173913043
transition 236 9 238 0 0.08695652173913043
transition 236 9 237 0 0.08695652173913043
transition 236 9 236 0 0.043478260869565216
transition 236 9 235 0 0.08695652173913043
transition 236 9 234 0 0.08695652173913043
transition 236 9 233 0 0.08695652173913043
transition 236 9 500 0 0.08695652173913043
transition 255 9 406 0 0.043478260869565216
transition 255 9 316 0 0.08695652173913043
transition 255 9 274 0 0.043478260869565216
transition 255 9 266 0 0.08695652173913043
transition 255 9 261 0 0.08695652173913043
transition 255 9 258 0 0.08695652173913043
transition 255 9 257 0 0.08695652173913043
transition 255 9 256 0 0.08695652173913043
transition 255 9 255 0 0.043478260869565216
transition 255 9 254 0 0.08695652173913043
transition 255 9 253 0 0.08695652173913043
transition 255 9 252 0 0.08695652173913043
transition 255 9 251 0 0.08695652173913043
transition 267 9 419 0 0.045454545454545456
transition 267 9 326 0 0.09090909090909091
transition 267 9 282 0 0.045454545454545456
transition 267 9 272 0 0.045454545454545456
transition 267 9 271 0 0.09090909090909091
transition 267 9 270 0 0.09090909090909091
transition 267 9 269 0 0.09090909090909091
transition 267 9 268 0 0.09090909090909091
transition 267 9 267 0 0.045454545454545456
transition 267 9 500 0 0.09090909090909091
transition 276 9 425 0 0.045454545454545456
transition 276 9 331 0 0.09090909090909091
transition 276 9 282 0 0.09090909090909091
transition 276 9 280 0 0.09090909090909091
transition 276 9 279 0 0.09090909090909091
transition 276 9 278 0 0.09090909090909091
transition 276 9 277 0 0.09090909090909091
transition 276 9 276 0 0.045454545454545456
transition 276 9 275 0 0.09090909090909091
transition 276 9 500 0 0.09090909090909091
transition 291 9 434 0 0.043478260869565216
transition 291 9 338 0 0.043478260869565216
transition 291 9 316 0 0.08695652173913043
transition 291 9 305 0 0.08695652173913043
transition 291 9 299 0 0.08695652173913043
transition 291 9 295 0 0.08695652173913043
transition 291 9 293 0 0.08695652173913043
transition 291 9 292 0 0.08695652173913043
transition 291 9 291 0 0.043478260869565216
transition 291 9 290 0 0.08695652173913043
transition 291 9 289 0 0.08695652173913043
transition 291 9 288 0 0.08695652173913043
transition 291 9 287 0 0.08695652173913043
transition 300 9 445 0 0.045454545454545456
transition 300 9 347 0 0.045454545454545456
transition 300 9 323 0 0.09090909090909091
transition 300 9 311 0 0.09090909090909091
transition 300 9 304 0 0.045454545454545456
transition 300 9 303 0 0.09090909090909091
transition 300 9 302 0 0.09090909090909091
transition 300 9 301 0 0.09090909090909091
transition 300 9 300 0 0.045454545454545456
transition 300 9 500 0 0.09090909090909091
transition 307 9 450 0 0.045454545454545456
transition 307 9 351 0 0.045454545454545456
transition 307 9 326 0 0.09090909090909091
transition 307 9 313 0 0.045454545454545456
transition 307 9 311 0 0.09090909090909091
transition 307 9 310 0 0.09090909090909091
transition 307 9 309 0 0.09090909090909091
transition 307 9 308 0 0.09090909090909091
transition 307 9 307 0 0.045454545454545456
transition 307 9 306 0 0.09090909090909091
transition 307 9 500 0 0.09090909090909091
transition 319 9 458 0 0.045454545454545456
transition 319 9 357 0 0.045454545454545456
transition 319 9 331 0 0.045454545454545456
transition 319 9 326 0 0.09090909090909091
transition 319 9 323 0 0.09090909090909091
transition 319 9 322 0 0.09090909090909091
transition 319 9 321 0 0.09090909090909091
transition 319 9 320 0 0.09090909090909091
transition 319 9 319 0 0.045454545454545456
transition 319 9 318 0 0.09090909090909091
transition 319 9 317 0 0.09090909090909091
transition 319 9 500 0 0.09090909090909091
transition 342 9 475 0 0.045454545454545456
transition 342 9 357 0 0.09090909090909091
transition 342 9 351 0 0.09090909090909091
transition 342 9 347 0 0.09090909090909091
transition 342 9 345 0 0.09090909090909091
transition 342 9 344 0 0.09090909090909091
transition 342 9 343 0 0.09090909090909091
transition 342 9 342 0 0.045454545454545456
transition 342 9 341 0 0.09090909090909091
transition 342 9 340 0 0.09090909090909091
transition 342 9 339 0 0.09090909090909091
transition 342 9 500 0 0.09090909090909091
transition 358 9 490 0 0.047619047619047616
transition 358 9 366 0 0.047619047619047616
transition 358 9 363 0 0.09523809523809523
transition 358 9 362 0 0.09523809523809523
transition 358 9 361 0 0.09523809523809523
transition 358 9 360 0 0.09523809523809523
transition 358 9 359 0 0.09523809523809523
transition 358 9 358 0 0.047619047619047616
transition 358 9 500 0 0.09523809523809523
transition 375 9 434 0 0.08695652173913043
transition 375 9 406 0 0.08695652173913043
transition 375 9 392 0 0.08695652173913043
transition 375 9 385 0 0.08695652173913043
transition 375 9 380 0 0.08695652173913043
transition 375 9 377 0 0.08695652173913043
transition 375 9 376 0 0.08695652173913043
transition 375 9 375 0 0.043478260869565216
transition 375 9 374 0 0.08695652173913043
transition 375 9 373 0 0.08695652173913043
transition 375 9 372 0 0.08695652173913043
transition 375 9 371 0 0.08695652173913043
transition 381 9 442 0 0.09090909090909091
transition 381 9 413 0 0.09090909090909091
transition 381 9 398 0 0.09090909090909091
transition 381 9 390 0 0.09090909090909091
transition 381 9 384 0 0.045454545454545456
transition 381 9 383 0 0.09090909090909091
transition 381 9 382 0 0.09090909090909091
transition 381 9 381 0 0.045454545454545456
transition 381 9 500 0 0.09090909090909091
transition 387 9 445 0 0.09090909090909091
transition 387 9 415 0 0.09090909090909091
transition 387 9 399 0 0.09090909090909091
transition 387 9 391 0 0.045454545454545456
transition 387 9 390 0 0.09090909090909091
transition 387 9 389 0 0.09090909090909091
transition 387 9 388 0 0.09090909090909091
transition 387 9 387 0 0.045454545454545456
transition 387 9 386 0 0.09090909090909091
transition 387 9 500 0 0.09090909090909091
transition 395 9 450 0 0.09090909090909091
transition 395 9 419 0 0.09090909090909091
transition 395 9 402 0 0.045454545454545456
transition 395 9 399 0 0.09090909090909091
transition 395 9 398 0 0.09090909090909091
transition 395 9 397 0 0.09090909090909091
transition 395 9 396 0 0.09090909090909091
transition 395 9 395 0 0.045454545454545456
transition 395 9 394 0 0.09090909090909091
transition 395 9 393 0 0.09090909090909091
transition 395 9 500 0 0.09090909090909091
transition 410 9 458 0 0.09090909090909091
transition 410 9 425 0 0.045454545454545456
transition 410 9 419 0 0.09090909090909091
transition 410 9 415 0 0.09090909090909091
transition 410 9 413 0 0.09090909090909091
transition 410 9 412 0 0.09090909090909091
transition 410 9 411 0 0.09090909090909091
transition 410 9 410 0 0.045454545454545456
transition 410 9 409 0 0.09090909090909091
transition 410 9 408 0 0.09090909090909091
transition 410 9 407 0 0.09090909090909091
transition 410 9 500 0 0.09090909090909091
transition 426 9 470 0 0.09523809523809523
transition 426 9 431 0 0.09523809523809523
transition 426 9 430 0 0.09523809523809523
transition 426 9 429 0 0.09523809523809523
transition 426 9 428 0 0.09523809523809523
transition 426 9 427 0 0.09523809523809523
transition 426 9 426 0 0.047619047619047616
transition 426 9 500 0 0.09523809523809523
transition 439 9 475 0 0.045454545454545456
transition 439 9 458 0 0.09090909090909091
transition 439 9 450 0 0.09090909090909091
transition 439 9 445 0 0.09090909090909091
transition 439 9 442 0 0.09090909090909091
transition 439 9 441 0 0.09090909090909091
transition 439 9 440 0 0.09090909090909091
transition 439 9 439 0 0.045454545454545456
transition 439 9 438 0 0.09090909090909091
transition 439 9 437 0 0.09090909090909091
transition 439 9 436 0 0.09090909090909091
transition 439 9 435 0 0.09090909090909091
transition 451 9 485 0 0.047619047619047616
transition 451 9 466 0 0.09523809523809523
transition 451 9 456 0 0.047619047619047616
transition 451 9 455 0 0.09523809523809523
transition 451 9 454 0 0.09523809523809523
transition 451 9 453 0 0.09523809523809523
transition 451 9 452 0 0.09523809523809523
transition 451 9 451 0 0.047619047619047616
transition 451 9 500 0 0.09523809523809523
transition 460 9 490 0 0.047619047619047616
transition 460 9 470 0 0.047619047619047616
transition 460 9 466 0 0.09523809523809523
transition 460 9 464 0 0.09523809523809523
transition 460 9 463 0 0.09523809523809523
transition 460 9 462 0 0.09523809523809523
transition 460 9 461 0 0.09523809523809523
transition 460 9 460 0 0.047619047619047616
transition 460 9 459 0 0.09523809523809523
transition 460 9 500 0 0.09523809523809523
transition 478 9 490 0 0.09523809523809523
transition 478 9 485 0 0.09523809523809523
transition 478 9 482 0 0.09523809523809523
transition 478 9 481 0 0.09523809523809523
transition 478 9 480 0 0.09523809523809523
transition 478 9 479 0 0.09523809523809523
transition 478 9 478 0 0.047619047619047616
transition 478 9 477 0 0.09523809523809523
transition 478 9 476 0 0.09523809523809523
transition 478 9 500 0 0.09523809523809523
transition 4 10 205 0 0.08
transition 4 10 100 0 0.08
transition 4 10 55 0 0.08
transition 4 10 33 0 0.08
transition 4 10 21 0 0.08
transition 4 10 14 0 0.08
transition 4 10 9 0 0.08
transition 4 10 6 0 0.08
transition 4 10 5 0 0.08
transition 4 10 4 0 0.04
transition 4 10 3 0 0.08
transition 4 10 2 0 0.08
transition 4 10 1 0 0.08
transition 10 10 213 0 0.08333333333333333
transition 10 10 107 0 0.08333333333333333
transition 10 10 62 0 0.08333333333333333
transition 10 10 40 0 0.08333333333333333
transition 10 10 27 0 0.08333333333333333
transition 10 10 19 0 0.08333333333333333
transition 10 10 13 0 0.041666666666666664
transition 10 10 12 0 0.08333333333333333
transition 10 10 11 0 0.08333333333333333
transition 10 10 10 0 0.041666666666666664
transition 10 10 500 0 0.08333333333333333
transition 16 10 217 0 0.08333333333333333
transition 16 10 110 0 0.08333333333333333
transition 16 10 64 0 0.08333333333333333
transition 16 10 41 0 0.08333333333333333
transition 16 10 28 0 0.08333333333333333
transition 16 10 20 0 0.041666666666666664
transition 16 10 19 0 0.08333333333333333
transition 16 10 18 0 0.08333333333333333
transition 16 10 17 0 0.08333333333333333
transition 16 10 16 0 0.041666666666666664
transition 16 10 15 0 0.08333333333333333
transition 16 10 500 0 0.08333333333333333
transition 24 10 223 0 0.08333333333333333
transition 24 10 115 0 0.08333333333333333
transition 24 10 68 0 0.08333333333333333
transition 24 10 44 0 0.08333333333333333
transition 24 10 30 0 0.041666666666666664
transition 24 10 28 0 0.08333333333333333
transition 24 10 27 0 0.08333333333333333
transition 24 10 26 0 0.08333333333333333
transition 24 10 25 0 0.08333333333333333
transition 24 10 24 0 0.041666666666666664
transition 24 10 23 0 0.08333333333333333
transition 24 10 22 0 0.08333333333333333
transition 24 10 500 0 0.08333333333333333
transition 37 10 232 0 0.08333333333333333
transition 37 10 122 0 0.08333333333333333
transition 37 10 74 0 0.08333333333333333
transition 37 10 49 0 0.041666666666666664
transition 37 10 44 0 0.08333333333333333
transition 37 10 41 0 0.08333333333333333
transition 37 10 40 0 0.08333333333333333
transition 37 10 39 0 0.08333333333333333
transition 37 10 38 0 0.08333333333333333
transition 37 10 37 0 0.041666666666666664
transition 37 10 36 0 0.08333333333333333
transition 37 10 35 0 0.08333333333333333
transition 37 10 34 0 0.08333333333333333
transition 59 10 250 0 0.08333333333333333
transition 59 10 136 0 0.08333333333333333
transition 59 10 85 0 0.041666666666666664
transition 59 10 74 0 0.08333333333333333
transition 59 10 68 0 0.08333333333333333
transition 59 10 64 0 0.08333333333333333
transition 59 10 62 0 0.08333333333333333
transition 59 10 61 0 0.08333333333333333
transition 59 10 60 0 0.08333333333333333
transition 59 10 59 0 0.041666666666666664
transition 59 10 58 0 0.08333333333333333
transition 59 10 57 0 0.08333333333333333
transition 59 10 56 0 0.08333333333333333
transition 75 10 266 0 0.08695652173913043
transition 75 10 149 0 0.08695652173913043
transition 75 10 95 0 0.043478260869565216
transition 75 10 82 0 0.043478260869565216
transition 75 10 80 0 0.08695652173913043
transition 75 10 79 0 0.08695652173913043
transition 75 10 78 0 0.08695652173913043
transition 75 10 77 0 0.08695652173913043
transition 75 10 76 0 0.08695652173913043
transition 75 10 75 0 0.043478260869565216
transition 75 10 500 0 0.08695652173913043
transition 87 10 274 0 0.08695652173913043
transition 87 10 155 0 0.08695652173913043
transition 87 10 95 0 0.08695652173913043
transition 87 10 92 0 0.08695652173913043
transition 87 10 91 0 0.08695652173913043
transition 87 10 90 0 0.08695652173913043
transition 87 10 89 0 0.08695652173913043
transition 87 10 88 0 0.08695652173913043
transition 87 10 87 0 0.043478260869565216
transition 87 10 86 0 0.08695652173913043
transition 87 10 500 0 0.08695652173913043
transition 104 10 286 0 0.08333333333333333
transition 104 10 164 0 0.041666666666666664
transition 104 10 136 0 0.08333333333333333
transition 104 10 122 0 0.08333333333333333
transition 104 10 115 0 0.08333333333333333
transition 104 10 110 0 0.08333333333333333
transition 104 10 107 0 0.08333333333333333
transition 104 10 106 0 0.08333333333333333
transition 104 10 105 0 0.08333333333333333
transition 104 10 104 0 0.041666666666666664
transition 104 10 103 0 0.08333333333333333
transition 104 10 102 0 0.08333333333333333
transition 104 10 101 0 0.08333333333333333
transition 116 10 299 0 0.08695652173913043
transition 116 10 175 0 0.043478260869565216
transition 116 10 145 0 0.08695652173913043
transition 116 10 129 0 0.08695652173913043
transition 116 10 121 0 0.043478260869565216
transition 116 10 120 0 0.08695652173913043
transition 116 10 119 0 0.08695652173913043
transition 116 10 118 0 0.08695652173913043
transition 116 10 117 0 0.08695652173913043
transition 116 10 116 0 0.043478260869565216
transition 116 10 500 0 0.08695652173913043
transition 124 10 305 0 0.08695652173913043
transition 124 10 180 0 0.043478260869565216
transition 124 10 149 0 0.08695652173913043
transition 124 10 132 0 0.043478260869565216
transition 124 10 129 0 0.08695652173913043
transition 124 10 128 0 0.08695652173913043
transition 124 10 127 0 0.08695652173913043
transition 124 10 126 0 0.08695652173913043
transition 124 10 125 0 0.08695652173913043
transition 124 10 124 0 0.043478260869565216
transition 124 10 123 0 0.08695652173913043
transition 124 10 500 0 0.08695652173913043
transition 139 10 316 0 0.08695652173913043
transition 139 10 188 0 0.043478260869565216
transition 139 10 155 0 0.043478260869565216
transition 139 10 149 0 0.08695652173913043
transition 139 10 145 0 0.08695652173913043
transition 139 10 143 0 0.08695652173913043
transition 139 10 142 0 0.08695652173913043
transition 139 10 141 0 0.08695652173913043
transition 139 10 140 0 0.08695652173913043
transition 139 10 139 0 0.043478260869565216
transition 139 10 138 0 0.08695652173913043
transition 139 10 137 0 0.08695652173913043
transition 139 10 500 0 0.08695652173913043
transition 168 10 338 0 0.08695652173913043
transition 168 10 188 0 0.08695652173913043
transition 168 10 180 0 0.08695652173913043
transition 168 10 175 0 0.08695652173913043
transition 168 10 172 0 0.08695652173913043
transition 168 10 171 0 0.08695652173913043
transition 168 10 170 0 0.08695652173913043
transition 168 10 169 0 0.08695652173913043
transition 168 10 168 0 0.043478260869565216
transition 168 10 167 0 0.08695652173913043
transition 168 10 166 0 0.08695652173913043
transition 168 10 165 0 0.08695652173913043
transition 189 10 357 0 0.09090909090909091
transition 189 10 200 0 0.045454545454545456
transition 189 10 196 0 0.09090909090909091
transition 189 10 194 0 0.09090909090909091
transition 189 10 193 0 0.09090909090909091
transition 189 10 192 0 0.09090909090909091
transition 189 10 191 0 0.09090909090909091
transition 189 10 190 0 0.09090909090909091
transition 189 10 189 0 0.045454545454545456
transition 189 10 500 0 0.09090909090909091
transition 209 10 370 0 0.041666666666666664
transition 209 10 286 0 0.08333333333333333
transition 209 10 250 0 0.08333333333333333
transition 209 10 232 0 0.08333333333333333
transition 209 10 223 0 0.08333333333333333
transition 209 10 217 0 0.08333333333333333
transition 209 10 213 0 0.08333333333333333
transition 209 10 211 0 0.08333333333333333
transition 209 10 210 0 0.08333333333333333
transition 209 10 209 0 0.041666666666666664
transition 209 10 208 0 0.08333333333333333
transition 209 10 207 0 0.08333333333333333
transition 209 10 206 0 0.08333333333333333
transition 218 10 380 0 0.043478260869565216
transition 218 10 295 0 0.08695652173913043
transition 218 10 258 0 0.08695652173913043
transition 218 10 239 0 0.08695652173913043
transition 218 10 229 0 0.08695652173913043
transition 218 10 222 0 0.043478260869565216
transition 218 10 221 0 0.08695652173913043
transition 218 10 220 0 0.08695652173913043
transition 218 10 219 0 0.08695652173913043
transition 218 10 218 0 0.043478260869565216
transition 218 10 500 0 0.08695652173913043
transition 225 10 385 0 0.043478260869565216
transition 225 10 299 0 0.08695652173913043
transition 225 10 261 0 0.08695652173913043
transition 225 10 241 0 0.08695652173913043
transition 225 10 230 0 0.043478260869565216
transition 225 10 229 0 0.08695652173913043
transition 225 10 228 0 0.08695652173913043
transition 225 10 227 0 0.08695652173913043
transition 225 10 226 0 0.08695652173913043
transition 225 10 225 0 0.043478260869565216
transition 225 10 224 0 0.08695652173913043
transition 225 10 500 0 0.08695652173913043
transition 235 10 392 0 0.043478260869565216
transition 235 10 305 0 0.08695652173913043
transition 235 10 266 0 0.08695652173913043
transition 235 10 245 0 0.043478260869565216
transition 235 10 241 0 0.08695652173913043
transition 235 10 239 0 0.08695652173913043
transition 235 10 238 0 0.08695652173913043
transition 235 10 237 0 0.08695652173913043
transition 235 10 236 0 0.08695652173913043
transition 235 10 235 0 0.043478260869565216
transition 235 10 234 0 0.08695652173913043
transition 235 10 233 0 0.08695652173913043
transition 235 10 500 0 0.08695652173913043
transition 254 10 406 0 0.043478260869565216
transition 254 10 316 0 0.08695652173913043
transition 254 10 274 0 0.043478260869565216
transition 254 10 266 0 0.08695652173913043
transition 254 10 261 0 0.08695652173913043
transition 254 10 258 0 0.08695652173913043
transition 254 10 257 0 0.08695652173913043
transition 254 10 256 0 0.08695652173913043
transition 254 10 255 0 0.08695652173913043
transition 254 10 254 0 0.043478260869565216
transition 254 10 253 0 0.08695652173913043
transition 254 10 252 0 0.08695652173913043
transition 254 10 251 0 0.08695652173913043
transition 275 10 425 0 0.045454545454545456
transition 275 10 331 0 0.09090909090909091
transition 275 10 282 0 0.09090909090909091
transition 275 10 280 0 0.09090909090909091
transition 275 10 279 0 0.09090909090909091
transition 275 10 278 0 0.09090909090909091
transition 275 10 277 0 0.09090909090909091
transition 275 10 276 0 0.09090909090909091
transition 275 10 275 0 0.045454545454545456
transition 275 10 500 0 0.09090909090909091
transition 290 10 434 0 0.043478260869565216
transition 290 10 338 0 0.043478260869565216
transition 290 10 316 0 0.08695652173913043
transition 290 10 305 0 0.08695652173913043
transition 290 10 299 0 0.08695652173913043
transition 290 10 295 0 0.08695652173913043
transition 290 10 293 0 0.08695652173913043
transition 290 10 292 0 0.08695652173913043
transition 290 10 291 0 0.08695652173913043
transition 290 10 290 0 0.043478260869565216
transition 290 10 289 0 0.08695652173913043
transition 290 10 288 0 0.08695652173913043
transition 290 10 287 0 0.08695652173913043
transition 306 10 450 0 0.045454545454545456
transition 306 10 351 0 0.045454545454545456
transition 306 10 326 0 0.09090909090909091
transition 306 10 313 0 0.045454545454545456
transition 306 10 311 0 0.09090909090909091
transition 306 10 310 0 0.09090909090909091
transition 306 10 309 0 0.09090909090909091
transition 306 10 308 0 0.09090909090909091
transition 306 10 307 0 0.09090909090909091
transition 306 10 306 0 0.045454545454545456
transition 306 10 500 0 0.09090909090909091
transition 318 10 458 0 0.045454545454545456
transition 318 10 357 0 0.045454545454545456
transition 318 10 331 0 0.045454545454545456
transition 318 10 326 0 0.09090909090909091
transition 318 10 323 0 0.09090909090909091
transition 318 10 322 0 0.09090909090909091
transition 318 10 321 0 0.09090909090909091
transition 318 10 320 0 0.09090909090909091
transition 318 10 319 0 0.09090909090909091
transition 318 10 318 0 0.045454545454545456
transition 318 10 317 0 0.09090909090909091
transition 318 10 500 0 0.09090909090909091
transition 341 10 475 0 0.045454545454545456
transition 341 10 357 0 0.09090909090909091
transition 341 10 351 0 0.09090909090909091
transition 341 10 347 0 0.09090909090909091
transition 341 10 345 0 0.09090909090909091
transition 341 10 344 0 0.09090909090909091
transition 341 10 343 0 0.09090909090909091
transition 341 10 342 0 0.09090909090909091
transition 341 10 341 0 0.045454545454545456
transition 341 10 340 0 0.09090909090909091
transition 341 10 339 0 0.09090909090909091
transition 341 10 500 0 0.09090909090909091
transition 374 10 434 0 0.08695652173913043
transition 374 10 406 0 0.08695652173913043
transition 374 10 392 0 0.08695652173913043
transition 374 10 385 0 0.08695652173913043
transition 374 10 380 0 0.08695652173913043
transition 374 10 377 0 0.08695652173913043
transition 374 10 376 0 0.08695652173913043
transition 374 10 375 0 0.08695652173913043
transition 374 10 374 0 0.043478260869565216
transition 374 10 373 0 0.08695652173913043
transition 374 10 372 0 0.08695652173913043
transition 374 10 371 0 0.08695652173913043
transition 386 10 445 0 0.09090909090909091
transition 386 10 415 0 0.09090909090909091
transition 386 10 399 0 0.09090909090909091
transition 386 10 391 0 0.045454545454545456
transition 386 10 390 0 0.09090909090909091
transition 386 10 389 0 0.09090909090909091
transition 386 10 388 0 0.09090909090909091
transition 386 10 387 0 0.09090909090909091
transition 386 10 386 0 0.045454545454545456
transition 386 10 500 0 0.09090909090909091
transition 394 10 450 0 0.09090909090909091
transition 394 10 419 0 0.09090909090909091
transition 394 10 402 0 0.045454545454545456
transition 394 10 399 0 0.09090909090909091
transition 394 10 398 0 0.09090909090909091
transition 394 10 397 0 0.09090909090909091
transition 394 10 396 0 0.09090909090909091
transition 394 10 395 0 0.09090909090909091
transition 394 10 394 0 0.045454545454545456
transition 394 10 393 0 0.09090909090909091
transition 394 10 500 0 0.09090909090909091
transition 409 10 458 0 0.09090909090909091
transition 409 10 425 0 0.045454545454545456
transition 409 10 419 0 0.09090909090909091
transition 409 10 415 0 0.09090909090909091
transition 409 10 413 0 0.09090909090909091
transition 409 10 412 0 0.09090909090909091
transition 409 10 411 0 0.09090909090909091
transition 409 10 410 0 0.09090909090909091
transition 409 10 409 0 0.045454545454545456
transition 409 10 408 0 0.09090909090909091
transition 409 10 407 0 0.09090909090909091
transition 409 10 500 0 0.09090909090909091
transition 438 10 475 0 0.045454545454545456
transition 438 10 458 0 0.09090909090909091
transition 438 10 450 0 0.09090909090909091
transition 438 10 445 0 0.09090909090909091
transition 438 10 442 0 0.09090909090909091
transition 438 10 441 0 0.09090909090909091
transition 438 10 440 0 0.09090909090909091
transition 438 10 439 0 0.09090909090909091
transition 438 10 438 0 0.045454545454545456
transition 438 10 437 0 0.09090909090909091
transition 438 10 436 0 0.09090909090909091
transition 438 10 435 0 0.09090909090909091
transition 459 10 490 0 0.047619047619047616
transition 459 10 470 0 0.047619047619047616
transition 459 10 466 0 0.09523809523809523
transition 459 10 464 0 0.09523809523809523
transition 459 10 463 0 0.09523809523809523
transition 459 10 462 0 0.09523809523809523
transition 459 10 461 0 0.09523809523809523
transition 459 10 460 0 0.09523809523809523
transition 459 10 459 0 0.047619047619047616
transition 459 10 500 0 0.09523809523809523
transition 477 10 490 0 0.09523809523809523
transition 477 10 485 0 0.09523809523809523
transition 477 10 482 0 0.09523809523809523
transition 477 10 481 0 0.09523809523809523
transition 477 10 480 0 0.09523809523809523
transition 477 10 479 0 0.09523809523809523
transition 477 10 478 0 0.09523809523809523
transition 477 10 477 0 0.047619047619047616
transition 477 10 476 0 0.09523809523809523
transition 477 10 500 0 0.09523809523809523
transition 3 11 205 0 0.08
transition 3 11 100 0 0.08
transition 3 11 55 0 0.08
transition 3 11 33 0 0.08
transition 3 11 21 0 0.08
transition 3 11 14 0 0.08
transition 3 11 9 0 0.08
transition 3 11 6 0 0.08
transition 3 11 5 0 0.08
transition 3 11 4 0 0.08
transition 3 11 3 0 0.04
transition 3 11 2 0 0.08
transition 3 11 1 0 0.08
transition 15 11 217 0 0.08333333333333333
transition 15 11 110 0 0.08333333333333333
transition 15 11 64 0 0.08333333333333333
transition 15 11 41 0 0.08333333333333333
transition 15 11 28 0 0.08333333333333333
transition 15 11 20 0 0.041666666666666664
transition 15 11 19 0 0.08333333333333333
transition 15 11 18 0 0.08333333333333333
transition 15 11 17 0 0.08333333333333333
transition 15 11 16 0 0.08333333333333333
transition 15 11 15 0 0.041666666666666664
transition 15 11 500 0 0.08333333333333333
transition 23 11 223 0 0.08333333333333333
transition 23 11 115 0 0.08333333333333333
transition 23 11 68 0 0.08333333333333333
transition 23 11 44 0 0.08333333333333333
transition 23 11 30 0 0.041666666666666664
transition 23 11 28 0 0.08333333333333333
transition 23 11 27 0 0.08333333333333333
transition 23 11 26 0 0.08333333333333333
transition 23 11 25 0 0.08333333333333333
transition 23 11 24 0 0.08333333333333333
transition 23 11 23 0 0.041666666666666664
transition 23 11 22 0 0.08333333333333333
transition 23 11 500 0 0.08333333333333333
transition 36 11 232 0 0.08333333333333333
transition 36 11 122 0 0.08333333333333333
transition 36 11 74 0 0.08333333333333333
transition 36 11 49 0 0.041666666666666664
transition 36 11 44 0 0.08333333333333333
transition 36 11 41 0 0.08333333333333333
transition 36 11 40 0 0.08333333333333333
transition 36 11 39 0 0.08333333333333333
transition 36 11 38 0 0.08333333333333333
transition 36 11 37 0 0.08333333333333333
transition 36 11 36 0 0.041666666666666664
transition 36 11 35 0 0.08333333333333333
transition 36 11 34 0 0.08333333333333333
transition 58 11 250 0 0.08333333333333333
transition 58 11 136 0 0.08333333333333333
transition 58 11 85 0 0.041666666666666664
transition 58 11 74 0 0.08333333333333333
transition 58 11 68 0 0.08333333333333333
transition 58 11 64 0 0.08333333333333333
transition 58 11 62 0 0.08333333333333333
transition 58 11 61 0 0.08333333333333333
transition 58 11 60 0 0.08333333333333333
transition 58 11 59 0 0.08333333333333333
transition 58 11 58 0 0.041666666666666664
transition 58 11 57 0 0.08333333333333333
transition 58 11 56 0 0.08333333333333333
transition 86 11 274 0 0.08695652173913043
transition 86 11 155 0 0.08695652173913043
transition 86 11 95 0 0.08695652173913043
transition 86 11 92 0 0.08695652173913043
transition 86 11 91 0 0.08695652173913043
transition 86 11 90 0 0.08695652173913043
transition 86 11 89 0 0.08695652173913043
transition 86 11 88 0 0.08695652173913043
transition 86 11 87 0 0.08695652173913043
transition 86 11 86 0 0.043478260869565216
transition 86 11 500 0 0.08695652173913043
transition 103 11 286 0 0.08333333333333333
transition 103 11 164 0 0.041666666666666664
transition 103 11 136 0 0.08333333333333333
transition 103 11 122 0 0.08333333333333333
transition 103 11 115 0 0.08333333333333333
transition 103 11 110 0 0.08333333333333333
transition 103 11 107 0 0.08333333333333333
transition 103 11 106 0 0.08333333333333333
transition 103 11 105 0 0.08333333333333333
transition 103 11 104 0 0.08333333333333333
transition 103 11 103 0 0.041666666666666664
transition 103 11 102 0 0.08333333333333333
transition 103 11 101 0 0.08333333333333333
transition 123 11 305 0 0.08695652173913043
transition 123 11 180 0 0.043478260869565216
transition 123 11 149 0 0.08695652173913043
transition 123 11 132 0 0.043478260869565216
transition 123 11 129 0 0.08695652173913043
transition 123 11 128 0 0.08695652173913043
transition 123 11 127 0 0.08695652173913043
transition 123 11 126 0 0.08695652173913043
transition 123 11 125 0 0.08695652173913043
transition 123 11 124 0 0.08695652173913043
transition 123 11 123 0 0.043478260869565216
transition 123 11 500 0 0.08695652173913043
transition 138 11 316 0 0.08695652173913043
transition 138 11 188 0 0.043478260869565216
transition 138 11 155 0 0.043478260869565216
transition 138 11 149 0 0.08695652173913043
transition 138 11 145 0 0.08695652173913043
transition 138 11 143 0 0.08695652173913043
transition 138 11 142 0 0.08695652173913043
transition 138 11 141 0 0.08695652173913043
transition 138 11 140 0 0.08695652173913043
transition 138 11 139 0 0.08695652173913043
transition 138 11 138 0 0.043478260869565216
transition 138 11 137 0 0.08695652173913043
transition 138 11 500 0 0.08695652173913043
transition 167 11 338 0 0.08695652173913043
transition 167 11 188 0 0.08695652173913043
transition 167 11 180 0 0.08695652173913043
transition 167 11 175 0 0.08695652173913043
transition 167 11 172 0 0.08695652173913043
transition 167 11 171 0 0.08695652173913043
transition 167 11 170 0 0.08695652173913043
transition 167 11 169 0 0.08695652173913043
transition 167 11 168 0 0.08695652173913043
transition 167 11 167 0 0.043478260869565216
transition 167 11 166 0 0.08695652173913043
transition 167 11 165 0 0.08695652173913043
transition 208 11 370 0 0.041666666666666664
transition 208 11 286 0 0.08333333333333333
transition 208 11 250 0 0.08333333333333333
transition 208 11 232 0 0.08333333333333333
transition 208 11 223 0 0.08333333333333333
transition 208 11 217 0 0.08333333333333333
transition 208 11 213 0 0.08333333333333333
transition 208 11 211 0 0.08333333333333333
transition 208 11 210 0 0.08333333333333333
transition 208 11 209 0 0.08333333333333333
transition 208 11 208 0 0.041666666666666664
transition 208 11 207 0 0.08333333333333333
transition 208 11 206 0 0.08333333333333333
transition 224 11 385 0 0.043478260869565216
transition 224 11 299 0 0.08695652173913043
transition 224 11 261 0 0.08695652173913043
transition 224 11 241 0 0.08695652173913043
transition 224 11 230 0 0.043478260869565216
transition 224 11 229 0 0.08695652173913043
transition 224 11 228 0 0.08695652173913043
transition 224 11 227 0 0.08695652173913043
transition 224 11 226 0 0.08695652173913043
transition 224 11 225 0 0.08695652173913043
transition 224 11 224 0 0.043478260869565216
transition 224 11 500 0 0.08695652173913043
transition 234 11 392 0 0.043478260869565216
transition 234 11 305 0 0.08695652173913043
transition 234 11 266 0 0.08695652173913043
transition 234 11 245 0 0.043478260869565216
transition 234 11 241 0 0.08695652173913043
transition 234 11 239 0 0.08695652173913043
transition 234 11 238 0 0.08695652173913043
transition 234 11 237 0 0.08695652173913043
transition 234 11 236 0 0.08695652173913043
transition 234 11 235 0 0.08695652173913043
transition 234 11 234 0 0.043478260869565216
transition 234 11 233 0 0.08695652173913043
transition 234 11 500 0 0.08695652173913043
transition 253 11 406 0 0.043478260869565216
transition 253 11 316 0 0.08695652173913043
transition 253 11 274 0 0.043478260869565216
transition 253 11 266 0 0.08695652173913043
transition 253 11 261 0 0.08695652173913043
transition 253 11 258 0 0.08695652173913043
transition 253 11 257 0 0.08695652173913043
transition 253 11 256 0 0.08695652173913043
transition 253 11 255 0 0.08695652173913043
transition 253 11 254 0 0.08695652173913043
transition 253 11 253 0 0.043478260869565216
transition 253 11 252 0 0.08695652173913043
transition 253 11 251 0 0.08695652173913043
transition 289 11 434 0 0.043478260869565216
transition 289 11 338 0 0.043478260869565216
transition 289 11 316 0 0.08695652173913043
transition 289 11 305 0 0.08695652173913043
transition 289 11 299 0 0.08695652173913043
transition 289 11 295 0 0.08695652173913043
transition 289 11 293 0 0.08695652173913043
transition 289 11 292 0 0.08695652173913043
transition 289 11 291 0 0.08695652173913043
transition 289 11 290 0 0.08695652173913043
transition 289 11 289 0 0.043478260869565216
transition 289 11 288 0 0.08695652173913043
transition 289 11 287 0 0.08695652173913043
transition 317 11 458 0 0.045454545454545456
transition 317 11 357 0 0.045454545454545456
transition 317 11 331 0 0.045454545454545456
transition 317 11 326 0 0.09090909090909091
transition 317 11 323 0 0.09090909090909091
transition 317 11 322 0 0.09090909090909091
transition 317 11 321 0 0.09090909090909091
transition 317 11 320 0 0.09090909090909091
transition 317 11 319 0 0.09090909090909091
transition 317 11 318 0 0.09090909090909091
transition 317 11 317 0 0.045454545454545456
transition 317 11 500 0 0.09090909090909091
transition 340 11 475 0 0.045454545454545456
transition 340 11 357 0 0.09090909090909091
transition 340 11 351 0 0.09090909090909091
transition 340 11 347 0 0.09090909090909091
transition 340 11 345 0 0.09090909090909091
transition 340 11 344 0 0.09090909090909091
transition 340 11 343 0 0.09090909090909091
transition 340 11 342 0 0.09090909090909091
transition 340 11 341 0 0.09090909090909091
transition 340 11 340 0 0.045454545454545456
transition 340 11 339 0 0.09090909090909091
transition 340 11 500 0 0.09090909090909091
transition 373 11 434 0 0.08695652173913043
transition 373 11 406 0 0.08695652173913043
transition 373 11 392 0 0.08695652173913043
transition 373 11 385 0 0.08695652173913043
transition 373 11 380 0 0.08695652173913043
transition 373 11 377 0 0.08695652173913043
transition 373 11 376 0 0.08695652173913043
transition 373 11 375 0 0.08695652173913043
transition 373 11 374 0 0.08695652173913043
transition 373 11 373 0 0.043478260869565216
transition 373 11 372 0 0.08695652173913043
transition 373 11 371 0 0.08695652173913043
transition 393 11 450 0 0.09090909090909091
transition 393 11 419 0 0.09090909090909091
transition 393 11 402 0 0.045454545454545456
transition 393 11 399 0 0.09090909090909091
transition 393 11 398 0 0.09090909090909091
transition 393 11 397 0 0.09090909090909091
transition 393 11 396 0 0.09090909090909091
transition 393 11 395 0 0.09090909090909091
transition 393 11 394 0 0.09090909090909091
transition 393 11 393 0 0.045454545454545456
transition 393 11 500 0 0.09090909090909091
transition 408 11 458 0 0.09090909090909091
transition 408 11 425 0 0.045454545454545456
transition 408 11 419 0 0.09090909090909091
transition 408 11 415 0 0.09090909090909091
transition 408 11 413 0 0.09090909090909091
transition 408 11 412 0 0.09090909090909091
transition 408 11 411 0 0.09090909090909091
transition 408 11 410 0 0.09090909090909091
transition 408 11 409 0 0.09090909090909091
transition 408 11 408 0 0.045454545454545456
transition 408 11 407 0 0.09090909090909091
transition 408 11 500 0 0.09090909090909091
transition 437 11 475 0 0.045454545454545456
transition 437 11 458 0 0.09090909090909091
transition 437 11 450 0 0.09090909090909091
transition 437 11 445 0 0.09090909090909091
transition 437 11 442 0 0.09090909090909091
transition 437 11 441 0 0.09090909090909091
transition 437 11 440 0 0.09090909090909091
transition 437 11 439 0 0.09090909090909091
transition 437 11 438 0 0.09090909090909091
transition 437 11 437 0 0.045454545454545456
transition 437 11 436 0 0.09090909090909091
transition 437 11 435 0 0.09090909090909091
transition 476 11 490 0 0.09523809523809523
transition 476 11 485 0 0.09523809523809523
transition 476 11 482 0 0.09523809523809523
transition 476 11 481 0 0.09523809523809523
transition 476 11 480 0 0.09523809523809523
transition 476 11 479 0 0.09523809523809523
transition 476 11 478 0 0.09523809523809523
transition 476 11 477 0 0.09523809523809523
transition 476 11 476 0 0.047619047619047616
transition 476 11 500 0 0.09523809523809523
transition 2 12 205 0 0.08
transition 2 12 100 0 0.08
transition 2 12 55 0 0.08
transition 2 12 33 0 0.08
transition 2 12 21 0 0.08
transition 2 12 14 0 0.08
transition 2 12 9 0 0.08
transition 2 12 6 0 0.08
transition 2 12 5 0 0.08
transition 2 12 4 0 0.08
transition 2 12 3 0 0.08
transition 2 12 2 0 0.04
transition 2 12 1 0 0.08
transition 22 12 223 0 0.08333333333333333
transition 22 12 115 0 0.08333333333333333
transition 22 12 68 0 0.08333333333333333
transition 22 12 44 0 0.08333333333333333
transition 22 12 30 0 0.041666666666666664
transition 22 12 28 0 0.08333333333333333
transition 22 12 27 0 0.08333333333333333
transition 22 12 26 0 0.08333333333333333
transition 22 12 25 0 0.08333333333333333
transition 22 12 24 0 0.08333333333333333
transition 22 12 23 0 0.08333333333333333
transition 22 12 22 0 0.041666666666666664
transition 22 12 500 0 0.08333333333333333
transition 35 12 232 0 0.08333333333333333
transition 35 12 122 0 0.08333333333333333
transition 35 12 74 0 0.08333333333333333
transition 35 12 49 0 0.041666666666666664
transition 35 12 44 0 0.08333333333333333
transition 35 12 41 0 0.08333333333333333
transition 35 12 40 0 0.08333333333333333
transition 35 12 39 0 0.08333333333333333
transition 35 12 38 0 0.08333333333333333
transition 35 12 37 0 0.08333333333333333
transition 35 12 36 0 0.08333333333333333
transition 35 12 35 0 0.041666666666666664
transition 35 12 34 0 0.08333333333333333
transition 57 12 250 0 0.08333333333333333
transition 57 12 136 0 0.08333333333333333
transition 57 12 85 0 0.041666666666666664
transition 57 12 74 0 0.08333333333333333
transition 57 12 68 0 0.08333333333333333
transition 57 12 64 0 0.08333333333333333
transition 57 12 62 0 0.08333333333333333
transition 57 12 61 0 0.08333333333333333
transition 57 12 60 0 0.08333333333333333
transition 57 12 59 0 0.08333333333333333
transition 57 12 58 0 0.08333333333333333
transition 57 12 57 0 0.041666666666666664
transition 57 12 56 0 0.08333333333333333
transition 102 12 286 0 0.08333333333333333
transition 102 12 164 0 0.041666666666666664
transition 102 12 136 0 0.08333333333333333
transition 102 12 122 0 0.08333333333333333
transition 102 12 115 0 0.08333333333333333
transition 102 12 110 0 0.08333333333333333
transition 102 12 107 0 0.08333333333333333
transition 102 12 106 0 0.08333333333333333
transition 102 12 105 0 0.08333333333333333
transition 102 12 104 0 0.08333333333333333
transition 102 12 103 0 0.08333333333333333
transition 102 12 102 0 0.041666666666666664
transition 102 12 101 0 0.08333333333333333
transition 137 12 316 0 0.08695652173913043
transition 137 12 188 0 0.043478260869565216
transition 137 12 155 0 0.043478260869565216
transition 137 12 149 0 0.08695652173913043
transition 137 12 145 0 0.08695652173913043
transition 137 12 143 0 0.08695652173913043
transition 137 12 142 0 0.08695652173913043
transition 137 12 141 0 0.08695652173913043
transition 137 12 140 0 0.08695652173913043
transition 137 12 139 0 0.08695652173913043
transition 137 12 138 0 0.08695652173913043
transition 137 12 137 0 0.043478260869565216
transition 137 12 500 0 0.08695652173913043
transition 166 12 338 0 0.08695652173913043
transition 166 12 188 0 0.08695652173913043
transition 166 12 180 0 0.08695652173913043
transition 166 12 175 0 0.08695652173913043
transition 166 12 172 0 0.08695652173913043
transition 166 12 171 0 0.08695652173913043
transition 166 12 170 0 0.08695652173913043
transition 166 12 169 0 0.08695652173913043
transition 166 12 168 0 0.08695652173913043
transition 166 12 167 0 0.08695652173913043
transition 166 12 166 0 0.043478260869565216
transition 166 12 165 0 0.08695652173913043
transition 207 12 370 0 0.041666666666666664
transition 207 12 286 0 0.08333333333333333
transition 207 12 250 0 0.08333333333333333
transition 207 12 232 0 0.08333333333333333
transition 207 12 223 0 0.08333333333333333
transition 207 12 217 0 0.08333333333333333
transition 207 12 213 0 0.08333333333333333
transition 207 12 211 0 0.08333333333333333
transition 207 12 210 0 0.08333333333333333
transition 207 12 209 0 0.08333333333333333
transition 207 12 208 0 0.08333333333333333
transition 207 12 207 0 0.041666666666666664
transition 207 12 206 0 0.08333333333333333
transition 233 12 392 0 0.043478260869565216
transition 233 12 305 0 0.08695652173913043
transition 233 12 266 0 0.08695652173913043
transition 233 12 245 0 0.043478260869565216
transition 233 12 241 0 0.08695652173913043
transition 233 12 239 0 0.08695652173913043
transition 233 12 238 0 0.08695652173913043
transition 233 12 237 0 0.08695652173913043
transition 233 12 236 0 0.08695652173913043
transition 233 12 235 0 0.08695652173913043
transition 233 12 234 0 0.08695652173913043
transition 233 12 233 0 0.043478260869565216
transition 233 12 500 0 0.08695652173913043
transition 252 12 406 0 0.043478260869565216
transition 252 12 316 0 0.08695652173913043
transition 252 12 274 0 0.043478260869565216
transition 252 12 266 0 0.08695652173913043
transition 252 12 261 0 0.08695652173913043
transition 252 12 258 0 0.08695652173913043
transition 252 12 257 0 0.08695652173913043
transition 252 12 256 0 0.08695652173913043
transition 252 12 255 0 0.08695652173913043
transition 252 12 254 0 0.08695652173913043
transition 252 12 253 0 0.08695652173913043
transition 252 12 252 0 0.043478260869565216
transition 252 12 251 0 0.08695652173913043
transition 288 12 434 0 0.043478260869565216
transition 288 12 338 0 0.043478260869565216
transition 288 12 316 0 0.08695652173913043
transition 288 12 305 0 0.08695652173913043
transition 288 12 299 0 0.08695652173913043
transition 288 12 295 0 0.08695652173913043
transition 288 12 293 0 0.08695652173913043
transition 288 12 292 0 0.08695652173913043
transition 288 12 291 0 0.08695652173913043
transition 288 12 290 0 0.08695652173913043
transition 288 12 289 0 0.08695652173913043
transition 288 12 288 0 0.043478260869565216
transition 288 12 287 0 0.08695652173913043
transition 339 12 475 0 0.045454545454545456
transition 339 12 357 0 0.09090909090909091
transition 339 12 351 0 0.09090909090909091
transition 339 12 347 0 0.09090909090909091
transition 339 12 345 0 0.09090909090909091
transition 339 12 344 0 0.09090909090909091
transition 339 12 343 0 0.09090909090909091
transition 339 12 342 0 0.09090909090909091
transition 339 12 341 0 0.09090909090909091
transition 339 12 340 0 0.09090909090909091
transition 339 12 339 0 0.045454545454545456
transition 339 12 500 0 0.09090909090909091
transition 372 12 434 0 0.08695652173913043
transition 372 12 406 0 0.08695652173913043
transition 372 12 392 0 0.08695652173913043
transition 372 12 385 0 0.08695652173913043
transition 372 12 380 0 0.08695652173913043
transition 372 12 377 0 0.08695652173913043
transition 372 12 376 0 0.08695652173913043
transition 372 12 375 0 0.08695652173913043
transition 372 12 374 0 0.08695652173913043
transition 372 12 373 0 0.08695652173913043
transition 372 12 372 0 0.043478260869565216
transition 372 12 371 0 0.08695652173913043
transition 407 12 458 0 0.09090909090909091
transition 407 12 425 0 0.045454545454545456
transition 407 12 419 0 0.09090909090909091
transition 407 12 415 0 0.09090909090909091
transition 407 12 413 0 0.09090909090909091
transition 407 12 412 0 0.09090909090909091
transition 407 12 411 0 0.09090909090909091
transition 407 12 410 0 0.09090909090909091
transition 407 12 409 0 0.09090909090909091
transition 407 12 408 0 0.09090909090909091
transition 407 12 407 0 0.045454545454545456
transition 407 12 500 0 0.09090909090909091
transition 436 12 475 0 0.045454545454545456
transition 436 12 458 0 0.09090909090909091
transition 436 12 450 0 0.09090909090909091
transition 436 12 445 0 0.09090909090909091
transition 436 12 442 0 0.09090909090909091
transition 436 12 441 0 0.09090909090909091
transition 436 12 440 0 0.09090909090909091
transition 436 12 439 0 0.09090909090909091
transition 436 12 438 0 0.09090909090909091
transition 436 12 437 0 0.09090909090909091
transition 436 12 436 0 0.045454545454545456
transition 436 12 435 0 0.09090909090909091
transition 1 13 205 0 0.08
transition 1 13 100 0 0.08
transition 1 13 55 0 0.08
transition 1 13 33 0 0.08
transition 1 13 21 0 0.08
transition 1 13 14 0 0.08
transition 1 13 9 0 0.08
transition 1 13 6 0 0.08
transition 1 13 5 0 0.08
transition 1 13 4 0 0.08
transition 1 13 3 0 0.08
transition 1 13 2 0 0.08
transition 1 13 1 0 0.04
transition 34 13 232 0 0.08333333333333333
transition 34 13 122 0 0.08333333333333333
transition 34 13 74 0 0.08333333333333333
transition 34 13 49 0 0.041666666666666664
transition 34 13 44 0 0.08333333333333333
transition 34 13 41 0 0.08333333333333333
transition 34 13 40 0 0.08333333333333333
transition 34 13 39 0 0.08333333333333333
transition 34 13 38 0 0.08333333333333333
transition 34 13 37 0 0.08333333333333333
transition 34 13 36 0 0.08333333333333333
transition 34 13 35 0 0.08333333333333333
transition 34 13 34 0 0.041666666666666664
transition 56 13 250 0 0.08333333333333333
transition 56 13 136 0 0.08333333333333333
transition 56 13 85 0 0.041666666666666664
transition 56 13 74 0 0.08333333333333333
transition 56 13 68 0 0.08333333333333333
transition 56 13 64 0 0.08333333333333333
transition 56 13 62 0 0.08333333333333333
transition 56 13 61 0 0.08333333333333333
transition 56 13 60 0 0.08333333333333333
transition 56 13 59 0 0.08333333333333333
transition 56 13 58 0 0.08333333333333333
transition 56 13 57 0 0.08333333333333333
transition 56 13 56 0 0.041666666666666664
transition 101 13 286 0 0.08333333333333333
transition 101 13 164 0 0.041666666666666664
transition 101 13 136 0 0.08333333333333333
transition 101 13 122 0 0.08333333333333333
transition 101 13 115 0 0.08333333333333333
transition 101 13 110 0 0.08333333333333333
transition 101 13 107 0 0.08333333333333333
transition 101 13 106 0 0.08333333333333333
transition 101 13 105 0 0.08333333333333333
transition 101 13 104 0 0.08333333333333333
transition 101 13 103 0 0.08333333333333333
transition 101 13 102 0 0.08333333333333333
transition 101 13 101 0 0.041666666666666664
transition 165 13 338 0 0.08695652173913043
transition 165 13 188 0 0.08695652173913043
transition 165 13 180 0 0.08695652173913043
transition 165 13 175 0 0.08695652173913043
transition 165 13 172 0 0.08695652173913043
transition 165 13 171 0 0.08695652173913043
transition 165 13 170 0 0.08695652173913043
transition 165 13 169 0 0.08695652173913043
transition 165 13 168 0 0.08695652173913043
transition 165 13 167 0 0.08695652173913043
transition 165 13 166 0 0.08695652173913043
transition 165 13 165 0 0.043478260869565216
transition 206 13 370 0 0.041666666666666664
transition 206 13 286 0 0.08333333333333333
transition 206 13 250 0 0.08333333333333333
transition 206 13 232 0 0.08333333333333333
transition 206 13 223 0 0.08333333333333333
transition 206 13 217 0 0.08333333333333333
transition 206 13 213 0 0.08333333333333333
transition 206 13 211 0 0.08333333333333333
transition 206 13 210 0 0.08333333333333333
transition 206 13 209 0 0.08333333333333333
transition 206 13 208 0 0.08333333333333333
transition 206 13 207 0 0.08333333333333333
transition 206 13 206 0 0.041666666666666664
transition 251 13 406 0 0.043478260869565216
transition 251 13 316 0 0.08695652173913043
transition 251 13 274 0 0.043478260869565216
transition 251 13 266 0 0.08695652173913043
transition 251 13 261 0 0.08695652173913043
transition 251 13 258 0 0.08695652173913043
transition 251 13 257 0 0.08695652173913043
transition 251 13 256 0 0.08695652173913043
transition 251 13 255 0 0.08695652173913043
transition 251 13 254 0 0.08695652173913043
transition 251 13 253 0 0.08695652173913043
transition 251 13 252 0 0.08695652173913043
transition 251 13 251 0 0.043478260869565216
transition 287 13 434 0 0.043478260869565216
transition 287 13 338 0 0.043478260869565216
transition 287 13 316 0 0.08695652173913043
transition 287 13 305 0 0.08695652173913043
transition 287 13 299 0 0.08695652173913043
transition 287 13 295 0 0.08695652173913043
transition 287 13 293 0 0.08695652173913043
transition 287 13 292 0 0.08695652173913043
transition 287 13 291 0 0.08695652173913043
transition 287 13 290 0 0.08695652173913043
transition 287 13 289 0 0.08695652173913043
transition 287 13 288 0 0.08695652173913043
transition 287 13 287 0 0.043478260869565216
transition 371 13 434 0 0.08695652173913043
transition 371 13 406 0 0.08695652173913043
transition 371 13 392 0 0.08695652173913043
transition 371 13 385 0 0.08695652173913043
transition 371 13 380 0 0.08695652173913043
transition 371 13 377 0 0.08695652173913043
transition 371 13 376 0 0.08695652173913043
transition 371 13 375 0 0.08695652173913043
transition 371 13 374 0 0.08695652173913043
transition 371 13 373 0 0.08695652173913043
transition 371 13 372 0 0.08695652173913043
transition 371 13 371 0 0.043478260869565216
transition 435 13 475 0 0.045454545454545456
transition 435 13 458 0 0.09090909090909091
transition 435 13 450 0 0.09090909090909091
transition 435 13 445 0 0.09090909090909091
transition 435 13 442 0 0.09090909090909091
transition 435 13 441 0 0.09090909090909091
transition 435 13 440 0 0.09090909090909091
transition 435 13 439 0 0.09090909090909091
transition 435 13 438 0 0.09090909090909091
transition 435 13 437 0 0.09090909090909091
transition 435 13 436 0 0.09090909090909091
transition 435 13 435 0 0.045454545454545456
transition 0 14 500 0 1
transition 1 14 500 13 1
transition 2 14 500 12 1
transition 3 14 500 11 1
transition 4 14 500 10 1
transition 5 14 500 9 1
transition 6 14 500 8 1
transition 7 14 500 17 1
transition 8 14 500 16 1
transition 9 14 500 7 1
transition 10 14 500 17 1
transition 11 14 500 16 1
transition 12 14 500 15 1
transition 13 14 500 14 1
transition 14 14 500 6 1
transition 15 14 500 17 1
transition 16 14 500 16 1
transition 17 14 500 15 1
transition 18 14 500 14 1
transition 19 14 500 13 1
transition 20 14 500 12 1
transition 21 14 500 5 1
transition 22 14 500 17 1
transition 23 14 500 16 1
transition 24 14 500 15 1
transition 25 14 500 14 1
transition 26 14 500 13 1
transition 27 14 500 12 1
transition 28 14 500 11 1
transition 29 14 500 17 1
transition 30 14 500 10 1
transition 31 14 500 17 1
transition 32 14 500 16 1
transition 33 14 500 4 1
transition 34 14 500 17 1
transition 35 14 500 16 1
transition 36 14 500 15 1
transition 37 14 500 14 1
transition 38 14 500 13 1
transition 39 14 500 12 1
transition 40 14 500 11 1
transition 41 14 500 10 1
transition 42 14 500 17 1
transition 43 14 500 16 1
transition 44 14 500 9 1
transition 45 14 500 17 1
transition 46 14 500 16 1
transition 47 14 500 15 1
transition 48 14 500 14 1
transition 49 14 500 8 1
transition 50 14 500 17 1
transition 51 14 500 16 1
transition 52 14 500 15 1
transition 53 14 500 14 1
transition 54 14 500 13 1
transition 55 14 500 3 1
transition 56 14 500 16 1
transition 57 14 500 15 1
transition 58 14 500 14 1
transition 59 14 500 13 1
transition 60 14 500 12 1
transition 61 14 500 11 1
transition 62 14 500 10 1
transition 63 14 500 17 1
transition 64 14 500 9 1
transition 65 14 500 17 1
transition 66 14 500 16 1
transition 67 14 500 15 1
transition 68 14 500 8 1
transition 69 14 500 17 1
transition 70 14 500 16 1
transition 71 14 500 15 1
transition 72 14 500 14 1
transition 73 14 500 13 1
transition 74 14 500 7 1
transition 75 14 500 17 1
transition 76 14 500 16 1
transition 77 14 500 15 1
transition 78 14 500 14 1
transition 79 14 500 13 1
transition 80 14 500 12 1
transition 81 14 500 17 1
transition 82 14 500 11 1
transition 83 14 500 17 1
transition 84 14 500 16 1
transition 85 14 500 6 1
transition 86 14 500 17 1
transition 87 14 500 16 1
transition 88 14 500 15 1
transition 89 14 500 14 1
transition 90 14 500 13 1
transition 91 14 500 12 1
transition 92 14 500 11 1
transition 93 14 500 17 1
transition 94 14 500 16 1
transition 95 14 500 10 1
transition 96 14 500 17 1
transition 97 14 500 16 1
transition 98 14 500 15 1
transition 99 14 500 14 1
transition 100 14 500 2 1
transition 101 14 500 15 1
transition 102 14 500 14 1
transition 103 14 500 13 1
transition 104 14 500 12 1
transition 105 14 500 11 1
transition 106 14 500 10 1
transition 107 14 500 9 1
transition 108 14 500 17 1
transition 109 14 500 16 1
transition 110 14 500 8 1
transition 111 14 500 17 1
transition 112 14 500 16 1
transition 113 14 500 15 1
transition 114 14 500 14 1
transition 115 14 500 7 1
transition 116 14 500 17 1
transition 117 14 500 16 1
transition 118 14 500 15 1
transition 119 14 500 14 1
transition 120 14 500 13 1
transition 121 14 500 12 1
transition 122 14 500 6 1
transition 123 14 500 17 1
transition 124 14 500 16 1
transition 125 14 500 15 1
transition 126 14 500 14 1
transition 127 14 500 13 1
transition 128 14 500 12 1
transition 129 14 500 11 1
transition 130 14 500 17 1
transition 131 14 500 16 1
transition 132 14 500 10 1
transition 133 14 500 17 1
transition 134 14 500 16 1
transition 135 14 500 15 1
transition 136 14 500 5 1
transition 137 14 500 17 1
transition 138 14 500 16 1
transition 139 14 500 15 1
transition 140 14 500 14 1
transition 141 14 500 13 1
transition 142 14 500 12 1
transition 143 14 500 11 1
transition 144 14 500 17 1
transition 145 14 500 10 1
transition 146 14 500 17 1
transition 147 14 500 16 1
transition 148 14 500 15 1
transition 149 14 500 9 1
transition 150 14 500 17 1
transition 151 14 500 16 1
transition 152 14 500 15 1
transition 153 14 500 14 1
transition 154 14 500 13 1
transition 155 14 500 8 1
transition 156 14 500 17 1
transition 157 14 500 16 1
transition 158 14 500 15 1
transition 159 14 500 14 1
transition 160 14 500 13 1
transition 161 14 500 12 1
transition 162 14 500 17 1
transition 163 14 500 16 1
transition 164 14 500 4 1
transition 165 14 500 17 1
transition 166 14 500 16 1
transition 167 14 500 15 1
transition 168 14 500 14 1
transition 169 14 500 13 1
transition 170 14 500 12 1
transition 171 14 500 11 1
transition 172 14 500 10 1
transition 173 14 500 17 1
transition 174 14 500 16 1
transition 175 14 500 9 1
transition 176 14 500 17 1
transition 177 14 500 16 1
transition 178 14 500 15 1
transition 179 14 500 14 1
transition 180 14 500 8 1
transition 181 14 500 17 1
transition 182 14 500 16 1
transition 183 14 500 15 1
transition 184 14 500 14 1
transition 185 14 500 13 1
transition 186 14 500 12 1
transition 187 14 500 17 1
transition 188 14 500 7 1
transition 189 14 500 17 1
transition 190 14 500 16 1
transition 191 14 500 15 1
transition 192 14 500 14 1
transition 193 14 500 13 1
transition 194 14 500 12 1
transition 195 14 500 17 1
transition 196 14 500 11 1
transition 197 14 500 17 1
transition 198 14 500 16 1
transition 199 14 500 15 1
transition 200 14 500 10 1
transition 201 14 500 17 1
transition 202 14 500 16 1
transition 203 14 500 15 1
transition 204 14 500 14 1
transition 205 14 500 1 1
transition 206 14 500 14 1
transition 207 14 500 13 1
transition 208 14 500 12 1
transition 209 14 500 11 1
transition 210 14 500 10 1
transition 211 14 500 9 1
transition 212 14 500 17 1
transition 213 14 500 8 1
transition 214 14 500 17 1
transition 215 14 500 16 1
transition 216 14 500 15 1
transition 217 14 500 7 1
transition 218 14 500 17 1
transition 219 14 500 16 1
transition 220 14 500 15 1
transition 221 14 500 14 1
transition 222 14 500 13 1
transition 223 14 500 6 1
transition 224 14 500 17 1
transition 225 14 500 16 1
transition 226 14 500 15 1
transition 227 14 500 14 1
transition 228 14 500 13 1
transition 229 14 500 12 1
transition 230 14 500 11 1
transition 231 14 500 17 1
transition 232 14 500 5 1
transition 233 14 500 17 1
transition 234 14 500 16 1
transition 235 14 500 15 1
transition 236 14 500 14 1
transition 237 14 500 13 1
transition 238 14 500 12 1
transition 239 14 500 11 1
transition 240 14 500 17 1
transition 241 14 500 10 1
transition 242 14 500 17 1
transition 243 14 500 16 1
transition 244 14 500 15 1
transition 245 14 500 9 1
transition 246 14 500 17 1
transition 247 14 500 16 1
transition 248 14 500 15 1
transition 249 14 500 14 1
transition 250 14 500 4 1
transition 251 14 500 17 1
transition 252 14 500 16 1
transition 253 14 500 15 1
transition 254 14 500 14 1
transition 255 14 500 13 1
transition 256 14 500 12 1
transition 257 14 500 11 1
transition 258 14 500 10 1
transition 259 14 500 17 1
transition 260 14 500 16 1
transition 261 14 500 9 1
transition 262 14 500 17 1
transition 263 14 500 16 1
transition 264 14 500 15 1
transition 265 14 500 14 1
transition 266 14 500 8 1
transition 267 14 500 17 1
transition 268 14 500 16 1
transition 269 14 500 15 1
transition 270 14 500 14 1
transition 271 14 500 13 1
transition 272 14 500 12 1
transition 273 14 500 17 1
transition 274 14 500 7 1
transition 275 14 500 17 1
transition 276 14 500 16 1
transition 277 14 500 15 1
transition 278 14 500 14 1
transition 279 14 500 13 1
transition 280 14 500 12 1
transition 281 14 500 17 1
transition 282 14 500 11 1
transition 283 14 500 17 1
transition 284 14 500 16 1
transition 285 14 500 15 1
transition 286 14 500 3 1
transition 287 14 500 16 1
transition 288 14 500 15 1
transition 289 14 500 14 1
transition 290 14 500 13 1
transition 291 14 500 12 1
transition 292 14 500 11 1
transition 293 14 500 10 1
transition 294 14 500 17 1
transition 295 14 500 9 1
transition 296 14 500 17 1
transition 297 14 500 16 1
transition 298 14 500 15 1
transition 299 14 500 8 1
transition 300 14 500 17 1
transition 301 14 500 16 1
transition 302 14 500 15 1
transition 303 14 500 14 1
transition 304 14 500 13 1
transition 305 14 500 7 1
transition 306 14 500 17 1
transition 307 14 500 16 1
transition 308 14 500 15 1
transition 309 14 500 14 1
transition 310 14 500 13 1
transition 311 14 500 12 1
transition 312 14 500 17 1
transition 313 14 500 11 1
transition 314 14 500 17 1
transition 315 14 500 16 1
transition 316 14 500 6 1
transition 317 14 500 17 1
transition 318 14 500 16 1
transition 319 14 500 15 1
transition 320 14 500 14 1
transition 321 14 500 13 1
transition 322 14 500 12 1
transition 323 14 500 11 1
transition 324 14 500 17 1
transition 325 14 500 16 1
transition 326 14 500 10 1
transition 327 14 500 17 1
transition 328 14 500 16 1
transition 329 14 500 15 1
transition 330 14 500 14 1
transition 331 14 500 9 1
transition 332 14 500 17 1
transition 333 14 500 16 1
transition 334 14 500 15 1
transition 335 14 500 14 1
transition 336 14 500 13 1
transition 337 14 500 17 1
transition 338 14 500 5 1
transition 339 14 500 17 1
transition 340 14 500 16 1
transition 341 14 500 15 1
transition 342 14 500 14 1
transition 343 14 500 13 1
transition 344 14 500 12 1
transition 345 14 500 11 1
transition 346 14 500 17 1
transition 347 14 500 10 1
transition 348 14 500 17 1
transition 349 14 500 16 1
transition 350 14 500 15 1
transition 351 14 500 9 1
transition 352 14 500 17 1
transition 353 14 500 16 1
transition 354 14 500 15 1
transition 355 14 500 14 1
transition 356 14 500 13 1
transition 357 14 500 8 1
transition 358 14 500 17 1
transition 359 14 500 16 1
transition 360 14 500 15 1
transition 361 14 500 14 1
transition 362 14 500 13 1
transition 363 14 500 12 1
transition 364 14 500 17 1
transition 365 14 500 16 1
transition 366 14 500 11 1
transition 367 14 500 17 1
transition 368 14 500 16 1
transition 369 14 500 15 1
transition 370 14 500 2 1
transition 371 14 500 15 1
transition 372 14 500 14 1
transition 373 14 500 13 1
transition 374 14 500 12 1
transition 375 14 500 11 1
transition 376 14 500 10 1
transition 377 14 500 9 1
transition 378 14 500 17 1
transition 379 14 500 16 1
transition 380 14 500 8 1
transition 381 14 500 17 1
transition 382 14 500 16 1
transition 383 14 500 15 1
transition 384 14 500 14 1
transition 385 14 500 7 1
transition 386 14 500 17 1
transition 387 14 500 16 1
transition 388 14 500 15 1
transition 389 14 500 14 1
transition 390 14 500 13 1
transition 391 14 500 12 1
transition 392 14 500 6 1
transition 393 14 500 17 1
transition 394 14 500 16 1
transition 395 14 500 15 1
transition 396 14 500 14 1
transition 397 14 500 13 1
transition 398 14 500 12 1
transition 399 14 500 11 1
transition 400 14 500 17 1
transition 401 14 500 16 1
transition 402 14 500 10 1
transition 403 14 500 17 1
transition 404 14 500 16 1
transition 405 14 500 15 1
transition 406 14 500 5 1
transition 407 14 500 17 1
transition 408 14 500 16 1
transition 409 14 500 15 1
transition 410 14 500 14 1
transition 411 14 500 13 1
transition 412 14 500 12 1
transition 413 14 500 11 1
transition 414 14 500 17 1
transition 415 14 500 10 1
transition 416 14 500 17 1
transition 417 14 500 16 1
transition 418 14 500 15 1
transition 419 14 500 9 1
transition 420 14 500 17 1
transition 421 14 500 16 1
transition 422 14 500 15 1
transition 423 14 500 14 1
transition 424 14 500 13 1
transition 425 14 500 8 1
transition 426 14 500 17 1
transition 427 14 500 16 1
transition 428 14 500 15 1
transition 429 14 500 14 1
transition 430 14 500 13 1
transition 431 14 500 12 1
transition 432 14 500 17 1
transition 433 14 500 16 1
transition 434 14 500 4 1
transition 435 14 500 17 1
transition 436 14 500 16 1
transition 437 14 500 15 1
transition 438 14 500 14 1
transition 439 14 500 13 1
transition 440 14 500 12 1
transition 441 14 500 11 1
transition 442 14 500 10 1
transition 443 14 500 17 1
transition 444 14 500 16 1
transition 445 14 500 9 1
transition 446 14 500 17 1
transition 447 14 500 16 1
transition 448 14 500 15 1
transition 449 14 500 14 1
transition 450 14 500 8 1
transition 451 14 500 17 1
transition 452 14 500 16 1
transition 453 14 500 15 1
transition 454 14 500 14 1
transition 455 14 500 13 1
transition 456 14 500 12 1
transition 457 14 500 17 1
transition 458 14 500 7 1
transition 459 14 500 17 1
transition 460 14 500 16 1
transition 461 14 500 15 1
transition 462 14 500 14 1
transition 463 14 500 13 1
transition 464 14 500 12 1
transition 465 14 500 17 1
transition 466 14 500 11 1
transition 467 14 500 17 1
transition 468 14 500 16 1
transition 469 14 500 15 1
transition 470 14 500 10 1
transition 471 14 500 17 1
transition 472 14 500 16 1
transition 473 14 500 15 1
transition 474 14 500 14 1
transition 475 14 500 6 1
transition 476 14 500 17 1
transition 477 14 500 16 1
transition 478 14 500 15 1
transition 479 14 500 14 1
transition 480 14 500 13 1
transition 481 14 500 12 1
transition 482 14 500 11 1
transition 483 14 500 17 1
transition 484 14 500 16 1
transition 485 14 500 10 1
transition 486 14 500 17 1
transition 487 14 500 16 1
transition 488 14 500 15 1
transition 489 14 500 14 1
transition 490 14 500 9 1
transition 491 14 500 17 1
transition 492 14 500 16 1
transition 493 14 500 15 1
transition 494 14 500 14 1
transition 495 14 500 13 1
transition 496 14 500 17 1
transition 497 14 500 12 1
transition 498 14 500 17 1
transition 499 14 500 16 1
transition 500 0 500 0 1
transition 500 1 500 0 1
transition 500 2 500 0 1
transition 500 3 500 0 1
transition 500 4 500 0 1
transition 500 5 500 0 1
transition 500 6 500 0 1
transition 500 7 500 0 1
transition 500 8 500 0 1
transition 500 9 500 0 1
transition 500 10 500 0 1
transition 500 11 500 0 1
transition 500 12 500 0 1
transition 500 13 500 0 1
transition 500 14 500 0 1
mdptype episodic
discount 1.0
