numStates 1000
numActions 5
end -1
transition 0 0 251 0.02876843699072884 0.05195820475721417
transition 0 0 539 0.05954407469741296 0.24542015042273477
transition 0 0 308 0.9289927992907085 0.2585804669587324
transition 0 0 932 -0.6780840272137401 0.2879691496255294
transition 0 0 383 -0.04506876520004677 0.15607202823578925
transition 0 1 772 0.4924609360485992 0.21413870588045417
transition 0 1 527 -0.3714294761740493 0.7858612941195459
transition 0 2 571 -0.6517850770628018 0.2096797546799587
transition 0 2 498 -0.7663205864390594 0.3571864435589971
transition 0 2 864 0.4588341499567692 0.08090863917623517
transition 0 2 479 0.9030584136375142 0.09935059268939479
transition 0 2 636 -0.5796664962421527 0.2528745698954143
transition 0 3 621 -0.702965282403101 0.2903521340378067
transition 0 3 295 0.7461212207532337 0.1623936757766774
transition 0 3 283 -0.058895613044785744 0.2580273873727162
transition 0 3 46 -0.5704304800752837 0.20388377492386522
transition 0 3 300 -0.6456625278211552 0.08534302788893454
transition 0 4 55 -0.5010474619579699 1.0
transition 1 0 226 0.490785291852494 0.07834988450022842
transition 1 0 699 -0.43983697923422405 0.2907347550762287
transition 1 0 214 -0.8684859052751717 0.31621816462156127
transition 1 0 342 0.12714272063279775 0.05656540215228789
transition 1 0 759 -0.054947049447374496 0.2581317936496937
transition 1 1 165 0.49374632305313804 0.6737365018813828
transition 1 1 198 -0.1850543967427163 0.3262634981186172
transition 1 2 93 0.4773703647896075 0.5987905083453694
transition 1 2 321 -0.3312769715239363 0.279197279242906
transition 1 2 259 -0.18026829719954662 0.1220122124117247
transition 1 3 8 0.013601796992625204 0.5848467233029095
transition 1 3 966 0.8216895122473427 0.4151532766970905
transition 1 4 930 0.568879206953552 0.41612845019173894
transition 1 4 317 0.7016914394969791 0.583871549808261
transition 2 0 151 0.331884182311617 0.4739876328706381
transition 2 0 825 0.9221773586194548 0.526012367129362
transition 2 1 98 0.23719024505493702 0.398602242888775
transition 2 1 113 -0.3863974578380851 0.601397757111225
transition 2 2 584 -0.2860452616125586 0.6027678534302322
transition 2 2 869 0.6072425976846905 0.04186349524972767
transition 2 2 647 0.21887838686829197 0.3553686513200402
transition 2 3 887 -0.5574263287928574 0.37212780337013984
transition 2 3 863 -0.6276468782797628 0.0067198521850516104
transition 2 3 219 -0.6614316916767664 0.15450726312365692
transition 2 3 953 -0.9383578422132268 0.05852988433046346
transition 2 3 530 0.5928144842687466 0.4081151969906882
transition 2 4 301 -0.2399569155793555 0.03606386648256942
transition 2 4 879 -0.5667881110453465 0.3993019191251477
transition 2 4 29 -0.17197281986080792 0.5646342143922829
transition 3 0 237 0.46064726355540286 0.5099303214013727
transition 3 0 101 0.22056200232676137 0.4900696785986272
transition 3 1 456 -0.9540113698810457 0.006385356124122349
transition 3 1 754 0.620474557260188 0.34061396740823524
transition 3 1 588 -0.8149363058989958 0.26311092584793083
transition 3 1 620 0.8056752369228926 0.3898897506197115
transition 3 2 389 0.6451332014226301 0.4283429790076338
transition 3 2 132 0.17355187192833865 0.5716570209923661
transition 3 3 30 -0.012156587411944475 1.0
transition 3 4 500 0.1638100400567768 0.19173612232002601
transition 3 4 783 0.22390331672933517 0.5905444077895092
transition 3 4 650 0.9090301017888558 0.2177194698904648
transition 4 0 83 0.9086520604815655 0.8729208493511308
transition 4 0 828 -0.6730940431529244 0.1270791506488692
transition 4 1 304 -0.4868619351173262 0.5429535708469321
transition 4 1 715 0.664705597419367 0.26153444996466174
transition 4 1 984 -0.8062936508179219 0.19551197918840613
transition 4 2 483 -0.9938891271681496 0.35557194756116567
transition 4 2 377 -0.6124842414910643 0.6444280524388343
transition 4 3 236 -0.2559258232437007 1.0
transition 4 4 287 0.8329507828196174 0.36018272711461513
transition 4 4 639 -0.912879246044559 0.08014891623029555
transition 4 4 363 0.32162874625971205 0.5596683566550893
transition 5 0 466 0.7457866734866698 0.2157234972235191
transition 5 0 216 0.25060332556201814 0.3050961619628836
transition 5 0 295 0.7100831227160507 0.47918034081359734
transition 5 1 957 0.23061945314187682 0.5684196103909978
transition 5 1 429 -0.31527156042029736 0.4268442913037383
transition 5 1 214 0.11692460861504173 0.004736098305264057
transition 5 2 87 0.6631057400026832 0.2571264634345856
transition 5 2 582 -0.9521960746417155 0.6115284190533932
transition 5 2 513 -0.8255408491669824 0.1313451175120212
transition 5 3 89 0.20971797888764576 0.21100770012700792
transition 5 3 743 0.21318858807433605 0.7566067124403842
transition 5 3 213 0.8008080065561147 0.032385587432607936
transition 5 4 276 -0.7820411635633151 0.6829453984570415
transition 5 4 786 0.16664480316587382 0.3170546015429585
transition 6 0 941 0.1599252071450039 0.19370804358964414
transition 6 0 284 0.3727053447652513 0.21660145087534113
transition 6 0 301 0.5807443403207508 0.3003900011412437
transition 6 0 334 -0.4993866360052803 0.1530012371183343
transition 6 0 678 0.7323598637963922 0.13629926727543676
transition 6 1 206 0.7501977486861844 0.3982182092469071
transition 6 1 758 -0.49738857609639964 0.17488955577440732
transition 6 1 960 0.6600732680324644 0.2343180750140243
transition 6 1 603 0.8842398689001449 0.09842113596814604
transition 6 1 562 0.1123243650773047 0.09415302399651518
transition 6 2 932 0.592704506854302 0.8114637410592587
transition 6 2 157 0.26665879736951337 0.18853625894074133
transition 6 3 525 0.4869325980745718 0.6759605433712795
transition 6 3 317 -0.14735249125366567 0.32403945662872047
transition 6 4 111 -0.7435298744499255 0.7788098468255924
transition 6 4 200 0.6118406973512391 0.19018701161433543
transition 6 4 677 0.49021888212759035 0.031003141560072223
transition 7 0 651 -0.27437704807865515 0.30709593547665376
transition 7 0 715 0.6587494515297267 0.08832345434062507
transition 7 0 615 0.021391385071402036 0.20195686662191756
transition 7 0 485 -0.42373496402045174 0.4026237435608037
transition 7 1 408 -0.49213951209400264 0.0530107826547044
transition 7 1 664 -0.3340041396964457 0.2816582256361283
transition 7 1 919 -0.22840338164432983 0.6653309917091673
transition 7 2 365 -0.18957370575859578 0.42748244080889586
transition 7 2 401 0.30421053403120957 0.5725175591911041
transition 7 3 771 -0.3676163828373451 0.18206400118762545
transition 7 3 522 -0.9609213403507761 0.3113499349156421
transition 7 3 832 0.23420674531720254 0.32927072390947815
transition 7 3 643 -0.09047241317153731 0.1405111283419985
transition 7 3 971 0.7085003399116838 0.03680421164525578
transition 7 4 72 -0.8153168156616548 0.3776043051081139
transition 7 4 895 0.7586476304416478 0.4157702492866133
transition 7 4 932 0.1040420061039975 0.20662544560527285
transition 8 0 548 0.05292271262085224 0.3388057955858492
transition 8 0 720 0.8332109049418499 0.6357947988087207
transition 8 0 162 0.5797222456994398 0.021081598488779402
transition 8 0 911 0.7121717482615888 0.004317807116650575
transition 8 1 771 -0.7944387551437877 0.06629895135327814
transition 8 1 584 0.776041875927977 0.3407764830927297
transition 8 1 988 0.6079528273786909 0.1737630234097317
transition 8 1 742 0.15053778263575568 0.3028758988008709
transition 8 1 932 -0.5461160753203362 0.11628564334338953
transition 8 2 80 -0.8674768711207153 0.08476367591749258
transition 8 2 220 0.7045220822689153 0.19431152497150994
transition 8 2 62 0.5557373353655928 0.383949409862575
transition 8 2 240 -0.5002693193407295 0.3369753892484225
transition 8 3 124 -0.6699887876587725 1.0
transition 8 4 57 0.38634066865480654 0.18268366044343695
transition 8 4 261 0.9720034935235802 0.03162743342317449
transition 8 4 268 -0.19630718919874202 0.26642257524142854
transition 8 4 915 -0.24214631024999433 0.3948666026085048
transition 8 4 113 0.7446744560650176 0.12439972828345529
transition 9 0 700 0.8931311922190299 0.23488315508108878
transition 9 0 81 -0.16947033394699584 0.2843255852467467
transition 9 0 953 0.3879320815930374 0.2631864881425139
transition 9 0 581 0.11860079927630518 0.21760477152965058
transition 9 1 446 0.23014260334855718 0.2848008587763885
transition 9 1 536 0.008192339635078705 0.06741840434516103
transition 9 1 440 0.5850257235912317 0.24367936483030558
transition 9 1 160 -0.5005647154542388 0.13651381662784745
transition 9 1 622 0.37874587483505673 0.26758755542029733
transition 9 2 352 0.0296657602394359 0.7599336428317842
transition 9 2 676 0.8822125167392212 0.2400663571682158
transition 9 3 120 -0.4396054370937701 1.0
transition 9 4 503 -0.37610061526410976 0.24418134282152532
transition 9 4 445 0.956900779120893 0.7558186571784747
transition 10 0 258 0.21128342362689012 0.6509945009021798
transition 10 0 816 -0.20825341688098464 0.25422317130380123
transition 10 0 821 -0.1807761803343806 0.094782327794019
transition 10 1 323 -0.06913590446151607 0.4924754752169076
transition 10 1 400 -0.5867259149778019 0.5075245247830924
transition 10 2 894 0.38987021616893514 0.17950157803012287
transition 10 2 545 0.2783500899827185 0.6656843059154122
transition 10 2 78 -0.3471620307121315 0.012752504714284222
transition 10 2 895 0.7930142209160143 0.14206161134018083
transition 10 3 369 -0.7503484937162632 0.5420568368437289
transition 10 3 954 0.912648443949394 0.13615207533696014
transition 10 3 245 0.5310119506749751 0.321791087819311
transition 10 4 149 0.19415615082942028 1.0
transition 11 0 92 -0.31440339078411017 1.0
transition 11 1 4 -0.5308084945798488 0.3028836629174362
transition 11 1 894 0.20235248716492538 0.27882600448725203
transition 11 1 442 0.9676410940118352 0.15430417012369727
transition 11 1 124 0.038596992488639126 0.24437023410139136
transition 11 1 538 0.352811669653865 0.01961592837022318
transition 11 2 949 -0.2393747641900139 0.5066857588602766
transition 11 2 634 -0.7911419158865518 0.12872824234081193
transition 11 2 564 0.8898576123177286 0.3645859987989114
transition 11 3 697 -0.24491462390087348 0.10621435102235204
transition 11 3 937 -0.9450795654882322 0.6251792582758575
transition 11 3 17 -0.9635851310128689 0.26860639070179043
transition 11 4 449 -0.384644902373233 0.047922231231267494
transition 11 4 102 -0.9031471480328757 0.06713991255562297
transition 11 4 108 -0.09334524681685075 0.29764828653324515
transition 11 4 7 0.755031810149563 0.5872895696798643
transition 12 0 373 0.6231216898892384 0.1375934025046322
transition 12 0 824 0.9910436421659286 0.208659829670263
transition 12 0 880 0.4124531259554014 0.1262764660699587
transition 12 0 635 0.6785957709378276 0.3268964913026531
transition 12 0 374 0.35944018230714736 0.20057381045249295
transition 12 1 501 0.18104014870294938 1.0
transition 12 2 739 -0.8573954128627439 1.0
transition 12 3 237 -0.9808176002926827 0.16694824529358213
transition 12 3 62 0.5197135356501954 0.23254784936788483
transition 12 3 684 0.988008062636123 0.26157924437785096
transition 12 3 457 -0.013550755219423172 0.16802419137179958
transition 12 3 80 -0.9167382157425632 0.1709004695888826
transition 12 4 970 -0.15314576180282002 0.24822850107898287
transition 12 4 135 0.6102473140912739 0.34580228848721006
transition 12 4 64 0.9900379208654195 0.08406088167172408
transition 12 4 763 0.10747381189972094 0.14044889237905134
transition 12 4 302 0.4562264568324004 0.1814594363830316
transition 13 0 973 -0.31851470620962874 1.0
transition 13 1 315 0.03499470959305384 0.2723677558340576
transition 13 1 901 -0.43623272248552136 0.6823671244671788
transition 13 1 222 0.6904490489332715 0.04526511969876369
transition 13 2 696 -0.9167205112439749 0.292608107265334
transition 13 2 432 0.25148669124257284 0.03191844869448206
transition 13 2 631 0.9909021193018628 0.11213792021962576
transition 13 2 726 0.5044294903773707 0.5633355238205582
transition 13 3 416 0.17656064511608216 1.0
transition 13 4 25 -0.48285684229817893 0.35482811146097304
transition 13 4 402 -0.22524370880283273 0.2647364516339453
transition 13 4 941 0.07766167025012805 0.38043543690508175
transition 14 0 542 -0.21537801686056168 0.9299917842389862
transition 14 0 52 -0.7128951575943898 0.07000821576101374
transition 14 1 774 -0.8992718585446389 1.0
transition 14 2 792 0.8062939861842344 0.2713985116940077
transition 14 2 236 0.29405431774624957 0.19235063499243626
transition 14 2 472 -0.7337197421211654 0.28292539151383256
transition 14 2 217 0.6172698002164811 0.2533254617997235
transition 14 3 24 0.10177860433567476 0.21212565795703364
transition 14 3 863 -0.11213829798070396 0.7878743420429664
transition 14 4 751 -0.8283578396202556 1.0
transition 15 0 442 -0.5531874817196669 0.6064917107153386
transition 15 0 453 -0.14705373801840027 0.39350828928466147
transition 15 1 821 0.39770825603378235 0.03892781166999627
transition 15 1 542 0.3244453134338128 0.3705728563401021
transition 15 1 403 0.46549180614692953 0.5904993319899016
transition 15 2 967 0.8046236492563001 0.13033442596950418
transition 15 2 976 -0.74811880695617 0.03559183869031693
transition 15 2 470 0.0690759232442737 0.4782004031572487
transition 15 2 473 0.5396278515728494 0.3558733321829303
transition 15 3 521 -0.018526116435003237 0.2641498264371339
transition 15 3 398 -0.7949098979260334 0.16383354224933694
transition 15 3 917 -0.23061779992863607 0.21543669022556336
transition 15 3 901 -0.12982912257037138 0.3565799410879657
transition 15 4 537 0.3501724598971694 0.35669356852399103
transition 15 4 836 0.3238392831631016 0.10365332854483386
transition 15 4 690 0.15635256602239211 0.004075049063172544
transition 15 4 602 -0.05454339655863927 0.20738471866306157
transition 15 4 516 0.5334493307789754 0.32819333520494104
transition 16 0 868 -0.019417480879389437 0.5178641183260498
transition 16 0 413 0.9378626059084085 0.33433768788205775
transition 16 0 705 0.906169736712084 0.14779819379189252
transition 16 1 895 -0.5235569055383744 0.6294821218106023
transition 16 1 535 -0.1833462126484151 0.3705178781893977
transition 16 2 59 -0.09558048230566163 0.18168867141482703
transition 16 2 362 0.538908286436562 0.2001351993759573
transition 16 2 901 0.34623273181907477 0.1889745966894891
transition 16 2 763 0.2778085188872972 0.11783975365352743
transition 16 2 725 -0.4947808999278225 0.3113617788661991
transition 16 3 52 0.011979118321411963 1.0
transition 16 4 472 0.4437538844703346 0.300129759144568
transition 16 4 451 -0.10418120846005419 0.22441532760311153
transition 16 4 211 0.4443811059107081 0.08972164859785348
transition 16 4 814 -0.676655027428948 0.2692847329888808
transition 16 4 623 0.4474405809872428 0.11644853166558616
transition 17 0 411 0.5750155717446628 0.4662584318119634
transition 17 0 719 0.417360913461271 0.5337415681880365
transition 17 1 141 0.734827373834984 0.9526397551803039
transition 17 1 109 -0.8585507926413045 0.04736024481969609
transition 17 2 264 -0.5488363571188639 1.0
transition 17 3 912 -0.6923000722909776 0.055823875854144944
transition 17 3 686 0.2600551641331037 0.4807313899345794
transition 17 3 832 0.1784649948163446 0.4634447342112756
transition 17 4 90 0.9091671737766773 1.0
transition 18 0 705 0.7762530127000937 0.25894020240812915
transition 18 0 708 -0.9833262229810396 0.12426544829856519
transition 18 0 626 0.06027905640282172 0.25762940880734286
transition 18 0 92 -0.9550418122523527 0.1311698759650638
transition 18 0 298 0.24831359675206954 0.227995064520899
transition 18 1 742 -0.02299315472064478 0.17214468658200321
transition 18 1 533 -0.6948711015621962 0.23012640047449504
transition 18 1 776 -0.9216384972924134 0.20439306490116516
transition 18 1 339 -0.6277867631621368 0.1849112822898223
transition 18 1 342 0.7061819221565497 0.2084245657525143
transition 18 2 828 -0.0004672987528542283 0.5861567432036522
transition 18 2 780 0.6970191305093911 0.4138432567963479
transition 18 3 521 0.599644683377017 0.4313155723775817
transition 18 3 127 0.5943684972723318 0.5686844276224182
transition 18 4 214 -0.13118484256815344 0.33829175315467747
transition 18 4 440 -0.5959200956548347 0.6437722392780797
transition 18 4 85 0.6558398357585007 0.017936007567242722
transition 19 0 988 0.3036791371840444 0.087118154284199
transition 19 0 631 0.5468298205535822 0.03226078896386908
transition 19 0 150 0.7038729722405408 0.3982307515563652
transition 19 0 553 0.306029456752565 0.32249870546805987
transition 19 0 696 -0.7579352395286265 0.1598915997275068
transition 19 1 755 0.3385674674466215 1.0
transition 19 2 285 0.7725492773912417 0.23731398904018078
transition 19 2 84 -0.37008371899556236 0.5290925602056002
transition 19 2 60 -0.2336278276856123 0.233593450754219
transition 19 3 202 0.404953322115682 1.0
transition 19 4 658 -0.809958232925936 1.0
transition 20 0 489 -0.11655220182897863 1.0
transition 20 1 275 0.2854169904985211 1.0
transition 20 2 976 -0.9632699943182648 0.35519759918084126
transition 20 2 763 -0.4102463030597552 0.08804005436796458
transition 20 2 821 0.35067131552040287 0.5567623464511942
transition 20 3 430 -0.5053110446214033 0.6677549542890991
transition 20 3 778 -0.3083516879855157 0.04594172077665965
transition 20 3 819 0.06006378309019289 0.28630332493424115
transition 20 4 547 -0.865439350382752 0.51742277526552
transition 20 4 821 -0.2450465179840613 0.48257722473447995
transition 21 0 864 0.01762663629026462 0.12447318275953664
transition 21 0 685 -0.23541158452589106 0.08299551760233616
transition 21 0 457 0.9131921351746286 0.05910554868728091
transition 21 0 815 0.32986225367401123 0.20258150805768232
transition 21 0 770 0.9201970952282568 0.530844242893164
transition 21 1 985 -0.25469507184510776 0.4104821699065521
transition 21 1 403 0.9313139864411661 0.01529364180666249
transition 21 1 68 0.6137931134574779 0.36336930542755613
transition 21 1 188 -0.8105470886654944 0.21085488285922932
transition 21 2 915 -0.3713330660523839 0.006010374345947734
transition 21 2 221 0.04558535874409175 0.579529398626514
transition 21 2 6 -0.8335715768143508 0.0513986198149231
transition 21 2 851 -0.3706486134333158 0.3630616072126151
transition 21 3 514 -0.7474194206625226 0.21174460223705546
transition 21 3 576 -0.40318782446963475 0.05518191293924932
transition 21 3 640 0.18609637069509266 0.2901461311610433
transition 21 3 296 0.9389814316616065 0.21033387447637047
transition 21 3 412 0.6173840189897772 0.23259347918628132
transition 21 4 776 0.8864887296138069 0.22404668353293156
transition 21 4 624 -0.7633337072096207 0.7759533164670684
transition 22 0 110 0.2592259340747982 0.2222078828925149
transition 22 0 150 0.9488341932966597 0.167281066977116
transition 22 0 436 -0.05892952347713187 0.19347763915725988
transition 22 0 910 -0.8278289987476544 0.21984150257597668
transition 22 0 39 0.18431650702003655 0.19719190839713255
transition 22 1 230 -0.12733772915113506 0.933632852087282
transition 22 1 825 -0.6054623203200866 0.06636714791271801
transition 22 2 577 -0.3047176245178178 0.24681295138263687
transition 22 2 7 -0.09962663228856417 0.2404391011892539
transition 22 2 949 0.6569858051005264 0.28484441913129416
transition 22 2 169 0.6492738617781397 0.227903528296815
transition 22 3 963 -0.9225376271060368 0.15971643157636647
transition 22 3 224 0.5696868085617985 0.3865750066272298
transition 22 3 165 -0.1884956333596859 0.4213248830886973
transition 22 3 350 0.22144837031354325 0.03238367870770645
transition 22 4 172 -0.9758834498197579 0.1393398102372337
transition 22 4 308 0.2678784858311687 0.2993829575074519
transition 22 4 517 0.14881007470760976 0.30927038318368255
transition 22 4 602 0.36361390097590873 0.07541312708839777
transition 22 4 201 -0.3899297867156766 0.17659372198323411
transition 23 0 631 0.664697330353059 1.0
transition 23 1 862 -0.6389391510731635 1.0
transition 23 2 657 0.9027475700157461 0.2206969580001579
transition 23 2 541 -0.09178517482018478 0.017884818889552144
transition 23 2 415 -0.16323591617940658 0.37173431817558567
transition 23 2 534 0.6277565442936173 0.38968390493470423
transition 23 3 499 -0.9256251151642447 0.10819798768195305
transition 23 3 556 -0.22046835619097416 0.20759152363333516
transition 23 3 926 -0.1105642211921043 0.3783840193228902
transition 23 3 194 0.8924987366286992 0.3058264693618216
transition 23 4 364 0.054454435452720995 0.2562515932106679
transition 23 4 979 -0.679443849614036 0.05001659895358605
transition 23 4 760 0.41904336140842613 0.189233707937036
transition 23 4 380 -0.7521125645177513 0.29347814427663427
transition 23 4 762 0.14205914295507593 0.21101995562207576
transition 24 0 152 0.5287459415937887 1.0
transition 24 1 178 -0.11703095929619534 0.30436042106669375
transition 24 1 132 0.005950172365892348 0.6956395789333062
transition 24 2 136 0.9428187301855633 0.5914686120254604
transition 24 2 447 0.40777051584602275 0.3271042210087181
transition 24 2 185 0.7033838895951467 0.08142716696582139
transition 24 3 799 0.8409822344565754 0.6047186347317003
transition 24 3 208 0.4786317132064686 0.3952813652682996
transition 24 4 143 -0.14065260890546205 0.35834984143161414
transition 24 4 829 0.9766561398453171 0.14058554600569953
transition 24 4 15 -0.17728006733374202 0.33884560382746914
transition 24 4 246 -0.259475642194235 0.07286022816740703
transition 24 4 227 -0.27024873548581274 0.08935878056781027
transition 25 0 229 -0.558164697453672 0.15747441341802357
transition 25 0 347 0.6707227169142396 0.03310007816216156
transition 25 0 49 0.14372819725641195 0.23582145342352298
transition 25 0 700 0.3032639064410636 0.21249011614052346
transition 25 0 486 -0.3731213090026575 0.36111393885576837
transition 25 1 415 0.38708352318873396 0.22973354106283342
transition 25 1 824 -0.6784952391513142 0.502902987960933
transition 25 1 41 0.5226318719249723 0.2673634709762336
transition 25 2 971 -0.7581435452362466 0.3253688887032713
transition 25 2 160 0.15017013584363847 0.07087341407498504
transition 25 2 541 -0.059361270290772206 0.6037576972217438
transition 25 3 998 0.9949109097437536 0.1251784938216752
transition 25 3 294 -0.7910401328571657 0.2635603944403392
transition 25 3 858 0.7699920756884544 0.6112611117379856
transition 25 4 281 -0.4286740579469299 0.31335148087280873
transition 25 4 271 0.8528470328798747 0.16193567684561716
transition 25 4 114 -0.878230385854907 0.2408159521342475
transition 25 4 659 0.1708341718134181 0.25050476642824465
transition 25 4 724 -0.7516546611787764 0.03339212371908198
transition 26 0 670 -0.23904255097695026 1.0
transition 26 1 641 0.0833917727320046 0.01609527280177107
transition 26 1 794 -0.6126919567296243 0.9839047271982289
transition 26 2 701 0.7113637002615503 0.11549394140035646
transition 26 2 644 0.1482854777909226 0.24056806387407229
transition 26 2 749 0.40340993114453205 0.05726415780056496
transition 26 2 877 -0.5866377497293449 0.3943122838949721
transition 26 2 7 0.4152076597106482 0.1923615530300343
transition 26 3 985 0.020330971270426046 0.1592654150159614
transition 26 3 617 0.99528482186127 0.28375113720719314
transition 26 3 346 -0.08825979351689361 0.2058609225077903
transition 26 3 787 0.24546549013826868 0.13961251332580105
transition 26 3 382 0.08471684284875747 0.2115100119432541
transition 26 4 118 -0.2605059085780823 0.087403434342535
transition 26 4 364 -0.7754558621665213 0.1254357337447644
transition 26 4 689 -0.3924500807270319 0.2423091953632554
transition 26 4 241 0.028668953677445597 0.3792454178322027
transition 26 4 804 -0.016520389354969245 0.1656062187172425
transition 27 0 900 -0.20996658647704614 0.4718310338546422
transition 27 0 656 0.494949370109504 0.5281689661453579
transition 27 1 578 0.04580756111590478 0.08412288190565832
transition 27 1 167 0.9092133272720526 0.12414690329353759
transition 27 1 37 -0.30153704736047793 0.40554937632456817
transition 27 1 226 -0.5494807677307121 0.0006318198499205109
transition 27 1 54 -0.6789150388564609 0.3855490186263155
transition 27 2 878 -0.7550447618154235 0.09980872096470127
transition 27 2 31 -0.7688432657380806 0.306774508725088
transition 27 2 730 -0.9567035935714905 0.3119044767689659
transition 27 2 468 -0.8834730276991936 0.2815122935412449
transition 27 3 732 0.8468804760623849 0.27554213452742954
transition 27 3 129 -0.4247404345812964 0.2463080126992626
transition 27 3 780 -0.7759891471275593 0.25821295036694947
transition 27 3 888 0.6961372084214781 0.21993690240635835
transition 27 4 824 0.7502057574343952 0.40194583081084867
transition 27 4 731 -0.9560368671945669 0.5980541691891513
transition 28 0 464 0.9189915280937624 0.16191870904805267
transition 28 0 729 -0.12271034672353043 0.4092166431106915
transition 28 0 525 -0.24356244254013104 0.10874425042352434
transition 28 0 279 -0.8816937972814476 0.3201203974177314
transition 28 1 201 0.44921951699309126 0.11122920562229854
transition 28 1 110 0.5857616959878775 0.4231359476986011
transition 28 1 720 0.3408944848243911 0.46563484667910043
transition 28 2 31 -0.5233486020327551 0.14633463178740758
transition 28 2 960 0.15810363869528987 0.8536653682125924
transition 28 3 978 -0.4997136128003372 0.6620322449003869
transition 28 3 593 -0.5305147723052563 0.33796775509961313
transition 28 4 5 0.37898015508964744 0.3517433775378865
transition 28 4 875 -0.22390451590830218 0.2923691198643182
transition 28 4 292 -0.23082592861779094 0.35588750259779534
transition 29 0 721 0.4099123218673564 0.29205657588903444
transition 29 0 591 -0.725348244799715 0.23719192562686403
transition 29 0 586 0.22060193839334952 0.16648759313131653
transition 29 0 718 -0.30812506990616306 0.2503984439698488
transition 29 0 265 0.6935657972497891 0.05386546138293616
transition 29 1 622 0.10579440732006118 0.1414642546779151
transition 29 1 300 0.7252922647814313 0.18324392331224876
transition 29 1 152 0.06716100340150866 0.6300933385017617
transition 29 1 535 0.8207691563438011 0.04519848350807422
transition 29 2 960 -0.9345319437315294 0.1325059337748638
transition 29 2 835 0.08788211633629106 0.19333019907408341
transition 29 2 820 -0.6696504948745574 0.4591474449393844
transition 29 2 947 -0.20886656356198086 0.040681159859367585
transition 29 2 180 0.31402679227912533 0.17433526235230085
transition 29 3 662 -0.3139243132367746 0.466301838410375
transition 29 3 916 -0.6242405985637944 0.06893066138919937
transition 29 3 267 0.3333062185744866 0.4647675002004257
transition 29 4 532 -0.46412998634554614 0.2056585992294147
transition 29 4 100 0.7316043069353806 0.08351038268902376
transition 29 4 555 -0.5723289025502205 0.23089723091258765
transition 29 4 998 0.032092837886272596 0.15569598306786026
transition 29 4 805 0.597476879681117 0.3242378041011136
transition 30 0 151 0.8975179890781708 0.6434974187261332
transition 30 0 827 -0.7033802654167098 0.1577284551810655
transition 30 0 419 -0.21908033991902132 0.19877412609280126
transition 30 1 349 -0.7253068665379052 0.28932840063869064
transition 30 1 328 -0.9905503855897599 0.33142862147504726
transition 30 1 947 0.9388707619941887 0.008439489963507022
transition 30 1 221 0.576099741515081 0.20315077645023977
transition 30 1 298 -0.4886646471198359 0.16765271147251523
transition 30 2 186 0.5443393207246223 0.07311366328073511
transition 30 2 132 0.8392710567109443 0.3311283016490198
transition 30 2 139 0.9868674601864154 0.0014085216044191437
transition 30 2 469 0.2579519816545075 0.5943495134658259
transition 30 3 719 -0.4595658071628861 1.0
transition 30 4 499 0.2404552863182372 0.05025842890398705
transition 30 4 319 -0.416826914345674 0.46532735240458406
transition 30 4 314 -0.6907624965059345 0.48441421869142887
transition 31 0 295 -0.40672820221640316 1.0
transition 31 1 948 0.9635033035815173 1.0
transition 31 2 90 -0.19531304830404594 0.11863888921503137
transition 31 2 250 0.7066846351551532 0.5610281946810916
transition 31 2 750 -0.7835196625390883 0.32033291610387715
transition 31 3 50 0.2630823578778023 1.0
transition 31 4 407 -0.38944027044824225 0.4976596899703322
transition 31 4 750 -0.22259582173316184 0.5023403100296677
transition 32 0 86 0.8324756730162786 0.5958769647093584
transition 32 0 852 -0.22953473849046468 0.40412303529064164
transition 32 1 50 -0.4822893877579124 0.06119028786723618
transition 32 1 270 -0.2380515241885255 0.4863852737278075
transition 32 1 59 -0.0285561081829393 0.45242443840495633
transition 32 2 246 -0.7473997415002738 0.6169325678595791
transition 32 2 760 -0.0056812799453545 0.38306743214042094
transition 32 3 641 0.9211658490863373 0.0021936294666273608
transition 32 3 155 0.6269283041217852 0.30799173226718607
transition 32 3 240 -0.6448966194603083 0.352914493982081
transition 32 3 284 0.718819957020854 0.33690014428410553
transition 32 4 798 -0.23367759408752176 0.20158778009510653
transition 32 4 225 -0.5581303072676456 0.2315893028015495
transition 32 4 779 0.02467701984956472 0.25069427548663475
transition 32 4 750 -0.24334530653295716 0.31612864161670917
transition 33 0 862 0.020656095805440255 0.28184692293374725
transition 33 0 812 0.9329426815518194 0.3180360497032851
transition 33 0 936 -0.7575952608632086 0.058719894607076634
transition 33 0 87 0.12324614946230739 0.137672553600753
transition 33 0 492 0.7539320232066689 0.20372457915513795
transition 33 1 778 0.938649855374817 0.3511555915934322
transition 33 1 303 -0.17569359882551638 0.2912167881317391
transition 33 1 646 0.4843479571186531 0.24013377180465528
transition 33 1 223 0.9252439902274932 0.11749384847017337
transition 33 2 167 0.2556295482724713 0.5892569523762979
transition 33 2 580 -0.8573283041108068 0.41074304762370206
transition 33 3 650 -0.14899547944159441 0.46806390389103275
transition 33 3 707 -0.2860890676593726 0.5319360961089672
transition 33 4 866 -0.9823622823400271 0.4261109756521171
transition 33 4 846 0.2791889433381676 0.3254594528170967
transition 33 4 454 0.15278385341398404 0.24842957153078618
transition 34 0 734 -0.3022686823998386 0.22393022857021694
transition 34 0 917 -0.6782026419555003 0.3429656858562872
transition 34 0 184 -0.567967518516038 0.12165608411912554
transition 34 0 343 0.08456739606122299 0.11465775402701493
transition 34 0 425 0.8881859761413313 0.19679024742735549
transition 34 1 592 -0.9444697491871674 0.5111086828135671
transition 34 1 768 0.013529683392703218 0.07155651200906657
transition 34 1 357 -0.028779176142113005 0.41733480517736626
transition 34 2 368 -0.012261588277779012 0.038697017140980026
transition 34 2 704 -0.12138757912480269 0.27988003887126867
transition 34 2 788 0.14343675122076904 0.22430361685817948
transition 34 2 450 -0.48961300044243816 0.22117500985813665
transition 34 2 563 0.09745318213028842 0.23594431727143522
transition 34 3 254 -0.630793780476014 1.0
transition 34 4 344 0.7555650205695867 0.15187885156090128
transition 34 4 366 0.6253315995851403 0.23761077047899265
transition 34 4 599 -0.6597320259319364 0.24535819942314402
transition 34 4 866 -0.40890703283684426 0.10160978832156896
transition 34 4 1 0.054990971909032016 0.26354239021539305
transition 35 0 615 -0.8944066042826422 0.5096210623000624
transition 35 0 518 0.6450070726224799 0.09855948562064239
transition 35 0 884 0.3459690844260028 0.39181945207929514
transition 35 1 784 -0.1662131297973939 0.8666224310398263
transition 35 1 764 0.016346010278067924 0.13337756896017378
transition 35 2 63 -0.035357037798506186 1.0
transition 35 3 189 -0.8138108239048158 0.36693456094892096
transition 35 3 210 0.5303972627321216 0.036740687341917336
transition 35 3 64 -0.6410244237584815 0.2657628906676547
transition 35 3 152 -0.20254893804961815 0.330561861041507
transition 35 4 499 0.7419305725617107 0.48251668316271257
transition 35 4 869 0.889762867798811 0.5174833168372874
transition 36 0 5 0.3977647004107643 0.7715717362328438
transition 36 0 607 -0.6790119202122777 0.22842826376715616
transition 36 1 745 -0.018382084031090207 0.46698473873154484
transition 36 1 557 -0.9002499578026124 0.034879516651528344
transition 36 1 502 0.16108458767104206 0.3390931205024604
transition 36 1 621 -0.9479018901045895 0.1129039511037562
transition 36 1 752 0.2121846329754613 0.04613867301071014
transition 36 2 461 0.2413589810350345 0.2732688963927407
transition 36 2 683 0.3208670794275923 0.6137350620629792
transition 36 2 301 0.2590503515829743 0.11299604154428013
transition 36 3 200 -0.7326206227491834 0.26328674005994485
transition 36 3 428 -0.7137889594725022 0.39520137882245193
transition 36 3 438 -0.8957223514289279 0.34151188111760317
transition 36 4 858 0.7904515733231674 0.36039555243191096
transition 36 4 158 -0.02904590267992302 0.5400573166141258
transition 36 4 334 0.7969342428623991 0.09954713095396325
transition 37 0 286 0.2862220736217831 0.008335082767535012
transition 37 0 794 -0.06616213499261803 0.4193231149747238
transition 37 0 809 0.23767317709074542 0.5723418022577412
transition 37 1 334 0.9557072090708381 0.11156579183271888
transition 37 1 991 0.047426774932552096 0.28067123579956
transition 37 1 530 -0.3103850270619495 0.3390067649879372
transition 37 1 242 0.6645012867669289 0.2687562073797839
transition 37 2 672 -0.984794358608378 0.16878114894896704
transition 37 2 927 -0.5310538446533852 0.17583651658873573
transition 37 2 900 -0.700618746522101 0.32462550691440284
transition 37 2 993 0.6065175202454332 0.2595534271054779
transition 37 2 483 0.37371712500541254 0.07120340044241653
transition 37 3 589 0.30726555852051174 0.22822722319389266
transition 37 3 574 -0.3857684442097735 0.24822000393846952
transition 37 3 32 -0.37334302423514143 0.20231963587578064
transition 37 3 821 -0.6915346898331347 0.20674236377547145
transition 37 3 994 0.604745400660702 0.1144907732163857
transition 37 4 303 -0.6840094180492666 1.0
transition 38 0 939 0.8554420175723219 0.27244271955916505
transition 38 0 549 0.6343069711422415 0.7275572804408349
transition 38 1 974 0.5805414883922981 0.28612908234756607
transition 38 1 42 -0.6955235219429194 0.28284868791135404
transition 38 1 781 0.39459878542935334 0.43102222974108
transition 38 2 886 0.9715332638147849 0.38895946380162777
transition 38 2 320 0.10186487317466741 0.3855612791009471
transition 38 2 600 0.2480274496344652 0.22547925709742497
transition 38 3 83 -0.5680030835799699 1.0
transition 38 4 85 -0.8422046524946016 0.4257383523469029
transition 38 4 120 0.7398292249758887 0.5742616476530972
transition 39 0 26 0.3570959766510897 0.7415625951995942
transition 39 0 346 0.26249741706553786 0.06952062381683105
transition 39 0 975 0.43411512823888576 0.1889167809835747
transition 39 1 86 0.6573964188329444 0.4256329927788147
transition 39 1 861 -0.6761028300031824 0.5189312381002912
transition 39 1 461 0.12249559035495117 0.05543576912089422
transition 39 2 183 0.627409294551531 0.36759907722327223
transition 39 2 538 0.7599154064142133 0.3958557419117905
transition 39 2 191 0.9819055219620276 0.0071308840101710425
transition 39 2 503 -0.7477536697947547 0.1017562276963757
transition 39 2 483 -0.18830185746358064 0.12765806915839056
transition 39 3 287 0.14389013808481343 1.0
transition 39 4 901 0.13786397424848418 0.18689887029147337
transition 39 4 683 0.2628643738798062 0.3155575147333448
transition 39 4 858 -0.7500696085210607 0.13989615199421243
transition 39 4 222 0.29513983967829294 0.3576474629809694
transition 40 0 12 0.010935689832223483 0.4298218358045611
transition 40 0 790 -0.9456437745644846 0.4669393744726836
transition 40 0 172 -0.5726099323436966 0.1032387897227553
transition 40 1 388 -0.6598851008938322 0.28045952911539396
transition 40 1 329 0.7279445184948665 0.29572771586549923
transition 40 1 298 -0.4742645734847135 0.42381275501910687
transition 40 2 216 -0.798974239635577 0.21904393709203443
transition 40 2 344 -0.9352963091541586 0.0791866272219527
transition 40 2 726 -0.9822272792657718 0.23081282587480986
transition 40 2 613 0.2451081059266469 0.09231561976916998
transition 40 2 144 -0.11930722448681341 0.37864099004203294
transition 40 3 942 0.27171838327523545 0.4822876153123876
transition 40 3 796 0.1595474230116256 0.5177123846876124
transition 40 4 446 0.13514201247677482 0.2738689953465384
transition 40 4 775 -0.5678342583397851 0.17140159344989553
transition 40 4 158 0.012135936827932348 0.164517758284735
transition 40 4 955 0.5546717975637745 0.3902116529188311
transition 41 0 155 -0.9382835218356727 1.0
transition 41 1 400 -0.7982033615267989 1.0
transition 41 2 760 0.29026687907084914 0.1496273622393903
transition 41 2 10 0.6478230197638204 0.018819562530481414
transition 41 2 952 -0.06599758191953908 0.48708956928141356
transition 41 2 31 -0.0679008761105353 0.3444635059487147
transition 41 3 686 -0.14614243633722346 0.29786463428512305
transition 41 3 532 -0.4726876827699691 0.40443698502709946
transition 41 3 120 0.0624951345646092 0.29769838068777754
transition 41 4 33 0.8978223108720655 0.6155299908685959
transition 41 4 440 0.09996049656557915 0.3844700091314041
transition 42 0 932 0.4167691428572484 0.14612200489013272
transition 42 0 313 0.9288889331727312 0.8538779951098673
transition 42 1 994 0.8231493928691669 0.3839631677288911
transition 42 1 740 0.3178658055044663 0.616036832271109
transition 42 2 239 0.963680358715781 0.9070514033729214
transition 42 2 522 0.9925597586897259 0.0929485966270786
transition 42 3 198 -0.2105396344373025 0.3572718056717729
transition 42 3 531 0.22746703754397868 0.10741558373077158
transition 42 3 975 0.13793160384206993 0.531682789871341
transition 42 3 839 0.3677120335711297 0.0036298207261144916
transition 42 4 799 0.4492181885011308 0.23580311510370122
transition 42 4 966 -0.7537303164778091 0.2850409378786275
transition 42 4 310 -0.8468078310645348 0.32907473898933437
transition 42 4 169 0.21111188828938077 0.1500812080283369
transition 43 0 841 -0.17519658142497208 0.33697887037304963
transition 43 0 916 -0.6301859434345016 0.1962882395468212
transition 43 0 723 0.9897568642612655 0.4667328900801292
transition 43 1 823 0.9657163512146905 0.4555179488513887
transition 43 1 198 -0.206874316637643 0.3944069360704632
transition 43 1 709 0.18597606665714883 0.15007511507814802
transition 43 2 20 0.8410833868239298 1.0
transition 43 3 776 -0.30433346696786745 0.7604774743542906
transition 43 3 455 0.5756907750775841 0.23952252564570942
transition 43 4 233 0.13098831840559755 0.027197301244497634
transition 43 4 259 -0.6000990721757578 0.21851168219574557
transition 43 4 578 -0.7215033380314693 0.298027842869731
transition 43 4 498 0.8552335365581893 0.09746477938774167
transition 43 4 627 0.8883211950813625 0.35879839430228416
transition 44 0 493 -0.011462338072473655 0.11203926454395098
transition 44 0 328 -0.6306782598200706 0.30648869061308953
transition 44 0 755 -0.9745134200932535 0.2745189886031151
transition 44 0 9 0.5066904819406952 0.3069530562398445
transition 44 1 796 -0.8056711142609807 0.641145960579896
transition 44 1 545 0.07863171745578756 0.1547482298362305
transition 44 1 854 -0.7495019746606839 0.20410580958387345
transition 44 2 417 0.4292596489616456 0.21020198173303264
transition 44 2 616 0.9047935394725615 0.03295516015729606
transition 44 2 70 -0.4615694980140028 0.3205364408140836
transition 44 2 735 0.6675572830155807 0.1426558526444824
transition 44 2 737 0.41296064525430065 0.29365056465110523
transition 44 3 135 0.08148564989058493 0.4789534756818811
transition 44 3 180 -0.8406343771047682 0.3213947300128147
transition 44 3 917 0.7696386376845037 0.19965179430530425
transition 44 4 678 -0.9009462206345491 0.37212134977843453
transition 44 4 136 0.6668075806241522 0.6278786502215656
transition 45 0 585 -0.9142126407214162 0.03568223601499212
transition 45 0 201 -0.6870709993586375 0.19877734411754974
transition 45 0 505 -0.2841436569589526 0.28336922297006367
transition 45 0 166 -0.9936903131809038 0.21545066171522995
transition 45 0 907 -0.9011969769220713 0.26672053518216443
transition 45 1 937 0.6863246113173924 0.7922206778188677
transition 45 1 562 -0.7584143710322901 0.2077793221811322
transition 45 2 633 -0.592310180400704 0.2057403137002469
transition 45 2 21 0.4114333179141534 0.02129223469905097
transition 45 2 286 -0.6967713300462137 0.28894321983994126
transition 45 2 547 -0.5518758854024379 0.4840242317607608
transition 45 3 440 0.33203553331453617 0.5274780851481913
transition 45 3 233 -0.49673519876535654 0.15219426643457779
transition 45 3 785 0.6886997625596729 0.32032764841723094
transition 45 4 696 0.5043907936112446 0.26233526749016833
transition 45 4 380 0.7446323516504654 0.13715742476905368
transition 45 4 918 0.40552503057952194 0.24945074086865385
transition 45 4 865 -0.21513809813466267 0.12791599547949736
transition 45 4 684 0.5206936478310098 0.2231405713926268
transition 46 0 827 -0.3333547577316316 1.0
transition 46 1 917 0.4649815823789283 0.19453496872055104
transition 46 1 218 -0.3966476162745778 0.11781728665115616
transition 46 1 272 0.5061280337646838 0.25752570961916915
transition 46 1 925 -0.018338555972523984 0.24854288700705668
transition 46 1 140 -0.7010417103773718 0.18157914800206698
transition 46 2 101 -0.5220104321963359 0.5413247097866671
transition 46 2 351 0.14291006553419083 0.17910415983028397
transition 46 2 995 0.7350804687470665 0.272962806089489
transition 46 2 547 -0.7227344710791697 0.00660832429355993
transition 46 3 683 -0.3369161903669933 0.6521917515614118
transition 46 3 320 0.2761673595146652 0.34780824843858815
transition 46 4 224 -0.010046885201928424 0.4777938372828587
transition 46 4 968 -0.2928761012748686 0.5222061627171413
transition 47 0 949 0.7974224545811144 0.3765057515612046
transition 47 0 537 0.05175069655035114 0.09224628079953182
transition 47 0 257 0.18659182110878825 0.12346432199019731
transition 47 0 951 0.7272659521768714 0.4077836456490663
transition 47 1 68 -0.6351945865459734 0.5202403540581234
transition 47 1 401 -0.057701787888198686 0.47975964594187664
transition 47 2 104 -0.2754728141900382 1.0
transition 47 3 271 0.24674434959085412 0.48141779055237666
transition 47 3 476 -0.26230337933674 0.11224092647316336
transition 47 3 256 0.542545826223219 0.224178577269591
transition 47 3 399 0.7474024584537602 0.047986020063566046
transition 47 3 836 -0.013731516300627744 0.1341766856413029
transition 47 4 72 -0.992509330170023 0.6693686430200713
transition 47 4 795 -0.7413433486907237 0.29744930923129936
transition 47 4 393 0.6746496409268914 0.033182047748629234
transition 48 0 335 -0.37937716019811374 1.0
transition 48 1 418 0.6836933952365747 0.5351702956063167
transition 48 1 979 0.9384041614011787 0.4648297043936833
transition 48 2 208 -0.6320832144471131 0.24686130898183634
transition 48 2 735 0.6522403529791236 0.37873700152474643
transition 48 2 149 0.1001632976557445 0.3744016894934172
transition 48 3 880 -0.8551946274913917 0.19221433647289757
transition 48 3 349 -0.39536331352236 0.433489825794036
transition 48 3 821 0.9390962699658771 0.008464901951997044
transition 48 3 271 0.9012603117799549 0.35827678875540475
transition 48 3 543 -0.27057729637610684 0.007554147025664702
transition 48 4 190 -0.5717479498943305 0.351212336197726
transition 48 4 852 0.7724194850142487 0.648787663802274
transition 49 0 177 -0.6595083286205556 1.0
transition 49 1 675 -0.04328752612481468 0.2738662928123031
transition 49 1 734 -0.4418712345502549 0.18096959867505438
transition 49 1 473 -0.6947158532161926 0.1154927293152126
transition 49 1 605 0.719748492276227 0.4296713791974299
transition 49 2 611 -0.8761591130082687 0.500565641772242
transition 49 2 747 -0.26992707555952866 0.49943435822775806
transition 49 3 691 -0.21554983005211192 0.013332870200158789
transition 49 3 222 0.9355544246017093 0.561384806726378
transition 49 3 655 0.3353178161707804 0.4252823230734632
transition 49 4 408 -0.4205476713616296 0.2793493044310031
transition 49 4 773 0.23665280330942662 0.3447999010292651
transition 49 4 26 0.22299912260565513 0.18174863908011002
transition 49 4 862 0.13750319317827175 0.14249426648799451
transition 49 4 693 -0.9549692419315132 0.05160788897162733
transition 50 0 277 0.7050417624244563 0.2513271779483709
transition 50 0 764 0.14707512095048103 0.33307872096073426
transition 50 0 737 0.6396965590608958 0.1177887830013941
transition 50 0 36 -0.5226638195839373 0.2978053180895008
transition 50 1 490 0.9329141423484204 0.15009470070932215
transition 50 1 931 -0.5941991622955192 0.08864679698116965
transition 50 1 651 0.7615307070509059 0.08697855967132485
transition 50 1 558 -0.17447588873273223 0.11624480083911375
transition 50 1 736 0.6126700480449729 0.5580351417990695
transition 50 2 821 0.8576902342998227 0.8589979561191652
transition 50 2 563 -0.7358405409033457 0.14100204388083482
transition 50 3 935 -0.2166376657350224 0.18090616229769751
transition 50 3 627 -0.9758690074351155 0.1439730425245333
transition 50 3 289 -0.11895931806365723 0.08172078011287878
transition 50 3 159 0.08072995674636507 0.29105139530882185
transition 50 3 203 0.8179390092932386 0.30234861975606847
transition 50 4 237 0.09498456126530641 0.339458841213569
transition 50 4 433 -0.5517734703365578 0.09281922188253255
transition 50 4 111 0.43643806086772496 0.32865302612331626
transition 50 4 464 0.7861976185796591 0.2390689107805822
transition 51 0 958 0.4041474706147732 0.4245113627211019
transition 51 0 219 -0.507748346409596 0.389514245919663
transition 51 0 732 0.24432870679371144 0.18597439135923502
transition 51 1 694 -0.24689501855720009 1.0
transition 51 2 618 0.752793251275341 0.1755417835461636
transition 51 2 639 0.7147727118569245 0.21102109711938377
transition 51 2 864 0.49691201665671825 0.19322944385331317
transition 51 2 57 -0.09658507239779923 0.19818599983786397
transition 51 2 856 0.30820499493988307 0.2220216756432755
transition 51 3 903 0.7917102459719103 0.32710632211502766
transition 51 3 802 0.314615296597919 0.6728936778849723
transition 51 4 965 0.83188163615929 0.054301442910280086
transition 51 4 6 -0.5225703248778208 0.32708411537063065
transition 51 4 541 0.9392868426999981 0.15820218547634568
transition 51 4 371 0.45068858702114345 0.4124683443503566
transition 51 4 207 -0.11855750691634448 0.04794391189238705
transition 52 0 705 -0.1473163092228389 0.3603004152027499
transition 52 0 89 0.5120826764193593 0.3397062403425347
transition 52 0 542 -0.3224237658433968 0.283365064500223
transition 52 0 448 -0.3121037958924835 0.0166282799544924
transition 52 1 844 -0.9107374614407582 0.02880311489468822
transition 52 1 795 0.7228626317801417 0.16309475550068694
transition 52 1 402 0.011486718478691094 0.46154070728777014
transition 52 1 419 -0.08956792608071629 0.10708679754517059
transition 52 1 598 -0.6829143194695408 0.23947462477168407
transition 52 2 76 -0.6054983923677211 1.0
transition 52 3 640 0.5241584789935649 0.2790046487944753
transition 52 3 645 -0.3968240017670701 0.46162196794492794
transition 52 3 704 -0.0015083423682134 0.2593733832605968
transition 52 4 189 0.4628695012838786 0.6172564241289892
transition 52 4 21 -0.8336185357113661 0.02240273610151093
transition 52 4 747 0.3595108365509396 0.36034083976949993
transition 53 0 502 0.9848990171164631 0.030991819446983867
transition 53 0 142 -0.2848226948004593 0.16153648616083843
transition 53 0 872 0.21237692733695757 0.1810326613397263
transition 53 0 621 0.400052868927127 0.3146897353039598
transition 53 0 318 0.4647736728747176 0.3117492977484916
transition 53 1 874 0.5912162752449504 0.20308974460935
transition 53 1 705 0.025288246901780553 0.3001817243010139
transition 53 1 604 0.30666076606343196 0.04828853750370353
transition 53 1 869 0.31688900446825685 0.326902794708624
transition 53 1 648 -0.8587879728017325 0.12153719887730854
transition 53 2 360 0.5627319938846198 0.01618741608503265
transition 53 2 119 0.07068638969275187 0.29435445148956646
transition 53 2 439 -0.46421486436110104 0.3754412334418854
transition 53 2 76 -0.017168730741177418 0.3140168989835154
transition 53 3 779 -0.14037514970176668 1.0
transition 53 4 896 0.06468966067698978 1.0
transition 54 0 66 0.35111045716799305 0.8223359636817261
transition 54 0 85 0.8155241209305168 0.10245671208598406
transition 54 0 754 0.7402947719543493 0.07520732423228997
transition 54 1 370 -0.6244204757246614 1.0
transition 54 2 347 -0.01608933290170067 0.1860249185376326
transition 54 2 68 0.617987820169541 0.4649396311764541
transition 54 2 76 0.595625468305244 0.03660915600284447
transition 54 2 368 0.8054431188146418 0.3124262942830689
transition 54 3 344 0.9055490690543637 0.19535510293563063
transition 54 3 545 0.14769147601690324 0.3680090744483537
transition 54 3 451 0.2761856797527922 0.4075735662773484
transition 54 3 757 0.21685434439127027 0.029062256338667276
transition 54 4 645 0.5083151614512365 0.25242157236846086
transition 54 4 252 0.6472609697080327 0.3644213594987134
transition 54 4 262 -0.19469912059920547 0.34476949132568124
transition 54 4 514 0.516957956218979 0.03838757680714446
transition 55 0 547 -0.07580969448777641 0.12062963677839324
transition 55 0 278 -0.018572236000649944 0.009799779332373573
transition 55 0 218 -0.6286948253247209 0.5590557015979852
transition 55 0 753 0.8909019488471333 0.29291994898845325
transition 55 0 683 -0.9008491956493467 0.01759493330279465
transition 55 1 957 -0.9362729584452665 1.0
transition 55 2 57 -0.3047096313166009 0.24894309576895354
transition 55 2 510 0.16963254925146964 0.1730556079938986
transition 55 2 313 -0.798191122021582 0.05325541187225413
transition 55 2 550 -0.11196117881979695 0.37590073560845305
transition 55 2 460 0.2008234460357854 0.14884514875644062
transition 55 3 633 -0.2112533324926571 1.0
transition 55 4 488 0.9835495937244172 1.0
transition 56 0 56 -0.36805679205080155 0.2076533719323953
transition 56 0 937 0.9385462583522701 0.246834092372781
transition 56 0 254 0.47709203946078427 0.5455125356948237
transition 56 1 11 0.5216492624816924 1.0
transition 56 2 113 0.24042316892168714 0.23747559825870715
transition 56 2 986 0.6524807088898399 0.1664967462501201
transition 56 2 216 0.6217381755489038 0.2974978894602088
transition 56 2 178 0.534926050841253 0.2357057227044215
transition 56 2 80 0.11673344396031493 0.06282404332654239
transition 56 3 17 0.15233852807274184 0.045509452411238584
transition 56 3 397 0.9591364965639138 0.09202424701090682
transition 56 3 220 -0.4278716215437972 0.8624663005778546
transition 56 4 990 -0.7658831497746925 0.30275855003521607
transition 56 4 236 -0.8448897249003104 0.26338411578619286
transition 56 4 395 0.5990417986933048 0.21144176636041123
transition 56 4 849 0.31824925483854094 0.040986634704169946
transition 56 4 28 0.49168076301583863 0.18142893311400998
transition 57 0 310 0.5702005184911763 0.5184790857696872
transition 57 0 142 -0.6716025831329242 0.4815209142303129
transition 57 1 270 -0.4236600253336704 0.26486094901264984
transition 57 1 938 -0.6935531458301205 0.3590281615353147
transition 57 1 921 -0.15045136340552334 0.1839033843675762
transition 57 1 885 -0.4484908035353796 0.06472840358908154
transition 57 1 12 -0.7873279210433535 0.1274791014953778
transition 57 2 42 0.718642982516104 0.3097332835036838
transition 57 2 247 0.7806216760356488 0.14873258998326336
transition 57 2 316 -0.14049955375645107 0.5415341265130529
transition 57 3 501 0.016322566253062387 0.3552161224609614
transition 57 3 497 0.8118873441469465 0.6447838775390387
transition 57 4 484 -0.9985498183178898 0.09074831824729263
transition 57 4 128 0.5547818644725966 0.9092516817527073
transition 58 0 614 0.8368926678979547 0.07181666162422864
transition 58 0 268 -0.327020924195516 0.275029650681292
transition 58 0 467 -0.2254816526048946 0.21150447967407446
transition 58 0 137 -0.25213831482036264 0.3229775929270247
transition 58 0 687 0.4432221461973278 0.11867161509338015
transition 58 1 91 0.9949107675414426 0.5222952530795744
transition 58 1 917 -0.10522412063402009 0.47770474692042564
transition 58 2 241 0.19426541388946994 1.0
transition 58 3 394 -0.8259000338743085 1.0
transition 58 4 247 -0.7874359994966216 0.5867047063055034
transition 58 4 744 -0.9619954257915757 0.4132952936944965
transition 59 0 990 0.3861078238627931 0.144794755944403
transition 59 0 655 -0.6559591613602227 0.2096079111439196
transition 59 0 314 0.5650021272593484 0.2988979839410515
transition 59 0 333 0.7320484067235407 0.3137403323564305
transition 59 0 485 -0.046786328456511095 0.03295901661419548
transition 59 1 411 -0.38779054307724814 0.20855043519079822
transition 59 1 140 -0.400599466547227 0.013929262816107025
transition 59 1 355 0.574434161233986 0.38355080977821265
transition 59 1 430 -0.8820326298954593 0.3939694922148821
transition 59 2 238 -0.5224111056129772 0.33353130728115693
transition 59 2 719 -0.4686983174981496 0.37431920835247984
transition 59 2 510 0.5335811887654307 0.16556659732174037
transition 59 2 815 -0.18398729608336417 0.12658288704462284
transition 59 3 433 -0.4108728814720004 0.2970736032137354
transition 59 3 273 -0.3146535099745347 0.7029263967862646
transition 59 4 619 -0.9832491507816181 0.14718081038651107
transition 59 4 990 -0.1695357574575631 0.27234641258976866
transition 59 4 483 -0.012645265325483601 0.2181406541338553
transition 59 4 646 0.30225770629034376 0.36233212288986494
transition 60 0 799 0.6047833439554626 1.0
transition 60 1 836 0.5502966015848183 0.2895662417451408
transition 60 1 650 -0.18728816565095197 0.1936612901061097
transition 60 1 606 -0.010031322003200449 0.1424227141656392
transition 60 1 131 -0.6416131475413516 0.3226234189749488
transition 60 1 554 0.3112096193269751 0.05172633500816167
transition 60 2 360 -0.22789342674408064 0.6411539181243414
transition 60 2 600 -0.07839936841458983 0.35884608187565864
transition 60 3 400 0.14401951177260308 0.34888736336849635
transition 60 3 343 -0.4186745184451066 0.15094319351831847
transition 60 3 665 0.32592180962787176 0.06811842192658259
transition 60 3 462 -0.8075776387243945 0.03566520282484413
transition 60 3 486 0.3314060308561222 0.39638581836175846
transition 60 4 428 -0.23498839874254718 0.2974179509295338
transition 60 4 619 -0.8050637719986706 0.2253781138620003
transition 60 4 812 0.23516293906305985 0.3059562289885245
transition 60 4 11 0.4104765163115165 0.17124770621994143
transition 61 0 568 0.8105935656748864 0.15222425357739408
transition 61 0 861 0.672790359798038 0.27430549096215323
transition 61 0 586 0.5149818832694173 0.26190733177895487
transition 61 0 413 0.7949148090644498 0.3115629236814978
transition 61 1 979 0.4393045082922251 0.012086453199372849
transition 61 1 918 -0.24351635846144792 0.30872123254710876
transition 61 1 8 -0.709960290222023 0.1979873954678799
transition 61 1 129 -0.007957524184780906 0.14060057141384302
transition 61 1 54 0.35937592718708666 0.34060434737179546
transition 61 2 240 -0.9310511472067384 0.18176526435879836
transition 61 2 793 0.9148146909969659 0.06820296870363922
transition 61 2 612 -0.01691388498653912 0.4019490156200294
transition 61 2 256 -0.8872426503950199 0.348082751317533
transition 61 3 628 -0.8978716230033796 0.3950082285198947
transition 61 3 356 -0.11811501589401763 0.3793101434746116
transition 61 3 330 0.4573991903416106 0.22568162800549366
transition 61 4 917 0.9830803761288727 0.42980422501486165
transition 61 4 751 -0.38483681211760534 0.5701957749851384
transition 62 0 480 -0.49112310669312653 0.4022832207341152
transition 62 0 489 0.22713657722344038 0.40738809018363525
transition 62 0 168 -0.11182844642069734 0.1795323236325409
transition 62 0 666 -0.1691230545190643 0.01079636544970859
transition 62 1 569 0.9186943823582401 0.5701142897676591
transition 62 1 424 0.3687277357752534 0.429885710232341
transition 62 2 846 -0.014298541301998924 0.1900920840818422
transition 62 2 169 0.30246439092065747 0.8099079159181578
transition 62 3 271 -0.2678734001050249 0.31710225537098724
transition 62 3 687 -0.15748176340263442 0.3606424282454608
transition 62 3 189 -0.13881661763389808 0.22355227376181033
transition 62 3 576 -0.3130028592276999 0.09870304262174165
transition 62 4 6 -0.19241555300262925 0.16138971139244218
transition 62 4 576 0.4646276605283135 0.46729503444536113
transition 62 4 449 -0.3331928747165207 0.3646023716762364
transition 62 4 823 -0.5229696378579669 0.0067128824859602814
transition 63 0 319 0.3292445668112636 1.0
transition 63 1 812 0.6687499833595141 0.7303233988762056
transition 63 1 301 0.7539483556050435 0.029549164385923806
transition 63 1 3 -0.4576739675258952 0.24012743673787068
transition 63 2 320 0.972165550202124 1.0
transition 63 3 954 -0.5019962452533702 0.5095894347209496
transition 63 3 855 0.5283354867649406 0.49041056527905036
transition 63 4 351 0.2632266951387625 0.04266111217094309
transition 63 4 190 0.4500740636793792 0.957338887829057
transition 64 0 788 0.7558887501799951 0.671646981709413
transition 64 0 539 -0.34858476687005724 0.32835301829058705
transition 64 1 457 0.9859504242392014 0.49589274799943256
transition 64 1 391 -0.9215010275824473 0.5041072520005674
transition 64 2 710 -0.09015804275650319 0.3232788427137317
transition 64 2 241 0.5689296780347997 0.11703614169569566
transition 64 2 22 0.4301439156396498 0.3461936658586643
transition 64 2 249 -0.4188658914976322 0.2134913497319084
transition 64 3 512 0.48120715485806453 1.0
transition 64 4 162 0.13104167013228052 0.5645775957007069
transition 64 4 890 -0.4546507386625722 0.35457975468578157
transition 64 4 898 0.33469435490310806 0.0808426496135116
transition 65 0 146 0.8034287744482882 0.09048694855554872
transition 65 0 935 -0.574816464037923 0.18816568901323544
transition 65 0 971 0.7965037700640254 0.23079338909539635
transition 65 0 348 -0.5296033290311233 0.24007362445152622
transition 65 0 132 -0.8500256376445416 0.2504803488842932
transition 65 1 657 0.04943651989267139 0.11547068478814104
transition 65 1 185 0.421180699520745 0.1779392390434141
transition 65 1 263 -0.6251635078024256 0.1680013769563522
transition 65 1 116 -0.8607081163091259 0.18696946357095584
transition 65 1 417 0.5885072495755352 0.35161923564113673
transition 65 2 9 0.7056261658127609 0.6678386243349219
transition 65 2 170 -0.7281547446066543 0.1498403231781408
transition 65 2 104 0.22239508144565545 0.18232105248693728
transition 65 3 605 0.2416659549908764 0.6413653097274883
transition 65 3 637 -0.6915808794854106 0.3409448511811038
transition 65 3 154 -0.8073357325042727 0.017689839091407956
transition 65 4 345 -0.06456484877023239 0.7532933463442172
transition 65 4 67 -0.1210993339992199 0.24670665365578281
transition 66 0 73 -0.9306114659334954 0.04137988368671199
transition 66 0 342 -0.17692168187894874 0.5445541797413939
transition 66 0 128 -0.20694593683531903 0.38125158178592866
transition 66 0 88 -0.22489781150591637 0.03281435478596541
transition 66 1 85 0.02243757576009897 0.23982723159890268
transition 66 1 386 0.5713527645680032 0.23552418049560092
transition 66 1 925 0.5417851391481583 0.10973792063156812
transition 66 1 393 0.2927427554327273 0.05328555153049015
transition 66 1 722 -0.23302022624226781 0.3616251157434382
transition 66 2 297 0.9387915180497781 1.0
transition 66 3 229 -0.448849356702004 0.30405648915859496
transition 66 3 47 -0.41670411712801814 0.0491399215717683
transition 66 3 551 0.17656128604869337 0.31044952898609834
transition 66 3 864 -0.5699561784001252 0.2965683384287194
transition 66 3 944 0.18214173923714072 0.039785721854818934
transition 66 4 478 -0.6934230502151257 0.2959046743465228
transition 66 4 275 -0.29695665710007657 0.12962768431253383
transition 66 4 869 -0.9606357529888665 0.3842279788464054
transition 66 4 875 -0.1100236258445888 0.16704037295557148
transition 66 4 979 0.1921742832277442 0.02319928953896648
transition 67 0 841 -0.2107846616267044 0.2235598254561751
transition 67 0 672 -0.8185191770798046 0.03034111565264432
transition 67 0 407 0.6921849650850698 0.315770736376754
transition 67 0 352 -0.7009641208108006 0.0958149472113798
transition 67 0 602 0.43492529307818795 0.3345133753030467
transition 67 1 878 0.2736116651102245 0.6739045514896993
transition 67 1 913 0.09535914809126389 0.3260954485103006
transition 67 2 576 0.048716868045385775 1.0
transition 67 3 155 0.06300276095252189 0.8443490221470292
transition 67 3 385 -0.25672532390813063 0.15565097785297075
transition 67 4 869 -0.5560322027516276 0.31610036620449594
transition 67 4 845 0.3084985547381134 0.278961035919341
transition 67 4 973 0.9508355281204177 0.00609024884547376
transition 67 4 286 -0.8415865127663285 0.1649176244229234
transition 67 4 839 -0.8637540768092153 0.23393072460776598
transition 68 0 596 0.41597002324470966 1.0
transition 68 1 535 0.5779454374764252 0.4731799211046401
transition 68 1 290 0.443637194074042 0.2675987425723218
transition 68 1 270 -0.34284115067803866 0.25922133632303807
transition 68 2 112 -0.9671738092918927 1.0
transition 68 3 497 -0.8856396753493236 0.0421720764743371
transition 68 3 196 -0.5414404683404219 0.18998794020471774
transition 68 3 294 0.30732517946765725 0.5760002556818681
transition 68 3 824 0.14393443283367224 0.19183972763907708
transition 68 4 352 0.9422421031049448 0.05666662541278719
transition 68 4 325 -0.5698129930369749 0.37584853781360744
transition 68 4 553 0.947956653605907 0.23502112993916544
transition 68 4 882 -0.3576470017953315 0.2739738982245092
transition 68 4 903 -0.6033336932577376 0.0584898086099308
transition 69 0 930 -0.6458433515287512 0.38207977409953103
transition 69 0 543 0.6064602885267425 0.0316331726597763
transition 69 0 683 -0.888165907632694 0.09779282050809855
transition 69 0 142 -0.9555839079022677 0.3026905531863417
transition 69 0 455 0.9327803987564731 0.18580367954625251
transition 69 1 120 0.4583355283743178 0.22571786819622558
transition 69 1 536 -0.9847274553543235 0.23188392257144094
transition 69 1 626 0.8767115309377445 0.18674576293565284
transition 69 1 579 -0.6467809962774196 0.13295633149845462
transition 69 1 938 0.08800676914171635 0.22269611479822599
transition 69 2 77 0.5739436851555675 1.0
transition 69 3 4 0.43056130069708964 0.13128324068926522
transition 69 3 277 0.3363372420982327 0.24299614424348365
transition 69 3 657 -0.5006229911724644 0.10276084746193756
transition 69 3 767 -0.45429384818208707 0.264725688397151
transition 69 3 191 0.019242040111608016 0.2582340792081625
transition 69 4 316 0.03956501468719953 0.665505766393772
transition 69 4 173 0.5672623156435335 0.33449423360622804
transition 70 0 93 0.5238680115521965 1.0
transition 70 1 878 0.39911524143355637 1.0
transition 70 2 564 0.8251212301965323 1.0
transition 70 3 557 -0.8761556391735807 1.0
transition 70 4 116 0.5297862746242095 0.054731325802632354
transition 70 4 647 -0.2857082664025019 0.8239838688101279
transition 70 4 919 -0.5664128788293386 0.12128480538723979
transition 71 0 682 -0.27345567412660676 0.29457484379063903
transition 71 0 121 -0.8053301540674414 0.705425156209361
transition 71 1 855 0.01096851358601203 0.15773425629253351
transition 71 1 818 -0.9510062944661282 0.06711513524558521
transition 71 1 436 0.1708372777733842 0.3905190860418134
transition 71 1 829 -0.048454011846004175 0.3846315224200679
transition 71 2 116 0.5373792112374776 1.0
transition 71 3 994 -0.9174104821334224 0.4955808650712081
transition 71 3 545 -0.35244412880619547 0.5044191349287919
transition 71 4 732 0.47631780654253064 0.4942659565070017
transition 71 4 200 -0.8705938657626417 0.11228534949450797
transition 71 4 201 -0.3244787370108202 0.28739719136549535
transition 71 4 615 -0.18136105727334018 0.1060515026329949
transition 72 0 986 -0.548698549879475 1.0
transition 72 1 902 0.7926410000991311 0.20368725098175341
transition 72 1 698 0.9346618551352834 0.37550620138063867
transition 72 1 383 -0.018335697137324525 0.2526525930235829
transition 72 1 360 -0.42985566261609676 0.16815395461402502
transition 72 2 289 -0.9097527424953666 0.18591903404623952
transition 72 2 684 0.7827751795011004 0.3968926399894248
transition 72 2 990 0.24986747136994802 0.4171883259643356
transition 72 3 823 -0.15009435637628443 0.4399911597808692
transition 72 3 880 -0.2405040367025455 0.22776013335804748
transition 72 3 252 -0.4755776983803197 0.3322487068610833
transition 72 4 444 0.2887339937797264 0.33110389468096735
transition 72 4 536 -0.25484037213548105 0.1773960733179875
transition 72 4 73 0.8562921212630799 0.03969995952601969
transition 72 4 339 0.6918874441089493 0.13627870076329612
transition 72 4 451 0.3866594243444186 0.3155213717117292
transition 73 0 474 0.2107151655359365 0.21799638125010806
transition 73 0 868 -0.30047820622602583 0.5484208910499192
transition 73 0 830 0.2028635192314483 0.23358272769997276
transition 73 1 895 0.42107861282762404 0.5079898933570787
transition 73 1 439 -3.92543154259517e-05 0.4920101066429213
transition 73 2 591 0.6586821763465964 0.3258660032915118
transition 73 2 466 -0.1652836521988288 0.2661551421735165
transition 73 2 868 0.7996626189024754 0.03732077988891866
transition 73 2 837 -0.595858760447376 0.18202386045575716
transition 73 2 677 -0.8864544215798047 0.18863421419029586
transition 73 3 829 -0.29411986070472285 0.11873807324957138
transition 73 3 961 -0.657631734492129 0.3878898893745274
transition 73 3 479 -0.8742653156400062 0.16216691714511358
transition 73 3 816 -0.9345843093004895 0.3312051202307876
transition 73 4 593 -0.12143548998965858 0.03801908384308291
transition 73 4 941 0.5930572645105259 0.503807398789069
transition 73 4 149 0.5604594738000743 0.2993761034436904
transition 73 4 906 0.6542754143306255 0.1587974139241576
transition 74 0 614 0.28013899989929825 0.3042926836402129
transition 74 0 529 0.5373741821581284 0.27085653190136305
transition 74 0 220 0.43394064051548 0.42485078445842395
transition 74 1 339 -0.7319445301154386 0.2748281680058154
transition 74 1 996 -0.38017300668801424 0.2817562199600522
transition 74 1 933 -0.7199557983122398 0.16418093053231395
transition 74 1 80 0.2914408997714517 0.23903660155677062
transition 74 1 882 0.7993957805167695 0.040198079945047864
transition 74 2 898 -0.8807388502038982 0.36086177914989326
transition 74 2 642 -0.08103351310615592 0.3225548689114107
transition 74 2 49 0.3043710291548214 0.1009158959180639
transition 74 2 975 -0.12440151871192007 0.21566745602063223
transition 74 3 567 -0.1266872499108478 0.3707845097796456
transition 74 3 955 0.9302731732836951 0.6292154902203544
transition 74 4 401 -0.05940796515413482 0.5355996940464138
transition 74 4 268 0.49182448537670265 0.06489991797589159
transition 74 4 136 0.8535349675406043 0.39950038797769455
transition 75 0 4 -0.6783000488844386 1.0
transition 75 1 774 -0.6017424962069258 0.2426228900615203
transition 75 1 263 0.2559241076961223 0.2262722681666348
transition 75 1 119 0.6579938336549906 0.22867648502304366
transition 75 1 738 -0.07053723644677357 0.18055763831623947
transition 75 1 182 -0.9595035931422091 0.12187071843256174
transition 75 2 767 -0.6187150522207072 1.0
transition 75 3 736 -0.5911049188161626 0.24507633999756445
transition 75 3 388 -0.8813908327338127 0.3477247856015651
transition 75 3 717 -0.37893912489136583 0.40719887440087055
transition 75 4 298 -0.025001943443616392 0.08200283095160352
transition 75 4 174 0.19750348993554145 0.2985407773014786
transition 75 4 793 0.9013120295051673 0.26665899433152707
transition 75 4 125 -0.35409957925615587 0.3527973974153908
transition 76 0 875 0.17913052762553905 0.7685903608290858
transition 76 0 944 -0.07490522626144869 0.2314096391709142
transition 76 1 46 -0.4829812624000387 0.5290725431489662
transition 76 1 966 -0.9348982550823846 0.4709274568510339
transition 76 2 923 0.7608993541719311 0.2239145678118974
transition 76 2 471 0.7284311850127303 0.18446557730192978
transition 76 2 123 0.9953200469217194 0.1693639576306878
transition 76 2 713 -0.07971893271461639 0.23364166745746784
transition 76 2 752 0.46686925402017954 0.18861422979801723
transition 76 3 780 -0.8572723803853468 0.406554430716185
transition 76 3 350 -0.3408103087615775 0.5934455692838151
transition 76 4 204 0.49833214152665706 1.0
transition 77 0 806 0.10337772161672443 0.14935404554993448
transition 77 0 296 0.02315767567578475 0.5193684401886332
transition 77 0 35 -0.14871281875750086 0.33127751426143237
transition 77 1 592 0.6506043871192642 0.21679858755705145
transition 77 1 106 -0.49934053135941925 0.4332010377126011
transition 77 1 679 0.28971005402817473 0.35000037473034745
transition 77 2 627 0.20255542839082152 0.19815498391926067
transition 77 2 939 0.9308976990128406 0.48292115797660673
transition 77 2 72 0.5545037206433756 0.31892385810413265
transition 77 3 262 -0.7554970658610369 1.0
transition 77 4 815 0.35034007911781906 0.8034492787776882
transition 77 4 526 -0.7081381597657797 0.19655072122231174
transition 78 0 145 -0.29211674403673804 1.0
transition 78 1 517 -0.6791494376891587 0.3218738325745855
transition 78 1 502 0.24332015550936736 0.25119142607754896
transition 78 1 673 -0.2942234483917574 0.37245934468422065
transition 78 1 453 0.00730944384337362 0.05447539666364503
transition 78 2 669 0.8880150741357842 0.5934052057961144
transition 78 2 808 0.8846024399498649 0.40659479420388556
transition 78 3 567 0.1450611154983299 0.2674003249203878
transition 78 3 375 -0.278863106555302 0.3210226025983921
transition 78 3 752 0.2844881194729214 0.2880540116658481
transition 78 3 172 0.8207287508241636 0.08865593900176968
transition 78 3 417 -0.8110343393255184 0.034867121813602346
transition 78 4 162 0.3391672169660067 0.37843208943965073
transition 78 4 993 -0.7097507736849442 0.2428970358947168
transition 78 4 243 -0.30322959033922525 0.15805412364783372
transition 78 4 693 0.9323215725965033 0.22061675101779876
transition 79 0 433 -0.02286912289400278 0.535631742232294
transition 79 0 502 0.7272468249041979 0.46436825776770596
transition 79 1 571 -0.5529739545041379 0.6126565582854601
transition 79 1 261 -0.6372542058041053 0.38734344171453994
transition 79 2 131 0.006383277992624059 0.004907887286730931
transition 79 2 502 -0.5620145703194319 0.42095661387453054
transition 79 2 414 0.8952009102475473 0.15235645315337268
transition 79 2 680 0.8535249367203623 0.011379655971054777
transition 79 2 565 -0.0017715957874202548 0.4103993897143111
transition 79 3 781 0.004741776384956653 0.435579596649433
transition 79 3 315 0.23832324861487697 0.5100784344721374
transition 79 3 413 -0.9591154771544381 0.05434196887842968
transition 79 4 13 -0.27953502689314713 0.28749305110541973
transition 79 4 402 0.20970980843612264 0.26518133245556524
transition 79 4 459 -0.19289557633018495 0.24353553610829073
transition 79 4 159 -0.15475541324353181 0.10555467738645449
transition 79 4 291 -0.5071197044470226 0.09823540294426984
transition 80 0 263 0.5904792650793902 0.3399543596772946
transition 80 0 205 -0.8946194824238922 0.1618102976164387
transition 80 0 427 0.9534713030264659 0.20692958002967707
transition 80 0 787 -0.45379917679413473 0.2913057626765897
transition 80 1 756 0.17495179154929508 0.23534847727162833
transition 80 1 640 -0.34824786492131277 0.2990257099944032
transition 80 1 802 0.5387126508287161 0.3451349813897057
transition 80 1 795 0.7499037986425579 0.12049083134426286
transition 80 2 160 0.14252852970985241 1.0
transition 80 3 994 0.05606962962987416 0.19234970776041505
transition 80 3 773 0.22792203054376592 0.807650292239585
transition 80 4 106 -0.08230743474238889 0.5529672693678751
transition 80 4 884 -0.9700425682217473 0.44703273063212484
transition 81 0 405 0.7698556013547826 0.29648629748431193
transition 81 0 48 0.15388927605872071 0.11928614784547395
transition 81 0 555 0.8867482377224116 0.2082777417947635
transition 81 0 435 0.5208879479834023 0.37594981287545065
transition 81 1 720 0.1286878267273348 1.0
transition 81 2 548 -0.5822823749571613 1.0
transition 81 3 458 0.29702031239715176 0.7687035308521937
transition 81 3 717 -0.7919657043147914 0.2312964691478063
transition 81 4 294 0.09777202904345272 1.0
transition 82 0 595 -0.3445634066623704 0.38744040136849334
transition 82 0 104 0.5342470563831478 0.28764995803813515
transition 82 0 150 -0.48611319685934107 0.3008928417108721
transition 82 0 760 -0.24776398391638255 0.024016798882499458
transition 82 1 389 0.7563244689024402 0.2974085668662122
transition 82 1 909 -0.5630385948246825 0.7025914331337877
transition 82 2 8 0.387876978176092 0.24333306321246656
transition 82 2 107 -0.693118387829389 0.16458255294156376
transition 82 2 583 0.6997219862646982 0.3225659219961342
transition 82 2 0 0.45230123009499135 0.19344160735328916
transition 82 2 586 -0.503956674973054 0.07607685449654619
transition 82 3 943 0.058667452248518215 0.18286592249574768
transition 82 3 268 0.33159082521249084 0.2266934540346926
transition 82 3 237 -0.48590731400253007 0.31433162167252043
transition 82 3 713 -0.37505088466246406 0.27610900179703934
transition 82 4 748 0.6121789244934015 0.07955696123969792
transition 82 4 773 0.37254451820032575 0.5695211385384402
transition 82 4 257 -0.2926457951028123 0.3509219002218618
transition 83 0 845 0.43441099164173336 0.3031664932682839
transition 83 0 621 0.46585219617644524 0.07986886462764105
transition 83 0 967 0.2788769376144862 0.13495605858152196
transition 83 0 671 -0.3315891393492889 0.48200858352255316
transition 83 1 150 -0.7818304013989581 0.3168811126793019
transition 83 1 697 -0.9141673814718794 0.1536380270355449
transition 83 1 478 0.5638699354874508 0.5294808602851532
transition 83 2 244 0.9837986294122074 0.8221516425281609
transition 83 2 765 -0.09993599355611549 0.005079116517825623
transition 83 2 299 0.06221502096805831 0.17276924095401353
transition 83 3 719 0.6470160614010658 0.7029250093714975
transition 83 3 900 0.22412600664390325 0.29707499062850246
transition 83 4 129 0.5810943374907256 0.30960907330117277
transition 83 4 241 -0.6888479918756019 0.31742296037184303
transition 83 4 6 -0.2713540260760803 0.05638006937836934
transition 83 4 729 -0.055998294199925525 0.31658789694861483
transition 84 0 62 0.006314823409116155 0.48731096374831406
transition 84 0 228 -0.5506927790861968 0.512689036251686
transition 84 1 854 -0.05629090881626331 1.0
transition 84 2 625 0.24536496848920875 0.3245878211243909
transition 84 2 421 0.816297462089123 0.23042193172063155
transition 84 2 867 -0.5521362729379782 0.12349135318681245
transition 84 2 110 -0.46148162212807375 0.3214988939681651
transition 84 3 424 0.36090702467655 1.0
transition 84 4 152 0.2977596540748302 0.3584597919940749
transition 84 4 117 -0.7247754393081132 0.19031154646913037
transition 84 4 509 -0.9041804030840748 0.16171203492508548
transition 84 4 418 -0.20037307804546933 0.2895166266117093
transition 85 0 681 0.21641159405806465 1.0
transition 85 1 930 0.25476080096272713 0.40021820441702716
transition 85 1 218 -0.3930956216500481 0.08856530489926492
transition 85 1 887 -0.752451124050703 0.1750883393656335
transition 85 1 592 0.4412129771033053 0.13744112420974233
transition 85 1 149 -0.6393942466026907 0.19868702710833216
transition 85 2 460 0.9628817878771383 0.2961330791296834
transition 85 2 527 -0.9413068802371165 0.018809640192900948
transition 85 2 412 -0.9415997682303197 0.22328504229638174
transition 85 2 497 -0.4105405474374797 0.27207378555080064
transition 85 2 556 -0.4015629324841601 0.18969845283023323
transition 85 3 938 -0.5690832845212566 0.21887492895545058
transition 85 3 413 -0.8249325029037322 0.14603487904893445
transition 85 3 82 -0.8171358504904103 0.15571208669896114
transition 85 3 449 0.812384866206282 0.18970482743203718
transition 85 3 834 -0.4321472692792536 0.2896732778646168
transition 85 4 145 0.941953556017781 0.2805378751200743
transition 85 4 704 -0.28180772427494327 0.26797003141083087
transition 85 4 164 0.47272269155215696 0.2924764593513883
transition 85 4 370 -0.02298741394322734 0.018531777671063475
transition 85 4 493 0.015205928445653605 0.14048385644664305
transition 86 0 116 0.9456759796378147 0.15683777252087502
transition 86 0 226 0.6668710485250142 0.3304119150072712
transition 86 0 977 0.06699570965626722 0.1889898011867817
transition 86 0 266 -0.3748940094138975 0.3237605112850721
transition 86 1 360 0.44621914857427636 0.29154019884216287
transition 86 1 364 0.5400378884527783 0.4126774001545162
transition 86 1 133 -0.44996118217513037 0.2957824010033209
transition 86 2 174 -0.3313451149304518 0.3403181137805376
transition 86 2 871 0.6812730349847149 0.21324958965891416
transition 86 2 524 -0.9450216691608195 0.13011688136904614
transition 86 2 641 0.7109368966685468 0.16421777249835873
transition 86 2 916 0.5528897894882181 0.1520976426931433
transition 86 3 901 -0.6519149400621966 0.118406320987571
transition 86 3 370 -0.02781663727357886 0.3083441539871161
transition 86 3 859 0.9679331273607623 0.31982132111611145
transition 86 3 302 0.6786388640328538 0.15454242012536853
transition 86 3 145 -0.02006521059482047 0.09888578378383285
transition 86 4 969 -0.725905106950923 1.0
transition 87 0 299 -0.5310387577199773 0.08460253215481721
transition 87 0 736 -0.40593575692268447 0.02827498446368512
transition 87 0 335 -0.6874453666745222 0.26816689349323675
transition 87 0 200 0.5905804758770281 0.36902711428214585
transition 87 0 100 -0.9115677155003137 0.24992847560611517
transition 87 1 727 0.13666845416267126 0.14792283751745924
transition 87 1 741 0.9917307178383836 0.29876255979711247
transition 87 1 788 -0.6291720383212878 0.319165385718148
transition 87 1 393 -0.3207086086593267 0.2341492169672804
transition 87 2 881 -0.5767562180077388 0.341640640175049
transition 87 2 731 -0.11626934203801698 0.1575660800965147
transition 87 2 754 -0.1736834422132898 0.5007932797284363
transition 87 3 26 0.9055194966451632 0.0782047965005089
transition 87 3 737 0.49384342392072256 0.23330564446788926
transition 87 3 146 0.9058703726086534 0.06264525762494809
transition 87 3 923 -0.07661073254438455 0.07930515062459983
transition 87 3 242 -0.4494225657987341 0.5465391507820538
transition 87 4 393 0.9506262054011114 0.19317169818315202
transition 87 4 936 0.05444337244992625 0.26249603933711085
transition 87 4 389 0.7022917291838773 0.1498125937765457
transition 87 4 54 -0.324699177057032 0.3945196687031914
transition 88 0 522 -0.633252841422014 0.4704028590797529
transition 88 0 50 0.3099914817240488 0.5295971409202471
transition 88 1 145 -0.8467828531307469 0.41281274667324863
transition 88 1 661 0.41304234213692803 0.05782154392777688
transition 88 1 460 0.5221696453085973 0.5293657093989745
transition 88 2 47 0.22254620156787275 1.0
transition 88 3 244 -0.18859789889460088 0.3318234658709704
transition 88 3 637 0.5590157074800801 0.2298715972912033
transition 88 3 955 0.04462338199247973 0.11854969287357578
transition 88 3 57 -0.8759760397550842 0.17464113718223603
transition 88 3 862 0.8099774673510483 0.14511410678201445
transition 88 4 959 0.2167021426844533 0.12222891301258396
transition 88 4 687 -0.8900222837614706 0.4957377416498166
transition 88 4 579 0.3382930580614205 0.3820333453375994
transition 89 0 269 -0.8229891894559898 0.21593282739578135
transition 89 0 504 0.37984929799405776 0.23925494102304956
transition 89 0 478 0.9552829818958184 0.5448122315811691
transition 89 1 655 -0.12132038399439904 0.267041818463905
transition 89 1 869 -0.4922102428159656 0.2026295152175177
transition 89 1 825 0.8927483455274852 0.31329749745586943
transition 89 1 846 -0.10365897743147245 0.2170311688627078
transition 89 2 873 -0.4931029935750688 0.3488016411000255
transition 89 2 322 -0.39705653453537626 0.09090301097845542
transition 89 2 884 0.9447956819695797 0.2365846303685861
transition 89 2 857 -0.06297551447059924 0.22706359354897881
transition 89 2 710 0.42665200763909295 0.0966471240039542
transition 89 3 963 -0.9824194037128255 0.24963730981489185
transition 89 3 92 0.9056718960657695 0.565626466147216
transition 89 3 670 0.9525005565139926 0.1467391252244574
transition 89 3 806 -0.4288037292750546 0.03799709881343484
transition 89 4 996 0.6372847501742536 1.0
transition 90 0 910 0.31761584635806694 0.15829139155113411
transition 90 0 826 0.2327729857612444 0.28989978703862407
transition 90 0 664 -0.40002595328416635 0.14989212800531238
transition 90 0 500 -0.4656001140385795 0.20641042189691525
transition 90 0 514 0.84865145775491 0.19550627150801428
transition 90 1 559 0.6190083252176093 0.34988572607409013
transition 90 1 317 -0.407054199532642 0.09197342541722252
transition 90 1 987 0.3346894841308672 0.262348065144001
transition 90 1 887 0.5221936397226201 0.12509882888841461
transition 90 1 549 -0.5701007971377252 0.17069395447627173
transition 90 2 382 0.8649988640914663 0.13066060036335167
transition 90 2 518 0.9463842239333784 0.8693393996366483
transition 90 3 297 -0.6178255021866843 0.6020690118329425
transition 90 3 539 -0.7171493773353201 0.035897723291004414
transition 90 3 645 -0.11854404509634908 0.045939475750566866
transition 90 3 650 0.8421780675575057 0.3160937891254863
transition 90 4 551 0.6835950444052818 0.5429423004846264
transition 90 4 681 -0.49925594808693874 0.45705769951537356
transition 91 0 29 0.06186866840996652 0.38543570154373524
transition 91 0 30 0.2974852598517814 0.16321890430763988
transition 91 0 449 -0.46183313564601924 0.2658795123136534
transition 91 0 901 -0.9835377774904686 0.18546588183497145
transition 91 1 626 -0.6307338626548467 1.0
transition 91 2 982 -0.9635352327229711 0.08470371730919103
transition 91 2 435 -0.5516482953381592 0.915296282690809
transition 91 3 500 -0.6299480692295358 0.8155819815999711
transition 91 3 603 0.033527376129393716 0.18441801840002892
transition 91 4 414 0.865644939055844 0.1490315858071283
transition 91 4 888 0.8202113276912435 0.33952033401566134
transition 91 4 26 0.23510886005519782 0.3080897078484251
transition 91 4 413 -0.12256960958762297 0.2033583723287853
transition 92 0 419 -0.18515363245433347 0.21807180389923542
transition 92 0 512 0.8005740767136522 0.3693891288919896
transition 92 0 187 0.6498763321578929 0.27937304828822374
transition 92 0 603 -0.2187117119715145 0.13316601892055116
transition 92 1 970 -0.24381450457423903 0.3173288727453957
transition 92 1 249 -0.9051565856792088 0.34594139853057576
transition 92 1 508 -0.7377411034301717 0.33672972872402857
transition 92 2 416 -0.5004265534387502 0.011482792816376769
transition 92 2 61 -0.99197719800779 0.3572968236130988
transition 92 2 148 -0.5955587458521276 0.31770083101875846
transition 92 2 352 -0.7031865050936912 0.0816381385204816
transition 92 2 827 -0.2782468691733708 0.23188141403128434
transition 92 3 397 0.7424690889783578 1.0
transition 92 4 231 -0.7581498879535449 0.28336925244806943
transition 92 4 507 0.9967104360183792 0.2343578660787704
transition 92 4 983 -0.009243757498695437 0.16485936357081718
transition 92 4 447 -0.2797854099455803 0.17483924214902255
transition 92 4 914 -0.7341611250691955 0.1425742757533204
transition 93 0 641 -0.5153138717852814 0.23934735568390617
transition 93 0 253 0.7571799276155584 0.342415357482364
transition 93 0 727 0.8961026532596073 0.0766642507278443
transition 93 0 564 0.845440012855958 0.07765337208021113
transition 93 0 129 0.6973898068628368 0.2639196640256744
transition 93 1 614 0.4066760663405238 0.22931019336962463
transition 93 1 758 0.22054057242135827 0.19328524909212882
transition 93 1 930 -0.21761003040986915 0.5774045575382466
transition 93 2 681 0.9779939960237478 0.20210607561495372
transition 93 2 624 -0.8989729716657189 0.20351561750074537
transition 93 2 83 0.11780899478762286 0.13159192687135696
transition 93 2 693 -0.604184790506638 0.27689796400259786
transition 93 2 198 -0.1697267142025165 0.18588841601034609
transition 93 3 485 0.16110944753058987 0.2154918654641849
transition 93 3 244 0.8134860018944972 0.24033356730660996
transition 93 3 884 -0.9629952556673256 0.06733843799729672
transition 93 3 635 -0.8095712233046082 0.29084356006049
transition 93 3 384 0.7645014163065063 0.1859925691714184
transition 93 4 145 0.7708582270206104 0.11110345582673746
transition 93 4 550 0.031869804416069236 0.8888965441732626
transition 94 0 198 0.1971052410845835 1.0
transition 94 1 857 -0.725578365374874 1.0
transition 94 2 843 -0.3790317377997996 0.5311702854745762
transition 94 2 60 -0.5572215930081352 0.46882971452542377
transition 94 3 886 0.2555928340719631 0.6720253016501979
transition 94 3 851 -0.7938271343822885 0.32797469834980203
transition 94 4 541 -0.3736644782571885 1.0
transition 95 0 922 -0.09191662381898147 0.19854173305099637
transition 95 0 488 0.3997472256490764 0.5009792253796553
transition 95 0 251 0.2412940704585096 0.30047904156934824
transition 95 1 776 -0.08179869101076243 0.1671397538766638
transition 95 1 719 0.15660296644232208 0.44097941225523096
transition 95 1 500 0.8625995845803307 0.39188083386810524
transition 95 2 119 0.7382480317416797 0.2046837564561369
transition 95 2 706 0.510252323320755 0.22956607819310088
transition 95 2 867 0.20566656917625492 0.3144361667029709
transition 95 2 248 -0.31536586691448165 0.04513744404222128
transition 95 2 925 0.11018374317114543 0.20617655460557
transition 95 3 812 -0.12110195406341706 0.1727636527730029
transition 95 3 175 0.02661498310456145 0.09682048483808804
transition 95 3 270 -0.5054975912411801 0.1288243832369469
transition 95 3 470 -0.5192676628778996 0.2663867945176759
transition 95 3 929 0.4546196281219115 0.3352046846342862
transition 95 4 165 0.1423007174686688 0.2679134454011892
transition 95 4 174 -0.6619924956011973 0.3770241313995277
transition 95 4 280 0.5982950217701977 0.355062423199283
transition 96 0 100 -0.4646769476735144 0.01461414529124987
transition 96 0 829 -0.44313483237905205 0.6314439204594113
transition 96 0 9 -0.19002370500984123 0.3539419342493387
transition 96 1 599 0.6226832037423589 0.03879581891448025
transition 96 1 468 0.0842032530252248 0.5330125334227147
transition 96 1 77 0.2942588347553332 0.22757676311337635
transition 96 1 7 0.6127338935513129 0.20061488454942877
transition 96 2 781 -0.8513888850080866 0.1706777420481213
transition 96 2 575 0.2937682784560418 0.28489307010228454
transition 96 2 333 0.7389452471370934 0.21183189572048805
transition 96 2 476 0.31859458100774196 0.33259729212910616
transition 96 3 574 0.6827921519003457 0.6921744502613957
transition 96 3 294 -0.23523693608164997 0.3078255497386044
transition 96 4 891 -0.4388203388096634 0.8413771332045125
transition 96 4 802 0.26476462400134504 0.15862286679548754
transition 97 0 541 0.44650609141576614 0.35075340785040576
transition 97 0 798 -0.18839173583763946 0.31205417939080105
transition 97 0 956 -0.7743836035415876 0.2952465771848422
transition 97 0 950 -0.4318314591086838 0.041945835573951054
transition 97 1 963 -0.8163298354351167 0.7269766274965064
transition 97 1 218 0.7137709957644993 0.27302337250349357
transition 97 2 400 0.5711228199342462 0.05504412420344708
transition 97 2 888 -0.18664297936931562 0.22582013867496376
transition 97 2 632 -0.295872609618276 0.26505919893278773
transition 97 2 596 -0.6067837661378894 0.21262307256411503
transition 97 2 808 -0.4460641713859186 0.2414534656246864
transition 97 3 340 0.6863742596239457 0.9103169883286837
transition 97 3 644 -0.2738311038427319 0.08968301167131634
transition 97 4 313 0.19225137249483004 0.26345823597479023
transition 97 4 718 0.08423874551398036 0.3678460446780701
transition 97 4 632 -0.005456640771664301 0.2865236596617107
transition 97 4 629 0.7312845452160288 0.08217205968542905
transition 98 0 109 0.9691875434082646 0.10911500318404972
transition 98 0 869 -0.37202322685121003 0.8908849968159502
transition 98 1 348 0.21674954272293556 0.3220740275099598
transition 98 1 155 -0.7851147313718669 0.6779259724900402
transition 98 2 34 -0.67215390357875 0.4876168633542862
transition 98 2 570 -0.19722142436671608 0.11580491358864171
transition 98 2 53 0.5229204099898053 0.39657822305707213
transition 98 3 223 -0.7902092529931333 0.21473321904350315
transition 98 3 464 -0.5878803715243799 0.17089307722393662
transition 98 3 433 -0.5598756527127307 0.6143737037325603
transition 98 4 80 -0.13183609946937191 0.3132124235664002
transition 98 4 153 0.5016990535071135 0.18422609624736186
transition 98 4 252 -0.8678426942367385 0.5025614801862379
transition 99 0 603 0.06779113376441193 0.03339524860881165
transition 99 0 672 -0.9197097593700976 0.19289514771920105
transition 99 0 342 0.6046984799510866 0.16872923029985123
transition 99 0 891 -0.9759516659703922 0.3586617460933772
transition 99 0 328 0.1863580141864345 0.24631862727875886
transition 99 1 752 -0.23603845255915368 0.3478355027491287
transition 99 1 344 0.6146637796189711 0.22059667284089196
transition 99 1 747 0.4557575451326328 0.2033219024943117
transition 99 1 371 0.23940452680590862 0.040090833353472126
transition 99 1 166 0.3598066859769422 0.18815508856219548
transition 99 2 615 -0.14008362097795612 0.40361326995983204
transition 99 2 366 -0.06188627963483584 0.07350943137465774
transition 99 2 817 -0.7333411451927976 0.3050534784425713
transition 99 2 477 0.6614535518217826 0.21782382022293884
transition 99 3 265 0.2909994582049933 0.014337766432251712
transition 99 3 45 -0.21190965350486768 0.2623572340139855
transition 99 3 122 0.1570584691121928 0.0022819933067388925
transition 99 3 744 0.8925037662124291 0.3604453679928685
transition 99 3 895 0.49156519991882197 0.36057763825415534
transition 99 4 554 -0.29501087538430903 0.3150673471147362
transition 99 4 570 -0.7440626354733171 0.2995281431592761
transition 99 4 691 -0.2661275404768668 0.23385634592317536
transition 99 4 749 0.9326038138350723 0.15154816380281222
transition 100 0 342 0.14657072344421773 0.30678594287853744
transition 100 0 252 -0.13325466254263296 0.36278109745918846
transition 100 0 993 0.5804934367571897 0.10918948565029818
transition 100 0 308 0.550808328621585 0.22124347401197583
transition 100 1 66 0.1277123461875016 0.3045207119337148
transition 100 1 75 0.3550149448763409 0.1625509448798244
transition 100 1 609 0.4652432953755925 0.4132111505201833
transition 100 1 218 -0.9060772688668088 0.11971719266627745
transition 100 2 687 0.9620428550072222 0.3791774865602061
transition 100 2 6 -0.7864888940648627 0.6208225134397939
transition 100 3 692 0.44267304149743514 1.0
transition 100 4 993 0.33902836947995274 1.0
transition 101 0 775 0.44926413831715584 0.010858034648632381
transition 101 0 148 0.26929612526475344 0.9891419653513677
transition 101 1 140 0.6525528874264359 0.24060257829129894
transition 101 1 253 -0.8207370042634794 0.7593974217087011
transition 101 2 563 0.4910683964448188 0.08256152160933813
transition 101 2 773 0.3768012388624147 0.3527651554041534
transition 101 2 296 -0.70408610304565 0.5646733229865085
transition 101 3 69 -0.8325647377603558 0.07296883314470036
transition 101 3 818 0.16819497718687115 0.2254956644341793
transition 101 3 661 -0.3714840066090046 0.34493470903559953
transition 101 3 580 -0.548979060214337 0.3566007933855208
transition 101 4 618 0.9649991110518044 0.16677897162616645
transition 101 4 610 0.23127578808871108 0.1444271538747235
transition 101 4 199 0.9851316648838939 0.39875390601577476
transition 101 4 121 0.7803944853089995 0.2900399684833354
transition 102 0 216 0.45876473212695057 0.2068681340132257
transition 102 0 220 -0.950826564710183 0.43590802437859333
transition 102 0 661 0.41659039008127463 0.35722384160818094
transition 102 1 791 0.45865866205291494 0.23505675280492952
transition 102 1 507 -0.3633116067774267 0.21544684699813496
transition 102 1 576 0.5884744202378132 0.218514846380557
transition 102 1 747 -0.21302558692377915 0.10145331172021578
transition 102 1 593 -0.3093785819465813 0.22952824209616277
transition 102 2 857 -0.9578973334102268 0.28563722157478816
transition 102 2 579 0.33345196648598185 0.19437519330378872
transition 102 2 622 -0.8940994292119564 0.16809220581782464
transition 102 2 316 -0.9806613937704145 0.19712825409235915
transition 102 2 409 -0.42904467390129075 0.1547671252112394
transition 102 3 3 0.5237746550175639 0.27749908190992767
transition 102 3 776 0.4045658159258141 0.10526614731351434
transition 102 3 128 0.056286863560408795 0.44292926329240695
transition 102 3 807 -0.8877476202626657 0.17430550748415102
transition 102 4 819 0.4773782266412667 0.07235503460319571
transition 102 4 923 -0.3408274037181296 0.6310107709739194
transition 102 4 211 0.006561961526969418 0.17836430342446616
transition 102 4 250 0.33827747209392856 0.11826989099841871
transition 103 0 574 -0.003089054057174856 0.4334001881059319
transition 103 0 830 0.7321135771457175 0.32898227505203653
transition 103 0 840 0.035801046423959315 0.23761753684203166
transition 103 1 966 -0.878555673403532 1.0
transition 103 2 327 0.06017427985139112 0.6873513569696283
transition 103 2 304 -0.2212787312576745 0.31264864303037165
transition 103 3 951 0.7219952340309159 0.3445822863196929
transition 103 3 884 -0.784852884426533 0.31911773722025416
transition 103 3 266 -0.5605397108238714 0.33629997646005283
transition 103 4 959 -0.07656419550840776 0.275227932932471
transition 103 4 487 0.7716792521526208 0.10331755694839442
transition 103 4 812 0.27593088461283544 0.28017589695720563
transition 103 4 712 -0.3594775787532112 0.09660091139730428
transition 103 4 564 -0.6111472303791232 0.24467770176462464
transition 104 0 485 -0.15791617315700912 0.17322752075709444
transition 104 0 240 0.411265958582834 0.040724051334357234
transition 104 0 377 0.047257515087544055 0.134504508238349
transition 104 0 812 0.8392075024242116 0.24206932836725714
transition 104 0 549 -0.9595891341713143 0.40947459130294217
transition 104 1 922 -0.01360220059094086 1.0
transition 104 2 943 0.9987029862486598 0.4147829532985246
transition 104 2 714 -0.4608001044655614 0.015008310108402399
transition 104 2 646 0.7933374110655 0.36969636571411146
transition 104 2 294 -0.15511949170824346 0.20051237087896157
transition 104 3 507 -0.67511382309972 0.1637478339632938
transition 104 3 657 0.3002943253683916 0.11650846981009955
transition 104 3 927 -0.10362715299063141 0.01494031024382229
transition 104 3 384 -0.4877008907341478 0.7048033859827844
transition 104 4 185 -0.02761171857186051 0.5293672729354794
transition 104 4 814 0.8390149021792264 0.47063272706452075
transition 105 0 409 -0.5835992174197282 0.4947520542814854
transition 105 0 884 -0.7548993351773263 0.34507008448180604
transition 105 0 746 0.3740530088399332 0.16017786123670869
transition 105 1 85 -0.003969965169382972 0.3016960647346565
transition 105 1 871 -0.9743213931647028 0.1939472483682676
transition 105 1 287 -0.2908746150510182 0.26338082999214935
transition 105 1 33 0.4360107505952502 0.07881714690298325
transition 105 1 943 -0.17811824811968968 0.1621587100019433
transition 105 2 850 0.7613250415660684 0.10358178339925055
transition 105 2 974 -0.13948244555490708 0.32759519176681295
transition 105 2 439 -0.35360594567607606 0.10088828022782766
transition 105 2 615 0.5590852323376181 0.31700269260211333
transition 105 2 720 0.6672551856096514 0.15093205200399548
transition 105 3 967 0.35858053069141826 0.19629339331527393
transition 105 3 370 -0.6707035972213558 0.160305123346288
transition 105 3 106 -0.6090043646138927 0.2433100711542001
transition 105 3 172 -0.10058532858052827 0.007745541326596362
transition 105 3 985 -0.13126481493396702 0.3923458708576416
transition 105 4 222 -0.6803119726258626 0.12126122672140063
transition 105 4 74 -0.5184006226831364 0.8787387732785994
transition 106 0 793 0.23242769299214472 0.3837617259584936
transition 106 0 261 -0.04679126667936728 0.6162382740415064
transition 106 1 955 -0.49435021454173933 0.3104287670169595
transition 106 1 682 0.6341201482519618 0.6895712329830406
transition 106 2 917 0.007371347207534518 0.47494164663265775
transition 106 2 359 0.19266800381780058 0.3162394176217988
transition 106 2 468 0.340077370413844 0.2088189357455435
transition 106 3 938 0.057792421434411656 1.0
transition 106 4 717 -0.6015176026987348 0.10853799008429015
transition 106 4 139 -0.6162559415833033 0.5105838688530215
transition 106 4 552 -0.932576904541947 0.38087814106268847
transition 107 0 272 0.9487487160067556 0.29224404744758
transition 107 0 879 -0.20665753106709928 0.06478274941556307
transition 107 0 891 0.43141577552299104 0.21327276460394579
transition 107 0 151 -0.97681288574336 0.23265607489473744
transition 107 0 533 0.5080157317983809 0.1970443636381737
transition 107 1 885 -0.6977731473975135 0.20764127640093716
transition 107 1 485 -0.8299737601929769 0.3487712802424007
transition 107 1 343 0.5022498337417058 0.4435874433566621
transition 107 2 334 0.3050970266219115 0.6927652604511039
transition 107 2 991 -0.43130237988382647 0.0223306866701734
transition 107 2 120 -0.31421461423207564 0.2849040528787229
transition 107 3 377 0.04052246730462494 0.12828750558493396
transition 107 3 660 -0.3718854842710959 0.1729528013545068
transition 107 3 667 -0.9265046032999644 0.18417798772847402
transition 107 3 366 0.9418127870518198 0.5145817053320851
transition 107 4 597 0.2186448562121599 0.4540181612347555
transition 107 4 137 0.6266331257683257 0.24392612533721084
transition 107 4 418 -0.8543160153986327 0.06301893821342062
transition 107 4 24 -0.23973173379372437 0.23903677521461308
transition 108 0 277 0.7782850266983836 0.28052499718412344
transition 108 0 437 0.21168228644479758 0.07340790791905422
transition 108 0 770 -0.8692293291765252 0.26057067452529675
transition 108 0 594 0.6918717366574969 0.18005425189345156
transition 108 0 202 0.013253503671446731 0.20544216847807398
transition 108 1 156 -0.5515666550170253 1.0
transition 108 2 888 -0.48073919168531165 0.0213265491278718
transition 108 2 352 0.2989439627227357 0.9786734508721282
transition 108 3 292 -0.8942655239577142 0.4204138987784868
transition 108 3 790 0.7840552754076437 0.08146384467564119
transition 108 3 547 0.968819529378161 0.20375210398445553
transition 108 3 877 -0.16015439437784806 0.29437015256141646
transition 108 4 382 -0.08013410520912534 1.0
transition 109 0 177 -0.025913445768199317 0.5029861569293606
transition 109 0 17 0.5751218467317236 0.49701384307063945
transition 109 1 8 -0.0747932536456728 0.4700799613873897
transition 109 1 471 0.8397102903301723 0.26914189261611815
transition 109 1 145 -0.08624839558658137 0.26077814599649213
transition 109 2 743 -0.16425794016414508 0.2911537332021226
transition 109 2 578 -0.42843286550873305 0.1665261117725621
transition 109 2 475 0.4546876644754472 0.04826844655429553
transition 109 2 77 0.9776773462278028 0.3770825971563674
transition 109 2 164 0.7985674100241322 0.11696911131465249
transition 109 3 914 -0.12861522068564835 0.4630096605079067
transition 109 3 702 -0.5559489224246073 0.5010956080587926
transition 109 3 238 -0.15501643217591488 0.03589473143330064
transition 109 4 271 0.33403684260274535 0.4020558262102903
transition 109 4 899 0.6454135800360026 0.11274464962505983
transition 109 4 611 -0.6479143836879957 0.08037329888208575
transition 109 4 464 0.4387372301612744 0.22171277478270146
transition 109 4 483 0.9385414881911087 0.18311345049986272
transition 110 0 602 0.6756672666969075 0.46165965951263443
transition 110 0 819 -0.12027657208259956 0.5383403404873656
transition 110 1 346 0.017661685027567042 0.42810417423638764
transition 110 1 313 -0.4424687741132376 0.5718958257636124
transition 110 2 339 -0.3325561775305983 0.378287362616143
transition 110 2 990 0.9613759738628251 0.21372552054489202
transition 110 2 918 -0.45324489488790287 0.37795024775798797
transition 110 2 450 0.7964411433404357 0.011736712513005098
transition 110 2 52 0.024162298845905816 0.018300156567971897
transition 110 3 218 0.07465139734409765 0.7370247105052072
transition 110 3 678 0.4392656380153066 0.015519242433871181
transition 110 3 651 0.30493629186667404 0.22851756922675107
transition 110 3 779 0.37303507126239066 0.01893847783417053
transition 110 4 817 0.8936639631724945 0.10940374899196423
transition 110 4 641 0.8315119612158814 0.1414640868272899
transition 110 4 691 -0.6315915245677115 0.19356807125011247
transition 110 4 589 -0.3819856546251075 0.13191875895377572
transition 110 4 271 0.8578131627559336 0.4236453339768577
transition 111 0 346 -0.6757895994863039 1.0
transition 111 1 140 -0.3939183491300906 0.03457704007409956
transition 111 1 239 0.5153109438552135 0.9654229599259004
transition 111 2 308 0.145779040511949 0.3886538286912676
transition 111 2 566 0.8270579399623359 0.6113461713087325
transition 111 3 369 -0.3149258195930478 0.817016564801464
transition 111 3 605 0.2592899403932687 0.18298343519853585
transition 111 4 221 0.7027110462881587 0.1427742880115485
transition 111 4 358 -0.5666414804648698 0.2826713100199506
transition 111 4 266 0.3632328135224143 0.4013882620147184
transition 111 4 742 -0.25709535667311667 0.17316613995378255
transition 112 0 984 -0.189131439582352 0.30608004199109
transition 112 0 845 0.9829376882653176 0.14571011089627836
transition 112 0 889 -0.5490657351247363 0.2525183656048022
transition 112 0 635 0.9106547965608756 0.004160032306419114
transition 112 0 838 -0.7719844215149982 0.29153144920141033
transition 112 1 491 -0.9490097727014635 0.6644477167508921
transition 112 1 457 0.48713615604544236 0.33555228324910785
transition 112 2 131 -0.7946808174098072 1.0
transition 112 3 582 -0.4703800231710624 0.27122574779278347
transition 112 3 860 0.4868293601953244 0.5298539760641638
transition 112 3 137 0.21433167284379873 0.19892027614305266
transition 112 4 708 -0.43360901437212607 0.7047783327824954
transition 112 4 81 -0.7872760124607603 0.2952216672175046
transition 113 0 358 0.7883713187691728 0.02533310095446997
transition 113 0 195 0.5361876381261073 0.43984569304046583
transition 113 0 541 -0.2653610948485168 0.15700077649360725
transition 113 0 801 -0.6964754211929398 0.2977387233135956
transition 113 0 184 0.41291459997313873 0.08008170619786148
transition 113 1 451 0.7276828429729716 1.0
transition 113 2 698 -0.7327063533428757 0.20599542894339545
transition 113 2 327 -0.21819220981163623 0.18580570361244308
transition 113 2 289 0.2554188298911362 0.18253184540976033
transition 113 2 706 -0.4190352450326962 0.24636182753513006
transition 113 2 991 -0.4837344654526494 0.17930519449927101
transition 113 3 680 0.3628625811063795 0.3381313438740064
transition 113 3 360 -0.7520348397647569 0.36092503405955967
transition 113 3 880 0.7900980818887686 0.30094362206643405
transition 113 4 739 0.3747992910512876 0.3833098480770712
transition 113 4 495 0.1653572333640616 0.6166901519229289
transition 114 0 693 -0.3812183519374994 1.0
transition 114 1 434 -0.007829028494521495 0.32998813283251516
transition 114 1 775 0.42432520968329435 0.241486634589479
transition 114 1 744 -0.06969320990337047 0.4285252325780058
transition 114 2 253 -0.10076514634286626 1.0
transition 114 3 550 0.9253859244182137 1.0
transition 114 4 681 -0.41146615206328985 1.0
transition 115 0 619 0.6075404594227038 0.3738700163112026
transition 115 0 770 -0.16119680869366748 0.5778870170824651
transition 115 0 665 0.4456486649282605 0.04824296660633233
transition 115 1 309 0.4007468446210021 0.7120296531325101
transition 115 1 155 -0.2270684276502235 0.2879703468674898
transition 115 2 794 0.0842172949471216 0.42752235806031347
transition 115 2 616 -0.6635687778905524 0.1609095901808793
transition 115 2 654 0.7683788554682818 0.4115680517588072
transition 115 3 209 0.8302084782982688 0.5202705008446747
transition 115 3 942 0.5614562906411189 0.34326024751145817
transition 115 3 821 -0.7005747137369391 0.13646925164386706
transition 115 4 972 0.44020407451189025 0.23249548938340728
transition 115 4 572 -0.170493654555399 0.24523688754045836
transition 115 4 212 0.4345567243390076 0.26365990069845274
transition 115 4 876 0.718034241068185 0.2586077223776816
transition 116 0 772 0.09569331327935493 0.0943704949157903
transition 116 0 851 0.959857871310017 0.758593690542326
transition 116 0 897 0.29685353180398066 0.1470358145418838
transition 116 1 141 -0.33051821124978087 0.0065361417380881
transition 116 1 526 0.39764228323557416 0.9934638582619119
transition 116 2 326 -0.7005093826614539 0.19134800309998096
transition 116 2 691 -0.1193761444981487 0.08366782302331956
transition 116 2 562 -0.8743238980785444 0.336358811367301
transition 116 2 107 0.4726277735945008 0.38862536250939844
transition 116 3 952 -0.5375338100412257 0.39862295970237527
transition 116 3 327 -0.21572035666411038 0.6013770402976247
transition 116 4 157 0.4255317068995639 0.33073227672346117
transition 116 4 206 -0.7562966909201101 0.2336550269265046
transition 116 4 921 -0.8486633490114575 0.1415128743146617
transition 116 4 733 -0.4478980325455959 0.29409982203537255
transition 117 0 733 0.9656028950287658 0.31252463060202723
transition 117 0 300 0.4268103261309333 0.21574458824496529
transition 117 0 38 -0.4061429068540774 0.47096357679890355
transition 117 0 892 -0.5918191078344908 0.0007672043541039945
transition 117 1 49 0.6467927121539152 0.5984120973499245
transition 117 1 379 0.6345578253632278 0.40158790265007543
transition 117 2 788 -0.5335865901802146 0.769265381981104
transition 117 2 901 0.312639220257225 0.23073461801889608
transition 117 3 263 -0.22244063007038228 0.46268089401724827
transition 117 3 678 0.9735434384683208 0.5373191059827518
transition 117 4 329 0.5153399739078337 0.1620682047252981
transition 117 4 972 -0.3358028805033306 0.34753327683935076
transition 117 4 456 0.7979823500172427 0.49039851843535126
transition 118 0 788 0.7138232911685303 0.053582070429572054
transition 118 0 747 0.7908859581005296 0.28099702205893556
transition 118 0 805 -0.10497914866124147 0.6654209075114924
transition 118 1 980 0.6561408265680131 0.4125726977299656
transition 118 1 962 0.8278795875116198 0.16335282332924805
transition 118 1 805 0.2563612493950922 0.1184936670076301
transition 118 1 741 -0.6643745195734794 0.30558081193315634
transition 118 2 565 -0.42187872648173275 0.3162469576845182
transition 118 2 426 0.9580759523200053 0.5419149742455942
transition 118 2 768 0.4785368099413818 0.035459294741337286
transition 118 2 350 0.7933715437751088 0.10637877332855016
transition 118 3 679 0.46600143864390664 0.36297057968547464
transition 118 3 147 0.6171891012266124 0.0269992005927823
transition 118 3 23 -0.8009122845272283 0.18034424186213746
transition 118 3 167 0.6894538738919402 0.384320508239995
transition 118 3 800 0.2862603638126351 0.04536546961961062
transition 118 4 622 -0.965596248724742 0.467540430331185
transition 118 4 92 0.876458065163106 0.010224769498008233
transition 118 4 517 0.4181494373100503 0.10046530325278134
transition 118 4 388 0.4237402302444828 0.42176949691802545
transition 119 0 512 0.2994727777447732 0.4664634169733736
transition 119 0 345 -0.6568169460370763 0.15319260406164814
transition 119 0 724 -0.5480342483258753 0.38034397896497824
transition 119 1 891 0.03595090939756851 0.3541887393323235
transition 119 1 489 -0.8757852074162855 0.1667041582338952
transition 119 1 200 -0.8177521863421662 0.18155005413630435
transition 119 1 653 -0.4210872916016206 0.26991871923321004
transition 119 1 777 0.3709323222870995 0.027638329064266956
transition 119 2 118 0.8529534322061716 1.0
transition 119 3 867 0.2026788211130235 0.24140761215031345
transition 119 3 416 0.7508366169433838 0.7585923878496865
transition 119 4 747 -0.30272163618142534 1.0
transition 120 0 78 -0.523361942804069 0.13426641843441756
transition 120 0 765 -0.5745113514760216 0.3147669894154019
transition 120 0 350 -0.5519317597646587 0.48570120796794747
transition 120 0 211 0.3072562546065143 0.06526538418223314
transition 120 1 212 0.7333168325741175 1.0
transition 120 2 162 0.7168371922973211 0.27503090319771745
transition 120 2 122 -0.4943779077413972 0.30862765350049115
transition 120 2 642 -0.20249012982365167 0.08087129829664987
transition 120 2 709 -0.5652018562103791 0.1291797723569338
transition 120 2 192 0.8869124939221171 0.20629037264820782
transition 120 3 639 0.2994477887026339 0.35831790831716304
transition 120 3 121 -0.5956512834714502 0.27656069353983526
transition 120 3 532 -0.02539372514986682 0.36512139814300176
transition 120 4 971 -0.21604407916415047 0.3508443510899338
transition 120 4 652 -0.5412074825497097 0.3880693423028798
transition 120 4 308 -0.25946861677647526 0.24870432884626062
transition 120 4 598 0.9070162505580832 0.012381977760925863
transition 121 0 969 0.2737553889199238 0.5979726912994131
transition 121 0 855 -0.7274866746128865 0.40202730870058695
transition 121 1 808 0.9063706442312438 0.220391140591262
transition 121 1 407 0.29448859927961 0.14764177000372508
transition 121 1 77 -0.7739912528722335 0.253432476778386
transition 121 1 882 -0.8321361604831525 0.09519981713205863
transition 121 1 52 -0.9586063347980716 0.2833347954945683
transition 121 2 617 -0.3625342740742017 1.0
transition 121 3 55 0.4384481103740234 1.0
transition 121 4 645 -0.667590711649402 0.2210108301744106
transition 121 4 958 0.9450734779384269 0.7789891698255894
transition 122 0 763 0.8108685723181779 0.2552792266893248
transition 122 0 301 -0.773940426633458 0.2762107099950257
transition 122 0 710 0.8285874642520858 0.13403512155106903
transition 122 0 193 0.8938235031524178 0.3344749417645804
transition 122 1 439 -0.5103275013107502 1.0
transition 122 2 560 0.7694580728219889 0.20953665990747253
transition 122 2 22 0.4731381713478049 0.3618851199401291
transition 122 2 382 -0.8265855806633347 0.4285782201523983
transition 122 3 810 0.9828078511110885 1.0
transition 122 4 199 0.7753685434820834 1.0
transition 123 0 409 0.16665317084164277 0.23934852453351796
transition 123 0 626 -0.3655998881416347 0.2857434856880973
transition 123 0 974 0.7112734711101287 0.20831214743318635
transition 123 0 510 -0.14845344097316793 0.26659584234519834
transition 123 1 995 -0.8646102277793248 1.0
transition 123 2 96 -0.7358465894783297 0.3222388888661846
transition 123 2 964 -0.2287695732044619 0.28863507661479704
transition 123 2 835 -0.358347320854163 0.13459730171001627
transition 123 2 272 0.01496269619059487 0.254528732809002
transition 123 3 388 -0.13704583975597595 0.5917470064197361
transition 123 3 367 0.14517673747198523 0.40825299358026385
transition 123 4 538 -0.10911788962560554 0.01642846818945326
transition 123 4 53 -0.0017214717169498073 0.3793626987520085
transition 123 4 475 -0.6738543575350182 0.1539522657869252
transition 123 4 526 -0.3213853086201033 0.45025656727161306
transition 124 0 769 -0.5606932215634726 1.0
transition 124 1 846 -0.19874706203679016 0.19244225022713965
transition 124 1 398 0.857365753271792 0.4485668944557396
transition 124 1 339 -0.19272486312874082 0.22538234468715973
transition 124 1 429 0.5424920389248713 0.11623836455855183
transition 124 1 687 -0.12781005025742087 0.017370146071409277
transition 124 2 339 0.6057815234096628 0.33894180105676536
transition 124 2 116 0.08903290218567816 0.46786192776551966
transition 124 2 198 -0.48131905918985196 0.07922016541849458
transition 124 2 802 0.6209829587736377 0.1139761057592205
transition 124 3 147 -0.6647675562226696 1.0
transition 124 4 732 0.32441572930641893 1.0
transition 125 0 558 0.5390571692673556 0.04184893910997907
transition 125 0 441 0.30070304713571083 0.5808221731355068
transition 125 0 881 -0.3846304523409694 0.2622574677783971
transition 125 0 48 0.3435241163814797 0.11507141997611715
transition 125 1 499 -0.6034509709014215 0.11443949541391224
transition 125 1 373 -0.2386941380407248 0.4855274181569519
transition 125 1 638 0.774852405463982 0.40003308642913593
transition 125 2 737 0.7932642208777829 0.16818644386467585
transition 125 2 731 0.37873787732911546 0.18437668024863965
transition 125 2 914 0.8591359282204283 0.1868417331533955
transition 125 2 898 0.29541974526722914 0.24004009958074785
transition 125 2 654 0.2878449515013659 0.22055504315254115
transition 125 3 294 0.5337739430158801 0.1651099756189706
transition 125 3 973 -0.643161967934406 0.059998105626205465
transition 125 3 203 -0.28724212516048286 0.3905786776783015
transition 125 3 167 -0.5292264801601063 0.28379770981278385
transition 125 3 546 -0.13601261593902314 0.10051553126373855
transition 125 4 17 -0.20435269011519352 0.9530669238029312
transition 125 4 68 0.11748383866552192 0.04693307619706875
transition 126 0 929 0.11099078760287684 0.23310140957699912
transition 126 0 919 -0.30725486050471584 0.3223664129666759
transition 126 0 365 -0.014876346598936996 0.444532177456325
transition 126 1 47 -0.5441773577076701 1.0
transition 126 2 425 -0.14155569316784988 0.6652514535863464
transition 126 2 549 0.5532978774649338 0.21663225590220805
transition 126 2 13 -0.21654384273316984 0.11811629051144548
transition 126 3 687 0.7783112062942263 0.510026978756382
transition 126 3 426 0.11987526472335541 0.1692484777035576
transition 126 3 414 -0.9149022241842142 0.32072454354006047
transition 126 4 366 -0.23569985116612124 0.5415909775159127
transition 126 4 342 0.9006110221772652 0.4584090224840873
transition 127 0 925 0.30380139028307207 0.5731228149916037
transition 127 0 191 0.5276841379005537 0.2073982567273236
transition 127 0 683 -0.9362901488185462 0.21947892828107277
transition 127 1 679 -0.8539800280228749 0.4011530533700466
transition 127 1 448 -0.2007534220487901 0.4209769867346492
transition 127 1 464 -0.9181757239463186 0.17786995989530424
transition 127 2 420 0.6017707783087756 0.2860498815795284
transition 127 2 699 0.6682695694771643 0.31235499062148686
transition 127 2 714 0.23529731446654267 0.17054399285687938
transition 127 2 330 -0.5601063700336733 0.025270849879634155
transition 127 2 805 0.9436095422344319 0.20578028506247123
transition 127 3 485 0.15894144263962517 0.3702189194896041
transition 127 3 994 0.46456290635301745 0.28080622653032006
transition 127 3 726 0.3552705291000078 0.3489748539800759
transition 127 4 953 -0.7371205758915902 0.3534692122600896
transition 127 4 439 0.6731747618217159 0.6465307877399104
transition 128 0 544 -0.21820678799146465 0.2559237789667339
transition 128 0 940 -0.791431171334265 0.16459630456033328
transition 128 0 680 0.524766440722003 0.27756998971473673
transition 128 0 728 0.9060629419621307 0.17042377904098033
transition 128 0 942 -0.0186636317638762 0.1314861477172157
transition 128 1 712 -0.7451293388944906 0.1804570390439955
transition 128 1 936 0.15753853734937606 0.8195429609560045
transition 128 2 153 -0.1728298637937502 0.6170148476821726
transition 128 2 228 -0.9393397735747915 0.03506225005062413
transition 128 2 297 0.8949965524656787 0.3479229022672032
transition 128 3 979 -0.0810853158893996 0.5222969493788603
transition 128 3 115 0.03630900417542504 0.2112228340679095
transition 128 3 645 0.34784503298988856 0.2664802165532302
transition 128 4 399 0.6989111123370868 0.2825904032942549
transition 128 4 891 0.21570208140566227 0.48051272439496573
transition 128 4 650 0.4810272287966584 0.07782332933252521
transition 128 4 851 0.6120949770345636 0.005669391638226577
transition 128 4 719 0.3656786024187997 0.15340415134002766
transition 129 0 959 0.21831592605494876 0.2946757436035306
transition 129 0 917 0.08602912487140624 0.16095502876821538
transition 129 0 614 -0.7700286908252241 0.11072214070883754
transition 129 0 42 -0.9686322146535296 0.15419547845516055
transition 129 0 209 -0.9138931044952376 0.27945160846425604
transition 129 1 907 0.7927089257947817 1.0
transition 129 2 290 0.7345045018275218 0.07316141349064892
transition 129 2 133 0.4144494268451868 0.8285459008393503
transition 129 2 196 0.0970298691886422 0.0982926856700008
transition 129 3 362 0.44149389835914277 0.17958731877260997
transition 129 3 176 -0.8168181292279284 0.3134433468158523
transition 129 3 858 -0.4883989841445291 0.018440792179973534
transition 129 3 34 0.2870616437836395 0.3881038236548576
transition 129 3 451 -0.31085018152334687 0.10042471857670655
transition 129 4 703 -0.0860968924446659 1.0
transition 130 0 740 -0.32949308779963316 0.14005740617582693
transition 130 0 336 0.5358157263459409 0.8485183591902704
transition 130 0 760 0.8805306102525117 0.011424234633902706
transition 130 1 353 0.8868621968751462 0.07841305872708848
transition 130 1 519 -0.629617010319591 0.09039523176434422
transition 130 1 11 0.03452975211860343 0.22421305628296098
transition 130 1 371 0.4528865609153181 0.30165497691153154
transition 130 1 112 0.9304643978914937 0.30532367631407475
transition 130 2 666 -0.683461189420798 1.0
transition 130 3 99 0.9206961574415924 0.5460833355597211
transition 130 3 532 0.8390527162552228 0.4539166644402789
transition 130 4 288 -0.44069154434952607 1.0
transition 131 0 596 -0.2489960217259779 0.25665868975247874
transition 131 0 842 -0.8418395581873017 0.3327434336482293
transition 131 0 863 0.15790701525600048 0.060234470830064675
transition 131 0 632 0.08148845902055557 0.2656783778681465
transition 131 0 946 -0.6547870801813194 0.0846850279010808
transition 131 1 683 0.9357107262658033 0.1149044332430879
transition 131 1 919 -0.5973435611568276 0.06847281034433127
transition 131 1 921 -0.7722901522205412 0.3980559240657294
transition 131 1 923 -0.44915981551751716 0.3961932387052671
transition 131 1 346 -0.3699612862755892 0.022373593641584363
transition 131 2 830 -0.8933896998178332 1.0
transition 131 3 91 -0.623798630788513 0.35289837284206427
transition 131 3 720 -0.21002513814723467 0.1536759362999155
transition 131 3 94 -0.40564842659975553 0.4515262006429962
transition 131 3 719 0.3956471173298084 0.04189949021502396
transition 131 4 844 -0.6466292517048151 0.22055048525090643
transition 131 4 629 -0.14971677172753495 0.5319534471408784
transition 131 4 783 -0.26733342634046964 0.011361811632040756
transition 131 4 85 -0.6141910863929383 0.23613425597617427
transition 132 0 849 -0.29241750202631245 0.3048662349200129
transition 132 0 893 0.21158775220014392 0.3954235736498608
transition 132 0 479 0.786052886708994 0.2507196441822176
transition 132 0 558 -0.14299690243862195 0.04899054724790871
transition 132 1 634 0.9696007329704168 0.17575701118835665
transition 132 1 624 0.6939210775378655 0.007265344041463564
transition 132 1 654 -0.6840085630210126 0.3713699202379915
transition 132 1 836 0.3504767509890938 0.129711304650602
transition 132 1 400 0.41917121989668327 0.3158964198815864
transition 132 2 982 0.9508362476145731 1.0
transition 132 3 189 0.7133284325465381 0.5658195109306491
transition 132 3 446 0.33588692061455605 0.21327549924120187
transition 132 3 610 0.5161856224098056 0.22090498982814913
transition 132 4 930 -0.45725969863268556 1.0
transition 133 0 245 -0.00107605052246873 0.33862869382843974
transition 133 0 743 -0.7874854876725736 0.1561644926367217
transition 133 0 524 0.09805749233232941 0.4246640807318828
transition 133 0 86 -0.3825618846903145 0.08054273280295582
transition 133 1 402 -0.7489417674510941 0.11280719811413713
transition 133 1 137 -0.7948421493156794 0.22860121415149295
transition 133 1 397 0.14043651445996397 0.2720702293499946
transition 133 1 108 -0.47706414547309484 0.3110586341505107
transition 133 1 513 -0.7691017455102485 0.07546272423386462
transition 133 2 574 0.31301862192702967 0.06432030102051957
transition 133 2 592 0.47743388118691765 0.31419972724897083
transition 133 2 635 -0.7031423782110608 0.11679555451040473
transition 133 2 369 0.8544010377109932 0.016840999936454333
transition 133 2 669 -0.23401423366616703 0.4878434172836506
transition 133 3 285 -0.6510529678856058 0.947594586475436
transition 133 3 875 0.9881880074835154 0.05240541352456398
transition 133 4 731 0.26322370414447294 0.149444869781356
transition 133 4 351 -0.9878686715275458 0.3292504832908558
transition 133 4 45 0.08302532004920482 0.3355970351330856
transition 133 4 301 0.25825300061259915 0.18570761179470258
transition 134 0 824 0.9412481807672162 0.2521797089346432
transition 134 0 216 -0.9317458607111813 0.26273517056801277
transition 134 0 545 0.42764587001221144 0.029061198633394545
transition 134 0 786 0.7556721039130854 0.45602392186394936
transition 134 1 162 0.19828655934140005 0.13799244750947381
transition 134 1 903 -0.2269223887376559 0.15658063034916703
transition 134 1 872 0.10819587864051172 0.11066787849944311
transition 134 1 656 -0.9159086872197086 0.24111722735534513
transition 134 1 430 -0.1768276712274699 0.35364181628657093
transition 134 2 922 0.9160169458660479 0.15530718474141567
transition 134 2 601 -0.30629562591880344 0.31914981316477675
transition 134 2 960 -0.8027639669916151 0.15100665159676313
transition 134 2 361 -0.8987888933293688 0.08454119065262548
transition 134 2 974 0.39668888521730095 0.2899951598444189
transition 134 3 727 0.9355591454129104 1.0
transition 134 4 320 -0.473248058856522 0.41092347902392035
transition 134 4 177 -0.9873635131851966 0.19876561823933875
transition 134 4 24 0.633618118185048 0.32933782755516144
transition 134 4 66 0.9221538717377926 0.06097307518157941
transition 135 0 244 0.052178368974330924 0.40931977444738277
transition 135 0 776 0.5365743394262457 0.40809343293861167
transition 135 0 603 -0.132653816584964 0.09849309523995094
transition 135 0 724 0.4572518417328555 0.08409369737405467
transition 135 1 645 0.7608510774256503 0.6402299866217769
transition 135 1 623 -0.055693112979166015 0.013068195245392775
transition 135 1 291 0.06196219377155998 0.34670181813283035
transition 135 2 272 -0.051419306815137844 1.0
transition 135 3 502 -0.19008858368478032 0.2819706647441158
transition 135 3 503 -0.41818448885508785 0.22013157149656867
transition 135 3 576 -0.4273849480178271 0.49789776375931566
transition 135 4 514 0.015763796982563916 1.0
transition 136 0 92 0.5670541059201366 0.47216441488781313
transition 136 0 345 0.781287479896879 0.12996597499189413
transition 136 0 336 0.9368335254283364 0.2757875734804666
transition 136 0 759 0.13083874853225508 0.07312741993103702
transition 136 0 691 -0.8940803774072239 0.04895461670878917
transition 136 1 524 0.9674592869150995 1.0
transition 136 2 750 -0.3938719242932087 1.0
transition 136 3 133 -0.33311882107380275 0.23050257169172986
transition 136 3 702 0.4034820702528812 0.3743854067073827
transition 136 3 998 -0.17061043404663234 0.30555629433637665
transition 136 3 429 0.8792775238675654 0.08955572726451075
transition 136 4 383 -0.23536056762645918 0.31461728765193453
transition 136 4 94 0.47029392512943513 0.32026192863081376
transition 136 4 681 0.7797295634413901 0.36512078371725176
transition 137 0 22 -0.9307891764479099 0.1478476479108307
transition 137 0 219 -0.3575394648599699 0.8521523520891693
transition 137 1 293 0.28161561166288074 0.22926576356156325
transition 137 1 114 0.796488769317655 0.16909836197277608
transition 137 1 19 0.8909212979669601 0.2974936057878529
transition 137 1 270 0.25004624745898285 0.11303064989017535
transition 137 1 208 0.81227412119552 0.19111161878763244
transition 137 2 999 -0.17604609942298288 0.22732596758404258
transition 137 2 461 -0.28667625244075134 0.26600392362852954
transition 137 2 38 -0.3460565420082269 0.5066701087874279
transition 137 3 341 0.8759115341345276 0.09889846391648065
transition 137 3 453 -0.39159692387996214 0.19312662872290443
transition 137 3 156 0.5893406787134463 0.20843544317630955
transition 137 3 225 -0.13789981542070007 0.49953946418430534
transition 137 4 93 0.46324702164361886 0.538863400565641
transition 137 4 621 -0.4010728241289394 0.3724727909502985
transition 137 4 718 -0.2509893883712495 0.07255419394185289
transition 137 4 872 0.37410940813876814 0.016109614542207672
transition 138 0 978 -0.3182599037619558 0.6397438646624514
transition 138 0 97 -0.8058949401183702 0.36025613533754863
transition 138 1 394 0.6046326148619512 0.42452674156177467
transition 138 1 971 -0.7808083597418893 0.2815710641333945
transition 138 1 710 0.35642437226309265 0.2939021943048308
transition 138 2 130 0.34986078610363647 1.0
transition 138 3 324 -0.07811722829058088 1.0
transition 138 4 2 -0.8659250864261152 0.25053476223620874
transition 138 4 574 0.83812385703972 0.4945122520269618
transition 138 4 704 0.5795906153698027 0.10084890986175478
transition 138 4 284 0.2115210698861354 0.1541040758750747
transition 139 0 342 -0.5300353926886019 0.31593267960937627
transition 139 0 357 0.24433692713341815 0.6840673203906237
transition 139 1 951 0.6990238283434074 0.4034365099784597
transition 139 1 910 0.8141577912216265 0.5965634900215404
transition 139 2 849 -0.7689573275250248 1.0
transition 139 3 338 -0.994541535714732 0.4259077824040645
transition 139 3 580 -0.588110427017466 0.04981950225327763
transition 139 3 766 -0.730687758227464 0.5242727153426578
transition 139 4 65 0.3893495589495479 0.5938506611362206
transition 139 4 115 -0.9232319823265631 0.23095266910938267
transition 139 4 765 0.8949269917089395 0.1751966697543967
transition 140 0 264 -0.20995216017040663 0.07452078920508887
transition 140 0 80 -0.027984638234463066 0.07407723644324134
transition 140 0 921 0.4471824125539752 0.2120950979804521
transition 140 0 394 -0.18066226455467782 0.26157769581348705
transition 140 0 899 0.26655509545203104 0.3777291805577307
transition 140 1 153 0.5383067069362577 0.32586514958562407
transition 140 1 367 -0.8188816339522824 0.3722521995957031
transition 140 1 788 0.42581312528205584 0.3018826508186729
transition 140 2 368 -0.47277886305196426 1.0
transition 140 3 950 -0.35668260961409115 0.24719635192350511
transition 140 3 307 0.11709692343561806 0.38676809404865925
transition 140 3 408 0.6644710114548518 0.3660355540278356
transition 140 4 643 0.4364494049158181 0.0559118166176397
transition 140 4 602 0.7504099767338461 0.630823285916096
transition 140 4 190 -0.6384378904259524 0.3132648974662643
transition 141 0 984 0.0605692652920955 1.0
transition 141 1 892 0.03855334401096511 0.7194720584655817
transition 141 1 507 0.14282114703506932 0.16323709123963812
transition 141 1 148 0.6136773050643296 0.1172908502947802
transition 141 2 283 -0.6757633183843237 0.20698394409645407
transition 141 2 82 -0.5303880816481057 0.2562974293613482
transition 141 2 508 -0.8589278679586201 0.16105530531975024
transition 141 2 337 -0.2970979635095006 0.30030728882619645
transition 141 2 843 -0.35136754570992834 0.07535603239625109
transition 141 3 351 0.4987485949459667 1.0
transition 141 4 545 -0.8920148466538298 0.3135629717569955
transition 141 4 426 -0.9134456118280361 0.28126665580358057
transition 141 4 387 -0.27413274449959113 0.40517037243942394
transition 142 0 541 0.6763845480849648 1.0
transition 142 1 587 0.9689591411555514 1.0
transition 142 2 487 -0.26064632298270407 0.8272896310983439
transition 142 2 277 -0.38081319621527765 0.17271036890165614
transition 142 3 902 0.0855706097650486 0.9587306553199043
transition 142 3 696 0.32496092157429035 0.04126934468009573
transition 142 4 829 0.9567424519980143 1.0
transition 143 0 642 -0.2321758972872714 0.1741478135692697
transition 143 0 717 -0.9587691817228519 0.3516077839326275
transition 143 0 882 -0.12501206818524002 0.05698144490092454
transition 143 0 770 -0.4553420552852163 0.02537483698669592
transition 143 0 996 -0.19938995227156076 0.3918881206104823
transition 143 1 894 -0.33798245990684794 0.8083246098592028
transition 143 1 327 0.8974536036341896 0.19167539014079718
transition 143 2 457 0.25675769654576164 0.1539846009144355
transition 143 2 163 -0.5154767914796707 0.2041224318981604
transition 143 2 727 -0.8693548944524006 0.24395916884410412
transition 143 2 921 -0.7697497077617743 0.17966417606996207
transition 143 2 503 0.42861605686207693 0.2182696222733379
transition 143 3 947 -0.47685757093625636 0.12975677426368878
transition 143 3 823 -0.2566813037986395 0.018821690381421625
transition 143 3 190 0.23027313115462267 0.43240161834316704
transition 143 3 873 -0.46543118292455543 0.3743409260128398
transition 143 3 737 -0.4041232115280078 0.04467899099888278
transition 143 4 387 0.3076107427674706 0.298152397774976
transition 143 4 677 0.8493193543903312 0.15804775996773704
transition 143 4 140 0.5096345852191613 0.3823154185722602
transition 143 4 868 0.40362003068606067 0.16148442368502675
transition 144 0 756 -0.8807065774310159 0.18888061061263162
transition 144 0 356 0.42773904048682576 0.3406029219934487
transition 144 0 316 0.2898471250960446 0.04495018757101202
transition 144 0 48 0.7624236674323301 0.20252449596236122
transition 144 0 755 0.4584813738264417 0.2230417838605464
transition 144 1 47 0.5782403555087268 0.2461121548821479
transition 144 1 996 -0.16113904478915853 0.15418311901584064
transition 144 1 581 -0.6335235992710964 0.21358391018782816
transition 144 1 275 -0.6850520275447185 0.2357817219755402
transition 144 1 640 0.9639094870959384 0.15033909393864314
transition 144 2 324 -0.581379106687647 0.529102547285541
transition 144 2 318 0.2543516459312867 0.470897452714459
transition 144 3 263 -0.6250356664740495 0.3690910808957124
transition 144 3 634 -0.42704017408696826 0.25360822041565534
transition 144 3 911 -0.20845367255483382 0.20822332546718725
transition 144 3 199 0.8983403319422754 0.08593978291090555
transition 144 3 619 -0.17494044798889985 0.0831375903105395
transition 144 4 196 -0.10951239456129414 0.2871280723543045
transition 144 4 475 -0.3056480975610427 0.27398231765189046
transition 144 4 654 0.38968804379266775 0.10606743700867531
transition 144 4 489 0.615821952867758 0.044177104801215915
transition 144 4 378 -0.5310329258862359 0.2886450681839139
transition 145 0 74 0.1688742846011051 0.015902661318173843
transition 145 0 200 0.3645651347831007 0.3279903418672132
transition 145 0 911 0.5295660340063677 0.026979541250933728
transition 145 0 318 -0.11098403190282546 0.3054406567983091
transition 145 0 713 0.9489860683825551 0.32368679876537004
transition 145 1 996 -0.29657903863709967 0.37918964629496105
transition 145 1 797 0.8685572856036803 0.2506371326844723
transition 145 1 365 -0.7672064685252846 0.23110531744950763
transition 145 1 999 0.19772644843719656 0.13906790357105908
transition 145 2 400 -0.19218752981152143 0.29624482930000984
transition 145 2 743 0.5839335681042124 0.4597996284033244
transition 145 2 423 -0.6890797569161986 0.24395554229666577
transition 145 3 316 0.024071889531105617 0.23032959239763942
transition 145 3 676 0.17255407857656624 0.3483074487193031
transition 145 3 188 -0.8412181478572143 0.42136295888305747
transition 145 4 782 0.6907637253658245 0.07690476341568352
transition 145 4 828 -0.4379468315718791 0.02947252084156553
transition 145 4 790 0.6702027633984025 0.5201960628346937
transition 145 4 272 0.5735535174731767 0.3734266529080574
transition 146 0 619 -0.910917084459969 0.4429547534279513
transition 146 0 283 0.2720077998745163 0.20421737041862545
transition 146 0 688 -0.33966420571968503 0.35282787615342326
transition 146 1 448 0.9296737946978644 1.0
transition 146 2 270 0.1018568484574407 0.07986084321179802
transition 146 2 363 -0.25511401912709575 0.26738298455299214
transition 146 2 918 0.9390631785619907 0.3538735466088474
transition 146 2 912 0.007998514417930203 0.2988826256263624
transition 146 3 950 -0.8894969988244958 0.06834032688773034
transition 146 3 700 0.06805208941198271 0.08710953742718028
transition 146 3 16 0.14063506358207034 0.1759333954489615
transition 146 3 117 0.4682470558443115 0.21048018755859965
transition 146 3 54 -0.0070018688093942405 0.45813655267752823
transition 146 4 560 -0.28523728040991125 0.20472594699171884
transition 146 4 495 -0.806257358139997 0.3041391737457966
transition 146 4 163 0.9477985082496849 0.19747679123095524
transition 146 4 11 -0.7237184671940433 0.2642997570665096
transition 146 4 520 -0.9627866553472078 0.029358330965019788
transition 147 0 257 -0.5677333992632483 0.14272285101704185
transition 147 0 720 -0.18901170027971204 0.7352884700171458
transition 147 0 733 0.6201273301794064 0.12198867896581238
transition 147 1 354 -0.0022114371838952707 0.2807594177437891
transition 147 1 421 0.17639846528467507 0.0999757359468176
transition 147 1 914 0.7497502905949012 0.14895253232792963
transition 147 1 482 0.5920081121246101 0.4703123139814636
transition 147 2 836 0.8930591622706021 1.0
transition 147 3 760 0.7357247211017204 0.0494654973265618
transition 147 3 514 0.575979708611805 0.47013330862633057
transition 147 3 924 -0.4367504676197762 0.4220948905218296
transition 147 3 132 0.8534996959021439 0.05830630352527804
transition 147 4 397 0.5784770896676978 0.341930728899722
transition 147 4 972 -0.8711720161803094 0.658069271100278
transition 148 0 52 -0.3397626491199206 0.16182494555898
transition 148 0 84 0.9387843408602339 0.23078593490665794
transition 148 0 883 0.04833436594746843 0.18518667508277184
transition 148 0 414 0.17529721475451132 0.4222024444515901
transition 148 1 860 -0.15843238038153773 0.19851999881971985
transition 148 1 17 -0.8710368249003886 0.34599843929364266
transition 148 1 874 0.00832326208976375 0.015111062138469347
transition 148 1 146 0.8690704179171942 0.14766461145278414
transition 148 1 101 -0.260872952810731 0.292705888295384
transition 148 2 0 0.17619204935890553 1.0
transition 148 3 839 0.5832897578586371 0.20263010666065953
transition 148 3 73 0.5641553829152961 0.38701034216210234
transition 148 3 448 0.05061835189047992 0.41035955117723816
transition 148 4 381 0.07841272804312172 0.2730613816899562
transition 148 4 559 0.391799318576735 0.4800659372246718
transition 148 4 911 -0.12126793247227718 0.246872681085372
transition 149 0 522 -0.36204239135641214 1.0
transition 149 1 166 -0.4015336953446549 0.09049167343473019
transition 149 1 563 0.54377327562804 0.9095083265652698
transition 149 2 438 0.2987194607120365 0.454996158617287
transition 149 2 406 -0.2372885340423092 0.4278156530356535
transition 149 2 411 0.7253287433577615 0.11718818834705953
transition 149 3 976 0.5938422867987827 1.0
transition 149 4 150 -0.5660960538485644 0.20603691390655535
transition 149 4 113 0.10682546366807788 0.1505031925666056
transition 149 4 745 -0.7011540628220312 0.39945633032064043
transition 149 4 93 0.8790529612961906 0.21094748447701966
transition 149 4 199 -0.21008107325047942 0.03305607872917902
transition 150 0 386 0.46972241130339 0.056334199702518684
transition 150 0 988 0.5606032189157182 0.3319394007357245
transition 150 0 749 -0.032804577505337384 0.24859304208020488
transition 150 0 221 0.33445077146301516 0.23322935129739356
transition 150 0 12 -0.40271256928183297 0.12990400618415837
transition 150 1 782 -0.8216284288101434 0.13327576725445459
transition 150 1 203 0.596138300474671 0.34485208970778236
transition 150 1 765 -0.6174185184005039 0.521872143037763
transition 150 2 295 0.9521184392676156 0.40464007739206365
transition 150 2 891 -0.5450451594406669 0.5953599226079365
transition 150 3 717 -0.5563809907394435 1.0
transition 150 4 442 0.7108601959146745 0.529418189022918
transition 150 4 553 0.3644950430877183 0.16253039832435623
transition 150 4 882 0.33822394246648746 0.3080514126527258
transition 151 0 166 0.6205240733520601 1.0
transition 151 1 655 0.6258711048809407 0.7045956203999375
transition 151 1 682 -0.8311966932921719 0.2954043796000625
transition 151 2 18 -0.14803926824047764 0.08937184335811262
transition 151 2 501 -0.6632775741825554 0.33843852197925356
transition 151 2 71 -0.007282468513893692 0.5721896346626338
transition 151 3 761 0.003076572527310528 0.44788753092124167
transition 151 3 493 0.4825117376239314 0.03855828977636705
transition 151 3 737 -0.08585866341733972 0.5135541793023913
transition 151 4 586 -0.36499213975627054 0.331499519246487
transition 151 4 46 0.5006905472828049 0.6685004807535131
transition 152 0 240 -0.5347770500127389 0.0425278074796272
transition 152 0 697 -0.7808560654821872 0.9574721925203729
transition 152 1 978 0.9572913682086461 0.6780658505035131
transition 152 1 691 0.7335192828980863 0.3219341494964868
transition 152 2 951 0.9008507079043382 0.35095380546714583
transition 152 2 188 0.5560346574477497 0.6490461945328542
transition 152 3 413 0.29953799381347856 0.520190680487253
transition 152 3 490 -0.8151388253972283 0.47980931951274697
transition 152 4 227 0.7950702513410575 0.3222181236782439
transition 152 4 134 0.8222715629139354 0.6777818763217561
transition 153 0 58 -0.5099358403027425 1.0
transition 153 1 605 -0.6328154126109848 0.28494078829681163
transition 153 1 400 -0.988753169657822 0.3601688745829982
transition 153 1 287 -0.7388863256984779 0.3548903371201902
transition 153 2 644 0.3672393007979968 0.3962618648965041
transition 153 2 203 -0.5815356786526258 0.009232228238006466
transition 153 2 649 0.6665407998581647 0.18833962829210757
transition 153 2 397 0.23812650006447078 0.40616627857338194
transition 153 3 174 -0.5913134076759599 0.4331972651046366
transition 153 3 408 -0.6575289696091813 0.5668027348953635
transition 153 4 123 0.8297838611647066 0.2857351818014501
transition 153 4 384 -0.28083077204590046 0.12201457524044321
transition 153 4 379 0.4925930342444351 0.5672822812955385
transition 153 4 119 -0.9615831251351834 0.0249679616625682
transition 154 0 769 0.1803789280336212 0.20246479627793082
transition 154 0 408 0.6625269264293707 0.35548273623628407
transition 154 0 200 0.9282369570818838 0.04154458693066498
transition 154 0 684 -0.32557286760817883 0.04640730324953202
transition 154 0 221 -0.02520903861701096 0.35410057730558814
transition 154 1 854 -0.891367077085232 0.1695586139635047
transition 154 1 337 -0.09501612298020379 0.1318557037094409
transition 154 1 169 0.33534033649896555 0.16334874291262302
transition 154 1 930 0.43025825281963925 0.26789724287009287
transition 154 1 443 0.641163463987829 0.2673396965443385
transition 154 2 372 0.9867754135217015 1.0
transition 154 3 985 -0.22214470405834286 0.18971033344091384
transition 154 3 617 0.13831609387866584 0.33792947996629435
transition 154 3 701 0.19685433661250462 0.07430098433467483
transition 154 3 969 0.10760305991530639 0.28513273672423634
transition 154 3 675 0.6407136970843843 0.11292646553388051
transition 154 4 23 0.47939182937622404 0.12737898039284282
transition 154 4 409 0.49852408786681623 0.8726210196071572
transition 155 0 855 0.7399039907437757 1.0
transition 155 1 885 -0.2961168682601789 0.26557624232501986
transition 155 1 992 0.3628883431481589 0.2752100733288559
transition 155 1 259 0.3422668642515736 0.09290845902971412
transition 155 1 266 -0.6374933932018196 0.3663052253164101
transition 155 2 570 0.5074564917795186 0.2801576058564609
transition 155 2 414 -0.16524808977818206 0.7198423941435391
transition 155 3 264 0.9477187473045487 0.15516209527779554
transition 155 3 220 -0.6398119589867206 0.5115061518688538
transition 155 3 865 0.009642048838117256 0.3333317528533506
transition 155 4 904 -0.32920187876374607 1.0
transition 156 0 248 -0.7931200955284754 0.02932168162210555
transition 156 0 347 -0.42652220953453135 0.35719179863529277
transition 156 0 357 0.13380592012454007 0.16681880848824446
transition 156 0 137 -0.5721705498408232 0.4466677112543572
transition 156 1 715 0.6164458450729353 1.0
transition 156 2 231 -0.8177496680869645 0.24865716753719053
transition 156 2 830 0.13558299245513883 0.11645838950956533
transition 156 2 334 -0.16532542253550986 0.09067056340066162
transition 156 2 610 0.17166734392381167 0.21369489365046707
transition 156 2 47 0.1824269104137306 0.3305189859021155
transition 156 3 721 -0.6118521797128866 0.36228579472137856
transition 156 3 633 -0.3063209643493441 0.6377142052786213
transition 156 4 274 0.14168918883527826 0.3216387509187573
transition 156 4 181 -0.41902092297771154 0.6783612490812427
transition 157 0 918 -0.07666211046133142 0.6396167088697855
transition 157 0 864 -0.5733217935314716 0.3603832911302145
transition 157 1 519 -0.4068968311750427 1.0
transition 157 2 542 0.00724957658362535 1.0
transition 157 3 962 0.8616981114524136 0.15168354783503182
transition 157 3 839 0.15425667780539154 0.3220770720225917
transition 157 3 193 0.05046211827921443 0.5262393801423765
transition 157 4 582 -0.8132834627203513 0.3895850973894006
transition 157 4 422 0.502519497334756 0.6104149026105995
transition 158 0 709 0.9277311872291685 1.0
transition 158 1 970 0.2692308762732927 0.06313411157885064
transition 158 1 885 0.07854354305526567 0.43291516736911867
transition 158 1 250 0.4716731631407336 0.1786030096891761
transition 158 1 995 0.6704308203674245 0.08283016297469678
transition 158 1 462 0.4566311516117676 0.2425175483881577
transition 158 2 348 0.32447205940318313 0.40753857501282054
transition 158 2 462 0.25476926131612077 0.03979824379106622
transition 158 2 954 0.6478160089548903 0.5526631811961132
transition 158 3 211 -0.17465249193932864 0.4179314210527218
transition 158 3 720 -0.22794710986377908 0.11632926607546124
transition 158 3 368 0.7650053151477538 0.25722657304668894
transition 158 3 426 -0.9151977494251251 0.2085127398251281
transition 158 4 971 0.11720633543446124 0.3673371780255516
transition 158 4 353 -0.22152210132741645 0.6326628219744485
transition 159 0 554 -0.007867627214797057 0.11858805400727493
transition 159 0 953 0.028862307627315342 0.2049015720296262
transition 159 0 6 -0.7301154599580286 0.2976547002327351
transition 159 0 671 -0.23689300936351398 0.3788556737303638
transition 159 1 224 -0.4522816393818314 0.01926163262654221
transition 159 1 507 0.3410428222480526 0.05036237271012517
transition 159 1 166 0.8626860568088712 0.9303759946633327
transition 159 2 156 -0.7921669113606917 0.14048041998509975
transition 159 2 776 0.4998407162225251 0.8595195800149003
transition 159 3 643 -0.928530724879163 1.0
transition 159 4 694 -0.8698844874355944 0.0647145732593017
transition 159 4 34 -0.8757012706498539 0.2891284544966791
transition 159 4 227 0.5485790118069147 0.6461569722440192
transition 160 0 54 -0.5553528808775101 1.0
transition 160 1 575 -0.9569588352943939 0.3903851747499766
transition 160 1 347 0.7588817771530627 0.058371964539006296
transition 160 1 837 -0.35984766478531705 0.1246397403871405
transition 160 1 537 -0.9812538489751925 0.23588294275578636
transition 160 1 781 -0.17002125790375744 0.1907201775680903
transition 160 2 870 -0.8116222977653267 0.886677563962019
transition 160 2 252 0.0023060257895897163 0.11332243603798096
transition 160 3 576 -0.22832212909122407 0.6121840035184917
transition 160 3 443 0.6174761754948228 0.38781599648150833
transition 160 4 11 -0.7237175700463252 1.0
transition 161 0 292 0.5146630337144724 0.294562743010706
transition 161 0 167 0.8134263408793325 0.10838898882969801
transition 161 0 108 -0.2576091478268223 0.0008286653458091868
transition 161 0 205 0.26567469389706444 0.5962196028137868
transition 161 1 404 -0.2618722952324435 0.7615935555481511
transition 161 1 335 -0.4600826781042111 0.23840644445184891
transition 161 2 941 -0.6686275136779019 0.016689761036281066
transition 161 2 492 -0.801993438798627 0.367462842888307
transition 161 2 708 0.06421919654107588 0.264289685572298
transition 161 2 550 0.5417063170812606 0.3515577105031139
transition 161 3 793 -0.5691715345205894 1.0
transition 161 4 56 -0.6634860883713476 0.3234221437273274
transition 161 4 328 0.8852426383304135 0.27115642725402617
transition 161 4 309 -0.4230284871161232 0.3173136757155079
transition 161 4 678 -0.13671139055142745 0.08810775330313862
transition 162 0 108 0.8792052643233024 0.13007405446717454
transition 162 0 796 -0.870973685926379 0.33951333396659944
transition 162 0 580 0.3105078498846203 0.24966920480720647
transition 162 0 385 0.432795920392965 0.2552509615172042
transition 162 0 911 0.44639758535776863 0.025492445241815334
transition 162 1 860 0.3164793220380697 0.936741248483856
transition 162 1 729 0.2556955596831536 0.06325875151614405
transition 162 2 951 -0.3920645660489399 0.3611072832650438
transition 162 2 454 -0.42897688787120924 0.30709565197733973
transition 162 2 864 -0.9874639824782308 0.14171562470530297
transition 162 2 31 -0.9148057311561872 0.1900814400523135
transition 162 3 106 0.9198520694444716 0.2956351610986807
transition 162 3 398 -0.10428028436722747 0.7043648389013194
transition 162 4 762 -0.3191307976396818 1.0
transition 163 0 74 0.7569286168728049 0.22473580989338013
transition 163 0 469 -0.15278010979272194 0.4236360643986149
transition 163 0 693 -0.9607886874067892 0.35162812570800495
transition 163 1 677 -0.5659223514963572 0.8146296018991953
transition 163 1 885 0.7708519166205576 0.18537039810080475
transition 163 2 949 0.7194547774854867 1.0
transition 163 3 744 0.494291332896438 0.20853629893537592
transition 163 3 784 -0.5199807171523854 0.3373759535839955
transition 163 3 945 0.7856761169616506 0.31754743686742354
transition 163 3 673 0.8980853272143163 0.13654031061320504
transition 163 4 696 0.16209368270029656 0.24180658933933236
transition 163 4 765 0.3088386531589966 0.24623627720486696
transition 163 4 187 0.48575440269060777 0.21173968710886992
transition 163 4 931 0.9770984007414412 0.14359514224517625
transition 163 4 98 0.04498756837060758 0.15662230410175448
transition 164 0 125 0.20091148043695628 1.0
transition 164 1 715 0.07940250089266754 1.0
transition 164 2 533 0.5845145270367706 0.9086767076392392
transition 164 2 836 -0.8689232056285738 0.09132329236076073
transition 164 3 477 -0.01850123967510009 0.31654588345436446
transition 164 3 72 0.5965717586416428 0.37110582568932293
transition 164 3 637 0.5682842498743395 0.09588994318598673
transition 164 3 974 -0.943799011293246 0.21645834767032596
transition 164 4 196 0.5178334259575508 0.1702883618888203
transition 164 4 231 0.1929586008798989 0.14992496738686048
transition 164 4 551 -0.5228503474471606 0.17429187055867876
transition 164 4 475 0.0882701627344693 0.5054948001656404
transition 165 0 283 -0.7768113432983212 1.0
transition 165 1 132 -0.846139271913507 1.0
transition 165 2 11 -0.6317965854699854 0.29823279283259563
transition 165 2 40 -0.5556638411366812 0.1903001524353768
transition 165 2 995 0.903801773914825 0.043712095016802864
transition 165 2 272 0.6621914517943073 0.3944326070035302
transition 165 2 672 -0.39780607470254603 0.07332235271169452
transition 165 3 735 0.8600349314023543 0.3624520265260704
transition 165 3 647 -0.9166903644802127 0.2881598004666575
transition 165 3 594 -0.8696129881509136 0.12492099952354922
transition 165 3 341 0.5439130286727731 0.22446717348372286
transition 165 4 752 -0.019094347513485266 0.2267919413408988
transition 165 4 325 0.8492116810277852 0.22203573985229408
transition 165 4 90 -0.06652935720008024 0.38517968487812665
transition 165 4 665 0.17802252370079485 0.1659926339286804
transition 166 0 222 0.5741288205919386 0.3365374455990855
transition 166 0 572 -0.133767764879394 0.6634625544009145
transition 166 1 666 0.4960131119413429 0.014975565590491884
transition 166 1 156 -0.5656839527203743 0.1598936472883077
transition 166 1 154 -0.14387205955954951 0.1476048746337537
transition 166 1 118 0.8656001924672827 0.3398215299743225
transition 166 1 749 0.6339121881990883 0.3377043825131242
transition 166 2 104 -0.2792346638662875 0.3832160391546876
transition 166 2 205 0.9693304859577221 0.007246251158945959
transition 166 2 378 0.4268478394589015 0.18506211243375023
transition 166 2 536 0.20657892959390667 0.4244755972526163
transition 166 3 831 -0.5590421922502331 0.229128911070532
transition 166 3 227 0.7675804697402964 0.5158321280595328
transition 166 3 663 -0.06464424114897405 0.059207295808474385
transition 166 3 54 -0.8562575197929987 0.19583166506146074
transition 166 4 414 -0.5457298850132433 1.0
transition 167 0 152 0.4520721969794004 0.023605631601073717
transition 167 0 237 -0.31033125176407217 0.29176635508232807
transition 167 0 763 0.12947926197974224 0.39429317548302245
transition 167 0 340 0.24448212338821018 0.2903348378335757
transition 167 1 829 0.7507288475410803 1.0
transition 167 2 626 0.6135107177790813 0.3702047206414403
transition 167 2 168 -0.5466248074886617 0.6297952793585597
transition 167 3 807 -0.3805726489262782 1.0
transition 167 4 901 0.3121914880770267 0.6231150500039502
transition 167 4 503 0.09391825418050082 0.3768849499960498
transition 168 0 835 -0.23883883285669105 0.40922482010679556
transition 168 0 518 -0.2908401793565605 0.4542411399858643
transition 168 0 819 -0.7993794595934427 0.13653403990734012
transition 168 1 195 -0.4890962011701303 0.2492931394954723
transition 168 1 104 0.42006528251698816 0.2269924865060855
transition 168 1 522 -0.8603458434635889 0.15895752981865538
transition 168 1 946 0.5782092692473002 0.18669257940410097
transition 168 1 361 0.19799217426877624 0.17806426477568582
transition 168 2 615 0.8233007700759452 0.18097690821523169
transition 168 2 651 0.90039332764758 0.33678968859372455
transition 168 2 161 -0.9044199145037028 0.09417496005334507
transition 168 2 634 0.6894638338267087 0.3880584431376988
transition 168 3 430 0.730280860807305 0.28961712008643614
transition 168 3 269 -0.3345506744753486 0.7103828799135639
transition 168 4 396 0.7781190997193528 1.0
transition 169 0 763 -0.6168856371803138 0.287134927925463
transition 169 0 148 0.05594948715013337 0.39475688565537725
transition 169 0 777 -0.5507476359240788 0.3181081864191597
transition 169 1 4 0.9528822655103901 0.2151155319080147
transition 169 1 435 -0.7411202442391156 0.20778551884036095
transition 169 1 396 -0.44957325785911073 0.24525142675133965
transition 169 1 644 0.9490577036475938 0.3318475225002846
transition 169 2 384 0.5619743443075524 0.421706443338986
transition 169 2 764 -0.7530227235532883 0.14671901522484537
transition 169 2 367 0.18190220118024358 0.005534355155094124
transition 169 2 842 -0.2217383409535516 0.25275393011378894
transition 169 2 974 0.8305142995138943 0.17328625616728566
transition 169 3 834 0.26441715285425516 0.17244099217017764
transition 169 3 562 -0.3213025329184025 0.8275590078298224
transition 169 4 452 0.9962708604812265 0.2875032808811222
transition 169 4 804 -0.5491623975043471 0.7124967191188778
transition 170 0 553 0.9718382914593395 1.0
transition 170 1 228 -0.5024800769849143 0.5880665237213617
transition 170 1 831 -0.27834696654056845 0.41193347627863836
transition 170 2 424 0.962025308785551 0.3816675727320155
transition 170 2 65 -0.9910024273261369 0.22436928616443685
transition 170 2 182 -0.8754501162206931 0.003964408446244432
transition 170 2 812 -0.8852994089918296 0.3637613975554043
transition 170 2 692 -0.25682474938457855 0.026237335101898854
transition 170 3 509 -0.35859597005663346 0.24135879001692395
transition 170 3 525 0.4183713477246067 0.2334867240118524
transition 170 3 188 0.025590670531383086 0.39231299612765297
transition 170 3 312 0.7742899028252868 0.1328414898435707
transition 170 4 587 0.31821619057757666 0.7416964867127274
transition 170 4 919 0.35922557377171316 0.25830351328727263
transition 171 0 650 0.27416455035704423 0.37202677372653215
transition 171 0 618 0.7368792251338905 0.18175903815812317
transition 171 0 256 -0.7218434436638779 0.08802823586635569
transition 171 0 615 -0.4945227834375261 0.358185952248989
transition 171 1 374 0.9821609275184489 1.0
transition 171 2 992 0.0597227722439404 0.5120226573076974
transition 171 2 936 -0.39672144428599143 0.33788438661145703
transition 171 2 237 0.9094555093879737 0.15009295608084558
transition 171 3 76 -0.18391674980074724 0.953983819855682
transition 171 3 108 -0.6879081801874998 0.04601618014431802
transition 171 4 258 0.6751389934718732 0.1159671020838152
transition 171 4 13 -0.1608095252948416 0.8840328979161848
transition 172 0 42 -0.19418548092116783 0.0212152469834536
transition 172 0 693 -0.9096149277157719 0.2654683040455748
transition 172 0 876 0.5682017469694733 0.2345945004270085
transition 172 0 685 0.9228520019885642 0.1583540017156282
transition 172 0 26 0.16881826745490391 0.320367946828335
transition 172 1 86 -0.4959046068660635 1.0
transition 172 2 739 -0.4368101929864925 0.3162184229327751
transition 172 2 308 -0.3716028598526435 0.15823909753328616
transition 172 2 149 0.5097870529714832 0.5255424795339387
transition 172 3 21 0.857713352735094 1.0
transition 172 4 453 -0.30370882384335784 1.0
transition 173 0 336 -0.4658696397772977 0.34557229671055845
transition 173 0 680 -0.6693823479284355 0.1416877621924077
transition 173 0 589 0.7783731501854807 0.5127399410970338
transition 173 1 201 0.5110204630698596 0.39766226011492883
transition 173 1 6 0.26458108041533523 0.6023377398850711
transition 173 2 441 0.6119950515552761 0.5263542961043021
transition 173 2 16 -0.7857326976498122 0.020265040422837746
transition 173 2 178 -0.3922861101353512 0.45338066347286005
transition 173 3 19 0.0507255554040138 1.0
transition 173 4 165 -0.8091716120127936 1.0
transition 174 0 540 0.24378871101809385 0.057193678137873856
transition 174 0 433 -0.09561115265084985 0.9428063218621261
transition 174 1 854 0.684995160519893 1.0
transition 174 2 1 0.8483754111396693 0.35439069524136774
transition 174 2 975 0.27940306340022714 0.6456093047586322
transition 174 3 642 -0.001862825905326826 0.22975286657968463
transition 174 3 363 0.3036079805421068 0.27203637625477967
transition 174 3 103 0.5101426737055696 0.26759266221628913
transition 174 3 762 -0.960513337270835 0.025135131427671133
transition 174 3 577 -0.643839143403109 0.20548296352157538
transition 174 4 848 0.6933901083410394 0.6937610975454666
transition 174 4 42 -0.8979906055862121 0.30623890245453345
transition 175 0 574 0.6077685464535729 0.7646351077074671
transition 175 0 54 -0.21529311181125865 0.23536489229253282
transition 175 1 832 0.6437422944817983 1.0
transition 175 2 138 0.3904635064262083 0.206306673459797
transition 175 2 797 -0.367572677473073 0.4812668906269379
transition 175 2 100 0.2290310029453444 0.3124264359132652
transition 175 3 837 0.4385276852639739 0.0006838785833456861
transition 175 3 59 -0.908958663517581 0.9993161214166543
transition 175 4 852 -0.9666162458529373 0.2330124399727057
transition 175 4 641 -0.5029803014875243 0.13060388019092423
transition 175 4 856 -0.23616428233655462 0.37253897644279943
transition 175 4 721 0.18074407998700437 0.26384470339357063
transition 176 0 466 -0.7342841241436855 0.7334023529873328
transition 176 0 744 0.2939957080753759 0.26659764701266714
transition 176 1 282 -0.020120982456869108 0.20863223473152315
transition 176 1 736 -0.07100135007429897 0.3548682835783887
transition 176 1 865 0.7004074671303289 0.11337740211548152
transition 176 1 310 -0.5628211799196308 0.3231220795746067
transition 176 2 831 -0.016722058090889558 0.11404901625479302
transition 176 2 20 -0.49804217554224706 0.885950983745207
transition 176 3 555 -0.7786319090156899 0.1124191222760879
transition 176 3 239 0.9260360011597182 0.3374742497437825
transition 176 3 426 0.5674925813630487 0.5501066279801297
transition 176 4 61 0.16054483444486856 0.5238836013144866
transition 176 4 20 -0.4520964706204502 0.4761163986855134
transition 177 0 82 0.11166523930073313 0.27094507104013843
transition 177 0 97 0.4069616996660037 0.14650294926299848
transition 177 0 436 0.44030065448873645 0.1681368872113234
transition 177 0 737 0.18560715064191724 0.2603209852184985
transition 177 0 17 0.9763075509023018 0.1540941072670413
transition 177 1 739 -0.8382045189927743 1.0
transition 177 2 226 -0.2351764664741396 0.13090393840126385
transition 177 2 595 -0.04074380242185516 0.31705648474591375
transition 177 2 958 -0.47247539081063383 0.35426690860319565
transition 177 2 403 -0.09257438945148166 0.12974889675114573
transition 177 2 435 -0.16504494246400525 0.06802377149848099
transition 177 3 739 -0.5463843043352627 0.315420548358301
transition 177 3 924 -0.3832252057506389 0.684579451641699
transition 177 4 116 -0.6312596162420032 0.01639471187679181
transition 177 4 887 0.05002444645620918 0.17092271247719637
transition 177 4 439 -0.3464342288213025 0.14640893735108743
transition 177 4 10 -0.5813171038312517 0.3214670086559338
transition 177 4 853 -0.9831225925607765 0.34480662963899056
transition 178 0 896 -0.5336904436125172 0.5177756395843931
transition 178 0 266 0.25641536728726955 0.3468430228844004
transition 178 0 358 -0.6724941704218614 0.014434680776226382
transition 178 0 565 0.41330892691994703 0.12094665675498013
transition 178 1 738 -0.5559540369617844 1.0
transition 178 2 727 0.4668856836222699 0.06677764526774467
transition 178 2 29 0.23835685464272616 0.8195262270770144
transition 178 2 515 -0.05823647972787316 0.11369612765524098
transition 178 3 350 -0.157554869035067 0.467979666068204
transition 178 3 268 0.5038024068392803 0.17812457252414204
transition 178 3 957 -0.2877598986587875 0.3538957614076539
transition 178 4 456 -0.6429567474892068 0.029093362623337126
transition 178 4 23 0.23801266534171672 0.26484780284676723
transition 178 4 98 0.6624387693449916 0.27269521176214895
transition 178 4 428 -0.07310156704816406 0.43336362276774665
transition 179 0 547 -0.15396781879357424 0.6650552963268914
transition 179 0 36 -0.268621504764037 0.3349447036731085
transition 179 1 186 -0.7611438876219148 1.0
transition 179 2 180 0.6412169879443919 0.17506901766826857
transition 179 2 680 0.13734353977221225 0.457099937880053
transition 179 2 161 0.1855945699307282 0.36783104445167847
transition 179 3 906 0.9419523417602951 0.40762592431970013
transition 179 3 296 -0.6100202491553306 0.5923740756802998
transition 179 4 114 -0.35337907484698317 0.3024271135149882
transition 179 4 285 0.018664597072167277 0.01944103083378361
transition 179 4 455 0.3021020855771084 0.5110528944694431
transition 179 4 195 0.02887005971173129 0.16707896118178503
transition 180 0 579 0.864297809096146 1.0
transition 180 1 67 -0.4612114676383372 1.0
transition 180 2 545 0.8949121881301767 0.1668215075542829
transition 180 2 847 -0.04764587263086861 0.0014297168017988163
transition 180 2 392 0.1227138879312426 0.5168350301515056
transition 180 2 267 0.9429356484440732 0.31491374549241274
transition 180 3 393 0.9415983657621865 0.10067582233532259
transition 180 3 158 -0.48936988678052207 0.17792913423053638
transition 180 3 775 0.8572413958721652 0.12869741085608855
transition 180 3 172 0.8721943946572246 0.319708871262457
transition 180 3 845 0.8917638845941489 0.27298876131559546
transition 180 4 120 -0.04730437303094592 0.5133270729521427
transition 180 4 187 -0.4448880361401135 0.23047208241461464
transition 180 4 948 -0.5270654043288099 0.2562008446332427
transition 181 0 594 0.050137210886140204 0.22772921136079252
transition 181 0 556 0.34516124117891356 0.10481846550758356
transition 181 0 642 -0.8308918426632868 0.6660292592487065
transition 181 0 346 0.7168504269947493 0.0014230638829173835
transition 181 1 166 -0.2974286593695843 0.3929832504746909
transition 181 1 932 -0.03455406581412723 0.26941618917951055
transition 181 1 870 -0.035742787115497165 0.3376005603457985
transition 181 2 347 0.5695592786983461 0.054667677981415426
transition 181 2 214 -0.6791897650488883 0.16666729795104465
transition 181 2 36 -0.3252106319340733 0.6968293777343623
transition 181 2 739 0.8845264977586818 0.08183564633317772
transition 181 3 641 -0.341408115762762 1.0
transition 181 4 744 -0.05180379048950812 0.20011533205118767
transition 181 4 78 0.7477963170010666 0.7998846679488123
transition 182 0 474 0.3593774570655992 1.0
transition 182 1 735 0.3721592782982921 0.2145849351631153
transition 182 1 318 0.7738504156862058 0.13543025789771404
transition 182 1 782 0.04612668373252471 0.213296352692287
transition 182 1 556 -0.7518702894662805 0.3344656688986322
transition 182 1 725 -0.867879866947062 0.10222278534825151
transition 182 2 124 -0.28555698537924146 1.0
transition 182 3 242 0.7841085539488699 0.1874225401553671
transition 182 3 702 0.1596398375713335 0.2421286723728798
transition 182 3 718 0.45707115552125743 0.13392599500327826
transition 182 3 726 -0.9888077758375475 0.1109163406666267
transition 182 3 778 0.729626650285174 0.3256064518018481
transition 182 4 946 -0.3354476652092808 0.2552680467471934
transition 182 4 928 0.5345111007935703 0.32130673540766547
transition 182 4 738 0.7773348029071847 0.42342521784514114
transition 183 0 2 -0.3278544747913117 0.5750657331794183
transition 183 0 297 0.5674026948854609 0.42493426682058166
transition 183 1 78 0.8519317900717132 0.04348091880177243
transition 183 1 284 -0.9366529617062671 0.1865884646511832
transition 183 1 510 -0.541775498136247 0.7699306165470444
transition 183 2 502 0.46460903865359726 0.42890327571349357
transition 183 2 215 0.17098367621840804 0.08646982324754954
transition 183 2 500 -0.47163357948027307 0.3560317020176752
transition 183 2 885 -0.46966166096975703 0.12859519902128164
transition 183 3 905 0.43421527192572285 0.2108175801876764
transition 183 3 400 -0.43674603085933517 0.4407144406963309
transition 183 3 679 0.8607324668007572 0.027875164593524168
transition 183 3 632 -0.12719839810059685 0.30274695846163313
transition 183 3 765 -0.9792562237079177 0.01784585606083539
transition 183 4 369 -0.5604408979189108 0.21473030460366552
transition 183 4 141 -0.8741661942476942 0.4261627243316309
transition 183 4 958 -0.06943997270948499 0.3591069710647036
transition 184 0 981 0.3524182666630453 0.14131594441029352
transition 184 0 273 -0.9925004859703428 0.3013930508694307
transition 184 0 938 0.034141788761549385 0.25673806698545454
transition 184 0 236 -0.8723976736796786 0.06006979362747835
transition 184 0 844 -0.5737565419164683 0.24048314410734295
transition 184 1 183 0.506958214937558 1.0
transition 184 2 934 -0.3780379518003083 0.33325512545250185
transition 184 2 177 -0.07517696960895237 0.6097765317710162
transition 184 2 400 0.7365043849634181 0.056968342776481974
transition 184 3 374 -0.7044609343586754 1.0
transition 184 4 638 -0.6501000175127496 0.7811080498906804
transition 184 4 810 0.026667234104115867 0.2188919501093196
transition 185 0 273 0.37956280862743763 0.16086138414121517
transition 185 0 217 -0.38815856330513987 0.208390614617537
transition 185 0 268 0.2356061105472138 0.20535617436156225
transition 185 0 106 0.8594832736542346 0.4253918268796856
transition 185 1 175 0.3738815437454812 0.05180520079792867
transition 185 1 905 0.9115002616138155 0.4980263267024118
transition 185 1 937 0.19920477404437897 0.2469966121746579
transition 185 1 770 -0.2766184594822201 0.20317186032500154
transition 185 2 435 0.12911951560245538 0.03921367574225441
transition 185 2 934 -0.48569694691521903 0.18172726457999613
transition 185 2 782 -0.34395328039192186 0.10853883204784924
transition 185 2 635 0.2557582629991928 0.24393957199704797
transition 185 2 900 0.06087475846848078 0.4265806556328522
transition 185 3 586 0.07511863265164709 0.1781438373177048
transition 185 3 179 0.1359854784639387 0.3058548110504278
transition 185 3 148 0.6139295453657556 0.5160013516318674
transition 185 4 823 -0.8896052962093144 1.0
transition 186 0 635 0.9971926466112593 0.3846845408756524
transition 186 0 888 -0.8587103206730968 0.40263246007319664
transition 186 0 17 0.32449216626322674 0.21268299905115096
transition 186 1 917 -0.9154794616839577 0.5212935038664375
transition 186 1 625 -0.9663377254703338 0.14100813793624162
transition 186 1 81 -0.2796010723435891 0.337698358197321
transition 186 2 425 -0.9969259394282795 0.21818580414324804
transition 186 2 463 0.05667678420602007 0.2463222164610932
transition 186 2 773 -0.12799162435373224 0.17793618583828824
transition 186 2 1 -0.29814715936695624 0.005958381101421975
transition 186 2 916 0.9234785081539787 0.3515974124559485
transition 186 3 286 0.25966778294671045 1.0
transition 186 4 821 0.3086758724913756 1.0
transition 187 0 909 0.12291658537215921 0.9558447747090376
transition 187 0 899 -0.7524267883812432 0.044155225290962406
transition 187 1 663 0.9384201500871747 0.1701013841419291
transition 187 1 362 0.18249857206826237 0.4442722284280942
transition 187 1 266 0.26274837050359245 0.3856263874299766
transition 187 2 882 0.9833724408093871 0.7971689545807902
transition 187 2 379 0.03716797160701191 0.20283104541920993
transition 187 3 903 -0.04546369020840868 0.21617346320522
transition 187 3 764 -0.9812747213530608 0.3766911740915631
transition 187 3 377 0.15266571617628122 0.40713536270321693
transition 187 4 213 0.8954849802726281 0.3957748594018745
transition 187 4 537 -0.7636266275763584 0.6042251405981255
transition 188 0 511 -0.0014403649563257126 0.7217035845109705
transition 188 0 639 -0.9430232836535437 0.24375606965335306
transition 188 0 252 -0.4732836494619941 0.034540345835676334
transition 188 1 387 -0.5987605960628029 0.021125475832724002
transition 188 1 443 -0.31635872606455817 0.1639569807651812
transition 188 1 132 0.6757977247832463 0.30909071668207416
transition 188 1 654 -0.47580558980590504 0.08633799296279415
transition 188 1 958 0.7171618570362381 0.4194888337572264
transition 188 2 496 -0.8075029741894724 0.5104136595375756
transition 188 2 325 0.8434504508085208 0.4895863404624245
transition 188 3 125 0.07067554404541965 1.0
transition 188 4 887 0.8424897283996331 0.653989338928828
transition 188 4 538 0.5235701688122008 0.346010661071172
transition 189 0 574 0.8588419105163452 0.42789758181970733
transition 189 0 480 -0.5990870507303463 0.3353493037028348
transition 189 0 283 -0.9551746561124015 0.23675311447745792
transition 189 1 450 0.2920836016237156 0.1266694246058163
transition 189 1 8 0.6025762284083369 0.08737476322179166
transition 189 1 490 0.008633372168471931 0.7859558121723921
transition 189 2 672 -0.716619829035078 1.0
transition 189 3 127 0.17049396480205625 1.0
transition 189 4 266 -0.04608158089587233 1.0
transition 190 0 298 -0.6508770491601981 0.47574459721694057
transition 190 0 372 -0.5558924918043535 0.5242554027830595
transition 190 1 245 -0.9421768500303398 1.0
transition 190 2 623 -0.24790114195259583 0.0034415093777780603
transition 190 2 913 -0.48985267426529866 0.5050296495227112
transition 190 2 487 -0.19810250465899149 0.20440372445897434
transition 190 2 264 -0.5327081810719636 0.28712511664053647
transition 190 3 23 -0.512904601309744 1.0
transition 190 4 346 0.09304525978053912 1.0
transition 191 0 390 0.8216975371000133 0.01947745956377857
transition 191 0 68 0.4670407131207919 0.4713263876829564
transition 191 0 594 0.4397008333202681 0.0032753155301699344
transition 191 0 132 0.1923709083389451 0.505920837223095
transition 191 1 200 0.6290106266289597 1.0
transition 191 2 829 -0.4162141345306536 0.2990553242825034
transition 191 2 261 -0.896016273893381 0.4039689568116495
transition 191 2 929 -0.176422264818902 0.29697571890584706
transition 191 3 416 -0.9320474876001354 0.8216755526587785
transition 191 3 25 0.3721877491926018 0.008376954057796069
transition 191 3 703 0.9334599411714013 0.16994749328342545
transition 191 4 481 -0.8956470790758604 0.23805481901781309
transition 191 4 819 -0.4106290775281227 0.34684242322071424
transition 191 4 33 -0.14408277688280124 0.25257199183298984
transition 191 4 869 0.551042791704559 0.10522550022330353
transition 191 4 518 0.35168137158124435 0.05730526570517935
transition 192 0 127 0.9437592056625506 0.3530986579246196
transition 192 0 308 -0.4278618428789478 0.22220822002765103
transition 192 0 964 -0.07097000931375264 0.06625434866265961
transition 192 0 244 -0.20350142791180992 0.13701196893946183
transition 192 0 991 0.3305860837637642 0.22142680444560794
transition 192 1 326 -0.7573587396034986 0.5238431211026855
transition 192 1 414 -0.23344726063771826 0.29285860959821136
transition 192 1 277 0.8069854745790295 0.18329826929910312
transition 192 2 42 0.6338795920344502 0.40218405695949627
transition 192 2 779 0.22065864052177653 0.5978159430405037
transition 192 3 997 0.49461809682010927 0.3192252372687879
transition 192 3 869 0.20871574501928736 0.34400762212491204
transition 192 3 946 -0.14744871189966857 0.08987220076286458
transition 192 3 649 0.9459446287170552 0.24689493984343558
transition 192 4 582 -0.1295474940154333 0.6541180108928486
transition 192 4 67 0.4518248247841494 0.34588198910715146
transition 193 0 680 0.6756321162641779 0.4671913489442488
transition 193 0 765 0.11833832079643969 0.06474641205284505
transition 193 0 413 -0.628188590879611 0.3605279398175056
transition 193 0 610 0.18821586994499384 0.10753429918540054
transition 193 1 243 -0.29693693277261834 0.24932864149151018
transition 193 1 285 0.7237124385853171 0.08080419363600364
transition 193 1 977 -0.007836853263430532 0.0711342360149788
transition 193 1 792 0.9749827952325949 0.3546258965039032
transition 193 1 420 -0.6677919860045622 0.2441070323536041
transition 193 2 318 -0.8776323284239302 0.1354273558567496
transition 193 2 425 -0.9808715014635272 0.2419868129320583
transition 193 2 45 -0.27500518948718344 0.34419319313002394
transition 193 2 5 0.39615081773733163 0.2783926380811683
transition 193 3 391 0.636102175142587 1.0
transition 193 4 99 0.6767415053440073 0.20127569438171103
transition 193 4 341 0.09573673973307972 0.2112620853980658
transition 193 4 130 0.8291878036795028 0.17119201180223034
transition 193 4 607 0.22222843492497502 0.2316229385158959
transition 193 4 528 -0.13934010955412957 0.18464726990209687
transition 194 0 570 0.6243657087375942 0.2671218985993098
transition 194 0 374 -0.25052957744061066 0.33994029804979703
transition 194 0 718 0.5361676698768401 0.39293780335089307
transition 194 1 513 -0.9245227389665194 0.5990570392473834
transition 194 1 120 0.924239858204237 0.3790930058408724
transition 194 1 11 -0.472745833092882 0.0049846759315207165
transition 194 1 754 0.29295795534563496 0.016865278980223452
transition 194 2 186 0.053641153840776834 0.3784239152292813
transition 194 2 812 -0.7916282079363992 0.6215760847707187
transition 194 3 837 -0.7185180440993368 0.13719004597935489
transition 194 3 788 0.03246932297569849 0.4335397022039295
transition 194 3 165 0.8244317619355694 0.4292702518167155
transition 194 4 263 -0.8332841706249263 0.03278039837344258
transition 194 4 159 -0.27915253167591025 0.4263406835937898
transition 194 4 379 0.10999978798459775 0.5371830897913971
transition 194 4 353 0.1666739512580342 0.003695828241370516
transition 195 0 442 -0.8688267542881709 0.18845582928723223
transition 195 0 124 0.14300180186166234 0.17386019746129372
transition 195 0 414 -0.9641788762715757 0.25314697377328205
transition 195 0 49 0.8599890465780853 0.22231353715774183
transition 195 0 216 0.6434299209079153 0.16222346232045007
transition 195 1 666 0.10250349070455478 0.3540447640847938
transition 195 1 424 -0.43015450611755557 0.6452535299192785
transition 195 1 793 -0.9699796495968724 0.0007017059959276961
transition 195 2 182 0.27469691728699086 0.2910877558717312
transition 195 2 957 -0.10058076386856918 0.22589675863120548
transition 195 2 936 -0.16315678429351466 0.13900522757839723
transition 195 2 507 0.8311840558101211 0.34401025791866624
transition 195 3 89 -0.8539053181077263 0.26413281624383256
transition 195 3 77 0.15852002775944185 0.14409800821949775
transition 195 3 159 -0.7955731929021284 0.19137965970351284
transition 195 3 48 -0.832203915063672 0.23395707737658683
transition 195 3 102 -0.5051072333601831 0.16643243845657008
transition 195 4 347 0.9337993967486642 0.4072598514554265
transition 195 4 909 -0.30444405190353563 0.31342204793054573
transition 195 4 501 -0.7541227359736029 0.2793181006140276
transition 196 0 512 0.29560436693152026 0.9721238466382601
transition 196 0 279 0.06745082288957893 0.027876153361739854
transition 196 1 389 -0.561837059966914 0.30852975166509583
transition 196 1 233 0.8724830204175844 0.6914702483349042
transition 196 2 407 0.6739902377091103 0.07620698367076131
transition 196 2 83 -0.9713012725431096 0.4370271586400816
transition 196 2 306 -0.9921137480235938 0.45820902032214594
transition 196 2 518 0.8793787650803004 0.028556837367011114
transition 196 3 364 -0.6374600935796297 0.31243539301121953
transition 196 3 319 -0.6561562022560143 0.30892029318936126
transition 196 3 311 0.6297176754988556 0.17156411526789847
transition 196 3 963 -0.09291516965334812 0.20708019853152074
transition 196 4 535 -0.9594550277548408 0.3815379536763005
transition 196 4 582 0.39825342088515114 0.3462419106946462
transition 196 4 507 -0.6391272920843367 0.2722201356290533
transition 197 0 770 0.6204853237659753 0.626337880663461
transition 197 0 334 0.7074717499533301 0.08564462440043615
transition 197 0 819 -0.41693869779354453 0.2880174949361029
transition 197 1 778 0.59186121354901 1.0
transition 197 2 681 0.3341107233972924 0.13098726855319265
transition 197 2 121 0.282383447544307 0.018713273433156083
transition 197 2 756 0.8887226687407681 0.8502994580136513
transition 197 3 697 0.8471829026681601 0.38684733815915395
transition 197 3 370 0.32626979625218766 0.10337229508125162
transition 197 3 179 -0.5555931456910237 0.22708404197275056
transition 197 3 912 -0.9075808609956386 0.16751198547951887
transition 197 3 187 0.9066020732220761 0.11518433930732502
transition 197 4 959 -0.2205618203543913 1.0
transition 198 0 452 0.8037925606224317 0.27800506962103116
transition 198 0 492 0.4643042126871917 0.2849088868056226
transition 198 0 238 -0.46834047300064774 0.43708604357334613
transition 198 1 830 0.7317429115884193 0.17179098588220656
transition 198 1 52 0.7692687189215679 0.8282090141177935
transition 198 2 910 -0.35212625071112846 0.16842659953941067
transition 198 2 656 0.47007100737356167 0.1764369888578466
transition 198 2 453 0.810487948995628 0.6551364116027427
transition 198 3 665 -0.17667760904081709 0.15239052249921056
transition 198 3 470 0.7229884952287171 0.8476094775007894
transition 198 4 283 0.6807319832801548 0.27843650768427447
transition 198 4 812 0.19651843185927764 0.15940634952219912
transition 198 4 457 -0.37794643958643137 0.19286312331627092
transition 198 4 341 -0.8055205755159276 0.06860408431734048
transition 198 4 693 0.5554511716050035 0.30068993515991504
transition 199 0 721 -0.09221957554676985 0.41677483755372574
transition 199 0 955 0.646166994409588 0.5832251624462742
transition 199 1 855 0.5236338865461532 0.34586535764236176
transition 199 1 800 -0.9870196753454559 0.6541346423576383
transition 199 2 249 -0.5809635834470168 0.33943570039463816
transition 199 2 358 0.25793397120006367 0.32553549845182794
transition 199 2 775 0.46892050398029217 0.3350288011535339
transition 199 3 814 0.6964357759923185 0.13214145195144775
transition 199 3 612 -0.9151453214812131 0.1912932273922325
transition 199 3 667 0.9451085968454969 0.04636940659440041
transition 199 3 268 0.6707636481697146 0.2714522200881497
transition 199 3 228 -0.37007340598973437 0.35874369397376965
transition 199 4 994 0.24511926999282263 0.1115549797358267
transition 199 4 226 -0.24538427961410814 0.7054139270632376
transition 199 4 389 -0.47794185470743233 0.08445603769460033
transition 199 4 113 -0.8446914015727032 0.09857505550633552
transition 200 0 731 0.04403910110742548 0.25809351224292715
transition 200 0 556 -0.9192405120505966 0.029932654475080884
transition 200 0 979 0.5300843087142202 0.3223434183595471
transition 200 0 978 -0.41616321829996217 0.34131827768622586
transition 200 0 907 0.815507794851585 0.04831213723621903
transition 200 1 830 0.3147169028447063 1.0
transition 200 2 748 -0.18217326602395745 1.0
transition 200 3 928 0.6584192031470311 0.06294245729489277
transition 200 3 251 -0.8836898876074417 0.2914606026851357
transition 200 3 360 0.2234926437686402 0.3315790059378591
transition 200 3 911 -0.6295871491532261 0.28392203224586354
transition 200 3 523 0.5279406035041703 0.03009590183624887
transition 200 4 223 0.8896798999089834 0.3576970647905117
transition 200 4 97 0.438850941120559 0.6423029352094882
transition 201 0 182 -0.46464755272064595 0.46492478487228134
transition 201 0 276 0.3900282373179951 0.09731906513030358
transition 201 0 189 0.6889872753461681 0.4377561499974151
transition 201 1 868 0.7609112610786282 0.8286284199028603
transition 201 1 474 -0.45123101424747003 0.17137158009713968
transition 201 2 154 -0.004232473978476037 0.0007788242328121654
transition 201 2 457 -0.8313334679253686 0.11088639579434678
transition 201 2 738 -0.9905314378126253 0.27602965659996076
transition 201 2 459 -0.542736716941246 0.3133707654453114
transition 201 2 336 -0.14199016538773357 0.29893435792756895
transition 201 3 545 0.13855986006966048 0.8231805862903779
transition 201 3 674 0.8302939304621322 0.1768194137096221
transition 201 4 831 -0.4887919463919901 0.28220318258709065
transition 201 4 727 -0.325334840675912 0.5870975701448049
transition 201 4 98 -0.6047609839495247 0.13069924726810447
transition 202 0 871 0.08940679802844365 0.24226898938013428
transition 202 0 617 -0.22421522523856185 0.07603683565421568
transition 202 0 279 -0.7176153847680586 0.12542620885879757
transition 202 0 302 -0.9445598486392266 0.16908507948838197
transition 202 0 583 0.8212997057645439 0.3871828866184705
transition 202 1 401 0.9515893241131943 0.1124095965527322
transition 202 1 206 0.6627530202859453 0.06659624170470482
transition 202 1 746 0.6614658353712957 0.6907596491914019
transition 202 1 780 0.9084394411659469 0.04432472890449983
transition 202 1 38 -0.2029604458154921 0.08590978364666141
transition 202 2 748 0.38260260130226653 0.07942479120102756
transition 202 2 149 0.15128128651063566 0.8624646107606194
transition 202 2 903 -0.413450237948511 0.040733217433857286
transition 202 2 599 0.9399597081919975 0.017377380604495733
transition 202 3 699 -0.40621275645052135 0.20916872428144187
transition 202 3 773 0.8839475004301025 0.21915875638572085
transition 202 3 782 -0.04027116507787354 0.2828356824893193
transition 202 3 910 -0.2814985662559597 0.28883683684351796
transition 202 4 70 0.7426642894514952 0.3404960379511822
transition 202 4 89 -0.11751698998760585 0.17849913287636435
transition 202 4 724 -0.009793110294678886 0.14483856274811818
transition 202 4 905 0.7648438640439537 0.1077228613773099
transition 202 4 693 -0.6593078714066505 0.22844340504702526
transition 203 0 398 0.3647934028089843 0.5016572186008768
transition 203 0 180 0.005173118257475018 0.49168815912586683
transition 203 0 487 -0.6579771061091366 0.0066546222732564286
transition 203 1 975 -0.3745496346591193 0.47899803836429955
transition 203 1 231 0.698375282804633 0.031046762927783845
transition 203 1 278 -0.9701721817067592 0.0014321850433678522
transition 203 1 662 0.8328107450155762 0.48852301366454876
transition 203 2 229 0.2977642345134712 1.0
transition 203 3 34 -0.8304170971848233 0.11433245039887292
transition 203 3 442 -0.7725635291047186 0.38417154760265193
transition 203 3 563 -0.7463555533172879 0.09115826598552362
transition 203 3 668 0.48941043266923434 0.34545217482569507
transition 203 3 404 -0.24612670611113585 0.06488556118725643
transition 203 4 112 -0.9521168138225002 0.10269997498938549
transition 203 4 169 -0.9438791450752182 0.44273882079524896
transition 203 4 930 -0.7732169591220466 0.45456120421536556
transition 204 0 336 -0.6132663160252065 0.39942257781618445
transition 204 0 471 0.09943315006712039 0.24877151658486266
transition 204 0 538 -0.912410912355287 0.032827707660792266
transition 204 0 801 0.6596004927772183 0.2208406226722151
transition 204 0 23 -0.5726802490870917 0.09813757526594549
transition 204 1 89 -0.9670072434184054 1.0
transition 204 2 905 -0.10797347422735482 0.4160866676039127
transition 204 2 751 -0.12946769716302597 0.5839133323960872
transition 204 3 133 -0.2911888569373313 0.6758729822020886
transition 204 3 589 -0.8220330807761633 0.3241270177979114
transition 204 4 934 0.7455550113370051 1.0
transition 205 0 707 -0.4681272869713504 0.3798084973368965
transition 205 0 679 0.7707742493576901 0.12414899751153198
transition 205 0 523 0.030562003163587592 0.016903793288289556
transition 205 0 519 0.27327614048985693 0.2364986755357961
transition 205 0 513 -0.8423065088797674 0.24264003632748588
transition 205 1 620 -0.3836530411359307 0.42743093212112937
transition 205 1 711 -0.6339491772860086 0.5725690678788706
transition 205 2 558 0.8908723946224375 0.2895334201492631
transition 205 2 496 0.49359128499583016 0.220614306418414
transition 205 2 345 -0.8629657440838872 0.10926035780874434
transition 205 2 206 0.9177067207004026 0.09244892722216944
transition 205 2 586 0.7555237401494144 0.2881429884014092
transition 205 3 69 0.5451826000064239 0.4749058417378468
transition 205 3 600 0.6144772623516119 0.5250941582621532
transition 205 4 585 -0.07717905906081746 0.19596763751702373
transition 205 4 125 -0.43990955976065127 0.34055246100616143
transition 205 4 446 -0.16063558797246213 0.14634078703301315
transition 205 4 186 -0.7512223539159142 0.2667903415537789
transition 205 4 477 0.870711573797543 0.05034877289002281
transition 206 0 764 -0.8543561390823606 0.5032598159328171
transition 206 0 447 -0.5125530939496061 0.4967401840671828
transition 206 1 657 -0.8098683369970225 0.683368053288744
transition 206 1 898 -0.8397909699228148 0.3166319467112561
transition 206 2 622 -0.3543226782169544 0.38956853370692407
transition 206 2 590 0.41103129049706344 0.2893587652273233
transition 206 2 780 -0.5028476532068946 0.32107270106575264
transition 206 3 835 0.6227572572706892 0.4383088239711638
transition 206 3 860 -0.3009104426566902 0.3200844721452244
transition 206 3 974 -0.28095333695190416 0.24160670388361186
transition 206 4 477 -0.32067777165042943 0.5421939960246877
transition 206 4 126 -0.9815921582674019 0.4578060039753124
transition 207 0 34 0.036817050578578536 0.09925889983828613
transition 207 0 683 -0.5416303261463487 0.5851625103112309
transition 207 0 240 0.5293696724569099 0.31557858985048304
transition 207 1 521 0.49883792571248264 0.23372418020311175
transition 207 1 974 -0.29578804844830486 0.14968612669466252
transition 207 1 905 0.7353612896400255 0.09204304587317275
transition 207 1 565 -0.05634146459534728 0.524546647229053
transition 207 2 400 -0.3887881693108246 1.0
transition 207 3 911 -0.7836978274305231 0.26965296005663697
transition 207 3 806 0.5275735714318681 0.02093512033775466
transition 207 3 869 0.32760262777082927 0.23382510650650742
transition 207 3 346 -0.14831182940047305 0.2623493677700706
transition 207 3 9 0.592803435497296 0.21323744532903038
transition 207 4 125 0.31577219949394797 0.12190445474878098
transition 207 4 578 -0.45572773660524657 0.13427706232059294
transition 207 4 634 0.6753351363873343 0.32179747753911103
transition 207 4 935 -0.243162610254682 0.42202100539151494
transition 208 0 551 -0.3967346712761288 1.0
transition 208 1 997 0.6229919649124718 0.05395214316349991
transition 208 1 316 -0.23087162246924198 0.9460478568365001
transition 208 2 477 0.4852735479550847 0.3440127048465067
transition 208 2 167 0.014478511764057567 0.27938723675935273
transition 208 2 228 0.846630710129683 0.37660005839414057
transition 208 3 897 0.9528476157536976 0.3304815425389938
transition 208 3 925 0.8556701016370403 0.21564194292201588
transition 208 3 971 -0.8248238261514833 0.4032605363120463
transition 208 3 746 0.8849495237639959 0.050615978226944094
transition 208 4 517 -0.040068177177979614 0.26117726881593545
transition 208 4 416 -0.17793412574787215 0.3028035541059074
transition 208 4 519 0.9188604486400096 0.2510949201362859
transition 208 4 938 0.1481276160002769 0.04489803126109624
transition 208 4 473 0.760647823193852 0.14002622568077505
transition 209 0 267 0.05200353049148876 1.0
transition 209 1 732 0.5056338759045671 0.36049893533447847
transition 209 1 698 0.21337793408696593 0.3152091188910923
transition 209 1 995 0.26787232048665754 0.3242919457744292
transition 209 2 322 0.4059615120598128 0.3611878796759639
transition 209 2 522 -0.8996327513329199 0.07870303384870307
transition 209 2 757 0.21266710863958593 0.17840562164447346
transition 209 2 929 -0.8547209034740499 0.26777295746625396
transition 209 2 236 -0.2114548439391568 0.11393050736460571
transition 209 3 781 0.7924684675772156 1.0
transition 209 4 414 0.30429016757037286 0.06323790334681982
transition 209 4 545 0.7946713552046636 0.3853359610824249
transition 209 4 312 0.8240945365405903 0.5514261355707553
transition 210 0 37 -0.27312076086014025 0.3179037089091866
transition 210 0 817 0.9347666743895588 0.04597707291977355
transition 210 0 138 -0.4646413476625211 0.2208533956702002
transition 210 0 332 -0.20129585741686284 0.2808151406392536
transition 210 0 681 -0.37127886627039075 0.13445068186158604
transition 210 1 318 -0.6120712025313011 0.3464490929056537
transition 210 1 76 0.9638981212498374 0.06317037923724392
transition 210 1 135 -0.731128582704144 0.5903805278571024
transition 210 2 442 -0.23314815619960072 1.0
transition 210 3 638 -0.20945030121391173 0.1987263729807865
transition 210 3 428 0.6484882685022872 0.1087248117903098
transition 210 3 946 -0.4906562665360197 0.6925488152289037
transition 210 4 273 0.486298882266631 0.1490983114274916
transition 210 4 703 0.8551001159133218 0.2589388299552416
transition 210 4 204 0.5879054601455431 0.18265239220703
transition 210 4 680 0.8224978669363276 0.15380199836412226
transition 210 4 740 -0.8885820327439666 0.25550846804611455
transition 211 0 950 -0.8612407563679987 0.2694650379582838
transition 211 0 295 0.9219968030984178 0.4759336806813287
transition 211 0 397 0.12393187494152924 0.08478771933563002
transition 211 0 339 -0.7661766405432371 0.16981356202475745
transition 211 1 657 -0.07012420262797314 0.2608553140552066
transition 211 1 97 0.3153010607086333 0.24065231172471774
transition 211 1 341 -0.7950932421795738 0.15639239473591499
transition 211 1 729 -0.17347115989552186 0.19534888820758234
transition 211 1 542 0.6739964519949655 0.14675109127657832
transition 211 2 49 -0.7529053167138358 1.0
transition 211 3 947 0.46880742726827784 0.06750049638778456
transition 211 3 109 -0.5045129558384136 0.41396732121273155
transition 211 3 28 0.10229469530550706 0.46823262219641043
transition 211 3 737 0.6640660877947082 0.05029956020307356
transition 211 4 618 -0.7321999308082463 0.05931159654154311
transition 211 4 941 0.9210684221172301 0.27028080530652027
transition 211 4 75 -0.9098905079561288 0.3596397257122372
transition 211 4 712 -0.3513115940240865 0.31076787243969944
transition 212 0 522 0.020581536093038144 0.003243473638008554
transition 212 0 728 0.26200032624327596 0.2637288189119621
transition 212 0 905 -0.5833682348515024 0.5726429479758601
transition 212 0 624 0.9459515709732671 0.1603847594741692
transition 212 1 519 -0.40209707595677746 0.11501490576119876
transition 212 1 394 0.43251877576257636 0.3148731232447253
transition 212 1 687 0.5566733414317606 0.3847596126321092
transition 212 1 72 0.8614255070718511 0.18535235836196676
transition 212 2 156 -0.712864180040774 0.13110082401425946
transition 212 2 384 -0.15678033903649968 0.11572301972938083
transition 212 2 901 -0.5057071934613224 0.36441242811032215
transition 212 2 870 -0.7590085012703707 0.3887637281460376
transition 212 3 453 0.4853198051904173 0.16874511581170296
transition 212 3 353 -0.5155528440406807 0.8312548841882971
transition 212 4 927 -0.11269505542830505 1.0
transition 213 0 756 -0.7284356108816548 0.07952706226685433
transition 213 0 142 0.9184744583264182 0.5906422567371342
transition 213 0 104 0.0827707320259845 0.3298306809960113
transition 213 1 734 0.405645280245748 0.0751429621563565
transition 213 1 434 0.7184112421157678 0.31834369758054476
transition 213 1 331 -0.5034165689976893 0.23746837126749892
transition 213 1 13 -0.15261628490864054 0.09208656988364278
transition 213 1 747 -0.11010121452587462 0.2769583991119571
transition 213 2 822 -0.30516481211818847 0.4657984316198799
transition 213 2 441 -0.20026910672966247 0.5342015683801201
transition 213 3 482 0.9392722722914497 0.6393910854515117
transition 213 3 477 -0.5858394436457841 0.36060891454848837
transition 213 4 268 0.8815440288758243 1.0
transition 214 0 549 -0.9079171994889437 0.19275037773452997
transition 214 0 181 -0.3364327196162362 0.09470364767173949
transition 214 0 589 0.09508438527124796 0.3217424526627738
transition 214 0 956 -0.801508285596499 0.3908035219309567
transition 214 1 506 0.19620864060762133 0.3272941478407891
transition 214 1 768 -0.024593667509535733 0.12262593736147136
transition 214 1 262 0.5638522971369613 0.12653864911481652
transition 214 1 302 0.832569217375895 0.2107148951570076
transition 214 1 693 0.962246538769415 0.2128263705259154
transition 214 2 487 0.022600835610964376 0.22248416735200266
transition 214 2 933 0.9393048747290262 0.3897376348845262
transition 214 2 336 0.7520526982546316 0.27664907390448373
transition 214 2 287 -0.626611183235324 0.11112912385898746
transition 214 3 869 0.15135059213331492 1.0
transition 214 4 770 0.05483111857036449 0.24932708182330504
transition 214 4 692 0.050261884415745195 0.2097090472205665
transition 214 4 997 -0.2710565463442587 0.31697252780589075
transition 214 4 172 0.7907444909318753 0.22399134315023783
transition 215 0 981 0.8149307136036124 0.33202261755964174
transition 215 0 448 -0.2107057727485866 0.08618616139414736
transition 215 0 96 -0.33414019992093213 0.33339165695012907
transition 215 0 0 0.36601116873568773 0.24839956409608177
transition 215 1 517 -0.7998097672880922 0.23582991758299154
transition 215 1 816 0.9730470266440443 0.26842211502318014
transition 215 1 603 0.6088976225757441 0.09631637041314936
transition 215 1 440 0.9694392056911647 0.399431596980679
transition 215 2 882 -0.1915575632537585 0.028921401158042502
transition 215 2 709 0.6333363973169175 0.5984604078136697
transition 215 2 479 0.6937945212254095 0.37261819102828775
transition 215 3 846 -0.5882975301260724 0.35551005224412113
transition 215 3 751 0.5245730626552536 0.31055848955690896
transition 215 3 319 0.6089997751794374 0.1748378068721494
transition 215 3 739 0.2541171683896808 0.15909365132682057
transition 215 4 701 0.9757203825649774 0.37949940907220114
transition 215 4 777 0.5923226790010272 0.6205005909277989
transition 216 0 872 -0.9914399468118373 0.6001848650565894
transition 216 0 24 -0.39292105127102106 0.39981513494341064
transition 216 1 644 0.8260910764884892 0.258436923033793
transition 216 1 160 0.4012667408682673 0.23982721817555164
transition 216 1 835 -0.28383275082288484 0.1487577769543757
transition 216 1 704 -0.4806271324360578 0.21308148181081563
transition 216 1 107 0.9458963523913664 0.13989660002546403
transition 216 2 581 -0.6852873820809489 0.031070179823233623
transition 216 2 467 0.9436383717079957 0.5242802326839833
transition 216 2 448 0.5440452697525691 0.10296584687676902
transition 216 2 502 -0.8635546555941902 0.3416837406160141
transition 216 3 603 -0.3901838476116355 0.5650037894730356
transition 216 3 122 -0.2526099361978409 0.4349962105269643
transition 216 4 575 0.5888235624837166 1.0
transition 217 0 902 0.3733060951241427 0.5100209071776944
transition 217 0 794 0.19343054295794215 0.4899790928223057
transition 217 1 828 -0.826456680480121 0.28430218308602456
transition 217 1 843 0.6012979791465909 0.16423818386435224
transition 217 1 424 -0.29469235968989316 0.12909801187264583
transition 217 1 421 0.3955874602991225 0.4223616211769773
transition 217 2 562 -0.6323940765444442 0.3683573246628497
transition 217 2 719 0.876335864446292 0.44215814339080617
transition 217 2 523 0.6217218122494235 0.18948453194634415
transition 217 3 279 -0.9229060114494021 0.5066495488907808
transition 217 3 611 -0.7211155121445973 0.4933504511092191
transition 217 4 47 -0.4762195759939434 0.27732459917944285
transition 217 4 524 -0.8956361734037688 0.20863936574415018
transition 217 4 79 0.4689363042091441 0.15673842043710096
transition 217 4 478 0.6957716298699477 0.357297614639306
transition 218 0 436 -0.2116855771839814 0.2624526615811277
transition 218 0 973 -0.15418021916913305 0.3222860989128516
transition 218 0 156 -0.10952756014537268 0.2026834612821799
transition 218 0 765 -0.9050600372307018 0.21257777822384077
transition 218 1 636 -0.3172761187866433 0.02600434371322833
transition 218 1 38 0.4631329770573511 0.2076602861760412
transition 218 1 896 -0.2740437676274623 0.25474860397465376
transition 218 1 995 0.21742838818699073 0.32291446071632984
transition 218 1 770 0.46183150939181017 0.1886723054197469
transition 218 2 797 -0.9423708331868339 0.04607210994332511
transition 218 2 71 0.2847330138101547 0.9539278900566749
transition 218 3 800 0.15603798813029868 0.21802435763959374
transition 218 3 833 0.35527837531033435 0.35363747452524197
transition 218 3 207 -0.9255838990331438 0.2993559448295906
transition 218 3 200 0.10551290697548033 0.12898222300557363
transition 218 4 793 -0.7814510960278533 1.0
transition 219 0 866 0.7621078516919608 0.6547382811610017
transition 219 0 139 -0.5778511368428483 0.3452617188389984
transition 219 1 991 0.2614898871316882 1.0
transition 219 2 611 -0.9201199395719992 0.2935917852412633
transition 219 2 218 -0.20412005606587025 0.014171704518033911
transition 219 2 689 -0.5741486789438632 0.08760829384604929
transition 219 2 569 -0.4138146043116493 0.6046282163946535
transition 219 3 954 -0.35678296709175905 0.6710091799047597
transition 219 3 642 -0.3830897454352946 0.0497961687723358
transition 219 3 307 0.9769636254703571 0.11408290927090466
transition 219 3 878 0.5883929322703016 0.16511174205199977
transition 219 4 979 -0.9879505732852631 0.2902854706555491
transition 219 4 308 -0.4207024570445761 0.541111446255788
transition 219 4 964 -0.6388933133500594 0.16860308308866298
transition 220 0 223 0.9142086316014084 1.0
transition 220 1 100 -0.1929706766160546 0.5148032563504917
transition 220 1 294 -0.9193513474816897 0.2970122244756364
transition 220 1 792 0.6102387583234921 0.07604274181168465
transition 220 1 342 0.05190704700373683 0.11214177736218725
transition 220 2 476 -0.2652634022161462 0.48046609115449723
transition 220 2 316 -0.021588028448838337 0.5195339088455028
transition 220 3 99 0.868280927998841 0.28904178996678825
transition 220 3 669 -0.8488245973663282 0.11545941319487997
transition 220 3 951 0.6894297096328716 0.2027844820627195
transition 220 3 367 -0.6471964475429759 0.3927143147756123
transition 220 4 34 0.6539488513880996 1.0
transition 221 0 344 -0.929975810565955 1.0
transition 221 1 850 -0.8251569062354884 0.05885947590753135
transition 221 1 387 0.21688546241123707 0.6559467468802106
transition 221 1 38 0.840872650123272 0.28519377721225797
transition 221 2 555 0.12896058652598041 0.5972612713718923
transition 221 2 526 -0.4142792640888773 0.4027387286281076
transition 221 3 708 0.622966772743625 1.0
transition 221 4 367 -0.7127469499884678 0.24847578099374942
transition 221 4 467 0.6573824819998921 0.15505095636177021
transition 221 4 771 0.1310682612467584 0.19824794320626116
transition 221 4 343 0.6943618901298492 0.08722197160807425
transition 221 4 750 0.031144768093342545 0.3110033478301449
transition 222 0 643 -0.7044639547481168 0.4664179064868796
transition 222 0 583 0.5199025043515189 0.006191546287695733
transition 222 0 279 -0.6039225384305524 0.12747343602835062
transition 222 0 614 -0.7549752424028215 0.39991711119707407
transition 222 1 634 0.09482056164938002 1.0
transition 222 2 365 0.6937273603513494 0.23197709132413172
transition 222 2 146 -0.04787990071940529 0.20888893138775405
transition 222 2 711 0.3048566538342077 0.2820386241132475
transition 222 2 356 -0.004135755116299711 0.2770953531748667
transition 222 3 735 -0.6300508096317916 0.4406713987710038
transition 222 3 580 0.7479748496247873 0.08657335401013475
transition 222 3 813 -0.849610790007918 0.07920466398369233
transition 222 3 640 -0.6250444371904862 0.3091676845088521
transition 222 3 202 -0.8026834264634992 0.08438289872631698
transition 222 4 500 -0.9808266938344066 0.08023781261179405
transition 222 4 476 -0.2787774840210291 0.26855259618485455
transition 222 4 977 0.4045762439297318 0.37357554978418583
transition 222 4 236 0.7347920936636725 0.18477060066530987
transition 222 4 82 -0.6915624569143846 0.09286344075385576
transition 223 0 634 -0.43312224212425177 1.0
transition 223 1 940 0.0998179262132104 0.18209802802087252
transition 223 1 824 0.005524068033647689 0.4153149147399452
transition 223 1 346 -0.8722010909058324 0.4025870572391823
transition 223 2 80 0.2585637461979442 0.5463149602832238
transition 223 2 727 0.5915504101316058 0.45368503971677626
transition 223 3 792 0.9290494864324395 1.0
transition 223 4 456 0.5999380151625948 1.0
transition 224 0 243 0.11332476974334593 0.48115556548115823
transition 224 0 347 0.25145909183550064 0.19042070985199322
transition 224 0 932 0.373657446575681 0.32842372466684844
transition 224 1 605 -0.4937284558726649 0.15828770194039113
transition 224 1 969 0.9473678882278387 0.39952131437248284
transition 224 1 178 -0.9572199170776028 0.22176663972455854
transition 224 1 615 0.9159082852029383 0.22042434396256755
transition 224 2 441 0.7727300156780617 0.859164538307576
transition 224 2 786 -0.7483341682292324 0.14083546169242395
transition 224 3 160 0.5266012259597406 0.1992142910494234
transition 224 3 248 -0.9990911783717273 0.8007857089505767
transition 224 4 180 0.11266489067372532 1.0
transition 225 0 558 0.3954054757820016 0.16531882302239506
transition 225 0 606 -0.6834632420413125 0.0928317822174762
transition 225 0 393 -0.9629385241274075 0.27617123831959606
transition 225 0 394 -0.5351898415828746 0.46567815644053273
transition 225 1 167 -0.6167188558130963 0.05984053310679432
transition 225 1 854 -0.13025143733433353 0.16276494618239684
transition 225 1 926 0.44768541038456466 0.12090938583567744
transition 225 1 749 -0.07007749044255918 0.383929142103468
transition 225 1 61 -0.6455516767329432 0.27255599277166337
transition 225 2 671 -0.1146826425895271 1.0
transition 225 3 60 -0.7432379790917254 0.31467418084572035
transition 225 3 600 0.09419270430875115 0.3111586806140245
transition 225 3 910 0.39816387132785414 0.2464816797548631
transition 225 3 179 -0.9357708506090265 0.1276854587853921
transition 225 4 359 0.10342909426979086 0.1429911995288878
transition 225 4 449 -0.5692918426186324 0.26006283822407456
transition 225 4 611 0.39838866288507147 0.293138861216092
transition 225 4 858 -0.22328908444998685 0.08721743273068647
transition 225 4 717 -0.8740088052328436 0.2165896683002592
transition 226 0 348 -0.4419258600546214 0.21131265151176032
transition 226 0 363 0.16428419793530202 0.3653143565103234
transition 226 0 759 -0.8871043142023243 0.4233729919779163
transition 226 1 372 -0.30456763518277996 0.13339631629744667
transition 226 1 206 -0.31865089701175764 0.18641157424313734
transition 226 1 997 0.15337507758370816 0.271915719084858
transition 226 1 162 -0.7978600208128332 0.26605690823824835
transition 226 1 789 -0.8923056692452673 0.1422194821363097
transition 226 2 180 -0.26234986004347594 0.37430254571223104
transition 226 2 779 -0.8209752200130913 0.2943038575576824
transition 226 2 879 0.8332948950443546 0.20522495101048832
transition 226 2 228 0.7216097888216713 0.01679722464801103
transition 226 2 823 0.10060228088790812 0.1093714210715871
transition 226 3 366 -0.5772787999813083 0.32398768345810913
transition 226 3 180 -0.9191776526438826 0.4223346149480298
transition 226 3 581 0.18204412943083792 0.25367770159386105
transition 226 4 26 -0.45023202655504946 1.0
transition 227 0 919 0.2865612528158057 0.23884427789174242
transition 227 0 819 -0.3853609308941972 0.4690640849506117
transition 227 0 561 -0.02622743334758404 0.19294284805159537
transition 227 0 27 0.12179819590578678 0.09914878910605046
transition 227 1 483 0.5193400654673033 0.26793155009988096
transition 227 1 791 -0.30447548690602755 0.061902917399191924
transition 227 1 654 -0.9639678267158929 0.6701655325009271
transition 227 2 121 -0.08961144090737672 1.0
transition 227 3 261 0.8048220624494773 0.24577132530455661
transition 227 3 280 0.6961172577152801 0.09146415039881853
transition 227 3 713 -0.6544618582826682 0.19678623599841877
transition 227 3 631 -0.6442319592456245 0.46597828829820603
transition 227 4 454 0.32918981700410166 0.003226012371270981
transition 227 4 553 -0.7818250991534141 0.330591871480755
transition 227 4 567 0.8829196524629266 0.15532683422964635
transition 227 4 386 0.9982714730384952 0.5108552819183276
transition 228 0 671 -0.4012114484177709 0.2884890132301262
transition 228 0 651 -0.9838177962531098 0.42735001490091473
transition 228 0 736 -0.2839621898390725 0.2841609718689591
transition 228 1 84 0.8423057307502786 0.668406905690952
transition 228 1 43 -0.7424857741232469 0.331593094309048
transition 228 2 151 0.1812859622956109 1.0
transition 228 3 574 0.1264697100563157 0.7281988119778537
transition 228 3 55 0.8132790771796894 0.27180118802214626
transition 228 4 393 -0.9278300572337854 0.27227405548419414
transition 228 4 505 0.775202070562623 0.36845869748075166
transition 228 4 759 -0.21567204578279653 0.02603594661125755
transition 228 4 562 0.5526128724007444 0.3332313004237966
transition 229 0 94 -0.17800761672772536 0.009563273104397444
transition 229 0 818 0.46245032372773265 0.20642019391693356
transition 229 0 410 0.8328578945068299 0.784016532978669
transition 229 1 442 -0.26178842219949416 0.8716570611699745
transition 229 1 721 -0.9102064354512116 0.10917273346608317
transition 229 1 897 0.41696687689462486 0.01917020536394239
transition 229 2 937 -0.7546111925056345 0.5270702317197635
transition 229 2 668 0.26027565757254223 0.0917845974879737
transition 229 2 498 0.5638922749454758 0.3519797615498267
transition 229 2 458 0.010060734971804264 0.005849572305644861
transition 229 2 807 0.6063293194778814 0.0233158369367913
transition 229 3 194 -0.088689267779539 0.40801988378834314
transition 229 3 470 -0.4397708451274589 0.5919801162116569
transition 229 4 432 0.4734926180619068 0.6794909571259973
transition 229 4 436 0.2694536891294981 0.3205090428740028
transition 230 0 527 -0.708711860715314 0.1532876680867198
transition 230 0 677 0.6768700462317983 0.34467934047983967
transition 230 0 42 -0.5061735880119527 0.21657697187586353
transition 230 0 532 0.15156588804252613 0.285456019557577
transition 230 1 114 0.647173816496617 0.653221851823829
transition 230 1 917 0.8770771297398401 0.279291927208849
transition 230 1 829 -0.09123113116005399 0.06748622096732197
transition 230 2 380 0.2134439381204103 0.28118484120255066
transition 230 2 716 0.3634846758857546 0.012071342230956092
transition 230 2 826 0.7758403211584795 0.36527343574584925
transition 230 2 846 -0.2999580296971678 0.341470380820644
transition 230 3 600 -0.4434085243072343 1.0
transition 230 4 212 0.7433286781935105 0.7698008292669735
transition 230 4 142 0.529424144721719 0.23019917073302656
transition 231 0 514 0.5810952269667378 0.13249147384126994
transition 231 0 602 0.30536193401122813 0.32222705233208
transition 231 0 537 -0.9252613360378372 0.54528147382665
transition 231 1 228 -0.7536621025068031 1.0
transition 231 2 744 -0.2501247005321354 0.721533169885163
transition 231 2 479 -0.7842377168088999 0.2784668301148369
transition 231 3 383 -0.718824747672643 0.5274878364910938
transition 231 3 229 -0.40905991678708387 0.16285617190834015
transition 231 3 895 0.36466625738437086 0.030154458805282208
transition 231 3 473 0.2826025473819118 0.27950153279528384
transition 231 4 882 -0.10329606343160713 1.0
transition 232 0 429 0.9638386504366963 0.34640051889260354
transition 232 0 344 -0.7111660604896541 0.24962239516910092
transition 232 0 732 -0.9062278374905808 0.4039770859382956
transition 232 1 828 -0.4948017818814492 0.09176142970256279
transition 232 1 305 0.6996167907439186 0.9082385702974373
transition 232 2 956 -0.19618477827867808 0.2115652406701276
transition 232 2 108 -0.6018098211431226 0.4318281339439119
transition 232 2 258 -0.21085246992125506 0.35660662538596044
transition 232 3 2 0.18652560553524644 0.09402161240039279
transition 232 3 463 -0.8769919915460658 0.4282316739073096
transition 232 3 354 0.15227436264799965 0.32168247634958286
transition 232 3 661 0.00689032929516098 0.15606423734271485
transition 232 4 287 -0.4708266442480973 1.0
transition 233 0 954 -0.7154877396178363 0.06612648195151158
transition 233 0 713 0.4702184145755888 0.3840820124464578
transition 233 0 840 0.14122550091770947 0.025197217017019685
transition 233 0 864 -0.2843542280254747 0.2621087161061301
transition 233 0 308 -0.8370881997827182 0.2624855724788809
transition 233 1 201 -0.1369303665567585 1.0
transition 233 2 222 -0.8015322947564276 0.5230468905564359
transition 233 2 506 -0.0880207972515783 0.4769531094435641
transition 233 3 745 0.5640151531739082 0.6094000311147082
transition 233 3 570 0.2713402334039574 0.3905999688852918
transition 233 4 866 -0.7305235308080298 0.4075297169270912
transition 233 4 989 -0.5707870383146167 0.42613582101083464
transition 233 4 322 0.8181640402898029 0.16633446206207422
transition 234 0 536 -0.7897526067861453 0.6921434851762264
transition 234 0 605 -0.5969615899141056 0.01617070831222998
transition 234 0 564 -0.4873034487540291 0.2916858065115437
transition 234 1 877 -0.316269880919144 0.11307777165309699
transition 234 1 518 -0.998778041582185 0.2654901477084366
transition 234 1 917 -0.06293539896349332 0.010866342504648569
transition 234 1 431 -0.853807678791557 0.4060685353483243
transition 234 1 268 -0.5762612414494133 0.20449720278549344
transition 234 2 292 0.3641351137556623 0.5871140007146455
transition 234 2 916 0.9862315893775582 0.41288599928535463
transition 234 3 828 0.024511602169349 0.6780910836115919
transition 234 3 401 0.8011147664166149 0.3219089163884081
transition 234 4 30 -0.6376733269952957 1.0
transition 235 0 133 -0.6633844277917558 0.13734379086087134
transition 235 0 176 0.3644215534925912 0.8626562091391287
transition 235 1 403 -0.20642063380809472 0.09997664977826964
transition 235 1 22 -0.9969177428322136 0.6913160355117863
transition 235 1 118 -0.46589167314537794 0.20870731470994405
transition 235 2 967 -0.11883259961230253 0.4648394122951848
transition 235 2 226 0.8530334657976313 0.06047800706217035
transition 235 2 98 0.8920989251930462 0.31136224843392485
transition 235 2 225 0.419352231049853 0.16332033220872005
transition 235 3 605 -0.04380865005200563 0.527440750948745
transition 235 3 539 -0.9053125277462213 0.4725592490512551
transition 235 4 675 0.317626174828491 0.7771815536180195
transition 235 4 686 -0.5481466165041946 0.22281844638198053
transition 236 0 952 0.6256102006093371 0.12415963683124784
transition 236 0 215 0.30511105820599416 0.6539396274634647
transition 236 0 755 0.7118686958610378 0.22190073570528743
transition 236 1 869 0.1134537885829312 1.0
transition 236 2 845 -0.2610784541978972 0.35679657280745214
transition 236 2 706 0.9332298311202081 0.6432034271925477
transition 236 3 642 -0.9583233859535738 0.11180613536482763
transition 236 3 848 0.7243998337966031 0.17635727470293452
transition 236 3 365 0.7211566087582584 0.3576192855214966
transition 236 3 927 0.19487435561776856 0.3542173044107412
transition 236 4 412 0.18962425206666644 0.21729233792744168
transition 236 4 822 -0.24957850123936143 0.7827076620725584
transition 237 0 938 0.8383386560711685 0.22960767293470333
transition 237 0 231 -0.2107279245018263 0.12762394285139586
transition 237 0 621 0.518943406706817 0.02602580853487189
transition 237 0 833 0.01817232320026596 0.23452102081243595
transition 237 0 860 0.1264024414618128 0.38222155486659304
transition 237 1 981 0.5253063359774306 0.49537210998004866
transition 237 1 856 0.02848439195844632 0.5046278900199513
transition 237 2 499 -0.7725838060666483 0.07608962453504972
transition 237 2 671 0.192987744956306 0.4056256750649363
transition 237 2 572 0.4024327608089273 0.44116268886528875
transition 237 2 342 -0.1346326388445005 0.02175117509639831
transition 237 2 158 -0.4377267384639745 0.055370836438326944
transition 237 3 231 0.5042302291321064 1.0
transition 237 4 489 -0.7501782466970477 0.12392590546369521
transition 237 4 50 -0.15303762504418272 0.8760740945363048
transition 238 0 941 -0.02391248729689832 1.0
transition 238 1 947 0.2006221925102305 0.5959697607562254
transition 238 1 737 -0.947431682943028 0.40403023924377457
transition 238 2 936 0.5539200386490575 0.3377898867194404
transition 238 2 155 -0.8438758257641488 0.5622350489146888
transition 238 2 342 0.9144552402705795 0.09997506436587072
transition 238 3 635 0.6152373667483979 0.4941473116871147
transition 238 3 134 -0.33517707949874187 0.5058526883128853
transition 238 4 389 -0.09760928359263477 0.011959010857766213
transition 238 4 484 0.647058245965604 0.38386307021133975
transition 238 4 371 -0.7650190452167185 0.1626730230310403
transition 238 4 938 -0.7971047800442135 0.2303527779284432
transition 238 4 315 -0.19186735816568556 0.2111521179714104
transition 239 0 298 -0.22697823403186135 0.3957574239359987
transition 239 0 608 -0.816804519544897 0.3957590645909059
transition 239 0 190 -0.46265575576682605 0.20848351147309546
transition 239 1 854 -0.15062105195369813 0.27409966591539353
transition 239 1 399 0.6985922891393315 0.17697983723639088
transition 239 1 330 -0.9896691723971245 0.2923698829128762
transition 239 1 759 0.23954092480887557 0.12654492091120742
transition 239 1 820 -0.3626571096807456 0.13000569302413192
transition 239 2 45 -0.4126496130038071 0.6527666637262143
transition 239 2 43 0.9391876682900622 0.3472333362737858
transition 239 3 161 0.041947648902450396 0.004158246496941696
transition 239 3 625 -0.732610861254287 0.2816944662343215
transition 239 3 497 -0.9707989796838803 0.7141472872687368
transition 239 4 923 -0.009693384813683315 0.10326430681855958
transition 239 4 598 0.28832779004095843 0.10399273658069438
transition 239 4 836 0.7554890432475037 0.5034508141830082
transition 239 4 750 0.21666090339198596 0.21037027503183445
transition 239 4 53 -0.9857159237808706 0.07892186738590347
transition 240 0 740 -0.8027608858948716 0.3856266863917068
transition 240 0 466 0.6178025325673846 0.6143733136082932
transition 240 1 875 0.17083680021695602 0.6992089402236228
transition 240 1 705 -0.6485393409693534 0.008516889447581019
transition 240 1 68 0.2958313683524014 0.2922741703287962
transition 240 2 288 0.8523016734974724 1.0
transition 240 3 744 0.7495119041664442 0.1369416411000178
transition 240 3 789 0.5552301343354555 0.25513574795151583
transition 240 3 504 0.4048672935827735 0.4759622237287084
transition 240 3 525 0.37490371394992206 0.13196038721975803
transition 240 4 992 0.12202257253084259 1.0
transition 241 0 628 -0.2713972813083998 0.642593511574349
transition 241 0 650 0.5462851003664411 0.31919304619660244
transition 241 0 16 -0.9283018408842283 0.038213442229048496
transition 241 1 705 0.42485182527303844 0.38581378190014026
transition 241 1 84 0.726822354184625 0.19762546020652166
transition 241 1 853 0.17900630691861452 0.18162305224999348
transition 241 1 364 0.26578134338883785 0.2349377056433445
transition 241 2 18 0.6492688762282186 1.0
transition 241 3 104 0.49482060911165093 0.2519940198340473
transition 241 3 882 -0.7568204612822655 0.07520820643263279
transition 241 3 507 0.27306770105659184 0.3493250374076904
transition 241 3 883 0.289956943444005 0.32347273632562956
transition 241 4 224 -0.5238997198819293 0.6869820788659656
transition 241 4 690 -0.45336791500811513 0.31301792113403437
transition 242 0 944 0.864530618260329 0.4361066785424044
transition 242 0 272 0.8063874165991998 0.10750381370038456
transition 242 0 383 0.6503437138404551 0.23462761261458712
transition 242 0 500 -0.061308186416397126 0.11933052835402276
transition 242 0 941 -0.2926624643344422 0.10243136678860122
transition 242 1 695 0.9182583841284604 0.23487897396592233
transition 242 1 381 -0.0996029106943579 0.7651210260340777
transition 242 2 959 0.6018118420528278 1.0
transition 242 3 576 -0.5751986166607717 0.14434778519122615
transition 242 3 55 -0.9377610770598974 0.2587225709551612
transition 242 3 123 0.009457874965902002 0.5969296438536127
transition 242 4 325 0.2621453007337191 1.0
transition 243 0 897 0.06054125466519289 0.5139116380841302
transition 243 0 133 -0.4722254945346547 0.4860883619158698
transition 243 1 763 0.008449331265882876 1.0
transition 243 2 161 -0.9559606058660257 0.3991111086455707
transition 243 2 846 -0.36237393022032305 0.020030870501848597
transition 243 2 518 -0.7958372020532696 0.22826046188605179
transition 243 2 546 0.4510591922234253 0.3374037954110596
transition 243 2 515 0.8194055094107142 0.015193763555469326
transition 243 3 703 0.8236386735167271 0.10051058366651025
transition 243 3 739 -0.3999516515177137 0.13844057531984358
transition 243 3 46 0.8791080329581364 0.056390911209182715
transition 243 3 346 -0.9419299912661354 0.2854989639075002
transition 243 3 332 -0.34621636781682774 0.41915896589696333
transition 243 4 502 0.6498433202154996 1.0
transition 244 0 630 -0.08337162701447665 0.20951146690372605
transition 244 0 204 0.9830720222645655 0.5442903041959214
transition 244 0 983 -0.04369672995473395 0.17310401052942037
transition 244 0 620 0.36581973533272705 0.07309421837093218
transition 244 1 616 -0.8079214437285709 0.5027095201230709
transition 244 1 822 -0.7123610138350696 0.34412669396363044
transition 244 1 242 0.07450526398333213 0.1531637859132987
transition 244 2 216 0.5113880517348148 0.19010264405823124
transition 244 2 754 -0.3391517068322534 0.4055420133071003
transition 244 2 704 -0.27086432733827803 0.4043553426346685
transition 244 3 695 0.33300599785042806 0.11014119592146991
transition 244 3 781 -0.1743379942978156 0.1086163022231619
transition 244 3 958 -0.6164426470079507 0.2935214093509408
transition 244 3 862 -0.9292020035856778 0.18459556547017864
transition 244 3 855 -0.21599684157989585 0.30312552703424883
transition 244 4 36 0.5194194731393458 0.38464169792811764
transition 244 4 118 0.19579967857080738 0.222360946799805
transition 244 4 974 0.5560167986442062 0.1023648391504052
transition 244 4 502 0.2543286593956877 0.2906325161216723
transition 245 0 438 0.3754795968085609 0.2740671999193772
transition 245 0 649 0.19728593432658315 0.36171740801391794
transition 245 0 947 0.19968828394805138 0.09430678301756476
transition 245 0 843 -0.7811632789893626 0.2505399559088257
transition 245 0 106 -0.7602376466937315 0.019368653140314274
transition 245 1 18 -0.8755609513670408 0.026583039178393775
transition 245 1 163 0.44307915362937633 0.2907343971539682
transition 245 1 374 0.008211452967975985 0.08687720460223683
transition 245 1 239 0.17634357728013028 0.2133240847370465
transition 245 1 879 -0.3351193604166236 0.3824812743283546
transition 245 2 783 0.18443579467662796 0.32104736469384837
transition 245 2 82 0.7428382233917497 0.17127101077200102
transition 245 2 344 0.7889647741474404 0.5076816245341506
transition 245 3 404 -0.1134071418444842 0.30085547895302206
transition 245 3 135 0.37129849554075034 0.05287811790401866
transition 245 3 371 0.14176206824895488 0.20844165624688585
transition 245 3 583 0.4560267452129465 0.43782474689607337
transition 245 4 744 -0.3451762804496148 1.0
transition 246 0 962 -0.2816735158863495 0.30947266465160245
transition 246 0 138 -0.12721976702047932 0.14326362835826667
transition 246 0 865 0.8451444834735276 0.5472637069901308
transition 246 1 927 -0.5633959590137645 0.6322707573136829
transition 246 1 933 0.30733808534024143 0.3677292426863171
transition 246 2 857 0.07137047920762973 0.21106055521133626
transition 246 2 413 0.6702796942165647 0.6263263957613769
transition 246 2 814 0.15107418605882095 0.16261304902728682
transition 246 3 897 -0.15779473805586197 0.20453767960733582
transition 246 3 370 0.5078211239259176 0.3586923195987636
transition 246 3 246 -0.859161295608776 0.4367700007939006
transition 246 4 620 -0.8473397078827893 0.7112553804320045
transition 246 4 658 0.013178183139199273 0.08487112231690236
transition 246 4 147 -0.7056184148607862 0.20387349725109313
transition 247 0 659 -0.8532604129024783 1.0
transition 247 1 50 0.5265232010443466 0.29893964783135435
transition 247 1 611 0.06854269871786056 0.3089679956242885
transition 247 1 928 0.49164873288266175 0.34772236600820394
transition 247 1 929 0.6576573128167589 0.04436999053615316
transition 247 2 481 0.645351515917651 1.0
transition 247 3 703 0.9615119368849376 0.4084434446428716
transition 247 3 34 0.42668702142886983 0.21480095163975077
transition 247 3 999 -0.4076580419227076 0.3767556037173776
transition 247 4 908 -0.014250323626624262 0.14356394687685786
transition 247 4 458 0.8743550687138508 0.21443502910290813
transition 247 4 81 -0.42304888400226215 0.16652263224417152
transition 247 4 516 0.2233223777609965 0.4754783917760625
transition 248 0 149 -0.7589822539696256 0.10643618819013392
transition 248 0 966 -0.48406861596918005 0.25237617300216686
transition 248 0 14 0.6795311980032763 0.1179404868830045
transition 248 0 364 -0.06576834213287697 0.26445236648917614
transition 248 0 708 -0.13679805594613237 0.25879478543551854
transition 248 1 751 0.4499675841094195 0.021266453462467895
transition 248 1 410 -0.1997378041215796 0.4905667800377744
transition 248 1 246 0.45305379365998477 0.2245621206739932
transition 248 1 366 0.5881382559822204 0.26360464582576454
transition 248 2 58 0.6532093722749932 0.18682609713104673
transition 248 2 754 -0.42848742361569503 0.3374637187354428
transition 248 2 576 -0.7593575988039811 0.12518459239105045
transition 248 2 413 0.00464631544853189 0.35052559174246006
transition 248 3 561 -0.2954090595550327 0.16029293191834112
transition 248 3 994 -0.41678276725533925 0.4042773060536776
transition 248 3 582 -0.35074887444673886 0.1909119555571425
transition 248 3 257 0.1676339298471765 0.24451780647083882
transition 248 4 853 -0.4682762684412576 0.07414041753854612
transition 248 4 817 0.4728876471028445 0.12227630540215534
transition 248 4 461 -0.7168566177348701 0.3784916047695944
transition 248 4 469 -0.4050686007335984 0.3931826679473992
transition 248 4 235 0.21277772331007716 0.03190900434230492
transition 249 0 648 -0.795055637604952 1.0
transition 249 1 304 0.8486541561151562 0.01077313668693363
transition 249 1 915 -0.2110384682907236 0.2696153503880233
transition 249 1 916 0.908075198517539 0.691275094852203
transition 249 1 964 -0.8035425440591675 0.028336418072840007
transition 249 2 313 -0.5162754942791261 1.0
transition 249 3 322 0.2995868648521267 0.3621756362325997
transition 249 3 550 0.22893551075784657 0.3089242980675779
transition 249 3 749 -0.7737545428789321 0.32890006569982244
transition 249 4 516 -0.6333811813697239 0.4020973596066317
transition 249 4 811 -0.6577952660509268 0.5979026403933683
transition 250 0 792 0.7335309497676656 0.9788737121051597
transition 250 0 53 0.06584246255832471 0.021126287894840296
transition 250 1 860 -0.025141455133028456 1.0
transition 250 2 870 -0.24922238760439064 1.0
transition 250 3 130 0.4799941656560034 0.46697876182514436
transition 250 3 477 -0.1252442859970322 0.17947563258609975
transition 250 3 96 -0.6318872164335188 0.16000996422359745
transition 250 3 642 0.014639018160181427 0.19353564136515836
transition 250 4 599 0.18415608073637268 0.08160233854637197
transition 250 4 677 -0.6558120233081466 0.918397661453628
transition 251 0 356 0.29454250223689105 1.0
transition 251 1 54 -0.4098564087431329 0.16755290738228157
transition 251 1 628 -0.5928370172399184 0.07961431554095053
transition 251 1 586 0.8132071232038611 0.1166876816345058
transition 251 1 876 -0.07382779958312247 0.3406813900602605
transition 251 1 774 0.5566864101784315 0.2954637053820016
transition 251 2 553 -0.9787942808658421 0.06331179481426405
transition 251 2 285 -0.4763279162544156 0.4483351054581124
transition 251 2 610 -0.45464322413713054 0.30981246265869095
transition 251 2 584 0.45537673030594616 0.17854063706893267
transition 251 3 70 0.11255400237165203 1.0
transition 251 4 186 0.44395923240709 1.0
transition 252 0 127 -0.724693492121133 0.33462731012907226
transition 252 0 826 -0.8264474822442771 0.46306353206971274
transition 252 0 548 -0.6267771512207068 0.20230915780121497
transition 252 1 427 -0.7121808622072505 0.0953924669967998
transition 252 1 35 -0.3681974980509737 0.4617574308995405
transition 252 1 692 0.2268719353409796 0.44285010210365955
transition 252 2 712 0.38137909498793876 0.18050345229092554
transition 252 2 941 0.8863129922460036 0.4657280449129232
transition 252 2 854 -0.43590587392191327 0.35376850279615113
transition 252 3 59 0.9591531050260478 0.3621011006189338
transition 252 3 785 0.4286516446188189 0.29574627147357424
transition 252 3 971 0.35766879261410467 0.34215262790749185
transition 252 4 703 -0.5148132144343478 0.3409840834255304
transition 252 4 993 -0.43981677996497237 0.15913300233818503
transition 252 4 897 0.771403039938757 0.28991517175334935
transition 252 4 98 0.9660123375583298 0.20996774248293518
transition 253 0 299 -0.8443030913942298 0.7232773656654649
transition 253 0 985 0.7868018878089904 0.2767226343345352
transition 253 1 792 -0.41270015730459364 0.31206931472361954
transition 253 1 855 -0.5802329619776423 0.49030492224723426
transition 253 1 609 0.14858986710050126 0.19762576302914614
transition 253 2 236 -0.9780009812591777 0.38997605710270733
transition 253 2 402 -0.5750703681997698 0.4309685696807903
transition 253 2 488 -0.06468967412672888 0.1790553732165024
transition 253 3 495 -0.7236803228379223 1.0
transition 253 4 472 -0.12371665731019776 0.7477989369277103
transition 253 4 558 0.07648079501236271 0.2522010630722898
transition 254 0 28 0.17452120498917378 0.2307231246635958
transition 254 0 593 0.4938869018407639 0.1866195334441299
transition 254 0 724 0.582719975106589 0.10098110976101114
transition 254 0 332 -0.28465272893621885 0.11604589140552628
transition 254 0 949 0.9539197347636927 0.36563034072573697
transition 254 1 923 -0.22395879204514468 0.43628019160015313
transition 254 1 417 0.7395970611379676 0.5637198083998468
transition 254 2 19 -0.46935396447845545 1.0
transition 254 3 513 -0.7230162465027781 0.15713227901376375
transition 254 3 908 -0.2787511423933722 0.16182570150394673
transition 254 3 202 0.09892673343165725 0.24855924344541758
transition 254 3 893 -0.6134602039581878 0.20250307014318952
transition 254 3 18 -0.11411508961596994 0.2299797058936824
transition 254 4 900 0.46901752734407665 0.1593348383256914
transition 254 4 561 0.36231754031333163 0.3161243619829224
transition 254 4 314 -0.452407443445378 0.20523145370294105
transition 254 4 833 -0.4435385083393433 0.3193093459884452
transition 255 0 939 -0.005728051822766256 0.37517611981989524
transition 255 0 45 0.717375552645062 0.6248238801801048
transition 255 1 930 0.6643330370164975 0.38248104329026333
transition 255 1 349 -0.24092900647303517 0.6175189567097367
transition 255 2 225 -0.5657137661276519 0.13584528334367713
transition 255 2 560 -0.5192138102651529 0.8641547166563228
transition 255 3 618 0.4015793835568209 1.0
transition 255 4 37 0.6871878148092181 0.36807792348422447
transition 255 4 710 0.12267454683943746 0.29894025032112137
transition 255 4 824 -0.992691126680205 0.07697781944882641
transition 255 4 370 0.10572126963488482 0.2560040067458277
transition 256 0 797 0.5930887950841508 0.7143598450173605
transition 256 0 388 0.04729053915403192 0.28564015498263945
transition 256 1 781 -0.522040441354928 0.32132274990950765
transition 256 1 600 0.1505930887247231 0.41814607546503
transition 256 1 765 0.7054733336655914 0.2605311746254623
transition 256 2 495 -0.03599917691745258 1.0
transition 256 3 602 0.3933614235881737 1.0
transition 256 4 718 -0.45909076590813713 0.22021981991997952
transition 256 4 165 -0.06661536359717823 0.27996310453605594
transition 256 4 506 0.5220199674220245 0.3141642692372407
transition 256 4 146 -0.03329374410610386 0.18565280630672382
transition 257 0 142 -0.8927697793825937 0.18780574102149983
transition 257 0 475 0.9461198720359791 0.5012723939039432
transition 257 0 736 0.019848495109361375 0.31092186507455694
transition 257 1 695 0.10723890208112019 1.0
transition 257 2 931 -0.5681761944133306 1.0
transition 257 3 182 -0.9898822265278235 1.0
transition 257 4 656 0.5332055181067328 1.0
transition 258 0 931 -0.10925928605136881 0.12516098546091772
transition 258 0 105 -0.6390227732291969 0.10379641412575345
transition 258 0 885 -0.8864447212695092 0.17877605074750985
transition 258 0 943 0.7672679467101009 0.43460623672819537
transition 258 0 900 0.021013467476535208 0.15766031293762364
transition 258 1 808 -0.10044472093707069 0.048629698524292754
transition 258 1 43 -0.5764397369590939 0.9513703014757072
transition 258 2 543 -0.1128046377784051 0.2725560184793362
transition 258 2 725 -0.6676047693358689 0.07390317962248845
transition 258 2 603 0.5917020676326701 0.3256415785982592
transition 258 2 22 0.7546559616654962 0.14892227724864784
transition 258 2 236 0.7393764791613229 0.1789769460512683
transition 258 3 608 0.19800459990572628 0.05819680805077513
transition 258 3 857 0.6407233000168446 0.7527896697756579
transition 258 3 301 -0.838952579041284 0.18901352217356707
transition 258 4 759 -0.24013406101617218 0.7036789124438751
transition 258 4 872 -0.8984304645443935 0.05813935311993528
transition 258 4 348 0.09785193723560903 0.23818173443618962
transition 259 0 779 -0.5624767253338023 0.02808426609970455
transition 259 0 142 0.7768107725082471 0.4623986896579929
transition 259 0 40 0.12489805785306385 0.09369212929806048
transition 259 0 178 0.24727971769811208 0.41582491494424206
transition 259 1 393 -0.39570183762951494 0.07008228395614127
transition 259 1 974 0.4129323913585867 0.01867259919158479
transition 259 1 661 0.7376880936735559 0.39650115483258325
transition 259 1 353 0.9652673028493697 0.11152453904738889
transition 259 1 554 -0.2035139776766386 0.4032194229723019
transition 259 2 724 -0.41483646656164264 0.2619455345193409
transition 259 2 0 -0.5688670408117733 0.4527953107845936
transition 259 2 749 0.3405917657968136 0.26637128075959343
transition 259 2 92 -0.8821257928042785 0.018887873936472108
transition 259 3 933 0.5943878143639458 0.1851480504997361
transition 259 3 257 -0.15364440196388096 0.43759058801353534
transition 259 3 124 0.11578700325706803 0.37726136148672856
transition 259 4 540 0.1828950089809862 1.0
transition 260 0 65 -0.28548501023714357 1.0
transition 260 1 30 -0.2034774374690722 0.6478455361314897
transition 260 1 665 0.7703618889675665 0.35215446386851035
transition 260 2 13 0.48333966867558154 0.47180046364766953
transition 260 2 715 0.60544756259947 0.5281995363523304
transition 260 3 749 -0.32345065656467686 0.07081009046259536
transition 260 3 371 0.34589882807105776 0.10723354556818292
transition 260 3 589 0.041398328643983406 0.3127524352821371
transition 260 3 444 -0.8208247364503043 0.5092039286870848
transition 260 4 411 0.2243563580280885 0.3901361225353565
transition 260 4 969 0.208545860440158 0.6098638774646435
transition 261 0 555 -0.5881495741800791 0.05646942196871822
transition 261 0 551 -0.11168378339245977 0.43679645703874476
transition 261 0 727 -0.9788981614379961 0.3563867048921028
transition 261 0 694 0.6297144733528055 0.1503474161004342
transition 261 1 596 0.7747396495647134 0.27998735533428865
transition 261 1 351 -0.38126714005999296 0.30443584986996586
transition 261 1 175 -0.11609485363089411 0.08782759923788395
transition 261 1 415 -0.9066014595739882 0.32774919555786153
transition 261 2 419 -0.38278240978367517 0.22993590684788798
transition 261 2 144 0.37363117379886446 0.0165546149972986
transition 261 2 735 -0.4480629057216581 0.46923263487196687
transition 261 2 198 -0.46036387976129567 0.2842768432828465
transition 261 3 65 0.22090822799089405 0.2830017926526928
transition 261 3 598 -0.8392535729875032 0.2825431879439269
transition 261 3 324 -0.5071298489559721 0.4344550194033802
transition 261 4 755 -0.48498843306271633 0.697325740306278
transition 261 4 579 0.37063661461081376 0.30267425969372197
transition 262 0 1 0.569023122301695 0.41669241581626065
transition 262 0 842 -0.6036869663691218 0.2760920564465993
transition 262 0 36 -0.9790474635111723 0.3072155277371401
transition 262 1 282 0.5858372034589969 0.22678082398841096
transition 262 1 983 0.27109818045749856 0.2422708066227279
transition 262 1 793 0.9702145197195171 0.2205862107926242
transition 262 1 514 -0.09015720869708144 0.20485052478863844
transition 262 1 144 -0.6362781736359238 0.10551163380759845
transition 262 2 230 0.0355807312782368 0.12848542289388928
transition 262 2 695 -0.5715108528308488 0.4324867627453542
transition 262 2 532 -0.6983459148451345 0.43902781436075655
transition 262 3 408 0.34530035718565455 0.30488240551106305
transition 262 3 685 -0.5483180834480277 0.42314213941268813
transition 262 3 637 -0.9329857282123903 0.14824048141802154
transition 262 3 128 -0.7883742060813597 0.12373497365822723
transition 262 4 906 0.802299976667525 0.24147765674009344
transition 262 4 215 -0.7211986422412247 0.41355606534597034
transition 262 4 886 -0.4689912804724474 0.06625051736982732
transition 262 4 182 -0.9049588614359423 0.2787157605441089
transition 263 0 263 -0.6229642726489719 1.0
transition 263 1 731 -0.5615527622301697 0.30492683757100414
transition 263 1 386 0.13724923463624394 0.03879044354226606
transition 263 1 303 -0.47394970397943226 0.4773248597448561
transition 263 1 749 -0.34052835817887406 0.1789578591418738
transition 263 2 589 0.35545245542451154 0.08143853545538256
transition 263 2 32 0.7539600896722769 0.35715135529652714
transition 263 2 87 0.028005608729264386 0.5614101092480903
transition 263 3 304 -0.8971095301449805 0.26189719646539245
transition 263 3 764 -0.6032221345814077 0.20591497785952212
transition 263 3 365 0.11597483984522006 0.2163843421945374
transition 263 3 514 -0.2433998881621635 0.2554685469633146
transition 263 3 215 0.168421660450506 0.06033493651723342
transition 263 4 143 -0.9941785044619582 1.0
transition 264 0 85 0.8975342796842567 1.0
transition 264 1 747 0.5306416671287135 0.7719435658811531
transition 264 1 982 0.8974669605532852 0.22805643411884688
transition 264 2 425 0.6117721754930221 0.37914259538009715
transition 264 2 335 -0.6895572563886643 0.29062739968289736
transition 264 2 491 0.005202260010223725 0.1647854493305876
transition 264 2 4 -0.4405508373670568 0.16544455560641785
transition 264 3 596 -0.6377206174462036 1.0
transition 264 4 853 0.20384188482929422 0.3601634902291613
transition 264 4 822 -0.4153806466744401 0.27591392648550395
transition 264 4 586 -0.44867629295073197 0.08911372765530463
transition 264 4 579 0.2173173652446525 0.2748088556300302
transition 265 0 813 -0.25724420594209607 0.3170801188375386
transition 265 0 373 0.11171113323996495 0.20370337555277873
transition 265 0 873 -0.7817086773905906 0.20306506056645904
transition 265 0 523 0.7942841736491286 0.2761514450432236
transition 265 1 645 -0.4019480201947967 0.4124888870572528
transition 265 1 105 0.04594895430873924 0.1112526496168738
transition 265 1 517 0.28328900475314245 0.4762584633258734
transition 265 2 987 0.1315617616073672 1.0
transition 265 3 661 -0.8022822344103047 0.17614564689688084
transition 265 3 213 0.7665175647109654 0.097595687815836
transition 265 3 538 0.4734287988850583 0.21837337502942314
transition 265 3 596 -0.9975283609763541 0.18884641971976082
transition 265 3 792 0.9526131585623718 0.3190388705380992
transition 265 4 713 0.8413277671505517 0.13032859343538103
transition 265 4 98 0.6478024417825254 0.362534114671853
transition 265 4 885 0.47359848642485414 0.16986493402904457
transition 265 4 966 -0.4872352995814686 0.10943170156943689
transition 265 4 331 0.3416206788728924 0.22784065629428446
transition 266 0 466 -0.5927271709449917 0.004914904744116805
transition 266 0 23 -0.5329710704267319 0.19411328007565828
transition 266 0 646 -0.39247379058251264 0.22416891439613185
transition 266 0 737 0.8229611282366243 0.576802900784093
transition 266 1 624 0.6685856122643548 0.2128978291188617
transition 266 1 994 0.9475777893876034 0.3084009910888689
transition 266 1 159 0.8013209758404356 0.22755682516767206
transition 266 1 525 -0.702570063300223 0.061719856390332443
transition 266 1 537 -0.7063422155304027 0.18942449823426485
transition 266 2 598 0.3091531811872059 0.4752177210070023
transition 266 2 571 0.4378009867927406 0.5247822789929977
transition 266 3 664 0.05045389674311429 0.4871810543299494
transition 266 3 406 -0.41032094097041627 0.5128189456700506
transition 266 4 910 -0.9012788025481833 0.46587245484568696
transition 266 4 6 0.8416490600215312 0.213880774695665
transition 266 4 18 -0.09017011328819957 0.320246770458648
transition 267 0 783 0.7344405001464434 1.0
transition 267 1 559 0.5423135151790912 1.0
transition 267 2 90 -0.1786322784354346 0.014629559794327828
transition 267 2 337 0.23950739911224117 0.5774997550464356
transition 267 2 516 -0.801327181802181 0.4078706851592366
transition 267 3 951 0.2820891578998457 1.0
transition 267 4 412 -0.6043137225934883 0.21242570493356183
transition 267 4 16 -0.9930572179731261 0.03523202733876052
transition 267 4 965 -0.4059920668883601 0.22241789414455315
transition 267 4 687 0.21095555330336202 0.24265270096062408
transition 267 4 877 -0.7152865760141125 0.2872716726225005
transition 268 0 416 0.8559779005611612 0.12416592053758381
transition 268 0 389 0.8262366997476469 0.1856452991930775
transition 268 0 865 0.9709444539775374 0.33847678478069404
transition 268 0 181 0.9517210976151809 0.3517119954886446
transition 268 1 867 -0.334058797017756 0.13461679357744075
transition 268 1 279 0.15375564658965857 0.14337186615370923
transition 268 1 852 -0.8829324080423995 0.2538299001447246
transition 268 1 415 -0.42940004954984845 0.2596028818447502
transition 268 1 806 0.28269838753816057 0.2085785582793753
transition 268 2 750 0.24540945831068584 1.0
transition 268 3 6 -0.9752987694145372 0.24510595000559127
transition 268 3 86 0.8444734201601416 0.15554681766587491
transition 268 3 244 0.5043533894990078 0.33992114945664903
transition 268 3 445 0.8511468388274515 0.22339012117756496
transition 268 3 280 0.5657583494876104 0.03603596169431986
transition 268 4 488 0.7992779041946723 0.046887254397923225
transition 268 4 559 -0.11333053680547378 0.7713132122716349
transition 268 4 736 0.4576999077807946 0.181799533330442
transition 269 0 796 0.7638022995306615 0.38321030290535824
transition 269 0 969 -0.6613391197635226 0.6167896970946417
transition 269 1 151 -0.43347927951133847 0.13756760558734468
transition 269 1 270 -0.33909839210704695 0.21159641067234322
transition 269 1 71 0.2798241065014806 0.31261961664030186
transition 269 1 909 -0.3683766727779658 0.08170520980047381
transition 269 1 265 0.1793735957508642 0.2565111572995364
transition 269 2 701 -0.9641732601111062 0.3077342277028232
transition 269 2 299 -0.39843816485658 0.6922657722971768
transition 269 3 251 0.7613380144049338 0.2616142820478323
transition 269 3 24 0.12008155301065448 0.35199314663571146
transition 269 3 504 0.8376142028976361 0.11608585986290108
transition 269 3 255 -0.07329928469995584 0.009156663181413635
transition 269 3 199 0.10577957033686003 0.26115004827214156
transition 269 4 246 0.07400386730584185 0.2545412531566194
transition 269 4 307 0.3096347626398537 0.23452242695393455
transition 269 4 4 0.061685924960513505 0.24525082374506427
transition 269 4 202 -0.5983671663792081 0.014674247865658765
transition 269 4 459 -0.007768855915907258 0.251011248278723
transition 270 0 350 -0.672999335658603 0.8955433833175529
transition 270 0 688 0.930813785293009 0.10445661668244714
transition 270 1 870 0.8251830079636631 0.3208710444622405
transition 270 1 772 -0.36557100307371626 0.019128112465918664
transition 270 1 780 0.3794191174839212 0.6600008430718408
transition 270 2 952 -0.5947225145690578 0.9601752260989714
transition 270 2 143 -0.2687241729256056 0.014610663410995253
transition 270 2 681 0.9145248573352551 0.025214110490033335
transition 270 3 785 -0.8726019930837174 0.07498862560722566
transition 270 3 620 0.6932332171833231 0.23572076290326105
transition 270 3 560 -0.971586067747465 0.18383476487524408
transition 270 3 745 -0.9832462926583305 0.2468013411601693
transition 270 3 6 -0.5021751633008078 0.25865450545409985
transition 270 4 702 0.3445622428071655 0.27704617220051625
transition 270 4 727 -0.18621380794236986 0.6281363768313099
transition 270 4 299 0.2865020025592666 0.09481745096817387
transition 271 0 186 0.9210433674768459 0.36838105802235444
transition 271 0 289 -0.32932040699740894 0.16212530621668217
transition 271 0 981 0.12713767268961806 0.09623258492029592
transition 271 0 661 0.4927843600023154 0.1213153608645921
transition 271 0 627 -0.7477304868443524 0.25194568997607536
transition 271 1 962 -0.9818498603913333 0.2657855607166925
transition 271 1 158 0.8692366368810793 0.1660148524375285
transition 271 1 138 0.9148467705374301 0.1628875153320093
transition 271 1 188 -0.9950286600083069 0.4053120715137697
transition 271 2 369 -0.15416188862711722 0.4334015939968314
transition 271 2 729 0.9708628173519991 0.5665984060031686
transition 271 3 424 0.5312422327077442 0.31642014955663456
transition 271 3 734 0.17045836721601093 0.4664032828620746
transition 271 3 185 -0.9690328598544189 0.21717656758129086
transition 271 4 872 0.5901715542731385 0.16557266179473798
transition 271 4 516 -0.9154382822895344 0.22153443528019082
transition 271 4 836 0.10976478413423152 0.3959865095182735
transition 271 4 717 -0.5406109178378165 0.09906468484051008
transition 271 4 703 -0.792958621919033 0.1178417085662875
transition 272 0 995 -0.6009096821731807 0.42628639200971086
transition 272 0 882 -0.21508127829053958 0.5737136079902891
transition 272 1 259 -0.9679553991185827 0.22578621872057697
transition 272 1 590 0.8524152698630199 0.3747409782099577
transition 272 1 35 -0.944815019802435 0.0668381832718825
transition 272 1 958 -0.41649589219627936 0.19388048503699626
transition 272 1 862 0.22133334053318032 0.13875413476058657
transition 272 2 848 0.40917401125034036 0.08590354734355678
transition 272 2 731 -0.5657551090543278 0.9074668776947382
transition 272 2 323 0.6681296143933815 0.006629574961705022
transition 272 3 373 -1.2828860110891682e-05 0.24718959160378184
transition 272 3 36 -0.08075080188260753 0.27956336483177596
transition 272 3 590 0.6957640455416885 0.4732470435644422
transition 272 4 142 -0.4106501363942652 0.7603037967781318
transition 272 4 778 0.002258095083585321 0.2396962032218682
transition 273 0 100 -0.13497718006439974 0.7157289102945779
transition 273 0 727 -0.8193566530393843 0.2842710897054221
transition 273 1 578 0.9045721622833314 0.2865521177196784
transition 273 1 143 0.7636840367204887 0.29838997522837973
transition 273 1 832 -0.31113298015778423 0.41505790705194184
transition 273 2 391 -0.9998934283256533 1.0
transition 273 3 62 -0.743858477775859 0.3875383650002722
transition 273 3 756 0.8247981795781332 0.37719571995477635
transition 273 3 949 -0.8554180005071177 0.10126797394313769
transition 273 3 468 -0.2292330613968141 0.13399794110181365
transition 273 4 609 0.8106345999936 0.17599389714352678
transition 273 4 654 -0.03416504609619553 0.1150881186175308
transition 273 4 43 -0.5638439930508099 0.21611733307152597
transition 273 4 608 0.6754776740135657 0.34835883657343725
transition 273 4 119 -0.44924411233539097 0.14444181459397915
transition 274 0 500 -0.792276011643321 0.2925240336961366
transition 274 0 870 -0.546418460298018 0.7074759663038636
transition 274 1 369 -0.8655482270539894 0.7208938278089528
transition 274 1 721 0.7127979360563648 0.27910617219104716
transition 274 2 509 0.2224105729520709 0.48559319827023384
transition 274 2 516 -0.43745165740339886 0.2117988320065028
transition 274 2 600 -0.5127810788771994 0.30260796972326337
transition 274 3 241 -0.23385324958760756 0.012455672419084983
transition 274 3 27 0.4523236497391232 0.987544327580915
transition 274 4 759 -0.6557928747302939 0.010494286714340963
transition 274 4 137 0.632514571509176 0.42721884351338185
transition 274 4 813 0.09234416066748086 0.09487138780039238
transition 274 4 950 0.45763604350340925 0.0802012674447542
transition 274 4 383 0.6222801578517698 0.3872142145271306
transition 275 0 780 0.2279228841080474 1.0
transition 275 1 2 -0.1062193951939212 0.1877058408283915
transition 275 1 367 0.9199065280204464 0.3314599672528645
transition 275 1 823 -0.4302993439769127 0.05217623037495463
transition 275 1 869 0.3747091617344567 0.3085894182696465
transition 275 1 659 -0.969380145194783 0.12006854327414303
transition 275 2 865 -0.988753460192108 0.5268127957888471
transition 275 2 764 -0.052754093997492646 0.08271716037057306
transition 275 2 7 -0.2228844697505492 0.3904700438405798
transition 275 3 363 0.6475718380467823 1.0
transition 275 4 983 -0.8139595010557206 0.6041021805951857
transition 275 4 295 0.1896796437418642 0.133135714863421
transition 275 4 419 0.338810791863017 0.03865381022365035
transition 275 4 26 -0.7319402474924206 0.22410829431774298
transition 276 0 557 -0.5910840932722896 0.2651584466437559
transition 276 0 456 0.11777568538101812 0.7348415533562441
transition 276 1 142 0.47242737734462237 0.4344601717135811
transition 276 1 663 0.642249340994312 0.565539828286419
transition 276 2 35 -0.3499880322274398 0.27783472565206785
transition 276 2 670 -0.878666535273875 0.13405942894258585
transition 276 2 506 0.41380310968435396 0.3467459430307449
transition 276 2 884 -0.7189215534268987 0.24135990237460134
transition 276 3 210 -0.6062652623843805 1.0
transition 276 4 525 0.3430500362895985 0.4915964510511836
transition 276 4 254 -0.20489825246250382 0.3820759861288378
transition 276 4 583 0.04219639456391966 0.12632756281997862
transition 277 0 339 0.04973906711436249 0.027425706509494566
transition 277 0 746 -0.5932963446256077 0.2583895384681309
transition 277 0 684 -0.9066493849788126 0.20333398256257476
transition 277 0 594 -0.09099817330510396 0.21040434805047023
transition 277 0 880 0.3681219232774682 0.3004464244093296
transition 277 1 560 -0.6809568686416552 1.0
transition 277 2 988 0.5357715726570897 1.0
transition 277 3 874 0.8760343086858504 0.050060775092899454
transition 277 3 225 0.7259598780743426 0.10857721934205879
transition 277 3 631 -0.7287437530927936 0.41945435746373755
transition 277 3 33 0.39121712630586125 0.4219076481013042
transition 277 4 856 -0.13467163343098298 0.3559916304001748
transition 277 4 94 -0.29888577712398745 0.23020239508610077
transition 277 4 71 -0.9989971310966124 0.4138059745137246
transition 278 0 909 -0.13881145830087438 1.0
transition 278 1 873 0.7126400111551541 0.44766519073814215
transition 278 1 617 -0.5594276933177897 0.5523348092618579
transition 278 2 983 -0.4356669946348013 0.14599740818882306
transition 278 2 23 -0.5367102791502383 0.38751639262380533
transition 278 2 884 -0.5950551526267074 0.46648619918737144
transition 278 3 844 -0.7820401576992038 0.31953830294122365
transition 278 3 959 0.2409749544201436 0.49150285385745224
transition 278 3 73 -0.7357543404221625 0.10174586585016107
transition 278 3 785 -0.6227924615791429 0.08721297735116304
transition 278 4 508 0.43341574042013997 0.21948140199671137
transition 278 4 814 0.9794649493138201 0.267223102877793
transition 278 4 208 -0.970364702417494 0.12199153217337455
transition 278 4 118 -0.9378703709573974 0.18984813125005778
transition 278 4 863 0.2510001057050948 0.2014558317020633
transition 279 0 104 -0.34779980758934537 0.3019787016589738
transition 279 0 777 0.022838166599921994 0.6980212983410262
transition 279 1 140 0.06309286379981183 0.07357912906653023
transition 279 1 709 0.19046751488090052 0.31063601375120464
transition 279 1 397 0.4502509685136724 0.23694032786610092
transition 279 1 409 0.5964938112699427 0.21862706061710388
transition 279 1 110 0.7625802093773482 0.1602174686990603
transition 279 2 871 0.778315585470744 0.10087992109813818
transition 279 2 85 0.5242356654258147 0.27621173167199947
transition 279 2 669 -0.5924652225497693 0.4602981506309579
transition 279 2 757 0.45882366973430555 0.16261019659890433
transition 279 3 240 0.8068592006845603 1.0
transition 279 4 802 -0.5636742636744707 0.10847733397338505
transition 279 4 197 0.5544449074031446 0.4199823906539632
transition 279 4 71 -0.6017558244182544 0.4715402753726518
transition 280 0 323 -0.306003993255626 1.0
transition 280 1 407 -0.3414669542984372 0.17165333543299294
transition 280 1 603 -0.2706858555172047 0.3628390088638764
transition 280 1 275 -0.7612304577286291 0.18991354468787683
transition 280 1 773 0.07382679721072338 0.27559411101525383
transition 280 2 887 0.11366284203502763 0.3800207921825472
transition 280 2 186 -0.19988859820591243 0.6199792078174527
transition 280 3 446 0.49506273342411933 0.3916165047522594
transition 280 3 262 0.23969401760073383 0.5892478425624629
transition 280 3 58 0.8572057687500467 0.019135652685277654
transition 280 4 974 0.031888215993542524 0.2302573775833498
transition 280 4 63 0.8182982230467697 0.22715706543348685
transition 280 4 489 0.5374086026759044 0.11096407251331797
transition 280 4 287 0.7433899566532265 0.3608172448733287
transition 280 4 78 -0.03502120262284025 0.07080423959651672
transition 281 0 2 0.9424730559735119 1.0
transition 281 1 256 0.20527033215640134 0.052924917464555195
transition 281 1 236 0.10043052418678577 0.06490281155955074
transition 281 1 184 0.4699692510555755 0.1614752170360092
transition 281 1 119 -0.6454215889884829 0.39601379066339404
transition 281 1 81 0.16302699071168747 0.32468326327649083
transition 281 2 388 0.11408550295905617 0.4626271223877541
transition 281 2 680 -0.7150641096798616 0.537372877612246
transition 281 3 561 0.7227657958560942 1.0
transition 281 4 790 -0.8878048829492018 0.8355065671643479
transition 281 4 197 -0.7862410653232907 0.16449343283565207
transition 282 0 551 -0.7238583433980581 1.0
transition 282 1 691 0.7098181107980936 0.19217469877455418
transition 282 1 324 -0.5983827162485542 0.13709011569013504
transition 282 1 344 0.5784278319466156 0.42124788851642786
transition 282 1 228 0.6491612512188547 0.2494872970188829
transition 282 2 724 0.6422966530580487 0.41437620877693465
transition 282 2 22 -0.6266749727734473 0.11793668915054331
transition 282 2 264 0.9914804830938995 0.4601074975496398
transition 282 2 810 0.49491286225586273 0.007579604522882133
transition 282 3 390 -0.8906582752126073 0.19722046899357076
transition 282 3 245 0.15850697386619617 0.4614754956825357
transition 282 3 720 -0.19782234691157807 0.3413040353238936
transition 282 4 923 0.7306793419375883 0.2038091666217956
transition 282 4 419 0.14268551541261631 0.14106005723795415
transition 282 4 878 -0.6442322952958888 0.19397723512014017
transition 282 4 717 -0.9985892696157597 0.12541471671579374
transition 282 4 797 0.047448551329929645 0.3357388243043164
transition 283 0 767 -0.8098367987385815 0.5561860064300057
transition 283 0 981 -0.6706855428561667 0.05826433770161928
transition 283 0 670 0.5680332985033598 0.385549655868375
transition 283 1 867 0.9796345143656393 0.2520884819720599
transition 283 1 628 -0.8514862623201258 0.6045852685625592
transition 283 1 232 -0.7792007163953569 0.143326249465381
transition 283 2 354 -0.8771206055162661 0.8968353754449634
transition 283 2 362 -0.2701913263243978 0.0030073032649134065
transition 283 2 705 0.5709092999710346 0.10015732129012322
transition 283 3 886 -0.6219633295716347 0.48180044997457594
transition 283 3 185 -0.26087608020354325 0.5181995500254241
transition 283 4 106 0.689981621269304 0.11845878023863451
transition 283 4 144 0.34186446949295735 0.21679021774482826
transition 283 4 760 -0.37696316728458457 0.31465093801676963
transition 283 4 796 0.1907270052029928 0.14563479898758774
transition 283 4 483 0.15616444925989725 0.20446526501217982
transition 284 0 908 0.9997066115540967 0.2098746188720113
transition 284 0 560 -0.5982507229661951 0.3667387345389069
transition 284 0 409 0.9823908592826598 0.4233866465890819
transition 284 1 653 0.4416947248266423 0.16858035211639844
transition 284 1 324 0.8516936479231489 0.8314196478836016
transition 284 2 49 -0.18394093418081137 1.0
transition 284 3 874 -0.16641264197159034 0.5454702527684262
transition 284 3 544 0.9483815006960412 0.34641084706842773
transition 284 3 494 0.17370066605293166 0.10811890016314599
transition 284 4 847 0.7907027195167511 0.14196382398790547
transition 284 4 118 0.6851366089136663 0.009243812730368952
transition 284 4 749 0.9297500889244323 0.3653107278324042
transition 284 4 9 0.9792903586607555 0.3244033454668102
transition 284 4 850 -0.07270289101633076 0.15907828998251114
transition 285 0 894 0.3823813916934764 0.36728708115044284
transition 285 0 680 0.7781034463685517 0.3724355940061112
transition 285 0 540 0.43758037727801224 0.140951289703583
transition 285 0 187 0.7695011875986633 0.11932603513986294
transition 285 1 993 -0.8882746415251517 0.9528734605807335
transition 285 1 264 -0.7304040602974997 0.04712653941926643
transition 285 2 62 0.764372840470299 1.0
transition 285 3 50 0.43913277444628895 0.9392658747355919
transition 285 3 930 0.14620875282069723 0.06073412526440817
transition 285 4 948 -0.3957028891255945 1.0
transition 286 0 975 0.45402114526786996 0.39398614911567015
transition 286 0 540 -0.39778099526158517 0.3001001486058459
transition 286 0 486 0.25415854302972773 0.30591370227848397
transition 286 1 673 -0.14922913039374186 0.2453561452954441
transition 286 1 872 -0.33098748603577133 0.2791837018444123
transition 286 1 811 -0.9494222193164688 0.33593288174559616
transition 286 1 34 -0.9934946707310053 0.06554813285601592
transition 286 1 973 -0.08478305185326729 0.07397913825853163
transition 286 2 966 0.7471909376352708 0.2130133177083258
transition 286 2 841 0.4596577773809536 0.35190500550849263
transition 286 2 821 0.16315479964993385 0.3288231296142545
transition 286 2 210 -0.3513989122120518 0.011312601835074862
transition 286 2 412 -0.08045969944953124 0.0949459453338522
transition 286 3 361 0.3527154862070203 0.06174387514416378
transition 286 3 38 -0.1068238610569967 0.058102318576713996
transition 286 3 890 0.8950760645269693 0.8801538062791222
transition 286 4 796 -0.08985156679991002 0.3014241014239087
transition 286 4 356 -0.7544432582931502 0.4097409149703778
transition 286 4 557 -0.4029973498934236 0.12133037800471193
transition 286 4 175 0.7892885583188005 0.16750460560100155
transition 287 0 590 -0.4935488249795008 0.13337099135108282
transition 287 0 560 -0.08252815769220478 0.26057533999217675
transition 287 0 721 0.1251918585685332 0.16967456320143168
transition 287 0 177 0.41059667933957744 0.4363791054553089
transition 287 1 832 0.6905185490114942 0.550585150296538
transition 287 1 414 -0.1792326296295199 0.449414849703462
transition 287 2 651 -0.9398672736295028 0.46411223099665744
transition 287 2 419 -0.2501231919692666 0.01131002708378488
transition 287 2 201 -0.14980574142120906 0.08316884610650453
transition 287 2 517 -0.8106295544770146 0.44140889581305315
transition 287 3 407 -0.938410711091406 1.0
transition 287 4 249 -0.29975222173033766 1.0
transition 288 0 622 0.2737445297527261 0.15000583322639863
transition 288 0 911 -0.35145943910539024 0.13458705513405558
transition 288 0 511 -0.8636576476218278 0.13956028037671594
transition 288 0 207 0.6443199730911966 0.13093696039419056
transition 288 0 859 0.5788236778800773 0.4449098708686392
transition 288 1 136 0.6415939025666721 0.09369296604134945
transition 288 1 833 0.8367833712470096 0.5922527498776197
transition 288 1 991 0.1616807335727921 0.31405428408103087
transition 288 2 516 -0.5103521331346095 0.4545483676049789
transition 288 2 471 -0.6750930094249941 0.5454516323950211
transition 288 3 161 -0.38912659744159295 0.19241650485122078
transition 288 3 203 0.1541502635692824 0.40638092392650976
transition 288 3 434 0.38046236631489827 0.1124579730281917
transition 288 3 270 0.8932578968936586 0.2887445981940778
transition 288 4 206 -0.17033062221023054 1.0
transition 289 0 441 0.11063681331590258 0.29094755329869604
transition 289 0 830 0.8086789106199308 0.36116641757439366
transition 289 0 998 -0.2537892950179068 0.07031814102257194
transition 289 0 892 -0.7510084159100474 0.2775678881043384
transition 289 1 645 -0.08351667821793707 0.04636755251226611
transition 289 1 232 -0.44699415676943177 0.25627002622818035
transition 289 1 202 -0.6369819318820551 0.2176621682947075
transition 289 1 660 -0.12075879152644964 0.21158624548610738
transition 289 1 204 0.5993888796372611 0.2681140074787386
transition 289 2 654 0.2216806051774558 0.09982117175627148
transition 289 2 992 -0.24913887244691768 0.9001788282437286
transition 289 3 583 0.4183220116466817 1.0
transition 289 4 491 0.7628788605607146 0.19145604706167607
transition 289 4 71 0.21078455367169524 0.8085439529383239
transition 290 0 637 -0.7339208688533663 0.5808475880739127
transition 290 0 842 -0.6203674305062237 0.3962661602466364
transition 290 0 332 -0.37875158738933257 0.022886251679450895
transition 290 1 199 0.8111390411444295 0.3293040498640477
transition 290 1 100 -0.5295729172506813 0.6706959501359523
transition 290 2 474 -0.9423018422548859 0.01575352699149299
transition 290 2 316 0.18949449364806226 0.6820250754462323
transition 290 2 210 0.7978505778798568 0.25415807740377133
transition 290 2 457 0.8816290187361719 0.048063320158503446
transition 290 3 650 0.7587496457823872 0.12687576768356487
transition 290 3 762 0.8266584161287491 0.19802331931943568
transition 290 3 4 0.35027429503419505 0.22814619732370162
transition 290 3 340 0.47877052134478393 0.41742637423493756
transition 290 3 739 -0.6471569148244267 0.02952834143836032
transition 290 4 503 0.8731897785651048 0.33070255899042406
transition 290 4 422 0.5171835468957051 0.04901248315837951
transition 290 4 950 -0.4942172747871192 0.2115861620857484
transition 290 4 840 0.5386897540071292 0.29991273190329537
transition 290 4 760 0.15026732597001868 0.10878606386215267
transition 291 0 236 0.5262156926354495 1.0
transition 291 1 691 -0.48899714507109593 1.0
transition 291 2 779 0.2250172732767004 0.25098551434067906
transition 291 2 165 -0.3478294371065138 0.24135508577664946
transition 291 2 70 -0.999153020647322 0.09957383129688409
transition 291 2 153 -0.03427299902315295 0.0551801788499242
transition 291 2 124 -0.9617692421443589 0.3529053897358632
transition 291 3 668 0.8097214595353659 0.4067412976992483
transition 291 3 169 0.25453557187545606 0.2522892999881444
transition 291 3 165 -0.6615441150043586 0.3409694023126073
transition 291 4 31 0.8297774123768216 0.00919454057270798
transition 291 4 154 -0.4826424914190177 0.44022387094234816
transition 291 4 202 0.627719775041724 0.2993389215605119
transition 291 4 37 0.3962949031474978 0.2512426669244319
transition 292 0 902 0.13780734473932266 0.21737923735801665
transition 292 0 183 0.41499496017019544 0.03980322445644928
transition 292 0 572 -0.8448532832917617 0.6148443407811115
transition 292 0 206 0.7916406380487504 0.12797319740442262
transition 292 1 52 0.18407085641901322 1.0
transition 292 2 685 -0.08863482977260273 1.0
transition 292 3 559 0.9054745024710706 0.29945378725119015
transition 292 3 541 0.5610838802613776 0.2893379727718187
transition 292 3 319 -0.4659349399427113 0.37282961342552623
transition 292 3 205 0.2358731498606379 0.038378626551464914
transition 292 4 657 0.9225997305217464 0.09188968021262492
transition 292 4 40 0.2072218010522413 0.455837224349043
transition 292 4 8 0.8128050805277494 0.09077024998667314
transition 292 4 161 -0.5480863682571746 0.03518645123081245
transition 292 4 735 -0.3478277721044434 0.32631639422084663
transition 293 0 679 0.49013912858691633 0.7014596605136095
transition 293 0 49 0.2445456876299532 0.1093637336104347
transition 293 0 919 -0.2528105508001133 0.18917660587595586
transition 293 1 507 0.9052523703823347 0.2737985753872309
transition 293 1 885 0.23850407137096963 0.33112758492292665
transition 293 1 496 -0.6706074882409243 0.2658232729682096
transition 293 1 207 0.010939727040172764 0.08984220419012995
transition 293 1 723 -0.8774121799245234 0.03940836253150296
transition 293 2 50 0.4945303800926737 1.0
transition 293 3 22 -0.5344819140256005 0.39337172928426495
transition 293 3 114 0.005254099576939675 0.33123302471618965
transition 293 3 534 0.21709895555535796 0.2437490694506667
transition 293 3 674 0.9455939179195838 0.03164617654887873
transition 293 4 444 0.38087214630475485 1.0
transition 294 0 159 -0.9917912072144914 1.0
transition 294 1 154 -0.6265334561489382 0.1693383516161716
transition 294 1 514 0.7224382017344175 0.45973680619197876
transition 294 1 982 0.6380643124481473 0.3709248421918496
transition 294 2 702 -0.8417615213080318 0.6533071363380183
transition 294 2 318 0.2837285103960978 0.3466928636619818
transition 294 3 954 0.35475796894433165 0.5210286226474381
transition 294 3 284 0.22419969546609986 0.06739628085975712
transition 294 3 962 0.01306156289492244 0.21608434853451966
transition 294 3 274 0.9674949805762936 0.19549074795828517
transition 294 4 262 0.49336810511063645 0.33528347118686885
transition 294 4 857 0.8033773548244083 0.37076824746164067
transition 294 4 670 0.8252563127972552 0.005421074382651335
transition 294 4 954 0.2868798735659359 0.11979561951198826
transition 294 4 121 0.551471342658564 0.168731587456851
transition 295 0 114 -0.7465478514780992 0.29982678764092435
transition 295 0 984 -0.8718766588594291 0.26070507647440133
transition 295 0 120 0.692728309852475 0.11433976810134446
transition 295 0 909 -0.21078719889426223 0.3251283677833299
transition 295 1 785 -0.8324405556539409 0.26513355593956645
transition 295 1 335 0.16928752624825516 0.23892419145944188
transition 295 1 102 0.30516563304834676 0.45863967906154657
transition 295 1 311 0.25673464988910255 0.037302573539445154
transition 295 2 519 -0.8468455061415436 0.3059067666006413
transition 295 2 216 -0.5732620004108322 0.37173216447880103
transition 295 2 280 0.13340642821851056 0.27014914367087806
transition 295 2 803 0.833862904016341 0.052211925249679624
transition 295 3 26 0.317580120246302 1.0
transition 295 4 492 -0.288557833073674 0.17483965889033246
transition 295 4 156 0.24645649344195286 0.4378661021800578
transition 295 4 837 -0.32534789174575507 0.20226398901266168
transition 295 4 387 -0.8066122205936925 0.18503024991694816
transition 296 0 822 0.6213239500981149 0.4392466942210944
transition 296 0 55 0.6643772849214096 0.2070292443909409
transition 296 0 276 0.10025015039354312 0.35372406138796475
transition 296 1 865 0.893967830110235 0.35903637107453007
transition 296 1 33 0.24941030773367823 0.2412228773620195
transition 296 1 251 -0.46236006689432996 0.10896519231383298
transition 296 1 657 0.8173265428575831 0.2907755592496175
transition 296 2 401 -0.025871168183352777 0.06335158926008141
transition 296 2 929 0.9924126515558753 0.8606042237757384
transition 296 2 804 -0.7012490432555811 0.07604418696418015
transition 296 3 478 -0.5617024937347959 0.35293554159060947
transition 296 3 213 -0.8889669406028142 0.2864870427459096
transition 296 3 354 -0.9857536538830609 0.3605774156634809
transition 296 4 87 0.9989808449933995 0.06504034415930735
transition 296 4 111 -0.4376637357311066 0.3619021429168799
transition 296 4 508 -0.7554824300726586 0.37884591896590936
transition 296 4 24 0.6238329796340483 0.19421159395790344
transition 297 0 481 -0.9745167841489502 1.0
transition 297 1 212 -0.00767645698839492 0.1322611998167428
transition 297 1 140 -0.751056946873748 0.27651421600886017
transition 297 1 671 -0.2744087015839052 0.48179307854911446
transition 297 1 784 -0.3273538155206268 0.10943150562528255
transition 297 2 61 -0.5389917069541592 0.1220701324360287
transition 297 2 467 0.13880666723732626 0.8779298675639713
transition 297 3 631 -0.6332864939776837 0.02788243364042509
transition 297 3 220 -0.50512364457391 0.15651853993431525
transition 297 3 202 0.008159733536199587 0.27811299361211334
transition 297 3 178 0.7031109095668298 0.5374860328131463
transition 297 4 618 -0.7887103572855931 0.18664040591676154
transition 297 4 793 -0.7341871160416373 0.38979171824544295
transition 297 4 852 -0.016616575826267743 0.2248082906467783
transition 297 4 145 0.7847544774641484 0.1987595851910172
transition 298 0 529 -0.2857833378551904 0.5322415089110687
transition 298 0 783 -0.19191266354080128 0.21504035092805432
transition 298 0 759 0.6628850424513311 0.25271814016087696
transition 298 1 148 -0.85894723656496 0.1731952719484979
transition 298 1 646 -0.3750099742865365 0.3436820899780637
transition 298 1 56 -0.13323863374961564 0.12017063630694068
transition 298 1 248 -0.5285896969213011 0.2842513793507373
transition 298 1 283 0.8118946351088796 0.07870062241576042
transition 298 2 241 -0.543280993523976 0.4799209055920539
transition 298 2 158 -0.7320865093287747 0.4179986058399627
transition 298 2 615 0.652254636515337 0.10208048856798341
transition 298 3 33 -0.7640895298115007 0.32978228368200135
transition 298 3 975 0.5947781115091131 0.003607191754920143
transition 298 3 522 -0.39637679993582897 0.5035157617144389
transition 298 3 777 0.5324233097708049 0.16309476284863955
transition 298 4 493 -0.37284808123415036 0.2846124103279334
transition 298 4 667 0.707706694277022 0.7053258022440541
transition 298 4 501 -0.5275025260077577 0.010061787428012706
transition 299 0 26 -0.6694868832625238 0.11412264407123048
transition 299 0 506 0.4318396835341156 0.03432294134557575
transition 299 0 662 0.8240198813102417 0.33047229904001924
transition 299 0 870 0.7903435692645073 0.5210821155431744
transition 299 1 819 0.6745568682685275 0.07709758769288158
transition 299 1 29 -0.0135031842528468 0.35519099299900864
transition 299 1 297 -0.47615173074888895 0.5677114193081098
transition 299 2 362 0.6620242102117335 0.5112495991107148
transition 299 2 460 0.8569206372635536 0.2064717527106883
transition 299 2 749 -0.3745027309918023 0.015834968952737328
transition 299 2 664 -0.05407351765209367 0.26644367922585954
transition 299 3 147 0.3144480405768628 0.2774402370882908
transition 299 3 399 0.00507236545550982 0.28211564997676475
transition 299 3 203 0.8427673400037281 0.25053190229009675
transition 299 3 415 -0.2889456973770046 0.007625417051668673
transition 299 3 277 -0.23507696591935523 0.18228679359317904
transition 299 4 566 -0.10460975337359413 0.6718967326998592
transition 299 4 402 0.5434137127890795 0.3281032673001408
transition 300 0 739 0.7937894180485414 0.3758241271538722
transition 300 0 215 -0.4613624094606952 0.006884097208666984
transition 300 0 249 -0.44512525141734316 0.16542042161690534
transition 300 0 479 0.9857488948416977 0.45187135402055545
transition 300 1 516 0.01893521536239029 0.22511257044986963
transition 300 1 91 0.25273019938213404 0.3343013925254393
transition 300 1 199 -0.9909746935219206 0.27430612687723127
transition 300 1 902 -0.8593370990648281 0.16627991014745983
transition 300 2 458 -0.4449939450867424 1.0
transition 300 3 67 -0.4289075928120323 1.0
transition 300 4 141 0.41506436096369015 0.2586445056117762
transition 300 4 385 -0.4931494372757048 0.14713593226729804
transition 300 4 940 -0.6895645879096599 0.06117539900029718
transition 300 4 227 -0.3980511703899483 0.3399166118209371
transition 300 4 84 -0.9552523191708968 0.19312755129969159
transition 301 0 627 -0.8619893110676999 0.2232995121846641
transition 301 0 438 -0.9853471462301342 0.32381571508924356
transition 301 0 98 0.5462442893178077 0.13865816167730813
transition 301 0 190 0.015433554823834683 0.16655244494070592
transition 301 0 430 -0.12658222907490813 0.1476741661080782
transition 301 1 297 -0.5201479378523932 0.456419170444523
transition 301 1 538 -0.048784122495767024 0.06470034048976289
transition 301 1 477 -0.1243392582460241 0.2703387639184355
transition 301 1 550 -0.6882748475446325 0.1194571764225017
transition 301 1 530 -0.27761405351370083 0.08908454872477693
transition 301 2 905 0.3234658007787532 1.0
transition 301 3 247 0.4492113274237024 0.3469560026844438
transition 301 3 14 -0.5710488291609761 0.16966644068988834
transition 301 3 32 -0.4552062928601226 0.05057768887021074
transition 301 3 432 -0.003490185748437291 0.09513791029653125
transition 301 3 40 0.15588110651469078 0.33766195745892574
transition 301 4 865 0.6499758983521633 0.27134211692404975
transition 301 4 330 0.5044271077211873 0.3397171838994079
transition 301 4 539 -0.791721192416349 0.38894069917654245
transition 302 0 676 -0.08161564068322869 0.3972322681932985
transition 302 0 619 -0.35192496944700524 0.6027677318067015
transition 302 1 925 0.22528096763707461 0.19307139745635446
transition 302 1 446 0.14873770686774956 0.25249312427709164
transition 302 1 673 -0.8733096750132479 0.08156716501336764
transition 302 1 365 0.783767569460367 0.33088502642814455
transition 302 1 763 -0.4605782453975389 0.1419832868250418
transition 302 2 723 -0.10729966086776432 0.6005332968293983
transition 302 2 118 -0.539399557790502 0.3994667031706017
transition 302 3 398 -0.5028010423749119 0.16488569552145407
transition 302 3 848 0.21151379223488176 0.19995433078432884
transition 302 3 368 -0.3275155383187658 0.2775697295604734
transition 302 3 578 -0.47460294014965254 0.3575902441337438
transition 302 4 21 -0.494808205008634 0.6679579386990864
transition 302 4 665 -0.022633911346501945 0.3320420613009137
transition 303 0 412 0.348218069532755 0.40509893700764266
transition 303 0 445 0.5776948028630753 0.5949010629923573
transition 303 1 768 -0.39554635467036103 0.8991396813617865
transition 303 1 303 -0.41837370092940107 0.10086031863821354
transition 303 2 742 0.8784740694137205 0.5263602026650063
transition 303 2 985 -0.7997198252318891 0.04931927482555061
transition 303 2 261 0.5589839381178647 0.2910136564782884
transition 303 2 18 -0.8978111581817803 0.13330686603115466
transition 303 3 309 0.5253600774567688 0.15302626799326252
transition 303 3 88 -0.22404770242493366 0.2700641369549177
transition 303 3 965 -0.4629542599750467 0.12005796255612927
transition 303 3 268 -0.5261480973523023 0.21095014542977628
transition 303 3 759 0.8444851446208528 0.24590148706591416
transition 303 4 842 0.8331462440640236 1.0
transition 304 0 423 0.8866257677724141 0.19990333978516647
transition 304 0 955 0.4958610118480551 0.14680151131192593
transition 304 0 478 0.6634811628226394 0.08987674331432456
transition 304 0 712 -0.19003404775647814 0.563418405588583
transition 304 1 964 0.28927767380526714 0.35981002833526465
transition 304 1 687 0.5450757428163635 0.14432979808453694
transition 304 1 669 -0.4080671055630274 0.4958601735801984
transition 304 2 64 -0.17414258867980648 1.0
transition 304 3 717 -0.09469396767845484 0.9545953783597073
transition 304 3 908 0.7349004564526815 0.04540462164029267
transition 304 4 923 -0.6487040486857982 0.6456197219380649
transition 304 4 176 0.3008898196681127 0.354380278061935
transition 305 0 951 0.08067897071716268 0.2648214350387479
transition 305 0 648 0.9554175987830422 0.11186580682399837
transition 305 0 903 -0.11194757042109127 0.1329133047312871
transition 305 0 144 0.8201304314638922 0.15433026291237137
transition 305 0 119 -0.5598402430772533 0.33606919049359524
transition 305 1 543 -0.858593478877079 0.15521303923623364
transition 305 1 975 0.28583734582364984 0.17329134221444314
transition 305 1 648 -0.49184100631221694 0.21588293230136324
transition 305 1 643 -0.7621584200239742 0.23961632179002149
transition 305 1 713 0.8317635072147818 0.21599636445793852
transition 305 2 433 -0.915068621099062 0.2102263585798884
transition 305 2 729 -0.6549350494140997 0.14799795521226702
transition 305 2 805 -0.19065454543335503 0.16866400371371718
transition 305 2 91 -0.0388075041910485 0.25411663419032077
transition 305 2 292 -0.8950163815336125 0.21899504830380676
transition 305 3 572 -0.0036026899502135112 0.16298919064278855
transition 305 3 381 -0.13625810187487897 0.22087908148460814
transition 305 3 863 -0.8489524457120288 0.17555679425666973
transition 305 3 618 -0.42803320620644514 0.23863900229016657
transition 305 3 733 0.6967369630744717 0.20193593132576704
transition 305 4 2 -0.9714043350684334 0.5217748319825942
transition 305 4 691 0.06997410498398948 0.47822516801740583
transition 306 0 710 0.8402841289400436 0.25641739199996944
transition 306 0 576 -0.5652656409254864 0.7435826080000305
transition 306 1 65 -0.049487787811266504 0.13614560990366328
transition 306 1 824 -0.1684880700071527 0.5122023367605758
transition 306 1 101 -0.9541370598668903 0.35165205333576083
transition 306 2 512 -0.3876458030591228 0.19195888897339744
transition 306 2 79 -0.7551094616351917 0.2577577067640651
transition 306 2 145 -0.23321809609586408 0.5329577913170509
transition 306 2 193 0.267075884966979 0.01732561294548652
transition 306 3 885 -0.6492155731810445 0.6612078252312497
transition 306 3 15 -0.6814337028606001 0.3387921747687503
transition 306 4 383 -0.7152851055770919 0.00799267861851418
transition 306 4 731 0.9187037634118556 0.9920073213814858
transition 307 0 796 -0.5620880572502363 0.7189183741545141
transition 307 0 376 0.6915840933426771 0.13597698545925085
transition 307 0 272 0.5645759459506303 0.052170182214179
transition 307 0 559 -0.24603337864236807 0.09293445817205602
transition 307 1 104 -0.8671081745547755 0.5090018158138695
transition 307 1 142 0.01447867464612651 0.4909981841861305
transition 307 2 409 0.2698577723063682 0.08213018100188971
transition 307 2 884 -0.5126355276099182 0.36399344564811303
transition 307 2 45 -0.7793693820608876 0.21383731512226464
transition 307 2 956 0.4555485434420137 0.3400390582277326
transition 307 3 508 0.47348311201338267 1.0
transition 307 4 763 -0.4017290058662013 0.4331381955633232
transition 307 4 133 0.20774745067855305 0.5112636497730438
transition 307 4 358 0.49164650717541925 0.05559815466363303
transition 308 0 415 -0.22623884938874483 0.35399986803569405
transition 308 0 20 -0.4407851272225023 0.25478492196990016
transition 308 0 259 0.5431728820477635 0.36876447552635105
transition 308 0 68 -0.12663344464489978 0.022450734468054685
transition 308 1 142 -0.6425441056552592 0.7755675479789335
transition 308 1 590 -0.4961116313883438 0.22443245202106657
transition 308 2 31 0.7896355980834202 0.46637354996598435
transition 308 2 531 0.02187186905083638 0.10789522320216041
transition 308 2 160 0.5817581112343351 0.42573122683185527
transition 308 3 351 0.10764055950568219 0.05119437202123306
transition 308 3 870 0.2883810160554434 0.43611005729559815
transition 308 3 718 -0.9894495103522036 0.09930008811800908
transition 308 3 130 -0.6271553967617698 0.006460859134494795
transition 308 3 923 -0.2737314549203522 0.40693462343066494
transition 308 4 29 0.6065216037094898 0.259289510312768
transition 308 4 712 -0.0994377006078977 0.7407104896872321
transition 309 0 4 -0.19483277513682973 0.27788169349926883
transition 309 0 877 0.42806605357330185 0.25563738807446035
transition 309 0 880 -0.45059530198154274 0.31603733652027227
transition 309 0 267 -0.24007628970415817 0.15044358190599857
transition 309 1 496 -0.7531197047892471 0.2740265953489915
transition 309 1 63 -0.9069963324517636 0.2830072076796259
transition 309 1 836 -0.2470545996295188 0.4429661969713826
transition 309 2 575 -0.3266377722685625 0.08641762762559024
transition 309 2 909 -0.1134775080802326 0.4985696662262291
transition 309 2 722 0.7096587960905854 0.4150127061481807
transition 309 3 102 -0.6095650074733066 1.0
transition 309 4 793 -0.627566336015243 1.0
transition 310 0 431 0.6669736451982546 0.5886841295444774
transition 310 0 586 0.5441474860875495 0.41131587045552265
transition 310 1 228 0.3114250224741639 0.34407987305371446
transition 310 1 662 0.5188706686584448 0.1078292845565704
transition 310 1 783 0.5123466046545238 0.20876737968591771
transition 310 1 82 -0.18198384378065713 0.18594930078599964
transition 310 1 19 0.6149228090969698 0.15337416191779776
transition 310 2 454 0.3408826229177875 1.0
transition 310 3 361 -0.9913850112370277 0.3628840600987638
transition 310 3 961 -0.5061159055955835 0.2002524109990138
transition 310 3 943 0.8275347506968536 0.24519893674023283
transition 310 3 820 0.35030589857244454 0.19166459216198967
transition 310 4 744 0.021563292412670743 0.8372154977619001
transition 310 4 331 0.3375047656621175 0.0966010058824402
transition 310 4 414 -0.548597063649255 0.06618349635565977
transition 311 0 626 0.3514330801584886 1.0
transition 311 1 882 -0.5168160787567102 0.2721948435685061
transition 311 1 453 0.7547116815102621 0.3078038108748175
transition 311 1 681 -0.4016601899787995 0.1472464222989827
transition 311 1 152 0.8820697699561837 0.2727549232576936
transition 311 2 375 0.17939642411677337 0.10155011683910957
transition 311 2 132 -0.2110658997344388 0.3218121596191275
transition 311 2 89 0.9117235741016403 0.3175447976211634
transition 311 2 993 0.9231672494175382 0.25909292592059946
transition 311 3 410 -0.9349047311405789 0.9629629642143708
transition 311 3 68 0.3635403461441602 0.037037035785629224
transition 311 4 777 -0.7136528453227975 0.0651507259075881
transition 311 4 352 0.904796901013186 0.4121374248313025
transition 311 4 396 -0.5089627515244155 0.33064759179887326
transition 311 4 734 0.9512867596527035 0.19206425746223615
transition 312 0 304 0.11127667001514974 0.2846160737283182
transition 312 0 733 -0.010456137638533924 0.3373425056489346
transition 312 0 818 -0.8727291713867678 0.3611186278892557
transition 312 0 603 -0.6153861020125033 0.016922792733491517
transition 312 1 159 0.3394163144110727 1.0
transition 312 2 250 0.33488669017580364 0.23645330235904408
transition 312 2 525 -0.6065762516884938 0.276380888520535
transition 312 2 859 -0.9838509727990807 0.2268407156468226
transition 312 2 902 0.07720371385416525 0.08240359828727635
transition 312 2 825 0.9927622338314925 0.17792149518632194
transition 312 3 901 -0.32396707462234287 0.8846052096145725
transition 312 3 481 0.6360572190907885 0.11539479038542749
transition 312 4 502 -0.8406278131866467 0.3187832333855756
transition 312 4 564 -0.18043909645846057 0.6812167666144243
transition 313 0 717 0.37978622365707304 0.35173314857457344
transition 313 0 755 -0.29569866970060743 0.2988341296683352
transition 313 0 381 0.3248145522168471 0.3494327217570914
transition 313 1 492 -0.1986956610684909 0.07041767026622213
transition 313 1 153 0.1846655897798688 0.6580991377052626
transition 313 1 527 0.7083018260290166 0.2585123354292723
transition 313 1 916 0.09704687403273371 0.012970856599243042
transition 313 2 285 0.3758105660910742 0.030804378834185773
transition 313 2 70 -0.054702954368401 0.1427283284481814
transition 313 2 128 -0.9050960122514908 0.8264672927176329
transition 313 3 555 -0.5792581871980389 0.48011265120138974
transition 313 3 620 -0.6889774074712938 0.5198873487986103
transition 313 4 270 0.0062278537511128995 0.04722351615824787
transition 313 4 102 -0.8880437238226284 0.3247130727222067
transition 313 4 793 -0.012141008901153105 0.0911407492760059
transition 313 4 702 0.7142539139258517 0.5369226618435397
transition 314 0 220 -0.236505872868074 0.23816384603277055
transition 314 0 298 0.04638961792907237 0.06126795533127404
transition 314 0 845 0.00971269630241256 0.48723124178826976
transition 314 0 860 -0.9512030168747918 0.21333695684768572
transition 314 1 545 0.4618431107084 0.13882678989102182
transition 314 1 876 -0.4462754003733529 0.6224787585251417
transition 314 1 364 0.9676960263139587 0.23869445158383654
transition 314 2 768 -0.8523504695503195 0.25591600484675475
transition 314 2 49 0.9779797845974132 0.24286014109791684
transition 314 2 486 -0.993756766733705 0.22988877167110613
transition 314 2 242 -0.7193659513292308 0.2713350823842223
transition 314 3 756 0.9438454474872009 0.280428145410976
transition 314 3 818 -0.8091334270105079 0.3715560342919948
transition 314 3 758 -0.5086719032456879 0.34520848094341117
transition 314 3 685 0.21744059374042046 0.002807339353617938
transition 314 4 148 -0.6547130079634031 0.2642678086056774
transition 314 4 997 0.37417180019147733 0.7357321913943226
transition 315 0 752 0.18766054023053957 0.693176699887951
transition 315 0 104 -0.17876238362573993 0.306823300112049
transition 315 1 439 -0.1928534127777337 1.0
transition 315 2 322 -0.6737231149879723 0.3345412463205859
transition 315 2 380 0.7360728329019919 0.41064605547488925
transition 315 2 552 -0.10098058159198642 0.2548126982045249
transition 315 3 674 0.1934997901509703 0.0217645725499639
transition 315 3 283 0.8969493225955736 0.0378785952061916
transition 315 3 306 0.35007530336526615 0.34956120086267506
transition 315 3 744 -0.32808302649474363 0.5907956313811694
transition 315 4 966 -0.9190882938044667 1.0
transition 316 0 636 0.16025731027045387 0.37327678294944155
transition 316 0 330 -0.22004972274358714 0.5222861248179461
transition 316 0 92 0.04330795487063921 0.10443709223261234
transition 316 1 52 -0.05025303124720737 0.33437451760901277
transition 316 1 56 0.9537866295991975 0.38920550151222516
transition 316 1 931 0.9980006560309067 0.27641998087876213
transition 316 2 340 -0.36424772088112567 0.9118608850560368
transition 316 2 302 0.4100664653614057 0.08813911494396318
transition 316 3 274 -0.5195820652495433 0.2036955596371395
transition 316 3 790 0.2758436701359326 0.1917981473891263
transition 316 3 318 0.7283148013369478 0.36601118069415495
transition 316 3 165 0.7687551431307134 0.23849511227957934
transition 316 4 757 -0.7258328006305153 0.47468584727747803
transition 316 4 665 -0.31230596313941494 0.5253141527225219
transition 317 0 206 0.009303492423650583 0.35732517768254607
transition 317 0 646 -0.7562987721136352 0.30918756504591743
transition 317 0 482 0.9126638111221774 0.33348725727153655
transition 317 1 230 0.2465354419204029 0.3911441278096396
transition 317 1 110 -0.11136840561345229 0.11382116907386661
transition 317 1 416 -0.8840877090610677 0.18130906210341344
transition 317 1 514 0.261270751728913 0.3137256410130803
transition 317 2 864 0.22578996266644924 0.17120905723813662
transition 317 2 76 -0.1701183455556159 0.32175921796672
transition 317 2 953 0.4132316077172804 0.20886605797994648
transition 317 2 295 -0.7198380921768359 0.23123743351579099
transition 317 2 814 -0.8067979537632142 0.06692823329940586
transition 317 3 222 -0.008599186018576566 0.11691156718604208
transition 317 3 980 -0.7888117285353389 0.34510579523848195
transition 317 3 173 -0.7692723211948116 0.3973330538845121
transition 317 3 2 0.9604650903920706 0.14064958369096384
transition 317 4 910 -0.5327960856939651 0.6829745103497527
transition 317 4 261 0.15923126856031344 0.12690106843890006
transition 317 4 235 -0.8328204488322102 0.19012442121134737
transition 318 0 539 0.451158553618342 0.19556421721718634
transition 318 0 514 -0.32505251296579507 0.37155794646419393
transition 318 0 142 0.8700355806065401 0.43287783631861965
transition 318 1 580 0.4138303985084508 0.1399515049496854
transition 318 1 950 -0.5586300817630143 0.8600484950503147
transition 318 2 123 0.6699643587041406 1.0
transition 318 3 814 0.7782116359326268 0.3641986170913105
transition 318 3 454 -0.7282201429003863 0.13837953621980945
transition 318 3 273 -0.4381481380044223 0.2644840371901659
transition 318 3 952 0.5062505607499161 0.04462619847911067
transition 318 3 149 -0.5961798943020316 0.1883116110196034
transition 318 4 719 -0.29620957567548234 0.15547875108142964
transition 318 4 21 0.04032857852305871 0.1934604151972067
transition 318 4 725 -0.07657561034490179 0.1972011428320301
transition 318 4 903 -0.5797339406787747 0.06813273542555118
transition 318 4 304 -0.513003163070489 0.38572695546378233
transition 319 0 563 0.07119291985112564 0.1845269619056151
transition 319 0 527 0.2503534335686475 0.2419922943598295
transition 319 0 514 -0.322015499389793 0.361090386061764
transition 319 0 816 -0.04685723363696437 0.21239035767279138
transition 319 1 75 -0.34904037106794905 0.6605304981346332
transition 319 1 674 0.7799879370626708 0.33946950186536673
transition 319 2 839 -0.6857551191151499 0.48254081978509605
transition 319 2 39 -0.6111542952221387 0.5174591802149039
transition 319 3 535 -0.16661980547269217 0.07844791491293844
transition 319 3 819 0.6046328886765588 0.35982528836285066
transition 319 3 416 0.46382139186686455 0.5617267967242109
transition 319 4 449 0.6336588932370979 0.7417822276572433
transition 319 4 581 0.5977909628701663 0.2582177723427567
transition 320 0 630 0.941344792582328 0.021238903946441366
transition 320 0 451 -0.9972348191209119 0.015570050945993237
transition 320 0 44 0.2112172030222741 0.16169450977804026
transition 320 0 192 -0.629812925735663 0.801496535329525
transition 320 1 821 -0.8726499907649257 0.6365826244108942
transition 320 1 704 -0.4071432869080702 0.36341737558910575
transition 320 2 480 -0.6722811663676242 0.35408955615546217
transition 320 2 844 0.437720115148277 0.4848586903123363
transition 320 2 686 -0.11436731823945845 0.06571771628625345
transition 320 2 175 0.776029836544696 0.09533403724594812
transition 320 3 471 -0.34519259318986983 0.1079672852024666
transition 320 3 796 0.5794495225887017 0.28596360752641287
transition 320 3 409 0.9045750471875567 0.2971495604156046
transition 320 3 855 0.4133717130975909 0.30891954685551587
transition 320 4 774 -0.9181900618407075 1.0
transition 321 0 187 0.3060274160162053 0.42054058971022884
transition 321 0 145 -0.5485099058756184 0.5794594102897711
transition 321 1 183 0.1833068620124163 1.0
transition 321 2 603 0.9682726647272568 0.0666941053822824
transition 321 2 701 0.60963393023998 0.06345242370257274
transition 321 2 29 0.7969508602058695 0.036261431466088644
transition 321 2 964 -0.8344799979583213 0.4581992115443917
transition 321 2 258 0.527989090189902 0.37539282790466444
transition 321 3 937 -0.6246757284650821 1.0
transition 321 4 426 -0.39996932040789335 0.11764232450880409
transition 321 4 764 -0.15793488236971487 0.24055133843772966
transition 321 4 92 -0.09226094473770075 0.030641805360065128
transition 321 4 618 0.03864990539000179 0.27424058743826996
transition 321 4 849 0.24417660050271128 0.33692394425513117
transition 322 0 834 -0.7787017902361555 0.7278553892207934
transition 322 0 420 -0.027299430908649613 0.08973530568792658
transition 322 0 124 0.25278627763032446 0.1824093050912801
transition 322 1 856 0.1306749994475429 0.053510569095602395
transition 322 1 563 -0.26728255904950626 0.13017267595875026
transition 322 1 22 0.1937433477911128 0.3843698991383371
transition 322 1 392 0.8037638416230559 0.4319468558073102
transition 322 2 479 0.35019186314975714 0.1278370950614715
transition 322 2 571 -0.9078978615387352 0.2220178589991948
transition 322 2 88 0.5634894080581023 0.12212069194438403
transition 322 2 321 0.5249153152111978 0.25225909609746133
transition 322 2 297 -0.9011721215615405 0.2757652578974883
transition 322 3 302 0.9988957200686064 0.3483958185645727
transition 322 3 960 0.6547763403064051 0.6516041814354273
transition 322 4 934 -0.5467067467597726 0.571515439331577
transition 322 4 789 0.7143160908181225 0.428484560668423
transition 323 0 303 -0.35066569183114504 0.23863365292874464
transition 323 0 982 -0.6197571294313393 0.28636862667138874
transition 323 0 425 -0.8148572032728367 0.03273536434449193
transition 323 0 918 -0.7433777517636397 0.4422623560553748
transition 323 1 813 -0.9080789736684438 0.3629076701607901
transition 323 1 225 -0.694118267763933 0.3288151713899035
transition 323 1 141 0.38047024761180914 0.18033554598599358
transition 323 1 224 0.578702934076742 0.12794161246331273
transition 323 2 326 -0.24897448582179726 0.3437478567639411
transition 323 2 391 0.9347188245572688 0.40052199962717633
transition 323 2 195 0.20129997471158512 0.2557301436088826
transition 323 3 600 -0.7382842604809194 1.0
transition 323 4 343 0.8287597424573596 1.0
transition 324 0 71 0.7653063468017562 0.08996506177679436
transition 324 0 844 0.7760835977215199 0.24125407253435086
transition 324 0 783 0.31132837064253693 0.24540578945543717
transition 324 0 640 -0.4179067516646906 0.1283902440825229
transition 324 0 929 -0.49790180046678656 0.29498483215089466
transition 324 1 330 0.5665438504167453 0.15155751197476466
transition 324 1 257 0.7675727010933273 0.341046826991383
transition 324 1 897 0.98250913459487 0.5073956610338524
transition 324 2 419 0.37046483023566035 0.4106269158449249
transition 324 2 850 -0.9664916372691177 0.5893730841550752
transition 324 3 521 -0.9767225257599048 0.9505069925976162
transition 324 3 361 -0.41511610043240754 0.04949300740238387
transition 324 4 589 0.8977516807667103 0.6707748866816617
transition 324 4 466 0.5814391101471847 0.32922511331833837
transition 325 0 745 0.22186792637417163 0.39536663297776165
transition 325 0 925 -0.16648153772506658 0.5522000202657747
transition 325 0 584 0.7564128363671916 0.05243334675646376
transition 325 1 181 0.298380570399849 0.360323343719752
transition 325 1 419 -0.12723595230261409 0.38511716364675225
transition 325 1 932 -0.47559676847821786 0.00835312429435866
transition 325 1 280 -0.3415347544326601 0.24620636833913712
transition 325 2 28 -0.32457119691597036 0.19483200825396874
transition 325 2 271 0.0447352596897892 0.19495627110881028
transition 325 2 376 0.6345775019348703 0.529151586732392
transition 325 2 888 -0.3762529762732567 0.08106013390482897
transition 325 3 787 0.6752334683507568 1.0
transition 325 4 387 0.4967899133767817 0.029777840017086443
transition 325 4 211 -0.030800956305186533 0.2913387458357805
transition 325 4 193 0.026330077661467 0.6788834141471329
transition 326 0 765 0.4235541908767435 0.16968003605988446
transition 326 0 397 0.19488463194369676 0.4696876121260194
transition 326 0 651 0.8017649898540358 0.36063235181409614
transition 326 1 274 -0.22922744643483384 0.1841984632918083
transition 326 1 780 0.05369571633782133 0.26952551424618754
transition 326 1 952 0.4321091940173645 0.313715820868484
transition 326 1 930 0.6446137345583276 0.0759973780384278
transition 326 1 414 -0.2697803896083444 0.15656282355509235
transition 326 2 930 -0.9830753147258087 1.0
transition 326 3 559 0.5774626116017227 0.8767387418570916
transition 326 3 497 0.9457939626807503 0.12326125814290836
transition 326 4 438 -0.28996435695987244 0.49236384019412766
transition 326 4 577 -0.16762252906311148 0.021738021890435145
transition 326 4 945 -0.9985231913911192 0.03998512585462131
transition 326 4 921 0.049379843930397405 0.4395610859039845
transition 326 4 793 0.8063372117867338 0.006351926156831312
transition 327 0 445 -0.1542304160554162 1.0
transition 327 1 269 0.21474720711397 0.5116631317885455
transition 327 1 189 0.9303981588109647 0.48833686821145444
transition 327 2 367 0.28661750742062786 0.20045290471369426
transition 327 2 313 -0.831365995703796 0.27951729630976146
transition 327 2 110 -0.6593152714201505 0.26515564767631616
transition 327 2 657 -0.7892861814601895 0.25487415130022806
transition 327 3 405 0.2558418352773484 0.10968209775800819
transition 327 3 713 -0.7057383503965742 0.491835794492873
transition 327 3 710 0.47504094476102665 0.17500394627669077
transition 327 3 377 -0.7835459627504648 0.22347816147242805
transition 327 4 761 -0.19768452794097402 1.0
transition 328 0 419 -0.6151507720809963 0.010421797117688526
transition 328 0 92 0.5996590048981543 0.4935313095413742
transition 328 0 229 0.9442933776534419 0.4960468933409372
transition 328 1 539 0.02488743617848077 0.30975886543351816
transition 328 1 830 0.0881786646283742 0.31782208221802977
transition 328 1 278 0.8015135729733247 0.3724190523484522
transition 328 2 934 -0.5756698142736094 0.3635799152525196
transition 328 2 885 -0.5671480009159495 0.173109937253296
transition 328 2 792 -0.6349076401212523 0.4633101474941844
transition 328 3 873 0.2848342589921862 0.5267443186558227
transition 328 3 315 0.5346063793887974 0.4732556813441773
transition 328 4 285 0.13168826203805906 0.13315949258230345
transition 328 4 462 -0.6911415993060859 0.27364064659227266
transition 328 4 355 0.46752749496545953 0.5931998608254239
transition 329 0 771 0.8030423400700151 0.282760525788303
transition 329 0 390 0.9624041701446662 0.18194238748734018
transition 329 0 549 -0.22106702634127773 0.2180980411812525
transition 329 0 31 -0.9245760049419736 0.25688306776355174
transition 329 0 488 0.9205381554980572 0.060315977779552526
transition 329 1 560 -0.8786708188077366 0.07632033975551385
transition 329 1 787 0.8513632712771892 0.4628533222981824
transition 329 1 322 0.2942701060209949 0.4608263379463038
transition 329 2 581 0.18793442447600572 0.22189660571818137
transition 329 2 52 -0.7470343905103318 0.2947583060924111
transition 329 2 412 -0.9068105320357411 0.20570512899769114
transition 329 2 883 0.8305813191739255 0.13735546216112499
transition 329 2 147 -0.7568685436939295 0.14028449703059134
transition 329 3 717 -0.7285017123676503 1.0
transition 329 4 183 -0.5673672519490183 0.0886451683594654
transition 329 4 945 0.7717990312301006 0.341203426150303
transition 329 4 220 -0.14136944628356152 0.23373449922251818
transition 329 4 633 -0.2856200660451462 0.33641690626771337
transition 330 0 307 0.21658889062870723 0.4455953469072378
transition 330 0 995 0.9456113667493466 0.09986549241311055
transition 330 0 811 -0.9295029376459729 0.21453516169567174
transition 330 0 985 -0.6611563938388751 0.24000399898397984
transition 330 1 442 0.3592333587789023 0.6858173451272573
transition 330 1 789 -0.14013267476285285 0.31418265487274266
transition 330 2 265 -0.5703627313297197 0.3814141149440864
transition 330 2 239 -0.9024561731346574 0.6185858850559136
transition 330 3 266 0.6954228548821946 0.4972304404225554
transition 330 3 290 -0.6668207464711342 0.5027695595774447
transition 330 4 359 -0.9307911117963561 1.0
transition 331 0 86 -0.7540510924105506 0.05587815077127936
transition 331 0 763 -0.11654792250895518 0.5837129917191501
transition 331 0 898 0.10653952198037397 0.35898924479212707
transition 331 0 374 -0.7638268302627593 0.0014196127174433055
transition 331 1 991 -0.8936673202306515 1.0
transition 331 2 364 -0.9613525031856951 0.3742283585134966
transition 331 2 378 0.17866979775366998 0.17163359581564636
transition 331 2 313 0.024737456232369448 0.038987544717708454
transition 331 2 409 -0.7029679407363125 0.32284548345622405
transition 331 2 730 -0.3726739041911653 0.0923050174969246
transition 331 3 244 -0.9047941996576612 0.017273207152719575
transition 331 3 957 -0.5867500003239172 0.39415268303271533
transition 331 3 927 0.28020841750586967 0.39884968423204137
transition 331 3 584 0.29087024583258936 0.1816956733692867
transition 331 3 475 -0.10052694391704531 0.008028752213237096
transition 331 4 505 -0.7199564006999042 0.1775553337030731
transition 331 4 168 0.003678294150037731 0.25961687433426744
transition 331 4 303 0.7176322778582802 0.07855376184278337
transition 331 4 424 -0.42657439038043266 0.24493080423487434
transition 331 4 216 -0.044886684198767846 0.23934322588500173
transition 332 0 936 -0.30994245168298207 0.012331273841898272
transition 332 0 418 0.5312344432663985 0.3515714931291375
transition 332 0 761 0.3429519943101462 0.2123307102784129
transition 332 0 694 -0.9774302425520953 0.06681742219705143
transition 332 0 696 0.12228259173688483 0.3569491005534999
transition 332 1 746 0.788721902655753 0.666342301720434
transition 332 1 41 -0.24863113986401442 0.05784945593541177
transition 332 1 143 0.9633461886629426 0.27580824234415435
transition 332 2 390 0.14045239993437897 0.6601560155716026
transition 332 2 33 0.5790287035147677 0.3398439844283973
transition 332 3 353 -0.17752800982347106 0.19335146844508747
transition 332 3 108 -0.345455555565108 0.5691880968455975
transition 332 3 665 0.09633103518958208 0.23746043470931522
transition 332 4 623 0.9572403561401153 0.3699970781380877
transition 332 4 255 0.7568331362775877 0.3802517990778316
transition 332 4 680 -0.5693965520622535 0.24975112278408076
transition 333 0 760 0.06390985096841817 1.0
transition 333 1 580 -0.17753981283080567 0.4247068759879322
transition 333 1 908 -0.9343802274679913 0.24839573445093005
transition 333 1 600 0.5898838032627225 0.3268973895611378
transition 333 2 905 -0.7826818213756228 0.741401796489389
transition 333 2 556 0.0639465502841694 0.258598203510611
transition 333 3 489 0.6795091656895493 1.0
transition 333 4 639 0.3195753594822577 0.24826735538384123
transition 333 4 289 -0.603155661945622 0.20919265701560324
transition 333 4 934 -0.040469669476325576 0.28549933857008747
transition 333 4 823 -0.450233096780279 0.048759338927929045
transition 333 4 248 -0.4834545096064131 0.208281310102539
transition 334 0 469 -0.5733672578286118 0.7193791543815092
transition 334 0 296 0.2516303254750001 0.2806208456184907
transition 334 1 148 -0.6639036026308696 0.08338220571142212
transition 334 1 725 -0.6294503482984333 0.2871578332293191
transition 334 1 917 0.770269064539729 0.31237847923295
transition 334 1 421 -0.4702657684698919 0.31708148182630874
transition 334 2 961 0.22768171770723078 0.05329407707448534
transition 334 2 748 -0.35169365381601425 0.478142747573657
transition 334 2 400 0.970469009661417 0.372997078965405
transition 334 2 973 0.010135422470328725 0.09556609638645251
transition 334 3 125 0.012219619111205615 0.5097113116354498
transition 334 3 219 -0.5490036374211105 0.3482053649066146
transition 334 3 147 0.5984601866270156 0.14208332345793567
transition 334 4 491 0.19886380582031338 0.3023791424708541
transition 334 4 142 0.6008505100110537 0.6976208575291458
transition 335 0 669 -0.4089486500549482 0.022076816203222365
transition 335 0 605 0.9232131177966174 0.6808808269306902
transition 335 0 680 0.9542713755616674 0.29704235686608743
transition 335 1 145 -0.6824501950329531 0.7132410102582492
transition 335 1 282 0.5184599839719815 0.28675898974175085
transition 335 2 969 -0.2674317507835109 0.26947367022124397
transition 335 2 552 -0.3844171324816883 0.730526329778756
transition 335 3 996 0.3057276988330315 0.4541634178771539
transition 335 3 118 -0.8168317111136227 0.545836582122846
transition 335 4 834 0.4885854534986065 0.32902755195539596
transition 335 4 848 0.3060718001220901 0.15380383900836478
transition 335 4 86 0.10221145492512451 0.2177912720332199
transition 335 4 484 0.4382348541892793 0.2993773370030193
transition 336 0 762 0.523635356929798 0.024862585810921038
transition 336 0 982 0.07675067882335629 0.28361499234879
transition 336 0 460 0.6334020518565915 0.29977967053349963
transition 336 0 120 0.27309749333078903 0.12217762834398736
transition 336 0 726 -0.8202902739877163 0.26956512296280194
transition 336 1 324 -0.19831702780853733 0.012008746125778465
transition 336 1 28 0.059289898957606724 0.2460431606920346
transition 336 1 855 0.17041677503763064 0.391911658915746
transition 336 1 0 0.8467710806367723 0.3500364342664409
transition 336 2 443 0.05543296629497796 0.39835549236816525
transition 336 2 661 0.38811983659486815 0.14047284576822167
transition 336 2 380 0.6508085520837725 0.461171661863613
transition 336 3 996 0.11899840157772346 0.38333917418054164
transition 336 3 689 -0.2074852589215881 0.6166608258194584
transition 336 4 170 -0.9715789528995455 0.1548071964473101
transition 336 4 168 0.15809187052878793 0.33361296732285706
transition 336 4 734 0.28213029267108225 0.5115798362298328
transition 337 0 346 -0.23368062591024064 0.3597057444838513
transition 337 0 457 0.436003191197494 0.20032830450226746
transition 337 0 801 -0.8241548164794239 0.22358975982319262
transition 337 0 353 -0.6863990632984225 0.21637619119068863
transition 337 1 411 -0.8392733720309407 1.0
transition 337 2 189 -0.5282196872919174 0.6497839921599287
transition 337 2 452 0.4996835189432247 0.034538860949443244
transition 337 2 555 -0.216583738761698 0.1804841275378313
transition 337 2 33 0.5741036293152955 0.13519301935279687
transition 337 3 87 0.709950443131903 0.26229318752938485
transition 337 3 109 0.5221248905699121 0.016179018009350305
transition 337 3 665 0.8093200265397895 0.3845733457979426
transition 337 3 57 -0.8567455456866264 0.33695444866332214
transition 337 4 414 -0.7781422884303806 0.09823569955966875
transition 337 4 119 0.7875327282492455 0.25587986525204287
transition 337 4 913 0.533680094991722 0.1407107177661878
transition 337 4 294 -0.00994489276922117 0.5051737174221006
transition 338 0 533 -0.09546302233728676 0.27994752253879907
transition 338 0 867 -0.4333416775608938 0.0742946530280387
transition 338 0 86 0.571325537833621 0.3492417489680477
transition 338 0 542 0.7311490004457839 0.29651607546511455
transition 338 1 48 -0.9596477288873473 1.0
transition 338 2 577 0.8540606783381048 0.26802456903105815
transition 338 2 923 0.45975334887626973 0.28331106226809605
transition 338 2 530 -0.9424978389966119 0.05764822512306539
transition 338 2 882 -0.5993173500011573 0.26487854428701246
transition 338 2 666 -0.4521214369039379 0.12613759929076798
transition 338 3 716 -0.7757798822882687 0.7411608992488331
transition 338 3 208 0.010141821658767869 0.22310646545431373
transition 338 3 569 0.4292658859005323 0.03573263529685315
transition 338 4 347 -0.22232219592185132 0.2915431771008978
transition 338 4 532 -0.2744521523991279 0.31182950929496583
transition 338 4 672 0.3979721508751479 0.060999541031632624
transition 338 4 667 0.8591612081429154 0.1936957659105879
transition 338 4 733 0.9785303140712627 0.14193200666191574
transition 339 0 577 -0.0008296073717570795 0.9305961587988656
transition 339 0 966 0.687983458027303 0.06940384120113438
transition 339 1 228 -0.18056482154111642 0.26184827209724043
transition 339 1 73 -0.7589580427815492 0.18846502418350067
transition 339 1 55 -0.28642168803962775 0.030362705692116618
transition 339 1 185 -0.9140365052067914 0.1962062932489396
transition 339 1 768 -0.4932959537516224 0.3231177047782027
transition 339 2 290 -0.9427596721800073 0.17476362724565966
transition 339 2 255 0.7577488080030748 0.2493794815186449
transition 339 2 331 -0.34755974255917543 0.20149545821101494
transition 339 2 534 -0.06641130314275978 0.17327279267677587
transition 339 2 515 0.6836349859757447 0.20108864034790472
transition 339 3 926 0.16476954680890943 0.3533999031534793
transition 339 3 489 -0.22155054296041476 0.13566495200012949
transition 339 3 515 0.4170522929454894 0.025150377251741032
transition 339 3 695 0.41897976073632504 0.3141799652056908
transition 339 3 79 0.8802927189915111 0.17160480238895937
transition 339 4 480 -0.15517022922825685 0.24776334084152773
transition 339 4 863 0.9047292868942352 0.07914989402451793
transition 339 4 878 -0.04048859020725426 0.21125247200831118
transition 339 4 577 -0.31023869953913485 0.21770127087580085
transition 339 4 24 -0.10326564400784077 0.24413302224984226
transition 340 0 259 0.3831443494218463 0.3584659794923219
transition 340 0 747 -0.48429947587667566 0.3688256220303418
transition 340 0 125 0.2698620266082288 0.013875720902648011
transition 340 0 900 -0.8244788521893724 0.2567968795611449
transition 340 0 28 -0.7394027125812688 0.002035798013543455
transition 340 1 56 0.13746697164306765 0.18816597965528653
transition 340 1 702 -0.48794416389424455 0.32314737828055373
transition 340 1 215 -0.4965758664322377 0.17918774775258958
transition 340 1 503 -0.5503858450836328 0.22446838654110762
transition 340 1 437 0.10476388052580021 0.08503050777046252
transition 340 2 154 0.23483250520071564 0.10657680195525067
transition 340 2 233 -0.7498756867553373 0.38760161407735133
transition 340 2 238 -0.7909225681721967 0.16111082610193056
transition 340 2 443 -0.4293332484387471 0.34471075786546734
transition 340 3 864 0.424746502527245 0.44785043087938675
transition 340 3 167 0.09517131938103596 0.09086764862084694
transition 340 3 786 -0.5820538212742452 0.4612819204997663
transition 340 4 313 0.6563403579692422 0.017636249753256634
transition 340 4 231 0.608904028116755 0.9717102929389234
transition 340 4 30 -0.7299689655031858 0.01065345730781992
transition 341 0 596 0.6522586213300989 0.1423709993805807
transition 341 0 92 -0.8872326595989593 0.8576290006194194
transition 341 1 695 0.8961304841141715 0.06372478840128258
transition 341 1 34 0.6902319079728272 0.060051397863586146
transition 341 1 964 0.5424372023165815 0.32797286523277963
transition 341 1 46 0.07912087016967928 0.1617520985582592
transition 341 1 863 -0.09559461904032429 0.3864988499440924
transition 341 2 874 -0.6743198873431864 0.6395586626812226
transition 341 2 27 0.8071159795230018 0.31437951159585426
transition 341 2 396 0.09480133543793423 0.04606182572292321
transition 341 3 589 -0.9197766718542519 1.0
transition 341 4 966 0.10835501237695233 1.0
transition 342 0 49 -0.5879088260736667 0.6502515813233104
transition 342 0 685 -0.7168070053648532 0.34974841867668965
transition 342 1 133 0.09299551703214415 0.6268848105583417
transition 342 1 267 -0.880648593545055 0.23327867852613515
transition 342 1 503 0.4244124809468268 0.13983651091552307
transition 342 2 402 -0.7316502178369901 1.0
transition 342 3 140 0.6375751347334402 0.2887865117364625
transition 342 3 13 0.6044379907288706 0.07341262800069769
transition 342 3 284 -0.005460249746756629 0.19887347439146882
transition 342 3 816 -0.8344192035355655 0.15632653488269432
transition 342 3 866 0.8123767897670433 0.28260085098867666
transition 342 4 489 0.7495683988214459 0.04373978229610497
transition 342 4 751 -0.41940944408804715 0.08553923713476161
transition 342 4 912 -0.7901222304475115 0.4668725327271948
transition 342 4 740 -0.5968975164190242 0.4038484478419386
transition 343 0 944 0.5788547949444409 0.28618175847457455
transition 343 0 963 0.15940990420491752 0.022407678741187327
transition 343 0 958 -0.9804291321366756 0.16592249302521275
transition 343 0 711 0.5041768012626022 0.34255214403161577
transition 343 0 383 0.15932683898147548 0.18293592572740952
transition 343 1 1 -0.5671935963138899 0.2958888792834769
transition 343 1 855 -0.43351775089949585 0.017504423434102433
transition 343 1 581 -0.1071064027777906 0.2741701404391786
transition 343 1 5 0.5212563415605884 0.2772626054438803
transition 343 1 849 0.5480094896414922 0.13517395139936178
transition 343 2 188 -0.39740004542340945 0.285172879999891
transition 343 2 292 -0.04251266278938459 0.4503805922488024
transition 343 2 255 0.6645451445153778 0.26444652775130656
transition 343 3 67 -0.8123994851545153 0.31291653816753606
transition 343 3 559 0.13352277235562737 0.041534243794116674
transition 343 3 889 -0.28931838173816504 0.2911257720538125
transition 343 3 844 0.029518900858239272 0.2284619239064925
transition 343 3 774 0.21942194470816956 0.1259615220780422
transition 343 4 26 -0.07688781010782186 0.20093939842004535
transition 343 4 145 0.7344628886469671 0.24183580629783108
transition 343 4 633 -0.6673110618653149 0.28202837063015757
transition 343 4 783 -0.8362388656187423 0.18511990310528748
transition 343 4 77 -0.6918089564812482 0.09007652154667856
transition 344 0 862 -0.6791993551344764 0.07958145556775467
transition 344 0 4 0.25541280808757616 0.2982948877986604
transition 344 0 289 0.30893214748916753 0.25948932738930336
transition 344 0 538 -0.8904959732893045 0.08690709757433397
transition 344 0 995 0.2147191061606608 0.27572723166994756
transition 344 1 237 0.480307105183881 0.04350032323259305
transition 344 1 791 0.3975087673233175 0.2979077198398524
transition 344 1 961 0.9221498871158924 0.3315467754166394
transition 344 1 508 0.8808449214643812 0.050017786773398173
transition 344 1 766 0.09758635510229619 0.277027394737517
transition 344 2 582 0.2103329351504275 1.0
transition 344 3 293 -0.23313068278532967 0.16552489761059733
transition 344 3 188 -0.023557879547703386 0.241681190338453
transition 344 3 813 0.15821937795710306 0.05443757487574433
transition 344 3 581 -0.22281350385777698 0.3222105190298395
transition 344 3 324 0.7599739193482133 0.21614581814536593
transition 344 4 407 -0.15995733696356718 0.09533656310797795
transition 344 4 770 -0.5944230877619268 0.10815253704972584
transition 344 4 665 -0.447093633406326 0.2615751833206095
transition 344 4 23 0.01920477803037368 0.11584136557489118
transition 344 4 635 0.706646373161463 0.4190943509467955
transition 345 0 979 0.8629745227900456 0.31108533284923007
transition 345 0 166 -0.7242916257404997 0.625775828119794
transition 345 0 512 0.1228694074171901 0.06313883903097588
transition 345 1 509 0.3262760233293627 0.8065877968951213
transition 345 1 887 -0.6949576863537545 0.19341220310487872
transition 345 2 210 0.3188149590932867 0.33810933399113147
transition 345 2 729 -0.2648691711082767 0.13320905028608634
transition 345 2 724 -0.15068543105743126 0.528681615722782
transition 345 3 494 -0.2145468817878795 0.3990629316483964
transition 345 3 185 -0.21163040531746002 0.16096327985482717
transition 345 3 675 0.48580018204585307 0.34335637978288147
transition 345 3 92 -0.19033559168303227 0.09661740871389497
transition 345 4 512 0.24540938237454157 1.0
transition 346 0 93 0.08279832722208846 0.17367409444384793
transition 346 0 598 0.9776236105322151 0.10103828816988966
transition 346 0 776 0.10246050486920888 0.27419010208585387
transition 346 0 423 -0.4692194507607672 0.2339793351462907
transition 346 0 836 -0.7278048877438024 0.2171181801541178
transition 346 1 384 -0.22518892215910524 0.26991712413764174
transition 346 1 494 -0.9225364964484228 0.13282110951940557
transition 346 1 293 -0.08866875731851409 0.10563488234693746
transition 346 1 556 -0.6033196911565426 0.1477871656054455
transition 346 1 859 0.9364585023119023 0.34383971839056965
transition 346 2 631 0.42363627939772 0.2583086174257816
transition 346 2 132 -0.3957189954629228 0.034032853183273176
transition 346 2 782 0.6807970144346289 0.008729441606837904
transition 346 2 285 0.09055367766014832 0.6989290877841072
transition 346 3 973 -0.5766510874930244 0.1540319791572881
transition 346 3 996 0.0032845372562653186 0.8459680208427118
transition 346 4 667 0.04420708768159942 0.03414538723533487
transition 346 4 451 0.3894128195499851 0.05704753932652691
transition 346 4 41 -0.281372631709609 0.4596048848531255
transition 346 4 96 0.4900909344135804 0.4492021885850127
transition 347 0 720 -0.4466142474805881 1.0
transition 347 1 777 0.7556181872117773 0.5484701332602009
transition 347 1 953 0.15284154570745034 0.03427926336395918
transition 347 1 786 -0.3760152283692011 0.41725060337583997
transition 347 2 939 -0.5341972889844755 0.39236486663627496
transition 347 2 457 -0.5905317560194883 0.5641565635180638
transition 347 2 634 -0.3695131218378882 0.008079589916863862
transition 347 2 430 -0.9014535648149473 0.003367191075324752
transition 347 2 111 -0.7596133378197392 0.03203178885347263
transition 347 3 643 0.8518886193659598 0.24597702847876995
transition 347 3 426 -0.547560018474156 0.20300416831425602
transition 347 3 821 0.3087789348874552 0.3057388461796765
transition 347 3 814 0.9736195790575974 0.24527995702729757
transition 347 4 537 0.5765681367490767 1.0
transition 348 0 370 0.8217350752670767 1.0
transition 348 1 471 -0.2332536723898211 0.9331904009369307
transition 348 1 845 -0.7804065196178163 0.0668095990630694
transition 348 2 202 0.5717735107669428 0.10836589669426545
transition 348 2 247 -0.5228409312402045 0.11949747554152584
transition 348 2 446 0.75323386070354 0.3947793278717467
transition 348 2 689 -0.316331303313218 0.15665092681555196
transition 348 2 348 0.35305740098917804 0.2207063730769101
transition 348 3 401 0.274264910667662 0.29114466680559536
transition 348 3 636 -0.5803816912165667 0.2802921339094544
transition 348 3 615 -0.838215781911847 0.42856319928495024
transition 348 4 882 0.36616212107488866 0.14239403608838574
transition 348 4 685 0.363084485170174 0.33051296515915085
transition 348 4 952 -0.685978510981013 0.5270929987524634
transition 349 0 642 0.4345327190892294 0.20110575043001616
transition 349 0 174 0.8856924240285813 0.3100297751311115
transition 349 0 863 -0.8712652230440165 0.32314022834803346
transition 349 0 7 -0.10051192308770496 0.16572424609083888
transition 349 1 137 0.06082345621444718 0.043652105417806175
transition 349 1 946 0.9560431936096361 0.18369927859499574
transition 349 1 175 0.1312113208638408 0.05495394595956021
transition 349 1 389 -0.7793286691249579 0.3649183782894246
transition 349 1 564 0.7513486559515181 0.35277629173821323
transition 349 2 437 0.1839977085665796 0.17918694004654034
transition 349 2 329 -0.053114918974809244 0.29367754677491953
transition 349 2 739 -0.05558006805761129 0.2719181851027506
transition 349 2 805 -0.46234006394972105 0.2552173280757894
transition 349 3 564 0.5765077805119785 0.45566164475731225
transition 349 3 160 0.7017435660937317 0.19445844656739136
transition 349 3 666 0.14126851836510612 0.3498799086752965
transition 349 4 538 -0.30570777421260087 0.004813096680419189
transition 349 4 967 0.4948231315171818 0.3549908048710898
transition 349 4 973 -0.6060914661392749 0.365325624678503
transition 349 4 715 0.5261170154854653 0.2041147254985238
transition 349 4 62 0.8215331784296716 0.07075574827146416
transition 350 0 612 0.1258079428258223 0.10233844356025107
transition 350 0 918 -0.31143089648599 0.3720612863893504
transition 350 0 79 0.7962115006770998 0.3396997491682861
transition 350 0 756 -0.5202400991952978 0.1859005208821124
transition 350 1 69 -0.4012905882470317 1.0
transition 350 2 538 -0.6421804270688605 0.24444113310479348
transition 350 2 142 -0.3517342762155189 0.38598861459928013
transition 350 2 47 -0.9317905332219572 0.3695702522959263
transition 350 3 301 -0.6828116718922459 1.0
transition 350 4 155 -0.5181806259172781 0.3917571718736368
transition 350 4 217 0.5510023286709265 0.4259271897760804
transition 350 4 785 -0.8938637300522398 0.18231563835028286
transition 351 0 356 0.6379117410062045 1.0
transition 351 1 79 0.43715937705523533 0.3787416979503701
transition 351 1 318 0.6596072069119001 0.06329557353202142
transition 351 1 626 0.07747919717837126 0.0047033522691448575
transition 351 1 415 -0.9055968567574009 0.3072668178641771
transition 351 1 170 -0.15647347405799827 0.2459925583842866
transition 351 2 26 -0.8287209579404762 0.2538546051426348
transition 351 2 8 -0.8336282106197563 0.16374665483367337
transition 351 2 355 0.3035487727653843 0.2489988905958207
transition 351 2 718 -0.6053862042764493 0.24262806584704308
transition 351 2 727 0.33775076626341605 0.09077178358082813
transition 351 3 368 0.4180449019215524 0.311232316629342
transition 351 3 883 0.10167154383293098 0.2525018736389409
transition 351 3 924 -0.053244420760727884 0.05040405783386912
transition 351 3 82 -0.0090461329715108 0.37195285251967575
transition 351 3 407 -0.012118358786103123 0.01390889937817223
transition 351 4 638 -0.12484370433112635 0.2167428220304594
transition 351 4 958 0.5391967808876752 0.2777472749766974
transition 351 4 227 -0.08135554100942888 0.130331813163245
transition 351 4 548 -0.08738856652777938 0.17773380054929552
transition 351 4 206 0.005182741490777243 0.19744428928030278
transition 352 0 132 0.11332579062086423 0.42146112119957
transition 352 0 915 0.5196515082410511 0.57853887880043
transition 352 1 969 0.39683693403512366 0.2175295213169836
transition 352 1 349 -0.8255946095305657 0.34150020416533833
transition 352 1 920 -0.7643175790277517 0.44097027451767806
transition 352 2 875 -0.6364420388228809 0.4060153928361014
transition 352 2 712 -0.9018306843904067 0.5939846071638987
transition 352 3 692 -0.9719241438795239 0.05612170637684621
transition 352 3 958 -0.5689129785658558 0.4378029028054741
transition 352 3 139 -0.9367349814185655 0.07065267284904599
transition 352 3 991 0.3419951694645653 0.3175579080619217
transition 352 3 390 -0.955079767703503 0.117864809906712
transition 352 4 339 0.739397660702017 0.35350559417797583
transition 352 4 993 0.6746545611648778 0.16890672503129897
transition 352 4 21 -0.49984672773350103 0.07364905403387409
transition 352 4 804 -0.2272117967412286 0.1704442545167956
transition 352 4 177 -0.26647623858324176 0.23349437224005545
transition 353 0 741 -0.773835481692688 0.3220134130356837
transition 353 0 667 0.7866425455537971 0.19905034726916898
transition 353 0 577 -0.8593382572944541 0.021851299294639883
transition 353 0 213 0.25995516629534876 0.22262391288135727
transition 353 0 206 -0.7114439400257697 0.23446102751915007
transition 353 1 279 0.5831629110973764 0.04826796723473398
transition 353 1 195 -0.9808528664877645 0.3776516315399082
transition 353 1 270 -0.19735786022908508 0.18655461977480514
transition 353 1 605 -0.4180650959960768 0.38752578145055266
transition 353 2 352 0.7267252552166035 0.4605376092773623
transition 353 2 16 0.5641005285021972 0.4718819862308149
transition 353 2 701 0.4955628071417777 0.0675804044918228
transition 353 3 717 0.35045913012006014 0.03409343464609648
transition 353 3 299 0.9559286033263537 0.5540014398247519
transition 353 3 349 0.3579107313922243 0.4119051255291515
transition 353 4 949 0.8729772640744149 0.30627748084122147
transition 353 4 200 -0.5150507828523712 0.3351812623720224
transition 353 4 489 0.4287344326142284 0.3585412567867562
transition 354 0 827 -0.8299312146615008 0.008341333017834086
transition 354 0 838 0.8577666186597752 0.9916586669821659
transition 354 1 447 -0.9934996036567039 0.057666487494156655
transition 354 1 921 0.5087309258730821 0.9423335125058433
transition 354 2 530 -0.09780121136555531 0.16923203430377926
transition 354 2 245 0.14423804291530118 0.8307679656962207
transition 354 3 454 -0.7389722223396149 0.68312093347447
transition 354 3 397 0.5576094627277159 0.18600485991171595
transition 354 3 976 0.09974271016755476 0.13087420661381405
transition 354 4 768 -0.14500948847972728 1.0
transition 355 0 426 -0.654160787515367 0.3203021642773671
transition 355 0 242 -0.7950341422993452 0.6796978357226329
transition 355 1 345 -0.06512491245078311 0.08329497615511118
transition 355 1 364 -0.8045489635261127 0.26859144689871134
transition 355 1 161 -0.3361384020298437 0.18312445248869721
transition 355 1 978 0.8079268523790888 0.20857353293554862
transition 355 1 59 0.4798526134769219 0.25641559152193166
transition 355 2 812 0.9583819280231711 0.3636901065308831
transition 355 2 777 -0.011748976866680083 0.19395351789388693
transition 355 2 420 0.17588448487591934 0.44235637557522994
transition 355 3 482 0.2553057380727437 0.15099636370465314
transition 355 3 79 0.1310519760899571 0.6299941421123784
transition 355 3 706 -0.7412818009827888 0.21900949418296864
transition 355 4 954 0.3273649389127282 0.2852272582336
transition 355 4 279 -0.4518928575900458 0.3024490151668327
transition 355 4 674 0.7709875887495594 0.12661782352746953
transition 355 4 380 0.2643915739914573 0.02559247577753007
transition 355 4 132 0.9662462226680448 0.2601134272945677
transition 356 0 561 -0.45783307879883006 1.0
transition 356 1 177 -0.11363837812545818 0.39658285568451035
transition 356 1 418 -0.4865054349493576 0.6034171443154897
transition 356 2 537 0.1928011185512808 0.34584630467557737
transition 356 2 519 -0.03520381543178597 0.18990794855536625
transition 356 2 145 -0.09490162070614372 0.46424574676905644
transition 356 3 712 -0.057504613133237736 0.39118401306648015
transition 356 3 675 -0.10871351582767619 0.1687341816781246
transition 356 3 695 -0.13868362775063536 0.44008180525539525
transition 356 4 783 -0.7526476407363982 1.0
transition 357 0 572 -0.2559205870506438 0.5285982284131002
transition 357 0 846 -0.5249084870588836 0.01097870260535328
transition 357 0 689 -0.6099574689419254 0.08311193714153636
transition 357 0 336 -0.7452798209152873 0.038962380736440844
transition 357 0 84 0.7541423995674517 0.3383487511035692
transition 357 1 687 0.6398413805464449 0.4329397825284516
transition 357 1 588 -0.24471836891260978 0.4141417845470979
transition 357 1 368 0.2647084814526526 0.1529184329244505
transition 357 2 671 -0.562857973096452 0.3349458626203566
transition 357 2 144 -0.4935342795829185 0.07126691147450864
transition 357 2 687 -0.2983529527334525 0.35148819151666844
transition 357 2 535 0.7554355759573741 0.2422990343884664
transition 357 3 43 0.7026850454648639 0.8284496216499212
transition 357 3 677 0.6371356311551364 0.17155037835007886
transition 357 4 130 0.6236749191322779 0.08351186241871683
transition 357 4 457 0.8052612571389881 0.2827377887312747
transition 357 4 697 0.025203522233752107 0.37456915341303243
transition 357 4 244 0.9654799545821602 0.259181195436976
transition 358 0 849 -0.998330889134909 0.25273014610268757
transition 358 0 667 0.1107235321060338 0.27078108139694707
transition 358 0 808 0.12385331297694746 0.1974531074913409
transition 358 0 166 -0.5407892317327727 0.1744809240396247
transition 358 0 488 0.6549785895470563 0.1045547409693997
transition 358 1 879 0.43024054867496764 0.020518825299754486
transition 358 1 774 -0.6867336003268298 0.9676259686805014
transition 358 1 295 -0.5081583848232767 0.011855206019744114
transition 358 2 658 0.34157110626162224 0.28448120630891965
transition 358 2 243 -0.7136596665077553 0.12044195600546345
transition 358 2 223 -0.04526639760821527 0.33550931851222315
transition 358 2 384 0.3162126513285972 0.25956751917339366
transition 358 3 69 0.7186489261226945 1.0
transition 358 4 166 -0.795319736020478 1.0
transition 359 0 677 -0.218708051720369 1.0
transition 359 1 100 0.8898493472364482 0.25417325287078874
transition 359 1 732 -0.8821975852035833 0.3327094937492433
transition 359 1 5 -0.8388707653788439 0.41311725337996796
transition 359 2 998 0.10219284240750537 1.0
transition 359 3 294 -0.05355534490180802 0.1271895975473776
transition 359 3 729 -0.11382558682552957 0.30325201515977884
transition 359 3 375 0.18750027950219272 0.33611147040743217
transition 359 3 748 -0.12589832159058245 0.17537410959362415
transition 359 3 312 -0.2051752666071298 0.0580728072917872
transition 359 4 176 0.612041845791409 0.23584924954400174
transition 359 4 704 0.564591715076922 0.13903116329255918
transition 359 4 703 0.1879963518520571 0.1978824254710175
transition 359 4 783 -0.14340148315833323 0.24002768566900856
transition 359 4 307 0.2429555326100552 0.187209476023413
transition 360 0 511 0.028849558109863782 0.3435256436524389
transition 360 0 358 0.7611918789741112 0.3187660537650829
transition 360 0 323 -0.7574765073291307 0.3377083025824783
transition 360 1 826 0.22434373507763317 1.0
transition 360 2 760 0.7408786002107326 0.10843103810172618
transition 360 2 129 -0.24193225934287765 0.4032715128008378
transition 360 2 272 -0.6484270256283937 0.3150676402512285
transition 360 2 431 0.35632154575380803 0.1732298088462074
transition 360 3 330 0.7416507052538779 1.0
transition 360 4 155 -0.5933839774768128 1.0
transition 361 0 65 -0.6770199258968437 0.19392377340645142
transition 361 0 847 0.8775470810028831 0.39295128650943245
transition 361 0 466 -0.9574469453360976 0.4131249400841162
transition 361 1 941 -0.6733417668673483 0.5071399436027867
transition 361 1 821 -0.4469293162336805 0.4928600563972133
transition 361 2 671 0.03514635358105389 1.0
transition 361 3 280 0.9220649718204976 0.19875098435240254
transition 361 3 263 -0.7512042460708945 0.3351418794423375
transition 361 3 605 0.4959857272638468 0.19426193836479358
transition 361 3 312 -0.23997444696410075 0.2718451978404664
transition 361 4 135 0.9829683708566339 0.44474185719661946
transition 361 4 419 0.5874055620751986 0.19167470033379497
transition 361 4 190 -0.21648894853445477 0.3635834424695855
transition 362 0 555 -0.7737752721323468 0.3719215832125514
transition 362 0 986 -0.23806168504005099 0.07059332631676157
transition 362 0 482 0.7315129231286752 0.37123159354646146
transition 362 0 779 -0.5249036982504978 0.13042605743631397
transition 362 0 538 -0.8244687266971786 0.055827439487911634
transition 362 1 709 -0.7503445426652697 1.0
transition 362 2 317 -0.7136076021487301 0.3199567944557266
transition 362 2 499 -0.9797490232458168 0.34389096828702065
transition 362 2 745 0.26316797625540067 0.23457585297033415
transition 362 2 979 0.21179900793697293 0.10157638428691859
transition 362 3 611 -0.3616634318215657 0.13085769949711581
transition 362 3 120 0.9294213157868498 0.8691423005028842
transition 362 4 126 -0.07455665629423147 0.9358532846812485
transition 362 4 588 0.05789602851273301 0.06414671531875149
transition 363 0 700 -0.8016629139634379 0.10681938628866706
transition 363 0 330 0.4497202908347129 0.13219919901400776
transition 363 0 458 0.994988676177802 0.20930498956477983
transition 363 0 9 0.16498045158325447 0.18511890494110878
transition 363 0 177 -0.7164252701045613 0.3665575201914366
transition 363 1 344 -0.2137055293407124 0.18603688510642144
transition 363 1 519 -0.06807784154117624 0.68202756546729
transition 363 1 643 -0.2681353770072443 0.13193554942628855
transition 363 2 975 -0.6665161063959937 0.763228945021146
transition 363 2 135 -0.08720184932078201 0.23677105497885398
transition 363 3 813 0.9696871768422115 1.0
transition 363 4 192 0.7616475712553152 0.036677729633263406
transition 363 4 277 -0.6661083091527003 0.568961477949287
transition 363 4 400 -0.7154558359307741 0.3382324895759742
transition 363 4 123 -0.3791735842303401 0.056128302841475415
transition 364 0 942 -0.5802073989662972 0.38674221550648913
transition 364 0 890 0.2635675368810946 0.6132577844935109
transition 364 1 680 -0.9037352845938376 0.019189450479964783
transition 364 1 737 -0.40452044313942626 0.441652753910255
transition 364 1 99 0.21967625555890513 0.26269746667707417
transition 364 1 104 -0.6432369595842622 0.23051857869928366
transition 364 1 280 -0.47892271956518284 0.04594175023342249
transition 364 2 476 -0.27952445923294467 0.1464328459392391
transition 364 2 794 -0.8173099122287313 0.35392742917240816
transition 364 2 245 -0.4925595303045198 0.21750573751712926
transition 364 2 669 -0.014733223839639598 0.012349311403970036
transition 364 2 785 0.8293280482513437 0.26978467596725336
transition 364 3 180 0.9950133862853683 0.005846537236144001
transition 364 3 689 0.054784929020282425 0.39790711012186364
transition 364 3 526 0.690905879862308 0.06323691625124712
transition 364 3 595 0.7505285167624434 0.5330094363907453
transition 364 4 838 -0.9723098624427349 0.3566705188324857
transition 364 4 923 0.8486618803903512 0.07051337605837207
transition 364 4 268 -0.42140922547767734 0.396620932273576
transition 364 4 510 0.27511511156704516 0.17619517283556618
transition 365 0 778 -0.07560360177078485 0.21225295960737214
transition 365 0 707 0.866081087910318 0.3553598798553067
transition 365 0 985 0.2189173772229236 0.3706504722371019
transition 365 0 952 -0.07526859012584297 0.06173668830021922
transition 365 1 343 -0.20845646580682575 0.710445303949597
transition 365 1 585 -0.6241396700722541 0.1304146181428391
transition 365 1 315 0.41536688853833414 0.1591400779075638
transition 365 2 971 -0.5178680933352087 0.3553572096479077
transition 365 2 400 0.8541945502936028 0.6142280244920999
transition 365 2 323 -0.40726972601051736 0.030414765859992463
transition 365 3 861 -0.3967451792715577 0.06378278016912649
transition 365 3 721 -0.05769341567777109 0.1621521663291084
transition 365 3 833 0.10612517097413932 0.32170012834532974
transition 365 3 554 0.3609531749273027 0.2014459059446175
transition 365 3 474 -0.5833538180251996 0.2509190192118178
transition 365 4 345 0.025456882646972767 0.220613006246904
transition 365 4 114 0.6339948251895708 0.609657126969195
transition 365 4 194 0.8931346770548885 0.16972986678390084
transition 366 0 890 0.6053016239958517 1.0
transition 366 1 608 0.8755278708910483 1.0
transition 366 2 602 0.9771223828995732 0.08262014454031162
transition 366 2 166 -0.5372024175277277 0.40614575100124756
transition 366 2 206 0.20840896924159957 0.4790138610660584
transition 366 2 707 -0.09551239142289214 0.03222024339238231
transition 366 3 72 0.4939702078883297 0.11926755797855369
transition 366 3 80 -0.5664020290891183 0.3862216953303192
transition 366 3 762 -0.23231556030652767 0.33232171175839514
transition 366 3 927 -0.8293163278461175 0.16218903493273196
transition 366 4 910 0.5328875982797245 0.5088462727160009
transition 366 4 649 0.876875384219177 0.49115372728399903
transition 367 0 414 0.7966196513172381 0.002035952296998761
transition 367 0 420 -0.41578330207233605 0.4379036637737517
transition 367 0 214 -0.3749269670820874 0.4625329774167098
transition 367 0 342 -0.6190150786734572 0.09752740651253965
transition 367 1 625 0.7218426344350308 0.0359260366899502
transition 367 1 910 -0.4903859443502099 0.10806333955207266
transition 367 1 636 -0.9769330408035171 0.5963914826106839
transition 367 1 970 -0.6779467657590252 0.25961914114729323
transition 367 2 309 0.709989923979506 0.8424453063935207
transition 367 2 897 -0.9429682719291224 0.15755469360647933
transition 367 3 840 -0.6902433559796075 0.0754862757296434
transition 367 3 340 0.34410743567974666 0.26342510052543266
transition 367 3 256 0.7575918837832734 0.5026929515157342
transition 367 3 724 0.8929767163095412 0.04757636621566861
transition 367 3 649 -0.7822285579544836 0.1108193060135211
transition 367 4 72 -0.5247134717467459 0.26984285295885285
transition 367 4 172 0.1970570521775652 0.3008646230363738
transition 367 4 180 0.9238272954354727 0.2354363436758652
transition 367 4 658 0.16702086111284342 0.1938561803289082
transition 368 0 173 -0.6260168716426133 0.4499089407601127
transition 368 0 313 -0.7570334861456682 0.5500910592398873
transition 368 1 380 0.9174889315927277 0.10471554351450461
transition 368 1 359 -0.14379956043350428 0.09558347696396657
transition 368 1 686 -0.6222529583545031 0.39528243688997344
transition 368 1 111 -0.1395642094742251 0.24009733412603224
transition 368 1 331 0.34807482327437045 0.16432120850552312
transition 368 2 265 0.22367288778367844 1.0
transition 368 3 395 0.05795645033740304 0.12527624019547257
transition 368 3 840 0.041120945125801445 0.3792970836437874
transition 368 3 868 -0.0469458184166216 0.17236874636797495
transition 368 3 42 0.6669558842803394 0.32305792979276504
transition 368 4 745 0.00017174724736701563 0.2864862164499459
transition 368 4 768 0.22343295774591576 0.11504628774306759
transition 368 4 885 0.9236295545399695 0.08289700813437535
transition 368 4 213 -0.3156755146507333 0.515570487672611
transition 369 0 98 0.10257197172489274 0.2229057526890123
transition 369 0 554 -0.5425947987642754 0.08739532005890657
transition 369 0 368 0.13544799977578714 0.46689846953810465
transition 369 0 4 0.11916633716401148 0.22280045771397639
transition 369 1 33 -0.2557247598668895 0.33556086373180355
transition 369 1 322 -0.5454658823421965 0.32635311219794844
transition 369 1 73 0.5136967245990094 0.33808602407024796
transition 369 2 945 -0.8770506408788392 0.31398320843852134
transition 369 2 240 -0.12740850682555593 0.6860167915614787
transition 369 3 826 -0.24717729803959698 0.2732317803574307
transition 369 3 479 0.4690310909119253 0.18014626526458244
transition 369 3 778 -0.18386566502793622 0.09229554118205338
transition 369 3 807 -0.8596873754263084 0.22959663264120428
transition 369 3 483 0.90860146436245 0.22472978055472925
transition 369 4 615 0.6369501649274376 0.13510080374567582
transition 369 4 603 0.7666574818802587 0.29215301056324305
transition 369 4 524 -0.6469499447416482 0.12571287391408367
transition 369 4 191 0.14888494752821702 0.2295325375104892
transition 369 4 34 -0.08936461043413035 0.21750077426650827
transition 370 0 696 0.3561002597468015 1.0
transition 370 1 316 0.6887716062525866 0.20014473979561476
transition 370 1 77 0.9552850786361275 0.10230025606089076
transition 370 1 146 0.35794414287607945 0.345791139804444
transition 370 1 672 -0.7908543407207735 0.06795299061191751
transition 370 1 545 0.32802328307210815 0.28381087372713293
transition 370 2 698 -0.48599069879955814 0.21031248106895117
transition 370 2 876 0.4672746111629227 0.16886712616261207
transition 370 2 828 -0.7709683011590827 0.17885155289858048
transition 370 2 962 -0.9343627495856184 0.1299996048787809
transition 370 2 691 0.06812630432456701 0.3119692349910753
transition 370 3 474 0.7013023423883356 0.9729736122698235
transition 370 3 706 -0.773646338813083 0.027026387730176522
transition 370 4 977 -0.5728951925261379 0.07272516216473246
transition 370 4 642 -0.6566004125759 0.26393744396704033
transition 370 4 549 0.8606414582777999 0.27750599098826284
transition 370 4 513 0.01948322064552621 0.3858314028799644
transition 371 0 958 -0.5707500203663598 0.49653816169315657
transition 371 0 859 0.15495688675849273 0.5034618383068435
transition 371 1 751 -0.27881418466433927 0.36318328006751494
transition 371 1 390 -0.46853147727719735 0.2668578797067813
transition 371 1 249 0.8214340648527123 0.3520243157923451
transition 371 1 204 0.9648503479984238 0.017934524433358596
transition 371 2 494 0.1132285896676295 0.6599406326435621
transition 371 2 256 0.6184652911296766 0.34005936735643794
transition 371 3 952 0.6224972752282953 0.28586341408769633
transition 371 3 653 -0.6974601479244291 0.2347166675007159
transition 371 3 52 0.7867195267579832 0.2161339228145579
transition 371 3 872 0.12128142365761696 0.16404931491973912
transition 371 3 811 -0.4671369251868145 0.0992366806772907
transition 371 4 315 0.7701551998222844 0.3422461258415225
transition 371 4 690 0.8385629706419055 0.0459579201549435
transition 371 4 835 -0.276050452090596 0.3657842702043608
transition 371 4 5 0.8086990337973317 0.24601168379917313
transition 372 0 874 -0.505149461724143 1.0
transition 372 1 130 0.9861870099109624 0.23105152147456506
transition 372 1 543 -0.7272019011276307 0.10069890027194547
transition 372 1 91 -0.7270459741585809 0.0005476398244691572
transition 372 1 337 -0.7215954070545103 0.6089569059207895
transition 372 1 299 0.4489557520125025 0.058745032508230814
transition 372 2 482 -0.4519766006475028 0.48453064929313544
transition 372 2 449 -0.12821834509741326 0.026174411964805935
transition 372 2 677 0.15996624735720277 0.018643504148529413
transition 372 2 609 -0.79291862351979 0.1358901288815974
transition 372 2 117 0.7419383815268783 0.3347613057119318
transition 372 3 627 0.4010195353379402 0.10895560919414521
transition 372 3 725 -0.5159444009889804 0.2527448284669726
transition 372 3 959 0.45510344612324083 0.33776346489403936
transition 372 3 136 -0.11219285064262685 0.3005360974448428
transition 372 4 104 0.8577608055984232 0.5155346578384354
transition 372 4 505 0.4681440063573714 0.48446534216156456
transition 373 0 671 0.8890074083183932 0.344877982966631
transition 373 0 251 0.5527442061071908 0.6551220170333689
transition 373 1 963 0.4943015269084996 1.0
transition 373 2 532 0.148787755481673 0.07159319085148093
transition 373 2 321 -0.8672260199527364 0.928406809148519
transition 373 3 816 0.8736447481830529 1.0
transition 373 4 931 -0.6495393705600063 0.10529094769570463
transition 373 4 364 0.39664596098693794 0.033407881786869244
transition 373 4 822 -0.6786419389879113 0.49817099323213726
transition 373 4 630 0.7215596582707544 0.3631301772852889
transition 374 0 356 -0.7976842369665793 0.4542783412683694
transition 374 0 781 0.15141679908544758 0.5457216587316306
transition 374 1 182 -0.9017638045812484 1.0
transition 374 2 492 -0.523391863448279 1.0
transition 374 3 246 -0.7461124752234316 0.5248299541268093
transition 374 3 938 -0.7634215150920092 0.47517004587319067
transition 374 4 172 -0.3605885967948621 0.1930307452796138
transition 374 4 237 0.8506730486805032 0.3514210369558599
transition 374 4 382 0.48142498953287793 0.11013689656205751
transition 374 4 741 0.7089023499134564 0.016747997386234333
transition 374 4 537 0.5887886600770729 0.32866332381623437
transition 375 0 745 -0.8196688910900116 0.34136674959422814
transition 375 0 677 -0.009963457443050494 0.31310702737720963
transition 375 0 98 0.7094794434820346 0.20851215880218696
transition 375 0 51 -0.6138693928752328 0.1370140642263753
transition 375 1 305 0.41422085969512956 0.4246642610952503
transition 375 1 372 -0.05573030181816363 0.43045263681910495
transition 375 1 334 -0.25887108907369116 0.08165462364389131
transition 375 1 139 0.7415134312658804 0.0632284784417534
transition 375 2 86 0.1972581404067708 0.29620319907165166
transition 375 2 551 0.2462099709041734 0.39828011513394773
transition 375 2 230 -0.5675263531850865 0.14676323244675782
transition 375 2 618 0.9115673854743922 0.07594572343417651
transition 375 2 84 -0.6055202514601317 0.08280772991346624
transition 375 3 702 0.5176431927745437 0.30030364683100713
transition 375 3 240 0.44119629075715516 0.1934844835780798
transition 375 3 324 0.4145908163019647 0.2534457722124233
transition 375 3 254 -0.48555762422335014 0.2459778268236131
transition 375 3 137 -0.2146738179074179 0.006788270554876576
transition 375 4 972 -0.8324490454853204 0.06562323197598025
transition 375 4 11 -0.7584665331212668 0.11918633314592278
transition 375 4 372 -0.22402325514596333 0.3144593193949616
transition 375 4 169 0.3557438230282992 0.2593884114772586
transition 375 4 86 -0.8828087452370732 0.24134270400587673
transition 376 0 709 -0.0985267044543452 0.07763840992611024
transition 376 0 824 -0.2282961617960142 0.1799985780097211
transition 376 0 499 -0.05229117290406915 0.3002849375551426
transition 376 0 327 -0.5602839912052102 0.2356730831781376
transition 376 0 738 -0.7885320656059864 0.20640499133088858
transition 376 1 303 0.6717996503173633 0.19892447729981413
transition 376 1 359 -0.8404874174743546 0.22585721712241744
transition 376 1 495 -0.7222665033645714 0.5752183055777684
transition 376 2 387 0.26405936464734037 1.0
transition 376 3 459 -0.5320665460498581 0.43162751316936787
transition 376 3 353 0.5359449855530354 0.5683724868306321
transition 376 4 324 0.30695523249086976 1.0
transition 377 0 22 0.9434012791979003 0.15609644367491232
transition 377 0 812 -0.03669141504192042 0.4962034378444618
transition 377 0 706 -0.7263373378526392 0.06324320656755501
transition 377 0 393 -0.5450542570544261 0.28445691191307076
transition 377 1 927 -0.22307784830351318 0.08260840902067475
transition 377 1 347 -0.4697307544443978 0.08369478531378581
transition 377 1 859 -0.015201742627498849 0.43191568544618975
transition 377 1 222 0.6034541759464616 0.4017811202193498
transition 377 2 850 0.11018146925991656 0.1831428973638568
transition 377 2 312 0.362566406308376 0.19907118060791182
transition 377 2 324 0.8042154548446097 0.33609052653600224
transition 377 2 221 -0.5035921914402213 0.28169539549222916
transition 377 3 164 -0.1761882627108211 0.16629395863776403
transition 377 3 117 0.6794587375318712 0.833706041362236
transition 377 4 934 0.7029363499805019 0.9673075211027011
transition 377 4 747 0.448567913527784 0.0326924788972989
transition 378 0 172 0.26976477365841167 0.053638109583849077
transition 378 0 830 0.03466899497860032 0.010953220927066848
transition 378 0 277 0.7156150194238875 0.30000108368799255
transition 378 0 710 -0.8123373233395774 0.02304371808143428
transition 378 0 979 -0.14393110932607622 0.6123638677196572
transition 378 1 791 0.8103394969425921 0.4835342558045053
transition 378 1 670 0.933408107788489 0.14109569967800886
transition 378 1 328 -0.5403578561112898 0.26533368834435245
transition 378 1 948 0.6166680569210383 0.11003635617313338
transition 378 2 940 -0.05164368750576376 0.07995075555294846
transition 378 2 57 0.6678617620817415 0.3376236329221739
transition 378 2 64 0.04470127368519283 0.5824256115248777
transition 378 3 160 -0.06935112327196835 0.19488403262442103
transition 378 3 524 -0.9617112664895986 0.12894017578771902
transition 378 3 394 -0.2375209197475463 0.28105645314726335
transition 378 3 131 0.8212368782797155 0.1640442558796791
transition 378 3 281 -0.6297222675150196 0.2310750825609175
transition 378 4 109 -0.06417014424278311 0.1572408531479694
transition 378 4 108 -0.4658463422956045 0.5702365224272548
transition 378 4 633 -0.2805720770101363 0.10731927052648306
transition 378 4 767 -0.6183630292450288 0.16520335389829272
transition 379 0 664 -0.20388095108570448 0.19116869555776855
transition 379 0 575 -0.4465517827029182 0.8088313044422314
transition 379 1 861 0.004756359510698083 0.2873510996870508
transition 379 1 952 0.9768371433007272 0.6570003536852559
transition 379 1 169 -0.804779186461339 0.05564854662769334
transition 379 2 579 -0.770932189334304 0.2474819743298417
transition 379 2 541 0.7517808700716346 0.23577753205059118
transition 379 2 523 0.5085789074490612 0.15286369046568465
transition 379 2 829 0.9869912387494755 0.06655028045162
transition 379 2 930 -0.9552826835997732 0.2973265227022625
transition 379 3 75 0.6582377314285759 1.0
transition 379 4 786 0.9240975382927736 0.32323819973688034
transition 379 4 570 -0.8214634645849681 0.34596197218962327
transition 379 4 293 0.24616138507017515 0.2816183468151522
transition 379 4 925 -0.1287348855626762 0.04918148125834418
transition 380 0 49 -0.7443531679635265 0.0013636246366880147
transition 380 0 429 0.9158663725469043 0.26458394013203396
transition 380 0 73 -0.06936087710599081 0.2741771329480977
transition 380 0 534 0.7333182010284032 0.2244079132996512
transition 380 0 65 -0.8471193838482654 0.23546738898352917
transition 380 1 74 -0.4513943895871986 0.8769920311242221
transition 380 1 261 0.7811000452072812 0.12300796887577777
transition 380 2 190 0.8762035614666677 0.2049327499820531
transition 380 2 112 0.9531623358992873 0.15610510355955867
transition 380 2 53 0.26908162599335816 0.011213770483402132
transition 380 2 108 0.7103063136107137 0.14212403051111602
transition 380 2 995 0.14591262311366315 0.48562434546387
transition 380 3 755 -0.8091784428829589 0.6385556742193796
transition 380 3 787 -0.19404585714636857 0.36144432578062036
transition 380 4 817 -0.7835381236541048 0.229021567429089
transition 380 4 95 0.07767698538104595 0.23489725292019228
transition 380 4 216 -0.10319538227507707 0.21138523478823576
transition 380 4 956 -0.3741041104728686 0.06340801707725852
transition 380 4 756 0.4032725812181124 0.26128792778522436
transition 381 0 476 0.3171554239750112 0.33367510682262574
transition 381 0 914 0.22103931984536662 0.2285712366460389
transition 381 0 973 0.6601567675993059 0.15192646242489732
transition 381 0 909 0.1868906943526203 0.28582719410643803
transition 381 1 416 -0.7333977228097011 0.34731854395501166
transition 381 1 176 -0.3749940327295822 0.17974335368976788
transition 381 1 332 -0.12191260898048717 0.06546070996312059
transition 381 1 360 -0.5799507529575774 0.28932047018610935
transition 381 1 471 0.6321187203215153 0.11815692220599054
transition 381 2 922 -0.014686270248844169 0.3577485875458022
transition 381 2 428 -0.22584463762721807 0.04879526048154824
transition 381 2 706 0.7258730370505715 0.3855830273049531
transition 381 2 104 0.3875985413821377 0.2078731246676965
transition 381 3 356 -0.6998826286686055 0.2879269512574451
transition 381 3 884 0.653326500474418 0.30715770142088017
transition 381 3 925 0.4394441568719374 0.23998327498008418
transition 381 3 13 -0.8469075902093979 0.16493207234159055
transition 381 4 748 -0.31685999112814867 0.1422740274690252
transition 381 4 965 -0.7289628870294784 0.8577259725309748
transition 382 0 118 -0.24612848307467505 0.21480852670921172
transition 382 0 370 0.7256996732723153 0.13434043896504774
transition 382 0 279 0.8725010291700226 0.2956418867676644
transition 382 0 899 0.675598086196622 0.13641747715132807
transition 382 0 658 -0.3080073389248992 0.21879167040674807
transition 382 1 568 0.24629418960162308 0.05466949859414209
transition 382 1 2 -0.4861996266338886 0.1162072342673165
transition 382 1 867 0.3453513714372016 0.06622573312277345
transition 382 1 843 0.8539156440559255 0.3816523362456431
transition 382 1 170 -0.7701373012243167 0.38124519777012483
transition 382 2 44 0.8190067288720067 1.0
transition 382 3 949 -0.7500782447786121 0.4435682616774915
transition 382 3 494 0.752678810240843 0.5564317383225085
transition 382 4 996 -0.02114378129423211 1.0
transition 383 0 623 -0.647338493421082 0.39474833686560884
transition 383 0 857 0.38945261099670025 0.6052516631343912
transition 383 1 425 -0.23587150409295132 0.11465820352921914
transition 383 1 67 -0.8425642995751756 0.13651110505074693
transition 383 1 220 0.06113528789598055 0.748830691420034
transition 383 2 661 -0.1112882700358413 0.17507431563946868
transition 383 2 301 -0.4433959116866122 0.7819063946360717
transition 383 2 172 -0.9204663082508331 0.04301928972445962
transition 383 3 670 0.09226911104130942 0.83084178737264
transition 383 3 215 -0.2642424283388263 0.16915821262735994
transition 383 4 534 0.03675030512959587 0.3268648550581518
transition 383 4 604 0.971842405784499 0.16240472949315973
transition 383 4 278 -0.37709781950007204 0.025729033040321616
transition 383 4 134 0.9783075305019611 0.29705513692886226
transition 383 4 353 -0.015587589071934582 0.18794624547950453
transition 384 0 424 -0.380220304666977 0.14575481163766854
transition 384 0 324 -0.99472107393434 0.8542451883623314
transition 384 1 8 -0.4686793326008858 1.0
transition 384 2 518 -0.6586335493526998 0.2152001085229693
transition 384 2 91 -0.13627659232773914 0.22648662328096592
transition 384 2 447 0.02997924658361195 0.5583132681960647
transition 384 3 180 0.3542994679468032 0.01687000522272751
transition 384 3 679 -0.15658157867667977 0.007337075474673802
transition 384 3 837 -0.0678885163166818 0.6480596066782491
transition 384 3 642 0.7076742940712635 0.32773331262434957
transition 384 4 808 -0.11669425597219685 0.40861140373987437
transition 384 4 744 -0.9367650513621164 0.21663876105894475
transition 384 4 608 -0.4803031236825217 0.3747498352011809
transition 385 0 367 -0.30728615273624516 0.04450686197700536
transition 385 0 558 -0.44922582760946006 0.14953416971572384
transition 385 0 524 -0.22154619665154507 0.3758073471458623
transition 385 0 245 -0.6856296126613859 0.43015162116140854
transition 385 1 17 0.9918282441480291 1.0
transition 385 2 533 -0.6531045740467232 0.8638176106709593
transition 385 2 261 0.48715737345105614 0.13618238932904067
transition 385 3 864 0.056071410013000866 0.05778371036592174
transition 385 3 839 0.32955681173305695 0.03756883237689853
transition 385 3 296 -0.632545528514032 0.6879379465036527
transition 385 3 238 0.5575877674359966 0.21181430544507096
transition 385 3 713 -0.9975806165082401 0.004895205308455934
transition 385 4 239 -0.1183906663361296 0.37190113157097815
transition 385 4 468 -0.6236153000012519 0.6280988684290219
transition 386 0 987 0.4187093647279321 0.09408746809690158
transition 386 0 604 0.8172402838919215 0.31220397846516373
transition 386 0 712 -0.7982997144048378 0.5937085534379347
transition 386 1 679 0.7097936285317612 0.11301614501568415
transition 386 1 793 -0.15138634311618326 0.5051472097582147
transition 386 1 665 0.9070777376060701 0.38183664522610117
transition 386 2 161 0.5589851146884497 1.0
transition 386 3 643 0.5073733023752871 1.0
transition 386 4 271 0.6581995161745207 0.2873473240566577
transition 386 4 179 -0.778580568155262 0.2865031275483818
transition 386 4 934 -0.46653791794552424 0.019144651724194533
transition 386 4 183 -0.6124512784763414 0.267036464600242
transition 386 4 376 -0.7857314291471764 0.13996843207052392
transition 387 0 657 -0.051617249625994566 0.3057132731100295
transition 387 0 839 -0.5813975575702939 0.17752188608221228
transition 387 0 362 0.9625996632714222 0.38089720383412246
transition 387 0 662 -0.3910586018531088 0.1358676369736358
transition 387 1 560 0.8627963204149365 0.9526909348797137
transition 387 1 722 0.4525153852267112 0.04730906512028636
transition 387 2 294 -0.6877049276558604 0.34228890588156324
transition 387 2 786 0.7080762419022977 0.2560248752035372
transition 387 2 856 0.9836813165371299 0.4016862189148995
transition 387 3 243 0.5541995235989658 0.27524729243441143
transition 387 3 278 0.8935039937114297 0.7247527075655886
transition 387 4 873 -0.6010427392227435 1.0
transition 388 0 627 -0.41009969974004323 0.3228120124005147
transition 388 0 709 0.5872953969639774 0.6771879875994852
transition 388 1 988 -0.014511972072255519 1.0
transition 388 2 108 0.33088781158298053 0.24385714919690382
transition 388 2 256 -0.9213715548770227 0.1777938390858045
transition 388 2 50 0.18319710351869545 0.15050857789555275
transition 388 2 115 -0.6137378828461579 0.25343813650749164
transition 388 2 795 0.39316322120184144 0.17440229731424725
transition 388 3 597 -0.9484368561996441 0.16520832874483118
transition 388 3 740 0.07491234194708873 0.1588086601904651
transition 388 3 432 0.869610993618344 0.32331897524450437
transition 388 3 217 0.04374407370816069 0.19249172252537158
transition 388 3 378 -0.6225925483830628 0.1601723132948277
transition 388 4 571 0.9211663098360121 0.2767093718832679
transition 388 4 742 -0.2699182955882369 0.6941852602288068
transition 388 4 925 -0.5546284160153652 0.029105367887925337
transition 389 0 885 -0.28162190728727454 0.019306715925405168
transition 389 0 377 -0.8650140057265789 0.15904251362875077
transition 389 0 795 0.9016623542283366 0.8216507704458441
transition 389 1 334 0.36338741278404285 0.1937090208048496
transition 389 1 258 0.06431639858366167 0.5860157432505275
transition 389 1 317 -0.626199648832678 0.22027523594462287
transition 389 2 270 0.7054193004127713 1.0
transition 389 3 965 -0.3991598261800757 1.0
transition 389 4 755 -0.6867845555906826 0.0878367211047785
transition 389 4 449 0.5566299468389568 0.15396061489871113
transition 389 4 599 -0.19795313240644696 0.37119619277444166
transition 389 4 777 0.8568199698684016 0.38700647122206866
transition 390 0 880 0.09502615117455604 0.34228054867584035
transition 390 0 753 0.5942329229620209 0.0679129486659924
transition 390 0 373 -0.4756471716546702 0.3435484171364015
transition 390 0 395 0.17736772930885247 0.24625808552176567
transition 390 1 885 -0.9797060802176172 0.39296838550949414
transition 390 1 547 0.3085559984047197 0.5960073657333662
transition 390 1 314 -0.684211287248083 0.011024248757139555
transition 390 2 409 0.7923176018437876 0.5064916401237509
transition 390 2 245 -0.007153794968385752 0.4036448204200179
transition 390 2 874 0.7527558208410126 0.0383978583506274
transition 390 2 771 -0.28421857865517475 0.0514656811056038
transition 390 3 312 -0.8760232836614812 0.37949532279364956
transition 390 3 573 0.4121439357977039 0.6205046772063504
transition 390 4 445 0.36015218337749433 0.38411915049008444
transition 390 4 466 0.3915027285498913 0.26712581278325587
transition 390 4 208 -0.7711505540267849 0.3487550367266597
transition 391 0 647 0.9779569024305566 0.35040486947332883
transition 391 0 213 -0.2959109040584318 0.3376087147706027
transition 391 0 209 0.08845647569679738 0.3119864157560684
transition 391 1 500 0.7646365056070596 0.394264610797944
transition 391 1 105 0.5532213535225117 0.06173869333162428
transition 391 1 473 0.3598310297348588 0.5439966958704318
transition 391 2 927 -0.36990976398300535 0.3254005078590192
transition 391 2 286 -0.745918844350451 0.18330203650636345
transition 391 2 875 0.021220444209690825 0.01943213647778086
transition 391 2 291 0.7899055126310299 0.16789174520745995
transition 391 2 586 -0.4254581883348769 0.3039735739493766
transition 391 3 572 -0.32649761534109323 0.3991800988208311
transition 391 3 491 -0.6840602167913807 0.3657389166020032
transition 391 3 304 0.1951084972137498 0.23508098457716567
transition 391 4 313 0.23953918887002357 1.0
transition 392 0 349 0.823907421748908 0.0731130544973224
transition 392 0 427 -0.022417509889634646 0.9268869455026776
transition 392 1 321 0.31363975799941346 0.4832181595317222
transition 392 1 43 0.850348096491419 0.5167818404682778
transition 392 2 959 0.7682247082535676 0.37759157268375027
transition 392 2 185 -0.609564105058559 0.20048648458053428
transition 392 2 682 -0.9748587172566687 0.42192194273571554
transition 392 3 274 0.6823244793114471 0.7166047523640623
transition 392 3 790 0.6787524865083681 0.28339524763593776
transition 392 4 440 -0.048071319358359954 0.24478920259708697
transition 392 4 767 0.5361492163759956 0.22682957165691778
transition 392 4 928 -0.47937191994852824 0.01957036040255741
transition 392 4 818 -0.09824064640089292 0.5088108653434379
transition 393 0 644 0.8570652759872655 0.21249162787799647
transition 393 0 927 -0.1953400952523301 0.20597639821771913
transition 393 0 818 0.1583419945937472 0.21203808926954343
transition 393 0 370 -0.33694089755652956 0.10453216926851926
transition 393 0 680 0.7450386882429045 0.2649617153662217
transition 393 1 67 0.2865806687937318 0.20721784175688113
transition 393 1 8 0.6784437665572443 0.08017747544419097
transition 393 1 522 0.7621500619608501 0.14549417423879882
transition 393 1 349 0.2928322149190925 0.3088108798759698
transition 393 1 548 0.6146425289668376 0.2582996286841593
transition 393 2 483 -0.9833310283351127 1.0
transition 393 3 990 -0.49838966997114853 0.4271319066693736
transition 393 3 203 0.990138634242443 0.5728680933306263
transition 393 4 965 -0.03008254617863315 0.24644252047754892
transition 393 4 710 0.07443038463743856 0.29451944166908317
transition 393 4 472 -0.9615349259649293 0.1058806803995357
transition 393 4 859 0.11995353582727897 0.2214366456911623
transition 393 4 271 -0.1240287399522253 0.13172071176266986
transition 394 0 483 -0.46528995896902936 0.32787890900524264
transition 394 0 360 0.21585393548489895 0.06331090865255151
transition 394 0 146 0.5313944693957116 0.2772302286831211
transition 394 0 301 -0.012674255085964647 0.0301343270553598
transition 394 0 680 0.5687865452788186 0.301445626603725
transition 394 1 981 -0.9560813306922769 0.24826624493336455
transition 394 1 835 -0.7811854150196333 0.008665354101851562
transition 394 1 386 -0.8643357889297716 0.15802427607916214
transition 394 1 889 -0.9431733890882779 0.2831878956130506
transition 394 1 512 0.04004398655170616 0.30185622927257116
transition 394 2 144 -0.0033408802555929817 0.26643543651374024
transition 394 2 164 -0.9525742686935041 0.2844582396272305
transition 394 2 529 0.17199679460644002 0.021029118927881743
transition 394 2 808 0.5087203696173408 0.21211808714901506
transition 394 2 706 0.9664832815845383 0.21595911778213248
transition 394 3 325 -0.4306586362255749 0.03073591356140901
transition 394 3 279 0.9571110080203005 0.36595992360894086
transition 394 3 515 0.11775330500845405 0.22777900776293633
transition 394 3 488 0.022919631319642475 0.2489935232662125
transition 394 3 900 -0.6500188166760776 0.12653163180050137
transition 394 4 648 -0.3965367736830523 0.27016114772194194
transition 394 4 386 -0.5140539245097078 0.4503978636665045
transition 394 4 25 -0.3425960964473609 0.2794409886115536
transition 395 0 78 -0.2480681422462403 0.28739709261112295
transition 395 0 785 -0.3249347691221327 0.3005189471307319
transition 395 0 625 0.3403107828039995 0.2923281525677153
transition 395 0 658 0.022258410536468487 0.11975580769042987
transition 395 1 677 0.2361969749905639 1.0
transition 395 2 611 0.06684358945789426 0.2742720480009942
transition 395 2 647 -0.2901037927940411 0.23904270780736303
transition 395 2 434 0.20204322498652116 0.3506978252326625
transition 395 2 579 -0.715586022858016 0.1359874189589803
transition 395 3 80 0.7657637728097271 1.0
transition 395 4 223 -0.47784403830874544 0.16787556900345613
transition 395 4 913 -0.32103042652997726 0.8321244309965439
transition 396 0 197 -0.4641268756126109 0.24651026036117735
transition 396 0 677 0.059867495794244 0.1021552754711839
transition 396 0 639 -0.13673827884809486 0.16901667506674753
transition 396 0 137 -0.7785912743890406 0.48231778910089124
transition 396 1 200 -0.6282158593507137 0.5820761703307146
transition 396 1 560 -0.0378857629567233 0.4179238296692854
transition 396 2 273 0.13961359067456458 0.6273646574010919
transition 396 2 51 -0.17984907342893242 0.372635342598908
transition 396 3 926 -0.9046428492239653 0.39728794279036417
transition 396 3 333 0.3508485626622766 0.3002373395450145
transition 396 3 937 0.6942729654755366 0.17505177228866103
transition 396 3 572 -0.5125739385007233 0.12742294537596027
transition 396 4 969 0.7628688626885067 0.03776665284993395
transition 396 4 299 -0.4784420283943345 0.8409508229217918
transition 396 4 944 0.8530516479860242 0.12128252422827437
transition 397 0 225 0.691021515272803 0.30435993511292886
transition 397 0 410 0.4089662978795383 0.24469095472157473
transition 397 0 952 0.14378573847081633 0.24968167454298454
transition 397 0 436 -0.47318840806772866 0.07618426643831355
transition 397 0 388 0.6843601178335232 0.12508316918419832
transition 397 1 820 -0.1908083202782911 1.0
transition 397 2 763 0.282995800712593 0.3920438708638661
transition 397 2 787 -0.20842500507824235 0.344104208722047
transition 397 2 82 0.2458275360363258 0.263851920414087
transition 397 3 553 -0.7989703087907165 0.4280304829325052
transition 397 3 583 0.2621061833592555 0.5719695170674949
transition 397 4 526 0.8799128190037664 0.030361666523557544
transition 397 4 812 -0.3374488267128388 0.18668034962857008
transition 397 4 315 0.8859227989370357 0.30124238502769746
transition 397 4 962 0.4914086399179636 0.4817155988201749
transition 398 0 905 0.909475514198852 0.4942336466523165
transition 398 0 186 -0.5900445112201507 0.039046423841699644
transition 398 0 990 0.7464459392398897 0.4667199295059839
transition 398 1 756 0.8615267196614735 0.7287436940935211
transition 398 1 696 0.5504885780769293 0.0702276305473475
transition 398 1 902 0.9827992765467408 0.16471529546208152
transition 398 1 137 -0.5703531807095199 0.03631337989704986
transition 398 2 80 -0.2767703950639375 0.15397545602199872
transition 398 2 648 -0.836512826502978 0.25457179152291787
transition 398 2 115 0.42820210225105027 0.28826664247493394
transition 398 2 507 -0.9998546469683234 0.004022448303206187
transition 398 2 977 0.4340333903795013 0.29916366167694336
transition 398 3 164 -0.8819838828487385 1.0
transition 398 4 435 0.9388496654679821 1.0
transition 399 0 175 0.6991445672483465 0.22061119115679528
transition 399 0 109 -0.7928218409251087 0.14267827774583014
transition 399 0 544 0.133713281315484 0.6367105310973745
transition 399 1 918 0.45273032825429027 0.33483035895932456
transition 399 1 41 0.8210233708374408 0.397189048004536
transition 399 1 579 -0.03934786028694304 0.12180307782410613
transition 399 1 349 0.14654348741666867 0.0470924756011636
transition 399 1 62 -0.5028780871996277 0.09908503961086973
transition 399 2 93 -0.8541065013000224 1.0
transition 399 3 102 0.820817454343479 0.014044070441988372
transition 399 3 153 0.33380684982663933 0.2719796437172282
transition 399 3 965 -0.8042420411219784 0.33184265621073405
transition 399 3 702 -0.41082325082714144 0.2438439175022753
transition 399 3 480 0.5222627078721152 0.1382897121277741
transition 399 4 190 -0.3132863588504997 0.25931701942911195
transition 399 4 387 0.9315342619375124 0.21269398176493468
transition 399 4 26 0.5233859435214856 0.3934329777161216
transition 399 4 941 0.9682813449522185 0.13455602108983175
transition 400 0 73 -0.09508050999650086 0.02007626139940534
transition 400 0 662 -0.9043880669771616 0.6702097157433342
transition 400 0 121 0.6077951166100366 0.3097140228572604
transition 400 1 855 0.34418896472492033 0.02073724190141859
transition 400 1 205 -0.6748780452026524 0.3245691557984317
transition 400 1 15 -0.95990831260569 0.6546936023001497
transition 400 2 794 -0.4433214031444468 1.0
transition 400 3 844 0.8001459337001751 0.8550296407324738
transition 400 3 179 -0.3178437394138045 0.14497035926752616
transition 400 4 249 0.3618536087149635 0.2975041662571602
transition 400 4 179 0.7346059197243124 0.07553454512579802
transition 400 4 478 0.7824959393082975 0.2260362560261016
transition 400 4 192 -0.14082224133771382 0.40092503259094003
transition 401 0 959 -0.44701637316725695 1.0
transition 401 1 112 0.14810776994596053 0.10754656098432211
transition 401 1 757 -0.6290210529297717 0.23142937048404594
transition 401 1 71 -0.22108119724959474 0.3242426280296882
transition 401 1 994 0.5205545021013065 0.3129397209104218
transition 401 1 439 -0.4205218829444022 0.023841719591521947
transition 401 2 629 -0.36430421711127736 0.2693681879882477
transition 401 2 953 0.8905660366624375 0.32332355143338626
transition 401 2 53 -0.5928471896694951 0.407308260578366
transition 401 3 342 0.925357648292618 0.4146229532142566
transition 401 3 82 -0.33376863709402294 0.1453432469382986
transition 401 3 688 -0.3035886310904783 0.04825391661063795
transition 401 3 372 0.9324812879202733 0.3917798832368069
transition 401 4 209 -0.47078903757904533 0.49199900263118773
transition 401 4 154 -0.7268285606964895 0.5080009973688123
transition 402 0 479 -0.47930553385700025 0.19373253917391242
transition 402 0 857 0.5648130079360787 0.20260679665717224
transition 402 0 327 -0.3413912172443381 0.3467570207986749
transition 402 0 968 0.28150151969802173 0.2569036433702404
transition 402 1 798 -0.3630218703133272 0.1035638430714165
transition 402 1 179 -0.08939236617398993 0.4775018325618653
transition 402 1 637 -0.192845748669757 0.4189343243667183
transition 402 2 242 0.8901705937067803 1.0
transition 402 3 87 -0.979168569271772 0.21204034870900237
transition 402 3 581 -0.4386867105422807 0.027454416749628188
transition 402 3 882 0.7718760928905026 0.5734717221141129
transition 402 3 979 -0.8316104155896813 0.17964878027706777
transition 402 3 465 -0.887214505867806 0.007384732150188642
transition 402 4 745 0.25084025547822075 0.9995241569035561
transition 402 4 751 -0.8513400962812212 0.0004758430964439009
transition 403 0 990 -0.6449212175280805 0.037958445476583946
transition 403 0 63 0.7643325297308987 0.18380941966046244
transition 403 0 421 0.3110774647603427 0.2503696405701951
transition 403 0 207 0.6070473183404799 0.5278624942927586
transition 403 1 101 -0.5286293272430256 0.4394353585002845
transition 403 1 171 -0.3874718228434113 0.06916565297494791
transition 403 1 750 -0.9378238109408257 0.4913989885247675
transition 403 2 706 0.0439262762542747 0.2165601530539033
transition 403 2 660 -0.6308730084655902 0.4757000740472662
transition 403 2 495 -0.170276847663696 0.3077397728988304
transition 403 3 835 -0.1255702940669048 0.349837137025237
transition 403 3 87 0.10680716228948506 0.5347749506600372
transition 403 3 775 0.3202369194086392 0.09692448223545894
transition 403 3 10 0.5445064258235477 0.018463430079266794
transition 403 4 820 -0.17349334480782153 1.0
transition 404 0 524 0.5218661441502919 0.5505950919269694
transition 404 0 503 -0.17804645027080523 0.27430028515735394
transition 404 0 362 -0.84555049991144 0.1751046229156767
transition 404 1 6 -0.8952598576598598 0.44913259734225375
transition 404 1 814 -0.19928841118156626 0.5508674026577461
transition 404 2 644 -0.5019544532612468 0.218495851003347
transition 404 2 836 0.033803180488167994 0.781504148996653
transition 404 3 385 0.7433262313770947 0.39055244405662043
transition 404 3 857 -0.22795719437682815 0.6094475559433795
transition 404 4 379 -0.8035297813953943 0.35766033634283123
transition 404 4 477 0.6606826826783545 0.15757074408624097
transition 404 4 332 -0.44408332852164567 0.1035899570074563
transition 404 4 447 -0.6204296888285827 0.38117896256347145
transition 405 0 441 -0.8357066853233328 0.8836641624125989
transition 405 0 769 0.4117330570834643 0.11633583758740107
transition 405 1 56 -0.9597165323823738 0.3687179833685923
transition 405 1 599 -0.15602270396809148 0.6312820166314076
transition 405 2 733 -0.45298652409598006 0.3055383544946981
transition 405 2 151 -0.3425071864554432 0.13922502760176453
transition 405 2 968 0.7213131606503016 0.20111702888898533
transition 405 2 483 0.5930801489458621 0.07177754406898307
transition 405 2 673 0.14625559820767742 0.28234204494556897
transition 405 3 674 -0.5240525375014362 0.07461682453687322
transition 405 3 948 -0.07993352945214416 0.2493725004678891
transition 405 3 530 0.5151990304397458 0.09642593939345982
transition 405 3 956 0.6790024224816462 0.3091895173963089
transition 405 3 335 -0.9511768139329877 0.27039521820546886
transition 405 4 385 -0.6831003613598949 1.0
transition 406 0 645 -0.2770680791468072 0.027249404723215236
transition 406 0 351 -0.34981968721841405 0.9727505952767848
transition 406 1 546 0.6990197818365047 0.18529727073907776
transition 406 1 12 -0.2944256939330758 0.37470243862775054
transition 406 1 147 0.7256175367824742 0.4400002906331717
transition 406 2 320 -0.427573979291173 0.04791657749271253
transition 406 2 159 0.696356765444964 0.11845525689945159
transition 406 2 383 -0.6561882292847738 0.25883061178888034
transition 406 2 464 -0.4291464443078479 0.26180641847548214
transition 406 2 528 0.6338892230174411 0.31299113534347345
transition 406 3 671 0.41742303289535787 0.6294615157919607
transition 406 3 169 0.025001073813379238 0.3705384842080392
transition 406 4 636 0.2819509594258971 0.3588525263158928
transition 406 4 881 -0.04223291673206231 0.27087932643342166
transition 406 4 772 -0.47288459658733917 0.2660230060756302
transition 406 4 937 0.3111830825589932 0.10424514117505534
transition 407 0 376 0.4077264205009672 0.6677769817775562
transition 407 0 233 -0.7697434248502015 0.3322230182224438
transition 407 1 974 0.10009321223386958 0.6574422557027759
transition 407 1 205 0.19347206149269258 0.03295549284456415
transition 407 1 683 -0.7609650787104489 0.14581200059479546
transition 407 1 109 0.7750023812496234 0.16379025085786447
transition 407 2 372 -0.8436021578597457 0.011321604479630142
transition 407 2 977 -0.8382073781128392 0.29925809099695894
transition 407 2 986 0.36522639480177355 0.13182226918481807
transition 407 2 47 0.40151722507371534 0.3565335535835232
transition 407 2 25 -0.4767367051871103 0.20106448175506975
transition 407 3 420 -0.4676275623608317 0.26117722613675276
transition 407 3 943 0.6758076541767621 0.07881902087631369
transition 407 3 678 -0.2954376060600361 0.6164566561670602
transition 407 3 702 0.9394675774654349 0.043547096819873315
transition 407 4 43 0.044654380310269026 0.23840604445351735
transition 407 4 138 -0.2043239575352922 0.5565696097422468
transition 407 4 325 0.4343271021577544 0.20502434580423587
transition 408 0 153 0.9766795401542354 0.6828953289030283
transition 408 0 638 -0.2512957343876574 0.31710467109697166
transition 408 1 64 0.40956104546617667 0.1888692977924241
transition 408 1 551 0.7161355142125385 0.31332272097602015
transition 408 1 674 0.626696422617657 0.08874040239641025
transition 408 1 992 0.6862152586745944 0.3283378454936825
transition 408 1 543 0.696442406132334 0.08072973334146301
transition 408 2 316 -0.18837450729075722 0.05442896621485267
transition 408 2 448 0.33547539238205304 0.40621777170806667
transition 408 2 342 0.8360655259731475 0.5393532620770806
transition 408 3 67 -0.4334704953745996 0.12082126721155026
transition 408 3 669 0.29097141670064963 0.5674945914731006
transition 408 3 14 0.9623645986437503 0.027257397884855743
transition 408 3 4 -0.1748271014565954 0.034588212617890066
transition 408 3 368 0.6225452453364231 0.24983853081260338
transition 408 4 639 -0.705608478801049 0.5606418931318429
transition 408 4 721 -0.5457463505012026 0.43935810686815713
transition 409 0 977 0.154415894311847 0.24138863901465363
transition 409 0 133 0.5915395244825705 0.2718336301670072
transition 409 0 96 0.8484965160259825 0.21852866405785892
transition 409 0 452 -0.3955685206209898 0.2682490667604802
transition 409 1 129 0.616872321909002 1.0
transition 409 2 787 0.31992402935959485 0.6470287985183756
transition 409 2 114 0.4426458355138725 0.35297120148162436
transition 409 3 351 0.7315401806236439 0.8164399628503256
transition 409 3 361 0.13109608050656885 0.18356003714967442
transition 409 4 376 0.4466706271799501 0.19438745292636592
transition 409 4 877 0.795848106557741 0.3043464028055996
transition 409 4 442 -0.9222368731559594 0.19489442811138946
transition 409 4 53 0.2107093533636244 0.306371716156645
transition 410 0 848 0.706467519306573 1.0
transition 410 1 814 0.9545208805487704 1.0
transition 410 2 897 -0.6794597299693053 0.4363052228608056
transition 410 2 845 0.5003243013881131 0.5636947771391945
transition 410 3 495 -0.3259122132977357 0.0005992955954018919
transition 410 3 928 -0.29700296547610106 0.542708845770934
transition 410 3 442 0.11968358218181918 0.4566918586336642
transition 410 4 25 0.6797542719100185 0.1986919809523261
transition 410 4 135 0.2728921130217208 0.1677025159043866
transition 410 4 545 0.1830602774299983 0.6336055031432872
transition 411 0 587 -0.8904483856013286 0.22737829239184357
transition 411 0 916 0.15933169571101935 0.7726217076081564
transition 411 1 839 -0.4040917938393367 0.8816550146306874
transition 411 1 743 0.08389958726594915 0.11834498536931265
transition 411 2 297 0.838615431709508 0.2914918206504604
transition 411 2 382 0.3928974972889192 0.38486738986795477
transition 411 2 632 -0.8145402879376247 0.24631786469795966
transition 411 2 772 0.8390751516848309 0.07732292478362517
transition 411 3 830 0.10293250010663457 0.5677445717855872
transition 411 3 388 0.2315875377599521 0.18785890949136066
transition 411 3 317 -0.7235599669431771 0.2443965187230522
transition 411 4 66 0.3221763426843689 0.2284802215723526
transition 411 4 674 0.29940208079934294 0.3368042243965917
transition 411 4 614 0.9530752522537582 0.43471555403105583
transition 412 0 89 0.9911311543700227 0.7060334493242032
transition 412 0 3 0.3188669069445178 0.29396655067579686
transition 412 1 416 0.8986376143467965 1.0
transition 412 2 219 0.4192623768177983 0.49198474081004384
transition 412 2 17 0.8492386441272626 0.508015259189956
transition 412 3 349 -0.772951249183734 0.775510100618365
transition 412 3 652 -0.6183381090308637 0.22448989938163502
transition 412 4 467 -0.3439253315729578 0.3432434641154889
transition 412 4 767 -0.48246383598483433 0.41605252699985246
transition 412 4 754 0.7008418004595425 0.2407040088846587
transition 413 0 634 -0.6150188415189477 0.5792263911136901
transition 413 0 13 0.8121875691525966 0.4207736088863099
transition 413 1 724 0.6077744230801372 0.1418032597430765
transition 413 1 436 0.7895030177146207 0.3323223454737084
transition 413 1 297 0.9247104829352701 0.20510766209186945
transition 413 1 585 -0.1190755675080919 0.3207667326913456
transition 413 2 22 0.8072376184572365 0.8102525945358695
transition 413 2 15 0.5666508703423403 0.18974740546413055
transition 413 3 587 0.3797698796201894 1.0
transition 413 4 919 0.4272548033632726 0.299690104939565
transition 413 4 660 0.49091034556827484 0.414906315547764
transition 413 4 968 -0.829863924422404 0.285403579512671
transition 414 0 293 -0.5432836852474987 0.3886919363789431
transition 414 0 297 0.7780066251807312 0.43585001066915596
transition 414 0 993 -0.27136805743670744 0.175458052951901
transition 414 1 291 0.18871466949199278 0.10404406021197367
transition 414 1 196 -0.6516647838186442 0.27362858282448743
transition 414 1 867 0.8848640958226033 0.12516551988078223
transition 414 1 113 -0.08434954985049004 0.2543950123492199
transition 414 1 197 0.976649113227158 0.24276682473353678
transition 414 2 544 -0.6498814636281227 0.8188484611853252
transition 414 2 632 0.2353810843912576 0.18115153881467486
transition 414 3 393 -0.8635836335126421 0.11841099779381753
transition 414 3 127 0.4278701626410817 0.2935395494486438
transition 414 3 967 0.6157392101803207 0.3303799445175368
transition 414 3 184 0.8214113309042537 0.25766950824000184
transition 414 4 315 0.261062047749103 0.11157794814137159
transition 414 4 618 0.37936799282394706 0.2885999490170495
transition 414 4 335 0.5503559049115476 0.5473052791182941
transition 414 4 358 -0.03607751293252526 0.052516823723284874
transition 415 0 705 0.07404657201905507 0.19280298784918115
transition 415 0 838 0.1601365945378579 0.29679681814570474
transition 415 0 480 0.5979482711820503 0.32309656868877445
transition 415 0 783 0.3635445116163698 0.08783469099174103
transition 415 0 963 -0.0401923073180126 0.0994689343245986
transition 415 1 472 -0.8831825415146843 0.1856488311820777
transition 415 1 637 0.9582286845057639 0.4421759384276931
transition 415 1 484 -0.4299207682071098 0.37217523039022926
transition 415 2 580 -0.9140518994060263 0.05717647729519552
transition 415 2 493 -0.24987117775308199 0.8584834222695599
transition 415 2 231 -0.37896126553027276 0.08434010043524462
transition 415 3 772 0.4661327478422346 0.09652089673221244
transition 415 3 462 -0.18142386178824044 0.5288081126705552
transition 415 3 814 0.7601532655275147 0.20320592083655695
transition 415 3 477 -0.690742308351707 0.1714650697606754
transition 415 4 94 0.6695975983258766 0.12888543854447915
transition 415 4 366 0.18989922251973912 0.8711145614555208
transition 416 0 868 -0.030754394462388257 0.5762846606583629
transition 416 0 521 -0.1762767757350907 0.42371533934163713
transition 416 1 694 0.4318756683968241 0.31871987101854365
transition 416 1 491 0.10098288636626895 0.12974525244656515
transition 416 1 122 -0.1877641630727247 0.5515348765348913
transition 416 2 750 0.9252224540121547 0.2746787484363419
transition 416 2 655 -0.9497888713054874 0.09248042458088185
transition 416 2 839 0.8529010982977678 0.23980633029315343
transition 416 2 41 -0.794978304243602 0.07882110822917476
transition 416 2 957 0.5874782029216421 0.3142133884604481
transition 416 3 868 -0.8355908429682757 0.6899744206515571
transition 416 3 31 -0.7759424027797002 0.31002557934844294
transition 416 4 40 0.00516280010736625 0.3006046687124635
transition 416 4 919 -0.2196858893878717 0.012070799805378415
transition 416 4 382 -0.5303111661833906 0.3018202331433132
transition 416 4 278 0.9307775887710186 0.3008166708766738
transition 416 4 943 -0.21497168432249558 0.08468762746217112
transition 417 0 411 -0.9609820300415688 0.32252427338351003
transition 417 0 365 -0.280435843571045 0.16035091315805985
transition 417 0 265 -0.46821425208392387 0.27452821951336737
transition 417 0 76 0.9133016504624232 0.2425965939450627
transition 417 1 376 -0.41069592639602037 0.05688909768780873
transition 417 1 80 -0.9747069944210178 0.27388345895626737
transition 417 1 334 0.01598389212092699 0.29215927083796134
transition 417 1 85 -0.9595079657673511 0.3770681725179625
transition 417 2 766 0.9035478749669341 0.18550152081320262
transition 417 2 340 -0.9893675675516391 0.25288245040881746
transition 417 2 231 -0.07221861169740351 0.4066204870000336
transition 417 2 679 -0.173004405896642 0.1549955417779464
transition 417 3 265 0.2867855903986287 1.0
transition 417 4 130 0.27784215363534903 1.0
transition 418 0 393 -0.4095544390329007 0.28242894920281447
transition 418 0 777 -0.7446579760239329 0.10309238729284469
transition 418 0 638 -0.710300428760205 0.4505697916347367
transition 418 0 692 -0.7624093854405842 0.1639088718696041
transition 418 1 592 -0.22837264151313974 1.0
transition 418 2 259 -0.16496380329575988 0.14865378729014686
transition 418 2 404 0.2513636415923126 0.5977310354938029
transition 418 2 574 0.799221512661987 0.25361517721605026
transition 418 3 663 0.10510063554992799 0.3180442554032853
transition 418 3 700 -0.13108060682999345 0.10482000945552132
transition 418 3 826 -0.8574599609023252 0.29618504743018903
transition 418 3 350 -0.8215815014673424 0.2809506877110044
transition 418 4 330 -0.32607279099436925 1.0
transition 419 0 682 -0.5019999556423516 1.0
transition 419 1 77 0.7010611529014528 0.9003733252378979
transition 419 1 120 -0.8465482276801597 0.0996266747621021
transition 419 2 150 0.49727411335018057 0.9242095278139257
transition 419 2 814 -0.22507388473841772 0.07579047218607422
transition 419 3 674 0.4001484814604881 0.26184838868604043
transition 419 3 870 -0.6385011243712493 0.2640627549691
transition 419 3 70 -0.4086189779719731 0.09042599065356083
transition 419 3 704 -0.45026752226287403 0.11667018253438062
transition 419 3 150 -0.9027190504290525 0.2669926831569181
transition 419 4 780 -0.8796846986728222 1.0
transition 420 0 969 -0.699125459275139 0.38547055918497364
transition 420 0 968 0.7970213037804921 0.009224699670778064
transition 420 0 831 0.06911447730857967 0.20057956920974593
transition 420 0 32 0.8266425309660994 0.20440843781270474
transition 420 0 774 -0.4815486151514097 0.2003167341217976
transition 420 1 912 0.6502820385137964 0.45699790441416327
transition 420 1 51 0.7890508692926301 0.5223587976433156
transition 420 1 14 0.1903304214591377 0.020643297942521094
transition 420 2 735 -0.575517677929863 0.01909402298707219
transition 420 2 310 0.6841186198267359 0.8960401078960412
transition 420 2 802 -0.8912906047242275 0.08486586911688677
transition 420 3 88 -0.5527891812666061 1.0
transition 420 4 331 0.1370530015087641 0.521404850441542
transition 420 4 706 0.5933173735795134 0.1667990855676896
transition 420 4 472 -0.09171639479446303 0.31179606399076837
transition 421 0 611 0.4499653692941028 0.05676349194769622
transition 421 0 333 0.43830638583181836 0.3274638983012664
transition 421 0 675 -0.8942980096163429 0.19818147724650445
transition 421 0 995 -0.27132543390080266 0.4175911325045329
transition 421 1 233 -0.6423537309565606 1.0
transition 421 2 61 0.3055616637854257 0.3464200945496701
transition 421 2 257 0.9518669171577128 0.29175974070759325
transition 421 2 389 -0.10102256381897123 0.3618201647427367
transition 421 3 502 -0.022587476090651037 0.644307412166855
transition 421 3 412 0.6259556242414388 0.35569258783314495
transition 421 4 316 0.4718193590435069 1.0
transition 422 0 348 0.03213543847014111 1.0
transition 422 1 115 -0.8369212547957987 0.39137797761748366
transition 422 1 112 0.9055816290050964 0.3853832826732825
transition 422 1 557 -0.01858553370035443 0.22323873970923386
transition 422 2 724 -0.046856362562508025 0.24986408242875477
transition 422 2 740 -0.5383479041981951 0.23274124584963465
transition 422 2 824 -0.5648291703093222 0.228353521950865
transition 422 2 103 -0.7291627541404553 0.08560742840110691
transition 422 2 720 -0.5634650425576395 0.20343372136963872
transition 422 3 73 0.6742477921498635 0.17436369252749892
transition 422 3 68 0.22983405586400285 0.5168573349526421
transition 422 3 854 -0.4342580721520737 0.048957593231349836
transition 422 3 758 0.8296369101208318 0.25982137928850924
transition 422 4 718 -0.726250251532085 0.3484677978122731
transition 422 4 31 -0.7209824339647848 0.6515322021877269
transition 423 0 372 -0.4756275912892505 0.15046795185483391
transition 423 0 695 0.5703519000902424 0.32508142456352795
transition 423 0 549 -0.15113571730565512 0.11737307311035415
transition 423 0 91 0.6225017127614414 0.13370500148586173
transition 423 0 186 -0.42438655626538946 0.2733725489854223
transition 423 1 894 0.7448745937945658 0.12210339320335423
transition 423 1 978 -0.7058778014415779 0.2315663858204158
transition 423 1 281 0.6800402261524383 0.30412655749585205
transition 423 1 116 -0.7392457007326951 0.050376786578629644
transition 423 1 630 0.27812017230354336 0.29182687690174836
transition 423 2 786 0.20228662032153433 0.8105946331103663
transition 423 2 867 0.03866258661166011 0.18940536688963383
transition 423 3 404 -0.5762671372914951 0.41931533261956727
transition 423 3 716 0.0655953977959236 0.05237935719049589
transition 423 3 15 0.1866004657375646 0.06871570885018634
transition 423 3 954 -0.7803242818021934 0.4595896013397505
transition 423 4 557 -0.6392610829377652 1.0
transition 424 0 689 0.9999536947546583 0.19862587091321166
transition 424 0 672 -0.38478365610518783 0.8013741290867884
transition 424 1 772 0.6112381600034145 0.24929402369710277
transition 424 1 834 -0.7711989862420043 0.14191863221663875
transition 424 1 819 -0.32047940904695915 0.2659926181692713
transition 424 1 853 0.7369505581555673 0.1474187137725296
transition 424 1 145 -0.16519324182779527 0.19537601214445757
transition 424 2 319 -0.21773986365261533 0.6197447056108333
transition 424 2 866 -0.8187144436636429 0.05726447100479535
transition 424 2 214 -0.8688901650154122 0.32299082338437135
transition 424 3 463 0.8099892520244989 1.0
transition 424 4 828 -0.09954517072133662 0.1782302318996699
transition 424 4 210 0.6047381427440977 0.2868870660159024
transition 424 4 174 -0.806777085856436 0.13737317944801622
transition 424 4 180 -0.015854025602461297 0.21994882191103937
transition 424 4 421 0.26858499821425275 0.17756070072537206
transition 425 0 726 -0.3042135316353354 0.5314155553865613
transition 425 0 904 -0.1938923376654056 0.03892572207834213
transition 425 0 877 0.15849542252419258 0.4296587225350966
transition 425 1 811 -0.34755369963698346 1.0
transition 425 2 666 0.9947495676408942 0.45996520813939457
transition 425 2 113 -0.30096693464197966 0.008577924922804622
transition 425 2 629 -0.12942739552293347 0.5314568669378007
transition 425 3 745 0.21845241564419626 0.371689889994489
transition 425 3 664 0.7537302269352819 0.30316327735093296
transition 425 3 739 0.9183212268632026 0.012098926377763641
transition 425 3 239 0.03412020942620497 0.3130479062768144
transition 425 4 888 -0.08086667333088005 1.0
transition 426 0 790 0.8880000173370048 0.8996214983101523
transition 426 0 359 0.5039782308874072 0.10037850168984773
transition 426 1 412 0.033302827764340126 0.1753657345255217
transition 426 1 670 0.4673391365302233 0.45449442027264136
transition 426 1 25 0.37756596972324874 0.03975288533464602
transition 426 1 492 -0.6038641622950589 0.3303869598671909
transition 426 2 424 0.024409736826506157 1.0
transition 426 3 85 0.9804780437005698 1.0
transition 426 4 76 0.09064398945650454 1.0
transition 427 0 875 0.3399033942743612 0.43698223470709024
transition 427 0 457 0.913951786782599 0.5630177652929098
transition 427 1 798 0.6090989805947216 0.9257824593741442
transition 427 1 601 0.7149366640858819 0.07421754062585582
transition 427 2 138 0.10277421800812125 0.4753433892141998
transition 427 2 502 -0.3339068466678483 0.5246566107858003
transition 427 3 158 -0.07774555105557468 0.37846931452308424
transition 427 3 922 -0.3533960306344106 0.3047845991398034
transition 427 3 580 0.7473997931470329 0.05861213911758288
transition 427 3 262 0.4572695264606894 0.013015627379341655
transition 427 3 3 -0.2647694078739189 0.24511831984018778
transition 427 4 1 0.799627047793749 0.3012437435831802
transition 427 4 712 -0.2782247374937008 0.38849357074399354
transition 427 4 513 0.18450319283964722 0.3102626856728263
transition 428 0 451 -0.44133527921718674 0.620459759065535
transition 428 0 117 -0.9401472629972485 0.37954024093446503
transition 428 1 660 0.7664432044952196 0.2294441728453795
transition 428 1 680 0.9256653676825719 0.6864158408615858
transition 428 1 359 0.10867032039722901 0.08413998629303471
transition 428 2 607 0.945403055483452 0.23844039492063143
transition 428 2 882 -0.9214499003412375 0.00250327850077555
transition 428 2 9 -0.6455134524358246 0.4935229591674166
transition 428 2 697 -0.5199978126142912 0.24940721324754628
transition 428 2 655 0.2902452306453429 0.01612615416363012
transition 428 3 857 0.2588919752970764 1.0
transition 428 4 716 0.6270476555920483 0.09237457151184533
transition 428 4 735 0.6658117063887516 0.004353310985553945
transition 428 4 600 0.8415996643357235 0.2558357656839331
transition 428 4 933 -0.36688829966901837 0.42895041496087527
transition 428 4 61 0.43076802059330066 0.21848593685779236
transition 429 0 280 0.40012495865695197 0.2905365369616952
transition 429 0 932 -0.6944787078356962 0.3790737700876023
transition 429 0 594 0.14084914793307934 0.33038969295070253
transition 429 1 16 -0.6783187454077348 0.012322018811928745
transition 429 1 137 0.47169731257619807 0.5489692077293487
transition 429 1 505 0.8362423303407558 0.43870877345872256
transition 429 2 15 -0.21321159195051154 0.2679545314814402
transition 429 2 252 -0.861419985825755 0.28035468349109616
transition 429 2 406 0.316567296327787 0.09975273284638574
transition 429 2 267 0.8888814130619065 0.35193805218107793
transition 429 3 277 -0.06590752143880696 0.23647275773947884
transition 429 3 720 0.2892000282382696 0.23052109756742536
transition 429 3 696 0.3615319493811744 0.34220610134477847
transition 429 3 416 -0.993176024963641 0.19080004334831738
transition 429 4 431 0.8152607382930139 0.13998938520266
transition 429 4 297 0.6290208959701011 0.25919429934932736
transition 429 4 943 -0.046698331264177995 0.4161279787091322
transition 429 4 146 0.7602543819365337 0.08701811500850579
transition 429 4 512 0.5884832867056131 0.09767022173037458
transition 430 0 827 -0.8718760148986249 0.3380849010453796
transition 430 0 587 -0.05654168630899026 0.14430085168375095
transition 430 0 278 -0.4815122114139876 0.5176142472708694
transition 430 1 144 -0.554328025530038 0.306019615141945
transition 430 1 192 -0.2509807329638425 0.4309816080671778
transition 430 1 157 0.8534828263159984 0.2629987767908773
transition 430 2 196 -0.04381084258097778 0.008492878363629327
transition 430 2 595 0.10142572605396905 0.14532076031439548
transition 430 2 188 0.5463019392982775 0.4495324144125186
transition 430 2 669 -0.4337878497726302 0.39665394690945655
transition 430 3 84 0.6217687990472882 0.03236563157324583
transition 430 3 841 -0.5589140006137208 0.6127807280957436
transition 430 3 110 -0.7901988960995519 0.30320980423245036
transition 430 3 559 -0.46860162852841736 0.051643836098560186
transition 430 4 507 -0.8461887988504553 0.6525761624485008
transition 430 4 968 0.7419935766302688 0.3474238375514991
transition 431 0 302 -0.026499930922962323 0.292741788986055
transition 431 0 427 -0.39156701789411597 0.707258211013945
transition 431 1 424 -0.6584660939590457 0.17908863814606937
transition 431 1 709 -0.5567726743828301 0.48150303914327025
transition 431 1 310 -0.07651368790749258 0.2982300692652069
transition 431 1 640 0.2546439742581068 0.005008742276708772
transition 431 1 180 0.602518124781821 0.03616951116874467
transition 431 2 860 0.7334954578752573 1.0
transition 431 3 997 0.46096454018979927 0.2756478208991162
transition 431 3 18 0.07363689137268636 0.307853155413626
transition 431 3 619 -0.02481821804498585 0.4164990236872578
transition 431 4 11 -0.31961591497938513 1.0
transition 432 0 344 -0.9476671613016261 1.0
transition 432 1 642 -0.09751780931384357 0.3948590330100116
transition 432 1 89 -0.6580742773266741 0.16295476991678573
transition 432 1 462 -0.38130655155983795 0.23736582978048057
transition 432 1 954 -0.2706553627497672 0.20482036729272216
transition 432 2 314 -0.6640784050795328 1.0
transition 432 3 675 0.62384158974698 1.0
transition 432 4 734 0.7888409429941148 1.0
transition 433 0 243 -0.6726922213981621 0.488808446447289
transition 433 0 235 0.9156108277356219 0.007017742806638525
transition 433 0 680 -0.4697175401733491 0.383599880425211
transition 433 0 224 0.00273861477341919 0.1205739303208615
transition 433 1 411 0.6546771502760218 0.3067541548901337
transition 433 1 460 -0.5108726348084784 0.6932458451098663
transition 433 2 526 -0.12031860016944784 0.28242558664010575
transition 433 2 648 0.582741121991023 0.3716476938970354
transition 433 2 880 0.3048737291971513 0.3459267194628588
transition 433 3 253 0.2118167751388642 0.029536805240471812
transition 433 3 272 0.8564914927723832 0.4132951760100322
transition 433 3 96 0.06581140101577909 0.05559474185031447
transition 433 3 642 0.10600200513287428 0.5015732768991815
transition 433 4 386 -0.5187004071606185 0.4065103428982324
transition 433 4 220 -0.8279698448035944 0.0852715063982821
transition 433 4 117 0.8265239036856531 0.2073388016818899
transition 433 4 206 -0.4083919007453174 0.12430917120784035
transition 433 4 947 -0.054606969404601635 0.17657017781375522
transition 434 0 115 -0.8081911381655873 0.4695221264291419
transition 434 0 778 -0.37072515365721337 0.5304778735708581
transition 434 1 366 0.7451149222219815 0.5636759858924526
transition 434 1 65 0.08233191078865154 0.35119804655714426
transition 434 1 344 0.5655808127787851 0.08512596755040322
transition 434 2 487 -0.23257058560532395 0.02056682384143719
transition 434 2 932 -0.5822961721468345 0.27163616110750033
transition 434 2 803 0.43351438324843916 0.7077970150510625
transition 434 3 194 0.8691227728632205 1.0
transition 434 4 574 0.10442298456131605 1.0
transition 435 0 954 0.7810232697566508 0.4390017304567946
transition 435 0 244 -0.7739598010181901 0.5609982695432055
transition 435 1 123 -0.13992778351105417 0.20959400861377786
transition 435 1 489 0.7678774084663265 0.40634881516087196
transition 435 1 184 -0.7365538252481978 0.3840571762253501
transition 435 2 651 0.7644246127780452 0.2769469014140452
transition 435 2 413 -0.7209580458510201 0.24682658148787925
transition 435 2 130 0.006021983093451366 0.28014864870859674
transition 435 2 779 0.12741364754101703 0.16235993116165764
transition 435 2 735 0.7073915196615266 0.03371793722782112
transition 435 3 594 -0.6072343610049249 1.0
transition 435 4 456 0.026754720158340906 0.2975441118846531
transition 435 4 445 -0.050361190273120915 0.10821619878019795
transition 435 4 528 0.44644110305575424 0.3050390676128919
transition 435 4 289 -0.25091994340932566 0.2892006217222571
transition 436 0 214 0.6811211658884022 0.25654875913322317
transition 436 0 982 0.9537461001373004 0.30150975274667224
transition 436 0 921 -0.278257348294382 0.11621212493693908
transition 436 0 362 -0.32941555309800297 0.09164623479028931
transition 436 0 179 -0.8259824107008202 0.2340831283928762
transition 436 1 479 -0.5575286678550837 0.05551166423460808
transition 436 1 97 0.6559493195000039 0.3683443898378251
transition 436 1 453 -0.06455384146582266 0.465208239294695
transition 436 1 416 0.48338533947488704 0.11093570663287178
transition 436 2 159 0.358777341213363 0.39681199292898484
transition 436 2 251 -0.5999255954505782 0.3916615573691114
transition 436 2 122 -0.592521393634905 0.21152644970190376
transition 436 3 608 0.3809616814101575 0.9800335162360048
transition 436 3 460 0.2725052056010506 0.019966483763995273
transition 436 4 801 0.05285570394502059 1.0
transition 437 0 485 -0.6823864560020836 0.2943210623093715
transition 437 0 567 -0.7885042861545115 0.7056789376906286
transition 437 1 628 0.9200798589363646 0.09159153649490204
transition 437 1 622 -0.9196719040053731 0.4486162360568269
transition 437 1 255 -0.010376264676548619 0.4597922274482711
transition 437 2 892 -0.7790349509703431 0.24906232983113039
transition 437 2 926 -0.19268198834015493 0.09827623191467852
transition 437 2 214 -0.6855574554650044 0.6526614382541911
transition 437 3 215 -0.33775065665090365 0.7414127126605441
transition 437 3 253 -0.6492308176246757 0.25858728733945596
transition 437 4 31 -0.7815233203884246 0.3499187619665101
transition 437 4 499 0.9848926440270236 0.17724920023740282
transition 437 4 751 -0.4699184244444985 0.47283203779608707
transition 438 0 647 -0.9552328305283453 0.25738441141941254
transition 438 0 536 -0.4598231600906513 0.19829546883641488
transition 438 0 920 0.035662872027787174 0.24603619479644295
transition 438 0 827 0.7546866871536619 0.29828392494772954
transition 438 1 807 0.7000732019012657 0.25534486313706367
transition 438 1 910 -0.955580534093404 0.7446551368629363
transition 438 2 907 -0.9333338567956444 0.6578245252652175
transition 438 2 567 0.6005929826091585 0.08140574268931007
transition 438 2 132 0.07320656644027079 0.26076973204547227
transition 438 3 961 -0.5459259468229307 0.13940170946239286
transition 438 3 758 -0.3197182445621274 0.38778755956628397
transition 438 3 471 -0.3560342202088336 0.4728107309713231
transition 438 4 593 -0.35863045277425787 1.0
transition 439 0 176 -0.7640981325972103 0.12549855068841384
transition 439 0 369 -0.1010637405852679 0.019138499828522924
transition 439 0 893 -0.9198693060530663 0.29808949355934333
transition 439 0 744 0.49680868498666886 0.267898637114734
transition 439 0 19 -0.7902076206572355 0.28937481880898597
transition 439 1 743 -0.4141849226711001 1.0
transition 439 2 585 0.2703043683297819 0.2390339325021436
transition 439 2 899 0.7085954745254357 0.009201500320824183
transition 439 2 241 0.42705355969946845 0.4470589055658143
transition 439 2 72 0.5245043882933764 0.2810533260151487
transition 439 2 682 -0.32658410848378727 0.023652335596069225
transition 439 3 625 0.8441927437492338 0.21055993524004396
transition 439 3 572 -0.6157762446832178 0.48831056258129274
transition 439 3 158 -0.42689090667843965 0.30112950217866336
transition 439 4 932 -0.2796787007880357 1.0
transition 440 0 909 0.011641526029247506 0.14070142604158264
transition 440 0 916 -0.5059673779862515 0.14301544641484348
transition 440 0 570 -0.16896825020379724 0.04260892099049103
transition 440 0 554 -0.0791096060176133 0.5275130897311191
transition 440 0 110 -0.330094854720941 0.14616111682196373
transition 440 1 418 -0.2202474985815024 0.6310318431301197
transition 440 1 73 -0.9569948837834132 0.3689681568698803
transition 440 2 296 0.4804765742295618 0.45089866746834906
transition 440 2 448 -0.7404050724247822 0.0010605782587536816
transition 440 2 745 0.637476131876199 0.20851633143832063
transition 440 2 712 -0.6128644214179593 0.000577277800721548
transition 440 2 317 -0.6906820968625456 0.3389471450338551
transition 440 3 88 0.4727466912911005 1.0
transition 440 4 616 -0.2825494285184347 1.0
transition 441 0 391 0.6734623568051976 0.3226810616245256
transition 441 0 553 0.20542732249444096 0.030651335418216335
transition 441 0 69 -0.8915439305503199 0.3416116358722658
transition 441 0 231 0.7717645261159061 0.2069722329063091
transition 441 0 630 0.371320717175881 0.09808373417868331
transition 441 1 313 -0.6062996450044025 0.09649603586907424
transition 441 1 172 -0.25429405339844124 0.37093057686600617
transition 441 1 727 0.1328208052554538 0.15825735227465093
transition 441 1 787 -0.42555436598253316 0.018767242622563414
transition 441 1 189 -0.045303196804062695 0.3555487923677053
transition 441 2 679 0.1741209563143835 0.31799859525631546
transition 441 2 966 0.7191024848872927 0.3296309658070352
transition 441 2 957 -0.2012806084541241 0.3296548381389395
transition 441 2 12 0.4439779509794215 0.0227156007977098
transition 441 3 499 -0.0879079597963468 0.4644012349301387
transition 441 3 32 -0.4425851111200494 0.5355987650698613
transition 441 4 57 -0.27383952913185583 0.18730256875530768
transition 441 4 782 -0.35404710040984866 0.09268648816833526
transition 441 4 29 -0.4003978361559619 0.1256091100580036
transition 441 4 949 0.3799922800908351 0.014430081666056015
transition 441 4 660 0.1285660548234333 0.5799717513522974
transition 442 0 306 -0.14395911662619465 0.3290197102610072
transition 442 0 254 0.8126211388781395 0.6709802897389928
transition 442 1 491 -0.7635951471248494 0.5830799867602617
transition 442 1 676 -0.8895190740375567 0.4169200132397383
transition 442 2 828 0.16208364049051438 0.3318370203773352
transition 442 2 315 -0.0689224104638515 0.22839457756561785
transition 442 2 940 -0.5157282928036826 0.439768402057047
transition 442 3 694 -0.5643717667550359 1.0
transition 442 4 331 -0.8857494442654044 1.0
transition 443 0 551 0.16975846632724134 1.0
transition 443 1 693 -0.41011039882432554 1.0
transition 443 2 952 0.2731882648017079 0.33469931352386245
transition 443 2 935 -0.6401705927540955 0.3155870041444319
transition 443 2 391 0.3116451264028197 0.34971368233170563
transition 443 3 259 -0.5334367577631758 0.29464360451748306
transition 443 3 243 -0.7263212549501334 0.1933497886707043
transition 443 3 435 0.5814404280433172 0.1809604893374838
transition 443 3 636 -0.21484368270107757 0.3310461174743289
transition 443 4 240 0.6830472795561255 1.0
transition 444 0 820 -0.5853451755509911 1.0
transition 444 1 544 0.904580360868005 0.28915246495110425
transition 444 1 508 0.808648302148657 0.12901963510051392
transition 444 1 842 0.6863452619435273 0.2414629093576184
transition 444 1 169 0.21481883069380014 0.0632735319168134
transition 444 1 524 0.18645265362624341 0.27709145867395
transition 444 2 659 0.25832316380185305 1.0
transition 444 3 381 -0.8951476989110765 0.203604769034279
transition 444 3 725 0.4919366196199664 0.17165324216210595
transition 444 3 429 -0.11954009242448316 0.0011043913544279771
transition 444 3 122 0.4824022935403598 0.24222066731563546
transition 444 3 902 0.9681017799167826 0.38141693013355155
transition 444 4 375 0.37012796855801566 1.0
transition 445 0 671 -0.46348284184604904 0.5894950865189899
transition 445 0 235 -0.6917978727894822 0.4105049134810101
transition 445 1 895 0.9186931008799348 1.0
transition 445 2 868 -0.11761994566663003 0.5889308192101931
transition 445 2 639 0.3585197511445162 0.08271142534028623
transition 445 2 579 -0.042100943062660656 0.32835775544952056
transition 445 3 542 -0.46391415079264564 0.1308157914133596
transition 445 3 935 -0.37444344896820714 0.05450236977654379
transition 445 3 593 0.7652021808449851 0.25174575141923794
transition 445 3 302 0.5452907119762014 0.290711686450495
transition 445 3 375 -0.5202489819294436 0.2722244009403636
transition 445 4 484 0.22804631641901985 0.1598273013323819
transition 445 4 413 0.8763124368498671 0.15752504792975702
transition 445 4 831 0.3098065185128165 0.40084153855775817
transition 445 4 106 0.4635232377377321 0.28180611218010293
transition 446 0 274 0.6905575328992801 0.4280927144383212
transition 446 0 9 0.6536200919432504 0.5719072855616789
transition 446 1 779 0.031860245970434464 0.1501201378748602
transition 446 1 563 0.4791747641668336 0.31047024985281857
transition 446 1 455 -0.04156569330173898 0.2941724555834804
transition 446 1 419 0.21690998353474322 0.24523715668884086
transition 446 2 227 -0.0714396357571172 0.17112766284912379
transition 446 2 766 -0.8088802693478854 0.2672210804470627
transition 446 2 505 0.014589507281929759 0.3281499657757134
transition 446 2 637 0.1038111855602537 0.23350129092810007
transition 446 3 24 -0.7270932519190694 0.5149484610146183
transition 446 3 682 0.795482072587536 0.48505153898538167
transition 446 4 924 0.6884709382460441 1.0
transition 447 0 724 0.8885551425459872 0.7067669392901873
transition 447 0 27 -0.5511935494236588 0.29323306070981264
transition 447 1 774 -0.7318152846612 0.16869354202991613
transition 447 1 637 0.5282197270323956 0.17027311317411156
transition 447 1 116 -0.2977229571549027 0.23406850548397096
transition 447 1 427 0.9694059006938398 0.37345305893126796
transition 447 1 142 -0.39729479514283095 0.05351178038073344
transition 447 2 570 0.48293370555436654 0.4150757264866376
transition 447 2 353 0.9050143015602814 0.043545580736079635
transition 447 2 797 0.24657208863854452 0.5413786927772828
transition 447 3 180 0.569145912066453 0.2914979929808735
transition 447 3 147 -0.5537382640303583 0.5344817057454354
transition 447 3 466 0.9485709928735508 0.1740203012736911
transition 447 4 98 0.981267948228943 0.2903106343086268
transition 447 4 838 -0.3139900984138764 0.7096893656913732
transition 448 0 66 -0.4697440592565023 1.0
transition 448 1 928 -0.9942900040853262 1.0
transition 448 2 133 0.9448342289927938 0.35787065090629316
transition 448 2 357 -0.34740551660780317 0.2962971032037458
transition 448 2 812 0.40124653523173026 0.12503556975151517
transition 448 2 396 -0.22600798150892798 0.22079667613844578
transition 448 3 808 -0.7684255623689227 0.3626769511083396
transition 448 3 353 0.526532678968453 0.3848698705148648
transition 448 3 88 -0.5530550649670096 0.25245317837679565
transition 448 4 464 0.6567744779242859 0.1935958222736439
transition 448 4 381 -0.11490192756715567 0.07959376609711631
transition 448 4 487 0.09047726497081388 0.17755035926373328
transition 448 4 829 -0.15352262067164735 0.3252925821255794
transition 448 4 812 0.6517360943175936 0.22396747023992716
transition 449 0 879 0.5819026453527838 1.0
transition 449 1 975 0.8548839874989591 0.31350719409646016
transition 449 1 244 -0.6834540072825677 0.19262011552099687
transition 449 1 760 -0.8080071379943865 0.24096291495182454
transition 449 1 596 0.28041068598742 0.2529097754307184
transition 449 2 444 -0.6432646532743524 0.2994075472557351
transition 449 2 19 0.27671165205233583 0.08264688940016279
transition 449 2 919 -0.9638550296381116 0.2021922044057031
transition 449 2 905 -0.7277002729787028 0.27157066042333405
transition 449 2 298 -0.25236101098984176 0.14418269851506496
transition 449 3 816 -0.33844762453078236 0.9662535688782858
transition 449 3 10 -0.04505162653838868 0.033746431121714125
transition 449 4 172 0.593443878083278 0.9426175017986748
transition 449 4 233 0.8810094134797932 0.05738249820132529
transition 450 0 617 -0.2395002658326124 0.012535876806937756
transition 450 0 783 0.9807114087389643 0.7705813121968638
transition 450 0 898 -0.18686585640321995 0.09270686863039963
transition 450 0 169 -0.5026046266175559 0.12417594236579885
transition 450 1 390 -0.2445397188361349 0.059100590582064856
transition 450 1 652 0.18137946397361837 0.49846233040971283
transition 450 1 618 0.930359232074274 0.08341067200149994
transition 450 1 327 0.32872172345074646 0.044846529246284156
transition 450 1 624 0.7594782855199853 0.3141798777604383
transition 450 2 934 -0.13382481496193566 1.0
transition 450 3 679 -0.46566403940141443 0.12746159784380748
transition 450 3 186 -0.44093292119648075 0.2842306048954745
transition 450 3 531 -0.008234232705144784 0.09503238585632254
transition 450 3 39 -0.9228735729459518 0.2603478856983876
transition 450 3 272 -0.937673608556163 0.23292752570600783
transition 450 4 681 0.8101557485080786 0.43945419228640265
transition 450 4 635 0.21537021924249888 0.3406926427284529
transition 450 4 638 0.261649647209226 0.0789678008800941
transition 450 4 881 -0.879573617778652 0.10401331612869612
transition 450 4 990 -0.5321101030274307 0.03687204797635434
transition 451 0 570 0.38820952716958224 0.20540363414198323
transition 451 0 575 0.5867085551894395 0.42490766156635096
transition 451 0 419 -0.32687498765597756 0.15477113229799894
transition 451 0 587 -0.22210673728327834 0.21491757199366687
transition 451 1 231 -0.16139387015244644 0.5482720442464561
transition 451 1 916 0.4004074331747858 0.45172795575354396
transition 451 2 840 0.386531486703229 0.34632012694236836
transition 451 2 832 0.4683725432248329 0.34889639501928016
transition 451 2 707 0.9218084238540034 0.11134728798454507
transition 451 2 883 -0.7379643482709772 0.06706111982165158
transition 451 2 989 0.5148963659664518 0.12637507023215483
transition 451 3 653 -0.28887234468282275 0.2937649953643339
transition 451 3 71 -0.9488636600409932 0.6433765538039402
transition 451 3 930 -0.7828360164281287 0.06285845083172582
transition 451 4 942 0.03571614556432934 0.22340796547082978
transition 451 4 809 -0.36727420254234855 0.09861260017887004
transition 451 4 359 0.11505913256294997 0.6779794343503002
transition 452 0 306 0.339257721242342 0.24831492891773083
transition 452 0 907 0.9514489124856842 0.05200966828818129
transition 452 0 481 0.4382597831392647 0.39394576073094517
transition 452 0 861 -0.5763944917094073 0.1497924693759363
transition 452 0 231 0.902479258273982 0.15593717268720633
transition 452 1 885 -0.14305583089919782 0.44776386154873105
transition 452 1 746 0.8878622337286037 0.552236138451269
transition 452 2 355 0.9891873825622883 0.2946951013417513
transition 452 2 741 -0.2829762657536068 0.7053048986582487
transition 452 3 623 -0.3430168601491568 0.0022132333922383384
transition 452 3 471 -0.1816726215005915 0.36448513930798354
transition 452 3 707 -0.8340898897023157 0.155474221255685
transition 452 3 984 0.04577039627287105 0.47782740604409313
transition 452 4 33 -0.3195798503760887 0.004718949773620466
transition 452 4 735 0.9919391038263636 0.27301911009543023
transition 452 4 775 -0.08013593538331443 0.5788694122774146
transition 452 4 790 0.36929369577404736 0.14339252785353468
transition 453 0 146 0.9221537737106074 1.0
transition 453 1 473 0.5387971974043944 0.4537809966678445
transition 453 1 774 -0.8072095619532913 0.12330601560190288
transition 453 1 29 -0.7157842121416846 0.07735858403735735
transition 453 1 587 0.13213706160357885 0.06488714181696281
transition 453 1 592 0.19519239937295785 0.28066726187593255
transition 453 2 195 0.3872808261838545 1.0
transition 453 3 361 -0.9204837779157182 0.73971516743494
transition 453 3 327 -0.11644596458153034 0.26028483256505996
transition 453 4 912 -0.6595438958739452 0.413403188459948
transition 453 4 301 0.14250109806636568 0.06848032008875965
transition 453 4 997 -0.5412766144077457 0.5181164914512923
transition 454 0 672 -0.8342912309901929 0.4357005521369708
transition 454 0 138 -0.24515558741869103 0.5642994478630292
transition 454 1 459 0.4426335881317236 0.6517883484769761
transition 454 1 976 0.21282326993685685 0.34821165152302386
transition 454 2 646 0.7081799111181035 0.8737188225476833
transition 454 2 434 -0.8717593446911023 0.1262811774523167
transition 454 3 934 -0.8422023613842067 0.3112902131616156
transition 454 3 952 -0.16881927093946714 0.33219534722091015
transition 454 3 949 -0.7105860366551959 0.35651443961747425
transition 454 4 468 -0.610548292540585 1.0
transition 455 0 210 0.06355676990439263 0.06644649539906064
transition 455 0 194 -0.6268812132192654 0.27401781147200255
transition 455 0 225 0.7285443278387622 0.32270495593744625
transition 455 0 996 0.41401562578076345 0.12713772446038832
transition 455 0 129 0.7279687509842361 0.20969301273110236
transition 455 1 951 0.5166443352165859 0.03937104217029665
transition 455 1 766 -0.8348971651744461 0.45570168083660434
transition 455 1 376 0.12545665098799752 0.24222214263266134
transition 455 1 102 0.20693077919206493 0.02368026426729011
transition 455 1 56 0.09631258622069683 0.23902487009314755
transition 455 2 264 0.10075303222773635 0.13251765003008942
transition 455 2 718 0.4033122972135772 0.6053260953597226
transition 455 2 841 -0.4700683013136957 0.262156254610188
transition 455 3 228 -0.657214085211667 0.8857400926459379
transition 455 3 884 -0.6008564342390812 0.11425990735406212
transition 455 4 392 0.5310150391305568 0.6911903702419134
transition 455 4 254 0.488006034688764 0.14052062838712961
transition 455 4 208 0.390935858179299 0.16828900137095695
transition 456 0 382 -0.7698863390572726 0.12683019589891292
transition 456 0 817 -0.5509944460029683 0.17997779783086013
transition 456 0 428 -0.08462342895887076 0.22126104951785883
transition 456 0 536 0.930693454597616 0.25288492976661653
transition 456 0 623 -0.0665862991867372 0.21904602698575157
transition 456 1 609 0.5024949433696746 0.16690810432438147
transition 456 1 38 -0.05585170903266401 0.14005482973970573
transition 456 1 358 0.5105974514462637 0.6930370659359129
transition 456 2 405 0.2601368671577926 0.09908033567229223
transition 456 2 236 0.5939978801707166 0.19954836641794219
transition 456 2 827 0.10372644991134061 0.7013712979097656
transition 456 3 591 -0.6122607042993009 0.37826823321808484
transition 456 3 328 -0.11265046104245013 0.6217317667819151
transition 456 4 774 -0.20694470964357192 0.24983575200349123
transition 456 4 513 -0.6198839862498231 0.7501642479965088
transition 457 0 336 0.1498387691969676 0.5335012399335948
transition 457 0 88 0.4606559447403864 0.24839423129399837
transition 457 0 781 0.6933784494898456 0.2181045287724068
transition 457 1 226 0.872166775388747 0.17265286948125722
transition 457 1 435 -0.293416366536414 0.4252393031311502
transition 457 1 540 0.38594333560863125 0.14966282671820252
transition 457 1 376 0.9894093824271688 0.25244500066938996
transition 457 2 28 0.04424553308934098 0.5492469079352867
transition 457 2 46 -0.4097544243863267 0.21516014056733757
transition 457 2 967 -0.6859247933034105 0.23559295149737572
transition 457 3 994 -0.5750539432682806 0.5095746714088497
transition 457 3 362 -0.8207616745069304 0.3107201228946958
transition 457 3 42 -0.9024878800167142 0.1797052056964546
transition 457 4 272 -0.5807068546285017 0.34092417165626365
transition 457 4 536 -0.3991363309059959 0.42244954053499334
transition 457 4 556 -0.12508370819122328 0.236626287808743
transition 458 0 210 -0.5160327208677469 0.28420409826599285
transition 458 0 393 -0.6764530485579574 0.26159978446625426
transition 458 0 617 0.774092380594166 0.2607864371817412
transition 458 0 691 -0.8445426135732865 0.19340968008601175
transition 458 1 995 0.6200110055374244 0.4220405284505066
transition 458 1 351 -0.8265669894639285 0.026691305493856947
transition 458 1 394 0.9607975774320137 0.1967550715154781
transition 458 1 996 0.14285470125243727 0.35451309454015845
transition 458 2 301 0.4155131844898725 0.017552622611374608
transition 458 2 750 -0.9047069608255689 0.2959558726643494
transition 458 2 4 0.303950027122011 0.686491504724276
transition 458 3 675 0.611265658367329 1.0
transition 458 4 176 -0.6172262595330757 1.0
transition 459 0 755 0.8166494088698912 1.0
transition 459 1 537 -0.09498092765419486 0.17888689050045234
transition 459 1 231 0.9728634125630655 0.8211131094995476
transition 459 2 154 -0.20298606678711661 0.20824420880701328
transition 459 2 87 0.34039383538152834 0.3258513152840856
transition 459 2 985 -0.32562628254450887 0.34787274709492755
transition 459 2 160 0.44514519603384506 0.11803172881397367
transition 459 3 588 -0.2026882489388948 0.23058784386121484
transition 459 3 247 0.294309118188413 0.7694121561387851
transition 459 4 588 -0.3064512497575247 0.19328631068671961
transition 459 4 632 -0.2533700089036288 0.21077005916395355
transition 459 4 524 0.9986340260580977 0.38891298587748896
transition 459 4 723 0.5856129575766322 0.20703064427183784
transition 460 0 435 -0.23525150261531147 0.020543566848675778
transition 460 0 421 -0.840430181632043 0.3464262734949139
transition 460 0 337 -0.12080055121611832 0.6330301596564103
transition 460 1 346 0.5141777427732968 1.0
transition 460 2 234 0.9181632986348551 0.3707729740590371
transition 460 2 833 0.631942334902811 0.3041966221759185
transition 460 2 161 0.06352757362145978 0.17113032972930167
transition 460 2 716 -0.691566937508644 0.15390007403574285
transition 460 3 787 -0.5548630952403157 0.21413966461600414
transition 460 3 170 -0.9053890821231889 0.24669451576147494
transition 460 3 636 0.4975741582857538 0.18273457873113502
transition 460 3 623 0.08473724455722786 0.12440731107918224
transition 460 3 82 -0.14557855627247096 0.23202392981220357
transition 460 4 215 -0.4352622940056401 0.06134004978118701
transition 460 4 54 0.8842290359310709 0.05443186263886965
transition 460 4 487 0.8351180596510461 0.4433343655238854
transition 460 4 826 0.6808185977621102 0.440893722056058
transition 461 0 821 -0.3650902072125821 0.07937259750428635
transition 461 0 581 -0.42351560097843 0.33808875311898046
transition 461 0 726 0.4157818250713816 0.23102558580018
transition 461 0 368 -0.6697510691667268 0.35151306357655304
transition 461 1 331 -0.3134725728467411 0.43673355286883114
transition 461 1 827 0.2829690609418791 0.5632664471311689
transition 461 2 173 -0.5365497482299622 0.6272912783175222
transition 461 2 97 0.2926039648205472 0.06628860083151322
transition 461 2 461 -0.5840753986364742 0.30642012085096454
transition 461 3 754 0.3057967732380429 0.2618944447031644
transition 461 3 403 -0.3713441773339319 0.2926229783894263
transition 461 3 543 -0.8011050683329402 0.060288874179749145
transition 461 3 558 -0.6483503701265825 0.07856416668993994
transition 461 3 152 0.7494288228391841 0.3066295360377202
transition 461 4 940 0.9827247689620036 0.7397478346347663
transition 461 4 76 -0.13444307284795842 0.11587177439108838
transition 461 4 158 -0.3643292919208898 0.14438039097414526
transition 462 0 319 0.8643792846908511 1.0
transition 462 1 615 -0.23404416709049514 0.1327523803186224
transition 462 1 200 -0.6792344556826804 0.14428071173122342
transition 462 1 175 0.5275601664040743 0.3592034403416517
transition 462 1 338 0.29613760756028173 0.21774404490582083
transition 462 1 950 0.3203205505011728 0.14601942270268164
transition 462 2 929 0.3335017355049883 0.1975598624978552
transition 462 2 369 0.46405911168549885 0.34370431221645015
transition 462 2 774 0.6534715027385865 0.16537414070609532
transition 462 2 478 0.2761633203605429 0.2933616845795993
transition 462 3 118 -0.6186120925518988 1.0
transition 462 4 234 -0.21085520058807172 0.06991444362540529
transition 462 4 790 -0.9702888726786223 0.27237334872424723
transition 462 4 433 -0.861559809594963 0.6577122076503475
transition 463 0 122 -0.43144228226465864 0.26987576122010204
transition 463 0 155 0.9388186594125649 0.230684840734813
transition 463 0 855 -0.30454976035095127 0.11662950304522
transition 463 0 879 -0.7848069907177997 0.04196930836147383
transition 463 0 631 0.9623876126234521 0.34084058663839106
transition 463 1 975 0.7849079588032368 1.0
transition 463 2 43 0.5074194762468165 1.0
transition 463 3 529 -0.053539419099301266 0.20070548879991082
transition 463 3 263 0.40408877696102063 0.36412000954167506
transition 463 3 606 -0.4860308792714556 0.21021174513645424
transition 463 3 188 0.5040431045018574 0.02439220486023386
transition 463 3 398 -0.799830913493863 0.20057055166172602
transition 463 4 461 -0.8703232330552924 1.0
transition 464 0 545 0.14450214812546047 0.432834772476882
transition 464 0 38 0.5462748212493536 0.1720221249955793
transition 464 0 40 -0.2672684603454829 0.39514310252753865
transition 464 1 920 -0.874255790925673 1.0
transition 464 2 10 -0.21568137906868 0.0613684683466063
transition 464 2 182 -0.8846149798377019 0.14648118106093744
transition 464 2 510 0.8489922832510601 0.3211280884914427
transition 464 2 864 0.6695841725625806 0.1927054814554406
transition 464 2 946 0.6000865186267976 0.27831678064557297
transition 464 3 579 0.9496853042664124 0.27543374494594947
transition 464 3 11 0.7782524138356306 0.7245662550540504
transition 464 4 654 -0.7999982554980234 0.2911128569362495
transition 464 4 849 0.3284001528012137 0.03489871572604346
transition 464 4 943 0.0731248478527482 0.06871464023313979
transition 464 4 749 0.9901216906826265 0.1446836777863027
transition 464 4 947 -0.5705604367586832 0.46059010931826455
transition 465 0 802 -0.42576329354715603 0.3717804803961689
transition 465 0 270 -0.5422693993292371 0.5017875467848177
transition 465 0 493 0.991396713033684 0.04800100079460559
transition 465 0 602 0.018873066566038377 0.07843097202440781
transition 465 1 597 0.3291429007411826 1.0
transition 465 2 309 0.8206692005103062 0.36490747760000675
transition 465 2 928 0.6801472413694978 0.1974650922562524
transition 465 2 647 -0.27192095576057085 0.4376274301437409
transition 465 3 766 -0.7077472610499391 0.2012686514490653
transition 465 3 976 0.4137926257852631 0.22518147663931334
transition 465 3 880 0.16427926262458525 0.12737127608737261
transition 465 3 732 0.03950803889705368 0.23426193526569566
transition 465 3 205 -0.4027329829301345 0.2119166605585531
transition 465 4 349 -0.27069712457987105 0.5224387010830767
transition 465 4 951 -0.20315258646774126 0.1217677603442871
transition 465 4 937 -0.35441737875504953 0.3557935385726362
transition 466 0 497 0.9450913758112724 0.003358092646250255
transition 466 0 777 0.0807717448026386 0.17521485626857408
transition 466 0 936 0.12043737323974324 0.20059080942119448
transition 466 0 627 0.19334252219015924 0.4388146168199741
transition 466 0 587 0.0403075765424481 0.18202162484400716
transition 466 1 619 -0.6951601610891034 0.5281055269404318
transition 466 1 326 -0.10446438536912184 0.28961673289229417
transition 466 1 875 0.5620735030467905 0.18227774016727402
transition 466 2 42 -0.3828470891952702 0.34403445007009126
transition 466 2 713 0.007436007024900659 0.280410856943491
transition 466 2 619 0.5615068686156881 0.11716225190080652
transition 466 2 901 -0.3341923569301106 0.25839244108561127
transition 466 3 220 0.0241417484006492 0.10503911366398921
transition 466 3 49 -0.856789643747591 0.3715647098272888
transition 466 3 178 0.515644154881755 0.523396176508722
transition 466 4 613 0.4060876317844335 0.4424629980033915
transition 466 4 645 -0.853229388911102 0.5575370019966085
transition 467 0 937 0.068019735531055 0.011231468669945776
transition 467 0 314 -0.673638360544496 0.0904668019932652
transition 467 0 809 0.7746670651182572 0.3263919093803323
transition 467 0 602 0.6011560173831925 0.5719098199564567
transition 467 1 268 -0.5988525442307067 1.0
transition 467 2 632 0.5979792394471222 1.0
transition 467 3 848 0.37866555549433256 0.9188066137003099
transition 467 3 736 0.9528122900581228 0.08119338629969006
transition 467 4 48 -0.548400986587043 1.0
transition 468 0 856 0.6689514792274152 0.26839641964108146
transition 468 0 500 0.2226823289879758 0.19635520424403122
transition 468 0 483 -0.6281797539328888 0.0021538759718549108
transition 468 0 508 0.7877834385917739 0.35447288326517173
transition 468 0 476 0.3242444005458145 0.17862161687786066
transition 468 1 874 0.6748305951057385 0.5573265463013106
transition 468 1 81 -0.9180491979529339 0.37131844558668403
transition 468 1 850 0.8892919513503206 0.07135500811200536
transition 468 2 225 0.8623066851041672 0.15093546292861681
transition 468 2 839 -0.674933193344073 0.30583199819203805
transition 468 2 146 0.9626959920899689 0.33383327658813916
transition 468 2 655 0.6914214084799406 0.20939926229120603
transition 468 3 855 -0.4646482038907853 0.36932638190202205
transition 468 3 911 0.5879841167255853 0.41970567563023253
transition 468 3 782 0.10755971386132157 0.0025103980753858265
transition 468 3 692 -0.794057421941819 0.10942792152589813
transition 468 3 309 0.6967228349906835 0.09902962286646148
transition 468 4 646 -0.40789736026852497 0.8392242546171746
transition 468 4 584 -0.2001464561045645 0.16077574538282532
transition 469 0 444 -0.2990878071900145 0.04028784074589724
transition 469 0 526 0.03779100710604921 0.16585348173660272
transition 469 0 389 0.0011699301917245108 0.2672086915129367
transition 469 0 802 -0.006889835562308599 0.0106648387398031
transition 469 0 713 0.16845075930664932 0.5159851472647602
transition 469 1 287 -0.2012784232915017 0.1855212815218269
transition 469 1 655 -0.7442720372381497 0.23358170859569985
transition 469 1 878 0.706897064489211 0.25729494458962926
transition 469 1 561 0.9403220781931663 0.13819968282150571
transition 469 1 375 0.027127541810392675 0.18540238247133828
transition 469 2 551 0.8241765951391931 0.3225547228792315
transition 469 2 836 0.022225123434457483 0.4115457530828295
transition 469 2 219 -0.5666276182807608 0.12974877133499982
transition 469 2 617 0.3220167875795501 0.1361507527029393
transition 469 3 917 0.1710240655846138 0.19332496128966306
transition 469 3 795 -0.6027066189680428 0.05213107847081189
transition 469 3 815 -0.6094998165350336 0.314050473279951
transition 469 3 272 -0.289520699267926 0.44049348695957397
transition 469 4 410 0.5198921860969479 0.09847642094145799
transition 469 4 789 0.8952986148950988 0.02434263995362707
transition 469 4 192 -0.3668949720226189 0.6568259842641461
transition 469 4 885 -0.9005776608497917 0.22035495484076886
transition 470 0 504 -0.5683619966874878 0.025018098086087997
transition 470 0 688 -0.5686879174003514 0.2743202398703815
transition 470 0 666 -0.9293229447294309 0.13750870904922965
transition 470 0 898 -0.8912297455044162 0.35283357206069954
transition 470 0 746 0.4517588596545934 0.21031938093360136
transition 470 1 18 0.19933769235805077 0.3488772390889078
transition 470 1 361 0.22600456054700047 0.1891542997081427
transition 470 1 672 0.3673524423066934 0.37904812002605504
transition 470 1 676 0.7792697968478883 0.08292034117689438
transition 470 2 503 -0.8424992764526058 0.26452751178897826
transition 470 2 787 -0.6551401797779528 0.29523337036759667
transition 470 2 765 -0.15559698406706834 0.190478841083236
transition 470 2 200 -0.7853148629498763 0.24976027676018908
transition 470 3 362 0.39990578013015043 0.5060848995793679
transition 470 3 105 -0.8950311797339607 0.49391510042063214
transition 470 4 381 0.8050700163258675 0.35622120527457773
transition 470 4 215 -0.7022331270089959 0.04149024852737727
transition 470 4 442 -0.8102985643070573 0.3479279675224407
transition 470 4 311 0.1198565673441987 0.25436057867560424
transition 471 0 403 -0.6094351043308754 0.18987839421284403
transition 471 0 310 0.5195227824002271 0.10597167278832761
transition 471 0 512 0.16313474062211797 0.19570317334270915
transition 471 0 67 0.3831954501091184 0.19846764499089126
transition 471 0 851 -0.20524251344343525 0.30997911466522804
transition 471 1 634 0.7589379442487469 0.3813263726114051
transition 471 1 765 0.7530585499943316 0.6186736273885949
transition 471 2 243 -0.0019307300300803742 0.18298211033401815
transition 471 2 733 -0.0939115583323844 0.24638355399800732
transition 471 2 62 0.1394431876389668 0.25398070128327843
transition 471 2 210 -0.6031334417389682 0.14489107524085762
transition 471 2 430 -0.0012797311453867088 0.1717625591438384
transition 471 3 281 0.9485009174777632 0.2899115276639794
transition 471 3 591 0.9076627966910162 0.3322675904449659
transition 471 3 656 -0.5262694232027911 0.019106560743661544
transition 471 3 421 0.7857014773991009 0.1396274551249593
transition 471 3 332 -0.8116579639494019 0.21908686602243388
transition 471 4 864 0.18031600702577055 1.0
transition 472 0 108 0.26951442487991684 0.07009992551311468
transition 472 0 832 -0.7349502854028953 0.2674741470194116
transition 472 0 94 -0.10893773267390738 0.6624259274674738
transition 472 1 223 0.7002692398034653 0.08419462409566968
transition 472 1 619 -0.37176028337271183 0.0630780217325054
transition 472 1 642 -0.5293799647875799 0.8527273541718249
transition 472 2 578 -0.46130628517962213 0.4976165124092196
transition 472 2 637 0.45737271917075706 0.5023834875907804
transition 472 3 926 0.8797735803167617 0.6780955782416307
transition 472 3 626 0.2892403409816733 0.32190442175836925
transition 472 4 517 -0.47405168384944374 0.10398496301426259
transition 472 4 129 0.6296290062163727 0.5532546323972286
transition 472 4 500 0.65323250263989 0.34276040458850876
transition 473 0 70 0.699180553549414 0.13672794315597375
transition 473 0 237 -0.7596903258708718 0.8632720568440263
transition 473 1 152 0.15025340466175985 0.4224352448363027
transition 473 1 445 0.35193625493050495 0.09390793325655981
transition 473 1 112 0.17667972310305435 0.378253683166718
transition 473 1 443 -0.5504562423310027 0.10540313874041944
transition 473 2 387 0.32979945437268365 0.3018489006795249
transition 473 2 914 -0.07819333397412209 0.14979134458727028
transition 473 2 636 -0.2693016612701473 0.1842827132054685
transition 473 2 825 0.41572227173916065 0.3640770415277364
transition 473 3 856 -0.20281584330841063 0.056164841666054476
transition 473 3 900 0.50763447981599 0.6476906962369587
transition 473 3 89 -0.8213486575328965 0.29614446209698675
transition 473 4 903 -0.3049477984938982 1.0
transition 474 0 339 -0.9183164410960911 0.018424153617707374
transition 474 0 682 -0.7722145853452076 0.5768432653629161
transition 474 0 882 0.892009638127973 0.40473258101937654
transition 474 1 559 0.5311706005478505 0.5201860152270046
transition 474 1 62 -0.8546722093449926 0.40291585133980407
transition 474 1 479 -0.851996891791915 0.07689813343319137
transition 474 2 835 -0.13669339225795385 0.01553335497919363
transition 474 2 91 0.19341235675872914 0.24055434286444927
transition 474 2 419 0.8432465827527036 0.3805820102711441
transition 474 2 50 0.30694678021164123 0.22660077409537605
transition 474 2 809 0.02922392616395797 0.13672951778983694
transition 474 3 809 0.22360171448252775 1.0
transition 474 4 502 -0.6359870220783816 0.30174693354704335
transition 474 4 810 0.33723291970770153 0.20313770555244454
transition 474 4 422 -0.6662218608466568 0.2915583573858438
transition 474 4 83 -0.4860297419127797 0.13252048358534327
transition 474 4 839 -0.9539303246939617 0.0710365199293251
transition 475 0 855 0.534660171888979 0.2597621276632404
transition 475 0 676 0.6001455696701878 0.054720834474162455
transition 475 0 304 0.9419244448768151 0.6855170378625971
transition 475 1 227 0.4160452435829649 0.12708164141967063
transition 475 1 786 0.45713875235671075 0.3457894664139859
transition 475 1 991 0.3564300104053697 0.0997088108116021
transition 475 1 229 -0.502550438645607 0.42742008135474135
transition 475 2 403 -0.4817199205927307 0.24531816709536786
transition 475 2 400 -0.6014232880930459 0.20628328272542937
transition 475 2 77 -0.3002108540564248 0.3269018430585243
transition 475 2 940 0.16232587854303793 0.10143646247281028
transition 475 2 929 -0.5246004956558818 0.12006024464786816
transition 475 3 70 0.903545546340129 0.4067392132967075
transition 475 3 840 -0.9060955822114418 0.5441316993669504
transition 475 3 653 -0.29593559416748194 0.04912908733634209
transition 475 4 646 -0.29452952436949875 0.35144958180274544
transition 475 4 33 0.042171923914326115 0.6485504181972546
transition 476 0 140 -0.22965528539094615 0.2860289271318927
transition 476 0 934 -0.11204025175544374 0.3787511936922544
transition 476 0 850 -0.21135876836358625 0.24547621713084852
transition 476 0 276 0.7387078614270801 0.08974366204500439
transition 476 1 827 -0.3744835422301862 1.0
transition 476 2 554 -0.9695763292606276 0.4179155991416084
transition 476 2 164 0.5347670846455754 0.4114630869083361
transition 476 2 877 0.08523550936549995 0.1706213139500555
transition 476 3 6 0.20439490492776136 0.24808938580913628
transition 476 3 620 0.6126487840675359 0.19165216831736007
transition 476 3 338 -0.9199601626977216 0.3152214747881038
transition 476 3 532 0.4793390827897983 0.2450369710853998
transition 476 4 135 -0.058966825511956866 1.0
transition 477 0 324 0.5482922357260178 0.19132893597389256
transition 477 0 435 0.2075651575209203 0.2513414500802998
transition 477 0 896 -0.4277290441098718 0.21655037924268775
transition 477 0 137 -0.02644947935297237 0.08215742614591537
transition 477 0 302 -0.2692726707802402 0.25862180855720446
transition 477 1 57 -0.2182837874677097 0.9434672249911569
transition 477 1 899 0.6786670492817382 0.0565327750088431
transition 477 2 490 -0.22295775722244926 0.3413512992878492
transition 477 2 291 0.7293347470445979 0.08799813313045454
transition 477 2 79 -0.31713677885221037 0.2725103784370846
transition 477 2 82 0.383247600298551 0.2981401891446117
transition 477 3 549 0.16252227452620516 0.5984482323044393
transition 477 3 385 -0.09812692110941379 0.3389048304837133
transition 477 3 176 -0.11324174697556177 0.06264693721184739
transition 477 4 945 0.6934618376032751 0.04971334727832358
transition 477 4 147 0.20690707684093668 0.5350829995813212
transition 477 4 98 -0.8310486578607268 0.4152036531403552
transition 478 0 606 -0.5901004571225961 0.280876560330471
transition 478 0 716 -0.2467058812829086 0.06561326604898995
transition 478 0 99 0.29340938875906475 0.3362365626571517
transition 478 0 660 0.6146906607761058 0.31727361096338735
transition 478 1 527 0.6048824973506512 0.3341124639079745
transition 478 1 590 -0.5974685855612005 0.29360980776745715
transition 478 1 674 0.8147814992951696 0.37227772832456835
transition 478 2 593 -0.9063539442090158 1.0
transition 478 3 185 -0.16702816471940318 0.2273109271748848
transition 478 3 811 -0.5591881238516283 0.4830418221625031
transition 478 3 716 -0.9399793631877862 0.2896472506626122
transition 478 4 891 -0.2849794480000576 0.3028109538852809
transition 478 4 662 0.9894583623898041 0.697189046114719
transition 479 0 556 0.6170025425535226 0.32201009128109986
transition 479 0 433 0.4740645583275369 0.2977571750326035
transition 479 0 951 -0.8696219975470874 0.3802327336862966
transition 479 1 16 0.5960735693352672 0.2550548054723557
transition 479 1 63 0.18529418942527398 0.08514212905949377
transition 479 1 449 0.9742395509665087 0.40371015616292877
transition 479 1 809 -0.9601280958751053 0.2560929093052217
transition 479 2 438 -0.48563152401266163 0.5525499184912145
transition 479 2 646 0.6295900867482898 0.4474500815087855
transition 479 3 979 0.4255435665761276 0.28040967041310644
transition 479 3 653 -0.10442216816830041 0.5230262211662169
transition 479 3 956 0.7131390152497881 0.1965641084206767
transition 479 4 18 0.9604844664179542 0.3806196761963568
transition 479 4 903 0.5523996387855947 0.2092190386523722
transition 479 4 188 -0.402821077935025 0.15137493046004366
transition 479 4 479 -0.026717152619902818 0.25878635469122746
transition 480 0 356 -0.3595642705476423 0.061337624587415866
transition 480 0 996 -0.8256481941889358 0.25664841736280175
transition 480 0 938 0.25894830767060495 0.12721477959352934
transition 480 0 554 0.4128400272222563 0.18867937657753703
transition 480 0 573 -0.29732158981653045 0.36611980187871596
transition 480 1 589 -0.9164649545757753 1.0
transition 480 2 927 0.7335235510463216 0.07632302178595776
transition 480 2 251 -0.7487200669083596 0.19564480478371502
transition 480 2 594 0.8645121399874445 0.36396299821800976
transition 480 2 170 -0.39434995673022866 0.3640691752123176
transition 480 3 789 -0.5623008822270366 1.0
transition 480 4 116 -0.12804566994913502 0.2641760270564731
transition 480 4 278 0.7171926968199609 0.2780560680061438
transition 480 4 469 -0.01165983841721907 0.2799595892212507
transition 480 4 996 -0.49723744498766576 0.07063478303983522
transition 480 4 865 0.623858230738408 0.10717353267629727
transition 481 0 866 -0.9126541491349822 1.0
transition 481 1 909 0.7696422405236274 0.5625817857592589
transition 481 1 565 0.8859903535384268 0.14584080041605366
transition 481 1 55 -0.03860692452469894 0.29157741382468744
transition 481 2 539 -0.4528530556666641 0.45146836465398016
transition 481 2 32 0.13202844386693835 0.3115509690972065
transition 481 2 288 -0.05938081196177003 0.23698066624881334
transition 481 3 760 -0.6946394562312408 0.12217066421279678
transition 481 3 187 0.1850923090176515 0.09828694669484057
transition 481 3 854 -0.615760958834837 0.3898285971522168
transition 481 3 348 -0.12792752987138067 0.3897137919401458
transition 481 4 105 -0.42862200906639547 0.2771837687911822
transition 481 4 16 -0.09963096887133749 0.7228162312088178
transition 482 0 403 0.13111256867326615 0.0061573233107809445
transition 482 0 906 0.336305301271145 0.9938426766892191
transition 482 1 343 -0.6990925160803969 0.2619545462046636
transition 482 1 887 -0.1922919070296758 0.3808776214342363
transition 482 1 540 0.8964743248212743 0.35716783236110006
transition 482 2 771 -0.6521455784031978 0.650197740008194
transition 482 2 287 0.9352978964750389 0.34980225999180603
transition 482 3 325 -0.7351314206109447 1.0
transition 482 4 951 0.048642639577284985 0.256413485046265
transition 482 4 805 0.4722421134721435 0.14323988049740102
transition 482 4 226 0.4257731608826081 0.10943568909840698
transition 482 4 473 -0.8784788261798893 0.26094339053093535
transition 482 4 194 -0.07556993718864935 0.2299675548269916
transition 483 0 802 0.5736749816393885 0.7364513543887286
transition 483 0 936 -0.3662239081683829 0.26354864561127145
transition 483 1 477 0.08665451881733488 1.0
transition 483 2 799 -0.21129753141244945 0.5358564794639874
transition 483 2 998 -0.5996690123514106 0.40863588662762707
transition 483 2 921 0.7833365852193603 0.055507633908385645
transition 483 3 947 -0.44361688200003346 0.10909086017562865
transition 483 3 614 -0.9448759980568469 0.11604359779242228
transition 483 3 497 0.11285138873169465 0.19642629262094846
transition 483 3 698 -0.9481651512321381 0.2639651388745491
transition 483 3 478 -0.6926908624057277 0.31447411053645147
transition 483 4 813 -0.6087129940547031 0.8330379458496517
transition 483 4 786 -0.36283433657404784 0.1494852450566551
transition 483 4 188 0.16344471123157644 0.01747680909369316
transition 484 0 78 0.2175722161385385 0.940046548917534
transition 484 0 444 -0.2952242607269695 0.05995345108246586
transition 484 1 590 0.12949310341205034 0.790355220155265
transition 484 1 374 0.47752110316734875 0.209644779844735
transition 484 2 968 0.47609134049906543 0.6894681937978445
transition 484 2 693 0.29762021197351984 0.3105318062021555
transition 484 3 726 -0.15036051082586965 0.2417379119162853
transition 484 3 670 0.569990523853763 0.09827227727768235
transition 484 3 77 -0.23027983047401568 0.14795190098005218
transition 484 3 591 0.8538750502744805 0.2441800322735301
transition 484 3 629 0.8899571691294657 0.2678578775524501
transition 484 4 564 0.2210059660831436 0.05861812460070361
transition 484 4 408 0.6206243813548498 0.06490670016106782
transition 484 4 152 -0.5492814777552117 0.37503487944415215
transition 484 4 167 0.06130619506734081 0.2808286898473067
transition 484 4 165 0.9072516570557765 0.22061160594676973
transition 485 0 898 -0.9283336005412142 1.0
transition 485 1 761 -0.052256012431802557 0.5609714209464823
transition 485 1 534 0.39389206499205476 0.43902857905351755
transition 485 2 200 -0.010970507141401464 0.7023047726286891
transition 485 2 506 0.07545159285850556 0.22799908831435775
transition 485 2 764 -0.9815561824198105 0.0696961390569532
transition 485 3 357 -0.8417183362441178 0.48228610896011637
transition 485 3 937 -0.9738405426815255 0.3100901815138204
transition 485 3 701 0.5954384698288651 0.08928404863957255
transition 485 3 108 0.3703436415266066 0.1183396608864907
transition 485 4 687 0.43882245091331584 0.50862935016849
transition 485 4 1 0.5391039165984419 0.2968130571227613
transition 485 4 311 -0.028271226013597328 0.1945575927087487
transition 486 0 72 -0.8024779062487599 0.397773175507477
transition 486 0 14 0.08629184161685566 0.602226824492523
transition 486 1 592 -0.6308436790826775 0.14148588977439508
transition 486 1 483 -0.3917439876185096 0.17575811759544896
transition 486 1 635 -0.42296953908599977 0.27816332370413493
transition 486 1 356 0.06463525317948937 0.4045926689260211
transition 486 2 460 -0.8110696718206714 0.3335215379287363
transition 486 2 43 -0.1664515064845573 0.13095719976581008
transition 486 2 553 -0.012308479350734869 0.5201151076662883
transition 486 2 751 0.056310663515849235 0.015406154639165321
transition 486 3 279 -0.7535960885553143 0.3233584370287139
transition 486 3 577 0.5310042673529072 0.3102250450466823
transition 486 3 834 0.8815765601456382 0.04675385099219719
transition 486 3 999 0.6997788117621828 0.31966266693240664
transition 486 4 169 -0.8061388101607039 0.5238165427877769
transition 486 4 503 -0.6219148176245315 0.17799711353462713
transition 486 4 257 -0.5109851446040121 0.2981863436775959
transition 487 0 305 -0.72316294801211 0.16500067162492355
transition 487 0 285 -0.7171205956507984 0.2860342418801305
transition 487 0 303 -0.30682659241764276 0.10483499292879725
transition 487 0 363 0.8845144581702369 0.20523264500896585
transition 487 0 758 0.7267614680443477 0.23889744855718278
transition 487 1 876 0.8646240044729505 0.3255521057409675
transition 487 1 358 -0.009297279721986351 0.3546503298213191
transition 487 1 399 -0.9988164576105811 0.31979756443771334
transition 487 2 310 0.7826190294997337 0.35551168935451044
transition 487 2 240 0.661536574354513 0.12024597962657821
transition 487 2 907 0.46173270547328493 0.2293734764791464
transition 487 2 6 0.527031419691425 0.294868854539765
transition 487 3 479 0.2394707026767804 1.0
transition 487 4 460 -0.8654681806000464 1.0
transition 488 0 963 -0.7647437794169334 0.17712232135070768
transition 488 0 867 0.7531078828466091 0.16712433012749098
transition 488 0 154 -0.6927101859948517 0.32067156257860474
transition 488 0 468 0.5889099281671657 0.31642981630257205
transition 488 0 498 -0.15637348650431582 0.018651969640624592
transition 488 1 678 -0.13120375298551057 0.01820478306098178
transition 488 1 336 -0.8283060674136677 0.9817952169390182
transition 488 2 136 -0.8914862207484857 0.1626357509341115
transition 488 2 38 -0.022787534592693337 0.4479395447327793
transition 488 2 892 -0.8197337898000399 0.3894247043331091
transition 488 3 295 -0.12365403480557258 0.0010450002326602315
transition 488 3 680 -0.8328303721519554 0.32642744088888764
transition 488 3 570 -0.002167828122945359 0.5514106979830566
transition 488 3 217 0.9886048167312287 0.12111686089539551
transition 488 4 702 -0.4786821930647953 0.28387043774803816
transition 488 4 232 -0.7603963007810628 0.29523541356968364
transition 488 4 268 0.7796860417301432 0.11000379308358581
transition 488 4 719 0.4914365821119877 0.11795697344751725
transition 488 4 290 0.031169992661416623 0.1929333821511752
transition 489 0 784 -0.5506645361550657 0.7346094120195437
transition 489 0 69 -0.9358161323975005 0.2653905879804564
transition 489 1 463 0.43120862263724047 1.0
transition 489 2 191 0.9675672254441687 1.0
transition 489 3 980 -0.012763446577363169 1.0
transition 489 4 711 -0.9655961053357782 0.22938732859642783
transition 489 4 733 -0.7076775480716317 0.33802384271263763
transition 489 4 210 0.5151955554573233 0.041453205570323254
transition 489 4 768 0.16260279301045588 0.2454908937761523
transition 489 4 770 0.28043573360769036 0.14564472934445896
transition 490 0 632 0.8349269020676753 0.1503256153089989
transition 490 0 856 -0.58697496942324 0.054196928657867176
transition 490 0 602 -0.9373958031802154 0.40766787920614
transition 490 0 701 0.6865692343075678 0.27532511667968307
transition 490 0 165 0.37430543519779347 0.11248446014731088
transition 490 1 107 0.27470733514923684 0.49516404961450516
transition 490 1 63 0.7892892367165396 0.5048359503854948
transition 490 2 873 -0.012572903891045373 0.4047269871024333
transition 490 2 395 -0.8337068667022842 0.5952730128975666
transition 490 3 105 -0.8081970964344771 0.38217393463356253
transition 490 3 988 0.5730292880811447 0.014107717591364461
transition 490 3 718 0.22688640056184606 0.603718347775073
transition 490 4 510 -0.74238237914936 0.10421454029405595
transition 490 4 125 -0.07246897777521388 0.2394121900714457
transition 490 4 367 0.5605579635259244 0.24587595863409306
transition 490 4 637 -0.9810822700391744 0.4104973110004054
transition 491 0 329 0.1539924726125086 0.3511525621658479
transition 491 0 124 -0.7474653235458639 0.20821340595761165
transition 491 0 235 -0.8779749412929989 0.4406340318765405
transition 491 1 426 0.9680454751619505 0.4891041899296382
transition 491 1 791 0.21387759908942172 0.5108958100703617
transition 491 2 389 -0.05672307850780678 0.7759044487017976
transition 491 2 714 -0.43181220448811897 0.22409555129820236
transition 491 3 395 -0.0346290805399283 0.24039498325467418
transition 491 3 463 0.34459268000059007 0.022492809308203857
transition 491 3 300 0.28628340398195795 0.22432366810980295
transition 491 3 34 -0.040898539728700944 0.2851953264008589
transition 491 3 493 0.2740718655140051 0.22759321292646023
transition 491 4 891 0.14381092828914022 0.18379348725765648
transition 491 4 561 -0.027336504724526867 0.23635811830567363
transition 491 4 862 -0.015589962914218214 0.04019145107295748
transition 491 4 60 0.9948303221027861 0.289273651009319
transition 491 4 76 -0.24122006381291694 0.2503832923543933
transition 492 0 350 -0.16426910043896048 0.5174488601764414
transition 492 0 356 -0.10441966692305926 0.240178507129218
transition 492 0 960 0.24819936835702405 0.07770353963153802
transition 492 0 873 0.775993283783202 0.09497104447509719
transition 492 0 779 -0.3674885677325832 0.06969804858770537
transition 492 1 959 -0.4930870655433035 1.0
transition 492 2 260 -0.649395073197857 0.08190893857616907
transition 492 2 908 -0.6791837771566749 0.05415902963841071
transition 492 2 66 0.1845249985198043 0.5180621440278103
transition 492 2 425 -0.5638825873753084 0.34586988775760996
transition 492 3 403 0.6550114070183755 0.6424327107122115
transition 492 3 512 0.8106766996952881 0.3575672892877886
transition 492 4 868 -0.36769125699621896 1.0
transition 493 0 78 0.5247270155186012 0.04652786477046094
transition 493 0 997 -0.3788122619163028 0.023398248567601112
transition 493 0 99 -0.2909136606981986 0.4226822603167168
transition 493 0 933 -0.783243976313553 0.3379510679213731
transition 493 0 179 0.4468246735391068 0.1694405584238481
transition 493 1 463 -0.8392340116341583 0.2022072891018945
transition 493 1 94 -0.8526421519225544 0.19491689641229576
transition 493 1 942 0.3690607733606097 0.19836610396226584
transition 493 1 341 -0.6340233167009313 0.20720857101876958
transition 493 1 461 0.28935539499473717 0.1973011395047743
transition 493 2 495 -0.9057241340918649 1.0
transition 493 3 571 -0.7247687638454217 1.0
transition 493 4 999 -0.6174701802128939 0.38926970010288237
transition 493 4 600 0.42144251858220616 0.1882317523378814
transition 493 4 991 -0.8000045610325857 0.14255477881812914
transition 493 4 847 0.8144560969014509 0.04506396514809239
transition 493 4 570 -0.7505668054677295 0.23487980359301472
transition 494 0 982 0.7284662701409168 0.2779328539170945
transition 494 0 521 -0.6947844689647324 0.13468041716146043
transition 494 0 145 0.8817383153197029 0.25937681309633304
transition 494 0 902 0.45775904415288005 0.3280099158251121
transition 494 1 876 -0.5358183825991989 0.45851912327282024
transition 494 1 628 -0.3479278079626771 0.4013096336519376
transition 494 1 416 -0.6676511259460864 0.14017124307524215
transition 494 2 318 0.21403194370892686 0.42222943127747486
transition 494 2 223 0.8453920038314633 0.40166596946212957
transition 494 2 49 -0.7890508571266246 0.17343905276412439
transition 494 2 823 0.5968467211158044 0.0005352650903763121
transition 494 2 53 0.15763291560687476 0.0021302814058948446
transition 494 3 627 0.14981365660326906 0.6581885211928622
transition 494 3 586 -0.7641649610639312 0.34181147880713786
transition 494 4 844 0.3924725074008182 0.3233573615496992
transition 494 4 890 0.8822747303816998 0.6766426384503007
transition 495 0 966 0.9489546955488004 0.72104823800528
transition 495 0 184 0.03576261308689066 0.2789517619947201
transition 495 1 123 0.6166515968131911 1.0
transition 495 2 56 -0.898467041084678 0.10222079791201777
transition 495 2 753 0.8511797407227628 0.30312548831600883
transition 495 2 129 -0.12443018997054178 0.5946537137719733
transition 495 3 650 0.8832833853349846 1.0
transition 495 4 599 0.36160907388608066 0.06387745946871626
transition 495 4 526 0.5089411257131247 0.5856862299151482
transition 495 4 144 0.6101651899026825 0.3504363106161356
transition 496 0 125 0.3681155582404818 0.606949132107267
transition 496 0 207 0.16692260570697703 0.39305086789273297
transition 496 1 893 0.9591105107112763 0.23606940197050183
transition 496 1 784 -0.7721332910977254 0.7639305980294981
transition 496 2 141 -0.5911086794028622 0.32687403668104614
transition 496 2 231 0.7910363963138416 0.2193457183922946
transition 496 2 197 -0.75026341958141 0.4537802449266593
transition 496 3 994 0.9305185944690633 0.29598548376523776
transition 496 3 133 -0.386047319439776 0.11092371664437353
transition 496 3 648 -0.6547990083064372 0.10548412388181111
transition 496 3 559 0.0885225676192467 0.29224720530713383
transition 496 3 783 -0.9640457767128721 0.1953594704014437
transition 496 4 262 0.20690366540624305 1.0
transition 497 0 51 -0.783526229398178 0.3876482218546546
transition 497 0 771 0.303473536609147 0.24939476571619895
transition 497 0 52 0.05952537888702514 0.3629570124291464
transition 497 1 20 -0.3837070222991661 0.1748564623742249
transition 497 1 989 -0.4175173481786467 0.23683991422304926
transition 497 1 930 0.9257217643999884 0.14725606920980513
transition 497 1 857 0.2866596194296309 0.14229197928858084
transition 497 1 395 -0.9790825135670802 0.29875557490433985
transition 497 2 710 0.28483511245987425 0.2934933730815777
transition 497 2 344 -0.4779778264540211 0.3581398336949959
transition 497 2 981 0.7362119396529743 0.09793023134735691
transition 497 2 569 0.23969911050011072 0.0447045909935244
transition 497 2 508 -0.6762689655580343 0.20573197088254508
transition 497 3 942 -0.5530504678690473 0.21049359390847378
transition 497 3 374 0.0252419747996544 0.5610277406160734
transition 497 3 514 -0.6773315682734433 0.2284786654754527
transition 497 4 736 -0.138137160764497 1.0
transition 498 0 113 -0.7376691007112031 1.0
transition 498 1 990 -0.7441267318221247 0.046411336764637205
transition 498 1 653 0.7574057936307494 0.9535886632353628
transition 498 2 713 0.6547501943029899 0.7961895432118375
transition 498 2 639 -0.6177550121415136 0.20381045678816248
transition 498 3 334 -0.7000754136764782 0.2448512080739016
transition 498 3 362 0.6235902814204315 0.14592234394868356
transition 498 3 249 0.21705906325871305 0.37843319754303467
transition 498 3 974 0.6217253035267547 0.2307932504343803
transition 498 4 813 0.8324965064330663 0.6262588837908454
transition 498 4 904 -0.8279817989543674 0.37374111620915473
transition 499 0 555 -0.7856559636084277 0.3229810992379307
transition 499 0 914 -0.3202730960247837 0.17520017173031666
transition 499 0 610 0.49579365838968537 0.5018187290317526
transition 499 1 802 0.08617758007416332 0.877767163157342
transition 499 1 498 0.845913449122013 0.12223283684265795
transition 499 2 959 -0.25338125825512847 0.09132585806670333
transition 499 2 174 -0.7259645756830555 0.2627497150230803
transition 499 2 574 0.3680576859227427 0.5233976979654793
transition 499 2 399 0.1046842003884394 0.12252672894473692
transition 499 3 324 0.851779082262107 0.2858818145548773
transition 499 3 562 -0.3943001285740175 0.0004702125288973212
transition 499 3 976 0.9222411156850554 0.1291454694257263
transition 499 3 563 -0.4888890022669441 0.23838744143998253
transition 499 3 962 -0.9059874602688895 0.3461150620505165
transition 499 4 100 -0.7309710792640611 1.0
transition 500 0 215 -0.5523432419577701 0.3208045166455449
transition 500 0 217 -0.7369397360522247 0.39832533759478783
transition 500 0 922 0.17151281896155313 0.06753370526765524
transition 500 0 112 -0.9897080711169284 0.21333644049201217
transition 500 1 373 0.9791286995348643 0.3124888277421609
transition 500 1 292 -0.7429500661665172 0.2475720577516771
transition 500 1 62 0.3294380842292717 0.06953424754959439
transition 500 1 489 -0.8965778309962316 0.18828430130786078
transition 500 1 714 -0.855031722880337 0.18212056564870677
transition 500 2 249 0.3800815188079243 0.769516731128703
transition 500 2 545 -0.7831301579933023 0.230483268871297
transition 500 3 931 -0.7207451082496004 1.0
transition 500 4 502 0.10621102953766792 0.3743214165376107
transition 500 4 209 0.4685553361488417 0.2743273004789978
transition 500 4 567 0.205037755394204 0.3513512829833915
transition 501 0 513 0.12778175141942527 0.06019033070798356
transition 501 0 28 -0.5855153863711062 0.0076148309674970195
transition 501 0 385 0.7342578308655638 0.27708462897519587
transition 501 0 89 -0.3589673808131444 0.22753627910039553
transition 501 0 113 0.25243557578904263 0.4275739302489281
transition 501 1 187 -0.0016696056959342176 0.2314866052034675
transition 501 1 692 0.8560521643429824 0.24984743256194697
transition 501 1 794 -0.579629795361229 0.15760429019027852
transition 501 1 546 0.16589042430855594 0.19663134895018408
transition 501 1 395 0.9945808773603129 0.16443032309412295
transition 501 2 721 -0.5695043719084021 1.0
transition 501 3 198 -0.7146706899384927 0.20194452351660291
transition 501 3 61 -0.9983960730801593 0.27996078526462864
transition 501 3 720 -0.9948239072778025 0.31672007460985874
transition 501 3 420 -0.10545008131199896 0.20137461660890968
transition 501 4 49 -0.2271535238580844 0.16047496848013582
transition 501 4 623 0.6236877049120813 0.08880209947604487
transition 501 4 226 -0.8449069178125956 0.16106975367345464
transition 501 4 521 0.08202368182076714 0.25638716572603154
transition 501 4 769 -0.8553318666549292 0.3332660126443331
transition 502 0 198 0.08633869198782818 0.11680403627473143
transition 502 0 610 -0.01603733919568162 0.28042413751084044
transition 502 0 666 -0.7395211255420326 0.6027718262144282
transition 502 1 187 -0.8319100930806156 0.41924348763984864
transition 502 1 583 0.9946981845197986 0.12656066191761217
transition 502 1 719 -0.8045007872193202 0.0742566375158917
transition 502 1 264 -0.34089017830551294 0.08229218350690934
transition 502 1 437 0.21496518252195473 0.2976470294197381
transition 502 2 27 -0.07544097363857016 0.1854994942533478
transition 502 2 407 -0.6997610141158304 0.18683795719422122
transition 502 2 167 0.46471442060745294 0.2911086716507787
transition 502 2 15 -0.124995200780746 0.2368525140418487
transition 502 2 554 -0.7079649200546452 0.0997013628598036
transition 502 3 375 0.5905142359986819 0.16845533754572525
transition 502 3 520 0.8252615421968783 0.519061960736475
transition 502 3 207 0.7911805544602262 0.1713842740132572
transition 502 3 63 -0.3736102555491214 0.14109842770454248
transition 502 4 516 -0.12613116573749394 0.05654831878530653
transition 502 4 583 0.23598841028324635 0.41596239144782593
transition 502 4 106 0.1692649057449529 0.3703532827101495
transition 502 4 622 0.5250666937876056 0.15713600705671812
transition 503 0 592 -0.6663087980249602 1.0
transition 503 1 768 0.9780663715044644 0.42863698978690123
transition 503 1 836 -0.2588635156764274 0.5713630102130987
transition 503 2 515 0.833803374579267 0.17122013043293263
transition 503 2 907 0.5319557815321942 0.46307005188271827
transition 503 2 610 0.9861411745315218 0.017067555348918764
transition 503 2 177 0.7263015933632209 0.34864226233543033
transition 503 3 988 0.9606900980381936 1.0
transition 503 4 51 0.4231189870061307 1.0
transition 504 0 35 0.19820650323009903 0.5661055611852415
transition 504 0 799 0.6561249323465477 0.4338944388147584
transition 504 1 923 -0.20170423953962002 1.0
transition 504 2 987 0.29700567124295896 0.5142785316998748
transition 504 2 924 -0.16233081579971675 0.48572146830012514
transition 504 3 356 0.5695050686363934 0.5085072405012587
transition 504 3 902 0.6899458710559836 0.49149275949874127
transition 504 4 324 0.7896991382166751 0.2897652299797465
transition 504 4 182 -0.42359239451571207 0.6031574185167705
transition 504 4 943 0.9630678108998378 0.10707735150348294
transition 505 0 554 0.41937080554902706 1.0
transition 505 1 376 -0.5690817374811346 1.0
transition 505 2 748 0.5794117359697655 0.14413050757703816
transition 505 2 576 0.00024923649884933674 0.8558694924229618
transition 505 3 104 -0.4959541340786653 0.2543050767486606
transition 505 3 268 0.6991806405525371 0.15344598037696439
transition 505 3 906 0.3705177952556036 0.22205345330441617
transition 505 3 239 0.3798138686591892 0.17360804330065166
transition 505 3 931 -0.26257173114313836 0.19658744626930727
transition 505 4 485 -0.9308600398563047 0.38419022796803776
transition 505 4 239 0.2576105564816551 0.36156465467978616
transition 505 4 184 0.5299109823156927 0.25424511735217603
transition 506 0 837 -0.33470881995125334 1.0
transition 506 1 324 0.06134080380662166 1.0
transition 506 2 714 -0.2855482324273715 0.2427880380677444
transition 506 2 336 -0.09726171988532029 0.12410494291304622
transition 506 2 148 -0.6040831927021146 0.04368996979995287
transition 506 2 353 0.12730602317190143 0.2877825791392499
transition 506 2 166 -0.73185620679177 0.30163447008000654
transition 506 3 136 -0.4769013484691871 0.2779784206976044
transition 506 3 518 0.20537720807120863 0.06324560862872028
transition 506 3 723 0.1259717847269355 0.3073118760818229
transition 506 3 457 -0.17974722493323103 0.35146409459185235
transition 506 4 948 0.17818076633407598 0.36391881368507883
transition 506 4 422 0.19084598137276143 0.14331610674964515
transition 506 4 460 -0.06182993779076629 0.17652329394066754
transition 506 4 126 -0.4309575020808061 0.31624178562460853
transition 507 0 990 -0.21161905453811136 0.1293577329688358
transition 507 0 596 0.2918218635591163 0.8706422670311642
transition 507 1 891 -0.0006970819562412967 0.26256897950993746
transition 507 1 316 0.5361077375219585 0.21225060711909874
transition 507 1 526 -0.8262359968641682 0.1071527461875191
transition 507 1 608 0.05137215652585492 0.36316278241365874
transition 507 1 68 -0.07369614869413588 0.05486488476978597
transition 507 2 975 0.9359048018971912 0.250818163493427
transition 507 2 8 -0.049103042488595205 0.4364156057122545
transition 507 2 708 -0.8764153942233004 0.3127662307943184
transition 507 3 290 -0.58359604555505 0.7123231493258374
transition 507 3 195 0.14727406666018283 0.2876768506741626
transition 507 4 770 0.3041732465603346 0.4174365441204329
transition 507 4 660 0.4675658094217352 0.3406102824938162
transition 507 4 912 -0.4076418265148767 0.24195317338575076
transition 508 0 704 -0.30101704927796846 1.0
transition 508 1 24 -0.3185914496989595 0.10003950413137369
transition 508 1 272 0.4555359115833608 0.3311939147495751
transition 508 1 661 -0.40762314011746636 0.187855517495424
transition 508 1 277 0.6989689354706001 0.3809110636236272
transition 508 2 975 0.5771254622312545 0.33005206468634146
transition 508 2 325 -0.4693134147228588 0.38915882136456026
transition 508 2 77 0.1247179868555528 0.2807891139490982
transition 508 3 534 0.5912793368057108 1.0
transition 508 4 125 0.8051125622909452 0.22062837397592136
transition 508 4 577 0.8421735667961898 0.1669795131877066
transition 508 4 395 0.5200962981443065 0.391798776317614
transition 508 4 381 -0.7459301013714614 0.19190094979072458
transition 508 4 546 -0.3651387939089745 0.028692386728033457
transition 509 0 651 0.9580466660595102 0.13212897838444912
transition 509 0 900 -0.6944861876890647 0.4186680439830759
transition 509 0 140 -0.8929413468312484 0.3940433696693012
transition 509 0 596 -0.014731824710224606 0.055159607963173825
transition 509 1 352 0.13562121567991148 1.0
transition 509 2 304 0.8583886274383872 0.2017056603583697
transition 509 2 902 -0.8288955682333286 0.08933707018378681
transition 509 2 333 0.4796340407650037 0.25770113439113196
transition 509 2 287 -0.1501977902793763 0.4100022860119316
transition 509 2 497 -0.23082648009351803 0.04125384905477993
transition 509 3 558 -0.24852169939275393 0.0063936125744209135
transition 509 3 142 -0.01402324233174812 0.048219404054902076
transition 509 3 157 0.47566929354557863 0.35789384103934907
transition 509 3 128 0.8119826410174815 0.23320191292890882
transition 509 3 455 -0.3025354961165889 0.35429122940241914
transition 509 4 847 -0.6930962254964403 0.0810894242128438
transition 509 4 856 -0.3719310778830376 0.028582689130845527
transition 509 4 275 -0.5746317668121943 0.3015049211863461
transition 509 4 625 0.20682051423912706 0.5888229654699645
transition 510 0 636 -0.38460735878813423 0.515400143248888
transition 510 0 992 0.2678548647615573 0.4845998567511119
transition 510 1 184 0.8748757572296961 0.22678265955040663
transition 510 1 858 0.920147506522637 0.12869991100270492
transition 510 1 750 0.1019922640625206 0.13895371531277456
transition 510 1 743 -0.23981938961859517 0.3124906748124508
transition 510 1 59 0.5254830417818641 0.19307303932166314
transition 510 2 339 -0.05449171885156412 0.20806606195517785
transition 510 2 367 -0.01490604402458895 0.021130138228369733
transition 510 2 47 -0.012856723172748996 0.2668412166264263
transition 510 2 28 -0.19706338626067565 0.14430673048873163
transition 510 2 731 -0.214149172520689 0.3596558527012944
transition 510 3 578 0.38257194301919273 1.0
transition 510 4 195 0.8247306989289525 1.0
transition 511 0 270 0.1862455802882037 0.31261691314061607
transition 511 0 943 0.6646017428961932 0.0756817001226638
transition 511 0 232 0.06308285845004491 0.15879754945672064
transition 511 0 277 0.8908538338315544 0.3783916893233635
transition 511 0 653 -0.9260772812883191 0.07451214795663595
transition 511 1 510 0.38503820654329335 0.4841291722891974
transition 511 1 212 -0.7392391619916887 0.10866786410433286
transition 511 1 601 0.09932119362764835 0.4072029636064698
transition 511 2 491 -0.9878788965751262 1.0
transition 511 3 194 -0.5653911530238398 0.35009678881731027
transition 511 3 163 0.7904501167353251 0.12971976973023325
transition 511 3 255 -0.09947140211382521 0.12756540492086899
transition 511 3 941 0.21922402899555782 0.32042085072400783
transition 511 3 332 -0.10470240675291964 0.07219718580757961
transition 511 4 266 0.8912941056435573 1.0
transition 512 0 410 -0.2831771853293932 0.8916553138311016
transition 512 0 257 -0.7413925166612076 0.10834468616889836
transition 512 1 512 -0.970917754934197 0.3366421941006366
transition 512 1 276 0.851539986574025 0.07278137934622152
transition 512 1 827 -0.868227972181391 0.04420679467875547
transition 512 1 670 -0.34759585602171206 0.29837559140111153
transition 512 1 934 0.8132290649101952 0.24799404047327497
transition 512 2 221 0.5483697898012778 0.8569171399696907
transition 512 2 758 0.0635249784080798 0.1430828600303094
transition 512 3 898 -0.4542544109799107 0.6316253535858063
transition 512 3 908 0.01968974548854563 0.36837464641419365
transition 512 4 523 0.6671423644216876 0.7068319285587711
transition 512 4 492 -0.7646055980712718 0.29316807144122886
transition 513 0 713 0.7581128030977926 1.0
transition 513 1 417 -0.09370130862191983 0.49375516386306095
transition 513 1 804 -0.5251557884556273 0.37879973366322006
transition 513 1 545 0.08340858893356029 0.06663917158375345
transition 513 1 525 -0.4878203988175376 0.060805930889965595
transition 513 2 420 -0.0788607241873398 1.0
transition 513 3 498 0.08226442685184931 0.38958948808650196
transition 513 3 157 0.40163994211123444 0.4946746486099018
transition 513 3 97 -0.9928841643871882 0.11573586330359616
transition 513 4 595 0.4438181269008259 0.12605018012455957
transition 513 4 512 0.8207492039128985 0.28223587139906636
transition 513 4 87 0.5635790676199655 0.14088008672335953
transition 513 4 749 -0.29397573921708253 0.26019602225015154
transition 513 4 16 -0.692674559685925 0.190637839502863
transition 514 0 863 -0.38679334410466004 1.0
transition 514 1 67 0.2527087419351324 0.0517655629801841
transition 514 1 123 0.32133926911265465 0.03280284073019723
transition 514 1 506 -0.960473226440786 0.21521983229340436
transition 514 1 702 -0.7888593679758515 0.33111234192481104
transition 514 1 803 -0.5264063535195849 0.3690994220714032
transition 514 2 821 0.07041619903828855 0.2765296640523515
transition 514 2 779 0.4573559917459662 0.23314765272237953
transition 514 2 52 -0.9969668410894765 0.09272638610007043
transition 514 2 359 -0.44271185907942656 0.24207890971268428
transition 514 2 475 0.6711829386603176 0.1555173874125142
transition 514 3 666 -0.9702331567287168 1.0
transition 514 4 544 0.15754014432672725 0.403542572670275
transition 514 4 570 0.5582808377625121 0.5964574273297251
transition 515 0 411 -0.8876127135059233 1.0
transition 515 1 199 -0.8518619455983836 0.1714384631549079
transition 515 1 413 -0.9987481061469909 0.08221422814152375
transition 515 1 814 0.675893447335943 0.23594653988037392
transition 515 1 682 -0.2423685682882466 0.30270594013183977
transition 515 1 322 -0.8113034547580862 0.20769482869135464
transition 515 2 371 0.6396212939704617 0.21347813237248636
transition 515 2 214 -0.1021257745442059 0.4881963486344183
transition 515 2 655 -0.23025718172597665 0.1912430934253057
transition 515 2 14 0.470506797163903 0.04851343393199244
transition 515 2 539 -0.6595980479615364 0.058568991635797193
transition 515 3 366 -0.49094415246813816 0.08530834155952953
transition 515 3 570 0.607086923635924 0.12735795393052074
transition 515 3 178 0.5430630734788495 0.2652022659244087
transition 515 3 578 0.47017565570079634 0.23917953834504516
transition 515 3 717 0.2645327118223486 0.2829519002404959
transition 515 4 15 -0.8431047158820941 0.3146824806743403
transition 515 4 39 0.5459752374437543 0.3123424545795612
transition 515 4 63 0.43199846212779214 0.26290470852933867
transition 515 4 542 0.8811439503192262 0.11007035621675988
transition 516 0 395 0.7309232095804856 0.1712177816607762
transition 516 0 960 0.6311557192636781 0.33361312868585724
transition 516 0 69 0.7378144220439662 0.33087588135776635
transition 516 0 477 -0.11786466098846926 0.1578166134300313
transition 516 0 380 -0.3495023335378722 0.006476594865568841
transition 516 1 881 0.4103165454742963 0.2632853648492382
transition 516 1 145 0.9786974993440134 0.736714635150762
transition 516 2 60 0.14532083278730124 0.24113277903875877
transition 516 2 265 0.35862579713181764 0.12989517045234902
transition 516 2 251 0.6606510872391933 0.1925270859557237
transition 516 2 73 0.09720573295370771 0.17255426873054694
transition 516 2 133 -0.22095441286364714 0.2638906958226216
transition 516 3 469 -0.9765429443035478 0.05040633355134269
transition 516 3 419 -0.11755962282719867 0.29828942314970547
transition 516 3 202 -0.6206833189019791 0.35355765647778187
transition 516 3 164 -0.5313865310687955 0.003962250574182441
transition 516 3 246 -0.9589846330181635 0.29378433624698747
transition 516 4 499 -0.650060662998315 0.17769790911971017
transition 516 4 572 0.6114541286943349 0.17612491888342402
transition 516 4 858 -0.8777578527812102 0.27536023340255966
transition 516 4 351 0.3216773633612182 0.3708169385943061
transition 517 0 294 0.5649532192687572 0.43462743302798124
transition 517 0 179 0.21345069175813292 0.2018897430934457
transition 517 0 687 -0.3657096966201403 0.1779536931450753
transition 517 0 550 -0.22510253055271368 0.18552913073349772
transition 517 1 435 0.31031646581054373 0.2240734614078269
transition 517 1 600 -0.6771094236426367 0.20545871039551808
transition 517 1 858 -0.9796115695744949 0.3090037603552029
transition 517 1 222 -0.4258275401014868 0.2614640678414521
transition 517 2 536 0.32879566922736747 1.0
transition 517 3 552 0.3309658555610968 0.4244255985860575
transition 517 3 495 -0.5834095962642913 0.42149526161342443
transition 517 3 614 0.9885048684530873 0.15407913980051807
transition 517 4 206 -0.08792852700896114 0.09399762316421029
transition 517 4 555 -0.6367577629026757 0.08223640595896355
transition 517 4 791 -0.10178382565541466 0.37337888305410166
transition 517 4 82 0.6743658234948062 0.4503870878227245
transition 518 0 583 0.6772237800751606 0.31512407180878926
transition 518 0 232 0.5494518275680911 0.29668020847863286
transition 518 0 404 -0.06911377584175793 0.12537015277295466
transition 518 0 164 0.5846671318773098 0.26282556693962333
transition 518 1 789 0.8088617067222055 0.012225191394657352
transition 518 1 425 0.04103138547455121 0.453606490179755
transition 518 1 176 0.517370201663331 0.39854499975205127
transition 518 1 916 0.38858496509138973 0.1356233186735363
transition 518 2 847 0.989253279247426 0.2615660211083329
transition 518 2 833 -0.11290677466944854 0.7384339788916672
transition 518 3 245 -0.46563954593486856 0.37437182702491395
transition 518 3 946 -0.9855977575403416 0.6256281729750861
transition 518 4 922 -0.45688949043093685 0.5896788433390914
transition 518 4 636 0.2931807870632288 0.4103211566609087
transition 519 0 306 -0.06381516585131508 1.0
transition 519 1 552 -0.5466262438853615 0.255757126208771
transition 519 1 826 -0.04920523840621627 0.080409725040119
transition 519 1 779 -0.5796596063720398 0.22667334924001284
transition 519 1 292 -0.16670502473107995 0.23946853020837822
transition 519 1 995 -0.006464016363289193 0.197691269302719
transition 519 2 653 0.318334404343358 0.3895552453895914
transition 519 2 952 -0.12202871077810751 0.18447888296693649
transition 519 2 339 0.12445717231268527 0.08553844499563247
transition 519 2 442 0.5540099095424005 0.34042742664783954
transition 519 3 340 -0.9017435736943196 0.19465744591308556
transition 519 3 205 0.17477636674739738 0.8053425540869145
transition 519 4 824 -0.24936480628174618 0.414074164384856
transition 519 4 42 0.196494339209087 0.019169637724364218
transition 519 4 267 -0.7313260063452884 0.1734441105215688
transition 519 4 832 -0.28097718804355365 0.044515250584205156
transition 519 4 391 0.3416053254277309 0.34879683678500584
transition 520 0 697 -0.10296540632108142 0.10525875795599231
transition 520 0 70 0.4829827414678247 0.28821120770347647
transition 520 0 954 -0.9155408023120131 0.6065300343405312
transition 520 1 985 -0.22368938041318076 0.04746651252767281
transition 520 1 37 0.01830785365105303 0.3399247912792007
transition 520 1 308 -0.5667400916778087 0.43284861597757024
transition 520 1 774 0.13024538830763044 0.08688638331524204
transition 520 1 226 0.8616568766469161 0.09287369690031422
transition 520 2 959 0.18987879062610524 0.03172418674469343
transition 520 2 816 -0.7751493115338046 0.12290208125895
transition 520 2 827 0.0826235752202118 0.19924182531822074
transition 520 2 759 0.7759089143204942 0.3128411714535066
transition 520 2 820 0.07785764069099854 0.33329073522462915
transition 520 3 200 -0.480695944920029 0.28938845598449137
transition 520 3 20 -0.22476276972511244 0.24469888677070262
transition 520 3 558 0.8991818451240046 0.46591265724480607
transition 520 4 255 0.6607191387175042 0.11166243967393691
transition 520 4 997 -0.21487167856049694 0.8883375603260631
transition 521 0 677 0.29165656560579767 0.34425158274765966
transition 521 0 174 -0.9837483821852171 0.28223234605439185
transition 521 0 840 0.1972685103664953 0.3735160711979485
transition 521 1 120 0.9853397507341368 0.43197393063229184
transition 521 1 980 -0.14100092603942427 0.40282586065635245
transition 521 1 914 0.3933857978071771 0.16520020871135577
transition 521 2 429 0.7412193291374127 0.4035651374343462
transition 521 2 557 0.9749478189386949 0.18802193142549622
transition 521 2 116 -0.813163210457527 0.01689122000509728
transition 521 2 419 0.44308313863869464 0.09092876227439625
transition 521 2 750 0.6139033357724655 0.30059294886066396
transition 521 3 185 -0.11401753405949178 0.8215755818126433
transition 521 3 816 0.8076736223700522 0.17842441818735671
transition 521 4 410 0.3195909043386176 0.43480636210675155
transition 521 4 449 0.6937053963069448 0.37702297745263214
transition 521 4 157 -0.036929121791881014 0.18817066044061626
transition 522 0 826 -0.30312163077723886 1.0
transition 522 1 192 0.7404332953693149 0.2599831967294586
transition 522 1 609 0.9559202272937124 0.7400168032705414
transition 522 2 393 0.34548058266392645 1.0
transition 522 3 50 -0.3730302967772616 0.4319092195377184
transition 522 3 282 0.4583757915946016 0.30232748665894504
transition 522 3 647 -0.9907439355520924 0.2657632938033365
transition 522 4 485 -0.5753281504091905 0.36351241405114426
transition 522 4 144 0.22284547698354995 0.41403348298690407
transition 522 4 197 0.988854160831141 0.22245410296195164
transition 523 0 171 -0.28246556159598857 0.3551226252669557
transition 523 0 35 0.3946581748084024 0.1414276032070723
transition 523 0 955 -0.4804830595940097 0.31219995916846394
transition 523 0 69 0.6799400074256361 0.1912498123575081
transition 523 1 985 -0.21709760657865718 0.2032556207758247
transition 523 1 481 0.6097918288579594 0.7967443792241753
transition 523 2 561 -0.0927401178763303 0.47334191956430804
transition 523 2 45 0.6709381309147928 0.3449554607887337
transition 523 2 784 0.276480258416514 0.1817026196469582
transition 523 3 535 -0.3235186002973831 1.0
transition 523 4 748 -0.67548564037782 1.0
transition 524 0 443 0.8208175966449653 0.08059526763759836
transition 524 0 924 -0.7990153859848443 0.9194047323624016
transition 524 1 624 -0.8180860973622868 0.633216017778798
transition 524 1 614 0.5128783874807754 0.05178637314013287
transition 524 1 857 -0.9442175824737697 0.3012023340215108
transition 524 1 291 -0.7388950172182733 0.013795275059558212
transition 524 2 416 0.4039387037474853 1.0
transition 524 3 839 -0.893018819001316 1.0
transition 524 4 79 0.8554485618478131 0.23429724188390308
transition 524 4 736 -0.6521022007430364 0.11324595398538158
transition 524 4 742 0.11187091971602925 0.23893874897936765
transition 524 4 510 0.8599996931651706 0.3338247060331453
transition 524 4 986 -0.2607793199111821 0.07969334911820236
transition 525 0 207 -0.2851827790009682 0.2039091095709017
transition 525 0 404 0.2665944856644935 0.19566176625053178
transition 525 0 637 0.10204489748548773 0.04960766576321805
transition 525 0 268 -0.9869641004449865 0.27830325030774616
transition 525 0 925 0.08899745829621342 0.2725182081076024
transition 525 1 261 -0.5446859081310935 0.6092870283199282
transition 525 1 20 -0.06762828401138843 0.3907129716800719
transition 525 2 91 -0.5036174750587024 0.3473165437075564
transition 525 2 828 0.9778740299530406 0.2887304213973423
transition 525 2 414 -0.21765769390195766 0.08166546249380101
transition 525 2 255 0.7962072089405232 0.28228757240130026
transition 525 3 754 0.07382405131320091 0.1740822054870456
transition 525 3 27 0.5692506748286768 0.24136518211143074
transition 525 3 853 0.828355579188907 0.21743072313801434
transition 525 3 59 -0.8143617176325986 0.1844911149361769
transition 525 3 416 0.727877736830634 0.18263077432733243
transition 525 4 914 0.36162830334966567 1.0
transition 526 0 962 -0.13657672279048239 0.23630270013532492
transition 526 0 220 0.45497356103242415 0.3252493150560159
transition 526 0 100 -0.2924863204040913 0.43844798480865926
transition 526 1 123 -0.05567613333831112 0.14180152870739032
transition 526 1 99 0.6469369773292597 0.12858293876024326
transition 526 1 835 -0.7221780794592854 0.3545750506445332
transition 526 1 752 -0.08966516904594846 0.37504048188783334
transition 526 2 979 -0.18763480711948444 1.0
transition 526 3 478 -0.11778489125238534 0.31964909714181666
transition 526 3 839 -0.4076027314174011 0.13227798024870488
transition 526 3 870 0.34219550096513474 0.23232287346731767
transition 526 3 806 0.7628442087286385 0.1723001372187251
transition 526 3 314 -0.788979431857733 0.14344991192343573
transition 526 4 820 -0.9208056940237153 0.2522798020386157
transition 526 4 581 0.7430822092187452 0.14268808235471236
transition 526 4 426 -0.04126599124758834 0.019570330787292742
transition 526 4 134 0.5293500317226583 0.3276410118180823
transition 526 4 875 -0.08641666661258607 0.2578207730012969
transition 527 0 305 0.8327599038427707 0.260431400915861
transition 527 0 131 0.7992203171742123 0.1871500353911802
transition 527 0 871 -0.6040379390028101 0.09305075399182085
transition 527 0 479 -0.700822428329456 0.19274657107005994
transition 527 0 691 0.28047399983741306 0.266621238631078
transition 527 1 736 0.8450318885537575 0.19416343593414767
transition 527 1 366 0.42064738323768225 0.2962948900809089
transition 527 1 758 0.7319442302876602 0.0459127193447939
transition 527 1 169 -0.17240372848861574 0.00851337182684632
transition 527 1 221 -0.6515619175956151 0.4551155828133031
transition 527 2 544 0.6647182948893524 0.655225881477736
transition 527 2 383 0.5627186480836162 0.34477411852226403
transition 527 3 632 0.9342658303763245 0.012918361566091718
transition 527 3 222 0.5057843262529 0.447511808696125
transition 527 3 946 0.4348163506242777 0.5395698297377832
transition 527 4 209 -0.6894841373850498 0.40571761616838475
transition 527 4 735 0.8833879823914541 0.4195331825582345
transition 527 4 181 0.038722211031884335 0.17474920127338073
transition 528 0 224 0.34358614571662094 0.12558396183879014
transition 528 0 70 0.6898169200428625 0.27720986061192826
transition 528 0 384 -0.15719017761785659 0.15058456789651217
transition 528 0 535 0.10460425059959322 0.2105187553764743
transition 528 0 942 0.26671896433349596 0.23610285427629513
transition 528 1 829 -0.40741939327540044 0.14098226922175547
transition 528 1 912 0.2101042734348011 0.8590177307782445
transition 528 2 595 -0.9286683946657635 0.18481978838820248
transition 528 2 326 0.12252144699244072 0.4149668586810381
transition 528 2 404 -0.7051530909895993 0.12309533953006442
transition 528 2 912 0.8225184551998892 0.20984286545683364
transition 528 2 310 -0.26399228077029413 0.06727514794386136
transition 528 3 785 -0.36182798595765564 1.0
transition 528 4 605 -0.5682912573069223 0.2201096366549415
transition 528 4 183 -0.26807409889167233 0.7798903633450585
transition 529 0 400 0.8644987633244552 0.022725346253940428
transition 529 0 777 0.1381355420400876 0.30189041027365054
transition 529 0 164 -0.03313623351016948 0.2357588220746632
transition 529 0 123 0.5108008715101318 0.13026807005776375
transition 529 0 149 0.8896573443628393 0.3093573513399821
transition 529 1 629 0.16919344103884537 0.8668771389061521
transition 529 1 469 -0.6857561210341563 0.045846532439756005
transition 529 1 690 0.6050318044055192 0.08727632865409182
transition 529 2 333 0.543883801035282 0.4460087482779739
transition 529 2 120 0.9588574971062149 0.553991251722026
transition 529 3 550 0.8478934610901383 1.0
transition 529 4 199 -0.7701233038670015 0.0425976766469992
transition 529 4 631 0.5181924550308561 0.5612861923917384
transition 529 4 467 0.5558679066997083 0.3961161309612624
transition 530 0 701 0.15808960249858028 1.0
transition 530 1 650 -0.5651946909546761 0.5229789866054275
transition 530 1 740 0.5819070996878224 0.47702101339457254
transition 530 2 295 0.741821885403269 0.39800797430921375
transition 530 2 543 -0.24256354909995337 0.2723608438930189
transition 530 2 290 0.6767928264333933 0.32963118179776735
transition 530 3 941 -0.3606176942120871 1.0
transition 530 4 819 -0.6329336095447133 0.18493787704844655
transition 530 4 249 -0.7146499226366805 0.2515399060870814
transition 530 4 165 0.7719232296505301 0.11867859400629005
transition 530 4 617 0.8910041275079712 0.31445514073432546
transition 530 4 394 0.9885009263039823 0.1303884821238566
transition 531 0 348 0.5285055046401275 0.3199784258316025
transition 531 0 320 0.7247809911643623 0.4088121156217837
transition 531 0 789 -0.6469601900091799 0.26614523641188226
transition 531 0 928 0.24702560401292106 0.0050642221347315134
transition 531 1 768 -0.7593246971204068 0.358858631870546
transition 531 1 29 0.25841221904063594 0.641141368129454
transition 531 2 507 -0.8295377292805752 0.36189382725348007
transition 531 2 129 -0.6024451663679478 0.63810617274652
transition 531 3 669 0.5248921582507649 0.006050870788303867
transition 531 3 191 -0.5282749494054844 0.3563178583803573
transition 531 3 202 0.3481374456166664 0.2159119771769351
transition 531 3 164 -0.2608018878536218 0.4217192936544037
transition 531 4 123 0.20962684614734894 0.33638472867796254
transition 531 4 687 -0.3404872097332665 0.30506842107637133
transition 531 4 419 -0.8173431312116972 0.3585468502456661
transition 532 0 698 -0.853073999337818 0.2608260026104708
transition 532 0 2 0.5581083809600751 0.48828844558187295
transition 532 0 108 0.6182909477123917 0.25088555180765626
transition 532 1 367 -0.16919445524121857 0.1280438229213819
transition 532 1 704 0.7634616594835406 0.3566437379215846
transition 532 1 202 0.8332869237319305 0.3230152880787955
transition 532 1 700 0.24776698193607238 0.08151293475747637
transition 532 1 229 0.2200154438521491 0.11078421632076164
transition 532 2 784 0.3955528202786043 0.3632322668751195
transition 532 2 831 -0.822340112812515 0.6367677331248803
transition 532 3 949 -0.4092523403483417 0.05013917355949115
transition 532 3 290 0.3154414783007897 0.10125775518140862
transition 532 3 902 0.4492133504838458 0.5379419213982446
transition 532 3 648 0.17943902628724984 0.3106611498608557
transition 532 4 181 -0.2901411680387773 0.6957812292592946
transition 532 4 358 0.04332951867288615 0.3042187707407053
transition 533 0 556 -0.736966980772344 0.025278297926767078
transition 533 0 66 0.3931765638848612 0.4249675800498604
transition 533 0 780 0.07916432246733685 0.5497541220233725
transition 533 1 721 0.10742328924056599 0.12076353210248762
transition 533 1 835 0.4739447201536866 0.21640817356637493
transition 533 1 41 0.7393886604034461 0.6628282943311375
transition 533 2 485 0.2121180975853647 0.20601782621762207
transition 533 2 835 -0.9498457821440067 0.3767237864049332
transition 533 2 523 -0.5515293146948181 0.0013545624128074652
transition 533 2 392 -0.10853226458128784 0.4159038249646372
transition 533 3 350 0.338334085965764 0.8195229411314652
transition 533 3 681 0.5763947988050047 0.18047705886853496
transition 533 4 131 -0.545154363482202 0.17438293319078543
transition 533 4 323 -0.6503504725323943 0.6917864437421042
transition 533 4 18 0.04656800392180882 0.13383062306711024
transition 534 0 34 0.8171443115544246 0.20098643890702347
transition 534 0 397 -0.04599777030494345 0.11693978184777096
transition 534 0 364 -0.9633312763351058 0.2849201529975575
transition 534 0 978 0.3674410224772491 0.15666919421608727
transition 534 0 567 0.434803103158496 0.24048443203156078
transition 534 1 785 0.9777422278304695 0.5289160813568258
transition 534 1 455 -0.39594895319784107 0.34716119685472524
transition 534 1 271 -0.7563379983652849 0.12392272178844906
transition 534 2 489 0.29832007951021633 0.09487398968165105
transition 534 2 76 0.02208943882795511 0.9051260103183489
transition 534 3 559 0.5996883704262892 0.08560132894331199
transition 534 3 281 0.9721826901803046 0.5173578863689761
transition 534 3 7 0.13077587041642902 0.14550780822681825
transition 534 3 908 0.16714643322696232 0.25153297646089373
transition 534 4 263 -0.5105497889079582 0.9949259588055479
transition 534 4 808 -0.1408795479757854 0.005074041194452075
transition 535 0 637 0.2529618003651979 1.0
transition 535 1 995 -0.5512254442843547 0.01103270855424927
transition 535 1 961 -0.7140003165855224 0.259851230704198
transition 535 1 229 0.004666381945434228 0.3095064831643109
transition 535 1 888 -0.8709795932629558 0.09846963085483602
transition 535 1 684 -0.0716847606767188 0.32113994672240587
transition 535 2 197 0.2018231642089543 1.0
transition 535 3 955 0.23516589731555326 0.32651672320511793
transition 535 3 953 -0.9705486637082703 0.03335372693040613
transition 535 3 381 0.41954787745918876 0.2265653965123422
transition 535 3 358 0.34890810735168 0.32421111012533127
transition 535 3 190 0.9216554340933785 0.08935304322680239
transition 535 4 307 -0.9277534752816745 0.4530013923371932
transition 535 4 348 0.5966576722028252 0.04300322954008173
transition 535 4 315 -0.7840537465684487 0.18236007811098268
transition 535 4 657 -0.43370316911161466 0.32163530001174245
transition 536 0 519 0.3001424581076608 0.6895667421974447
transition 536 0 411 -0.4631595484517175 0.07734939594691002
transition 536 0 771 -0.7039096625610393 0.17466197070702258
transition 536 0 332 0.189618896047264 0.05842189114862265
transition 536 1 734 -0.43007499601247634 0.5140891972700209
transition 536 1 522 -0.7454354759145667 0.3254441128133456
transition 536 1 32 -0.5781594556613139 0.11127505267839555
transition 536 1 700 -0.44685422572875666 0.04919163723823796
transition 536 2 97 -0.18023652502964627 0.014190086640340724
transition 536 2 597 -0.6382038281075151 0.010321927933347606
transition 536 2 983 -0.8539394799678797 0.11273541037767931
transition 536 2 569 0.7509087527432623 0.8627525750486322
transition 536 3 270 0.4503154901046107 0.2830566270761814
transition 536 3 505 0.0006963914738598032 0.4438005248976882
transition 536 3 477 0.9896363187036061 0.27314284802613037
transition 536 4 970 0.07237303804305006 0.44975069810013224
transition 536 4 238 0.9450911312800694 0.5502493018998678
transition 537 0 199 -0.30919235236351805 0.033795133267295954
transition 537 0 818 0.9802723010092749 0.966204866732704
transition 537 1 945 -0.32332111824586107 0.3988985717610548
transition 537 1 119 0.034766886101076366 0.40114914600682794
transition 537 1 856 0.9001503175523335 0.19995228223211725
transition 537 2 614 -0.30552375873455007 0.26941629567003716
transition 537 2 682 0.573265271391521 0.35611489394113777
transition 537 2 562 -0.8634917110461118 0.13601351007884058
transition 537 2 349 0.8965174470625752 0.1527998775033714
transition 537 2 271 0.4887219945565564 0.08565542280661316
transition 537 3 511 -0.7766411786367367 0.0808750293727408
transition 537 3 414 0.6173747144580262 0.44606287190341987
transition 537 3 455 -0.9040811514925953 0.4730620987238394
transition 537 4 83 -0.42302144941728637 0.2648928118323253
transition 537 4 555 0.997444872308936 0.03261669314851887
transition 537 4 80 -0.42218468477970306 0.3655246903149981
transition 537 4 299 0.8189849998627214 0.3369658047041576
transition 538 0 689 -0.7308531162631495 0.7589777808343372
transition 538 0 377 -0.6450022471733532 0.08596015466854001
transition 538 0 616 0.7573877937726856 0.15506206449712281
transition 538 1 698 0.5567063902974043 0.2373339994796227
transition 538 1 981 -0.1845100925346832 0.02515279883330479
transition 538 1 92 -0.11946663839465921 0.4635262094557941
transition 538 1 151 -0.1736673503500228 0.2739869922312784
transition 538 2 536 0.5414234085705616 0.5379736596481693
transition 538 2 215 -0.8266173331135696 0.10331197768480915
transition 538 2 146 -0.868244464341738 0.35871436266702156
transition 538 3 349 0.7956955013589164 0.5567433828982332
transition 538 3 208 -0.8392451329216462 0.4432566171017667
transition 538 4 5 0.05082281471005312 0.14992835343262503
transition 538 4 343 -0.7517554440240664 1.913032518384557e-05
transition 538 4 751 0.7539544909924203 0.36215713982873776
transition 538 4 616 -0.4939393227891511 0.2382268981511297
transition 538 4 666 0.2401448793043639 0.24966847826232366
transition 539 0 526 0.014309405925133634 1.0
transition 539 1 622 0.1918229121836479 0.2535325162607667
transition 539 1 360 0.1226448410603087 0.23106006454308828
transition 539 1 141 0.6909973688539008 0.5154074191961451
transition 539 2 487 -0.8435632366530095 0.2745405296410303
transition 539 2 119 -0.3787628430674139 0.2730832744494174
transition 539 2 180 0.17374326708198096 0.2825511021180338
transition 539 2 597 -0.5360356470791796 0.16982509379151853
transition 539 3 791 0.288167545450156 1.0
transition 539 4 487 -0.244958894294401 0.6519554958201775
transition 539 4 80 0.21266967685680127 0.18785872192975864
transition 539 4 303 -0.7682024058534123 0.1601857822500638
transition 540 0 424 -0.20283120851449277 1.0
transition 540 1 391 -0.3834369360653116 0.6779929842634387
transition 540 1 282 0.009419532581389722 0.3220070157365614
transition 540 2 818 0.8024832947532385 0.26241577843087943
transition 540 2 778 0.9415649389832372 0.2764611180434735
transition 540 2 849 0.5440076980631048 0.2089569769985812
transition 540 2 206 0.3205824311100782 0.2521661265270658
transition 540 3 922 -0.791674204579651 0.1483742267864934
transition 540 3 55 0.7157813773966044 0.18318816770109403
transition 540 3 585 0.33073729443922106 0.6171352041916681
transition 540 3 246 0.11008850457081953 0.05130240132074432
transition 540 4 597 0.7630211267049503 0.33323559013853604
transition 540 4 911 0.30517460476877045 0.266111801780214
transition 540 4 140 -0.3268412402904868 0.40065260808125003
transition 541 0 341 -0.5909067653292024 0.07335333921239201
transition 541 0 724 0.3863620771433498 0.926646660787608
transition 541 1 384 0.43725838420178564 1.0
transition 541 2 180 -0.6493112385966804 0.08399625603301226
transition 541 2 119 -0.614912823097211 0.24750788228597062
transition 541 2 450 0.5069952071663824 0.6684958616810172
transition 541 3 916 -0.6068744402966 0.20803866811309119
transition 541 3 504 0.44938617314630536 0.08111041097983189
transition 541 3 771 0.8706466383166926 0.24106520064212286
transition 541 3 4 0.6804896463947219 0.05845517761814076
transition 541 3 420 -0.38186803228192634 0.41133054264681324
transition 541 4 685 -0.2599873860313586 0.27433535098642003
transition 541 4 925 -0.8002864988845679 0.22953424523222005
transition 541 4 647 0.012219139949928737 0.2130189918654733
transition 541 4 582 0.8226437840680898 0.21568533364659032
transition 541 4 667 0.6504373861205119 0.06742607826929631
transition 542 0 990 0.833612025033017 1.0
transition 542 1 272 0.30413310638423297 0.5880408138600006
transition 542 1 529 -0.1500364828216516 0.4119591861399995
transition 542 2 453 0.8911296668265973 1.0
transition 542 3 94 0.10179482204561752 0.23874644030425066
transition 542 3 242 0.3230395233919454 0.15118574074249513
transition 542 3 668 -0.6664607680325247 0.32397619468921257
transition 542 3 875 -0.42557190263011235 0.12057329681169196
transition 542 3 323 -0.33899883502745154 0.16551832745234968
transition 542 4 324 -0.15638255926681333 0.32988943213060234
transition 542 4 961 -0.4653134958981675 0.6701105678693977
transition 543 0 685 -0.92706521409445 0.4693896653643138
transition 543 0 139 -0.9798426684229622 0.5306103346356863
transition 543 1 486 -0.2226554279706081 1.0
transition 543 2 915 -0.4759779190325222 0.5385661445524352
transition 543 2 766 0.32330868891301545 0.4236990827614227
transition 543 2 535 0.07532141071326648 0.03773477268614213
transition 543 3 436 0.489880671126653 0.2805655347298372
transition 543 3 741 -0.9986359919518335 0.377862040718712
transition 543 3 467 -0.7872797789851036 0.05059815533590155
transition 543 3 171 -0.2779096640946386 0.10925172577883421
transition 543 3 619 0.4185991653254302 0.18172254343671498
transition 543 4 730 0.42635190738428386 0.40421633633537213
transition 543 4 380 -0.26273254975518867 0.5957836636646279
transition 544 0 172 -0.05222826691177085 0.10434140128225992
transition 544 0 168 -0.32759924480972447 0.27115427088977573
transition 544 0 805 -0.8246670031795884 0.24026814065491328
transition 544 0 93 -0.9425405631479766 0.38423618717305114
transition 544 1 677 0.44445581223352826 1.0
transition 544 2 759 0.8923086794698387 1.0
transition 544 3 28 0.6549259983301812 1.0
transition 544 4 45 0.3077793479253328 0.15396947292217184
transition 544 4 417 0.8216282102771151 0.3004130781821264
transition 544 4 243 0.14147138177466423 0.17651352999884193
transition 544 4 504 0.8320034381167856 0.3441516915755374
transition 544 4 487 0.8353745449812258 0.024952227321322306
transition 545 0 730 0.38517264648933613 0.26497046214488934
transition 545 0 823 0.1842365838890192 0.12537885962947012
transition 545 0 184 -0.18399914442221266 0.35624649405392206
transition 545 0 323 -0.3462134033027662 0.2534041841717185
transition 545 1 49 0.15918339095416734 0.5716061924708997
transition 545 1 119 0.806104362306215 0.42839380752910033
transition 545 2 971 0.2663939598540024 0.28342585973393597
transition 545 2 630 0.3064403786811063 0.716574140266064
transition 545 3 199 -0.3710026994637303 1.0
transition 545 4 859 -0.14387962372733676 0.2907652849141762
transition 545 4 317 -0.19130823868681812 0.11300538786084074
transition 545 4 414 -0.008448486236465103 0.17941034678554457
transition 545 4 361 -0.9902482449658387 0.4168189804394385
transition 546 0 796 0.08011320718543624 0.05122045140381267
transition 546 0 458 -0.3149176802113709 0.1766353910698261
transition 546 0 673 -0.32281859343947916 0.135583835291248
transition 546 0 916 0.47636548273625734 0.18592750459789903
transition 546 0 703 0.9834620235232139 0.4506328176372141
transition 546 1 585 -0.006038530489268279 0.3115642248937859
transition 546 1 53 0.4920987729393087 0.688435775106214
transition 546 2 966 0.7525810763985359 1.0
transition 546 3 259 -0.2993692089011015 0.6755536226828734
transition 546 3 11 -0.8114930773333426 0.32444637731712644
transition 546 4 493 0.47638618285131584 0.05023880403226167
transition 546 4 870 -0.7683960121533029 0.3638329338032946
transition 546 4 675 0.3452766362295461 0.29320038367501
transition 546 4 793 -0.9337159254363414 0.29272787848943366
transition 547 0 394 0.1523668581016051 1.0
transition 547 1 170 0.06506521809449883 0.35931745024223777
transition 547 1 800 0.174336479545941 0.42389859022854176
transition 547 1 724 0.667035987461692 0.21678395952922044
transition 547 2 981 0.05562570743169726 0.5362333381922604
transition 547 2 714 0.16090233568574042 0.4637666618077397
transition 547 3 991 0.5144853721308011 0.6254881430198195
transition 547 3 658 0.4920530779587884 0.37451185698018047
transition 547 4 651 -0.5563937993657331 0.26489885736843916
transition 547 4 493 -0.8689956504452012 0.17326733781299722
transition 547 4 48 0.8230415585295339 0.5618338048185636
transition 548 0 912 0.5161485506487686 1.0
transition 548 1 102 0.5575424051586064 1.0
transition 548 2 945 -0.3476504993350129 1.0
transition 548 3 51 -0.19413959792473845 0.10373128188379092
transition 548 3 906 -0.8079993692554088 0.29709802695188875
transition 548 3 672 0.8147788037040102 0.22923678496325345
transition 548 3 3 -0.1710678358660922 0.24576061821609116
transition 548 3 333 -0.9101805582988909 0.1241732879849757
transition 548 4 957 0.4232382203772027 1.0
transition 549 0 476 -0.71572414481001 1.0
transition 549 1 524 0.8489904900718221 0.20827427777126936
transition 549 1 680 -0.6848357392354842 0.7917257222287306
transition 549 2 315 0.6550788277917139 1.0
transition 549 3 964 0.28822937448403163 0.3924258542128883
transition 549 3 123 -0.6676196681212296 0.28114528877124856
transition 549 3 96 -0.8186410259807733 0.32642885701586316
transition 549 4 704 0.6612329872214606 0.6473430656497721
transition 549 4 293 0.037621632428485485 0.352656934350228
transition 550 0 325 0.3998997026740094 1.0
transition 550 1 801 -0.9010122167901058 0.09120990111356998
transition 550 1 738 -0.846425774967609 0.2940869598437239
transition 550 1 60 -0.7738367173590801 0.6147031390427061
transition 550 2 171 -0.34315399480248576 1.0
transition 550 3 865 0.37289065448352265 0.14039669526942272
transition 550 3 427 0.5359639444846704 0.35991564532993886
transition 550 3 1 0.5745738060080485 0.045120731953754975
transition 550 3 638 0.6621868980330436 0.36438541999762425
transition 550 3 127 0.6606568431680782 0.09018150744925912
transition 550 4 241 -0.9961789600895585 0.30568129094034474
transition 550 4 593 0.20560451425261816 0.6943187090596554
transition 551 0 156 -0.7881995159380055 0.3189892775469066
transition 551 0 302 -0.13003905076860423 0.4936327220477596
transition 551 0 101 -0.48786767545600274 0.18737800040533387
transition 551 1 104 -0.23421043033720768 0.3706335295491955
transition 551 1 344 0.6181593794953553 0.45291030528520293
transition 551 1 40 0.7734097170561753 0.11966369279675491
transition 551 1 405 0.014638450958134985 0.056792472368846686
transition 551 2 146 0.8621180626822706 0.263793534460168
transition 551 2 79 -0.6382448708709179 0.295912248649355
transition 551 2 985 -0.8536695144407984 0.26616879630798895
transition 551 2 198 -0.3413378689205133 0.16146421183483461
transition 551 2 276 -0.38030238021471297 0.012661208747653396
transition 551 3 88 0.8734318096061948 1.0
transition 551 4 736 0.17222292465527644 1.0
transition 552 0 551 -0.5629325319440521 0.4394833467200217
transition 552 0 747 0.6457654058609603 0.3488316314170894
transition 552 0 27 -0.1255739256627082 0.17338816265807178
transition 552 0 723 -0.3986078220078475 0.038296859204817034
transition 552 1 242 -0.7337383361093788 0.31064790648477336
transition 552 1 338 -0.01641212522188895 0.6893520935152266
transition 552 2 897 -0.6455638514414279 0.4515123456303211
transition 552 2 91 0.21508813781681657 0.5484876543696788
transition 552 3 40 -0.3112976083388539 0.8799911696850335
transition 552 3 417 0.9803814188810169 0.04564299722499655
transition 552 3 214 -0.5036106532354934 0.07436583308996995
transition 552 4 825 0.580618047814077 0.26727929510257786
transition 552 4 805 0.6312233300745742 0.5166993820216083
transition 552 4 474 -0.1473594782936738 0.06381517024412962
transition 552 4 978 0.008989812637643979 0.15220615263168422
transition 553 0 673 -0.06652400065706154 0.273219018589945
transition 553 0 513 0.22598417180168684 0.5185089846952701
transition 553 0 381 -0.6616752627802223 0.20827199671478488
transition 553 1 880 0.18642260268152278 0.1554791929357254
transition 553 1 702 0.36766758314003933 0.5345929927340807
transition 553 1 93 -0.8984499412662286 0.29696090313703954
transition 553 1 406 0.5997760283818963 0.012966911193154391
transition 553 2 82 0.7716724014519025 0.44129997917233366
transition 553 2 700 -0.528872393348232 0.5587000208276662
transition 553 3 987 0.3337515638610169 0.2280466029913879
transition 553 3 638 0.8249318697891033 0.035951106183768386
transition 553 3 727 -0.49371320758331283 0.23217042436610155
transition 553 3 379 0.9528751247429461 0.5038318664587421
transition 553 4 169 -0.685714773473733 0.24041495570518973
transition 553 4 940 -0.08478971492037601 0.22146303091956268
transition 553 4 958 0.7345096899166079 0.2707106980992596
transition 553 4 424 0.8040847970117542 0.11819411453215403
transition 553 4 634 0.6791094037137098 0.14921720074383404
transition 554 0 376 -0.8473050491328431 0.12573748401610782
transition 554 0 469 -0.7833257823738846 0.17330423309990484
transition 554 0 573 0.06154673046002479 0.34822774981781424
transition 554 0 365 0.2625211419651454 0.19049360635844284
transition 554 0 440 -0.5547517458548006 0.16223692670773038
transition 554 1 82 0.8268392026581517 1.0
transition 554 2 354 0.10801064892989132 0.2623524465091552
transition 554 2 872 -0.46390861792471894 0.29740235604410853
transition 554 2 306 -0.4342839989363996 0.17591467090435883
transition 554 2 714 -0.5919966648919894 0.2643305265423775
transition 554 3 567 -0.22203332052213187 1.0
transition 554 4 353 0.5111202652614559 0.2629756472515409
transition 554 4 977 -0.9082480844144376 0.32451500903766467
transition 554 4 373 0.5878094911645957 0.16350950172203613
transition 554 4 549 -0.4211669453321987 0.24899984198875835
transition 555 0 371 -0.6331572434636072 0.8196981826045923
transition 555 0 394 -0.4201839238896692 0.04418876738572657
transition 555 0 904 -0.7469459155694913 0.13611305000968116
transition 555 1 832 -0.2575122994433161 1.0
transition 555 2 423 -0.08358821030434371 0.37249585840908117
transition 555 2 520 0.3165703853461672 0.6275041415909188
transition 555 3 128 -0.9850513463523707 0.08583860531014073
transition 555 3 698 0.8812619087373745 0.3135018591348962
transition 555 3 167 -0.783267246842666 0.3974844804960909
transition 555 3 143 0.95814420006112 0.20317505505887215
transition 555 4 260 0.9237330759427818 0.529715321412238
transition 555 4 182 -0.5235791763208526 0.4702846785877621
transition 556 0 747 0.8008738523671137 0.19300542232542292
transition 556 0 910 0.7931331837937439 0.5288853321679824
transition 556 0 484 0.0988069768477371 0.09191936434682808
transition 556 0 824 0.9827993312767718 0.0019109898482469634
transition 556 0 286 0.5223974088435712 0.18427889131151967
transition 556 1 998 0.24596118060593275 0.5566397640772746
transition 556 1 622 -0.9398188948762254 0.25581260968179936
transition 556 1 540 0.20674041786297748 0.09633613203863073
transition 556 1 183 0.3284138364426128 0.0912114942022953
transition 556 2 17 -0.3770882184436637 0.277186242066812
transition 556 2 822 0.7048797186170443 0.06698682861768433
transition 556 2 437 -0.03867883718438714 0.10605875586258598
transition 556 2 15 -0.7776815162047852 0.4293410138131113
transition 556 2 706 -0.2638579502689804 0.12042715963980637
transition 556 3 606 0.3135614365773032 0.4224823428694015
transition 556 3 271 0.33236748024565577 0.5775176571305985
transition 556 4 745 0.3006097434410564 0.1855292068518908
transition 556 4 599 0.988090227821889 0.3055007857264146
transition 556 4 572 -0.5482255236211815 0.19697498149247
transition 556 4 690 0.8638186882046028 0.30259949120684987
transition 556 4 417 0.6373361250553202 0.009395534722374733
transition 557 0 251 0.3524372522792294 1.0
transition 557 1 320 0.4006027566698105 1.0
transition 557 2 464 -0.14665834545331968 0.06709942877073603
transition 557 2 133 0.9094333630953675 0.25187025814585984
transition 557 2 590 -0.7895635205599962 0.1971780223801803
transition 557 2 921 0.5477206660974592 0.2674187369921396
transition 557 2 28 0.5010589038756745 0.21643355371108422
transition 557 3 687 -0.5046927189115911 1.0
transition 557 4 922 -0.6838273145750962 0.33971862019242277
transition 557 4 173 0.8773370808165297 0.5221223656805096
transition 557 4 204 -0.304969465074479 0.13815901412706755
transition 558 0 275 0.2920146483874446 0.14096337943696471
transition 558 0 851 -0.4047000147316162 0.027103382450195935
transition 558 0 745 -0.13652670137857958 0.8319332381128394
transition 558 1 797 0.7716546344343824 0.3286813376813495
transition 558 1 19 0.6996161569523567 0.09385616664176859
transition 558 1 918 -0.29323152712133593 0.14107837157111208
transition 558 1 843 -0.6687486120595107 0.2846947349489739
transition 558 1 775 0.5591918725878333 0.151689389156796
transition 558 2 140 0.2219187663347324 1.0
transition 558 3 789 -0.6277805407595496 0.414548131993312
transition 558 3 433 -0.3181285811930994 0.4003008406589705
transition 558 3 139 0.43425874488895544 0.18030548451978332
transition 558 3 866 0.5602920733785874 0.004845542827934261
transition 558 4 94 -0.0692584429100429 1.0
transition 559 0 829 -0.3958321717243536 0.3545504009085809
transition 559 0 294 0.4019608989818044 0.27391011312668007
transition 559 0 199 0.7851604832591454 0.37153948596473907
transition 559 1 331 -0.5116311501380242 0.24733409846740598
transition 559 1 439 0.5006053917603659 0.42774355931081376
transition 559 1 343 0.6428325784566609 0.32492234222178035
transition 559 2 961 0.48358778252475254 0.5051360492603046
transition 559 2 251 -0.9715315211875895 0.296789783205028
transition 559 2 76 0.661851761767533 0.07822202484136137
transition 559 2 624 0.184371704750395 0.1198521426933059
transition 559 3 808 -0.6617579710878192 0.2572897932430288
transition 559 3 575 0.9956343186129049 0.7427102067569711
transition 559 4 840 0.28359528730441563 0.3849434339185305
transition 559 4 125 -0.6934783550799961 0.2203541379677295
transition 559 4 911 0.8279766146757366 0.012068373768958193
transition 559 4 804 0.8632405467605675 0.1649689122476155
transition 559 4 731 -0.716919069955374 0.2176651420971663
transition 560 0 286 -0.7868213302546405 0.8260029990298465
transition 560 0 239 -0.03775654433112652 0.1739970009701535
transition 560 1 212 0.7283678974372609 0.0724930390813926
transition 560 1 851 0.8417522765278791 0.28587562099737013
transition 560 1 32 -0.32699492189110124 0.21098361041195451
transition 560 1 881 -0.26651342294580926 0.12835547062765898
transition 560 1 792 0.37423309369001423 0.30229225888162387
transition 560 2 403 -0.2620403307921002 1.0
transition 560 3 445 -0.9887173541899856 1.0
transition 560 4 697 -0.17224903720774076 0.3798379543382514
transition 560 4 917 0.5481159069977799 0.3245527021126933
transition 560 4 75 -0.8804713795346442 0.2956093435490552
transition 561 0 926 0.03591073448477333 1.0
transition 561 1 273 0.256794824364053 0.31628546853181844
transition 561 1 488 0.36775472479876337 0.2193164851142512
transition 561 1 389 -0.6830639017005604 0.2371925933305353
transition 561 1 57 0.25993015140277254 0.22720545302339507
transition 561 2 132 -0.4061097069956425 0.6396302920642699
transition 561 2 780 0.025561157172662607 0.3603697079357301
transition 561 3 948 -0.22437038303308654 0.16037616114398667
transition 561 3 899 0.2624094681979745 0.2130595404242703
transition 561 3 822 0.9200217265728539 0.29896919861389676
transition 561 3 543 0.9156970580059707 0.03888963331027116
transition 561 3 514 -0.5161251875025741 0.2887054665075751
transition 561 4 89 -0.12035818850872815 0.2227186358831412
transition 561 4 126 0.19946965458661148 0.5307338563720387
transition 561 4 629 -0.6031239261177643 0.03949685271425483
transition 561 4 561 0.8252067475306095 0.20705065503056527
transition 562 0 843 0.3724580647967972 1.0
transition 562 1 13 0.6952647276583614 1.0
transition 562 2 330 0.3973890844926462 0.49381105015910437
transition 562 2 911 -0.37076818413882884 0.5061889498408957
transition 562 3 741 -0.6938780588286355 0.3047993464899224
transition 562 3 592 0.16948077399588968 0.07826321484632665
transition 562 3 793 0.2800981646224072 0.18187757669757315
transition 562 3 471 -0.1201120689970534 0.4350598619661779
transition 562 4 820 -0.5958130652790155 0.4542012631144947
transition 562 4 761 0.13438296351363 0.21967723403577719
transition 562 4 697 0.31635010787400675 0.0035129346144904127
transition 562 4 504 0.28177079242104863 0.3226085682352377
transition 563 0 361 -0.9313052649073561 0.07060991116451287
transition 563 0 103 0.4020102824860845 0.9293900888354871
transition 563 1 209 -0.3495581371521854 0.8278223576493036
transition 563 1 870 0.8453093256546731 0.17217764235069638
transition 563 2 412 -0.15810241358167687 0.4202447136932078
transition 563 2 416 -0.7954735713350536 0.5797552863067921
transition 563 3 687 -0.4602251106264219 0.054366251956840674
transition 563 3 96 0.06620180916542684 0.15561874378154655
transition 563 3 786 -0.3366182273452545 0.38167083835897053
transition 563 3 567 0.8378540868942361 0.29133998856532545
transition 563 3 78 0.8816163569591018 0.11700417733731683
transition 563 4 342 0.8456564716028527 0.49299837794615914
transition 563 4 821 -0.310708583602642 0.19258105867827674
transition 563 4 203 0.34249318565546627 0.31442056337556407
transition 564 0 550 -0.013203069060097716 0.7988562221553097
transition 564 0 438 0.9138118930223307 0.2011437778446902
transition 564 1 408 0.7047312899535993 0.272927718980918
transition 564 1 745 -0.7888048908876326 0.30124438524283925
transition 564 1 397 -0.4885181739994213 0.42582789577624286
transition 564 2 583 0.37637082950686707 0.3219554139233641
transition 564 2 839 0.5625187627737129 0.22835332647354714
transition 564 2 876 0.1540538207462292 0.06572445730384889
transition 564 2 788 0.31633418495230003 0.38396680229923985
transition 564 3 849 0.3238389589092239 1.0
transition 564 4 860 0.5011436701661105 0.32218621712816264
transition 564 4 89 0.4100674653626313 0.2522768308383653
transition 564 4 539 0.6873146338550544 0.31457097713585547
transition 564 4 342 0.18699098375245793 0.11096597489761666
transition 565 0 430 -0.6858334730174287 0.6720192256367812
transition 565 0 823 -0.24583726705755393 0.1707024477058552
transition 565 0 676 -0.28679242713720066 0.15727832665736366
transition 565 1 143 -0.4471924323228944 0.32506310580221476
transition 565 1 484 -0.7619694238699115 0.22344815130180418
transition 565 1 117 0.9461797934061833 0.13374099448854013
transition 565 1 384 0.6850461364424145 0.31774774840744097
transition 565 2 108 -0.4354781048602121 1.0
transition 565 3 609 -0.06056404547275718 1.0
transition 565 4 883 0.9586783891019701 0.3213984101400223
transition 565 4 893 -0.7173158073998844 0.41162386793589867
transition 565 4 950 0.5249667050417142 0.26697772192407904
transition 566 0 675 0.08855067760406743 0.03035769903640661
transition 566 0 294 -0.19578784649017078 0.19252976680533407
transition 566 0 515 0.18424552200590294 0.18513148319949432
transition 566 0 146 0.2164057986684489 0.37452984464985556
transition 566 0 387 0.6880548617870832 0.2174512063089094
transition 566 1 116 -0.3053114759970883 0.5948347175113958
transition 566 1 397 0.49209277410727004 0.38281674359619033
transition 566 1 524 -0.5401796641053997 0.022348538892413762
transition 566 2 197 -0.6437705531203999 0.29642382519007937
transition 566 2 345 -0.14342352825169336 0.04396838454687201
transition 566 2 375 0.8951229201630633 0.4040920360747464
transition 566 2 94 0.5819678914862279 0.2555157541883023
transition 566 3 437 0.5030296733101469 0.10244996692494111
transition 566 3 810 -0.35790294254292343 0.4513391822463469
transition 566 3 733 -0.0056054525127782195 0.30582327649437746
transition 566 3 831 -0.33131914270456253 0.14038757433433463
transition 566 4 939 -0.7554623495136463 0.47614644153425517
transition 566 4 323 -0.5523850227729523 0.3945019650747539
transition 566 4 417 0.8978796605619541 0.129351593390991
transition 567 0 700 -0.6030033840189752 0.07592336587058128
transition 567 0 332 -0.09853311286817945 0.7631379230032836
transition 567 0 440 0.14509385832462507 0.1609387111261351
transition 567 1 41 -0.511563575087125 0.4284253570976223
transition 567 1 417 -0.28018182985646467 0.025094729544917926
transition 567 1 745 -0.5751403866691249 0.39466790831722515
transition 567 1 732 0.4661960215239003 0.1518120050402346
transition 567 2 29 0.2853902455377446 0.4985050656323132
transition 567 2 355 0.5909442972866996 0.5014949343676868
transition 567 3 709 -0.40777907242784406 0.8285284652315646
transition 567 3 110 0.4457765117907433 0.1714715347684354
transition 567 4 573 -0.8221206993327494 0.22865612344336575
transition 567 4 205 -0.9150475797880129 0.7713438765566343
transition 568 0 593 0.3646655109317285 0.10987446136006053
transition 568 0 346 -0.7749936673140625 0.28197189406382805
transition 568 0 164 -0.6910888862154445 0.2971740198301473
transition 568 0 480 -0.14867692715805192 0.20654709409615088
transition 568 0 882 0.06686803566010036 0.10443253064981325
transition 568 1 578 0.6247130138483292 1.0
transition 568 2 828 0.6573388069896866 0.19920053551789646
transition 568 2 386 0.5620111302179891 0.2688316936254252
transition 568 2 689 0.14930215655801504 0.26091501206841605
transition 568 2 874 0.34755545296413737 0.27105275878826224
transition 568 3 766 0.656105852100771 1.0
transition 568 4 731 0.6480779001681081 0.26992390634560776
transition 568 4 64 0.6356550744986729 0.018704297390587567
transition 568 4 134 -0.7346720656009813 0.2748582405344996
transition 568 4 779 -0.2799912859734399 0.15672182718195046
transition 568 4 238 -0.5289744973875143 0.27979172854735457
transition 569 0 721 0.10894065103683936 0.40253874373295856
transition 569 0 95 0.07020038712719145 0.26105445773778724
transition 569 0 735 0.5965847024976116 0.10233903700254973
transition 569 0 170 -0.5316966133043923 0.2340677615267044
transition 569 1 384 0.20987167244931992 0.025785927209146835
transition 569 1 451 -0.3589441014986925 0.3141815527301547
transition 569 1 528 0.2771209752459096 0.36759573467683654
transition 569 1 13 -0.6175044192010908 0.2924367853838619
transition 569 2 296 0.3587030427642366 0.5222312602019228
transition 569 2 380 0.012499129981148549 0.24120683069232704
transition 569 2 935 -0.08550184568063424 0.2365619091057502
transition 569 3 666 0.5688763411784801 0.09970261860992957
transition 569 3 736 0.7734127477380717 0.3042164987251145
transition 569 3 855 -0.08813859327773255 0.2530533347398323
transition 569 3 33 -0.7994711529839738 0.13719134336166375
transition 569 3 130 0.23330379076945773 0.20583620456345983
transition 569 4 471 -0.31243061016490614 0.37340715573885974
transition 569 4 482 -0.8138993030799129 0.3307883729223574
transition 569 4 543 0.26024852132129217 0.29580447133878285
transition 570 0 26 0.6641032849088644 1.0
transition 570 1 814 0.154900004508971 0.40219165403615853
transition 570 1 596 -0.9367764305712509 0.10778807780498335
transition 570 1 805 -0.7282945205984621 0.4900202681588581
transition 570 2 188 0.6261920250367992 0.36046003826338946
transition 570 2 998 0.5518614574990661 0.6333280177381493
transition 570 2 156 -0.6852494321855445 0.006211943998461218
transition 570 3 877 0.01563140547805797 0.5387575536026231
transition 570 3 5 -0.5497381117495319 0.461242446397377
transition 570 4 956 -0.5335835149573513 0.070004966315096
transition 570 4 475 0.3652892616234096 0.08324553771910857
transition 570 4 601 -0.13047975804710532 0.8467494959657954
transition 571 0 222 0.9099733542536368 0.2265373562044171
transition 571 0 998 -0.8951393609558937 0.3384681400963266
transition 571 0 241 0.45490366833409634 0.2845451860951205
transition 571 0 746 -0.24217963751673777 0.02578734727716748
transition 571 0 870 -0.8171567149129892 0.12466197032696837
transition 571 1 439 0.8743337179523087 0.8083236591681646
transition 571 1 246 0.4937344879499721 0.1916763408318354
transition 571 2 96 -0.9798540522731705 1.0
transition 571 3 266 0.08597778337879913 0.16581574587753656
transition 571 3 222 -0.40238276292324193 0.35767370255201125
transition 571 3 2 0.47651874990260357 0.4765105515704522
transition 571 4 351 -0.837383091780008 0.6254898745202166
transition 571 4 893 0.14012049190596754 0.3745101254797833
transition 572 0 833 0.5698849263561152 0.21946941008123724
transition 572 0 201 -0.30156873870270084 0.008045933191719933
transition 572 0 154 0.36946391349935204 0.29858859105950525
transition 572 0 297 0.8293077156128661 0.2858045793643019
transition 572 0 862 -0.5784961480899995 0.1880914863032357
transition 572 1 770 -0.19386452570933543 0.20871946956275683
transition 572 1 161 -0.06917470857319574 0.1434586349640661
transition 572 1 826 -0.06828807184076813 0.13087833134587662
transition 572 1 891 0.25467915757249604 0.18721887868826165
transition 572 1 871 0.4051592551678669 0.3297246854390388
transition 572 2 211 0.5642728787822959 0.021500957033983182
transition 572 2 814 0.2613257785085028 0.5175444402035309
transition 572 2 171 0.35465342195808036 0.24055226579179548
transition 572 2 565 -0.6192858280023648 0.22040233697069042
transition 572 3 296 -0.7479290570547634 0.6499107012670048
transition 572 3 900 0.09320843684558655 0.35008929873299527
transition 572 4 131 0.7999332492367575 0.029771516459903162
transition 572 4 195 0.2596442280218354 0.019000706946215747
transition 572 4 983 -0.23540080875580038 0.45957542838107157
transition 572 4 466 -0.812471146010995 0.4916523482128095
transition 573 0 393 0.6319015983005545 0.5270093905001973
transition 573 0 295 0.7601716613338625 0.47299060949980265
transition 573 1 386 0.6762334049239924 0.4032266492711344
transition 573 1 800 -0.4766355102614641 0.31484782822097834
transition 573 1 738 -0.11900181624007722 0.2819255225078872
transition 573 2 537 0.16119101383888879 0.06045205389536329
transition 573 2 866 -0.33160039242520556 0.6900884652481456
transition 573 2 308 0.015686359496053903 0.2494594808564911
transition 573 3 24 0.07186458234175785 0.5767827897139503
transition 573 3 745 0.9166568471117174 0.17300039319826155
transition 573 3 502 -0.8748039846113103 0.2502168170877882
transition 573 4 586 0.8710803698645533 0.7006793061191007
transition 573 4 125 -0.013161433898302821 0.2993206938808994
transition 574 0 962 -0.043387438142466817 1.0
transition 574 1 188 -0.10580161999605076 0.36238776918028237
transition 574 1 626 -0.048360611565319456 0.017346804763796443
transition 574 1 931 0.5811048752062 0.620265426055921
transition 574 2 430 -0.06662042274225666 0.012764811431303119
transition 574 2 76 0.537940273327689 0.2207434779625733
transition 574 2 188 0.041188773595996375 0.20126375195089158
transition 574 2 62 0.5707858396837737 0.29689106974810797
transition 574 2 757 0.5141878136662676 0.268336888907124
transition 574 3 125 0.674814114785887 0.35241440843798244
transition 574 3 750 0.15303331659673747 0.6475855915620177
transition 574 4 273 0.3164995214415214 0.31952137366239886
transition 574 4 437 0.6878486025342034 0.29250832189690945
transition 574 4 924 -0.46442789284877306 0.15975905138377322
transition 574 4 692 0.32787748101197667 0.17297830838027056
transition 574 4 673 0.13457516152580018 0.05523294467664791
transition 575 0 908 -0.5052042099063843 0.3186302865390735
transition 575 0 435 0.9441402645299841 0.16342342864655354
transition 575 0 919 -0.013336712208767532 0.48663170188152666
transition 575 0 690 -0.8037595837671729 0.031314582932846294
transition 575 1 497 0.6634589608125288 0.18479746827027382
transition 575 1 928 -0.33902372608842435 0.2056895663128665
transition 575 1 392 0.7707716742014299 0.13724420093288034
transition 575 1 232 -0.3131134719959574 0.2526833807984084
transition 575 1 663 0.2189579848335148 0.2195853836855709
transition 575 2 726 -0.8280635447301485 0.5019735547170256
transition 575 2 483 -0.9411819378121846 0.04873309206146136
transition 575 2 751 0.8574414151288539 0.44929335322151304
transition 575 3 358 -0.23035220898242637 0.6074583836109939
transition 575 3 830 -0.7341945454274008 0.19829778144702492
transition 575 3 888 -0.9814125134112139 0.19424383494198116
transition 575 4 720 -0.014404927439107151 0.43882454261252346
transition 575 4 107 0.22745998143037172 0.03749124387731711
transition 575 4 913 -0.8689396840176982 0.190601516658518
transition 575 4 746 0.34612584165785365 0.01556902896806691
transition 575 4 102 -0.7081570429433517 0.31751366788357455
transition 576 0 846 0.8990906739901214 0.10738696058506549
transition 576 0 865 0.39375908904801404 0.1864662425104796
transition 576 0 39 -0.595199083452254 0.26963444850302715
transition 576 0 248 -0.4833410179248201 0.3085741953523458
transition 576 0 751 -0.5908705566755892 0.1279381530490819
transition 576 1 545 0.6701266074610452 0.30312507050998877
transition 576 1 213 0.5225552293145328 0.6968749294900113
transition 576 2 980 0.8186119466765096 0.4797272148790849
transition 576 2 947 0.9147772425908711 0.07041811267850102
transition 576 2 2 0.6315001482294462 0.4055775889850912
transition 576 2 87 0.4891718574393342 0.04427708345732278
transition 576 3 439 0.16314256215362777 0.2041224427134725
transition 576 3 335 0.11819583680331736 0.11360921035373568
transition 576 3 779 0.5519081447580765 0.17650456262632616
transition 576 3 318 0.3880499350422777 0.32403868184214113
transition 576 3 628 0.3283232764063506 0.1817251024643246
transition 576 4 85 0.2656632224700033 0.0707390008868563
transition 576 4 379 0.8608751752983015 0.2121862173319581
transition 576 4 150 -0.41370188752622283 0.2717642108414172
transition 576 4 957 -0.8072759709927453 0.2765580103484182
transition 576 4 752 0.7910968119595125 0.16875256059135016
transition 577 0 229 0.8074204035307251 0.1873460768321761
transition 577 0 55 0.2607424753743315 0.24070972689437758
transition 577 0 362 0.804457367602369 0.06606982489591798
transition 577 0 32 -0.11376179074628068 0.24210330743250622
transition 577 0 737 0.29524635069113003 0.2637710639450221
transition 577 1 51 0.9200015402653554 0.532504944014103
transition 577 1 538 -0.06936910667045848 0.467495055985897
transition 577 2 396 -0.08607136041406527 1.0
transition 577 3 85 -0.20447827752499403 0.5385505099381908
transition 577 3 600 0.9437673328866696 0.46144949006180924
transition 577 4 819 -0.6136979234842503 0.250366033087316
transition 577 4 600 -0.7030651048889942 0.5440773819243042
transition 577 4 137 0.12995217162890493 0.20555658498837973
transition 578 0 931 -0.562351886778713 0.3430120812187369
transition 578 0 894 -0.8617128552783415 0.26524852749526084
transition 578 0 276 -0.47139438754237184 0.22585305379402817
transition 578 0 393 0.15945130038282151 0.07323481496829982
transition 578 0 343 -0.46166373714883147 0.09265152252367431
transition 578 1 729 0.39328705536512665 0.9520068363512766
transition 578 1 738 0.22605476788325585 0.04799316364872337
transition 578 2 871 0.8310815831236786 1.0
transition 578 3 111 -0.59851461769058 0.30149708343110043
transition 578 3 309 -0.4006089353859408 0.2931439219324984
transition 578 3 582 -0.35643188949548055 0.4053589946364012
transition 578 4 107 0.05237620301130308 1.0
transition 579 0 561 -0.8780921567407041 0.32069045050082473
transition 579 0 374 0.8135769342201258 0.2582251042300651
transition 579 0 873 0.0843069454676304 0.4210844452691101
transition 579 1 136 0.415651550081815 0.23469734277733356
transition 579 1 655 -0.03964051274541869 0.0703798617806709
transition 579 1 72 0.7585365591599922 0.25810363283912574
transition 579 1 530 0.053174925724780664 0.43681916260286974
transition 579 2 817 -0.19312672960463928 0.2720296746280099
transition 579 2 997 -0.09236100981917605 0.2861943580700983
transition 579 2 931 0.6511857399865233 0.14121982671472125
transition 579 2 773 -0.6400917087689113 0.30055614058717045
transition 579 3 259 0.471406868971022 0.808678513444434
transition 579 3 977 -0.1995414418168826 0.191321486555566
transition 579 4 353 -0.7292429300398808 0.2318231976014144
transition 579 4 40 0.603107547449728 0.7681768023985857
transition 580 0 157 -0.45398322875584163 0.04246216350513343
transition 580 0 504 0.40172634951691477 0.11811309299675861
transition 580 0 328 0.31234605754434175 0.49613349751540153
transition 580 0 558 0.8011301705528671 0.34329124598270644
transition 580 1 591 0.6971290705963344 1.0
transition 580 2 294 -0.7320915860981319 0.5336045055029309
transition 580 2 363 -0.13212025178892373 0.4663954944970691
transition 580 3 295 0.02840934131000239 0.15152228336360893
transition 580 3 96 0.47648427269646154 0.27506359649072715
transition 580 3 780 -0.7509422044419276 0.16317201690729904
transition 580 3 180 -0.35456991424469453 0.18561921326290215
transition 580 3 994 0.07029088026155161 0.22462288997546276
transition 580 4 758 -0.5243775810718325 0.21794316331349267
transition 580 4 466 0.06298638457712746 0.3420931596610308
transition 580 4 767 -0.6531747576851714 0.17838909557269156
transition 580 4 569 -0.20703973988705093 0.019440540728438125
transition 580 4 812 0.06449942374898088 0.24213404072434686
transition 581 0 883 0.3927267932799057 0.8895813165997906
transition 581 0 776 -0.22184781409519028 0.11041868340020954
transition 581 1 435 0.7584493083428772 0.5144651251691851
transition 581 1 587 -0.5578977291117131 0.4780888063909089
transition 581 1 250 0.9930710313206712 0.00744606843990601
transition 581 2 336 0.9733148740782407 1.0
transition 581 3 14 0.7398587185278249 0.26220604883218035
transition 581 3 406 -0.7186541838263725 0.009258974863431252
transition 581 3 263 0.8520641541241156 0.12969863297090403
transition 581 3 102 0.4340457318808324 0.33882364252433017
transition 581 3 136 -0.14865202243030207 0.26001270080915423
transition 581 4 279 -0.8018591135822277 1.0
transition 582 0 847 -0.12490613477788104 0.026143118192527556
transition 582 0 44 -0.10452324834867732 0.3934887178556559
transition 582 0 325 -0.7799005773971488 0.2364872302204781
transition 582 0 717 -0.6452317792024673 0.06434954419791804
transition 582 0 467 -0.772013860916342 0.2795313895334204
transition 582 1 807 0.4509768434819965 0.1973381432374358
transition 582 1 994 0.27033361469358197 0.24903731128510828
transition 582 1 292 -0.8820279199817846 0.4962096604831682
transition 582 1 900 0.18145760100704322 0.057414884994287735
transition 582 2 222 -0.9163117977164403 0.4162675208246075
transition 582 2 363 0.21568252490385986 0.24229738753077312
transition 582 2 683 0.022772396331147915 0.014589543768854605
transition 582 2 548 0.19178184892429573 0.32684554787576475
transition 582 3 302 -0.42064134950071774 1.0
transition 582 4 846 0.4727132734270627 0.27434037337550693
transition 582 4 876 0.19161953318542224 0.44515519728248026
transition 582 4 219 -0.13573833998349238 0.23358128379718912
transition 582 4 131 0.5754028720855779 0.04692314554482369
transition 583 0 755 0.07231269982670652 0.2966568091886475
transition 583 0 656 -0.3478244499267189 0.5272470134602998
transition 583 0 196 -0.16592978965244898 0.17609617735105274
transition 583 1 645 -0.9902418335866665 0.3029009868216117
transition 583 1 454 0.5466333173367679 0.34414796928969327
transition 583 1 976 0.34512861980718545 0.352951043888695
transition 583 2 878 -0.4608742797934111 0.5043210838907054
transition 583 2 243 -0.9154705534827685 0.4956789161092946
transition 583 3 113 -0.06857893668676063 0.3437884523563969
transition 583 3 375 0.435816350904521 0.656211547643603
transition 583 4 546 -0.7114810164335679 0.4151391908627057
transition 583 4 606 -0.7672857483236302 0.30920095621249405
transition 583 4 554 -0.19209725733680627 0.2756598529248002
transition 584 0 366 0.6169957706129106 0.3410968536018448
transition 584 0 105 -0.22841890529688968 0.22098853191585183
transition 584 0 398 0.1661954228246112 0.06358227035415175
transition 584 0 956 -0.22416178951420362 0.06135379800390468
transition 584 0 505 -0.7643006069626059 0.3129785461242469
transition 584 1 304 -0.22515567276544513 0.4498620730263655
transition 584 1 615 -0.34490443741755383 0.08980495133171422
transition 584 1 717 -0.5287491597918601 0.3559755203249756
transition 584 1 793 -0.1154324174618584 0.016191082890392738
transition 584 1 191 -0.5567157763315278 0.08816637242655202
transition 584 2 776 0.44422369719512744 0.5510012702943239
transition 584 2 10 0.678900956710633 0.4489987297056761
transition 584 3 245 0.2375466696544981 1.0
transition 584 4 967 -0.2972339203001628 0.4300036419144783
transition 584 4 371 -0.8170937614026093 0.5699963580855218
transition 585 0 560 0.8260640411336118 0.23222189118803713
transition 585 0 794 0.9038213273853946 0.7677781088119627
transition 585 1 484 0.8421258842552533 0.26829588646624236
transition 585 1 896 -0.6612227821386996 0.6711069819838278
transition 585 1 148 -0.05148271219299172 0.06059713154992982
transition 585 2 212 0.2303511804540297 0.3815295368571673
transition 585 2 663 -0.45796914828028346 0.42394521523656975
transition 585 2 120 -0.39495974055374017 0.14226386695535312
transition 585 2 859 0.17706577415484515 0.05226138095090972
transition 585 3 659 -0.37370198645304775 1.0
transition 585 4 246 0.09707330793982316 0.13072914859877666
transition 585 4 333 0.7729770345823801 0.6787706521996465
transition 585 4 635 0.07441823249718449 0.19050019920157685
transition 586 0 617 0.4723638437642954 0.39058138107551854
transition 586 0 27 0.8624711784906443 0.3827426027489754
transition 586 0 841 0.3540954341224043 0.22667601617550595
transition 586 1 729 0.22172804204391383 0.09269318675647237
transition 586 1 65 0.1886347762565681 0.2447038368744012
transition 586 1 545 -0.28650598577823394 0.2624105095703091
transition 586 1 463 -0.9566271127718144 0.10472188821124997
transition 586 1 658 0.42387921350399926 0.29547057858756737
transition 586 2 198 0.3557446075974098 0.47883625502791527
transition 586 2 768 -0.24010195572386972 0.3654995477336059
transition 586 2 524 0.16618499221945315 0.15566419723847882
transition 586 3 95 0.06158042440375433 0.19918776770052402
transition 586 3 115 0.11789044104962065 0.1225893872753642
transition 586 3 129 -0.9044015275318118 0.3652617513862372
transition 586 3 920 0.15846422218202183 0.21029317791768962
transition 586 3 524 -0.3030045394687284 0.10266791572018498
transition 586 4 503 -0.9527049979667439 0.2738019197729635
transition 586 4 859 -0.7225690240757496 0.03170490915864229
transition 586 4 366 0.3452316619167419 0.04865385145752743
transition 586 4 442 -0.12623840173711032 0.27697986905206695
transition 586 4 815 -0.18322611223456398 0.3688594505587999
transition 587 0 726 0.4383204330866073 1.0
transition 587 1 608 -0.9522403812837208 0.6767553544331886
transition 587 1 480 0.5188360508655052 0.32324464556681143
transition 587 2 670 -0.06460892642202243 0.2578048491034763
transition 587 2 736 0.4265426803887493 0.44728547124284596
transition 587 2 859 0.5387083777860064 0.21805984815979176
transition 587 2 156 -0.8049942811043875 0.04390306621011265
transition 587 2 200 -0.59644211695343 0.032946765283773424
transition 587 3 347 -0.08743284804344409 1.0
transition 587 4 562 0.7769770868807688 0.2093760067776747
transition 587 4 539 -0.10439031260713283 0.7906239932223253
transition 588 0 216 -0.7412275872164824 0.0055553621025145675
transition 588 0 201 0.02003258060236801 0.3188746144575225
transition 588 0 481 0.44757568080724774 0.32145905936111036
transition 588 0 698 0.6353270714095267 0.29077847483165736
transition 588 0 381 -0.1259542572205128 0.0633324892471952
transition 588 1 278 -0.6829713756765581 1.0
transition 588 2 247 0.2276065261688729 0.34757816037876293
transition 588 2 275 -0.025109433992374974 0.652421839621237
transition 588 3 428 -0.4537684439183145 0.1326040495046993
transition 588 3 167 -0.8029130983712465 0.36147417862892467
transition 588 3 516 0.0015236335368373766 0.04991112459033934
transition 588 3 961 -0.5280785894647626 0.07957865172543048
transition 588 3 290 0.8028333274724664 0.3764319955506063
transition 588 4 139 0.41575259353380734 0.12327112334170942
transition 588 4 871 -0.049420623103299866 0.7839340701716075
transition 588 4 816 0.8518331908157124 0.09279480648668306
transition 589 0 90 0.9990157506015205 0.0625328201668055
transition 589 0 634 0.6995262535095326 0.4883021007418636
transition 589 0 829 0.9466087906981979 0.44916507909133097
transition 589 1 596 -0.11279078955973398 0.15775322035331799
transition 589 1 369 -0.8177416634876691 0.18898389817011682
transition 589 1 22 -0.5683903406908914 0.264498790256096
transition 589 1 366 0.20916880700984075 0.3887640912204691
transition 589 2 432 0.3363874689301689 0.13243664080826667
transition 589 2 221 -0.1572400015700055 0.23909824552594758
transition 589 2 878 -0.879495624887412 0.31966617409390374
transition 589 2 652 -0.5943109991192124 0.23128200507828323
transition 589 2 564 -0.6871167269116505 0.07751693449359884
transition 589 3 398 0.9226057978791022 1.0
transition 589 4 877 0.10149823628445365 0.5000223626144201
transition 589 4 607 0.15838426112466042 0.4999776373855798
transition 590 0 473 -0.21143815068826433 0.3288485774360579
transition 590 0 965 0.9288310793676697 0.6711514225639421
transition 590 1 546 -0.9739207155221772 1.0
transition 590 2 518 -0.02451910256270029 0.25923994547269213
transition 590 2 921 0.5210136206876643 0.25875964182036615
transition 590 2 987 0.07496150965091064 0.009010548321075933
transition 590 2 420 0.267076449429583 0.20053999852883383
transition 590 2 820 0.6163867832374961 0.2724498658570319
transition 590 3 516 -0.9891856912427393 0.14624491238295095
transition 590 3 920 -0.7793996127777729 0.7006460889086619
transition 590 3 305 -0.9728225985974277 0.1531089987083872
transition 590 4 393 -0.8448635409836269 0.13626770405277533
transition 590 4 540 -0.7044932550032794 0.3219547675924915
transition 590 4 362 -0.61645262580623 0.36386589560445953
transition 590 4 831 0.1719641085825303 0.16832599084468802
transition 590 4 758 0.14285593089102022 0.009585641905585618
transition 591 0 410 -0.6772485575987068 0.3163236863059762
transition 591 0 562 0.8621612481894414 0.335773326768428
transition 591 0 213 -0.4067020380128177 0.06904184173538332
transition 591 0 820 0.155316892978826 0.06452706327497096
transition 591 0 569 0.9121590543414213 0.21433408191524153
transition 591 1 70 0.6962249617003498 0.4109932988059939
transition 591 1 101 0.7824914691728606 0.33534698950183695
transition 591 1 468 0.48904836423567466 0.25365971169216905
transition 591 2 6 -0.32609037636064064 0.2705054040547387
transition 591 2 666 0.19785164601090144 0.3853863913535995
transition 591 2 111 0.39422925135397024 0.3441082045916618
transition 591 3 101 0.3893618508206238 1.0
transition 591 4 78 -0.7179050495746098 0.5547939569116652
transition 591 4 902 -0.8337266990535739 0.44520604308833484
transition 592 0 489 -0.8483731070024978 0.15144187913755028
transition 592 0 306 0.6119164109997886 0.3684293903411465
transition 592 0 872 0.8575481895694319 0.29365068388661747
transition 592 0 869 -0.2226993306510172 0.18647804663468573
transition 592 1 288 0.1884855688586129 0.1884544285051998
transition 592 1 529 -0.4845652357036996 0.3302193620643301
transition 592 1 398 0.8635211953422237 0.22206677600682273
transition 592 1 687 -0.6045390628948522 0.22908601716384375
transition 592 1 655 -0.8289286148431403 0.030173416259803472
transition 592 2 949 0.538939991299173 0.1472561942497116
transition 592 2 237 0.03510229774231233 0.3631129015581667
transition 592 2 588 0.4061153801238049 0.20770305641646938
transition 592 2 830 0.6244812882298598 0.17122904313793522
transition 592 2 777 0.9996499377828856 0.11069880463771704
transition 592 3 437 0.23784513692319553 0.5106039386748861
transition 592 3 675 0.2551025687751607 0.22512685410307604
transition 592 3 934 0.3946765168869788 0.264269207222038
transition 592 4 413 0.6272517552758214 0.5045145836600221
transition 592 4 562 -0.4409344551893877 0.339079228211691
transition 592 4 716 -0.9408038386599524 0.1564061881282868
transition 593 0 125 0.34529809969186465 0.45850372326959804
transition 593 0 650 0.16962733954256248 0.04819541477974178
transition 593 0 844 0.41220454492667513 0.4933008619506602
transition 593 1 505 0.6646955826684287 1.0
transition 593 2 241 -0.2151492222029907 0.558616906643525
transition 593 2 728 -0.02734575228589331 0.44138309335647496
transition 593 3 598 0.39080720778498046 0.09474903028192375
transition 593 3 215 -0.11051006584671086 0.26524676369424904
transition 593 3 135 -0.8939387964357612 0.20044187321966397
transition 593 3 977 -0.4321667346127671 0.4395623328041632
transition 593 4 932 0.006187837433272669 0.2397198444668317
transition 593 4 21 0.8530257310646967 0.16494100805118544
transition 593 4 22 -0.8350389288183921 0.23505832076751046
transition 593 4 453 0.772022673416247 0.23558858388650808
transition 593 4 322 -0.5610301213288866 0.12469224282796433
transition 594 0 88 0.9993643969213548 1.0
transition 594 1 964 -0.8950271353644388 0.4555276061136196
transition 594 1 262 0.5609308606857866 0.35720211065401697
transition 594 1 55 -0.6767001689584191 0.18727028323236347
transition 594 2 140 0.8632051144228812 0.8122377850109087
transition 594 2 835 0.4995207997463973 0.18776221498909132
transition 594 3 470 0.03933387363388463 0.1446912078905494
transition 594 3 431 -0.6655949865910025 0.6833300984393581
transition 594 3 412 0.41450782034101064 0.1719786936700925
transition 594 4 404 -0.6539288641784409 0.4822074680259032
transition 594 4 388 -0.3874786675526902 0.28480615801773385
transition 594 4 260 0.6627803266309238 0.0075444613945855315
transition 594 4 893 0.0781423288088261 0.22544191256177748
transition 595 0 474 0.5866138558881866 0.2444933160793354
transition 595 0 780 -0.552093634399069 0.5409804406785667
transition 595 0 460 0.9361646265785426 0.21452624324209793
transition 595 1 136 -0.246985520596269 0.31703443023276545
transition 595 1 810 0.18793975898879256 0.40672084558464616
transition 595 1 5 0.28218055216138427 0.27624472418258844
transition 595 2 252 -0.20334945298444174 1.0
transition 595 3 333 0.2698343584389786 0.5110479387543084
transition 595 3 628 0.3668551263574267 0.41526875124415746
transition 595 3 467 -0.8899080797595238 0.07368331000153414
transition 595 4 1 -0.5254399262082532 0.29916126507795726
transition 595 4 295 0.35768555807763747 0.7008387349220426
transition 596 0 778 -0.3639825263340588 0.7211425757318352
transition 596 0 155 -0.8478110899041158 0.2788574242681649
transition 596 1 818 -0.5320559280722588 1.0
transition 596 2 131 0.5806156474452737 0.009893834436700832
transition 596 2 587 0.42073101178119443 0.09310888377256663
transition 596 2 407 -0.7180981105996764 0.37641242215996756
transition 596 2 523 0.9770086146218337 0.323242044007607
transition 596 2 242 0.2963748561278614 0.19734281562315803
transition 596 3 638 -0.3823077244457742 1.0
transition 596 4 354 0.7042554598285173 0.1873752823657929
transition 596 4 72 0.5658161524580843 0.12752259529426727
transition 596 4 569 -0.8675080872231862 0.345171524807077
transition 596 4 3 0.898720107140115 0.33993059753286275
transition 597 0 149 -0.6767475838880783 0.3286663281568929
transition 597 0 489 -0.5461477022658983 0.6713336718431071
transition 597 1 562 0.37557926560068844 0.25378214245179725
transition 597 1 630 0.9557419666695737 0.15814684797813863
transition 597 1 51 -0.6013007919157478 0.07119532477417563
transition 597 1 399 0.08049533068645531 0.5168756847958884
transition 597 2 455 -0.07655946173919403 0.29899331072671137
transition 597 2 159 -0.6998858082012978 0.37908326051687735
transition 597 2 864 -0.8564904360276 0.09772774562253404
transition 597 2 570 -0.5176186844372106 0.016763426346885685
transition 597 2 526 0.21956734540254663 0.2074322567869915
transition 597 3 902 0.11731803355417103 0.11988829371990113
transition 597 3 183 0.4156858824687317 0.4254912268668913
transition 597 3 529 -0.41529460379690764 0.4249416314680642
transition 597 3 5 -0.06772311572838219 0.029678847945143437
transition 597 4 4 -0.04558949387013822 0.7153039476226978
transition 597 4 842 0.5339235977841721 0.2846960523773022
transition 598 0 448 -0.31535728093500537 1.0
transition 598 1 866 0.057014674955695455 0.06631617476000047
transition 598 1 705 -0.6942694126704727 0.8126356646366616
transition 598 1 723 0.9134943269020652 0.12104816060333795
transition 598 2 273 -0.13040228938842469 0.28777006293254165
transition 598 2 907 -0.018631216153193852 0.1964102616645179
transition 598 2 477 0.2818629852177703 0.3155748116571681
transition 598 2 896 -0.5175278405789394 0.012699661020232601
transition 598 2 383 0.7499937058427721 0.18754520272553973
transition 598 3 40 -0.5042399176071939 1.0
transition 598 4 22 0.9310794091456471 0.4893337020284062
transition 598 4 933 -0.8089149443920649 0.0997869124362162
transition 598 4 602 -0.33808281075757374 0.14631751376814348
transition 598 4 116 -0.1574785191453032 0.2645618717672342
transition 599 0 137 -0.728180149730002 0.1455178826763644
transition 599 0 241 0.8229551971815383 0.20725547355262802
transition 599 0 360 -0.13663967963964407 0.26946149012810316
transition 599 0 231 0.8758533955682828 0.2830680010682876
transition 599 0 550 -0.017038455028522526 0.09469715257461685
transition 599 1 267 0.5204694376927994 0.4369959614780038
transition 599 1 693 0.25478065894603885 0.36954083203229215
transition 599 1 843 0.09978593065416552 0.10639294515463743
transition 599 1 984 0.3242414263447737 0.08707026133506654
transition 599 2 866 0.44369772967927923 0.03365489141140365
transition 599 2 473 0.38759801716137465 0.34425095908100684
transition 599 2 781 -0.5706676540423754 0.2362956673008848
transition 599 2 912 0.6973928374558982 0.3857984822067047
transition 599 3 689 0.5053875725270167 0.1445012050778136
transition 599 3 688 -0.44969035486724707 0.09607261393592606
transition 599 3 793 0.7139706662011254 0.7262595879956566
transition 599 3 471 0.29392802401642126 0.03316659299060387
transition 599 4 78 -0.0786358710991395 0.29153913777976337
transition 599 4 900 -0.05162033521342679 0.12585684327991697
transition 599 4 690 0.6214687964595733 0.44901679410307355
transition 599 4 512 -0.019238039146636687 0.13358722483724614
transition 600 0 965 0.004706875751024686 0.16058570065907102
transition 600 0 786 0.6331585863355869 0.2572398698554528
transition 600 0 686 0.03885075167459617 0.3971037090007459
transition 600 0 991 0.49564704957093975 0.05952868141860689
transition 600 0 909 0.1143036667818198 0.12554203906612335
transition 600 1 116 0.3232904452497767 1.0
transition 600 2 762 -0.7304768689745411 0.345311492053962
transition 600 2 622 -0.7992490466675122 0.30886427502453534
transition 600 2 339 0.7268459422089011 0.3458242329215026
transition 600 3 269 -0.8707990091758915 1.0
transition 600 4 131 -0.4439803856979423 0.14462853387740812
transition 600 4 136 -0.6985655473137258 0.15323284681674537
transition 600 4 982 -0.9848669176027385 0.29118498969600215
transition 600 4 665 -0.8580599218303533 0.4109536296098443
transition 601 0 907 -0.2248503833652582 0.43182657590686174
transition 601 0 285 -0.3063093220181681 0.061043474587389165
transition 601 0 867 -0.9137870866358311 0.16285746447067134
transition 601 0 505 0.8159028787643146 0.3442724850350778
transition 601 1 595 0.3400321236140349 0.620640387581645
transition 601 1 439 -0.5611651257415067 0.379359612418355
transition 601 2 270 0.6554869703396085 0.8111039560518204
transition 601 2 9 -0.5342450794055307 0.17479696377964518
transition 601 2 873 -0.11326947955863531 0.014099080168534383
transition 601 3 209 0.79331860275342 0.4288812414189648
transition 601 3 165 -0.44468458914334064 0.4776008602827091
transition 601 3 280 0.13781413635654505 0.09351789829832616
transition 601 4 818 0.5097402564806928 1.0
transition 602 0 947 -0.6588109277417626 0.40712671542421736
transition 602 0 238 0.7027191843204708 0.5928732845757826
transition 602 1 630 -0.16259337324243694 1.0
transition 602 2 449 0.7792216933037672 0.1041241197335033
transition 602 2 40 -0.19832825827293155 0.6588835788176536
transition 602 2 990 0.4830943118456734 0.23699230144884315
transition 602 3 192 0.6816069917480334 0.5567188990496701
transition 602 3 475 0.5174484619798629 0.4432811009503299
transition 602 4 503 0.04047584184800468 0.1359521309575955
transition 602 4 648 0.23466233738674758 0.33718697443380147
transition 602 4 47 -0.06984749188163297 0.1728119820393556
transition 602 4 801 -0.48897940769699577 0.12077370555711996
transition 602 4 275 0.7200932436836467 0.23327520701212737
transition 603 0 476 0.3417548510464845 1.0
transition 603 1 513 -0.6835222550185058 0.31279697642456256
transition 603 1 203 0.5577424271887108 0.07597732262216234
transition 603 1 270 0.8278493693756628 0.611225700953275
transition 603 2 390 -0.8394948543066132 0.1880863917477347
transition 603 2 710 -0.8091601649333999 0.5853341683565413
transition 603 2 545 0.8543246630149648 0.226579439895724
transition 603 3 829 -0.18079742800863485 0.9909316306427757
transition 603 3 673 -0.3451648207529696 0.009068369357224295
transition 603 4 645 0.9004276227003001 0.7632276326572915
transition 603 4 693 -0.20751644073105124 0.2367723673427084
transition 604 0 732 -0.9034707420804349 0.5060404454265325
transition 604 0 657 0.9377739653603863 0.21601257714211786
transition 604 0 149 0.6477754843405898 0.04876300403570643
transition 604 0 151 -0.755874637399991 0.22918397339564328
transition 604 1 320 0.6204848959666449 0.4003241799273735
transition 604 1 299 -0.8065875844771526 0.10671710688586164
transition 604 1 761 -0.12209954180435201 0.38769518845725476
transition 604 1 274 0.7062508763761399 0.10526352472951021
transition 604 2 32 -0.27405864281175574 0.0003029199984138929
transition 604 2 209 0.9560552426065585 0.9996970800015861
transition 604 3 800 0.03403912545754273 1.0
transition 604 4 111 0.40550218351998923 0.20315298879105093
transition 604 4 470 0.8520647438339402 0.23038727835999745
transition 604 4 663 0.6568297287146592 0.23656917623042073
transition 604 4 368 0.7675744292250835 0.044128656323483915
transition 604 4 717 0.10119265850151926 0.28576190029504694
transition 605 0 616 0.05373372534940257 0.2657274533948574
transition 605 0 542 -0.8486992144455701 0.11544796869325177
transition 605 0 426 0.30426882632740715 0.222565049726933
transition 605 0 99 0.33174506810610027 0.39625952818495785
transition 605 1 720 -0.5473674217197455 0.11687985950256902
transition 605 1 294 -0.35243034467199474 0.3615312940449622
transition 605 1 34 0.015482160286516056 0.40440825527943003
transition 605 1 338 -0.9261902066447816 0.1171805911730388
transition 605 2 232 -0.754892945380478 0.5519081892331172
transition 605 2 862 0.5619088212937473 0.4480918107668827
transition 605 3 354 0.09917346461806575 0.3790535438691499
transition 605 3 574 0.2337540045053801 0.22632395926169865
transition 605 3 225 0.07824751366162075 0.3946224968691514
transition 605 4 713 -0.3480762351798421 0.5230521011111354
transition 605 4 64 0.37869625302452947 0.4769478988888645
transition 606 0 744 0.3826848269523244 0.2601179455003495
transition 606 0 208 -0.6596523645109242 0.7398820544996504
transition 606 1 878 0.7769614007694952 0.20834449721179368
transition 606 1 99 -0.49419884775014067 0.2750263101202677
transition 606 1 316 0.9169482193626823 0.21680580752421327
transition 606 1 123 -0.3059728140263067 0.0182409534249768
transition 606 1 990 -0.727017458532977 0.2815824317187486
transition 606 2 635 0.9918319765365804 1.0
transition 606 3 136 0.8234115553334178 1.0
transition 606 4 27 0.6135385682181875 0.30325592306082777
transition 606 4 480 0.06399870653855633 0.3684285594009268
transition 606 4 432 -0.24715366723859633 0.043806837538451195
transition 606 4 485 -0.29556135383760296 0.2603549103393659
transition 606 4 143 -0.2619236382634005 0.024153769660428488
transition 607 0 970 -0.2870403565783213 0.353353308427883
transition 607 0 495 0.07592450026291231 0.11285472695643271
transition 607 0 98 0.642448249044449 0.18073787492544777
transition 607 0 370 0.7320349480826205 0.3530540896902366
transition 607 1 608 0.9819858468262672 0.08865631226240014
transition 607 1 939 -0.7897443857059407 0.4758622410331405
transition 607 1 639 -0.01879608092379792 0.1443140606305681
transition 607 1 386 -0.19045469550360905 0.2911673860738912
transition 607 2 438 0.5104377446731532 0.371192518471596
transition 607 2 297 0.5502941590376993 0.14513540640136002
transition 607 2 589 -0.3958004840246314 0.13898143191890747
transition 607 2 999 -0.7850312046328112 0.31815175611989427
transition 607 2 172 0.16630230149760705 0.026538887088242088
transition 607 3 958 0.7317312184921843 0.15432142060744014
transition 607 3 472 -0.6623602457637578 0.14202732694056483
transition 607 3 79 0.13737459435175436 0.24514651332786055
transition 607 3 838 0.36171418740141337 0.2146308086869925
transition 607 3 184 -0.6910863572980237 0.24387393043714195
transition 607 4 714 0.2501532003161091 1.0
transition 608 0 332 0.6646855978349067 0.4184019057368226
transition 608 0 365 0.09739635106140243 0.18050766684529418
transition 608 0 171 0.6791769027756713 0.07434052898959012
transition 608 0 584 -0.8883661696542775 0.08002908114508127
transition 608 0 222 0.9003404642708748 0.24672081728321174
transition 608 1 52 -0.9040838108894786 1.0
transition 608 2 911 -0.3803938270254983 0.06968665683725463
transition 608 2 1 -0.36435330916570496 0.11175312776651397
transition 608 2 160 0.9879979266386727 0.339573902871673
transition 608 2 968 0.9732636800151306 0.07059396851694034
transition 608 2 56 -0.3608392098898263 0.408392344007618
transition 608 3 927 0.5981031014483476 0.2998908037647573
transition 608 3 39 0.9110508949474581 0.14266328238675657
transition 608 3 598 0.6056547392046281 0.11694063214909992
transition 608 3 577 -0.2397850386736422 0.26526773061315984
transition 608 3 144 -0.9552791240345369 0.1752375510862264
transition 608 4 918 -0.9800580420228806 0.9558731605573644
transition 608 4 435 -0.9062767912165952 0.04412683944263557
transition 609 0 556 0.7846192075327545 0.31576085157551026
transition 609 0 207 0.4436477166979047 0.135449462506332
transition 609 0 418 -0.04636569500219778 0.12430354432641022
transition 609 0 726 -0.8609524530259283 0.15715058811957744
transition 609 0 148 -0.8154904245817607 0.26733555347217014
transition 609 1 361 0.0658236636154752 0.08439014811845527
transition 609 1 323 0.8345812222024347 0.25476008367463243
transition 609 1 721 0.6967305339963685 0.38792435286586435
transition 609 1 650 -0.5195571550675226 0.23527433155147232
transition 609 1 632 0.05020857040251303 0.03765108378957555
transition 609 2 793 0.4014288297343762 0.4394585571500694
transition 609 2 481 -0.7609355922269789 0.2782939934091261
transition 609 2 953 -0.9696114447012953 0.2822474494408045
transition 609 3 524 -0.33311133670484905 1.0
transition 609 4 39 0.6278774944076113 1.0
transition 610 0 728 -0.6831222473944647 0.8376053101190011
transition 610 0 668 0.4977235314072055 0.15927024016856
transition 610 0 964 -0.5115153290785039 0.0031244497124388905
transition 610 1 465 -0.4065248242659967 0.4444594435933736
transition 610 1 354 0.6487218639226513 0.5555405564066265
transition 610 2 70 -0.4820407341269244 0.38548464362446505
transition 610 2 116 0.039493742384439035 0.1637966138413387
transition 610 2 775 -0.20139642963725102 0.45071874253419625
transition 610 3 79 -0.6065273971161127 0.1252784060494485
transition 610 3 286 0.46458464552126455 0.4234366676861471
transition 610 3 885 0.9163067120778956 0.4512849262644044
transition 610 4 525 0.23848994177220995 0.21798431884011815
transition 610 4 927 -0.3442747167515643 0.3721155472637053
transition 610 4 634 0.8444832773193165 0.1422979652874012
transition 610 4 372 -0.22407326839273178 0.24036474237272418
transition 610 4 352 0.993711987598785 0.027237426236051132
transition 611 0 826 -0.2333753248128223 0.6399317307235775
transition 611 0 314 0.4317165869830697 0.3600682692764224
transition 611 1 134 -0.8344001659671816 1.0
transition 611 2 741 -0.8854421237253605 0.203939163815866
transition 611 2 113 -0.4892408113530222 0.12659796846898574
transition 611 2 582 -0.9478273098108212 0.21855149862905535
transition 611 2 598 0.13869585999837364 0.21570496733439756
transition 611 2 812 -0.12092157912856205 0.23520640175169535
transition 611 3 201 -0.0017714260352192923 0.07407250025647322
transition 611 3 582 0.8190101314846057 0.9259274997435268
transition 611 4 978 -0.6543093967777778 1.0
transition 612 0 307 0.5892117532839631 0.43213775473745947
transition 612 0 683 0.46655169093482995 0.5678622452625405
transition 612 1 148 0.2509309047866122 0.26590168488692034
transition 612 1 515 0.12350211641024345 0.28274660767128923
transition 612 1 167 0.7437499313252278 0.04468537192149101
transition 612 1 216 0.3999586265929287 0.4066663355202995
transition 612 2 363 -0.6743130265366752 0.9221336949573741
transition 612 2 259 0.34456564497500386 0.07786630504262591
transition 612 3 16 0.5295975331735971 0.30489731366563216
transition 612 3 144 0.7304522894201593 0.28965998783102215
transition 612 3 488 -0.4953649500356132 0.1290227131329721
transition 612 3 776 -0.27807157951355643 0.27641998537037366
transition 612 4 425 -0.7353465852266208 0.3886759954175779
transition 612 4 868 -0.3244083029463465 0.2362135419515629
transition 612 4 622 0.21107509896777898 0.3751104626308591
transition 613 0 190 0.8264709770797758 0.08551445993870126
transition 613 0 883 0.1104965362498882 0.34479661501743974
transition 613 0 843 0.6477293705611877 0.3012260507746044
transition 613 0 995 0.873518863312488 0.22759166824344712
transition 613 0 617 -0.18474101537286236 0.040871206025807474
transition 613 1 447 0.173291084366205 0.4274912262617922
transition 613 1 388 -0.9130340639475258 0.5725087737382077
transition 613 2 965 0.15946596615731723 1.0
transition 613 3 638 -0.9498198152502466 0.21611568565769232
transition 613 3 809 0.1575807182940192 0.2703879657411778
transition 613 3 865 -0.5301684164562479 0.11586766533199779
transition 613 3 535 -0.4455954330675824 0.1189763241658265
transition 613 3 349 -0.8295470660234483 0.2786523591033055
transition 613 4 292 0.5032625774884225 1.0
transition 614 0 747 -0.7907144321944022 0.32236199871268423
transition 614 0 529 -0.05233147613183453 0.24855918802735152
transition 614 0 550 -0.3331660860766601 0.21019415548252685
transition 614 0 838 -0.9997664772514998 0.21888465777743732
transition 614 1 121 0.6726880631569274 0.02900757952670558
transition 614 1 401 0.9039059928978641 0.25937854634995194
transition 614 1 731 0.3667613462489032 0.09363602676311986
transition 614 1 619 -0.665243187110109 0.43164246735095035
transition 614 1 800 0.37747576994445975 0.1863353800092723
transition 614 2 904 -0.4120206786713745 0.05823713087730705
transition 614 2 490 0.9828481033644301 0.3155825187925455
transition 614 2 127 -0.35036696722831984 0.04660215422993547
transition 614 2 641 -0.8443086376462352 0.16563109137779575
transition 614 2 256 0.2654999593619469 0.4139471047224163
transition 614 3 881 0.7181580644892465 1.0
transition 614 4 504 -0.6389925486075083 0.2304764978163517
transition 614 4 515 0.5237902099711909 0.7695235021836482
transition 615 0 26 0.5459831948621594 0.29915484279249555
transition 615 0 33 0.13288402884096873 0.37432895220377266
transition 615 0 23 0.8546459312497217 0.2356355742084263
transition 615 0 632 0.3755439028832377 0.09088063079530559
transition 615 1 86 -0.9621217396357149 0.2149576294060088
transition 615 1 192 0.4171813847510062 0.17881510168996845
transition 615 1 671 -0.5913922124479758 0.05377062270417784
transition 615 1 432 -0.24013079388847847 0.37567316070647017
transition 615 1 888 0.7013007588156719 0.17678348549337464
transition 615 2 953 -0.15945658080393232 0.4839880129148431
transition 615 2 977 0.39277269103214496 0.29338300492248903
transition 615 2 430 0.11554258146754037 0.2226289821626679
transition 615 3 295 0.8014942179997215 1.0
transition 615 4 871 0.7435740964096367 0.5460846481237843
transition 615 4 666 -0.8444823569070881 0.024041023053879368
transition 615 4 579 -0.8879360441689528 0.42987432882233645
transition 616 0 118 0.884449109954544 0.25705603909242086
transition 616 0 444 0.8750655186613154 0.4371380894756093
transition 616 0 11 -0.6558822717483588 0.30580587143196986
transition 616 1 570 0.5413540979147455 0.45775539256837405
transition 616 1 400 0.5947425002330429 0.12260474155049754
transition 616 1 856 0.1816149012105326 0.41963986588112845
transition 616 2 29 -0.48947126653418693 0.44744802807429107
transition 616 2 6 0.4136510896463017 0.4156438027274243
transition 616 2 938 0.5190908581717486 0.13690816919828458
transition 616 3 825 -0.5031953576432253 0.33274477398257235
transition 616 3 503 -0.07269084363515099 0.16456922087050255
transition 616 3 570 -0.17589470981902 0.012471960729964341
transition 616 3 783 -0.285369138561294 0.15840074537900176
transition 616 3 505 -0.21885809118057353 0.3318132990379591
transition 616 4 27 0.5995397773092324 1.0
transition 617 0 714 0.013588954353954241 0.23404344050806317
transition 617 0 838 -0.656634771063275 0.18761072274199792
transition 617 0 296 0.9681244743161654 0.2291642162675532
transition 617 0 433 0.7437655437027044 0.18568371410904735
transition 617 0 632 0.7296052265159965 0.1634979063733383
transition 617 1 514 0.1700552302004299 1.0
transition 617 2 506 -0.4190429467860588 0.6823267583658686
transition 617 2 329 0.35624996108705775 0.0006808699837944145
transition 617 2 881 -0.8091583877348136 0.3169923716503369
transition 617 3 918 -0.9905237490587213 0.23947195870121116
transition 617 3 215 0.607495112313664 0.18697293306991367
transition 617 3 932 -0.392559723914238 0.5735551082288751
transition 617 4 900 0.4567462252927985 0.3643565773014762
transition 617 4 676 -0.8323672349622482 0.2478012348341083
transition 617 4 233 0.8692367184393794 0.2247975529354246
transition 617 4 10 0.8209813621072695 0.163044634928991
transition 618 0 290 0.8008473867486976 1.0
transition 618 1 729 -0.7302249847526636 0.21176878192893955
transition 618 1 835 0.20993448820453486 0.3147618922483916
transition 618 1 915 -0.17472324837042108 0.0471763380016866
transition 618 1 674 -0.6241741315574376 0.4262929878209822
transition 618 2 233 0.7479185679433946 0.08594671359497282
transition 618 2 757 0.47903527222553244 0.510172850111758
transition 618 2 564 0.40072627250695225 0.2903797954754156
transition 618 2 927 0.03515957944116832 0.11350064081785355
transition 618 3 204 -0.5075703806889122 0.2851746926056589
transition 618 3 806 -0.46621412996258127 0.07544121413183133
transition 618 3 943 -0.08251757175483432 0.2895434888998634
transition 618 3 627 -0.9275936986302753 0.3498406043626464
transition 618 4 160 0.03890193078637272 1.0
transition 619 0 359 0.8057561926377907 0.31656436906479823
transition 619 0 509 0.9788368624784738 0.6834356309352019
transition 619 1 484 -0.5416383712930275 0.3762391406488273
transition 619 1 492 0.631885068382974 0.27702028529009926
transition 619 1 134 -0.10996630045649125 0.3340123577566959
transition 619 1 671 0.931381643492047 0.012728216304377564
transition 619 2 247 -0.8961612318147711 0.6685023200214784
transition 619 2 561 -0.1972209628328414 0.0723622388899584
transition 619 2 212 -0.9160823088707879 0.2591354410885631
transition 619 3 649 0.3932954935705424 1.0
transition 619 4 207 -0.6611742758489558 0.007085305661052046
transition 619 4 44 -0.2310295982500996 0.2707318851727038
transition 619 4 118 -0.2457970472245612 0.3636830846260129
transition 619 4 653 -0.4373376821469799 0.3584997245402313
transition 620 0 379 0.9834030099734032 0.28517192313696127
transition 620 0 17 -0.9557187830869687 0.08817736947099356
transition 620 0 923 -0.9221309684254733 0.23800728968062795
transition 620 0 647 -0.24903379193790975 0.3886434177114173
transition 620 1 470 -0.15273981742749232 0.1489382429433516
transition 620 1 608 0.48761351545877396 0.4739244081991295
transition 620 1 899 0.24767275430530833 0.377137348857519
transition 620 2 0 -0.6607220290819891 0.20665599382854716
transition 620 2 6 0.10181249735536246 0.04690564738238386
transition 620 2 257 0.15318542115643696 0.09547822017838069
transition 620 2 956 0.5442224560525621 0.2559578149964292
transition 620 2 623 0.9916737001451317 0.395002323614259
transition 620 3 551 -0.7273739485298714 0.057328721817292524
transition 620 3 663 0.5228010493727755 0.36323572017460753
transition 620 3 307 -0.7814458948757823 0.5794355580081
transition 620 4 506 0.08504115606681073 0.14479804342063446
transition 620 4 157 0.2174455531592312 0.14000103744979628
transition 620 4 926 0.5849859086173279 0.1258469982836078
transition 620 4 150 0.06325315065763326 0.3305582816718453
transition 620 4 222 -0.15746881532069912 0.2587956391741162
transition 621 0 110 0.6089166955241576 1.0
transition 621 1 858 0.015038279978500046 0.22888379762940456
transition 621 1 862 0.4975466767213246 0.20332539098032976
transition 621 1 107 -0.3691025855719181 0.22893095142720468
transition 621 1 735 -0.3235489430625116 0.07994998749479088
transition 621 1 450 0.49102662434821487 0.2589098724682701
transition 621 2 952 0.7827092825170627 0.3780758411066147
transition 621 2 860 0.03176388428237287 0.30538954642778954
transition 621 2 534 -0.11772640027888426 0.31653461246559567
transition 621 3 846 0.1381052471700579 0.31089047602575703
transition 621 3 366 0.5054390117174363 0.4428165344762945
transition 621 3 433 0.053478907652687147 0.24629298949794848
transition 621 4 363 -0.965488498318215 0.3980803190788396
transition 621 4 825 -0.318957676305321 0.292905925825271
transition 621 4 338 0.37869303898841866 0.10686387689624281
transition 621 4 273 0.009706172751059672 0.2021498781996466
transition 622 0 935 -0.9704121942775799 0.04816405098934497
transition 622 0 694 0.059851739322978936 0.1458765979187229
transition 622 0 320 -0.8758546524953024 0.04065011535781248
transition 622 0 502 -0.44529686584063066 0.3124461242109347
transition 622 0 985 -0.534680578131955 0.4528631115231849
transition 622 1 124 -0.25867174896346 0.40097532685795456
transition 622 1 471 0.6063512865925402 0.14841788925191496
transition 622 1 834 0.7671104722572519 0.4506067838901305
transition 622 2 76 0.5985485925297591 0.22349817548576698
transition 622 2 332 0.7236536572877579 0.0691940923182891
transition 622 2 500 0.4592934803438131 0.24709045843980637
transition 622 2 714 0.7326744079548742 0.18689258831980865
transition 622 2 371 0.08885365702749515 0.27332468543632893
transition 622 3 806 0.34162873494232304 0.33182798185826956
transition 622 3 490 0.20494019329372404 0.21602570677388097
transition 622 3 194 -0.22122575686634938 0.25646247805926287
transition 622 3 846 0.5058488810790929 0.12281575543386136
transition 622 3 560 0.4885283867687673 0.07286807787472524
transition 622 4 835 0.6858492364889304 0.5690183476363994
transition 622 4 950 0.16398957712199147 0.43098165236360064
transition 623 0 833 -0.7342786750348838 0.0025536421364146604
transition 623 0 122 0.9982517609451322 0.3116803689584312
transition 623 0 741 0.5277431510720745 0.282948831845094
transition 623 0 286 -0.09756083248883463 0.3062459644199715
transition 623 0 288 -0.25332251763115465 0.09657119264008857
transition 623 1 921 -0.9497066292331771 0.1604732308754605
transition 623 1 505 -0.11898185577411602 0.059509616591041245
transition 623 1 625 0.3299752072796691 0.7800171525334981
transition 623 2 610 -0.3170781898856341 0.06317264046999362
transition 623 2 308 0.9545643682092819 0.21869862841160917
transition 623 2 594 0.2767398610623877 0.35525875720563554
transition 623 2 780 -0.15284671821101092 0.3628699739127617
transition 623 3 563 0.5943968956047454 0.44603479709210936
transition 623 3 336 0.1473855732544973 0.5539652029078905
transition 623 4 39 -0.3515110891911628 0.2425044796772789
transition 623 4 324 0.9126982771391787 0.24634783580491904
transition 623 4 824 0.7382205772348902 0.5111476845178021
transition 624 0 162 0.28122834254425677 0.49811570951475453
transition 624 0 597 -0.5513851404765941 0.40960488859807487
transition 624 0 656 -0.5917168532535919 0.09227940188717064
transition 624 1 161 0.9487456505775871 0.02286480571023714
transition 624 1 102 -0.1843920664805483 0.12416483340959718
transition 624 1 630 -0.6617928845840513 0.5987760667008923
transition 624 1 219 -0.8610324812072752 0.25419429417927336
transition 624 2 777 -0.9140441257772547 0.22082822743625696
transition 624 2 808 0.5368663045364921 0.1460940753000314
transition 624 2 263 -0.8197761177171465 0.20591644897014286
transition 624 2 82 0.3697962225954614 0.3118996595762702
transition 624 2 851 0.3080927112245617 0.1152615887172985
transition 624 3 434 0.754357803845888 0.10853458547793553
transition 624 3 812 0.2757571965334076 0.7214999292369083
transition 624 3 929 0.020266648462613057 0.1699654852851561
transition 624 4 384 -0.7283197443673339 1.0
transition 625 0 37 0.48538943605948504 1.0
transition 625 1 759 0.7265846969946863 0.1737630500148408
transition 625 1 118 -0.8667638133645055 0.20609971819527473
transition 625 1 959 0.09953131295903561 0.08285929949381449
transition 625 1 599 -0.14990373758009334 0.31082929375494955
transition 625 1 800 -0.2868662283714003 0.22644863854112032
transition 625 2 478 0.8634763605420603 0.24667307133072455
transition 625 2 825 -0.1784444895828523 0.2240671969003881
transition 625 2 34 0.4764943242304971 0.09964775263635654
transition 625 2 780 0.08088435137030858 0.15935249282015018
transition 625 2 3 0.39439288833676134 0.2702594863123806
transition 625 3 276 0.7839172911267271 0.3952075709597158
transition 625 3 451 0.3543806469800814 0.39300766646958984
transition 625 3 30 -0.6452517439384446 0.21178476257069434
transition 625 4 130 -0.491976229533158 0.5627906634166474
transition 625 4 84 0.804220412428903 0.43720933658335254
transition 626 0 949 0.2710663315873587 0.21719392435057877
transition 626 0 6 -0.24950399255667244 0.05151595706763977
transition 626 0 968 -0.44934254848396127 0.2162999200310303
transition 626 0 446 -0.4950469837792093 0.25281924425269486
transition 626 0 184 -0.6948518309021616 0.2621709542980563
transition 626 1 235 -0.4590334698508518 0.059053192003030094
transition 626 1 417 0.9261222323443057 0.5907834352705505
transition 626 1 375 -0.4379345410879272 0.03220379307754672
transition 626 1 525 0.7962142467430182 0.31795957964887256
transition 626 2 971 0.04294066906168692 1.0
transition 626 3 517 0.6935583006149366 1.0
transition 626 4 149 0.34601520011967213 0.20191584774808238
transition 626 4 940 0.20463222062866793 0.17687335942104268
transition 626 4 736 -0.685872130441384 0.10331495804440803
transition 626 4 857 0.3548515866480557 0.517895834786467
transition 627 0 514 -0.020749053353064317 0.3032747191178634
transition 627 0 94 0.07979288520313221 0.6967252808821366
transition 627 1 169 0.4362696621583839 0.4408189045006935
transition 627 1 885 -0.7053137025182137 0.09729509845468994
transition 627 1 787 0.5603313092834756 0.22962082167668374
transition 627 1 620 0.7911145737521228 0.15364687485624526
transition 627 1 104 -0.9951349542410757 0.07861830051168757
transition 627 2 634 -0.29293998530406684 0.1389316245578569
transition 627 2 66 -0.6365618817436733 0.4419238535462626
transition 627 2 146 0.8188708115601417 0.2647305526123031
transition 627 2 784 0.42354911765133396 0.15441396928357737
transition 627 3 915 0.6081644517344689 0.8668477157468976
transition 627 3 967 -0.9569322006155279 0.1331522842531025
transition 627 4 219 0.1025165647799402 1.0
transition 628 0 69 0.4213923883524877 0.0682154357969589
transition 628 0 678 -0.44720891486548875 0.9317845642030411
transition 628 1 64 0.7955112104237598 0.25103910118151135
transition 628 1 269 0.9023520569281978 0.14213237161395076
transition 628 1 80 -0.7509385368697639 0.21432933187455627
transition 628 1 782 0.5634319312345109 0.11349423639112224
transition 628 1 167 0.09295632507579121 0.27900495893885935
transition 628 2 517 -0.39802106533670223 0.06509501888982554
transition 628 2 230 0.32643417202117764 0.46165612136146095
transition 628 2 781 -0.7662604349558437 0.4732488597487135
transition 628 3 885 -0.014414122442872657 0.5145540116580541
transition 628 3 544 -0.009234535851587733 0.04113086584258194
transition 628 3 101 0.8208898125494626 0.2618800839794678
transition 628 3 373 0.3337583154260171 0.18243503851989604
transition 628 4 783 0.43539718106063563 0.5381955846193335
transition 628 4 978 0.626391641946991 0.09349118692748419
transition 628 4 818 -0.25327734949626257 0.3683132284531823
transition 629 0 237 -0.6783230610928299 0.09643583341197803
transition 629 0 348 0.4364698768197921 0.04067454939090332
transition 629 0 772 0.7872612212050327 0.5113597471563415
transition 629 0 102 -0.25283431588597116 0.15350194494939082
transition 629 0 402 -0.263231607294814 0.19802792509138634
transition 629 1 545 -0.29427458788217753 0.32429833148451187
transition 629 1 223 -0.013787426533490965 0.6757016685154882
transition 629 2 117 -0.056195052931620415 0.12462554272866012
transition 629 2 256 0.26791392966746597 0.8594502186233207
transition 629 2 235 -0.780582786395561 0.015924238648019125
transition 629 3 438 -0.419440563334331 0.06175076696381722
transition 629 3 279 0.7945850058595225 0.17930038496769565
transition 629 3 605 0.01281167562968788 0.2623319139817256
transition 629 3 16 0.04791603405150524 0.4966169340867615
transition 629 4 332 -0.7902964506834196 0.4348168167076305
transition 629 4 828 -0.6714961576345919 0.5651831832923695
transition 630 0 264 0.5733577597170316 1.0
transition 630 1 214 -0.5235750467030553 0.30138210648936786
transition 630 1 7 0.8015787730763637 0.6986178935106321
transition 630 2 682 -0.09292435319433312 0.36106135626433955
transition 630 2 272 0.9404251975732376 0.2603723809928167
transition 630 2 752 0.20384926960789662 0.06670070170937567
transition 630 2 356 0.1357172964326736 0.311865561033468
transition 630 3 952 -0.8510061024597875 0.2985371766780546
transition 630 3 134 -0.37411547979848336 0.31763128379586586
transition 630 3 989 0.522561160662879 0.03126474835901907
transition 630 3 469 -0.6872538098464136 0.15211202335742643
transition 630 3 609 0.9434781018461145 0.20045476780963392
transition 630 4 586 -0.05268435141607797 0.4466261074774518
transition 630 4 229 -0.45730702514835087 0.1500219030471291
transition 630 4 313 -0.17881081146423483 0.007125300314241002
transition 630 4 867 0.4512524576845014 0.396226689161178
transition 631 0 976 -0.8079140180080604 0.5066004966201995
transition 631 0 532 -0.7111161590154533 0.49339950337980054
transition 631 1 158 -0.5803433963682498 0.24471627699422943
transition 631 1 380 0.4570830354938551 0.14336370269234294
transition 631 1 849 0.679041662204795 0.2636417783256339
transition 631 1 766 -0.7315826398229153 0.07017346706422387
transition 631 1 628 -0.32097454870146813 0.27810477492356983
transition 631 2 79 0.009005185157743734 0.24475875026329078
transition 631 2 58 -0.8950806231546178 0.3172246422339684
transition 631 2 940 -0.5207585172350897 0.43801660750274085
transition 631 3 158 0.8178781090082459 0.08264614007051735
transition 631 3 130 -0.5174301367685223 0.16929017608899904
transition 631 3 731 -0.5413777677543068 0.18289100935049646
transition 631 3 552 0.4491603921785303 0.3449251423550887
transition 631 3 69 -0.7599269356984726 0.22024753213489837
transition 631 4 550 -0.5005172752964375 1.0
transition 632 0 734 0.6417189056184807 1.0
transition 632 1 475 -0.6946095944325053 1.0
transition 632 2 721 -0.8454794828046588 1.0
transition 632 3 747 0.029336022581590848 0.3326699987241471
transition 632 3 122 0.9016274719261854 0.1492424677556811
transition 632 3 985 0.5374973706724229 0.5180875335201719
transition 632 4 539 0.9501408910087181 0.04073307322522617
transition 632 4 797 0.9138096363409463 0.28775845142405665
transition 632 4 392 0.898109354714536 0.26255660007408205
transition 632 4 289 -0.2378784644017613 0.21893902121278552
transition 632 4 40 -0.913765321129937 0.1900128540638496
transition 633 0 129 -0.14921762431653285 0.03832741396962167
transition 633 0 980 0.6980510955402028 0.9616725860303783
transition 633 1 97 -0.8153860644709827 0.5748176141865218
transition 633 1 275 0.7817191282074025 0.0447099474965007
transition 633 1 284 0.13690119824037383 0.3804724383169775
transition 633 2 478 0.7233055436574247 0.6901229814987725
transition 633 2 101 -0.2008184726733011 0.3098770185012276
transition 633 3 940 -0.46068603380147466 0.458831454728457
transition 633 3 162 -0.2859783763625712 0.541168545271543
transition 633 4 169 0.5939109300053631 0.27308158193626514
transition 633 4 345 -0.708732302946895 0.17391433128657563
transition 633 4 21 -0.5050783427179328 0.5530040867771592
transition 634 0 77 -0.47959443494948406 0.14728654491613474
transition 634 0 660 -0.4221349892353021 0.4944613080801311
transition 634 0 199 -0.040654045943929074 0.35825214700373414
transition 634 1 269 -0.3548714944945046 0.10490598240128735
transition 634 1 528 -0.28773674579662023 0.47067747023594037
transition 634 1 941 -0.39327024428972734 0.24026853867903566
transition 634 1 508 -0.3255267027631672 0.18414800868373668
transition 634 2 625 -0.11945120950402388 0.45550834771790094
transition 634 2 956 0.8033693940851654 0.17562179422335283
transition 634 2 453 0.42957257612366684 0.05745236024188702
transition 634 2 884 0.8622087386858006 0.3114174978168592
transition 634 3 498 0.8787629946810387 1.0
transition 634 4 849 -0.829857373208774 1.0
transition 635 0 993 0.7654858033757668 0.1314296938095365
transition 635 0 925 0.6884025145826265 0.3169447690958688
transition 635 0 859 -0.4241471625042761 0.03487425909991655
transition 635 0 65 0.7124557683090671 0.36017943763097965
transition 635 0 192 -0.2002533299330349 0.15657184036369856
transition 635 1 286 0.8284860390257005 0.10138825475507103
transition 635 1 691 0.4148639180913989 0.3081435897033175
transition 635 1 782 -0.4739273450022199 0.35479836805629494
transition 635 1 917 -0.042344819541020096 0.23566978748531658
transition 635 2 267 -0.08343449052732033 0.051536360086399904
transition 635 2 959 0.768936726346289 0.44962988260804404
transition 635 2 281 0.05681949803887365 0.14685383388524081
transition 635 2 862 -0.3031412610510915 0.35197992342031514
transition 635 3 454 0.33641587834743913 0.21464393517145242
transition 635 3 541 0.14763150539772818 0.4919247754288963
transition 635 3 725 -0.5781399938514784 0.29343128939965135
transition 635 4 827 0.929332927416912 0.18303493595066359
transition 635 4 600 -0.48683704872423483 0.07962442592504852
transition 635 4 599 -0.9532774843702541 0.23251148958359946
transition 635 4 15 -0.6150821151677979 0.2757571856132518
transition 635 4 225 0.07441193154289816 0.2290719629274366
transition 636 0 107 0.9102882565483532 0.16477256759983916
transition 636 0 683 -0.24771140017745075 0.4081306302841969
transition 636 0 730 -0.9482720545769807 0.21145340272646143
transition 636 0 200 0.14797677843015777 0.14253517699884358
transition 636 0 579 -0.45010012008441436 0.07310822239065891
transition 636 1 264 0.8926105661076735 0.16848247701646676
transition 636 1 834 -0.8095907066020054 0.8315175229835332
transition 636 2 954 0.9521377805519544 1.0
transition 636 3 243 0.7779540327437868 0.05055929234872564
transition 636 3 410 0.47327884346204363 0.4425733208703889
transition 636 3 129 0.15081923487315096 0.2547572496718783
transition 636 3 736 -0.9127308654299249 0.2521101371090071
transition 636 4 70 0.8456716083548139 0.20251931758444672
transition 636 4 887 -0.627808421132855 0.7974806824155533
transition 637 0 805 0.3754523715640572 0.09726696413901055
transition 637 0 914 -0.20326974417242583 0.9027330358609894
transition 637 1 722 0.3236695412624133 0.5283877038281196
transition 637 1 886 0.49011293367772324 0.1601916286584579
transition 637 1 218 0.9862812275068338 0.3114206675134225
transition 637 2 427 0.8819909402461783 0.12817317903109876
transition 637 2 477 0.8571629555137739 0.05465536480843796
transition 637 2 267 -0.03158765339742886 0.8171714561604632
transition 637 3 456 -0.9329727732577306 0.21631709201174548
transition 637 3 524 -0.716968897917041 0.22892970991473216
transition 637 3 260 0.28635341851341023 0.4557874960622889
transition 637 3 121 0.84744416792997 0.09896570201123352
transition 637 4 341 0.990746388268396 0.3876754807891876
transition 637 4 582 0.030089523905927118 0.15567982133117794
transition 637 4 474 0.006284105980610244 0.45664469787963435
transition 638 0 551 -0.6737989497386134 1.0
transition 638 1 502 -0.17496052003059703 0.6641561024640069
transition 638 1 570 0.4912579431860653 0.33584389753599314
transition 638 2 467 0.1447154996497957 1.0
transition 638 3 983 -0.28162486754472216 0.37500073532714734
transition 638 3 954 0.1303260593337321 0.18589973609885982
transition 638 3 109 -0.5659458859028781 0.27495501774970965
transition 638 3 15 0.012325147030723516 0.16414451082428322
transition 638 4 983 -0.6227880735269831 0.3714797495580469
transition 638 4 895 0.27171481613052917 0.01561172273148922
transition 638 4 521 0.5668127827118346 0.42256103148128155
transition 638 4 564 0.16250937892096018 0.19034749622918223
transition 639 0 653 0.5426053956527483 0.48317189868584587
transition 639 0 539 0.7229084922279896 0.15781551854607462
transition 639 0 446 0.9735225271555932 0.006438796973559645
transition 639 0 957 0.9302504524029753 0.020582100456338816
transition 639 0 795 0.07483441832429238 0.33199168533818096
transition 639 1 533 -0.49202022341073137 0.33694890112581877
transition 639 1 288 -0.24551589295880438 0.6630510988741812
transition 639 2 38 0.30767297325022036 1.0
transition 639 3 598 -0.2471870515460608 1.0
transition 639 4 113 0.6149715888707941 0.10013905454732798
transition 639 4 637 -0.6873973250407097 0.19622599987012881
transition 639 4 880 -0.41445250848810367 0.1440974037147188
transition 639 4 820 0.017531921485181012 0.4693568999060324
transition 639 4 584 0.9739606181002334 0.09018064196179208
transition 640 0 912 0.23998297531409096 0.35053053088818303
transition 640 0 943 0.7956010280111956 0.34134810872913507
transition 640 0 193 0.5964429553068464 0.3081213603826819
transition 640 1 761 0.8047738146231118 0.025263114706057247
transition 640 1 940 -0.7728903024298845 0.0513537365417504
transition 640 1 726 0.3231532381273945 0.49881631231401047
transition 640 1 955 -0.5900564616009838 0.42456683643818194
transition 640 2 69 0.27176201703958025 0.12134388352485558
transition 640 2 796 0.9112825648677718 0.19413729023136558
transition 640 2 992 0.050821599476458035 0.526052988999543
transition 640 2 435 -0.4579065235644786 0.15846583724423577
transition 640 3 784 -0.9726245531408297 0.47763674809349277
transition 640 3 447 -0.5118456212625575 0.22592699296375868
transition 640 3 741 -0.2543056275509581 0.2964362589427486
transition 640 4 608 0.8266652937377812 0.10595010500835872
transition 640 4 437 -0.6827653818771311 0.12990028908799328
transition 640 4 574 -0.8676040362965363 0.3677830713416936
transition 640 4 928 -0.6465917427340067 0.28130651020907294
transition 640 4 13 -0.9202822858030997 0.11506002435288157
transition 641 0 359 -0.7626999680836395 0.3590478661640483
transition 641 0 955 -0.478067947301013 0.4847838030284962
transition 641 0 133 0.5342699992606887 0.1561683308074554
transition 641 1 98 0.4963435738951012 0.16879743326346075
transition 641 1 533 0.9870146640609645 0.40959351078342265
transition 641 1 569 -0.8273087504591501 0.36383057460186957
transition 641 1 86 -0.09926743754066836 0.05777848135124696
transition 641 2 314 -0.1280466283558488 1.0
transition 641 3 761 0.64426811462911 0.15894558618910434
transition 641 3 786 0.15643349663787487 0.2867171521802539
transition 641 3 37 -0.012715986738330853 0.3622488331978844
transition 641 3 396 0.782825856008921 0.1920884284327572
transition 641 4 310 -0.06913991908285122 1.0
transition 642 0 759 -0.4755841662046314 1.0
transition 642 1 546 0.868954459193007 0.2917547954464544
transition 642 1 198 -0.5945064213481162 0.7082452045535457
transition 642 2 739 -0.4511536370458018 0.44318113910381335
transition 642 2 660 0.289699646908411 0.5568188608961866
transition 642 3 151 -0.9741310349485335 0.4241289121428212
transition 642 3 172 -0.1779631336756886 0.5758710878571789
transition 642 4 36 -0.6469552094488691 1.0
transition 643 0 185 -0.9079457466065108 0.1914778949647573
transition 643 0 332 0.9674718494618846 0.34631981684366325
transition 643 0 354 0.751788528797183 0.11459829541724931
transition 643 0 375 -0.6568486003423459 0.34760399277433024
transition 643 1 64 0.8866728827189216 0.2780541620175916
transition 643 1 972 0.23713935649962115 0.25195846093607627
transition 643 1 805 -0.5239813335782897 0.04959419290139984
transition 643 1 697 0.1832968969327211 0.09787441485875041
transition 643 1 530 0.5040390176154299 0.3225187692861819
transition 643 2 974 0.06262659628583567 0.13884102947362828
transition 643 2 37 -0.28083036017202545 0.25411431642737825
transition 643 2 673 0.016078822300466866 0.032885798981810425
transition 643 2 874 0.8328932523176802 0.2760344854301717
transition 643 2 633 0.07591990724229691 0.29812436968701134
transition 643 3 238 0.9904466167522923 0.08070825475606358
transition 643 3 517 0.25080142012629203 0.06799500716573818
transition 643 3 636 -0.6799086294538224 0.8512967380781983
transition 643 4 303 -0.6088274313583151 0.04779778987882844
transition 643 4 907 0.938337579935755 0.5264089851541222
transition 643 4 326 0.6447482454062565 0.42579322496704947
transition 644 0 664 0.9649000215875205 0.4905474203476841
transition 644 0 467 0.004563749335734002 0.3748319153094936
transition 644 0 495 0.3217743233380257 0.13462066434282224
transition 644 1 398 0.8405308552988517 1.0
transition 644 2 524 0.8260530419615768 0.24751124735239927
transition 644 2 790 0.35339464454478686 0.31531763380652905
transition 644 2 543 -0.4409390675054392 0.029212501701303868
transition 644 2 39 0.3504695363284671 0.4079586171397677
transition 644 3 176 -0.4424619626373152 1.0
transition 644 4 176 0.6736177309099711 0.7952721083818696
transition 644 4 178 0.7422318666448409 0.2047278916181304
transition 645 0 82 0.30198305029774586 0.28624213236676854
transition 645 0 259 0.3894818097459911 0.11333175286209064
transition 645 0 493 0.4405457477230772 0.02594905702737787
transition 645 0 865 0.1611475499391406 0.22966934750491744
transition 645 0 263 -0.3270712180725419 0.3448077102388456
transition 645 1 902 -0.7923638409261688 0.18839370584240386
transition 645 1 660 -0.7025188950870802 0.061515343465984716
transition 645 1 614 0.8470901883687061 0.427137211607546
transition 645 1 196 -0.08186076498122552 0.32295373908406555
transition 645 2 882 -0.5346808468392605 0.503911452713028
transition 645 2 131 0.2598178383360632 0.3892505844236836
transition 645 2 62 0.726391244841962 0.10683796286328838
transition 645 3 73 0.5763674960167868 0.39511468272889333
transition 645 3 535 -0.9776949599326783 0.24611967572579158
transition 645 3 665 0.26596535428653434 0.3587656415453151
transition 645 4 794 0.7763616094839298 0.08214221471028375
transition 645 4 586 -0.03688840495334045 0.24980790809755507
transition 645 4 391 0.6439691328391681 0.12556451118175546
transition 645 4 592 -0.7433893266769529 0.07774388909467217
transition 645 4 519 0.2568218699632343 0.46474147691573353
transition 646 0 663 0.96795115420539 1.0
transition 646 1 969 -0.386565802364939 0.9127565326456
transition 646 1 384 0.7862575454159955 0.08724346735439992
transition 646 2 885 0.3109406118235607 0.494295744500462
transition 646 2 482 -0.17976664933812136 0.505704255499538
transition 646 3 806 0.7769058575691279 0.21157283245193456
transition 646 3 560 -0.7304682612415674 0.2705295366775415
transition 646 3 848 -0.8383377084080168 0.11673960360203614
transition 646 3 100 -0.9263608969712729 0.0017436942455186135
transition 646 3 816 -0.32365196622930315 0.39941433302296925
transition 646 4 122 0.9768682667666724 0.11141202777168734
transition 646 4 434 -0.18200720227567957 0.37839703662536334
transition 646 4 105 0.6946186081759198 0.2963471923101351
transition 646 4 522 0.712750345962657 0.21384374329281422
transition 647 0 603 -0.376382290024285 0.767517142458773
transition 647 0 629 0.1864420320510951 0.23248285754122705
transition 647 1 741 0.5800106639132616 0.29587898177255
transition 647 1 43 -0.8185256996971266 0.06603029507034591
transition 647 1 204 -0.7548751585002782 0.20917189974925302
transition 647 1 164 -0.6752669353471286 0.35132247825538393
transition 647 1 974 -0.4983441154845467 0.07759634515246712
transition 647 2 75 -0.2819812481925488 0.20447889441596095
transition 647 2 679 -0.10095754528365375 0.23697010919597478
transition 647 2 292 -0.05078964530685459 0.1513509413184885
transition 647 2 681 -0.4163995667884757 0.2786144172492178
transition 647 2 640 -0.5483553694842775 0.12858563782035803
transition 647 3 456 0.305428339274082 0.41765466694967507
transition 647 3 417 0.6370113335766079 0.2983792295637384
transition 647 3 606 -0.7827483160500874 0.12699234352453415
transition 647 3 602 -0.7502667808826886 0.1569737599620524
transition 647 4 826 -0.974756669118672 0.31410818664808604
transition 647 4 912 -0.5562949851346413 0.1240168771544821
transition 647 4 171 0.8882909285471168 0.2708566393436851
transition 647 4 806 0.8769781818948887 0.043144148373659576
transition 647 4 767 -0.6276374099335655 0.2478741484800872
transition 648 0 649 0.5152589902877964 0.3411813583800869
transition 648 0 778 0.7824190111949452 0.2629579314648947
transition 648 0 291 0.7713979200935315 0.1807908881283039
transition 648 0 515 -0.9360999977118813 0.1351692383268865
transition 648 0 891 0.21193805803333787 0.07990058369982812
transition 648 1 392 0.35816642661135667 0.02937819176066987
transition 648 1 350 -0.980016677068847 0.19685537976174003
transition 648 1 18 -0.884009359622884 0.47733291713828996
transition 648 1 12 0.9823745354986717 0.2964335113393001
transition 648 2 350 -0.030816269812854014 0.2513935804970379
transition 648 2 644 0.7010921973609683 0.1093300721742967
transition 648 2 221 -0.010301953217112914 0.44945839617023114
transition 648 2 656 0.35871803012003434 0.18981795115843414
transition 648 3 230 0.9154731188648395 0.1284032532987368
transition 648 3 218 -0.2721023966772942 0.26128192851830623
transition 648 3 437 0.755762549703543 0.24451422509044063
transition 648 3 34 -0.8622628474527336 0.093038796666713
transition 648 3 528 0.20504845713091613 0.2727617964258034
transition 648 4 849 0.33404912650728447 1.0
transition 649 0 252 0.030474771391648003 0.0755296984419586
transition 649 0 778 0.19021702276770913 0.3833706266775628
transition 649 0 942 0.9436513368625863 0.3822952668424691
transition 649 0 330 -0.6554605563137808 0.15880440803800944
transition 649 1 562 -0.13398093118359555 0.26792567715268145
transition 649 1 785 -0.9739874302613369 0.11849949307946435
transition 649 1 148 0.4725999905613676 0.25604547774583414
transition 649 1 784 0.29915404002164414 0.3575293520220201
transition 649 2 823 -0.9182085758560723 0.21180838600187452
transition 649 2 51 -0.772202596842869 0.46969749438714875
transition 649 2 479 -0.798669823244404 0.31849411961097684
transition 649 3 477 0.8275598111870546 0.09554124410558751
transition 649 3 96 -0.23242120551768175 0.15461219446226532
transition 649 3 147 0.5846549288471876 0.17607541797241372
transition 649 3 62 -0.8554463757688053 0.22519393438559915
transition 649 3 161 0.8223236165646925 0.3485772090741343
transition 649 4 834 -0.6857321152180802 0.12642658391745443
transition 649 4 608 0.771194403467022 0.07786554514040786
transition 649 4 749 -0.7964745006816039 0.7957078709421377
transition 650 0 912 0.6883760253915534 0.5209951130392583
transition 650 0 566 -0.6737109227254601 0.4790048869607418
transition 650 1 293 -0.4200623552028957 1.0
transition 650 2 89 0.8297520680956054 0.3150448541047266
transition 650 2 953 -0.8902283520638177 0.21348201037620107
transition 650 2 316 -0.792921506859062 0.16028028002039216
transition 650 2 345 0.4565856131210275 0.3111928554986802
transition 650 3 784 0.5401091738891624 0.005173675154298874
transition 650 3 32 0.3172556840816416 0.2896481025687864
transition 650 3 112 0.2907312132274946 0.42452477018163304
transition 650 3 227 0.47461828743144063 0.14856820429811884
transition 650 3 309 -0.7297687942527611 0.13208524779716277
transition 650 4 945 0.5411792599840979 0.4336058440798072
transition 650 4 325 -0.5503906217890013 0.5663941559201927
transition 651 0 673 0.6552107652508121 0.06163086094888745
transition 651 0 127 -0.2784684796299428 0.1484012849254248
transition 651 0 227 0.5662603326021702 0.43986135878373495
transition 651 0 661 0.0901075399277731 0.35010649534195293
transition 651 1 316 0.4506487198789608 0.14550336320043972
transition 651 1 846 0.011037559256692697 0.41966359447388807
transition 651 1 97 0.38634812251499584 0.3377004810573254
transition 651 1 607 -0.17062671361758452 0.09713256126834677
transition 651 2 998 0.057559206932531026 0.25245645057913907
transition 651 2 955 0.05589448296785049 0.11231230796796834
transition 651 2 634 0.060730139151455864 0.3348874553744634
transition 651 2 956 0.3180154568437674 0.3003437860784292
transition 651 3 142 0.35157143521619494 0.2133690208317357
transition 651 3 936 0.1068929274726731 0.05998170394629193
transition 651 3 460 -0.921712418922281 0.2911515369895959
transition 651 3 577 -0.6690140809194309 0.12971812293436724
transition 651 3 552 -0.6351554563307575 0.3057796152980093
transition 651 4 912 0.7029480949955587 1.0
transition 652 0 667 0.8428060863259079 0.31924067123611305
transition 652 0 511 -0.13711699774024755 0.45307080672112476
transition 652 0 560 0.8825073719322432 0.22768852204276213
transition 652 1 805 -0.6522138034542004 0.22398787867477082
transition 652 1 471 -0.7466723931429289 0.014106121340898321
transition 652 1 327 0.8232578675476718 0.10678105055708303
transition 652 1 928 0.323410799676743 0.33027869479551814
transition 652 1 32 -0.9627089190044036 0.32484625463172967
transition 652 2 923 -0.22142403586941573 0.3558307359295685
transition 652 2 885 0.9579019527354622 0.6441692640704315
transition 652 3 68 -0.3034463926998656 0.3020853420993629
transition 652 3 481 -0.23337855837503496 0.4435513591658176
transition 652 3 879 0.10105138520069445 0.2543632987348195
transition 652 4 26 -0.8565628549038058 1.0
transition 653 0 398 -0.3784666877523011 0.22803400518760153
transition 653 0 688 -0.1768894228452127 0.17238684484849315
transition 653 0 868 -0.7886165089217447 0.24918218739431425
transition 653 0 240 -0.48570388521263275 0.3503969625695911
transition 653 1 145 0.7028910052905082 1.0
transition 653 2 90 -0.6964520914684253 0.07003229116865253
transition 653 2 217 0.31586822421648564 0.3006166607968722
transition 653 2 350 -0.509574078971663 0.33021191151747953
transition 653 2 899 0.8902315956943165 0.012685817093133484
transition 653 2 744 -0.6790534830499388 0.28645331942386226
transition 653 3 358 -0.6296727897574643 0.16118445766876813
transition 653 3 803 0.6954876146259488 0.3221239195560154
transition 653 3 338 0.17270653612019182 0.02600022595788357
transition 653 3 857 0.17671768204207883 0.15923668974331406
transition 653 3 185 0.713697493898444 0.33145470707401886
transition 653 4 901 -0.07736618697851405 0.1932112477779793
transition 653 4 894 0.91991426941806 0.3554634447624061
transition 653 4 880 0.3804205571768009 0.264361737689439
transition 653 4 72 0.12175118179721367 0.18696356977017548
transition 654 0 626 0.5444382183590328 0.4467851201848645
transition 654 0 365 0.5870332570972339 0.5532148798151355
transition 654 1 64 -0.019423759195427603 0.19553485673302792
transition 654 1 981 0.6554537778792244 0.13383359836954553
transition 654 1 185 -0.33867015538251155 0.08451035683503624
transition 654 1 523 0.5810790538840014 0.3204929318646168
transition 654 1 354 -0.12457323927537911 0.2656282561977736
transition 654 2 639 -0.9330738004791259 0.23982446590419557
transition 654 2 416 -0.16094750925190615 0.7601755340958044
transition 654 3 517 -0.6464397156614188 0.3104732710723156
transition 654 3 809 0.4662565936418481 0.16733122860761115
transition 654 3 508 0.30844234069246457 0.31119496073807645
transition 654 3 361 -0.7504528756950835 0.21100053958199672
transition 654 4 897 -0.4378331260397652 0.09909033400567038
transition 654 4 107 -0.9862492074468094 0.33005917803272533
transition 654 4 114 -0.5278522784728348 0.18120646280991215
transition 654 4 339 0.4657349400159938 0.38964402515169216
transition 655 0 115 -0.48731698981128746 0.3494591549849996
transition 655 0 233 -0.36502978350367954 0.5105059741407851
transition 655 0 812 -0.47132612118255146 0.09522369227148444
transition 655 0 344 -0.8336742854338961 0.04481117860273082
transition 655 1 655 -0.27237109895479317 0.15499277291135777
transition 655 1 41 -0.6503488501873973 0.20611104797215887
transition 655 1 662 -0.13665714171715404 0.20019911359999246
transition 655 1 420 0.6922068555079988 0.3103368271675225
transition 655 1 562 -0.8649432316762644 0.1283602383489685
transition 655 2 230 -0.5889796407381556 0.2895425156826841
transition 655 2 795 -0.8354046755461757 0.15892459837869055
transition 655 2 46 0.32111137316464133 0.19584181888121135
transition 655 2 486 0.1736860910993625 0.055394464134879466
transition 655 2 245 0.014801678555957709 0.3002966029225347
transition 655 3 347 -0.6566502387463722 0.6722889659042167
transition 655 3 521 0.6662754929142491 0.3277110340957832
transition 655 4 70 -0.8717352363527575 0.07445907432366644
transition 655 4 818 0.8264360974754688 0.13856459476629202
transition 655 4 807 -0.3284218618338719 0.08139546952337076
transition 655 4 318 0.5343373708927657 0.7055808613866708
transition 656 0 183 -0.20173699076049467 0.38865276508476904
transition 656 0 298 0.24948247874497897 0.4012820720999509
transition 656 0 131 -0.2724587755572663 0.21006516281527995
transition 656 1 944 0.04776225847797244 1.0
transition 656 2 871 0.3024123815228934 1.0
transition 656 3 298 0.0513493855908016 0.05879802262859821
transition 656 3 923 -0.9720903032344652 0.5008368998944047
transition 656 3 425 -0.15771680239731034 0.44036507747699716
transition 656 4 913 -0.682538800615307 0.3109682578555853
transition 656 4 332 0.061884260213246334 0.0899054622594469
transition 656 4 124 -0.27205884363195176 0.2411861412465071
transition 656 4 468 0.3462473485432429 0.3579401386384607
transition 657 0 802 -0.9355482294025481 0.22566327562458502
transition 657 0 528 -0.20546609440917463 0.6811950935357591
transition 657 0 147 0.29391641513199707 0.09314163083965579
transition 657 1 239 0.7284691717169638 0.5572748374149217
transition 657 1 788 0.38277371009075156 0.44272516258507827
transition 657 2 465 0.7675077669302655 0.056433195798088955
transition 657 2 267 -0.538614278236907 0.08825000610662367
transition 657 2 343 -0.34435285826222195 0.33790577716285747
transition 657 2 566 0.802251285324961 0.5174110209324299
transition 657 3 681 0.14111478378779152 0.7440937947473558
transition 657 3 558 0.5428731006471328 0.10484720224292256
transition 657 3 644 -0.47080586511091504 0.1510590030097216
transition 657 4 415 -0.42411269422582154 0.6713001635423496
transition 657 4 652 -0.5669984521417861 0.2174105660180688
transition 657 4 517 0.4106912431998131 0.11128927043958162
transition 658 0 729 -0.2561077144513544 0.45008175993344823
transition 658 0 415 0.24982871736945622 0.5499182400665519
transition 658 1 232 -0.1831575442814255 1.0
transition 658 2 846 0.04069701895233524 0.1689500633258031
transition 658 2 573 0.5194177409681742 0.03168989060746827
transition 658 2 337 -0.5021684636249961 0.40673035213525993
transition 658 2 81 -0.7293273522835497 0.0002671812689543347
transition 658 2 848 -0.4842453584374593 0.3923625126625144
transition 658 3 861 -0.0345922318979337 1.0
transition 658 4 174 -0.24392632921404322 0.018544895056048744
transition 658 4 464 -0.41132335353380367 0.08075757010382847
transition 658 4 544 -0.3022171597429586 0.4381185724264481
transition 658 4 465 0.38464659187241157 0.38753788538045303
transition 658 4 499 -0.04118517944836242 0.0750410770332217
transition 659 0 177 0.27945675709740003 0.4091074400988558
transition 659 0 512 0.726746247855742 0.5908925599011442
transition 659 1 422 0.9823086346393513 1.0
transition 659 2 353 -0.12776388871343736 0.19459318943211298
transition 659 2 997 -0.8293377474397445 0.355893831749006
transition 659 2 738 -0.569755677201611 0.3389572131222516
transition 659 2 511 -0.7840350920051411 0.11055576569662942
transition 659 3 317 -0.44598799971334024 0.6452269930598108
transition 659 3 815 0.6286498271488739 0.3547730069401892
transition 659 4 280 0.7626076976696592 1.0
transition 660 0 638 0.716759658912774 0.267308977214576
transition 660 0 153 0.21245436682665808 0.5253394584555123
transition 660 0 60 0.35890271439457355 0.20735156432991164
transition 660 1 813 0.9890318724219711 1.0
transition 660 2 737 0.4085906997381752 0.5706495324686379
transition 660 2 659 0.938650450206094 0.42935046753136213
transition 660 3 293 0.274135340739595 0.298841835047709
transition 660 3 960 -0.36235260697937965 0.3205909048970246
transition 660 3 711 0.8046903725480159 0.37825402752587706
transition 660 3 378 -0.22411842927962167 0.0023132325293893155
transition 660 4 907 -0.8477438445765619 0.2607410025277789
transition 660 4 386 0.6822675865141181 0.49344275091436834
transition 660 4 192 -0.7685704927522115 0.026634969392882946
transition 660 4 742 -0.548313834025058 0.21918127716496982
transition 661 0 50 -0.4449463420804549 0.3048512186904879
transition 661 0 854 0.3353791270469271 0.4725646211305599
transition 661 0 558 -0.766176334360301 0.22258416017895205
transition 661 1 497 0.0003004156359469601 0.6465486075613793
transition 661 1 908 0.024934059772354855 0.35345139243862067
transition 661 2 215 -0.01039349092419184 0.2292128759940222
transition 661 2 319 0.7556587011569595 0.7707871240059778
transition 661 3 6 -0.7621034483447615 0.3206357126705671
transition 661 3 101 0.3792662653336438 0.2942629488791955
transition 661 3 99 0.5755210517224829 0.1632493185705391
transition 661 3 500 -0.10251684154001395 0.10611610977077889
transition 661 3 497 0.19665555816030866 0.1157359101089194
transition 661 4 250 0.2428357050762322 1.0
transition 662 0 559 -0.2657003374696483 0.43401585476203336
transition 662 0 420 0.25148898536878916 0.09980831536465348
transition 662 0 491 0.03687347035335997 0.43682404643249967
transition 662 0 909 -0.9720170067034775 0.02935178344081347
transition 662 1 760 0.8013199883769988 0.6164151739882292
transition 662 1 439 -0.5979193828159535 0.38358482601177085
transition 662 2 825 -0.3695419528249657 0.27230391131502024
transition 662 2 440 0.7093815413306872 0.16914105688278716
transition 662 2 514 0.314771976996419 0.23204409468859397
transition 662 2 879 -0.8986688383374464 0.3265109371135986
transition 662 3 802 -0.1697616879708459 0.1652697858809375
transition 662 3 477 0.7902119596056181 0.49552794834564895
transition 662 3 621 0.41285447445479995 0.33920226577341356
transition 662 4 65 -0.4359593306584788 0.8784223785723347
transition 662 4 969 -0.7846844609886632 0.12157762142766529
transition 663 0 662 0.9240419362821113 1.0
transition 663 1 89 0.6728524308831063 0.21247928711048758
transition 663 1 744 -0.7466701266842826 0.4033364757751246
transition 663 1 334 0.8150540127462487 0.37165411486988664
transition 663 1 697 0.7160466176031881 0.012530122244501202
transition 663 2 475 -0.5723288351218492 0.5098816815887898
transition 663 2 898 -0.41502294753018276 0.44800219709064565
transition 663 2 119 0.47863706307009646 0.04211612132056467
transition 663 3 870 -0.3988070243877684 0.020530031204862523
transition 663 3 258 -0.21183688405125833 0.9794699687951375
transition 663 4 930 -0.6278118299946724 0.012085503542868633
transition 663 4 300 0.6588795560859595 0.17890055889179377
transition 663 4 734 0.9710743581926295 0.8090139375653375
transition 664 0 357 0.4988061658304608 0.6842017662252426
transition 664 0 830 0.42149320467388596 0.3157982337747574
transition 664 1 522 0.5932677344524246 0.45346276053683365
transition 664 1 777 -0.7081423892507661 0.3868475715175158
transition 664 1 966 -0.7069265547309624 0.15968966794565057
transition 664 2 587 0.5764616156972395 0.4824089264652389
transition 664 2 116 -0.041669238502700434 0.517591073534761
transition 664 3 18 -0.6166221953446089 1.0
transition 664 4 16 -0.49238928807593507 0.6312442811490644
transition 664 4 100 -0.5952249087694923 0.18299355400370243
transition 664 4 284 0.8361542491933387 0.1053079523132238
transition 664 4 758 0.1283682474065757 0.06606367411103657
transition 664 4 287 0.04979108551921674 0.014390538422972889
transition 665 0 579 0.016110980650515527 1.0
transition 665 1 238 -0.7730728742595603 0.17499554371865253
transition 665 1 700 0.20645114982898094 0.42896683095574045
transition 665 1 322 0.4021561621832157 0.39603762532560705
transition 665 2 956 -0.3771590145767245 0.36403775427562707
transition 665 2 304 -0.685421850640551 0.0967957871710057
transition 665 2 578 -0.2726044802839216 0.45567927878889214
transition 665 2 963 -0.5189134427232922 0.08348717976447517
transition 665 3 824 0.41049272523727254 1.0
transition 665 4 88 -0.28186977768022636 0.48239704817723317
transition 665 4 656 0.3231300239576964 0.20211263556892656
transition 665 4 683 -0.7939082544969427 0.1478875478728454
transition 665 4 588 0.25071342974854294 0.05795595401002626
transition 665 4 235 0.6508783416434152 0.10964681437096867
transition 666 0 249 -0.8992013855382792 1.0
transition 666 1 722 -0.6348168394294487 1.0
transition 666 2 632 0.3429354104132303 1.0
transition 666 3 378 0.9133815400747383 0.17584728326753457
transition 666 3 318 -0.2506926005816179 0.8241527167324654
transition 666 4 515 -0.7382572850607148 0.2032983979265421
transition 666 4 120 0.9388170680624806 0.35922065777968376
transition 666 4 504 0.22375135108904365 0.4374809442937742
transition 667 0 867 0.3608948570930388 0.17091948440530935
transition 667 0 369 -0.762977465764636 0.11144792495438856
transition 667 0 417 -0.7883464276313836 0.6215206323657121
transition 667 0 854 0.5030173066897794 0.0961119582745899
transition 667 1 311 0.699983124570366 0.4619439042912142
transition 667 1 22 0.18751894204310515 0.3323330096132745
transition 667 1 228 -0.29444152475896535 0.20572308609551132
transition 667 2 694 0.3054799315729584 0.8454126952570465
transition 667 2 187 -0.2803435113861543 0.15458730474295343
transition 667 3 244 -0.7811085028340325 0.2724893407842997
transition 667 3 995 -0.14108606685031444 0.3990388916282174
transition 667 3 300 0.7846488500490953 0.328471767587483
transition 667 4 171 -0.1293166132924739 0.6210880465582956
transition 667 4 373 0.8298638391219673 0.3789119534417044
transition 668 0 854 -0.004014233229435948 0.33673024796201656
transition 668 0 783 -0.6669158602949701 0.33266030370847083
transition 668 0 268 0.09257613477513282 0.27433788791103103
transition 668 0 49 -0.06729367471171854 0.05627156041848158
transition 668 1 567 0.5985144072134916 1.0
transition 668 2 486 0.9273378701141723 0.43303448057837135
transition 668 2 777 -0.9475292391046994 0.042169641001648855
transition 668 2 414 -0.5503248784169816 0.5166540962762751
transition 668 2 937 -0.7653495615324442 0.008141782143704685
transition 668 3 842 0.6018031707944769 0.18648206343490556
transition 668 3 359 0.9306042922061648 0.19465360465238046
transition 668 3 403 -0.20425098093149519 0.19221101138877886
transition 668 3 85 -0.4785071095694884 0.35852649507613527
transition 668 3 60 0.7848199787243293 0.06812682544779977
transition 668 4 619 -0.08874883930562039 0.26073195175107955
transition 668 4 408 -0.7627534491201555 0.4327237950269637
transition 668 4 67 -0.7950055085730752 0.3065442532219568
transition 669 0 436 0.42297436508707076 0.2523562777933605
transition 669 0 212 -0.027127773508504927 0.06371681668729165
transition 669 0 857 -0.955305709743512 0.21743147164629734
transition 669 0 450 -0.6782473110609533 0.2833747924159097
transition 669 0 92 -0.26437835871228366 0.18312064145714077
transition 669 1 478 -0.05831559402819764 0.36500787512615007
transition 669 1 773 0.5346855404134203 0.17818021978345075
transition 669 1 106 -0.5154466800744943 0.2858809109901985
transition 669 1 599 -0.1837602275350736 0.17093099410020057
transition 669 2 388 -0.40596137307048985 0.2682745732541304
transition 669 2 835 -0.8714197426616961 0.1675047149723902
transition 669 2 365 -0.45523870114790266 0.18696819276185075
transition 669 2 518 -0.06609320853685463 0.37725251901162865
transition 669 3 754 0.1947619806215335 0.10562969273506223
transition 669 3 841 0.07815643937649441 0.3986929646477568
transition 669 3 908 -0.4253082086869189 0.49567734261718105
transition 669 4 372 0.6568499600572322 0.8214254697789721
transition 669 4 991 -0.05875162096540176 0.1785745302210279
transition 670 0 998 -0.6908943830659915 1.0
transition 670 1 106 0.004542457436996106 0.20452751539890726
transition 670 1 947 -0.09132092103557654 0.7954724846010928
transition 670 2 172 -0.7018115979610375 0.6837308224198825
transition 670 2 665 0.7854737668775735 0.3162691775801175
transition 670 3 543 0.9828460784462707 0.2790757981788369
transition 670 3 934 -0.3468583391447517 0.3035405207521142
transition 670 3 657 0.6567546249696805 0.07245330231290556
transition 670 3 808 0.09694725852589925 0.1647290252408985
transition 670 3 171 -0.35811299956524434 0.18020135351524483
transition 670 4 812 0.9196940505969975 1.0
transition 671 0 818 0.46815374666429754 0.5261668539235663
transition 671 0 25 -0.687349528285067 0.47383314607643373
transition 671 1 656 -0.8755936014413381 0.4220020773001674
transition 671 1 543 -0.17525075799553447 0.5779979226998326
transition 671 2 884 -0.1904339807778499 0.14303148849761138
transition 671 2 120 -0.5324108239979484 0.40442504974059906
transition 671 2 814 -0.8669843358840406 0.4525434617617894
transition 671 3 458 0.5998712128144348 1.0
transition 671 4 363 0.48639044069929405 1.0
transition 672 0 470 0.883020433450703 0.49591435039582066
transition 672 0 334 -0.0812768841116478 0.19788843219225308
transition 672 0 382 -0.28832485835682964 0.30516139861587216
transition 672 0 380 -0.18301194988674352 0.0010358187960541583
transition 672 1 558 -0.6134514000735831 0.06628018018309058
transition 672 1 71 0.3876595562448262 0.9337198198169094
transition 672 2 256 -0.4486463797338214 0.17248741939190504
transition 672 2 483 -0.3456952546980916 0.2346021087002899
transition 672 2 164 0.6937493172477887 0.2750941012012138
transition 672 2 938 0.891231392950266 0.3178163707065913
transition 672 3 120 -0.9348987538861337 1.0
transition 672 4 752 0.1970607075721338 0.6907208398771216
transition 672 4 809 -0.16684318157675482 0.2720396311532078
transition 672 4 960 -0.051947859696628296 0.03723952896967062
transition 673 0 869 0.15208644194937748 1.0
transition 673 1 621 -0.41686302679125076 1.0
transition 673 2 987 -0.4518429160048436 0.8650489765094046
transition 673 2 421 -0.6645430450665628 0.1349510234905954
transition 673 3 370 -0.928016745715107 0.18121435397491711
transition 673 3 381 -0.541585697871368 0.21878038230393076
transition 673 3 432 -0.812445414780564 0.20895484108102855
transition 673 3 920 0.05061741738466585 0.2237960963746287
transition 673 3 328 -0.20188301347876192 0.16725432626549488
transition 673 4 106 0.040917403771647765 0.12187356016617647
transition 673 4 681 -0.5765266077178499 0.23872042519488051
transition 673 4 401 0.21110836635163444 0.23781224976617032
transition 673 4 700 0.531857921793784 0.23283044885051
transition 673 4 831 -0.7899104979345237 0.1687633160222626
transition 674 0 136 -0.09059720905126589 1.0
transition 674 1 785 -0.20159992922636527 0.2030096605508055
transition 674 1 945 -0.05038094126622039 0.7969903394491945
transition 674 2 111 -0.04295107714387236 0.44521966250935563
transition 674 2 276 -0.2518489596923985 0.22411201073420658
transition 674 2 405 -0.7716746394232281 0.06697183286195889
transition 674 2 535 -0.25834211465485235 0.2636964938944788
transition 674 3 798 0.6264294486021176 0.5923298182612458
transition 674 3 46 -0.2549662304225795 0.4076701817387543
transition 674 4 860 -0.4939963813637376 0.1902751976384547
transition 674 4 52 -0.18024410555300263 0.23281740153586625
transition 674 4 643 0.19830753556058411 0.30152650911645046
transition 674 4 637 0.35489516398056353 0.002320238340321352
transition 674 4 18 -0.359713943193291 0.2730606533689072
transition 675 0 103 0.15411250895451079 0.5178826649231526
transition 675 0 584 -0.49070168650488477 0.3000902146325441
transition 675 0 725 0.8638687148359689 0.07976233303113779
transition 675 0 798 -0.18219223588720057 0.10226478741316554
transition 675 1 381 0.33011958675981923 0.015095542432044567
transition 675 1 38 -0.5186547810105755 0.5698462223111198
transition 675 1 939 0.518020601086634 0.4150582352568358
transition 675 2 694 0.6964009672358742 0.024981397521271966
transition 675 2 750 -0.41891191989240983 0.20348659684206843
transition 675 2 542 -0.0019236320793185602 0.19224682846398072
transition 675 2 664 -0.18530801641369066 0.5792851771726789
transition 675 3 617 -0.10993350521343426 0.07741737769829275
transition 675 3 103 -0.914018040105294 0.3421147073818754
transition 675 3 586 -0.7697630925835504 0.24793230553900078
transition 675 3 786 -0.9169154292827186 0.1367062978664058
transition 675 3 404 -0.28975743188444625 0.1958293115144253
transition 675 4 963 0.43546602092705733 1.0
transition 676 0 578 0.8287565531862746 1.0
transition 676 1 174 0.2714071325215561 0.22358917874783743
transition 676 1 239 -0.5588940176603168 0.46430515621037594
transition 676 1 9 -0.39266079098375206 0.31210566504178655
transition 676 2 9 -0.7479101371894503 0.06300841389514329
transition 676 2 325 0.9954265674738458 0.44878748641528377
transition 676 2 255 -0.12051954603433623 0.4882040996895729
transition 676 3 597 -0.982111223173155 0.34694437951400103
transition 676 3 851 -0.28821520610652374 0.060533101024749646
transition 676 3 646 0.30205449123922445 0.29426340806206563
transition 676 3 327 0.974968735617185 0.14388256005763053
transition 676 3 963 0.2632741554241331 0.15437655134155326
transition 676 4 927 -0.15488951484939917 0.413657351457346
transition 676 4 540 -0.6568994884948867 0.45387228919370126
transition 676 4 936 0.7949018494845936 0.13247035934895274
transition 677 0 927 -0.1584142618344504 0.997370482286393
transition 677 0 370 0.4730885081671996 0.0026295177136069457
transition 677 1 624 -0.9737066540163217 0.2005614912837087
transition 677 1 557 -0.4611644726873545 0.3850597468781133
transition 677 1 892 -0.8009591331870731 0.06283101714126317
transition 677 1 290 -0.5008689708816698 0.3515477446969149
transition 677 2 902 0.3506290497654414 0.03486468028888446
transition 677 2 738 -0.48491571848553106 0.45810140159886115
transition 677 2 740 0.8917155252884073 0.5070339181122544
transition 677 3 16 -0.5103040805112484 0.477161783771443
transition 677 3 789 -0.37543988547598195 0.407959922887021
transition 677 3 881 -0.49756558736260814 0.11487829334153599
transition 677 4 93 0.3920345205309328 0.22789154073387846
transition 677 4 456 -0.7430247051132035 0.1370135818225281
transition 677 4 808 0.48245949197826143 0.23970298390843972
transition 677 4 292 -0.894260871768038 0.276122083838624
transition 677 4 351 -0.03239938334249981 0.1192698096965296
transition 678 0 554 -0.6502110193554649 0.39266547736115376
transition 678 0 502 0.9656156859064788 0.6073345226388462
transition 678 1 820 -0.009484445669247776 0.3782426384905275
transition 678 1 777 -0.6306460899374824 0.014482154201050835
transition 678 1 498 -0.39107940419257115 0.49041692860730873
transition 678 1 353 0.21830239290422937 0.11685827870111293
transition 678 2 124 -0.5143531542248889 0.19991203180000935
transition 678 2 70 0.5483097380595428 0.11833083725366067
transition 678 2 489 0.12893654018694756 0.09217842887471402
transition 678 2 713 0.1800851215071313 0.5895787020716159
transition 678 3 484 -0.8359112497807208 1.0
transition 678 4 579 -0.6845476254308738 0.30990330157824075
transition 678 4 645 0.651335217919039 0.3065543525241241
transition 678 4 9 -0.7773014746790985 0.01977145090840446
transition 678 4 436 -0.5351988123303335 0.0624822123313323
transition 678 4 583 0.274411343017007 0.3012886826578983
transition 679 0 814 0.43295624504478347 1.0
transition 679 1 29 0.4807499480820825 0.27021614255690285
transition 679 1 981 -0.2880328348509147 0.02236742868369489
transition 679 1 1 0.6205174780554243 0.3002186477421387
transition 679 1 327 -0.312276486615914 0.04069319707054191
transition 679 1 224 -0.3229503988669298 0.36650458394672164
transition 679 2 102 -0.959460150784913 0.43224125961987586
transition 679 2 821 0.4477828224672653 0.5677587403801241
transition 679 3 358 -0.6083873100984756 0.2236448193433701
transition 679 3 847 0.2370546655902359 0.1787841893064823
transition 679 3 388 -0.3408824198920408 0.31377369289948004
transition 679 3 965 0.7901275473216987 0.12653066808238758
transition 679 3 829 0.16504647044602905 0.15726663036827995
transition 679 4 423 -0.499563060869741 0.4420353778739064
transition 679 4 331 0.16859181764401288 0.0977681161558013
transition 679 4 224 -0.6796794088914784 0.4601965059702923
transition 680 0 369 -0.618047410864315 1.0
transition 680 1 997 0.1753890016673898 0.08330815836182284
transition 680 1 878 0.12377303969625486 0.3583775850627196
transition 680 1 200 0.9216101133976886 0.17008720884447318
transition 680 1 621 0.09286469346364035 0.004447491371194079
transition 680 1 813 0.5692340583933977 0.3837795563597902
transition 680 2 822 -0.447844782078634 0.31501718246343513
transition 680 2 751 0.5014002743211052 0.05946153013024675
transition 680 2 382 0.5197813534814442 0.08363387278897898
transition 680 2 213 0.032005734081808956 0.33595595953512564
transition 680 2 488 0.6204260905835484 0.20593145508221358
transition 680 3 177 0.7028730073843383 0.2642640701531731
transition 680 3 375 -0.5732124880197458 0.3053059799056217
transition 680 3 799 -0.576041077336866 0.43042994994120515
transition 680 4 959 -0.048642906578537426 0.405265983926398
transition 680 4 702 0.1858552122057473 0.594734016073602
transition 681 0 63 0.5433961628650232 0.37013096287302805
transition 681 0 248 -0.029976260263666843 0.4587718891104141
transition 681 0 727 0.08831635620365796 0.030087830314884715
transition 681 0 648 0.5399752525730588 0.002625564063989361
transition 681 0 521 -0.934565619088946 0.13838375363768388
transition 681 1 987 0.2758383835870244 0.6772822919160072
transition 681 1 523 -0.2491161253712757 0.3227177080839928
transition 681 2 824 0.7951369652067608 1.0
transition 681 3 738 -0.5245974993726907 1.0
transition 681 4 119 0.4472277806451459 0.6036909373186066
transition 681 4 656 0.7561318139449311 0.3963090626813934
transition 682 0 645 -0.2744814335172867 0.38500567010254816
transition 682 0 571 -0.005873206256558294 0.6149943298974518
transition 682 1 462 0.7157959115830579 0.16498465977314056
transition 682 1 323 -0.09009451097735766 0.38171769373111736
transition 682 1 890 0.008526382210611416 0.2958251383096015
transition 682 1 626 0.7212322526279531 0.03636513100347467
transition 682 1 33 -0.8693880422521743 0.12110737718266597
transition 682 2 313 0.37653762471065577 0.48647809021850147
transition 682 2 690 0.9306521771563865 0.5135219097814986
transition 682 3 946 0.25569820580583036 1.0
transition 682 4 754 0.2659964556852785 1.0
transition 683 0 50 0.5769574261347188 1.0
transition 683 1 173 -0.6879071930331657 0.5327570042984202
transition 683 1 112 0.15885478201585723 0.46724299570157973
transition 683 2 791 0.8036437948828439 0.7289837964042385
transition 683 2 771 -0.6816055900361784 0.2710162035957615
transition 683 3 936 -0.13954027883226194 0.2927570171001704
transition 683 3 15 -0.06814964057548889 0.35445189794300963
transition 683 3 165 0.7662687948335913 0.2871835185717322
transition 683 3 529 0.04910701854083177 0.06560756638508791
transition 683 4 397 0.9046792287595322 1.0
transition 684 0 45 -0.11302007005082104 0.16781950207458332
transition 684 0 875 -0.3433267312848878 0.1455802123964522
transition 684 0 413 -0.9788345977902493 0.2192331441340508
transition 684 0 505 0.05452954311295133 0.25728492841875744
transition 684 0 490 -0.9317465678053591 0.21008221297615623
transition 684 1 663 0.35714773249075726 0.6173628328985797
transition 684 1 280 -0.8578874836914179 0.28029684380308356
transition 684 1 268 0.8869434134231307 0.10234032329833677
transition 684 2 550 0.050172721737381076 0.5959508797467338
transition 684 2 52 0.5067050626828917 0.13207758747982926
transition 684 2 926 -0.4289720574762894 0.271971532773437
transition 684 3 122 -0.2446707958524177 1.0
transition 684 4 757 0.6364596067769783 0.1564874157159799
transition 684 4 635 -0.4552791510344585 0.20445140579623103
transition 684 4 520 0.12748160512129814 0.027586751317472933
transition 684 4 550 -0.31365656635076156 0.3039798264633224
transition 684 4 696 0.5291052477699414 0.30749460070699375
transition 685 0 732 0.8610292439103349 0.4867171502595593
transition 685 0 519 -0.6342160943099449 0.2034969187239398
transition 685 0 294 -0.010227922839012304 0.3097859310165009
transition 685 1 735 0.7938660770923229 0.5309421034953906
transition 685 1 926 0.6882355810116103 0.4690578965046094
transition 685 2 688 -0.44039011476361356 0.15577403029174935
transition 685 2 141 0.4326523965139202 0.17310637754725516
transition 685 2 309 0.6835172568463528 0.24947489824496136
transition 685 2 500 -0.1706236626639761 0.29933343723362466
transition 685 2 873 0.922715720137369 0.12231125668240951
transition 685 3 745 0.4283506134650046 1.0
transition 685 4 559 -0.9039252732298582 0.2822649723978759
transition 685 4 531 -0.05079413297314228 0.38955679843278884
transition 685 4 159 -0.7577544081550893 0.3281782291693353
transition 686 0 102 -0.43384953559045236 0.5179344468400822
transition 686 0 207 0.16466435985716577 0.17638434439108486
transition 686 0 427 0.5148997822610661 0.1662432497780239
transition 686 0 572 -0.4302063248886001 0.1394379589908091
transition 686 1 616 -0.823050749315166 0.38282177896455566
transition 686 1 356 -0.7179914382015355 0.6171782210354443
transition 686 2 966 -0.9389551525182165 0.22645337724275716
transition 686 2 848 -0.2785651157136382 0.24041816011666425
transition 686 2 343 -0.1660130038895864 0.28247793904016405
transition 686 2 671 0.15663089726203117 0.2506505236004146
transition 686 3 441 -0.6863009266554054 0.5056540661040714
transition 686 3 331 -0.14313542443157723 0.49434593389592846
transition 686 4 497 -0.9315657493725014 0.07890897234223779
transition 686 4 412 0.3768993961748579 0.9210910276577622
transition 687 0 276 0.08882364992415814 0.1116976675762962
transition 687 0 981 -0.9286353351452361 0.368946173644995
transition 687 0 149 0.28481979109992106 0.5193561587787088
transition 687 1 520 0.6035997063038023 1.0
transition 687 2 553 0.4672048822111208 0.04689370047833615
transition 687 2 394 -0.8196245494490357 0.25884912030024176
transition 687 2 762 0.9758776347055702 0.694257179221422
transition 687 3 922 0.7996962523100848 0.739485608115605
transition 687 3 774 0.5381791607374433 0.260514391884395
transition 687 4 728 -0.2039370613471656 1.0
transition 688 0 82 -0.4900997336663615 0.31965374713204053
transition 688 0 952 -0.5625346213563078 0.22778368780860372
transition 688 0 276 -0.249555762333191 0.2828817632516809
transition 688 0 776 -0.08251402241511374 0.08899710586666193
transition 688 0 96 0.4629432608694828 0.08068369594101292
transition 688 1 327 -0.9647602849770451 0.08807566962019159
transition 688 1 431 -0.08900483926366798 0.11121843265272127
transition 688 1 422 -0.9353814277834307 0.13019779135415677
transition 688 1 838 0.3593335935771915 0.2635409088577817
transition 688 1 446 -0.2262294207301565 0.40696719751514865
transition 688 2 493 0.7858430171899085 1.0
transition 688 3 469 0.1737258003305986 0.15840651061957808
transition 688 3 518 -0.11566061730065447 0.4805946523125628
transition 688 3 192 -0.4289185495191319 0.02021706227029114
transition 688 3 116 0.25952510085949165 0.23617229364975123
transition 688 3 632 0.17756530853441221 0.10460948114781662
transition 688 4 599 0.3647119192553976 0.26359896797936316
transition 688 4 151 0.28977688300347393 0.38735958491592065
transition 688 4 218 0.45759877179250874 0.34904144710471613
transition 689 0 903 -0.8059705654043341 0.09380922988312342
transition 689 0 643 0.9474586977542161 0.6042395880863872
transition 689 0 314 0.46820514685879244 0.30195118203048943
transition 689 1 386 0.6603752406937842 1.0
transition 689 2 255 -0.606313964462249 0.44481750313296314
transition 689 2 362 -0.5713570909700032 0.5551824968670369
transition 689 3 310 0.14589639737572702 0.3097526520196789
transition 689 3 779 -0.9247443975373231 0.061723799487505566
transition 689 3 64 -0.8541537185921926 0.2179924210002984
transition 689 3 838 0.10474172495689893 0.23909493340296792
transition 689 3 772 -0.656594915907257 0.17143619408954922
transition 689 4 524 -0.5000453630588024 0.5561261105385228
transition 689 4 666 -0.8729133478655522 0.44387388946147716
transition 690 0 827 -0.7828752317082439 0.027789813474106438
transition 690 0 683 -0.9191151981202133 0.6878711983552249
transition 690 0 705 0.9856435264970531 0.28433898817066866
transition 690 1 700 -0.7817103788015451 0.5144469047460495
transition 690 1 223 -0.3823218285315766 0.19161905688801473
transition 690 1 290 0.28776083495142113 0.08235020761709924
transition 690 1 341 0.09530019063218353 0.21158383074883655
transition 690 2 93 -0.4207071791563568 0.19636528885613622
transition 690 2 601 -0.7942229129465423 0.3493176663702394
transition 690 2 51 -0.5251431231574575 0.1663279683642191
transition 690 2 794 -0.002363298028654759 0.2713871947078359
transition 690 2 796 -0.1431082612462824 0.016601881701569447
transition 690 3 722 0.643261301144584 1.0
transition 690 4 548 -0.33055537673028734 0.09576315392088484
transition 690 4 315 0.6267020332188313 0.13876817767519653
transition 690 4 713 0.4725266082712616 0.20232593304866323
transition 690 4 463 0.5657361001802446 0.21200640291394218
transition 690 4 779 0.09877250544429828 0.3511363324413132
transition 691 0 816 0.8467658848368553 1.0
transition 691 1 906 0.14679302304742992 0.13555596574788414
transition 691 1 769 -0.024052950496286973 0.12859851558596827
transition 691 1 618 -0.031170910492293702 0.029826940667717457
transition 691 1 604 -0.5809214892279435 0.22323317072966825
transition 691 1 146 -0.9983565955641018 0.4827854072687618
transition 691 2 760 0.982378100167514 0.5745314605803137
transition 691 2 38 0.07078373974434671 0.42546853941968626
transition 691 3 150 0.5348345797158487 1.0
transition 691 4 165 0.8801821149098528 0.31862363563801477
transition 691 4 228 -0.9435926250075533 0.06283307761692335
transition 691 4 985 0.22148406142358867 0.056288118606238384
transition 691 4 864 -0.965518832593651 0.5622551681388235
transition 692 0 983 0.5252118743267897 0.21948034620659904
transition 692 0 581 0.7636788375587549 0.30882396132969564
transition 692 0 415 -0.6681500358857819 0.47169569246370535
transition 692 1 550 0.8682372731684831 1.0
transition 692 2 957 0.18659254115966384 0.48521711600275325
transition 692 2 620 -0.9970269992395773 0.32248674621161444
transition 692 2 24 -0.15458865330626725 0.1922961377856323
transition 692 3 822 0.2793361531993075 0.3065167773809876
transition 692 3 738 0.6188980200157626 0.3195970275823934
transition 692 3 893 0.08263675690105066 0.27846044983928714
transition 692 3 573 0.9787907517236032 0.09542574519733185
transition 692 4 954 -0.8990391752847424 0.2108159396532222
transition 692 4 859 0.47122174544099527 0.06501228734740276
transition 692 4 212 0.33935555330878486 0.278884816075549
transition 692 4 667 -0.14452401983835417 0.27125702958286596
transition 692 4 399 -0.5956494982649048 0.17402992734096007
transition 693 0 894 0.06248093875887384 1.0
transition 693 1 123 -0.9645636262787716 0.381320730115081
transition 693 1 460 -0.6206727618425409 0.012224737781829182
transition 693 1 152 0.7789321274310872 0.24024808895873845
transition 693 1 722 -0.5138758630332105 0.12973868033526822
transition 693 1 780 -0.8492868964399132 0.23646776280908316
transition 693 2 131 0.2591372188516252 0.3868498532755431
transition 693 2 711 -0.5265967518409216 0.4623897425213667
transition 693 2 329 -0.2682920027757738 0.15076040420309017
transition 693 3 270 0.6440471315683702 0.2581136904940633
transition 693 3 25 -0.12148655570667732 0.33850459477888045
transition 693 3 230 0.9627490468104885 0.4033817147270562
transition 693 4 183 -0.310901072493438 0.41105579507048357
transition 693 4 762 0.050356434597793376 0.31727912429842664
transition 693 4 943 0.7190916208140243 0.04919348046855731
transition 693 4 30 0.421513573616205 0.22247160016253256
transition 694 0 237 -0.9666267198692744 0.3768339232149362
transition 694 0 573 0.11197203929229671 0.20925760624322115
transition 694 0 565 0.9009451121789416 0.4139084705418426
transition 694 1 418 0.42857938681534047 1.0
transition 694 2 142 -0.4723000494439098 0.1293316592558388
transition 694 2 131 -0.3463324633945568 0.6795521900095653
transition 694 2 626 0.10491621311746013 0.1911161507345958
transition 694 3 66 -0.4343943639765082 0.11490827454728364
transition 694 3 934 0.1924327337689884 0.32949075666760413
transition 694 3 495 -0.9279995561320367 1.9765238478623213e-05
transition 694 3 401 0.5844734883315492 0.5555812035466337
transition 694 4 372 0.18960249648533245 0.395156382969653
transition 694 4 782 -0.8588016404058423 0.38484826000531547
transition 694 4 398 0.7865124408741127 0.21999535702503145
transition 695 0 600 0.5220435111806698 0.5202039285556509
transition 695 0 981 -0.8078343892774364 0.47979607144434905
transition 695 1 610 -0.7541608609105759 0.31530654488799587
transition 695 1 509 0.39268345781009706 0.09770508270401823
transition 695 1 526 0.25901294084598514 0.21806828767037684
transition 695 1 53 0.7451941998602241 0.06733013673286964
transition 695 1 819 -0.7989066750023122 0.3015899480047394
transition 695 2 231 -0.19704952096211104 1.0
transition 695 3 534 -0.9203653486052452 0.30877149604470705
transition 695 3 431 -0.9257870574403628 0.11039490401025015
transition 695 3 689 0.11904778193277576 0.5808335999450429
transition 695 4 441 0.01430756833761282 0.5376222900562021
transition 695 4 634 0.25041275545501684 0.46237770994379795
transition 696 0 220 0.2376341907098658 0.5081573219202689
transition 696 0 1 0.7125673369299033 0.49184267807973114
transition 696 1 231 0.32794145653460816 0.25697236288605085
transition 696 1 854 -0.9966668412123278 0.17070770825721526
transition 696 1 779 -0.3888815994559065 0.225031434447728
transition 696 1 17 -0.09940980885063122 0.2935633851031612
transition 696 1 864 0.5133269773931304 0.05372510930584468
transition 696 2 340 -0.7220734656287158 0.49700904260700224
transition 696 2 816 -0.22871649904054858 0.5029909573929977
transition 696 3 605 -0.2231366246528137 0.3103504105703571
transition 696 3 881 -0.8321022163473459 0.24145857145418056
transition 696 3 650 0.1990730998018213 0.14738251530889818
transition 696 3 654 -0.5817392315241492 0.3008085026665642
transition 696 4 438 -0.5414250593873986 0.4033351885801253
transition 696 4 869 0.24954287366380434 0.08511687872883636
transition 696 4 631 -0.09376041514140265 0.37658187837065543
transition 696 4 195 0.06855451520775802 0.13496605432038297
transition 697 0 173 -0.7199287579238758 1.0
transition 697 1 280 -0.8695192389290585 0.16090568712233985
transition 697 1 993 0.06907294835060074 0.18765289792567919
transition 697 1 28 -0.1225150732752347 0.1394549100358517
transition 697 1 787 -0.8458897264303538 0.5119865049161293
transition 697 2 44 0.26992360904152535 0.00812318718863929
transition 697 2 846 -0.7324210149779828 0.7140426176990777
transition 697 2 175 0.13421713865776352 0.2673888795546366
transition 697 2 791 0.13345340566422803 0.010445315557646401
transition 697 3 826 0.3822714877630724 0.7129740871881752
transition 697 3 496 0.6616873864954156 0.030650666268578205
transition 697 3 855 -0.8400337860089315 0.1273412867929192
transition 697 3 543 -0.5477793000424158 0.12903395975032741
transition 697 4 809 0.3392428848352067 0.19371803219065784
transition 697 4 353 0.05421995092499188 0.13307815524419062
transition 697 4 137 0.43073936616963726 0.3163661741172574
transition 697 4 483 -0.5401260551416756 0.3568376384478942
transition 698 0 778 0.15220482652109113 0.3208523619781618
transition 698 0 680 0.9941067549805152 0.36802197557130273
transition 698 0 148 -0.9131202102546037 0.31112566245053547
transition 698 1 735 0.6372111985283377 0.19380562322108408
transition 698 1 630 0.9564362350929205 0.21577284901462632
transition 698 1 373 -0.10889711062980556 0.14277134008030037
transition 698 1 254 -0.517990505330858 0.27815204728395937
transition 698 1 879 -0.1008593888908822 0.16949814040002986
transition 698 2 488 -0.3926461191080155 1.0
transition 698 3 790 -0.9890499376259156 0.0744465333668223
transition 698 3 32 -0.8786027085678261 0.23605955368104511
transition 698 3 521 -0.4170167875568449 0.5161900207300707
transition 698 3 780 -0.19388455903930923 0.1733038922220619
transition 698 4 497 0.6672663358405104 0.6571036025110245
transition 698 4 777 -0.9167586336809188 0.3428963974889755
transition 699 0 418 -0.5478443686640204 1.0
transition 699 1 816 0.990492974768725 0.3921091760905024
transition 699 1 805 0.1284385433306816 0.3938088433711117
transition 699 1 504 -0.10594612754346655 0.2140819805383858
transition 699 2 432 0.5285974495812549 0.1832108846913438
transition 699 2 667 -0.6457494503358399 0.6592472873769
transition 699 2 67 -0.7688649884828807 0.15754182793175628
transition 699 3 438 -0.8302656453928361 0.09925662531484221
transition 699 3 215 0.8169448936776309 0.3046872177916877
transition 699 3 399 -0.8192019267269184 0.548392979709422
transition 699 3 460 -0.14168786114761645 0.0476631771840481
transition 699 4 604 0.7621479741490764 0.10219302486712246
transition 699 4 317 -0.5934841602292638 0.3433706839681566
transition 699 4 524 -0.6371034409175049 0.34796410002786793
transition 699 4 126 0.9708807718221701 0.11624619981480194
transition 699 4 879 -0.48731366512379903 0.09022599132205111
transition 700 0 814 -0.12061131931976177 0.35484410490960966
transition 700 0 29 0.5382356122722978 0.48433082467929683
transition 700 0 462 0.31987111054171447 0.16082507041109362
transition 700 1 974 -0.34339298190038203 0.2900318091383728
transition 700 1 63 0.08903973705556356 0.27531289689705774
transition 700 1 658 0.06550770456772437 0.10208866185333304
transition 700 1 215 0.941194310623009 0.09679292871600978
transition 700 1 308 -0.8426799881246956 0.23577370339522669
transition 700 2 464 -0.2172443012870524 0.33249239342938136
transition 700 2 800 0.4475043103106109 0.14853736211477847
transition 700 2 337 -0.27304715392505385 0.2959923053943242
transition 700 2 557 0.006915625824052363 0.006089099248485311
transition 700 2 71 0.9471798665071403 0.21688883981303053
transition 700 3 542 0.6227623934575732 0.17359210693750804
transition 700 3 785 0.17961043673371524 0.3829078766108566
transition 700 3 68 -0.6177214153099122 0.045347435606803745
transition 700 3 515 0.24695328543574857 0.3981525808448315
transition 700 4 983 0.23174544074474457 0.24816572217729962
transition 700 4 911 -0.7388998956505213 0.7518342778227004
transition 701 0 748 0.7252909847378224 0.4964670634416366
transition 701 0 462 -0.7136696488711944 0.5035329365583634
transition 701 1 101 -0.05475922684803458 0.1623461187524665
transition 701 1 154 0.32075342229539716 0.06659838451233432
transition 701 1 123 -0.6378950869857374 0.21733017593942316
transition 701 1 765 0.9702442767799198 0.2578064048963375
transition 701 1 702 -0.24362413406334982 0.2959189158994384
transition 701 2 420 -0.8892304672503213 1.0
transition 701 3 799 0.8881516569919201 1.0
transition 701 4 651 0.004193798010794669 0.3273239263956747
transition 701 4 250 -0.9660401161285683 0.3354898525887143
transition 701 4 299 -0.5646004951139034 0.33718622101561097
transition 702 0 277 0.005059830580372626 0.2258435835809807
transition 702 0 479 -0.7959753505461866 0.2791352500225965
transition 702 0 423 -0.2280531468335536 0.29684391919556635
transition 702 0 43 -0.85256625450706 0.1981772472008565
transition 702 1 625 0.9082407602318361 0.28898195441964114
transition 702 1 566 -0.013317242006802399 0.10322395356922398
transition 702 1 50 -0.4347618650771812 0.3575596321943137
transition 702 1 720 0.4220052353141608 0.25023445981682124
transition 702 2 426 -0.025332440070861217 1.0
transition 702 3 862 -0.1763681673118056 0.3267337451734587
transition 702 3 248 0.3393819434979719 0.2982563832941536
transition 702 3 254 0.5294050357425162 0.22081887798883884
transition 702 3 710 0.6818515445110644 0.15419099354354887
transition 702 4 5 0.9584180811866283 0.021878480917874758
transition 702 4 278 -0.9584315523860907 0.18251928462574032
transition 702 4 755 -0.021438418299811524 0.7941871804288199
transition 702 4 94 0.22806458260115514 0.0014150540275650052
transition 703 0 851 -0.6051824165393356 0.29335510710307394
transition 703 0 320 -0.5478707192536452 0.16405805335593251
transition 703 0 928 -0.996553487123232 0.3024893662801268
transition 703 0 161 -0.9990424865042122 0.2400974732608667
transition 703 1 447 -0.4860241395341369 0.33927387344768495
transition 703 1 591 0.8926127994800657 0.18783477669750873
transition 703 1 110 0.9012616833001774 0.0780058710128301
transition 703 1 188 -0.4631282108309096 0.18450366003719085
transition 703 1 433 -0.15162196995962818 0.21038181880478532
transition 703 2 788 0.08379908761123578 1.0
transition 703 3 620 -0.5705546242175497 0.29979305966077896
transition 703 3 533 0.2917073838022506 0.5048298521003043
transition 703 3 566 -0.3539857412968219 0.19537708823891667
transition 703 4 423 0.04411992317145996 0.3074851609564119
transition 703 4 942 -0.37733146388187966 0.6925148390435881
transition 704 0 290 0.023896803682552203 1.0
transition 704 1 396 0.6958488058174608 0.5142233189406337
transition 704 1 126 -0.47805639946945067 0.48577668105936644
transition 704 2 924 -0.18275364377433378 0.5712566045657783
transition 704 2 811 0.048097678410631284 0.3430576585045117
transition 704 2 749 -0.7942797436260942 0.08568573692970996
transition 704 3 377 0.7875721164182123 0.6261850888627895
transition 704 3 201 -0.6607344022696291 0.1989522006665885
transition 704 3 842 -0.3895483623153213 0.17486271047062207
transition 704 4 405 0.9407235850729534 0.06719848147989828
transition 704 4 839 0.5142043886973764 0.34640522109010624
transition 704 4 397 0.8361373086036783 0.5863962974299954
transition 705 0 206 0.6933593677209062 0.3865967406243675
transition 705 0 655 -0.4797318123864007 0.23745656602386178
transition 705 0 210 0.5363652050558214 0.08910030181166113
transition 705 0 194 0.038245692689369504 0.12629803965378608
transition 705 0 911 0.9402117683980717 0.16054835188632346
transition 705 1 947 0.7899292950941603 0.45970148039337977
transition 705 1 710 -0.9324672347385126 0.2364072794717032
transition 705 1 6 -0.18226936037693653 0.19064291094466604
transition 705 1 259 -0.7741411452861733 0.1105859250353404
transition 705 1 181 0.6573833490479597 0.002662404154910487
transition 705 2 867 0.1444169518034375 0.07337208195065349
transition 705 2 365 0.7324704866568594 0.5866550405327053
transition 705 2 594 -0.24947574545327922 0.3399728775166411
transition 705 3 696 0.511700687466796 1.0
transition 705 4 710 0.32850578588533286 1.0
transition 706 0 624 -0.4517360401489756 0.7677389640249562
transition 706 0 714 0.5460817465258074 0.23226103597504374
transition 706 1 295 0.008631980410763296 0.4858327261159573
transition 706 1 9 -0.8206797864879489 0.3222257013061929
transition 706 1 402 -0.3600645547727135 0.19194157257784986
transition 706 2 610 0.6413094974596469 0.07623542145001878
transition 706 2 1 0.8621747774911177 0.34972099817285857
transition 706 2 99 -0.0753332853979769 0.3378152696704846
transition 706 2 394 -0.4472177916841671 0.23622831070663808
transition 706 3 128 -0.035656539161936784 1.0
transition 706 4 793 0.3839686557758879 0.25856917648615296
transition 706 4 449 -0.790597834908235 0.16860182739022392
transition 706 4 270 -0.46548070309403644 0.24440644664962072
transition 706 4 479 0.5479771246603709 0.18405704139595555
transition 706 4 911 -0.5379241353064925 0.14436550807804685
transition 707 0 716 0.9769325156653104 0.534294377257189
transition 707 0 284 0.16246708391325937 0.4657056227428109
transition 707 1 898 0.3495423077719315 0.2320752953830218
transition 707 1 291 0.86504419159088 0.5425845885500126
transition 707 1 957 0.9194888827307126 0.22534011606696566
transition 707 2 193 0.45870213038717145 0.6226534868757889
transition 707 2 102 -0.34198979572690025 0.3773465131242112
transition 707 3 394 -0.11414877226312958 0.7135969744711587
transition 707 3 786 -0.3543981551290285 0.28640302552884134
transition 707 4 394 -0.1499504218737091 1.0
transition 708 0 557 0.32977562733532917 0.49336716771413575
transition 708 0 955 0.12563962167286302 0.5066328322858642
transition 708 1 566 -0.24517689428077638 0.10659518385333686
transition 708 1 810 -0.9947893237024896 0.20960854467485912
transition 708 1 240 0.9338843342721759 0.2320350795138297
transition 708 1 340 -0.8406565272910473 0.1388983899049729
transition 708 1 623 -0.6360009080985993 0.3128628020530015
transition 708 2 657 -0.07374693904284246 0.3365154877567317
transition 708 2 399 -0.46719607412803743 0.6634845122432683
transition 708 3 640 -0.47240321409738417 0.5419934967126124
transition 708 3 33 -0.8910370519246926 0.45800650328738757
transition 708 4 653 0.6469387302162803 0.1023128872593692
transition 708 4 526 -0.6380822904219032 0.8976871127406308
transition 709 0 795 -0.7941998551754519 0.2500103137139614
transition 709 0 312 0.22356479140712837 0.19034887238637227
transition 709 0 347 0.20387922552447257 0.24559323318717807
transition 709 0 481 0.9403287844510457 0.13008211131806743
transition 709 0 745 -0.9655026350268039 0.18396546939442082
transition 709 1 833 -0.6222084419868064 0.41660170472060293
transition 709 1 773 0.8359073444917635 0.15782497338598112
transition 709 1 682 0.02410601136509727 0.11164821624027718
transition 709 1 155 0.6372568342358931 0.2940611391035326
transition 709 1 714 -0.5531198473424972 0.019863966549606274
transition 709 2 37 0.6005888004502626 0.7079146240870661
transition 709 2 633 0.14255994995897936 0.2075816848378367
transition 709 2 221 0.9994385029697808 0.08450369107509723
transition 709 3 235 -0.7846899211304026 0.3022704110641684
transition 709 3 622 -0.24158868146002277 0.09896070332913226
transition 709 3 594 -0.14766460414355587 0.41770217150089517
transition 709 3 688 -0.9911831571120608 0.18106671410580416
transition 709 4 488 0.4239440271192174 0.22343138737719606
transition 709 4 539 0.8876774113014574 0.2620149251398189
transition 709 4 323 -0.010061702953468865 0.26222577884517206
transition 709 4 234 -0.9861922894178148 0.25232790863781296
transition 710 0 741 -0.4060838127267925 0.4393591882189386
transition 710 0 535 -0.17290626046504665 0.5606408117810614
transition 710 1 521 0.9581562254269496 1.0
transition 710 2 529 -0.9314931324479092 0.5061986509605056
transition 710 2 155 -0.4451844713062856 0.3367611898727611
transition 710 2 275 -0.37840006484835675 0.15704015916673325
transition 710 3 359 0.9892497200697588 0.29216408305731567
transition 710 3 752 -0.0066046371656103275 0.30367616899056926
transition 710 3 249 -0.30377995405251945 0.40415974795211507
transition 710 4 248 0.4560436205438112 0.36864012636720694
transition 710 4 101 0.6270516827074177 0.2627154935284991
transition 710 4 562 0.2253221815751798 0.15750087814366864
transition 710 4 36 0.25311624334230864 0.19512203444016518
transition 710 4 888 0.9620706216270138 0.01602146752046012
transition 711 0 69 0.6583603028014502 0.38120028641145776
transition 711 0 640 -0.0655437627378308 0.6187997135885421
transition 711 1 862 0.25934455342997187 1.0
transition 711 2 586 -0.35589897451496855 0.1852571254645436
transition 711 2 699 -0.4519994231749078 0.053037727685341186
transition 711 2 980 0.5848084892847556 0.25676835864202824
transition 711 2 559 0.562931723212428 0.28680267408823334
transition 711 2 778 -0.511725034720822 0.21813411411985364
transition 711 3 568 0.5604379039549041 0.25722954674272885
transition 711 3 563 0.0482856972040655 0.7427704532572711
transition 711 4 141 -0.8032055526060953 0.4137703679591197
transition 711 4 934 0.5770097075577354 0.13183611461398895
transition 711 4 759 -0.10123911071101599 0.1731609708940084
transition 711 4 960 -0.7904126145369672 0.2812325465328829
transition 712 0 585 0.6762363772661162 0.4814265830097171
transition 712 0 417 0.44557992400267676 0.3016493003292278
transition 712 0 448 0.30692570665197527 0.21692411666105516
transition 712 1 37 0.8962895959498911 0.4690746225598693
transition 712 1 471 -0.6555074091541346 0.316237672853211
transition 712 1 532 -0.921483075945579 0.21468770458691974
transition 712 2 456 -0.8489333011275961 1.0
transition 712 3 286 -0.9289287657223135 0.5636309152766584
transition 712 3 715 0.9477158224446998 0.06488128100713016
transition 712 3 440 0.12976429996947125 0.37148780371621143
transition 712 4 188 -0.9366776965215662 1.0
transition 713 0 318 0.6413466888437225 0.6168847805998796
transition 713 0 952 -0.00901914372510304 0.38311521940012033
transition 713 1 886 0.565782995665326 0.22187566837599423
transition 713 1 389 -0.7185088661466978 0.291870665070882
transition 713 1 187 -0.5666278623789418 0.2015793092053139
transition 713 1 911 -0.028156701607395362 0.2586458296073461
transition 713 1 548 0.6416541891070191 0.026028527740463766
transition 713 2 8 -0.3176473802021327 0.4666856933982559
transition 713 2 944 0.15282621205279456 0.5333143066017442
transition 713 3 651 0.8266817543737572 0.0558712091011054
transition 713 3 815 0.0853190534928221 0.005061738782170365
transition 713 3 377 0.5178439238813302 0.580662081119959
transition 713 3 468 -0.49807278822900947 0.3584049709967652
transition 713 4 807 -0.23356130698292588 1.0
transition 714 0 690 -0.6834844095462 0.23345784580630174
transition 714 0 927 0.3918022198766049 0.7665421541936983
transition 714 1 373 0.6939343794528217 0.9118762390735106
transition 714 1 947 -0.16500035884151698 0.08812376092648948
transition 714 2 888 0.6516687506057728 0.1399287753826427
transition 714 2 743 -0.5387636104790097 0.5202709609490854
transition 714 2 607 -0.33670910940094445 0.33980026366827193
transition 714 3 261 -0.1738542691254512 0.4467678834677366
transition 714 3 24 0.45027561144622164 0.2266951921950512
transition 714 3 810 -0.23025030256994583 0.32653692433721215
transition 714 4 199 -0.032880292073687034 0.09144356358864285
transition 714 4 464 -0.17465391161827437 0.9085564364113572
transition 715 0 648 0.5196019746658558 0.16195769011434452
transition 715 0 507 0.6592802732163454 0.2348723620100102
transition 715 0 684 -0.03770085512473642 0.48324793495523805
transition 715 0 411 0.28363966143753583 0.03320125514961868
transition 715 0 991 0.6368367492211753 0.0867207577707885
transition 715 1 971 0.8977810288782644 1.0
transition 715 2 201 0.38493800825047586 0.0023355577621862193
transition 715 2 426 0.08402880846868621 0.4258478816212871
transition 715 2 901 0.4770498454195611 0.15338537673325156
transition 715 2 583 0.5523089878790017 0.32815291136877833
transition 715 2 415 0.4654134784883752 0.09027827251449677
transition 715 3 143 0.6133675116229975 0.1308815452147068
transition 715 3 282 -0.18477790943810524 0.20279240010575122
transition 715 3 806 0.19444815746861588 0.20438315903307155
transition 715 3 426 -0.2323472021710602 0.22117663022695433
transition 715 3 650 -0.6962829714413044 0.24076626541951604
transition 715 4 490 0.9130372083797962 0.23920499716042704
transition 715 4 134 -0.45110678489745126 0.18566703989376598
transition 715 4 693 0.4844598514642151 0.23438983412051775
transition 715 4 590 -0.40752865932278226 0.1698775212271075
transition 715 4 266 0.22301761830218103 0.17086060759818172
transition 716 0 673 0.560702226776582 0.36370956319618275
transition 716 0 534 -0.34746626324948515 0.3365164103803099
transition 716 0 644 -0.8771044779560977 0.2997740264235074
transition 716 1 935 0.37263720266894973 0.07007362411807093
transition 716 1 826 -0.5674388161009976 0.14540930538576136
transition 716 1 814 0.27651918958903265 0.22257779813518894
transition 716 1 242 0.9460085831415692 0.3812667324789333
transition 716 1 820 0.36033404898330024 0.1806725398820455
transition 716 2 253 0.30082654162654987 0.5431376047018102
transition 716 2 367 -0.3224953001275883 0.4568623952981899
transition 716 3 79 -0.7550702139314351 0.199997836184396
transition 716 3 571 0.08700789242985585 0.12903736959443426
transition 716 3 33 0.5639847628410088 0.3140167086793979
transition 716 3 715 -0.3158848550849356 0.11057138515290851
transition 716 3 997 -0.11068521412261956 0.24637670038886322
transition 716 4 172 -0.9294723109274534 0.227121300373953
transition 716 4 428 0.35594977601232625 0.6693117309464796
transition 716 4 664 -0.3105382522437943 0.10356696867956756
transition 717 0 738 0.9364960907212265 0.34598660735217895
transition 717 0 150 -0.26351952002680434 0.29975902696309065
transition 717 0 265 -0.6115780598404739 0.35425436568473045
transition 717 1 532 0.6552400239392493 0.4315076382379411
transition 717 1 263 0.4022146331840011 0.12503086453429085
transition 717 1 382 -0.66634121913163 0.4434614972277681
transition 717 2 861 -0.3863519731945766 0.29248537313794326
transition 717 2 624 0.7673281306077917 0.3983046933101414
transition 717 2 984 0.27863094380049747 0.30920993355191534
transition 717 3 921 0.7603288401110817 1.0
transition 717 4 866 -0.49509764764520825 1.0
transition 718 0 962 0.2138950926948453 0.33554911505002705
transition 718 0 944 0.6696800853369647 0.12127786973471262
transition 718 0 338 -0.09566814981032556 0.23927547068779265
transition 718 0 747 -0.16090336794223514 0.30389754452746764
transition 718 1 877 -0.020817167424886707 0.36062202417025874
transition 718 1 308 -0.23112695789916216 0.18395649325827185
transition 718 1 516 0.05979410045047828 0.4554214825714695
transition 718 2 879 0.6988938263377584 0.22800337431454212
transition 718 2 750 0.23241505983976052 0.165438583770571
transition 718 2 579 0.680554164582652 0.2525696331747622
transition 718 2 572 0.014001171741572893 0.288944752364649
transition 718 2 628 -0.3792236445769279 0.0650436563754757
transition 718 3 591 0.23714135523354019 0.12052017219995201
transition 718 3 345 -0.43053856651598 0.1258679887831787
transition 718 3 614 -0.9508570345245522 0.2731213253919627
transition 718 3 961 0.730907396582609 0.14576458781702098
transition 718 3 206 -0.7430824201111963 0.33472592580788557
transition 718 4 313 0.3644055032637028 0.6285216773016004
transition 718 4 981 -0.6384167161620884 0.3714783226983997
transition 719 0 854 0.21305943578182385 0.7133876400035579
transition 719 0 648 0.7165218614191506 0.286612359996442
transition 719 1 895 -0.10261502525557487 0.0809963715788306
transition 719 1 547 0.3467921133636198 0.0987428806650847
transition 719 1 494 -0.4898877062910407 0.3390171381028143
transition 719 1 510 -0.4985253773412406 0.23097399839609012
transition 719 1 565 -0.34111845716370937 0.2502696112571803
transition 719 2 633 0.9726974983371248 0.45379182658408274
transition 719 2 615 -0.17751631440667648 0.3544327469411123
transition 719 2 752 0.3190262150335834 0.0011048393198192057
transition 719 2 431 0.1438120361532209 0.047090282099594136
transition 719 2 842 -0.9750101525653514 0.1435803050553916
transition 719 3 100 -0.4730249768413508 1.0
transition 719 4 539 -0.9780917760148504 0.10426507069829093
transition 719 4 866 0.18339088216039112 0.30159016925394694
transition 719 4 124 -0.5704943655295931 0.5247943578565155
transition 719 4 789 -0.126414760815456 0.06935040219124661
transition 720 0 306 0.3801698790628667 0.31403540186021983
transition 720 0 229 0.5935430663265568 0.06937801433971766
transition 720 0 858 -0.4937231484658027 0.023277011137041708
transition 720 0 53 -0.38020569813297733 0.061923055094279686
transition 720 0 683 0.4232194007459691 0.5313865175687411
transition 720 1 429 0.02181091715698713 1.0
transition 720 2 54 -0.7234827494628697 1.0
transition 720 3 471 -0.7925054672272631 1.0
transition 720 4 522 -0.25331659611880153 1.0
transition 721 0 544 0.8002992147167685 0.5044752593204994
transition 721 0 638 0.617277939082884 0.0863773287577205
transition 721 0 426 -0.8360101007625225 0.4091474119217801
transition 721 1 76 -0.5900559152477856 1.0
transition 721 2 802 0.3334955949896772 0.07063459682845875
transition 721 2 692 0.70836850069525 0.09513469842725557
transition 721 2 480 -0.607213455039314 0.6311685578476434
transition 721 2 187 0.7909129078450932 0.20306214689664231
transition 721 3 208 0.22804794793985939 0.13582695864728
transition 721 3 705 0.8148528328723958 0.013295348674468141
transition 721 3 966 -0.8967262069634887 0.31559531445687233
transition 721 3 629 0.5922174279277044 0.34862895345843076
transition 721 3 919 -0.6672683290614054 0.1866534247629488
transition 721 4 934 0.8408807691426243 1.0
transition 722 0 485 -0.9569770614266535 0.5913996821429306
transition 722 0 275 0.2291174133957652 0.4086003178570693
transition 722 1 210 0.9836672640935642 0.47749484623198407
transition 722 1 897 0.9450401402969224 0.5225051537680159
transition 722 2 119 0.14852664620592737 0.6030726151396701
transition 722 2 265 0.4292171925686805 0.08794792974018316
transition 722 2 481 0.9270410005292422 0.30897945512014663
transition 722 3 728 -0.38798388318788035 0.3147822045116639
transition 722 3 662 -0.2842197570207079 0.19227647255294936
transition 722 3 52 -0.12243956395816946 0.09181846712649795
transition 722 3 678 -0.22293775364132085 0.40112285580888885
transition 722 4 827 -0.08983434425804426 0.495923794191633
transition 722 4 598 -0.9129363768746872 0.5040762058083669
transition 723 0 360 -0.29516938441694474 0.07377094703535557
transition 723 0 167 -0.978055617533669 0.37928218241745426
transition 723 0 443 0.9310768436524863 0.5469468705471903
transition 723 1 338 -0.05311912488743897 0.8441724072316672
transition 723 1 688 -0.48526513324916754 0.15582759276833286
transition 723 2 448 -0.4617539432773734 1.0
transition 723 3 169 -0.3696745004066426 1.0
transition 723 4 386 0.607558901974528 1.0
transition 724 0 511 -0.8541463184118192 0.14661212646420574
transition 724 0 628 0.9121751473108191 0.13181455660613867
transition 724 0 79 0.737526354379304 0.19228819367278402
transition 724 0 988 -0.32653942442970685 0.29292216338604365
transition 724 0 409 0.11908531106434372 0.23636295987082795
transition 724 1 614 -0.8117943688106564 0.6332948325595726
transition 724 1 173 0.9085461678248101 0.36670516744042725
transition 724 2 887 0.24577914680072177 0.3002825785202583
transition 724 2 597 0.057461179660200035 0.07967222076525741
transition 724 2 584 0.05746274208271274 0.12960697549509223
transition 724 2 260 0.7695625126788932 0.490438225219392
transition 724 3 964 -0.5400193912590365 0.340104089614704
transition 724 3 477 0.3741757482130954 0.4497052935193061
transition 724 3 592 -0.45784671586143544 0.16266073396068237
transition 724 3 274 -0.7478885491684273 0.04752988290530758
transition 724 4 708 -0.14261742933924348 0.36763940913248794
transition 724 4 813 0.6518703137569786 0.54884740153732
transition 724 4 411 0.08177890044458169 0.08351318933019207
transition 725 0 220 0.2832383862818335 0.4160571708098366
transition 725 0 770 0.3438202684742808 0.10817148625689275
transition 725 0 636 0.08255883528861552 0.47577134293327067
transition 725 1 24 0.5446191238316309 1.0
transition 725 2 81 -0.9540659209011342 0.014784066527592805
transition 725 2 743 0.4916019458262164 0.3921422819522103
transition 725 2 366 -0.20728398315476593 0.4404874368739888
transition 725 2 439 -0.38561199661653567 0.1525862146462081
transition 725 3 563 0.5243198822156188 0.12173340976154158
transition 725 3 672 0.8228110107865141 0.21028192981931748
transition 725 3 953 -0.7547528395736742 0.20543074617210674
transition 725 3 566 0.7177921196933359 0.2278284035430746
transition 725 3 141 0.8020971694429286 0.23472551070395958
transition 725 4 759 -0.6173255018447612 0.011821078390595756
transition 725 4 606 -0.9588533225519684 0.22097631435081225
transition 725 4 625 0.1689972301871716 0.1900326044786099
transition 725 4 458 0.2675320978597846 0.038934355274631856
transition 725 4 361 -0.6882584088134314 0.5382356475053502
transition 726 0 369 -0.14963554191414286 0.34006771890284265
transition 726 0 442 0.013014553654291605 0.005318999349063871
transition 726 0 822 0.8917986308166486 0.14444924716489765
transition 726 0 746 -0.7380384112541052 0.23193377648315805
transition 726 0 995 0.681218607259751 0.27823025810003776
transition 726 1 86 0.9169890118638142 0.1323661505406089
transition 726 1 525 0.12038931751537629 0.10607300689609794
transition 726 1 837 0.4815902519104873 0.3118160104359253
transition 726 1 554 -0.8845794973611716 0.4497448321273679
transition 726 2 600 0.3356984990484171 0.6678378113058006
transition 726 2 449 0.7444509168194962 0.3321621886941994
transition 726 3 359 0.9345821111985004 0.29545105167537034
transition 726 3 416 -0.9459256186954266 0.19151929716000296
transition 726 3 414 0.9070496661662193 0.14692543842239955
transition 726 3 751 0.11555070601838269 0.3661042127422271
transition 726 4 871 -0.19242810594979454 1.0
transition 727 0 12 0.8952832494973841 0.3460779640476694
transition 727 0 469 -0.42605043168358514 0.339796622808954
transition 727 0 524 0.2713805833153027 0.299081648565371
transition 727 0 456 0.4644952939181375 0.015043764578005558
transition 727 1 633 0.08382610804799695 0.3345468547436606
transition 727 1 113 -0.7249961189250735 0.4850809887475907
transition 727 1 349 -0.5145078725024343 0.03053770303191049
transition 727 1 801 -0.09826928312245964 0.14983445347683833
transition 727 2 634 0.039680806358471266 0.3085795672411961
transition 727 2 975 0.011816087746518544 0.25264548865629416
transition 727 2 226 0.4859378191442003 0.3105424473709568
transition 727 2 927 -0.24828286167372693 0.12823249673155293
transition 727 3 516 0.06642154542108969 0.030485409157372148
transition 727 3 75 -0.9501622636210594 0.3124638503056329
transition 727 3 62 -0.3451286710252295 0.2293073986395829
transition 727 3 221 -0.05340580877007883 0.42774334189741214
transition 727 4 33 -0.9184055325651264 0.035344331829133796
transition 727 4 212 0.2631135216682736 0.3627993066965683
transition 727 4 219 0.456520742652913 0.41909391630216325
transition 727 4 756 -0.6042663000166353 0.18276244517213475
transition 728 0 190 -0.037137209776048286 0.2599282065526896
transition 728 0 243 -0.8035264492714547 0.17451183688415425
transition 728 0 939 0.8809072004954352 0.16546748702673186
transition 728 0 139 -0.4376051634559859 0.2659247990382155
transition 728 0 869 -0.2516802819296957 0.13416767049820888
transition 728 1 945 -0.34601958576154535 0.5424913284747966
transition 728 1 810 0.7557251853747262 0.4575086715252033
transition 728 2 371 -0.5172776309332039 1.0
transition 728 3 588 -0.679584180087053 1.0
transition 728 4 983 0.49751627900867135 0.152713106908211
transition 728 4 72 0.15276281506132294 0.10022516572245549
transition 728 4 923 0.8136497106860783 0.15311812474383357
transition 728 4 110 -0.14153202637715845 0.1362486236644542
transition 728 4 780 0.8574673096949197 0.4576949789610457
transition 729 0 157 0.1750805299085072 0.23377383909030433
transition 729 0 313 -0.21710724668542936 0.24995883017943124
transition 729 0 42 0.7929522290191273 0.5162673307302644
transition 729 1 755 -0.245189881596239 0.43308536309709916
transition 729 1 779 -0.5381716194546489 0.5669146369029008
transition 729 2 922 -0.2392227429733269 0.3994720000180668
transition 729 2 967 0.6217677032543472 0.020400200566018357
transition 729 2 370 0.29873496869647087 0.5801277994159149
transition 729 3 968 -0.8789574929213066 0.050542920495688134
transition 729 3 703 -0.8574614853928553 0.06134047473012561
transition 729 3 637 0.2958297536158705 0.40335581586229435
transition 729 3 853 0.4394605062342636 0.024704613388240253
transition 729 3 590 -0.1305288013487098 0.46005617552365163
transition 729 4 791 0.906285095871622 1.0
transition 730 0 254 0.8631524146522922 0.5066684500710326
transition 730 0 522 0.5277314533994848 0.4933315499289674
transition 730 1 310 -0.26427715112143524 0.10825319289911554
transition 730 1 470 0.32274697144783415 0.6277066428746849
transition 730 1 898 0.09689279853573174 0.2640401642261996
transition 730 2 32 0.846512949161131 0.5934598477096336
transition 730 2 408 0.041171022364904 0.38633117497146374
transition 730 2 773 -0.5489854946699362 0.02020897731890269
transition 730 3 588 -0.7168595572262673 0.5198233275874478
transition 730 3 612 -0.21451041317841502 0.48017667241255224
transition 730 4 328 0.2656279773665873 0.29776219646272123
transition 730 4 698 -0.8047989229761641 0.3213573527396353
transition 730 4 284 -0.07274581158226989 0.14780868275848788
transition 730 4 604 0.37073486918392784 0.23307176803915558
transition 731 0 927 -0.9907694742057742 0.01157913936478089
transition 731 0 379 0.14918216482530644 0.11964812067411446
transition 731 0 435 0.24216347877215028 0.1262862673588295
transition 731 0 128 0.7335655987082654 0.7424864726022751
transition 731 1 41 0.0020109988612628804 0.4691699859909078
transition 731 1 310 -0.550642727862072 0.04316547581005862
transition 731 1 248 0.35869358156523967 0.4876645381990336
transition 731 2 843 0.28474172579242274 0.1647857737760116
transition 731 2 479 0.7674238514315379 0.40042452969590636
transition 731 2 914 -0.6770961342857991 0.3262497041155257
transition 731 2 202 -0.656936257147666 0.10853999241255634
transition 731 3 597 -0.6393637630490676 0.3118648430402321
transition 731 3 739 0.7153420051178956 0.3733441706018038
transition 731 3 330 -0.7113497497350145 0.31479098635796404
transition 731 4 365 -0.9724438774830269 0.22250664012047142
transition 731 4 188 -0.7896137327929433 0.05377146726104778
transition 731 4 286 -0.14217488174131176 0.3241625684098304
transition 731 4 524 0.6741417059039352 0.2023371897607002
transition 731 4 715 0.15901500382679412 0.1972221344479503
transition 732 0 884 0.43822733095009636 0.024324451956833613
transition 732 0 812 0.44245312372869616 0.5689379828572618
transition 732 0 562 -0.47611993543257514 0.40673756518590454
transition 732 1 824 -0.7746115375032703 0.18778859175589874
transition 732 1 851 -0.3069896998864754 0.38391915040350016
transition 732 1 651 -0.5288042122519774 1.6121600925286542e-05
transition 732 1 611 -0.2908970531657953 0.42827613623967586
transition 732 2 483 0.9601126158917812 0.3427188293683723
transition 732 2 817 -0.20714248358436516 0.3781325066757606
transition 732 2 462 -0.02619453658883919 0.2770942446427943
transition 732 2 157 0.21662851547474138 0.002054419313072832
transition 732 3 877 -0.5536863448613194 0.36803780057020113
transition 732 3 406 -0.07861791233889504 0.6319621994297989
transition 732 4 868 0.5451676718547895 1.0
transition 733 0 32 -0.8644654342137874 0.3227938886735831
transition 733 0 422 -0.6838415998203962 0.046641860561451046
transition 733 0 897 -0.6820871347232971 0.1999625540582685
transition 733 0 159 0.07438620547880026 0.4306016967066974
transition 733 1 515 -0.5953140255675244 0.5319400894669811
transition 733 1 265 0.37854471006703716 0.14533099938603494
transition 733 1 276 0.73208373566062 0.274270675783631
transition 733 1 768 0.5881740424001423 0.04845823536335291
transition 733 2 37 0.538438898432354 0.3163603468432432
transition 733 2 237 -0.10661189301968732 0.1150155947687757
transition 733 2 371 -0.3033958201470126 0.19409742265914134
transition 733 2 830 -0.32869971396053543 0.37452663572883976
transition 733 3 89 0.2530025415121797 0.01071042714805222
transition 733 3 803 0.8722250356556955 0.6097097912756865
transition 733 3 107 -0.5452873700894163 0.27385230847285574
transition 733 3 283 -0.7065112752968257 0.10572747310340559
transition 733 4 12 -0.009798664085162168 0.11090092545953799
transition 733 4 400 -0.7786913634815107 0.226814210798464
transition 733 4 756 -0.8021249722952675 0.3880198742600569
transition 733 4 573 -0.523257206440471 0.12170828781659056
transition 733 4 184 0.6079498317554068 0.1525567016653505
transition 734 0 479 0.2583035841367387 0.07823824038647166
transition 734 0 442 -0.7987726530451915 0.42023070528689555
transition 734 0 382 0.6370606130278007 0.21700043979233125
transition 734 0 487 -0.5857475163399763 0.2845306145343016
transition 734 1 576 -0.21000097065815426 0.19905725555194562
transition 734 1 564 -0.4279277539016093 0.22790790578082992
transition 734 1 828 0.9714452216336418 0.2826039743845085
transition 734 1 501 0.5491344821029707 0.06743662692606305
transition 734 1 939 0.11429031564603886 0.22299423735665283
transition 734 2 691 0.8819117896076367 0.5206658180699408
transition 734 2 577 -0.12232070904792591 0.47933418193005917
transition 734 3 398 0.7366768197509397 0.2045241349864366
transition 734 3 469 0.570611613292453 0.2556730710445219
transition 734 3 984 0.15670143110543377 0.0069570723941975565
transition 734 3 5 -0.2632151384059591 0.4430564539446982
transition 734 3 716 0.09422734205749705 0.08978926763014564
transition 734 4 321 0.944709037691853 0.6267815784095273
transition 734 4 957 0.4959458209018919 0.35242505360494286
transition 734 4 849 0.10988348751602905 0.02079336798552982
transition 735 0 106 0.6863011968466424 0.16429468984882672
transition 735 0 752 0.5265640483681544 0.20440603125186915
transition 735 0 246 -0.7281451676280963 0.3389207543807868
transition 735 0 680 -0.6786176921713645 0.2923785245185173
transition 735 1 360 -0.7966431359199275 0.277811655147008
transition 735 1 198 0.8661046040927074 0.5598565036442706
transition 735 1 277 -0.19529887804143176 0.1623318412087214
transition 735 2 51 -0.2731609590422759 0.10264705031966524
transition 735 2 962 0.9844183619290803 0.23961192707356083
transition 735 2 493 -0.254754039834294 0.6577410226067739
transition 735 3 602 -0.8540435039537035 0.30272959426349144
transition 735 3 871 -0.17744631137278244 0.28341859328708596
transition 735 3 638 -0.9357432250578896 0.1005823703321332
transition 735 3 670 -0.630441291233854 0.3132694421172893
transition 735 4 411 -0.26780895562467255 0.028459362528196145
transition 735 4 119 0.20675280391496154 0.3705257671269863
transition 735 4 935 0.28875816676539845 0.5597354776116504
transition 735 4 381 0.7014315967437543 0.0412793927331671
transition 736 0 277 -0.18211794675394266 0.29488574958665087
transition 736 0 614 -0.21274033138250625 0.7051142504133492
transition 736 1 972 0.029954282595248793 0.5224676360555153
transition 736 1 55 0.10335028361233722 0.47753236394448473
transition 736 2 190 0.34964522488154515 0.3123907162550117
transition 736 2 353 -0.46855345437958795 0.4079397201076664
transition 736 2 236 0.575893413407955 0.27147868884899096
transition 736 2 835 -0.0970734421395878 0.008190874788331009
transition 736 3 223 0.9179238037464739 1.0
transition 736 4 60 0.33522375704720897 0.14304937493278141
transition 736 4 470 0.551713288448267 0.38813150451678197
transition 736 4 334 -0.924472037843646 0.46881912055043673
transition 737 0 910 -0.29481776644457325 0.21827024607494883
transition 737 0 27 0.2356873073580683 0.3840828067602343
transition 737 0 23 -0.7561122997120864 0.015636338452945892
transition 737 0 597 -0.993699232981123 0.3820106087118709
transition 737 1 657 0.007407929776860334 0.1377047372206406
transition 737 1 793 -0.0794339075053141 0.02944423194173488
transition 737 1 913 -0.7767852280771566 0.4216596062866837
transition 737 1 27 0.5203496175388158 0.36299908953144855
transition 737 1 199 0.8756314958253189 0.04819233501949222
transition 737 2 971 0.6246247271360712 1.0
transition 737 3 169 -0.4974850730757858 0.5411079848858008
transition 737 3 436 -0.0002453933042469991 0.4588920151141992
transition 737 4 904 -0.36846204961863993 0.43136815487571817
transition 737 4 357 -0.7577217309646938 0.009061801442464792
transition 737 4 487 0.3004654089063443 0.07236946300327465
transition 737 4 558 -0.8543391832141862 0.23577910424301174
transition 737 4 173 0.9782165276367643 0.25142147643553064
transition 738 0 617 -0.7640088882555256 0.171620191053812
transition 738 0 122 0.9199100213546136 0.37620213162057
transition 738 0 917 -0.8719782940482328 0.2864106609179362
transition 738 0 756 -0.0708711649176541 0.11671357037861406
transition 738 0 707 -0.6790823019980354 0.04905344602906772
transition 738 1 606 0.7448808580794468 0.35852960043397225
transition 738 1 487 -0.5749116070680609 0.1769851133753994
transition 738 1 732 -0.6687479501333533 0.022269941814648544
transition 738 1 172 -0.6956690107714742 0.3026792366489298
transition 738 1 500 -0.4768377241852293 0.13953610772704997
transition 738 2 951 -0.27150379057696794 0.32441953306630095
transition 738 2 170 0.21006808623580464 0.4528297805452636
transition 738 2 843 0.8218749164613619 0.10202539963169836
transition 738 2 555 -0.7601881778916486 0.12072528675673705
transition 738 3 521 -0.47504381249093 0.31113882450824376
transition 738 3 252 0.2997550209831277 0.3418700301667492
transition 738 3 10 -0.515677342785277 0.346991145325007
transition 738 4 602 -0.3958448945573865 0.5546312387018448
transition 738 4 972 0.21020345077217328 0.4453687612981551
transition 739 0 169 -0.1402005540403799 1.0
transition 739 1 172 -0.4670211282190426 1.0
transition 739 2 485 -0.4138113827333134 0.224501537930227
transition 739 2 127 0.49476338678669785 0.5906971292244858
transition 739 2 334 0.6145063055768272 0.10914404621471185
transition 739 2 602 -0.9370984264557993 0.0756572866305753
transition 739 3 803 0.21317316683908327 0.08305298906342677
transition 739 3 69 0.8790901853654602 0.38627966002408265
transition 739 3 953 -0.7734767820079012 0.3907995851873141
transition 739 3 746 0.9062718720623293 0.13852007511039718
transition 739 3 376 0.7267942247518226 0.0013476906147792593
transition 739 4 374 -0.05673139305192576 1.0
transition 740 0 246 0.16205293331864867 0.22125155846472203
transition 740 0 57 0.04194006166072772 0.2745379204935051
transition 740 0 967 0.9020272887693463 0.062444694605218766
transition 740 0 410 -0.8045650974121441 0.3365839144168422
transition 740 0 522 -0.8718328383233052 0.10518191201971179
transition 740 1 560 0.34737742969243013 0.37540454013580793
transition 740 1 576 0.32069792523146434 0.2409278077987172
transition 740 1 884 0.7259269162308135 0.07168956743526905
transition 740 1 480 0.03995010067751448 0.3119780846302059
transition 740 2 732 0.9276645349700723 0.12971051226563263
transition 740 2 610 0.2526047708226231 0.1705573492792066
transition 740 2 325 0.9979881796888053 0.44114188310959007
transition 740 2 692 -0.20576395254422053 0.2585902553455707
transition 740 3 832 0.7818158840112777 1.0
transition 740 4 826 0.9792183841050355 1.0
transition 741 0 360 0.9156994983016336 0.49172159162644924
transition 741 0 822 -0.978125874845114 0.5082784083735506
transition 741 1 416 -0.652532951486005 0.8644632347444021
transition 741 1 251 0.5309973216886847 0.1355367652555979
transition 741 2 987 -0.8844520602701758 0.21716134563621597
transition 741 2 129 0.24049891575964377 0.14565636520235087
transition 741 2 206 -0.8639286166799873 0.22867321994298784
transition 741 2 111 0.40996343249535894 0.23381913064349494
transition 741 2 103 -0.4439664871292548 0.1746899385749503
transition 741 3 100 -0.3101504543849316 0.6655881898600151
transition 741 3 42 -0.3063639285202542 0.09151111793511099
transition 741 3 240 -0.5416017869164202 0.24290069220487387
transition 741 4 421 0.38419059434591274 0.2616300416065833
transition 741 4 144 0.03664378321421702 0.7383699583934167
transition 742 0 481 -0.9035676454417019 0.11348485745933233
transition 742 0 799 -0.882064424925588 0.40793339176038634
transition 742 0 601 0.8067435670805019 0.47858175078028126
transition 742 1 260 0.08944382542505935 0.3146060939003497
transition 742 1 654 -0.8435825767481813 0.18874176423764774
transition 742 1 641 0.7779619992761702 0.17266144160208807
transition 742 1 257 0.2538610669851409 0.3239907002599144
transition 742 2 727 0.8077547560455951 0.17685589295022072
transition 742 2 379 -0.5349273717858978 0.10444897427530514
transition 742 2 822 -0.018219953180713233 0.3006068303093163
transition 742 2 278 0.11107555394438995 0.16375040238201513
transition 742 2 875 -0.9157833355837204 0.25433790008314267
transition 742 3 765 -0.30842710372665283 0.12322266866626046
transition 742 3 955 -0.5834730210431429 0.5883704092099106
transition 742 3 426 -0.9735040933300825 0.28840692212382896
transition 742 4 144 -0.48107861296977217 0.24327740624382746
transition 742 4 372 0.5184787895610927 0.12791294311382587
transition 742 4 927 0.9564948652255949 0.15999536834097292
transition 742 4 147 0.3329404911135214 0.24414124897824258
transition 742 4 277 0.24721611195300475 0.22467303332313124
transition 743 0 801 0.33690278281140307 1.0
transition 743 1 262 -0.9610877475557154 0.5346834165085269
transition 743 1 142 0.4515650292158442 0.4653165834914731
transition 743 2 927 -0.41402346923949174 1.0
transition 743 3 425 -0.5404296148378609 0.7449539103031974
transition 743 3 107 -0.6438954371228558 0.2550460896968027
transition 743 4 494 0.36898610259007736 0.4687813276125115
transition 743 4 71 -0.18631089569922965 0.5312186723874884
transition 744 0 822 -0.24405759247639947 1.0
transition 744 1 475 -0.9132126091560382 0.26754487572122926
transition 744 1 762 -0.8340714088943371 0.6955395024408266
transition 744 1 563 -0.9643194619029145 0.03691562183794412
transition 744 2 39 0.7599611442238499 0.3227091384473068
transition 744 2 764 -0.6593811469838031 0.6772908615526931
transition 744 3 92 0.39612492664540744 1.0
transition 744 4 921 0.9245960421540251 0.633415094712824
transition 744 4 689 -0.7229844835427754 0.366584905287176
transition 745 0 334 0.5432257259106432 1.0
transition 745 1 441 0.7322681057425342 0.40067643966765354
transition 745 1 519 0.15652531573202833 0.030645804345005155
transition 745 1 0 -0.0683028923320117 0.2944802613377648
transition 745 1 681 0.8702333016829518 0.2741974946495765
transition 745 2 515 -0.8664072733930828 1.0
transition 745 3 13 -0.23573079650241557 0.26434665442811595
transition 745 3 458 0.7206627090207349 0.029783118465503775
transition 745 3 46 -0.5040773470633415 0.19878166389766977
transition 745 3 506 0.320576145911206 0.3487676441987144
transition 745 3 883 0.8373794424070333 0.1583209190099961
transition 745 4 497 0.8316339550065626 0.25405557124168565
transition 745 4 148 -0.2398093574663518 0.7459444287583143
transition 746 0 737 -0.5654917441428318 0.12391352679937852
transition 746 0 834 -0.8435866045730949 0.27206385136269096
transition 746 0 154 -0.9745487573641483 0.089867174141984
transition 746 0 972 -0.09053580330090583 0.266955824385898
transition 746 0 309 -0.588186725325129 0.2471996233100485
transition 746 1 920 0.14211841885640997 0.3844450121636815
transition 746 1 594 -0.9830214421810684 0.10444128198966952
transition 746 1 898 -0.7574821768569757 0.511113705846649
transition 746 2 320 0.30060951989389206 1.0
transition 746 3 479 0.52936850440122 0.2938603783386938
transition 746 3 213 -0.7225999258514018 0.08323230687834383
transition 746 3 194 0.6086881527201542 0.243153807775048
transition 746 3 26 0.5146511720039786 0.3797535070079143
transition 746 4 978 -0.4233532085384444 0.017498527733686597
transition 746 4 243 0.17886985451361648 0.2689015856110643
transition 746 4 64 0.394966548842407 0.5363748306009747
transition 746 4 414 -0.0029775689702937758 0.17722505605427447
transition 747 0 66 -0.006770607057821287 0.5198856648837983
transition 747 0 468 -0.9181816187659593 0.014118558276373545
transition 747 0 891 -0.15543555873059622 0.4659957768398282
transition 747 1 976 -0.48700566964700354 0.3062240918457458
transition 747 1 625 0.7376364991302347 0.36798060047839914
transition 747 1 425 0.5263275255234621 0.3257953076758551
transition 747 2 90 0.8462998902934069 1.0
transition 747 3 289 -0.3743434531228649 0.1884632544837457
transition 747 3 814 -0.4334578811463692 0.7397284492027472
transition 747 3 941 0.5723291420742744 0.07180829631350719
transition 747 4 887 -0.3098275594567137 1.0
transition 748 0 33 0.17951186408161135 0.09188361160652068
transition 748 0 373 0.8283874234507982 0.41497775392832414
transition 748 0 112 0.417266859186892 0.49313863446515516
transition 748 1 34 -0.23559472744805587 0.3738206602491985
transition 748 1 1 0.07768714625645035 0.067410678080691
transition 748 1 36 -0.07904296882053186 0.3836977254849839
transition 748 1 548 0.7132954060316474 0.17507093618512662
transition 748 2 507 0.7385083993687247 0.39760678448533315
transition 748 2 478 0.7891425112182922 0.6023932155146668
transition 748 3 336 -0.5928603541760689 0.3394101043933773
transition 748 3 121 0.8474692019682728 0.29256795418022313
transition 748 3 47 0.7355061491761088 0.024248683437021745
transition 748 3 515 0.35481875113622197 0.34377325798937786
transition 748 4 96 0.9658491911893652 0.15858382994054784
transition 748 4 971 -0.15234371476844122 0.2410021998385364
transition 748 4 365 -0.52873041257869 0.6004139702209158
transition 749 0 207 0.0705843256184775 0.07834102649123337
transition 749 0 434 0.6079737870266761 0.27591049270476564
transition 749 0 111 -0.3335218108541962 0.645748480804001
transition 749 1 823 0.06773158712974214 1.0
transition 749 2 756 0.8553183299146827 1.0
transition 749 3 1 0.4637406967781821 0.2056976155746998
transition 749 3 331 0.839121403039965 0.22726991123906656
transition 749 3 397 -0.9153616789196586 0.27181867914410396
transition 749 3 195 -0.46653612262447997 0.29521379404212966
transition 749 4 412 -0.923841997160594 0.28367876016949917
transition 749 4 22 0.29236007007686204 0.7163212398305009
transition 750 0 478 -0.8680131151180774 0.2469754827676125
transition 750 0 239 0.5759707017619442 0.2290115380197408
transition 750 0 419 0.8516016278869156 0.0845856835091827
transition 750 0 494 -0.46755663994025265 0.4394272957034641
transition 750 1 71 0.47462415749632947 0.002129170962331513
transition 750 1 207 -0.15646128835616424 0.6487982309770505
transition 750 1 434 -0.2811900321556977 0.34907259806061797
transition 750 2 757 -0.8953511323983903 0.9926410221275568
transition 750 2 192 -0.5255555235437932 0.007358977872443198
transition 750 3 113 -0.42807352960800715 1.0
transition 750 4 768 0.8757230772931621 0.403045529485803
transition 750 4 206 -0.8991327912577185 0.43451347215335084
transition 750 4 878 0.9811460815483213 0.16244099836084613
transition 751 0 875 0.7327857817003627 1.0
transition 751 1 925 -0.5665440583741441 0.3344444455338092
transition 751 1 158 0.6187629475260223 0.22025300761218367
transition 751 1 194 0.4100644741967212 0.01843658268527901
transition 751 1 42 -0.2887560282826531 0.34410244134396456
transition 751 1 377 -0.5433700833592601 0.08276352282476354
transition 751 2 130 0.7120834565922656 0.32535915440852525
transition 751 2 448 -0.11278213417625138 0.013095417505249797
transition 751 2 671 -0.11720061059660547 0.3564638393275652
transition 751 2 887 0.9735089668453782 0.30508158875865987
transition 751 3 184 0.05139523651228872 0.8501788044548728
transition 751 3 37 0.08695103316879993 0.14982119554512724
transition 751 4 999 -0.6013824986439258 0.18263814335040732
transition 751 4 405 0.8174265558932168 0.3619686052710894
transition 751 4 410 -0.491024833371561 0.4553932513785032
transition 752 0 998 0.9558385895751695 1.0
transition 752 1 425 0.11700455472591975 0.8071096487001995
transition 752 1 74 0.30433505733063515 0.19289035129980045
transition 752 2 41 -0.8999967650437477 0.08840786924205625
transition 752 2 263 -0.8548284173648484 0.9115921307579438
transition 752 3 373 0.0033399050323414947 0.2482488240078618
transition 752 3 701 -0.24485585280804778 0.030388528535388627
transition 752 3 822 -0.3027164399197917 0.6235229073526806
transition 752 3 602 0.6888153762377942 0.09783974010406907
transition 752 4 478 -0.7123499015578507 0.2861871109453489
transition 752 4 551 0.7834915853330182 0.2346154320192185
transition 752 4 37 -0.946992196058625 0.37323794920813286
transition 752 4 152 -0.7450479994794823 0.10595950782729975
transition 753 0 642 -0.3812124591413124 0.20081600122609608
transition 753 0 637 0.43495523367741273 0.2214702449841039
transition 753 0 280 0.44512884643189965 0.2418149815673034
transition 753 0 402 0.7660527242955026 0.050949424580982006
transition 753 0 504 -0.02769675206286748 0.2849493476415146
transition 753 1 134 -0.1587069026252228 0.4546935600097925
transition 753 1 279 0.6695739502342899 0.11879716179496785
transition 753 1 420 -0.8470885922046858 0.42650927819523965
transition 753 2 662 0.1872217372991325 1.0
transition 753 3 160 -0.43783580343279627 0.23171190316366364
transition 753 3 105 -0.4083493166324903 0.16384821268071872
transition 753 3 431 0.8241114078837242 0.31028952417040245
transition 753 3 123 0.7427202916924975 0.29415035998521516
transition 753 4 753 -0.993031657448044 0.39592149957324363
transition 753 4 819 -0.11085786009429688 0.37004074048175895
transition 753 4 55 -0.039413848818721675 0.23403775994499754
transition 754 0 972 0.2499705712490503 0.4371656705632932
transition 754 0 847 0.18987212732655556 0.3399166641008262
transition 754 0 96 0.36656812434571573 0.031189430016901883
transition 754 0 103 -0.7052824162522011 0.19172823531897878
transition 754 1 721 -0.639004057381793 0.5290578491188908
transition 754 1 282 -0.8139321831555242 0.12406980987774811
transition 754 1 272 0.22525912642333723 0.32324687970198357
transition 754 1 229 0.719179214264541 0.023625461301377562
transition 754 2 284 -0.208557174360112 0.43064118741034163
transition 754 2 371 -0.6003252742694845 0.3680019779282572
transition 754 2 65 -0.17227348379184537 0.20135683466140122
transition 754 3 998 0.41968330468443904 1.0
transition 754 4 746 0.34652032691265044 0.2703735976205558
transition 754 4 990 0.8347661041015852 0.5563688441719877
transition 754 4 194 -0.32599661160363014 0.1732575582074565
transition 755 0 75 0.26282207642890865 1.0
transition 755 1 59 0.7156627355397509 0.07648667196193115
transition 755 1 43 -0.11117052244323045 0.3137787343600454
transition 755 1 374 0.46616178387576834 0.22077657376685159
transition 755 1 111 0.9914264637907932 0.015638571823291734
transition 755 1 105 0.5362652287672545 0.37331944808788015
transition 755 2 295 -0.4289555778801277 0.16204591479377797
transition 755 2 399 -0.668612721075794 0.09156089614544145
transition 755 2 534 0.20830790289712464 0.5018207991149054
transition 755 2 94 0.014562504162261902 0.24457238994587513
transition 755 3 440 -0.8172410162165173 1.0
transition 755 4 638 0.7617126416460613 0.36330969968304466
transition 755 4 683 0.04008482910954725 0.6366903003169554
transition 756 0 636 -0.004503575493517875 0.14741948594785273
transition 756 0 718 0.42480920295999436 0.14260325144803745
transition 756 0 81 -0.5324341420967276 0.2020296634270901
transition 756 0 926 -0.6794231899848984 0.3042980582792766
transition 756 0 605 0.666933368914155 0.20364954089774315
transition 756 1 253 -0.023240448504958655 0.3429920839935852
transition 756 1 421 -0.9164871695591676 0.1516813340500287
transition 756 1 243 0.17538369807072818 0.12685770847391853
transition 756 1 66 -0.8684395921115999 0.20405572130421343
transition 756 1 710 -0.9984183285667856 0.17441315217825415
transition 756 2 499 0.49226844134158765 0.0834927052156753
transition 756 2 812 0.1916186898311465 0.34283764350835355
transition 756 2 688 -0.9315460630512804 0.3754624619301634
transition 756 2 92 0.5584723837413923 0.19820718934580778
transition 756 3 88 -0.7626069209093287 0.48545235549327054
transition 756 3 217 0.8329826823067541 0.013138351193890828
transition 756 3 83 0.5899141249947844 0.25761062666821305
transition 756 3 79 -0.5945368850193957 0.24379866664462563
transition 756 4 274 -0.9820720294456187 0.4366790818618839
transition 756 4 506 -0.40194964988880466 0.36767637938656583
transition 756 4 663 -0.9639881764118081 0.1956445387515502
transition 757 0 893 0.5357099149927835 1.0
transition 757 1 774 -0.9842562420430192 0.1867061278365255
transition 757 1 884 0.7349469284672188 0.1483731647385618
transition 757 1 641 0.11817271274603636 0.20561499964060734
transition 757 1 785 0.7412747781780795 0.25758463823353567
transition 757 1 528 0.7742319774074287 0.20172106955076968
transition 757 2 7 0.6834524835519638 0.22432653935943764
transition 757 2 593 0.5567992875708796 0.6339613701233491
transition 757 2 689 -0.7354344806551345 0.025863938964290654
transition 757 2 526 -0.5317352774319684 0.025307455588459794
transition 757 2 165 -0.8085533723350278 0.09054069596446282
transition 757 3 46 0.6857652035924857 0.37580395795774846
transition 757 3 344 0.9302283255347787 0.2723797684671976
transition 757 3 705 -0.6943738595986924 0.028105625302133657
transition 757 3 600 0.4169828497754575 0.32371064827292034
transition 757 4 87 -0.3636695597133093 0.5547291600375603
transition 757 4 859 0.032831598858233724 0.44527083996243966
transition 758 0 734 -0.864331524265463 0.6265265012378644
transition 758 0 932 0.7164294887511782 0.3734734987621356
transition 758 1 455 0.7349134703168048 0.6387334445098221
transition 758 1 445 -0.9854149285754765 0.3612665554901781
transition 758 2 512 0.8292080424572137 0.6153618512402812
transition 758 2 491 -0.5361658542475902 0.30350157191290594
transition 758 2 515 0.1974987414890894 0.08113657684681289
transition 758 3 896 -0.41931194642645697 0.07869916155678261
transition 758 3 215 0.7197666806318364 0.19699898666665497
transition 758 3 435 0.8607869092429634 0.34443414730117283
transition 758 3 992 0.417100707360363 0.3798677044753896
transition 758 4 658 -0.5718272293478099 0.4288698562519584
transition 758 4 550 0.41125415581386937 0.275904802382514
transition 758 4 339 -0.4006421472329049 0.11884143251289943
transition 758 4 296 0.927795712302236 0.17638390885262828
transition 759 0 947 0.019128418028327987 0.31499099865400887
transition 759 0 984 -0.42652902748155874 0.31897024164138066
transition 759 0 113 0.7033144585817712 0.36603875970461036
transition 759 1 429 -0.6260961228177235 1.0
transition 759 2 591 0.4868037547301747 0.0017732818556468403
transition 759 2 793 0.6558261791645552 0.23703976799913004
transition 759 2 612 0.3492905416120793 0.40820225054339515
transition 759 2 428 0.47051115362679985 0.3529846996018279
transition 759 3 245 0.07048642787811565 0.24399538167730328
transition 759 3 604 0.10556622456746734 0.229769728301046
transition 759 3 944 0.7539576375258674 0.2541827560538658
transition 759 3 485 -0.49934280635030315 0.2720521339677849
transition 759 4 561 -0.7611926024485542 1.0
transition 760 0 5 -0.5428727635968005 0.7049828228479147
transition 760 0 731 0.9049892112674527 0.2950171771520853
transition 760 1 97 -0.6635840238532005 0.49064994514748683
transition 760 1 945 0.715052387128934 0.04876458209248045
transition 760 1 151 -0.9807892567253662 0.4605854727600327
transition 760 2 980 -0.1888459683341961 1.0
transition 760 3 410 0.9253158577992677 0.13610340641053792
transition 760 3 261 0.3029382060263113 0.10060271375272377
transition 760 3 493 -0.9460638906901413 0.7632938798367384
transition 760 4 319 -0.9162637901460458 0.37883661448701356
transition 760 4 224 -0.010150897718330665 0.13970877280968869
transition 760 4 60 0.7417564265616694 0.48145461270329787
transition 761 0 352 0.9485519365122552 0.2735505873911021
transition 761 0 511 -0.21331985549898613 0.4153549020800199
transition 761 0 73 0.028745786439568155 0.20563694320389694
transition 761 0 689 -0.7504929328484 0.1054575673249811
transition 761 1 189 -0.3775622242476535 0.0744456434944171
transition 761 1 902 -0.3236993344276369 0.27066774307165664
transition 761 1 1 -0.952705337363118 0.24854633254985242
transition 761 1 200 -0.5622389556061707 0.2383054759348035
transition 761 1 144 -0.24075070228761097 0.16803480494927037
transition 761 2 688 -0.01097475911858492 1.0
transition 761 3 57 -0.8041091287416571 0.11826315478565003
transition 761 3 256 0.2611172629338141 0.388145946914507
transition 761 3 694 -0.14993672505153155 0.2422220316153687
transition 761 3 548 -0.21235061564239177 0.11546761424093842
transition 761 3 43 -0.09219388078925461 0.1359012524435357
transition 761 4 232 0.8300015668541816 1.0
transition 762 0 134 -0.9117711642027402 1.0
transition 762 1 776 0.45405643286503783 0.23101371411152558
transition 762 1 591 0.8236783117680466 0.40571068590235543
transition 762 1 531 0.936355514604881 0.363275599986119
transition 762 2 288 -0.1290155252035483 0.2900166756263688
transition 762 2 49 -0.4580362933799156 0.2709380440352612
transition 762 2 710 -0.6891998984359904 0.06933977911575927
transition 762 2 209 0.2623397184302827 0.3697055012226107
transition 762 3 537 0.0017358626990291448 0.9930129401724556
transition 762 3 654 0.6660997575545708 0.006987059827544495
transition 762 4 340 0.7703040394479113 0.20233840222291663
transition 762 4 788 0.8261029602514733 0.5819606399555077
transition 762 4 664 -0.6582391773071548 0.21570095782157564
transition 763 0 75 -0.4189230003575357 1.0
transition 763 1 894 0.6125562944101606 0.2247264199432438
transition 763 1 750 0.89302352369215 0.1000173818207709
transition 763 1 753 -0.39233078810000355 0.3680074999951822
transition 763 1 871 -0.636951828634513 0.10779908829730603
transition 763 1 942 -0.23037365678462707 0.1994496099434971
transition 763 2 318 -0.9304348271976388 1.0
transition 763 3 777 0.012728203186774367 0.08455006848685873
transition 763 3 527 -0.30900405537029685 0.3275560058070887
transition 763 3 820 0.15116644800941859 0.20428859242812533
transition 763 3 941 -0.8597644627772079 0.14132831878050914
transition 763 3 617 0.08730805103696104 0.2422770144974181
transition 763 4 646 0.7790133894779643 0.1011661241631824
transition 763 4 18 0.19507966830227486 0.08022957100816144
transition 763 4 129 0.34600077321252276 0.009573921704104345
transition 763 4 662 -0.9365001317239057 0.4342471862933484
transition 763 4 202 0.8808431345801337 0.3747831968312033
transition 764 0 616 0.16154613868888945 0.18019452518523416
transition 764 0 245 -0.07393697788657017 0.4407503470576121
transition 764 0 871 0.436958911425406 0.13368397303367913
transition 764 0 461 0.3663152131818175 0.06554948733628868
transition 764 0 142 -0.12545504396519314 0.17982166738718583
transition 764 1 364 -0.0895608767677305 0.6335527820290842
transition 764 1 823 -0.8780630907414269 0.16570862758175683
transition 764 1 899 -0.3166051457512251 0.20073859038915903
transition 764 2 871 -0.27792635272390065 0.16800957033630906
transition 764 2 59 0.8605547246177143 0.43052487716710386
transition 764 2 413 0.33863719063635367 0.16991948659105766
transition 764 2 441 0.07369129242823758 0.1996304016205132
transition 764 2 385 0.7443267633125565 0.03191566428501627
transition 764 3 866 0.22089390491802585 0.3095044160937442
transition 764 3 410 -0.46000013533379924 0.3098092012688121
transition 764 3 727 -0.2958197034340033 0.38068638263744364
transition 764 4 889 -0.7856110458103047 0.21773115577891813
transition 764 4 389 -0.8165978739932716 0.3070517146253771
transition 764 4 928 0.440093455797395 0.21156726469335244
transition 764 4 729 -0.9725721198851149 0.26364986490235237
transition 765 0 962 0.8158207465829206 1.0
transition 765 1 926 -0.6585455130248514 0.012559561191556332
transition 765 1 979 0.5509516670120966 0.9874404388084437
transition 765 2 561 0.7436226873200413 1.0
transition 765 3 915 -0.7644355477214457 0.7628690452515994
transition 765 3 634 -0.6326090215189095 0.08479626292232789
transition 765 3 941 -0.9029087650208714 0.15233469182607276
transition 765 4 873 -0.16209476500284592 0.2267892853008145
transition 765 4 524 -0.706827886136129 0.5716373495707467
transition 765 4 139 0.4547623983689195 0.15613060648942417
transition 765 4 755 -0.8829894490519385 0.016833697653186243
transition 765 4 56 -0.47246719786946767 0.02860906098582824
transition 766 0 415 0.975088346550961 0.3703121464751467
transition 766 0 475 -0.5358109026155977 0.30241731197047234
transition 766 0 897 0.46998336949694886 0.19595357839177005
transition 766 0 642 -0.5832926300046162 0.11034627822632702
transition 766 0 271 0.5172667660016603 0.020970684936283984
transition 766 1 972 -0.6100381838971107 0.2923428459836076
transition 766 1 123 -0.26312814562214526 0.30685875210024727
transition 766 1 40 0.9375689833391527 0.2303555812890779
transition 766 1 600 0.40819837649277346 0.17044282062706728
transition 766 2 363 -0.7837972713418262 0.26627946322469737
transition 766 2 596 -0.9763730747395336 0.7337205367753027
transition 766 3 164 0.11833770180499958 0.2570458893386126
transition 766 3 726 0.39806591777460665 0.007019722196631783
transition 766 3 578 -0.4260758969295235 0.3543864456894601
transition 766 3 166 0.8754486506936572 0.0549542398285521
transition 766 3 474 -0.5030582460745252 0.32659370294674345
transition 766 4 583 -0.718382058553084 0.24875546602439577
transition 766 4 73 -0.03085183419768911 0.4173556122225469
transition 766 4 625 -0.6310288092327894 0.3338889217530573
transition 767 0 183 0.9575117171923377 0.1211758759527149
transition 767 0 404 0.1166643265795233 0.3063431069456472
transition 767 0 676 -0.38907841950570865 0.19732942196614386
transition 767 0 240 0.6535973772186352 0.37515159513549406
transition 767 1 1 0.5435009625793863 1.0
transition 767 2 178 0.3858848343860366 0.17138186735748068
transition 767 2 950 -0.2980449906407536 0.28009362904129
transition 767 2 206 -0.8371362206152313 0.42444193462374324
transition 767 2 941 0.9183417449127873 0.12408256897748618
transition 767 3 345 -0.44241546444624413 0.12709909222556698
transition 767 3 629 0.49267171915745656 0.23034462122883756
transition 767 3 497 0.5298340239327741 0.04147476409782666
transition 767 3 162 0.7780610676940549 0.2929907904240228
transition 767 3 709 0.388371233327222 0.30809073202374593
transition 767 4 264 0.058981050109364164 0.6517430625907427
transition 767 4 206 -0.9969133234714258 0.2152605654075484
transition 767 4 395 0.5102907674781665 0.13299637200170894
transition 768 0 679 -0.5659084235167811 0.254185614918253
transition 768 0 526 -0.4271658442501083 0.2574995362766447
transition 768 0 833 0.026039582096122338 0.11947171415379242
transition 768 0 395 0.5930214910843323 0.12818630487718757
transition 768 0 569 -0.020733909071753986 0.2406568297741223
transition 768 1 91 -0.5310025148293562 0.6566843145894908
transition 768 1 186 0.07659162612543557 0.3350791362165007
transition 768 1 82 0.8122302178971117 0.008236549194008512
transition 768 2 52 -0.49611612516418835 1.0
transition 768 3 244 0.4136587375701417 0.2588606033181986
transition 768 3 989 0.6996151082786559 0.2663557735676513
transition 768 3 389 0.8601182446848532 0.21507776122771224
transition 768 3 793 -0.8131646304812283 0.1620066769298235
transition 768 3 10 -0.32183425705403357 0.09769918495661435
transition 768 4 291 -0.17430669350475148 1.0
transition 769 0 339 0.5546401265343979 0.08788360315026596
transition 769 0 440 0.7481411905459938 0.912116396849734
transition 769 1 127 -0.07194520565851392 1.0
transition 769 2 773 -0.8124253784617115 1.0
transition 769 3 685 0.0897211867294454 0.2786181203360699
transition 769 3 743 -0.3138251252396118 0.35486069157774736
transition 769 3 888 0.7593305252662588 0.3665211880861827
transition 769 4 738 -0.4992514156787857 0.5451217842714335
transition 769 4 915 0.5250037368747913 0.4548782157285665
transition 770 0 166 0.020134814832267756 0.2655557231003329
transition 770 0 506 -0.2407404210522175 0.23297965229671702
transition 770 0 335 -0.014161859797264587 0.23210326705816467
transition 770 0 952 -0.08790480818912427 0.26936135754478535
transition 770 1 178 -0.5000063943097512 0.07919542906240354
transition 770 1 874 0.20302905108073155 0.21837251948963712
transition 770 1 923 0.07085776113884346 0.39155505600576873
transition 770 1 532 0.17746112816809845 0.31087699544219066
transition 770 2 190 0.8633944094052133 1.0
transition 770 3 697 -0.27908266046404173 0.2485674220737389
transition 770 3 313 0.10706147859755344 0.07273551503797335
transition 770 3 427 0.33338656970149994 0.1517829082670289
transition 770 3 400 0.33774669803143675 0.4027394741676774
transition 770 3 593 0.82874749336901 0.1241746804535815
transition 770 4 900 0.1171204806689925 0.1417588742606821
transition 770 4 813 -0.1458586678710585 0.26742783986717955
transition 770 4 797 0.05529923831202899 0.5908132858721383
transition 771 0 143 0.4583805089968165 0.251869176145201
transition 771 0 988 0.2028059250943104 0.3922857114274218
transition 771 0 476 0.5726690660671419 0.022379845449291055
transition 771 0 105 -0.3923558088993462 0.10488687189691169
transition 771 0 339 0.4926810021114303 0.2285783950811744
transition 771 1 466 0.8612424859443102 0.3081143405796578
transition 771 1 372 -0.2483878963280295 0.42871945976773135
transition 771 1 366 -0.05543579190829728 0.2631661996526109
transition 771 2 642 0.6563919506233298 0.02586311692950101
transition 771 2 563 -0.9211127831916142 0.2865338393430492
transition 771 2 738 -0.9538118698773539 0.33516600041938904
transition 771 2 100 0.06646320668608618 0.3524370433080608
transition 771 3 43 -0.8264356905725809 1.0
transition 771 4 95 -0.6864215803236202 0.3178832231195113
transition 771 4 326 0.6945377954658796 0.09844844857064414
transition 771 4 243 -0.663112085386895 0.27033322613743
transition 771 4 946 -0.6624859796474627 0.3133351021724146
transition 772 0 530 -0.1562546862377443 0.14954981257654532
transition 772 0 366 -0.4806770164947498 0.46766999658998926
transition 772 0 456 -0.11270472671864162 0.32353532788249145
transition 772 0 397 0.2737071077137665 0.05924486295097405
transition 772 1 737 -0.856314112802049 0.11581635017671302
transition 772 1 831 0.33684939694210936 0.16820962104232193
transition 772 1 896 0.3404557088630127 0.20991515898965238
transition 772 1 212 0.3995019532440591 0.5060588697913126
transition 772 2 72 -0.39145923579650055 0.16353096124262292
transition 772 2 522 0.07459461982968763 0.035462775470108475
transition 772 2 586 -0.4848583301377314 0.226201064189488
transition 772 2 631 -0.26107367543658455 0.05934000568016202
transition 772 2 416 0.006215002944028436 0.5154651934176187
transition 772 3 877 0.19123874639478622 0.3597564657672738
transition 772 3 376 -0.9124914876571213 0.25565691322140893
transition 772 3 871 -0.2355942972135423 0.10408996113144886
transition 772 3 90 -0.17334719429103673 0.2804966598798683
transition 772 4 651 0.38252440890224926 0.8484336143194284
transition 772 4 267 -0.28272862522963926 0.1515663856805716
transition 773 0 3 0.8797198686977064 0.1820217631550195
transition 773 0 380 0.5683644091088669 0.15928534878021827
transition 773 0 229 0.7967154838082027 0.24881305002199025
transition 773 0 30 0.19984820692272987 0.40987983804277195
transition 773 1 805 0.02256637257649352 1.0
transition 773 2 133 -0.37449001282986494 1.0
transition 773 3 120 -0.3614310201556665 1.0
transition 773 4 250 0.7574525111866792 0.2798478867262071
transition 773 4 102 -0.12793422606036486 0.534397814940771
transition 773 4 567 -0.9721777984858238 0.18575429833302196
transition 774 0 997 0.20767329634219234 0.2286459219534751
transition 774 0 375 -0.9511333323218336 0.4278081691432469
transition 774 0 248 -0.6821718962821617 0.34354590890327796
transition 774 1 945 -0.5593714133496197 0.9001419985330638
transition 774 1 444 -0.9948472939062041 0.09985800146693624
transition 774 2 293 0.5092340315959765 0.13848161104304588
transition 774 2 464 -0.08501126495958888 0.07774588890177954
transition 774 2 728 0.025844702110926043 0.010470284063513278
transition 774 2 844 0.4432513877928601 0.3983976845418209
transition 774 2 803 0.5177321874542031 0.3749045314498405
transition 774 3 965 0.8108230839302952 0.2982796229041117
transition 774 3 917 0.6426496328794273 0.23986442900288868
transition 774 3 326 0.09484995630604631 0.46185594809299957
transition 774 4 909 0.26220180422987904 0.26155658675089727
transition 774 4 406 0.18593786302016602 0.1377382775333183
transition 774 4 937 -0.5730345642566148 0.31876885115544346
transition 774 4 358 -0.07744330107221975 0.28193628456034103
transition 775 0 999 0.4422346314544887 0.015741168019209616
transition 775 0 79 -0.22951772427891481 0.3422921672895329
transition 775 0 991 0.9876136859823794 0.5973650776995102
transition 775 0 141 0.5384215265963459 0.04460158699174722
transition 775 1 45 0.06871607156440684 1.0
transition 775 2 411 -0.40626702976875717 0.8348506476517173
transition 775 2 675 0.876973708303652 0.05580727025159412
transition 775 2 884 0.4917380105637381 0.10934208209668848
transition 775 3 649 0.05319112296941775 0.26880252117217684
transition 775 3 17 -0.1568047832404691 0.2647511773152567
transition 775 3 282 -0.07840342298807301 0.07491183259708457
transition 775 3 767 0.14912931721059164 0.008906536873660904
transition 775 3 935 -0.8590658651769296 0.38262793204182094
transition 775 4 377 0.2008804523355905 0.002993345879866119
transition 775 4 581 -0.4451974094726867 0.492932010724017
transition 775 4 104 -0.30780208617565696 0.1629355363085644
transition 775 4 122 -0.2633996296932761 0.09346057636441772
transition 775 4 20 -0.37134864847010407 0.24767853072313478
transition 776 0 195 -0.4969229606375183 0.17512220877515366
transition 776 0 817 -0.34736677462337107 0.1802473929159897
transition 776 0 402 -0.49675625386357836 0.2703679701646127
transition 776 0 536 0.29409069283904943 0.3172798368423666
transition 776 0 507 0.5031543952040662 0.05698259130187723
transition 776 1 584 -0.1839879610752413 0.21220176039071317
transition 776 1 168 0.9446712224915086 0.646847002524954
transition 776 1 362 0.2353163121962214 0.1409512370843328
transition 776 2 559 -0.44634693783045676 0.35840600708355497
transition 776 2 547 -0.419098651089298 0.15830952152445824
transition 776 2 679 0.9170642149182218 0.1378202933672083
transition 776 2 417 -0.6806829521695532 0.3454641780247784
transition 776 3 468 0.9443087701400705 0.2969253728518344
transition 776 3 247 -0.6173755005083625 0.2727696440681281
transition 776 3 811 0.5069564023461244 0.08386915771036466
transition 776 3 909 -0.9854560842344853 0.07741491485778504
transition 776 3 610 0.30672601776229014 0.26902091051188776
transition 776 4 838 -0.31568981086803904 0.26677028253297463
transition 776 4 41 -0.0732326884967407 0.1865761638129077
transition 776 4 546 -0.4633523817967262 0.07809373244419678
transition 776 4 102 -0.45303315133877 0.2524170019695772
transition 776 4 705 0.5848532578952905 0.21614281924034365
transition 777 0 521 0.9351021727026918 0.27179433834247313
transition 777 0 833 -0.9566653870133088 0.11895013223716867
transition 777 0 330 -0.0017619994978241849 0.5386051116842869
transition 777 0 693 -0.19940417201795846 0.07065041773607134
transition 777 1 844 -0.05052300901957918 0.7326525162214179
transition 777 1 651 -0.42527742238485766 0.1523047854745964
transition 777 1 628 -0.7276627207669957 0.11504269830398574
transition 777 2 420 0.8394767967713619 0.29229222307781755
transition 777 2 40 0.6267055025438628 0.4137685435105588
transition 777 2 255 0.5722423460159756 0.29393923341162354
transition 777 3 872 0.38201876060721474 0.7641789205897267
transition 777 3 276 -0.8564918181637688 0.23582107941027342
transition 777 4 343 0.4517662945044312 0.1974972772895012
transition 777 4 711 0.5483190215031173 0.24111567613994936
transition 777 4 147 -0.1900355401858751 0.23994894668856628
transition 777 4 923 -0.2539644333099704 0.16905772866000676
transition 777 4 721 -0.24148859495186992 0.15238037122197637
transition 778 0 848 0.11572661824311758 0.40930922399164366
transition 778 0 323 -0.4878521590443534 0.5095154546176395
transition 778 0 404 0.6623875802239227 0.08117532139071691
transition 778 1 528 0.12201012781256004 0.014641447694113206
transition 778 1 363 -0.7115075800651944 0.3307468743397956
transition 778 1 379 -0.4761079239290824 0.21569962657076913
transition 778 1 9 0.7256163856057278 0.43891205139532213
transition 778 2 248 0.20136811530128762 1.0
transition 778 3 997 -0.7534403498784861 0.30118514201734026
transition 778 3 512 0.06919345968943946 0.2679294892880557
transition 778 3 789 0.5344363280654036 0.22143136223067303
transition 778 3 573 0.1515561388851565 0.20945400646393098
transition 778 4 602 0.33280257522856416 1.0
transition 779 0 596 0.7472282326071273 1.0
transition 779 1 538 -0.9110321665647458 1.0
transition 779 2 798 0.9451144389033259 0.11665742408608072
transition 779 2 322 0.7652296618529424 0.15632244460381534
transition 779 2 409 -0.7199058888366547 0.11425604640747737
transition 779 2 278 -0.5209916493906814 0.30143122053961746
transition 779 2 980 0.8141012103478236 0.31133286436300905
transition 779 3 18 -0.33387693931178575 0.30495891802191577
transition 779 3 400 0.30967803934472804 0.6950410819780842
transition 779 4 192 0.1453785757508359 0.2577565380554529
transition 779 4 182 0.7766607020497864 0.7422434619445472
transition 780 0 90 -0.12936999478450972 0.0421965992519113
transition 780 0 458 -0.8891433180994122 0.35330869632131184
transition 780 0 281 -0.8246585255408883 0.5820893233664571
transition 780 0 239 0.8230563762374241 0.022405381060319786
transition 780 1 7 -0.9571421581517217 0.4653076544153915
transition 780 1 213 0.9589839631901047 0.5346923455846085
transition 780 2 646 -0.3400808297031983 0.4373765400990353
transition 780 2 23 0.674590010164251 0.5595434164592367
transition 780 2 331 0.4630171962501095 0.0030800434417280896
transition 780 3 793 0.9952741508451677 1.0
transition 780 4 413 -0.7395114941670251 0.6433459576719753
transition 780 4 837 0.5489345175287155 0.3566540423280246
transition 781 0 748 0.17422025938780794 1.0
transition 781 1 11 0.09847032187891158 0.6463161565688361
transition 781 1 811 -0.8840846978483747 0.05956074156532313
transition 781 1 326 -0.88898212563598 0.22817117085481742
transition 781 1 714 -0.6435902159939664 0.016754878813653458
transition 781 1 252 0.21530864534239424 0.04919705219736987
transition 781 2 592 0.5175798595805474 0.2766650705710322
transition 781 2 754 -0.9832146541368478 0.1819627966748599
transition 781 2 366 0.35869527300789805 0.22468793862886435
transition 781 2 510 -0.6249039183802918 0.1306277473425745
transition 781 2 327 0.18384511937900783 0.18605644678266905
transition 781 3 827 0.40795292569268193 0.5137753436693032
transition 781 3 910 0.40949071433167883 0.03580520658464001
transition 781 3 101 0.8644319089283599 0.45041944974605674
transition 781 4 624 -0.026978512807835475 0.6379406987394148
transition 781 4 205 -0.3132473830807929 0.07514396991265122
transition 781 4 535 0.02460608195702485 0.28691533134793396
transition 782 0 549 -0.3958467047860743 0.07584344975604874
transition 782 0 796 -0.050553687754414156 0.15305103308416235
transition 782 0 208 0.3472848362119789 0.4782302057195607
transition 782 0 248 0.06579760773657961 0.2928753114402282
transition 782 1 334 0.25453224264454466 0.22566676470174182
transition 782 1 868 -0.8870129531775202 0.2516595556843675
transition 782 1 216 0.8049623416533835 0.5226736796138908
transition 782 2 71 0.5758807780194894 0.2570210715698538
transition 782 2 922 0.9129299247405145 0.12311752628313623
transition 782 2 475 0.5759165868538092 0.33234891640900555
transition 782 2 609 -0.8382306576822285 0.2875124857380043
transition 782 3 565 -0.3544233718407326 0.1256006447205069
transition 782 3 441 0.7992300384729412 0.2780227795653006
transition 782 3 994 0.15918857436628397 0.33263873400817195
transition 782 3 17 0.34609114514584904 0.2637378417060205
transition 782 4 617 0.6498410948896338 1.0
transition 783 0 506 0.4995679767861154 0.032894036809787225
transition 783 0 4 0.6728941843071945 0.43030137618502534
transition 783 0 65 0.7017407756104392 0.1345082991553478
transition 783 0 476 -0.9095371549252855 0.40229628784983956
transition 783 1 615 0.7557087883334546 0.18781088811653457
transition 783 1 662 -0.8376970167569264 0.11299348475169851
transition 783 1 42 0.5482290413770599 0.2351101960633957
transition 783 1 495 -0.9100468359514817 0.1043822204658485
transition 783 1 427 -0.8546397007451723 0.3597032106025227
transition 783 2 214 -0.663714907433888 0.23891224470745548
transition 783 2 550 0.8193500960857414 0.2548041337166181
transition 783 2 389 -0.4567571276278415 0.19422734463959815
transition 783 2 499 -0.13946811235107104 0.3120562769363283
transition 783 3 734 0.3122467186275568 0.1293137199559938
transition 783 3 189 0.681339934690574 0.061796323159491885
transition 783 3 508 -0.6406454604973568 0.23482044662564344
transition 783 3 52 -0.26305740907941266 0.25186826095405795
transition 783 3 774 0.5828701695861922 0.3222012493048129
transition 783 4 1 -0.7604028363877042 0.5169874484092261
transition 783 4 516 -0.9389805696221918 0.1015702014087463
transition 783 4 242 -0.4363112697444764 0.28550395888456065
transition 783 4 446 0.3735475348808013 0.09593839129746702
transition 784 0 169 0.1569628493410402 0.2525202337416247
transition 784 0 681 -0.8217371096590178 0.2287240983255939
transition 784 0 153 -0.11093408996083731 0.19686079519451322
transition 784 0 124 0.7730933675632683 0.1005783688361587
transition 784 0 865 0.3073566401269743 0.22131650390210947
transition 784 1 161 -0.2574890582080982 1.0
transition 784 2 264 -0.3183217772359208 1.0
transition 784 3 988 -0.8127858339614864 0.23678505644196995
transition 784 3 42 -0.6237221863728897 0.2655927162275534
transition 784 3 553 -0.4829001845695253 0.43072071376316584
transition 784 3 59 0.7675718294934182 0.004298667195961067
transition 784 3 144 0.8719551868032516 0.0626028463713496
transition 784 4 210 0.6462318760020695 0.5483198293000099
transition 784 4 677 0.5693172817815373 0.35561320865386636
transition 784 4 763 -0.9400242211589687 0.013802673750097279
transition 784 4 402 0.8526812483404884 0.08226428829602649
transition 785 0 327 0.5735288651826165 1.0
transition 785 1 501 -0.8291500865448278 0.2919971004307933
transition 785 1 822 0.5240474215170863 0.32298691998656615
transition 785 1 660 -0.22090079084670666 0.20011447049531966
transition 785 1 8 -0.1572328004743606 0.18490150908732092
transition 785 2 423 -0.1910084005270163 0.25377191348777134
transition 785 2 140 -0.8816313134415823 0.02901794303701171
transition 785 2 483 -0.5979237693955008 0.35914665328171486
transition 785 2 742 0.5818078226510659 0.358063490193502
transition 785 3 386 0.2394098019342943 0.45996059736537553
transition 785 3 35 -0.8267232280603112 0.16204188614058085
transition 785 3 323 -0.20724489856550798 0.12176433510486277
transition 785 3 532 -0.7850813629109479 0.25623318138918094
transition 785 4 636 -0.09815739189870087 0.1551793164968448
transition 785 4 624 -0.00871828131923369 0.8448206835031552
transition 786 0 399 0.1355427719894169 0.40096729702033773
transition 786 0 54 -0.3944241824234187 0.2132541180237106
transition 786 0 824 -0.47909030342775405 0.3857785849559517
transition 786 1 337 0.15278686605896752 0.42173855281072903
transition 786 1 125 0.512336297295056 0.31176268079385094
transition 786 1 446 -0.01051800151185689 0.26649876639542
transition 786 2 324 0.8119249111235214 0.37536360830977455
transition 786 2 652 -0.11972634829068718 0.31345404134453436
transition 786 2 301 -0.4795101800379391 0.31118235034569114
transition 786 3 434 0.27734699047031186 0.5096983632434356
transition 786 3 138 -0.6258615619411272 0.27588432352308756
transition 786 3 997 0.9374494674479303 0.21441731323347682
transition 786 4 136 0.33499176183846235 0.008285362366134124
transition 786 4 139 0.5371152004382707 0.10999787729436529
transition 786 4 475 0.7223268041748165 0.8817167603395006
transition 787 0 769 0.42378692352196023 0.6411833395906963
transition 787 0 567 -0.10679331111250434 0.35881666040930366
transition 787 1 434 0.7237849291533596 0.5270024485054606
transition 787 1 822 -0.3135572909214255 0.3149898455946646
transition 787 1 375 -0.9554487847922979 0.15800770589987478
transition 787 2 763 0.6508652642033328 0.19649341584797606
transition 787 2 123 -0.051979938890536426 0.16492801395071396
transition 787 2 768 0.29739158255089126 0.4592062206341741
transition 787 2 987 0.053324313483766206 0.07174738277849063
transition 787 2 117 0.6153407724087332 0.10762496678864529
transition 787 3 989 -0.4134648620529813 0.12320860719165135
transition 787 3 190 -0.28170136351985997 0.3773861611074356
transition 787 3 671 0.0693532831841579 0.20120452340803371
transition 787 3 984 -0.9176438380404268 0.2982007082928793
transition 787 4 708 -0.8181254387765413 0.0591672785049012
transition 787 4 361 0.8029792993569915 0.05572031535220462
transition 787 4 719 0.216410853840747 0.36196640690499887
transition 787 4 847 0.9673712827085628 0.12395708607827183
transition 787 4 228 -0.8026053759374019 0.39918891315962357
transition 788 0 22 0.9615077210948431 0.07989284517278039
transition 788 0 216 0.0034233005958317353 0.44152365210084327
transition 788 0 664 -0.9866966899787093 0.1258299489360529
transition 788 0 324 -0.9088290592756225 0.2033806430529296
transition 788 0 504 -0.5545623244339768 0.14937291073739384
transition 788 1 840 0.23640949605517014 0.145026288292222
transition 788 1 823 0.39666240827512245 0.3313822069897391
transition 788 1 374 -0.2660491325314971 0.3618654697018001
transition 788 1 625 0.6841002207112634 0.08654317670032118
transition 788 1 609 0.22274181669621895 0.07518285831591766
transition 788 2 992 0.5327513245979676 0.04840434245826858
transition 788 2 920 -0.8343301737422653 0.23637611436664663
transition 788 2 882 -0.6481123407539242 0.4166227855011435
transition 788 2 896 -0.8922456861883405 0.2985967576739412
transition 788 3 989 0.07329486162297494 0.3805205270058287
transition 788 3 679 0.29155124985069825 0.1880329315454565
transition 788 3 52 -0.28800626295719 0.4314465414487148
transition 788 4 322 0.7238559585274671 0.6921331227372479
transition 788 4 144 0.39583660301899126 0.3078668772627521
transition 789 0 635 -0.6648125050529949 0.13953160886570087
transition 789 0 425 -0.2697423984915728 0.8604683911342991
transition 789 1 896 -0.7257399481969005 0.07846768672111074
transition 789 1 619 -0.3310314059311823 0.26439994360073205
transition 789 1 82 -0.1418155539781787 0.3145777827166445
transition 789 1 340 -0.4249670215179675 0.3425545869615127
transition 789 2 262 0.9741163160108184 0.24056219370628107
transition 789 2 204 -0.5710573892893931 0.2596801016793297
transition 789 2 608 -0.3087508064042759 0.30685864947866354
transition 789 2 28 -0.3331678215299121 0.19289905513572564
transition 789 3 252 0.06869236627544506 0.396839916398758
transition 789 3 203 -0.5130937169436878 0.603160083601242
transition 789 4 683 0.1969054188061925 0.3910452410498274
transition 789 4 173 -0.09410340761906144 0.26759535138158425
transition 789 4 523 -0.3508208223625129 0.34135940756858846
transition 790 0 820 -0.02657973311038586 1.0
transition 790 1 870 -0.9589532371373604 0.5341491497442057
transition 790 1 363 0.19133849161970629 0.2696767473653423
transition 790 1 848 0.812903740526516 0.19617410289045198
transition 790 2 983 -0.23122121428770526 0.49841845127438034
transition 790 2 903 -0.6160409914335485 0.027218512094091124
transition 790 2 908 0.34493948370929384 0.07366609528761903
transition 790 2 202 -0.740172981928588 0.34318839137760804
transition 790 2 915 0.8487128860181026 0.05750854996630148
transition 790 3 535 -0.4600863598597775 1.0
transition 790 4 148 0.5433101957149753 0.772135616252092
transition 790 4 453 0.7464303384861932 0.22786438374790793
transition 791 0 456 0.26424409979576846 1.0
transition 791 1 179 0.8105193517839571 0.4846298204972526
transition 791 1 826 0.18814307186513513 0.5153701795027474
transition 791 2 170 -0.8501433138731811 1.0
transition 791 3 957 0.9299166821072073 0.2422919393294475
transition 791 3 343 -0.2010714109096381 0.1547299282323424
transition 791 3 697 0.29867539368494533 0.30380254217062247
transition 791 3 449 0.32635506983316076 0.21606895822402333
transition 791 3 707 -0.392762935577329 0.08310663204356424
transition 791 4 500 -0.23102350721735676 1.0
transition 792 0 119 -0.5641414773897133 0.1187932712248298
transition 792 0 968 0.9901150094212623 0.8812067287751703
transition 792 1 39 -0.05666516480592554 0.20000693778888723
transition 792 1 650 0.9442397351600296 0.27018640340394867
transition 792 1 271 0.08575973947464455 0.3473738280694822
transition 792 1 804 0.12194438832478283 0.026679544117523254
transition 792 1 42 0.14631036260462627 0.15575328662015872
transition 792 2 75 -0.3146662366054076 1.0
transition 792 3 239 0.7572525815639339 0.3893522444375617
transition 792 3 293 0.047859721992911775 0.13116133040840972
transition 792 3 517 0.9413472790475983 0.47948642515402856
transition 792 4 766 0.8994147887106905 1.0
transition 793 0 66 0.6605342387860149 0.2418291811947861
transition 793 0 401 0.678537679757871 0.37915744831988485
transition 793 0 35 -0.32825602367170137 0.006367502721319234
transition 793 0 552 -0.43743132163725384 0.18073294469777607
transition 793 0 433 -0.6811005442726967 0.1919129230662337
transition 793 1 456 -0.13750393739608913 0.12347411342032603
transition 793 1 168 0.3927689817523572 0.4608667950503836
transition 793 1 59 0.81842331755605 0.4156590915292905
transition 793 2 553 -0.2364307743594296 0.27140920801005713
transition 793 2 343 0.9997055523231357 0.2127840217208126
transition 793 2 83 0.14995216870014327 0.26336331514870265
transition 793 2 427 -0.35746848747273274 0.05381468806812364
transition 793 2 82 0.6940322910614802 0.19862876705230406
transition 793 3 678 -0.5430429643101504 0.3313783851643913
transition 793 3 446 0.19222821401182544 0.28091909100914264
transition 793 3 149 0.4695946351684075 0.16887462551683177
transition 793 3 35 0.7762533219357992 0.0409244626136409
transition 793 3 778 0.8202954188688549 0.17790343569599354
transition 793 4 638 -0.12257643406397056 0.4465319675890413
transition 793 4 464 0.493132797873842 0.466972375070874
transition 793 4 962 0.25359363331685736 0.08649565734008477
transition 794 0 688 -0.3484072259090547 0.6295932528616075
transition 794 0 761 -0.6916229462957446 0.3704067471383926
transition 794 1 556 -0.804533587430633 1.0
transition 794 2 387 0.05008142069129673 0.2351694919116074
transition 794 2 937 0.2169305538034132 0.13184444780043117
transition 794 2 614 -0.33812937241026764 0.17152233671173514
transition 794 2 908 -0.7961923534873014 0.17599511050818636
transition 794 2 14 0.3366245891537123 0.28546861306803983
transition 794 3 714 0.1026393073193197 0.7271005711532152
transition 794 3 88 -0.060138092428771106 0.2728994288467847
transition 794 4 470 0.24096374211309302 0.48056974139683706
transition 794 4 622 -0.09054303224063265 0.5194302586031629
transition 795 0 366 0.21202031432608637 1.0
transition 795 1 962 -0.6268976162627526 0.05754979715052893
transition 795 1 844 -0.5176554300267897 0.001995060112461889
transition 795 1 611 0.4178079389488043 0.4358928541777564
transition 795 1 144 -0.46543817012861033 0.4551559460552284
transition 795 1 614 0.5823196996165669 0.049406342504024314
transition 795 2 397 -0.19756910224810742 0.2148464807300737
transition 795 2 857 -0.5555832164916106 0.1291038298829744
transition 795 2 36 0.14907075924692514 0.1624464475339603
transition 795 2 619 0.5245271158848697 0.3024091452854616
transition 795 2 699 -0.48347272934527896 0.19119409656752998
transition 795 3 515 0.8626973373387206 0.2768299958695349
transition 795 3 190 -0.7235466435654057 0.2582729284824917
transition 795 3 881 0.1928851224912942 0.21474871126945194
transition 795 3 727 -0.6340361737260658 0.25014836437852145
transition 795 4 777 -0.04638824142054632 0.8790694425406189
transition 795 4 89 -0.7954832262146276 0.1209305574593811
transition 796 0 49 0.015251410531681664 0.6037670007354788
transition 796 0 2 -0.927543167538198 0.39623299926452105
transition 796 1 482 -0.6989402012108941 0.18460992844312935
transition 796 1 22 0.4772374202204559 0.33614358427004815
transition 796 1 585 0.9627377081311395 0.23861930618471514
transition 796 1 771 -0.7532695051509906 0.24062718110210743
transition 796 2 39 0.26005039200360724 1.0
transition 796 3 525 -0.3411101746849843 0.31101444002195167
transition 796 3 715 -0.7366627970600219 0.1013265888131753
transition 796 3 107 0.9257622778713415 0.1258886513987812
transition 796 3 523 0.05349669631276699 0.008453213139118705
transition 796 3 286 -0.5722872734686884 0.45331710662697317
transition 796 4 265 -0.6027227685287169 1.0
transition 797 0 336 -0.5863829028736076 0.42093108951770786
transition 797 0 64 -0.26078384769754437 0.21200999688750977
transition 797 0 730 -0.5777955902748153 0.012764183309948772
transition 797 0 297 -0.8770069665071456 0.012649500361344107
transition 797 0 482 0.780531278744033 0.34164522992348945
transition 797 1 715 0.29577676441742984 0.26618799699974305
transition 797 1 638 -0.007649010149045621 0.19359986063197304
transition 797 1 374 -0.054219919768326186 0.5402121423682839
transition 797 2 182 -0.5422597900969253 0.4372241790216199
transition 797 2 515 -0.5994158920731691 0.5627758209783802
transition 797 3 209 -0.8738525078120827 0.31716198463501455
transition 797 3 827 0.943606093627879 0.27739826613392715
transition 797 3 730 -0.11332636755065062 0.009367320807061031
transition 797 3 815 0.9766910610009727 0.17945825298121826
transition 797 3 605 -0.585413249880177 0.2166141754427789
transition 797 4 29 0.10509190179280603 1.0
transition 798 0 946 -0.7882490473836834 0.9810174037274347
transition 798 0 241 0.8558868032407394 0.018982596272565242
transition 798 1 209 0.9588936292134418 1.0
transition 798 2 757 0.5433169802235065 1.0
transition 798 3 431 -0.09074831073868417 0.37960586987244677
transition 798 3 430 0.460716172293673 0.4232053678158465
transition 798 3 481 0.25684025283513146 0.19718876231170673
transition 798 4 416 -0.8809617216486125 0.1858204933193765
transition 798 4 320 -0.48157534168210003 0.052943238164683215
transition 798 4 373 -0.3768152648106231 0.4158301919197465
transition 798 4 498 0.6158177468380408 0.18783058151208612
transition 798 4 807 -0.11009776455175002 0.15757549508410765
transition 799 0 391 0.4085479166689674 1.0
transition 799 1 2 0.6549002755568272 0.6690593141770258
transition 799 1 802 0.42558734658948016 0.3309406858229741
transition 799 2 248 -0.4250434391137452 0.18990517495536308
transition 799 2 824 0.2500453817512447 0.25327593161464956
transition 799 2 675 -0.5931237738176145 0.10336857796462179
transition 799 2 924 -0.6800538333904127 0.22228082054702755
transition 799 2 338 -0.9661421131399952 0.231169494918338
transition 799 3 458 -0.51481473652668 0.14242678423126454
transition 799 3 292 0.40123011520259677 0.32745129826121055
transition 799 3 754 -0.9392179755661358 0.08023750624527053
transition 799 3 617 0.1197253637620237 0.37126374451620525
transition 799 3 644 -0.9651647644493322 0.0786206667460492
transition 799 4 905 0.6810990203618086 0.9545906876528595
transition 799 4 847 0.9740364152055012 0.04540931234714053
transition 800 0 908 0.9449616054789809 1.0
transition 800 1 168 -0.9272996484774476 0.46380151654325036
transition 800 1 701 0.5075514534833017 0.31242808658660265
transition 800 1 953 0.27031294242131265 0.223770396870147
transition 800 2 902 0.43212940708992287 0.3377083955301125
transition 800 2 904 -0.1750126581489697 0.4315464793520139
transition 800 2 562 0.6854803177872646 0.23074512511787365
transition 800 3 764 -0.6808225238822638 0.9175754674404829
transition 800 3 302 0.1387996724248881 0.0824245325595171
transition 800 4 529 -0.23089098981314637 0.09791570484053536
transition 800 4 304 0.9846340639572255 0.06980509304593323
transition 800 4 948 -0.7565460740823255 0.20612250963348128
transition 800 4 403 -0.6946479164026056 0.23574744902323475
transition 800 4 40 -0.6069842935157124 0.3904092434568154
transition 801 0 484 -0.31890820944721265 0.39317122181787634
transition 801 0 102 -0.25220517205092796 0.6068287781821237
transition 801 1 168 0.9828360244160357 0.4802128440226145
transition 801 1 785 0.29473297617412464 0.4229449743082844
transition 801 1 544 -0.3693421522001821 0.0968421816691011
transition 801 2 29 0.9303752949434565 0.18467567100767907
transition 801 2 569 -0.32278623473518686 0.25220171233328365
transition 801 2 699 -0.3891223771973398 0.28733573850454425
transition 801 2 582 0.29974347002922097 0.275786878154493
transition 801 3 158 0.7681498638465158 0.09459905881571179
transition 801 3 476 0.21322118683282065 0.2763320744763621
transition 801 3 140 -0.19361639992013302 0.35568357673176226
transition 801 3 606 -0.9293151125375976 0.27338528997616396
transition 801 4 748 0.8458906349419024 0.5083160694867703
transition 801 4 140 0.43789508824817247 0.49168393051322967
transition 802 0 300 -0.27538900580128267 1.0
transition 802 1 517 -0.6530215895630913 0.2605701405856148
transition 802 1 889 0.9547695740370861 0.7394298594143852
transition 802 2 513 0.9783880582705571 0.07217571255026443
transition 802 2 604 -0.19452943081564045 0.3428237578989523
transition 802 2 376 -0.23017369983168345 0.27635729547900656
transition 802 2 380 -0.29379652840627046 0.1348315878005045
transition 802 2 419 0.8434324587614699 0.17381164627127216
transition 802 3 783 -0.6393085363422779 0.4157543739694941
transition 802 3 612 0.5458624474196405 0.4255139417670124
transition 802 3 90 -0.7485778560033796 0.15873168426349357
transition 802 4 860 -0.059392969958324215 0.6451453361476822
transition 802 4 465 -0.8757891292967586 0.17187377894111983
transition 802 4 302 0.25053001743752246 0.13561653723317274
transition 802 4 994 0.07950217496316636 0.0473643476780253
transition 803 0 640 0.8482301220113058 1.0
transition 803 1 557 -0.8332621742121324 0.20118384257694097
transition 803 1 591 -0.9037613550932182 0.32689308060759054
transition 803 1 940 -0.7716877871495809 0.2842009504596594
transition 803 1 435 -0.4895572345273447 0.16769901781666774
transition 803 1 77 0.6593161317039018 0.020023108539141445
transition 803 2 298 -0.779008668340976 0.31359646934426105
transition 803 2 970 -0.8032588494200235 0.23376084801786612
transition 803 2 523 -0.7953172865193259 0.45264268263787294
transition 803 3 616 -0.8671878802702975 0.3205817351281161
transition 803 3 41 -0.6091819546815957 0.035309409095890434
transition 803 3 822 -0.7248129466978686 0.06037116474260357
transition 803 3 694 -0.9035784128091295 0.5837376910333899
transition 803 4 266 -0.6338992287549181 0.2964150061079965
transition 803 4 820 -0.07383994145185446 0.0288020666940063
transition 803 4 139 -0.7108224200510813 0.32288799999654394
transition 803 4 183 0.5673563187502699 0.3518949272014533
transition 804 0 866 0.8914493266609387 1.0
transition 804 1 355 0.35409764732972704 0.6474180022830085
transition 804 1 576 0.998967996347808 0.3525819977169914
transition 804 2 346 -0.0052067755770714985 0.11862584622938352
transition 804 2 801 0.9549000389047593 0.24498865406924691
transition 804 2 512 -0.03631983648214199 0.3032715277851999
transition 804 2 943 -0.19371546183901178 0.05578196789156498
transition 804 2 104 -0.4319996160302644 0.27733200402460473
transition 804 3 649 0.835458118348509 0.6180936954902011
transition 804 3 504 -0.9771575567105804 0.10742167208102008
transition 804 3 190 0.8778763815275608 0.2744846324287788
transition 804 4 435 0.31810306285955847 0.25899150863852927
transition 804 4 559 -0.13117826767068919 0.3026719063644174
transition 804 4 70 -0.7422752212839687 0.19762743261514895
transition 804 4 967 -0.3447970966924516 0.10977510649676105
transition 804 4 836 0.09961531527648337 0.13093404588514332
transition 805 0 739 -0.13309276249409474 1.0
transition 805 1 668 0.8624233500879439 1.0
transition 805 2 56 0.4853004162353025 0.33334293535835685
transition 805 2 953 -0.8132082513378114 0.31352592606756097
transition 805 2 342 0.5932076894181406 0.3531311385740821
transition 805 3 813 0.40691501831280164 0.14817312929997747
transition 805 3 324 -0.30935655877199797 0.04881568094276052
transition 805 3 880 -0.4674397656903344 0.005390563027646285
transition 805 3 662 -0.8818433373821897 0.4166342803857751
transition 805 3 114 -0.6265087446101865 0.38098634634384065
transition 805 4 196 -0.48839622651794556 0.1614245496648489
transition 805 4 811 -0.23400679096532717 0.2238860177796931
transition 805 4 490 0.09586961861701448 0.3205608085168003
transition 805 4 544 -0.28004000033771304 0.29412862403865764
transition 806 0 467 -0.4475978413056987 1.0
transition 806 1 672 0.16399963631291947 0.46089892548423256
transition 806 1 466 0.355417858376899 0.4015098915776522
transition 806 1 201 -0.08589671823103018 0.1375911829381152
transition 806 2 903 0.13369728827317462 0.24874788236353773
transition 806 2 80 -0.035119139026261514 0.17964050005069584
transition 806 2 523 -0.4987807712489096 0.3725746774176076
transition 806 2 744 0.1503198665484735 0.19903694016815882
transition 806 3 670 0.376107921522832 0.12898932033948268
transition 806 3 221 0.7510499706131433 0.4920902637891353
transition 806 3 976 -0.514877956819491 0.37892041587138203
transition 806 4 900 -0.7967603631055422 1.0
transition 807 0 28 0.6828796845119431 0.66474159353633
transition 807 0 873 0.7317508860090018 0.33525840646367006
transition 807 1 531 -0.7099120906484468 0.13740132929879859
transition 807 1 790 0.17238136316853203 0.11075566751348018
transition 807 1 942 0.3611105014089744 0.2848343059171467
transition 807 1 802 0.10853792701978993 0.46700869727057454
transition 807 2 564 -0.08931947695839337 0.03169612789657585
transition 807 2 174 0.0747071026231767 0.19129728167747057
transition 807 2 591 0.23275712014705774 0.2765191816448508
transition 807 2 749 -0.4071470641158681 0.3391964882399145
transition 807 2 756 0.5107061051441737 0.16129092054118824
transition 807 3 624 0.02741523384233835 0.31127791836929625
transition 807 3 483 -0.4199842346215745 0.09204422487207677
transition 807 3 798 0.7864043203635931 0.11989392565581382
transition 807 3 813 -0.4459060371309185 0.35384652914142056
transition 807 3 712 -0.6272766178090943 0.12293740196139258
transition 807 4 589 -0.018399364436492593 1.0
transition 808 0 63 0.3488438285516706 1.0
transition 808 1 662 -0.30767959276027823 1.0
transition 808 2 505 -0.2275127013390048 0.45835827896357434
transition 808 2 486 0.12232046947723241 0.5416417210364256
transition 808 3 905 0.06659403182166379 0.22499910782508534
transition 808 3 202 0.6510648466338678 0.4884745802267257
transition 808 3 962 0.1622911858946916 0.286526311948189
transition 808 4 498 0.4144283998485616 0.5005575417779199
transition 808 4 804 0.8936959417277588 0.4994424582220801
transition 809 0 827 0.39494270700139134 0.03231166691497244
transition 809 0 8 -0.41156348117519803 0.9676883330850276
transition 809 1 986 0.3691725212248651 0.06941427653368448
transition 809 1 929 -0.7580396374280334 0.9305857234663155
transition 809 2 8 -0.2860327148545052 1.0
transition 809 3 127 0.09589054399610841 0.2276276862317371
transition 809 3 102 -0.6528808160406263 0.6512469840362085
transition 809 3 225 0.5307445265380479 0.1211253297320544
transition 809 4 344 0.06166307434387153 0.3310727344375636
transition 809 4 62 0.9802073018437159 0.6689272655624364
transition 810 0 773 0.5508834859814769 0.23196565474204647
transition 810 0 822 0.5179447846475613 0.21441077887003224
transition 810 0 46 0.8424063988174977 0.24264445509960697
transition 810 0 507 -0.3982151252466237 0.31097911128831435
transition 810 1 655 -0.4536990496972655 0.8769728933570068
transition 810 1 972 0.4341019721742434 0.12302710664299311
transition 810 2 884 -0.5378719638512175 0.31907328152190134
transition 810 2 346 0.5157710769463788 0.019844828852313354
transition 810 2 388 -0.35918720054257425 0.22821979436611334
transition 810 2 299 0.6307850313638692 0.21600248659845298
transition 810 2 949 -0.1013279510153533 0.21685960866121906
transition 810 3 607 0.6810635338434039 0.25391074447999973
transition 810 3 132 0.7452145132907464 0.3253767285621503
transition 810 3 363 -0.7245860019473425 0.3979705839163006
transition 810 3 745 -0.01009554853258332 0.022741943041549258
transition 810 4 917 0.5462887328419561 0.07251560325918753
transition 810 4 159 0.581697582025049 0.4415979823407372
transition 810 4 297 0.27682000118279393 0.3501508158043818
transition 810 4 237 0.183513600140645 0.1357355985956934
transition 811 0 361 0.5834553345497291 0.604557511183409
transition 811 0 913 -0.29187425856067506 0.012586594708464493
transition 811 0 335 -0.09597486185640203 0.2687995934501662
transition 811 0 450 0.2555366280303921 0.11405630065796042
transition 811 1 49 -0.38660003358413797 0.9542272497185608
transition 811 1 142 -0.3418604221630417 0.045772750281439234
transition 811 2 724 0.6852207062234019 0.5034264864485801
transition 811 2 349 -0.3548814982945323 0.4965735135514199
transition 811 3 474 0.9905460745103938 0.3533698313689648
transition 811 3 335 -0.9016038310585224 0.15871638144253325
transition 811 3 983 -0.17329801071417839 0.1491595409088065
transition 811 3 529 0.03028613007722991 0.3001325025378289
transition 811 3 210 -0.6273007811164379 0.03862174374186639
transition 811 4 905 -0.8595222427526374 0.26105563761287703
transition 811 4 684 0.48000876397814407 0.19315546987950738
transition 811 4 206 -0.03709545169949435 0.14231453465058488
transition 811 4 667 -0.65185972286778 0.09208387826796015
transition 811 4 532 0.4604870196202271 0.31139047958907057
transition 812 0 383 0.537698573480585 0.06197187185264462
transition 812 0 435 -0.6100602318143269 0.7377714371410646
transition 812 0 9 0.9539351448699507 0.20025669100629073
transition 812 1 861 0.39393433714617165 0.07932823235347604
transition 812 1 455 -0.10794510292052051 0.0329290835133158
transition 812 1 713 -0.825751533632509 0.5861163458719731
transition 812 1 923 0.5501852918658563 0.045772019493008534
transition 812 1 658 -0.9067686832049657 0.25585431876822645
transition 812 2 875 -0.33706112907840335 0.1554659425852256
transition 812 2 747 -0.28052728024123574 0.31121024876337144
transition 812 2 63 -0.6314441223923937 0.05784843685822545
transition 812 2 651 0.6489584415460428 0.20325818037839502
transition 812 2 148 -0.9024289731137696 0.2722171914147824
transition 812 3 543 0.8399579294877138 0.6254991853734471
transition 812 3 915 -0.1608738057668997 0.3745008146265528
transition 812 4 699 -0.9393503166846302 0.09095528234433221
transition 812 4 655 0.4918125409254659 0.22119196117953382
transition 812 4 488 0.3966323813559016 0.6038342050339393
transition 812 4 934 0.7410428877801247 0.0840185514421947
transition 813 0 742 0.4481333397112983 0.3024525841423894
transition 813 0 846 -0.9886429724768817 0.08095337167811607
transition 813 0 269 0.4282068504141283 0.09374717335304247
transition 813 0 77 0.5552513840997064 0.1912616028153433
transition 813 0 614 -0.42683583155706173 0.33158526801110877
transition 813 1 207 -0.8493714773261192 0.2090131421113871
transition 813 1 667 0.7144997396236357 0.7024653168592366
transition 813 1 205 0.6714288051904409 0.08852154102937627
transition 813 2 686 -0.7158041987772987 0.852926095453674
transition 813 2 487 -0.6893306851236127 0.14707390454632593
transition 813 3 693 -0.7778854865769451 1.0
transition 813 4 384 0.5146257383115274 1.0
transition 814 0 277 0.6804474173373241 0.11937066993176232
transition 814 0 363 0.466574365511641 0.19003974561548628
transition 814 0 515 0.323577955036221 0.20257361221848244
transition 814 0 328 0.24492065999735635 0.2318893341137251
transition 814 0 147 0.6666142708102727 0.2561266381205439
transition 814 1 672 0.4067020413508624 0.03349710393288894
transition 814 1 630 0.6777409485453927 0.5152915927923879
transition 814 1 49 0.0757306843616532 0.18020081210557307
transition 814 1 177 0.776035860192875 0.2710104911691502
transition 814 2 111 -0.9349554054967704 0.4680303492638546
transition 814 2 131 0.5421034092014394 0.5319696507361453
transition 814 3 570 0.19900560675091805 0.8089227768524413
transition 814 3 818 -0.7743046524278399 0.19107722314755868
transition 814 4 549 0.4584984552057785 1.0
transition 815 0 768 0.7747000046802268 0.9075626054426652
transition 815 0 143 0.6539192081021066 0.09243739455733475
transition 815 1 762 -0.8093134634995054 0.49339490153858906
transition 815 1 185 -0.2129795928928122 0.506605098461411
transition 815 2 582 0.21020217572164857 0.1931746560811435
transition 815 2 137 -0.7674680647805501 0.33279527640184053
transition 815 2 901 -0.7282859307064355 0.2808375732322552
transition 815 2 169 0.057494904262008095 0.19319249428476068
transition 815 3 292 0.9556158090621705 0.9857719225100571
transition 815 3 936 0.4599927826996064 0.014228077489942903
transition 815 4 572 -0.4441416984834301 1.0
transition 816 0 842 0.7949180300877241 0.19754375794877857
transition 816 0 257 -0.5309529869109304 0.1713347077292259
transition 816 0 942 0.2885239044039756 0.277659560699123
transition 816 0 106 0.7965019349383253 0.35346197362287246
transition 816 1 755 0.7711998187684488 0.015081408380874796
transition 816 1 529 -0.2790851089558304 0.549370299964063
transition 816 1 0 0.13404679686589693 0.2528243257284513
transition 816 1 592 -0.6214455139451762 0.18272396592661094
transition 816 2 828 -0.4309033377876321 0.763138247533687
transition 816 2 75 -0.3119566329114978 0.23686175246631308
transition 816 3 333 0.13300836889872625 1.0
transition 816 4 998 -0.2952072984811662 0.11873323844333908
transition 816 4 306 0.8646950329560901 0.24257769179647534
transition 816 4 432 -0.8246287342424248 0.21259956946284397
transition 816 4 53 0.3731561617322552 0.4260895002973417
transition 817 0 837 -0.15109762540427574 0.8288134747341799
transition 817 0 559 0.053634214703644156 0.17118652526582004
transition 817 1 953 -0.5331073629307901 0.3912314224739302
transition 817 1 313 0.8304905648708136 0.10385818430420646
transition 817 1 981 0.39076175864105767 0.5049103932218633
transition 817 2 515 -0.11667963831536476 0.2794570247405853
transition 817 2 501 0.6728885167567653 0.14610860921107377
transition 817 2 244 0.9879837108864833 0.2774523469269223
transition 817 2 85 -0.3474681902215049 0.2969820191214186
transition 817 3 365 -0.2293589599805712 1.0
transition 817 4 472 -0.6350077227596573 0.7001193511277155
transition 817 4 34 -0.6034246362152462 0.2998806488722845
transition 818 0 513 -0.08777599106470957 0.3107777462333166
transition 818 0 660 -0.934360146133792 0.20567662417517613
transition 818 0 794 0.8357875087204281 0.48354562959150726
transition 818 1 989 -0.3107257257845495 1.0
transition 818 2 487 -0.2644171622540794 0.429162826298943
transition 818 2 797 -0.1098330634838749 0.26697909643684886
transition 818 2 853 0.813049775870615 0.30385807726420827
transition 818 3 462 -0.46856550406948827 0.26088405739105747
transition 818 3 237 0.28846736175562704 0.29648357044701945
transition 818 3 64 -0.41201409064066574 0.3739767873823862
transition 818 3 12 0.6866364577482456 0.06865558477953687
transition 818 4 864 -0.09961614560164933 1.0
transition 819 0 94 0.8140022132069991 0.5761707267266439
transition 819 0 183 -0.6255493156688712 0.3788698217156187
transition 819 0 399 0.20912071775804097 0.04495945155773737
transition 819 1 750 -0.1052251363994936 0.025273395491396258
transition 819 1 320 -0.49889442583320176 0.37374066527621935
transition 819 1 188 0.6457007646304607 0.3821969731075748
transition 819 1 403 -0.4899744410260398 0.147495454778726
transition 819 1 528 -0.15653361566689972 0.07129351134608362
transition 819 2 262 -0.6444447972016365 0.17508026878632796
transition 819 2 300 0.8846727241549952 0.22048356347680653
transition 819 2 578 0.5037779871422385 0.223034344957001
transition 819 2 650 0.01248242362165275 0.15433962196361936
transition 819 2 758 0.9728622279676138 0.22706220081624506
transition 819 3 819 0.5556051495611667 0.34601865637595947
transition 819 3 962 0.8169280143795035 0.275315471708764
transition 819 3 338 -0.05293618479407991 0.27632867549000034
transition 819 3 582 0.9930135261528876 0.10233719642527624
transition 819 4 330 -0.034003572012771155 0.08733910149236795
transition 819 4 496 -0.6212295937282193 0.2638420265253599
transition 819 4 475 0.8773037728778021 0.6488188719822723
transition 820 0 242 0.48138299860327716 0.9150708410862853
transition 820 0 322 -0.2251745106715759 0.08492915891371464
transition 820 1 482 -0.20687074123994598 1.0
transition 820 2 603 0.7771706992459539 0.9355955542149142
transition 820 2 499 0.48200531990697915 0.06440444578508574
transition 820 3 366 0.6464214242423243 0.4975512882082011
transition 820 3 927 0.8591684910264705 0.5024487117917988
transition 820 4 219 0.40593708292048114 0.6820049173840155
transition 820 4 87 0.22864277563293878 0.025393920036905434
transition 820 4 948 0.1441302953613406 0.29260116257907914
transition 821 0 411 0.514689408788144 0.15244627182832
transition 821 0 111 0.23075229551156373 0.4453844026727098
transition 821 0 607 0.9973329438869551 0.2689126695547045
transition 821 0 276 0.13560822450369425 0.1332566559442657
transition 821 1 618 0.2794378361057257 0.06021491355871779
transition 821 1 375 0.9215269015133525 0.14050920081844634
transition 821 1 881 0.5683184734641256 0.18434539424751256
transition 821 1 629 0.31973830739286924 0.6149304913753233
transition 821 2 834 -0.6063002811201916 0.2894994588871999
transition 821 2 465 0.8552578341490806 0.17104994085564107
transition 821 2 733 0.0419329481673727 0.3809355531627265
transition 821 2 138 -0.0020710988297096833 0.11579188173695348
transition 821 2 128 -0.039061791812139424 0.042723165357479005
transition 821 3 194 -0.8486232747393809 0.03678185601257211
transition 821 3 546 0.06689159835550829 0.9632181439874279
transition 821 4 363 0.4606328287125854 0.44287761429759837
transition 821 4 831 0.5759288791023986 0.5571223857024017
transition 822 0 17 0.9960271533124676 0.4112246367855192
transition 822 0 623 0.9767289866189341 0.20496703185898754
transition 822 0 332 -0.9360462613326375 0.31346280322321823
transition 822 0 369 0.0020279776024672014 0.07034552813227499
transition 822 1 247 0.4441473649695056 0.2818872713658436
transition 822 1 463 0.5856407553978078 0.3068677407908034
transition 822 1 750 0.28916634533043717 0.07889920233066518
transition 822 1 169 -0.10419200985099852 0.14215676819969134
transition 822 1 625 -0.5932877616129537 0.19018901731299653
transition 822 2 995 -0.3965977108043408 1.0
transition 822 3 833 0.4260120914247567 0.6336349098413502
transition 822 3 80 -0.7414020279116096 0.3663650901586497
transition 822 4 415 0.8334473265464994 1.0
transition 823 0 375 0.5356646413805093 1.0
transition 823 1 105 0.6460021660776543 0.3894840829053222
transition 823 1 243 -0.7941624763702118 0.10989370512364478
transition 823 1 799 0.11719793452383609 0.13796505027148476
transition 823 1 910 -0.27442736668568823 0.36265716169954815
transition 823 2 893 0.2861585668688835 0.10638407835795927
transition 823 2 82 -0.10253445264940497 0.2730170574942973
transition 823 2 459 0.17255930558115495 0.3589331038161013
transition 823 2 344 0.6376967396027735 0.074518573317303
transition 823 2 695 0.01945478299529091 0.18714718701433922
transition 823 3 396 0.2946786107036441 0.22688963642689938
transition 823 3 169 0.12942916977811536 0.121978599045822
transition 823 3 389 -0.5847063055008048 0.4756354795822716
transition 823 3 822 0.1807618295632194 0.16767992224476083
transition 823 3 249 -0.6006010593070465 0.007816362700246252
transition 823 4 980 0.7175200556764523 0.8347099541139212
transition 823 4 983 0.35730463821811975 0.14371079259272795
transition 823 4 113 0.1522453853622905 0.021579253293350777
transition 824 0 702 0.19240854111781025 0.5687266723792163
transition 824 0 995 0.5524826348818326 0.0047263223177497005
transition 824 0 50 0.8344657194758933 0.4027627841581287
transition 824 0 495 0.0966717318107797 0.023784221144905412
transition 824 1 173 -0.5237968485905125 0.6757169205626395
transition 824 1 367 0.5815359401492819 0.32428307943736034
transition 824 2 723 -0.8055465946783944 0.2920239874084166
transition 824 2 887 -0.36986304056367914 0.15331273460874126
transition 824 2 39 0.5226903248878263 0.5292994969718448
transition 824 2 49 0.5483512369540182 0.025363781010997354
transition 824 3 701 0.22119515215840457 0.37569597770577295
transition 824 3 560 0.2943478391893628 0.24101988837418026
transition 824 3 744 0.8642012735256435 0.3832841339200468
transition 824 4 465 0.19449197269745322 0.5523131062976286
transition 824 4 904 -0.6355965653588345 0.14819293386881266
transition 824 4 539 -0.5590974784253628 0.15322033106818536
transition 824 4 204 -0.8289916571987037 0.10514253627732391
transition 824 4 941 -0.03102002063278153 0.041131092488049414
transition 825 0 553 0.6112441448141799 0.36868199483976677
transition 825 0 382 0.8840343922271137 0.413825329336723
transition 825 0 763 -0.5366554671363735 0.1408137857008136
transition 825 0 208 -0.44695134101046397 0.07667889012269673
transition 825 1 472 -0.19689767884698584 1.0
transition 825 2 217 0.9425640545988307 0.32165277937737946
transition 825 2 539 0.25229097272015566 0.2249125157852254
transition 825 2 213 -0.46517548426519784 0.4472252999979665
transition 825 2 967 -0.07252214670707358 0.006209404839428536
transition 825 3 31 -0.8108947782186677 0.6214032150627437
transition 825 3 170 -0.3430535648866935 0.37859678493725635
transition 825 4 972 0.2078048088739557 1.0
transition 826 0 881 0.5848261948626985 0.15976393454013835
transition 826 0 259 -0.4397378187535317 0.6749835396798676
transition 826 0 338 0.9957961024900415 0.16525252577999403
transition 826 1 783 0.9152679178447851 0.30666678634370215
transition 826 1 444 0.6761841682197975 0.36650187621742375
transition 826 1 259 0.5164784929435784 0.2359006593659794
transition 826 1 149 0.6304965513511513 0.09093067807289468
transition 826 2 600 0.19210080620881498 0.16885250033138063
transition 826 2 399 0.22903605488862477 0.32224332058493976
transition 826 2 284 -0.4135399489720464 0.3099526147765441
transition 826 2 565 0.7076581524114403 0.19895156430713556
transition 826 3 952 -0.5761642419698387 0.18645084464491943
transition 826 3 119 0.9945746562374993 0.16607854042703324
transition 826 3 493 0.7680888929396088 0.21029526946708266
transition 826 3 353 0.23018204368688244 0.2111024455681491
transition 826 3 589 0.5371841096934027 0.22607289989281562
transition 826 4 323 0.9916757747134861 0.36490933305284345
transition 826 4 436 0.896319229658159 0.26304098015186045
transition 826 4 668 -0.7538127337527722 0.3720496867952961
transition 827 0 102 0.18367213971531204 0.08035100591811745
transition 827 0 72 -0.9962380011412719 0.25350426205259097
transition 827 0 374 -0.7275462930731145 0.2689139687255413
transition 827 0 151 -0.7055165103744694 0.16061649969849703
transition 827 0 78 0.46473799310505437 0.23661426360525326
transition 827 1 175 -0.3993561328501669 0.16376529188899566
transition 827 1 781 -0.7737765116364297 0.26807332636236764
transition 827 1 582 -0.09102134394064554 0.22928580859199718
transition 827 1 468 -0.6366719145454476 0.31495727960304143
transition 827 1 355 -0.5842249235691772 0.023918293553598074
transition 827 2 21 0.5846132682324428 0.37760774402337344
transition 827 2 996 0.2819884463980429 0.28756827522928385
transition 827 2 974 0.08049506353030056 0.15312181711852016
transition 827 2 520 -0.8007413708911622 0.08756171499256399
transition 827 2 281 -0.3374089976786008 0.09414044863625866
transition 827 3 512 0.9461385819092183 0.10034636129938206
transition 827 3 441 -0.11976774471803808 0.025292432701304816
transition 827 3 18 0.043035000902016396 0.2544222563894055
transition 827 3 163 0.15269392973956797 0.3721377516366379
transition 827 3 204 0.6506168005902546 0.2478011979732698
transition 827 4 135 -0.12923633199774942 1.0
transition 828 0 744 0.5338737418777226 0.4801658582253951
transition 828 0 155 -0.3267814599958192 0.5198341417746049
transition 828 1 575 -0.4715528978346113 0.2582735187978889
transition 828 1 41 0.36994301935909024 0.3321238384120027
transition 828 1 120 0.41882211204892617 0.40960264279010833
transition 828 2 93 0.9548781361162504 1.0
transition 828 3 160 -0.30516487380149093 0.22468844606425376
transition 828 3 488 -0.6659127411475796 0.32085253063591
transition 828 3 848 0.7917244366752556 0.08996689555381379
transition 828 3 415 0.5253675717920279 0.3644921277460224
transition 828 4 253 0.8726423738021725 0.3145618459906023
transition 828 4 802 0.7216432537361746 0.3333593765801864
transition 828 4 255 -0.150255897559471 0.28876146456813034
transition 828 4 848 0.021368206098479225 0.032731031710913586
transition 828 4 262 0.02121799237644595 0.03058628115016736
transition 829 0 519 -0.08867190028380145 0.0949160082774851
transition 829 0 151 -0.6187331585159481 0.6203411721052136
transition 829 0 439 0.2905160800202624 0.1398495783124716
transition 829 0 713 -0.46811025330094624 0.14489324130482978
transition 829 1 629 -0.7763579042741322 0.001362696074516256
transition 829 1 608 0.768185500865582 0.32361285175192916
transition 829 1 322 0.6204165932396304 0.6750244521735544
transition 829 2 662 0.0691094485759789 0.3490411859789257
transition 829 2 752 0.1506464637849494 0.33661193908847525
transition 829 2 151 -0.07015702286247016 0.2539199366867421
transition 829 2 850 -0.914646761508408 0.0604269382458569
transition 829 3 980 0.3279277048557252 0.45613167828139456
transition 829 3 491 0.9845965496916369 0.060829972161107894
transition 829 3 152 0.05940982951582119 0.4830383495574974
transition 829 4 772 -0.43746661402219544 1.0
transition 830 0 272 0.7047337264472282 0.26986860883075925
transition 830 0 260 0.8651321632365698 0.18973119890691206
transition 830 0 20 0.41474474794822336 0.21862552355257042
transition 830 0 621 0.4292147918715341 0.24663918722859235
transition 830 0 954 0.20061696379117677 0.07513548148116596
transition 830 1 750 -0.4681147350749475 0.29250429363672537
transition 830 1 738 0.30278014376303397 0.7074957063632746
transition 830 2 87 0.8507630788719398 0.2786211413401933
transition 830 2 147 0.723951445106847 0.571112544712123
transition 830 2 191 0.4250670043506759 0.15026631394768356
transition 830 3 19 -0.9727247851081557 0.15862348910124313
transition 830 3 998 -0.49164622920165124 0.3327604161256472
transition 830 3 781 0.8167262993240942 0.07336732267052079
transition 830 3 966 0.9448910132069588 0.18247937790515117
transition 830 3 129 0.18250580587275955 0.25276939419743766
transition 830 4 547 -0.2792339001605557 0.02158931742707672
transition 830 4 558 0.5760301180051564 0.01841939814896734
transition 830 4 522 0.710193336911719 0.2876441083943693
transition 830 4 174 -0.7618726641218498 0.3736465132528365
transition 830 4 774 0.31031462262121967 0.29870066277675017
transition 831 0 433 0.05445219396669554 0.21602571499663123
transition 831 0 510 -0.8922487187668557 0.4757950003544097
transition 831 0 796 0.508380756662165 0.040346237957743
transition 831 0 988 -0.3465601617172409 0.24181543909158154
transition 831 0 797 0.4058193914764574 0.02601760759963457
transition 831 1 767 0.7634862478770947 0.3917049533805812
transition 831 1 123 -0.6152495865780341 0.16192574011645952
transition 831 1 172 -0.7684791916868934 0.004754527915405682
transition 831 1 437 0.6843244477143964 0.40960173805851086
transition 831 1 354 -0.23702492863347424 0.0320130405290428
transition 831 2 54 -0.2347789713816648 0.20458842000147207
transition 831 2 13 0.4984811039221291 0.795411579998528
transition 831 3 22 0.774259997212823 0.3033053391622133
transition 831 3 590 0.23498268964816127 0.30817537230420405
transition 831 3 891 0.29643192900504123 0.38851928853358253
transition 831 4 510 0.20183701393216613 0.15659144848787102
transition 831 4 791 0.7981695261272879 0.5369938850225475
transition 831 4 204 -0.4653058114003661 0.3064146664895815
transition 832 0 547 -0.05963573228220587 0.48756717387630494
transition 832 0 962 -0.7193015743935054 0.5124328261236951
transition 832 1 911 0.5278085259651804 0.20541849887485752
transition 832 1 678 0.877670046041471 0.29972680226069437
transition 832 1 321 -0.5122744487551305 0.14909960201630418
transition 832 1 732 0.649294922931495 0.15678159839091824
transition 832 1 421 -0.7235024879455487 0.18897349845722575
transition 832 2 786 -0.17766906593412335 1.0
transition 832 3 276 0.4615475721793154 1.0
transition 832 4 91 -0.20542322484121023 0.21465191202179026
transition 832 4 390 -0.7231564550334084 0.7853480879782098
transition 833 0 977 0.6479398512116101 0.23692812725542672
transition 833 0 812 0.2539112971102324 0.06589737647095809
transition 833 0 333 -0.5829523983297342 0.12409770682038758
transition 833 0 542 0.8475880069167605 0.5402221911120882
transition 833 0 739 0.835542355505229 0.032854598341139386
transition 833 1 547 0.25585107495879167 0.29654627236107106
transition 833 1 400 -0.5959044939927878 0.26563851531564364
transition 833 1 947 0.5662495534213221 0.2884569261464752
transition 833 1 982 0.4838648508589485 0.14935828617681005
transition 833 2 823 -0.055986581509393174 0.22305403153952721
transition 833 2 224 0.4388706361629282 0.41773823717197817
transition 833 2 246 -0.869636031635012 0.3592077312884947
transition 833 3 257 0.5321160028894656 0.31981778753951223
transition 833 3 450 -0.2976096024056607 0.2285146004692399
transition 833 3 585 0.14760854139799395 0.30151993298824986
transition 833 3 223 -0.56587402091991 0.11204121053472517
transition 833 3 699 0.10276832625189458 0.03810646846827288
transition 833 4 233 0.8744718835163496 1.0
transition 834 0 156 -0.26448152741584874 0.3325970104569343
transition 834 0 332 0.7321435967950922 0.31243113784651727
transition 834 0 637 -0.6130250892959255 0.26915777741430824
transition 834 0 383 0.32026189252599435 0.08581407428224026
transition 834 1 964 -0.4110945833895834 0.27663443203300964
transition 834 1 276 -0.5288849009313077 0.032013613058746275
transition 834 1 123 0.46770194502088813 0.23076419101587825
transition 834 1 910 -0.2024411173512597 0.4605877638923659
transition 834 2 98 0.5166289787816176 1.0
transition 834 3 614 0.8164045498549575 1.0
transition 834 4 856 -0.33205964465933824 0.15387764203878107
transition 834 4 696 -0.992969660948269 0.3782435770405268
transition 834 4 155 -0.6794270383719805 0.467878780920692
transition 835 0 425 0.15896141618790782 1.0
transition 835 1 615 0.5009843905505911 0.7555453128931119
transition 835 1 221 -0.3231977474480876 0.24445468710688803
transition 835 2 543 0.639808513741694 0.26280506772698603
transition 835 2 383 0.600484070067995 0.3739544863507453
transition 835 2 481 0.37497702533057087 0.01007804484098631
transition 835 2 201 0.22941852590235934 0.0693739455722773
transition 835 2 832 -0.8830487346040508 0.28378845550900494
transition 835 3 91 -0.12560423394751252 0.24866113819881602
transition 835 3 732 -0.40631588990030454 0.14580804123548122
transition 835 3 303 -0.36144654025308 0.30095643628888935
transition 835 3 4 -0.4655550206023851 0.03835610391776041
transition 835 3 978 0.8950768016942203 0.26621828035905304
transition 835 4 435 0.35922541904250793 0.21233323507940166
transition 835 4 670 0.8452632943194354 0.2674612745463377
transition 835 4 672 -0.17409737272764159 0.22001131038926014
transition 835 4 716 0.35149591239538913 0.20526953949542662
transition 835 4 105 -0.2634381972863764 0.0949246404895738
transition 836 0 534 -0.853503705865958 0.5044719812777613
transition 836 0 627 -0.6634278334927006 0.26006012250415333
transition 836 0 926 0.7047974347711135 0.2354678962180854
transition 836 1 620 -0.4660662898288759 0.5892817646413041
transition 836 1 712 -0.47734608039470716 0.22041561193738035
transition 836 1 920 0.9022896402469656 0.1903026234213155
transition 836 2 389 0.8272898610988189 0.3534862845283124
transition 836 2 588 -0.6278753485161976 0.37824713944717814
transition 836 2 417 0.6693704491959103 0.2682665760245093
transition 836 3 803 0.7614442958792711 1.0
transition 836 4 576 -0.20658045628573163 0.07597402518718702
transition 836 4 802 0.6185862177380919 0.924025974812813
transition 837 0 702 -0.33484761999319446 1.0
transition 837 1 460 -0.5634449780630435 0.33285133465031663
transition 837 1 642 0.5448210233082764 0.11232072414969199
transition 837 1 387 0.6683668961408533 0.18506819930357754
transition 837 1 255 0.7718566118841133 0.2952587334264417
transition 837 1 564 -0.4998624080256684 0.07450100846997218
transition 837 2 127 0.04731956761708367 1.0
transition 837 3 847 -0.4033324013198283 0.17084246680994916
transition 837 3 615 -0.3614330823633609 0.23099740100325838
transition 837 3 647 0.22693249721702569 0.1983272897819911
transition 837 3 339 -0.4958592199189775 0.22310297869905465
transition 837 3 288 -0.44409260033602327 0.17672986370574667
transition 837 4 290 -0.8260714202688628 0.22617682502736414
transition 837 4 178 0.5122116029271075 0.37245708498675373
transition 837 4 736 -0.3741879319392649 0.15670873070193483
transition 837 4 444 -0.994729301640527 0.2446573592839473
transition 838 0 64 -0.019471515595760103 0.28312027936482836
transition 838 0 236 0.496291916309036 0.06894128155511052
transition 838 0 385 -0.7502055527713252 0.6479384390800612
transition 838 1 782 0.7295294190575623 0.06426531619168598
transition 838 1 87 0.4690852553098108 0.6761525961696718
transition 838 1 615 0.7567502574672107 0.2595820876386422
transition 838 2 626 -0.8876772794539853 1.0
transition 838 3 908 -0.22089575382919757 0.5672159788390813
transition 838 3 371 0.2826083048535615 0.1948270529093406
transition 838 3 583 -0.24559418659215093 0.23795696825157814
transition 838 4 792 0.8107089366717417 0.4125299025921516
transition 838 4 602 0.49852958274613024 0.4084335599604757
transition 838 4 266 0.6380710115191024 0.17903653744737272
transition 839 0 702 -0.9215530061229369 0.24854520259350074
transition 839 0 413 -0.6636916418969387 0.24301805973917612
transition 839 0 633 0.598121529527367 0.08620479179267362
transition 839 0 245 -0.6865700769176091 0.07832961922199067
transition 839 0 895 0.8336068629268993 0.34390232665265874
transition 839 1 566 0.6533186569956622 1.0
transition 839 2 682 -0.01667517654136197 0.28712754138131297
transition 839 2 512 -0.028577677023034376 0.07006676762525024
transition 839 2 570 -0.059005130160641794 0.21951797621182517
transition 839 2 92 0.13663862562967433 0.4232877147816116
transition 839 3 595 0.3646010041253973 1.0
transition 839 4 705 0.5252498932294971 0.2046647740459356
transition 839 4 18 0.2716610988824659 0.40214299496107253
transition 839 4 881 -0.5677056185127438 0.013452484223573199
transition 839 4 173 -0.25783965242398876 0.029199950499549567
transition 839 4 188 0.21420082564570309 0.3505397962698691
transition 840 0 611 -0.8554173161463596 0.3563893803862421
transition 840 0 729 -0.5417140833785599 0.43080872452156094
transition 840 0 792 0.5505396957366244 0.2128018950921969
transition 840 1 359 -0.5305639274472143 0.25506130171274227
transition 840 1 452 -0.6326646162817873 0.31827037227285543
transition 840 1 951 0.8878922458734848 0.42666832601440235
transition 840 2 207 0.2963916077879287 0.1261094320213663
transition 840 2 797 0.2888761025493487 0.3936505792317269
transition 840 2 517 -0.4873719223639743 0.3534190439734838
transition 840 2 894 -0.7450434701260289 0.035547221865940636
transition 840 2 72 0.38873278147510626 0.09127372290748244
transition 840 3 457 0.5938836770151874 0.2911197860422376
transition 840 3 938 0.054428178785823844 0.1491201689563262
transition 840 3 854 0.043324246947598066 0.20390214658126085
transition 840 3 891 0.3676975828642466 0.16363511618882354
transition 840 3 632 -0.9776054704486636 0.19222278223135184
transition 840 4 924 0.31640900050102294 0.05944353853278211
transition 840 4 775 0.47764994152516715 0.13826791248906323
transition 840 4 174 -0.07538966962521676 0.8022885489781547
transition 841 0 53 -0.6887771632967725 0.0349035881026595
transition 841 0 369 0.3560451350701743 0.37573873605809366
transition 841 0 927 0.11440442872597534 0.18237925547051265
transition 841 0 316 0.5110212018610223 0.4069784203687342
transition 841 1 864 -0.06585609263305092 0.0789404915168713
transition 841 1 124 0.055370862159535905 0.07088320192938344
transition 841 1 210 0.6150105103746035 0.45710029985393114
transition 841 1 449 0.9707005429473279 0.39307600669981413
transition 841 2 58 -0.31919155172718017 0.7672036080429003
transition 841 2 686 0.946360088930682 0.2327963919570997
transition 841 3 584 0.8335981980167617 0.44124387147365934
transition 841 3 380 -0.34863435052880454 0.3133251847352611
transition 841 3 41 -0.031778379544925794 0.2454309437910796
transition 841 4 24 0.569904629286589 0.1406585560818303
transition 841 4 766 -0.32124517928632934 0.3046898418481872
transition 841 4 878 0.8127759388700355 0.09305351526575047
transition 841 4 791 -0.7965633695387404 0.03718767823360638
transition 841 4 228 -0.31909423823865124 0.42441040857062556
transition 842 0 635 0.013659561992316993 0.3006092432503146
transition 842 0 945 0.15367154877306732 0.2800557520762196
transition 842 0 696 0.08726643298062986 0.2172684896058402
transition 842 0 34 0.5737933694932646 0.1823578218577599
transition 842 0 890 -0.35042299783788566 0.019708693209865732
transition 842 1 107 -0.6863457018035077 1.0
transition 842 2 817 -0.030849294167001773 0.033203552297197986
transition 842 2 540 -0.204858304299937 0.03300697876458713
transition 842 2 245 0.36391030138527447 0.9337894689382149
transition 842 3 779 0.2505524742154195 0.3974044600212896
transition 842 3 940 0.8724724392254768 0.16623841482596263
transition 842 3 930 0.8125379144724567 0.4363571251527478
transition 842 4 350 -0.4727599058388474 0.7931561808922485
transition 842 4 710 -0.9642425063805911 0.20684381910775151
transition 843 0 633 0.2726532090317566 1.0
transition 843 1 31 0.32269492142316225 0.15058727247967688
transition 843 1 26 0.9460570246366231 0.07548722192075867
transition 843 1 100 0.09534493877358141 0.40086064996685344
transition 843 1 435 -0.5511460438112648 0.3713914480287658
transition 843 1 290 0.008091123790648247 0.0016734076039452083
transition 843 2 331 0.4437121448847612 0.48603429115965513
transition 843 2 51 0.3309943440067771 0.5139657088403449
transition 843 3 512 0.5628477657652264 1.0
transition 843 4 854 0.26379660505300917 0.6792240083837763
transition 843 4 546 0.7221583763779784 0.32077599161622367
transition 844 0 585 0.3385080205657911 0.24706685892782473
transition 844 0 957 0.016089341076869434 0.732716221145495
transition 844 0 80 -0.7398617071261147 0.020216919926680347
transition 844 1 78 0.4657231860300761 0.10351706360959602
transition 844 1 528 0.4657988128788204 0.40136638035332106
transition 844 1 611 0.8965781241208122 0.304445865185206
transition 844 1 572 -0.41893362381862564 0.1906706908518769
transition 844 2 330 0.43945559139402346 0.9387736156044725
transition 844 2 350 -0.5517749236184069 0.061226384395527474
transition 844 3 248 -0.608528537309674 0.07178285631146293
transition 844 3 65 -0.8971249250873865 0.06668147462179023
transition 844 3 238 0.1753244108888694 0.46681076710567426
transition 844 3 187 0.06953898088800581 0.054305799174887544
transition 844 3 997 0.6532002502582939 0.34041910278618503
transition 844 4 438 -0.3936721024003158 0.22597602510177645
transition 844 4 392 -0.3002521218407672 0.22280027471898398
transition 844 4 266 -0.2051001738253002 0.23153424274371387
transition 844 4 379 0.8812640858366532 0.31968945743552574
transition 845 0 437 0.5755903085621394 0.12699472654216845
transition 845 0 317 0.14028359443725513 0.40710117383497285
transition 845 0 726 -0.18631517087968286 0.10623363161933155
transition 845 0 592 0.7884444217639546 0.35967046800352714
transition 845 1 236 0.7048238142686356 0.186371942480822
transition 845 1 771 -0.8641217661039997 0.09885643772325318
transition 845 1 257 0.5804714443232604 0.24595631402848267
transition 845 1 853 -0.6093845000844254 0.04011967630681604
transition 845 1 943 0.08762119132464696 0.4286956294606261
transition 845 2 543 0.9987916804267252 0.4065295762289033
transition 845 2 763 0.07460678900830398 0.1981935829825114
transition 845 2 147 0.48239205002937857 0.050957900517872814
transition 845 2 977 0.19758044025547217 0.21375699447504146
transition 845 2 342 0.1327159391274697 0.13056194579567115
transition 845 3 110 -0.28796542129510216 0.03499574032952486
transition 845 3 651 -0.08001965244456466 0.9650042596704751
transition 845 4 933 -0.11765335286739953 0.42374145495606685
transition 845 4 267 -0.6622711136504578 0.5762585450439331
transition 846 0 687 -0.6341717604626793 1.0
transition 846 1 871 -0.6138391061499127 0.12480903199468268
transition 846 1 319 0.05336778502827144 0.28135945001403123
transition 846 1 296 -0.14857455940375708 0.17975410733226935
transition 846 1 763 -0.8933033407326871 0.10088151869971598
transition 846 1 436 0.15747332882584364 0.31319589195930064
transition 846 2 455 0.2878267066540603 0.06286199194038143
transition 846 2 662 0.7204094283343974 0.35337633015375153
transition 846 2 419 0.7821129843135712 0.5837616779058671
transition 846 3 967 -0.10735142515041818 0.7986084028996504
transition 846 3 86 0.38185948977292083 0.20139159710034954
transition 846 4 260 0.74155566783192 0.1788094158253821
transition 846 4 69 0.4952877281922552 0.8211905841746179
transition 847 0 888 0.16656800305607034 0.022608777261673256
transition 847 0 330 -0.327804335136048 0.3367552640035976
transition 847 0 123 -0.3410518322240743 0.6406359587347291
transition 847 1 939 -0.7233846238742387 1.0
transition 847 2 463 -0.8245776756500989 0.09116145212223085
transition 847 2 554 -0.11089212994058939 0.09483830388205806
transition 847 2 310 -0.6400458743313753 0.5731461053886346
transition 847 2 231 0.6999272352215198 0.2408541386070764
transition 847 3 34 0.6077982978872372 0.6413026244946144
transition 847 3 864 0.22049145446280427 0.35869737550538566
transition 847 4 139 -0.8476586470107266 0.4850527215268336
transition 847 4 444 0.3068175267803537 0.11527818575420412
transition 847 4 624 -0.5035347953207052 0.39966909271896234
transition 848 0 275 0.7273298984173604 0.14995110972152317
transition 848 0 435 0.8892565722853014 0.36974522274855176
transition 848 0 469 -0.4513413174751868 0.10684692499108268
transition 848 0 505 -0.7263190295519355 0.3734567425388425
transition 848 1 891 -0.4616335673911194 1.0
transition 848 2 195 0.702563488229855 0.41732443287816057
transition 848 2 487 0.4219410257155698 0.21200047503562514
transition 848 2 816 0.9444180750273976 0.27833587534633303
transition 848 2 1 0.06233489620963106 0.09233921673988121
transition 848 3 51 0.779245676763755 1.0
transition 848 4 896 0.2597583689049807 0.37379027150602445
transition 848 4 537 0.8009589373800985 0.5283573687892574
transition 848 4 268 -0.07538017560094956 0.09785235970471809
transition 849 0 72 0.3846172849743239 0.6959712984804782
transition 849 0 617 -0.4395550866035822 0.30402870151952177
transition 849 1 812 0.44168760495504933 0.2872378046565645
transition 849 1 383 0.5540525395229596 0.20857273697805565
transition 849 1 864 0.9618266221520684 0.32505470670786235
transition 849 1 601 0.10370980928791984 0.08000582834080214
transition 849 1 751 0.9135444279045057 0.09912892331671537
transition 849 2 580 -0.7698727891951285 0.015105249621464383
transition 849 2 852 -0.5336358441933542 0.36935731608265016
transition 849 2 128 -0.7448543580168874 0.37585490532867366
transition 849 2 90 0.30133293203502776 0.23968252896721176
transition 849 3 941 -0.3068533838686738 0.15838183533362926
transition 849 3 527 -0.13225672782438203 0.8416181646663707
transition 849 4 906 0.5151760649560535 0.41644059478382683
transition 849 4 533 0.27794972082203184 0.5835594052161732
transition 850 0 719 -0.7958497693193041 0.1206521343230866
transition 850 0 68 -0.2749183867241076 0.3296087129617896
transition 850 0 436 0.6657378052879794 0.2866350661608884
transition 850 0 75 -0.11799504587435883 0.09020374251408994
transition 850 0 530 -0.2112856619785508 0.17290034404014543
transition 850 1 749 0.8162008223007904 0.3012665230343974
transition 850 1 956 0.4003814205210465 0.39537676384057363
transition 850 1 902 -0.9064838891194213 0.30335671312502893
transition 850 2 493 -0.591172200301296 0.2898787333588675
transition 850 2 239 0.7839077850474014 0.7101212666411324
transition 850 3 788 0.8194132653860757 0.34346754356725945
transition 850 3 417 0.32569074423157063 0.2583898956885487
transition 850 3 359 0.12724227860837334 0.3981425607441918
transition 850 4 586 0.650121086550226 1.0
transition 851 0 792 0.9227336373343777 1.0
transition 851 1 376 0.28614029410285813 0.30475333871522375
transition 851 1 946 -0.06503656349931042 0.3098824741098885
transition 851 1 429 0.9803850322954211 0.15873298286068216
transition 851 1 443 0.9059900061802044 0.22663120431420566
transition 851 2 746 0.8628593861926137 0.246918153506916
transition 851 2 991 -0.5287714657266875 0.16812287038112858
transition 851 2 38 -0.302011635261795 0.3421873788742323
transition 851 2 333 0.1357850222042647 0.0419927431754194
transition 851 2 140 -0.8186609207510798 0.2007788540623038
transition 851 3 85 -0.5282986444697937 0.5276370173603443
transition 851 3 683 -0.3158920831824321 0.4723629826396557
transition 851 4 733 0.5224986727811467 0.21926224151205842
transition 851 4 538 -0.05875158647426959 0.2333538225773957
transition 851 4 581 -0.6537409978397952 0.04464524937109
transition 851 4 608 0.6343730456303154 0.09494521769101724
transition 851 4 828 0.8512146492417176 0.4077934688484387
transition 852 0 647 -0.14154207793818951 1.0
transition 852 1 772 -0.896421953971593 0.7025485899942576
transition 852 1 325 0.38277643277462725 0.1360475739943422
transition 852 1 326 -0.21266770071565588 0.16140383601140015
transition 852 2 826 0.1256541010149661 0.08954066636147148
transition 852 2 859 0.8634694230034987 0.43816362832493144
transition 852 2 810 0.9909834544972893 0.472295705313597
transition 852 3 462 -0.8954772490025764 0.26606862598579206
transition 852 3 415 0.4789108727706475 0.13630202905540562
transition 852 3 546 0.8191728937993945 0.27930654285074014
transition 852 3 17 0.7604792611693745 0.3183228021080622
transition 852 4 145 0.5292521464570397 0.28808761033519714
transition 852 4 412 0.303420208846209 0.7119123896648027
transition 853 0 657 -0.8476191242442881 0.002649576430127011
transition 853 0 665 -0.3896094340294409 0.997350423569873
transition 853 1 278 -0.3248714807424109 0.32363365352900636
transition 853 1 541 0.9499605196439165 0.09902492308045212
transition 853 1 303 -0.3827505574093013 0.018159328954938752
transition 853 1 424 0.6897774851159681 0.2378646201896991
transition 853 1 186 -0.7118087396582116 0.3213174742459037
transition 853 2 782 0.8899226764387427 0.200917050336256
transition 853 2 356 -0.6854942872783831 0.6708213591663459
transition 853 2 884 0.25167093915077676 0.12826159049739808
transition 853 3 139 -0.20154391908355063 1.0
transition 853 4 406 -0.7232281945793886 0.4847909710375183
transition 853 4 943 -0.7008882114273345 0.5152090289624817
transition 854 0 879 0.948615065941075 1.0
transition 854 1 595 0.8919916691284646 0.18289099995671873
transition 854 1 247 -0.9535005325254349 0.33657929612890186
transition 854 1 331 0.7127325666947697 0.34583308832529275
transition 854 1 17 0.3380504521039194 0.1346966155890866
transition 854 2 704 -0.8959994696640132 0.210261432528004
transition 854 2 609 0.6064124295149866 0.46644272597150066
transition 854 2 585 -0.8707488772212466 0.32329584150049534
transition 854 3 66 0.3451155600858997 0.28614209735885415
transition 854 3 936 -0.20823781225158844 0.3880114368519826
transition 854 3 572 -0.38854034094671475 0.32584646578916326
transition 854 4 926 -0.7826665353138156 0.07727551067581517
transition 854 4 293 -0.06745750438424136 0.6838381767325658
transition 854 4 823 -0.9967257614083216 0.23888631259161897
transition 855 0 95 0.5884305653834401 1.0
transition 855 1 827 -0.5360248079972674 0.5744762803798724
transition 855 1 932 0.009395122000301459 0.08364529694919416
transition 855 1 198 0.6802940351938012 0.3418784226709334
transition 855 2 709 -0.41892439835087925 0.2853312993133716
transition 855 2 762 0.81725970949701 0.2319289023846116
transition 855 2 145 0.13223289432838614 0.27034621452206326
transition 855 2 427 -0.26518824235985083 0.21239358377995346
transition 855 3 74 0.3789937284676357 0.4647991966221234
transition 855 3 879 -0.4088725570236491 0.19149031475953512
transition 855 3 154 -0.9948559644456791 0.18964332945078025
transition 855 3 314 -0.46728635542846786 0.15406715916756136
transition 855 4 700 0.6195618685625965 0.14561084048893297
transition 855 4 251 -0.9523202352590776 0.3648712220931306
transition 855 4 588 0.14417472406053577 0.277465596333691
transition 855 4 193 -0.4252408572557147 0.21205234108424548
transition 856 0 619 -0.7938334444236224 0.012825334832332324
transition 856 0 402 0.8894799473987434 0.16206905286810575
transition 856 0 154 0.2542967283826125 0.2296964712184838
transition 856 0 371 -0.4972320829161534 0.5293775090037843
transition 856 0 739 -0.18713213462712086 0.06603163207729382
transition 856 1 615 -0.3482900288568387 0.46373866962498833
transition 856 1 569 0.24240974636197166 0.221376775349572
transition 856 1 54 0.8917491263505608 0.06255839791263576
transition 856 1 471 0.36284755300939464 0.16274689031903558
transition 856 1 849 0.8779017312925061 0.08957926679376825
transition 856 2 287 0.6922529593347777 0.09266008657572553
transition 856 2 586 -0.8169642262755672 0.10007387709886588
transition 856 2 484 0.04586348567829113 0.1730171387570055
transition 856 2 150 -0.9662272358036659 0.6342488975684032
transition 856 3 590 -0.18495958747424224 1.0
transition 856 4 942 0.3545974333602395 0.32628696644745186
transition 856 4 464 -0.04586844040433258 0.25636705526641834
transition 856 4 778 -0.9019097884088172 0.047910114801883716
transition 856 4 926 0.1681640000251876 0.19514300255154093
transition 856 4 998 0.9509852495130988 0.1742928609327052
transition 857 0 404 -0.22129164177081662 0.2307134620197822
transition 857 0 881 -0.17909409128450182 0.2311273160714897
transition 857 0 518 -0.09270061568426757 0.4967256980802742
transition 857 0 681 0.4968522146261962 0.041433523828453944
transition 857 1 583 0.27331771977064223 0.4000796872989176
transition 857 1 39 -0.6908296470071162 0.2520079494172455
transition 857 1 928 0.3617427849746395 0.3479123632838369
transition 857 2 260 0.20739547413232962 0.0332677919055354
transition 857 2 997 0.5983961221959746 0.12817432724605504
transition 857 2 801 -0.4736003590868354 0.2115764501333608
transition 857 2 521 -0.8677683515050121 0.44829372970333614
transition 857 2 722 0.9814854741788301 0.17868770101171255
transition 857 3 611 -0.7425297407782647 0.24789598542546565
transition 857 3 307 0.11944488426234057 0.17903764526836854
transition 857 3 395 0.17997880317874815 0.2666659622813051
transition 857 3 644 0.49519283750014775 0.24740614053032317
transition 857 3 451 -0.0820496740979475 0.05899426649453746
transition 857 4 659 -0.28306895661662224 0.37920263956863953
transition 857 4 80 0.42112658716246565 0.1980228270683247
transition 857 4 774 0.3382903856484978 0.36103103911853723
transition 857 4 369 -0.37646719569490283 0.06174349424449863
transition 858 0 331 -0.9707561043356283 1.0
transition 858 1 288 -0.2817272070263923 0.5566897601309706
transition 858 1 614 0.6070851166217088 0.4433102398690293
transition 858 2 879 -0.6217395972866069 0.7950922849004034
transition 858 2 491 0.1708321796242973 0.2049077150995966
transition 858 3 708 -0.05551403592326709 0.25076782467383196
transition 858 3 756 0.25605134620918935 0.3494664696909587
transition 858 3 927 -0.5182515122521312 0.39976570563520936
transition 858 4 569 0.16042722235160056 0.4281423142943267
transition 858 4 244 0.756593737452909 0.11479302493784393
transition 858 4 859 -0.9619587157387763 0.32383000825462777
transition 858 4 578 0.3291117339357541 0.13323465251320152
transition 859 0 144 -0.6800567625183331 0.42282831195521464
transition 859 0 832 -0.28067695033573603 0.5771716880447852
transition 859 1 92 -0.3215881608425659 0.1488031497046481
transition 859 1 174 0.6307569355898841 0.26068962754941905
transition 859 1 761 -0.8847681046492832 0.17144070602900108
transition 859 1 943 -0.45596367350980116 0.4190665167169318
transition 859 2 5 0.451600742241296 0.05819993623688836
transition 859 2 158 -0.3893014553134784 0.07933554584439989
transition 859 2 954 0.8811275485200376 0.30634573666205955
transition 859 2 342 -0.19115888046553553 0.556118781256652
transition 859 3 128 -0.3077674577469398 1.0
transition 859 4 333 -0.8187601717338544 0.03506462051891066
transition 859 4 334 0.25539223410835943 0.27395964557651203
transition 859 4 251 0.3549285791337986 0.3809957498152551
transition 859 4 620 0.44583246905096807 0.30997998408932215
transition 860 0 598 0.7670449784807984 0.26349867791374426
transition 860 0 238 0.5410635299475215 0.15669260774024665
transition 860 0 777 0.8928431975431257 0.31539970158067765
transition 860 0 660 0.779149247984684 0.2644090127653314
transition 860 1 815 0.380176661473113 1.0
transition 860 2 954 0.6336653283148443 0.6930269406118418
transition 860 2 42 0.9412395815493038 0.3069730593881583
transition 860 3 205 0.720346469212364 0.18035961589257893
transition 860 3 712 0.75686915974792 0.43504776975303
transition 860 3 871 -0.40698882289100813 0.384592614354391
transition 860 4 687 0.2717030299454559 1.0
transition 861 0 728 0.8012649583307936 1.0
transition 861 1 675 0.19854137686965223 0.354612815015488
transition 861 1 373 0.2368488284153305 0.2388790611331594
transition 861 1 66 -0.2571435134852216 0.40650812385135254
transition 861 2 58 -0.9459342763745482 0.6051486863809453
transition 861 2 572 -0.8499835568808036 0.14429859282994428
transition 861 2 654 0.19828161241402587 0.25055272078911045
transition 861 3 12 0.8942699840924664 0.16903532452574943
transition 861 3 757 -0.9422353454388595 0.1147567068293037
transition 861 3 597 -0.91861765868209 0.25605856845860575
transition 861 3 961 -0.11184493568315235 0.2577025800907243
transition 861 3 42 -0.33967394100492276 0.2024468200956168
transition 861 4 351 -0.13355837872745324 0.6357688791522004
transition 861 4 846 -0.9906251422569028 0.3642311208477997
transition 862 0 261 -0.5291609569222937 0.41593190744316594
transition 862 0 670 0.30931871033004166 0.5840680925568341
transition 862 1 41 -0.26546082051854136 0.023228024490406618
transition 862 1 616 0.386441729562756 0.3201723531664634
transition 862 1 933 0.5283643724658391 0.3146197816471283
transition 862 1 962 0.952686141717866 0.3419798406960018
transition 862 2 675 0.8851382559378922 0.43659096515857426
transition 862 2 466 -0.8876633125666353 0.5634090348414257
transition 862 3 265 0.5774047181133677 0.0036216949853594325
transition 862 3 438 0.4684538914428431 0.3574160794828276
transition 862 3 919 0.04679061476252988 0.3839421726660778
transition 862 3 848 0.6346557087345468 0.25502005286573526
transition 862 4 701 0.6476191466944883 0.47305956755588674
transition 862 4 590 -0.414600305954403 0.12829800223370705
transition 862 4 819 0.9790951349354828 0.39864243021040635
transition 863 0 699 0.26399069897004845 0.15254720507869268
transition 863 0 234 0.25389005758273697 0.8474527949213073
transition 863 1 329 0.19070091344304574 0.812883088417971
transition 863 1 628 -0.14814155852267907 0.18711691158202914
transition 863 2 683 0.5442782751078254 1.0
transition 863 3 651 0.6052805833946846 0.24014935431964932
transition 863 3 324 0.15936963888683375 0.10730469737767152
transition 863 3 501 0.45596082704609997 0.42976533823458346
transition 863 3 823 0.5029708363912124 0.22278061006809566
transition 863 4 57 0.8817701787753003 0.5054419763878331
transition 863 4 528 0.7421641160569812 0.10192696456791894
transition 863 4 119 -0.9848280215928895 0.28978962921769386
transition 863 4 230 -0.9579792030862513 0.10284142982655409
transition 864 0 764 0.6527285277471131 0.2651382023898729
transition 864 0 133 0.45732071578601463 0.4100160768499734
transition 864 0 203 -0.7407897543080291 0.3248457207601536
transition 864 1 130 0.4148914581063434 0.2105383587072862
transition 864 1 204 -0.7211203297205162 0.32072765061240427
transition 864 1 392 -0.20931856963166906 0.46873399068030946
transition 864 2 879 -0.7944889690803065 0.03893528879920521
transition 864 2 292 -0.5204235340660828 0.2658804260537071
transition 864 2 170 -0.07421451812612312 0.3041449371760313
transition 864 2 178 -0.7339813127066392 0.15852580460429502
transition 864 2 820 -0.9864996541675795 0.23251354336676142
transition 864 3 995 0.2727320818525629 0.47789358899515966
transition 864 3 46 0.9926951662089412 0.44360489891626625
transition 864 3 525 0.37458935422565776 0.06734719538584523
transition 864 3 491 -0.4655055447544123 0.011154316702728944
transition 864 4 17 -0.9190525973229353 0.3691497448724499
transition 864 4 361 -0.7164025159731731 0.15256233197792937
transition 864 4 912 0.9425561313944057 0.309535715972658
transition 864 4 590 -0.06135200242115291 0.16875220717696285
transition 865 0 59 -0.024787507221347482 0.9327101317591822
transition 865 0 270 -0.24099018410270512 0.06728986824081784
transition 865 1 355 0.008809260908848593 0.1319985134692663
transition 865 1 686 0.4370501816402461 0.3602440515125391
transition 865 1 505 0.7477160844692048 0.27521324469496744
transition 865 1 127 0.4926842522770356 0.23254419032322726
transition 865 2 344 0.6497756367432566 0.08513853661082398
transition 865 2 639 0.254586858684001 0.2243974745907644
transition 865 2 379 0.3430013169760999 0.11993368021760985
transition 865 2 815 -0.947107245453344 0.38815444071706307
transition 865 2 424 -0.5165361270261173 0.18237586786373874
transition 865 3 520 0.9018342332329146 0.15476957030773647
transition 865 3 443 -0.6751669591496532 0.1489745624590128
transition 865 3 45 0.1782541290002071 0.1283050913639332
transition 865 3 425 0.22435766227987508 0.5679507758693175
transition 865 4 537 0.9935730489646442 0.10344181175383814
transition 865 4 330 -0.6566226066127425 0.29315401341663444
transition 865 4 945 0.7673833130729191 0.3275145820044443
transition 865 4 300 -0.9006860896481841 0.27588959282508313
transition 866 0 803 0.663503734575188 0.26273757797476616
transition 866 0 236 0.9971411095455771 0.7372624220252338
transition 866 1 60 0.45785087512788825 0.29748688862028977
transition 866 1 265 0.3623494225387438 0.41197148382191495
transition 866 1 581 -0.8686385451095247 0.1549954413027686
transition 866 1 331 0.41559255786331684 0.13554618625502657
transition 866 2 524 0.506308913008569 0.19082337395747997
transition 866 2 956 0.16689772143271053 0.3568128962690736
transition 866 2 1 0.5171971402735669 0.12160820744305481
transition 866 2 440 -0.5532635335752338 0.3307555223303917
transition 866 3 791 -0.5252598191091369 0.5149080729242979
transition 866 3 325 -0.7997945381069682 0.48509192707570203
transition 866 4 704 -0.5479913798894624 0.534913431138959
transition 866 4 681 0.4752599055829072 0.46508656886104105
transition 867 0 567 0.701382714704659 0.4047910210750732
transition 867 0 241 0.446541911169692 0.05643608091896732
transition 867 0 271 0.7551919034812595 0.5387728980059594
transition 867 1 612 -0.42618606322327013 0.43506150079960115
transition 867 1 503 -0.045223803800151785 0.015009299828306632
transition 867 1 580 -0.6544254734848451 0.5499291993720922
transition 867 2 943 0.5868053673542761 0.38210992410666234
transition 867 2 55 -0.7962141354091581 0.3905691316780747
transition 867 2 404 -0.8173202893297622 0.05106637156470498
transition 867 2 579 -0.03596062210507389 0.1559351329896032
transition 867 2 504 0.49179203114292647 0.020319439660954723
transition 867 3 83 0.22062787977411924 1.0
transition 867 4 827 0.7404910945796985 0.43043004227965914
transition 867 4 338 0.6980073133217268 0.5695699577203409
transition 868 0 180 0.8699288913384355 0.23995585104906791
transition 868 0 458 0.37503872830655816 0.04726469238330903
transition 868 0 727 0.223643877107075 0.08056399210173157
transition 868 0 104 0.8883433327909274 0.346010044821096
transition 868 0 291 0.5604789236836392 0.2862054196447955
transition 868 1 738 0.14838757684267834 0.3371475077641129
transition 868 1 284 -0.30003222284838627 0.3386154806570559
transition 868 1 844 -0.42965770183419294 0.32423701157883117
transition 868 2 161 -0.796532160366682 0.3823485681427524
transition 868 2 103 -0.49390560539263073 0.1948922289342286
transition 868 2 377 -0.0723379861165756 0.422759202923019
transition 868 3 573 -0.9556222933807994 1.0
transition 868 4 8 -0.6465875109757677 1.0
transition 869 0 823 0.1031925960643143 1.0
transition 869 1 555 -0.3687477095037879 0.4206839466133184
transition 869 1 500 -0.9167442275827362 0.5793160533866815
transition 869 2 320 0.09236211599481603 0.16482567762475808
transition 869 2 54 -0.2322226780819865 0.8351743223752419
transition 869 3 343 0.47835027231235117 0.15559915647353642
transition 869 3 157 -0.8140273878269806 0.23185687596503665
transition 869 3 651 -0.3187473848160469 0.17654156955112704
transition 869 3 513 -0.634792782039004 0.42825032998446544
transition 869 3 971 0.563755728704227 0.007752068025834486
transition 869 4 485 -0.6378719463529681 1.0
transition 870 0 306 -0.06976857314385843 0.17426140215761218
transition 870 0 813 0.08163312296844993 0.320735724724242
transition 870 0 167 0.35961269331926604 0.5050028731181458
transition 870 1 933 0.1674707792227319 0.20610907536857934
transition 870 1 771 0.07898890682063375 0.7938909246314206
transition 870 2 973 -0.3215310047133495 0.0879899442480797
transition 870 2 740 -0.7625732773007838 0.0002738170877204499
transition 870 2 779 -0.6146366317428431 0.24488763204020805
transition 870 2 982 -0.5028945960426077 0.23532478943749371
transition 870 2 455 -0.3845889398677207 0.431523817186498
transition 870 3 115 -0.39274521484892877 0.19641446545119282
transition 870 3 834 -0.543275343568629 0.6006574791316346
transition 870 3 692 -0.5597430369095864 0.20292805541717254
transition 870 4 831 -0.008581426881835386 0.18840350654698743
transition 870 4 96 0.20611886327197748 0.2508358671324546
transition 870 4 711 -0.9167860836943376 0.23789118882951732
transition 870 4 629 0.3587940658677251 0.3228694374910407
transition 871 0 601 0.7307189906236766 0.5015794350056653
transition 871 0 974 0.2753541334110534 0.4984205649943347
transition 871 1 599 -0.4952241400126911 0.2967248347668204
transition 871 1 938 0.7017753810975431 0.5835108956705466
transition 871 1 733 -0.9241450109896105 0.11976426956263303
transition 871 2 432 -0.043199622811214144 0.13502603342682143
transition 871 2 733 0.809154520838671 0.2920223946658446
transition 871 2 485 0.16616091235726005 0.38761801854122413
transition 871 2 9 -0.952763116206268 0.18533355336610985
transition 871 3 29 -0.7780664209149142 0.48191801007598956
transition 871 3 853 -0.394789666595573 0.49112532192699937
transition 871 3 44 -0.6500399857746189 0.009901346732887251
transition 871 3 407 -0.05199755694522068 0.01705532126412387
transition 871 4 712 0.304243267497869 0.20595323732112691
transition 871 4 666 0.7241343759100825 0.25073759635013876
transition 871 4 675 0.01735419113158687 0.5092408950431743
transition 871 4 258 0.38448939692465545 0.034068271285560024
transition 872 0 976 0.2704375547356992 1.0
transition 872 1 149 0.41508452060732326 0.3025330944071492
transition 872 1 119 0.6681357803022487 0.3768792230265175
transition 872 1 824 0.2439026889449345 0.3205876825663334
transition 872 2 701 0.13871913897179855 0.5709291775092572
transition 872 2 283 0.4865594593351943 0.42907082249074274
transition 872 3 960 0.47503312740143944 0.28211062410441634
transition 872 3 500 -0.2968585697963255 0.32279195680477535
transition 872 3 75 0.04772799756683277 0.04293465862454017
transition 872 3 444 -0.38147584714008254 0.3521627604662681
transition 872 4 343 0.11067959481961553 0.2862246977578401
transition 872 4 170 0.6010396451539435 0.04241457520121759
transition 872 4 396 -0.5966232813514607 0.1682093415742535
transition 872 4 152 -0.33681943883852705 0.5031513854666887
transition 873 0 543 -0.709396422861847 0.3210108597681969
transition 873 0 29 0.6514739618953924 0.317571210908271
transition 873 0 844 0.9573556432946364 0.3614179293235321
transition 873 1 645 0.7458007445630754 0.01564886568667359
transition 873 1 580 -0.3807286923679132 0.2425352916117565
transition 873 1 430 0.8449525673757878 0.3824413037044573
transition 873 1 159 0.9291441317947395 0.3593745389971126
transition 873 2 344 0.8232596883454106 0.8958713921454756
transition 873 2 694 0.38014495979231344 0.10412860785452444
transition 873 3 495 0.67845600369417 0.9392860349526398
transition 873 3 364 0.0343309731002166 0.060713965047360145
transition 873 4 505 0.5367555387333061 0.3194921425451195
transition 873 4 133 0.2055082786060174 0.11200059063301686
transition 873 4 499 -0.0432702269414309 0.5685072668218636
transition 874 0 197 0.4831020678783504 0.08374699105824661
transition 874 0 650 0.5357571076417007 0.1284642257497826
transition 874 0 412 -0.543498426885942 0.10392017075306473
transition 874 0 764 0.613679734497846 0.3453451878513773
transition 874 0 745 0.6705136646010554 0.3385234245875287
transition 874 1 891 -0.112062057256894 0.49905741385063307
transition 874 1 68 0.6737604699157753 0.5009425861493669
transition 874 2 488 -0.8336517383476738 0.7348949304646955
transition 874 2 270 0.49547673190850783 0.07552338250796485
transition 874 2 230 -0.3167767804919659 0.1895816870273397
transition 874 3 848 -0.43351660977412054 1.0
transition 874 4 184 0.06349503789559985 0.09872964832774149
transition 874 4 234 0.6822980871117903 0.2557295012135965
transition 874 4 77 -0.43272030003909134 0.5180378925034242
transition 874 4 596 0.4463027761294305 0.12750295795523775
transition 875 0 680 0.33261272986546153 1.0
transition 875 1 312 -0.646782889721208 0.6459455290320311
transition 875 1 546 -0.2027245080169282 0.3540544709679689
transition 875 2 28 -0.5714311065463982 0.2793907902864973
transition 875 2 529 0.15411051132237308 0.21445416173441578
transition 875 2 212 0.7113681174739463 0.27575406302597655
transition 875 2 920 0.3226489942215258 0.23040098495311032
transition 875 3 884 0.008922980151220283 0.1410339256557085
transition 875 3 355 0.6975351088360944 0.8589660743442915
transition 875 4 542 0.6917711882975821 0.49727914412382745
transition 875 4 655 -0.540336161608443 0.5027208558761725
transition 876 0 634 -0.6066192124701302 0.34340361747514536
transition 876 0 908 -0.875079611014556 0.12681455632168412
transition 876 0 343 -0.27551734949896844 0.30673245938700877
transition 876 0 163 -0.8051089540465473 0.13698567672001227
transition 876 0 240 -0.17600152333908636 0.08606369009614954
transition 876 1 742 -0.8700108609166421 0.5317576569194544
transition 876 1 237 -0.5950318605405549 0.4682423430805455
transition 876 2 805 -0.5627623135543118 0.6510807280633869
transition 876 2 150 -0.8839162310468796 0.14467704963657224
transition 876 2 323 0.52861366204405 0.20424222230004088
transition 876 3 424 0.9033046711691837 0.7185673573084796
transition 876 3 229 -0.04661508835058825 0.2814326426915204
transition 876 4 150 -0.012239263577898063 0.1781755261046096
transition 876 4 404 -0.9657569166984199 0.04335254672375577
transition 876 4 633 -0.44541586939245437 0.4083075687816672
transition 876 4 653 -0.8509141027731779 0.37016435838996736
transition 877 0 394 0.4863820397727705 0.33733053985594197
transition 877 0 676 -0.9598970137932192 0.12042868545977159
transition 877 0 559 -0.9001230086767602 0.5422407746842864
transition 877 1 577 -0.6346430641990128 0.6217372054474666
transition 877 1 997 0.921636246036948 0.3782627945525334
transition 877 2 914 -0.12318677407109035 0.3528584853566549
transition 877 2 761 0.7795250515126786 0.27058315845562403
transition 877 2 600 0.8447005850891052 0.376558356187721
transition 877 3 204 0.6107358984882334 0.18205473397823577
transition 877 3 943 -0.8287335670497669 0.39668658958568326
transition 877 3 982 -0.3540455142264334 0.05477935732861711
transition 877 3 72 -0.05332715876020533 0.3591404539599226
transition 877 3 913 -0.5462439300357975 0.007338865147541234
transition 877 4 375 0.7338955134041221 0.09616806186601176
transition 877 4 780 0.3224530487328061 0.9038319381339882
transition 878 0 83 0.4458640026450784 0.20884965636941044
transition 878 0 292 0.36295881327529256 0.32372544875806103
transition 878 0 20 0.37291616551048135 0.16985318343227274
transition 878 0 471 0.3599156230313314 0.2975717114402558
transition 878 1 735 0.04564887556364283 0.13264491245295754
transition 878 1 555 -0.07660158284417817 0.6500645964371158
transition 878 1 115 -0.21526496426387864 0.2172904911099267
transition 878 2 698 0.48350506216000366 0.4683600427160675
transition 878 2 80 -0.448362541882789 0.5316399572839325
transition 878 3 358 -0.2605059317579952 0.23282650523089832
transition 878 3 239 -0.4394339234614595 0.11121346074463087
transition 878 3 346 0.9597959715734394 0.07035801420694891
transition 878 3 250 -0.9856426968434717 0.5856020198175219
transition 878 4 679 0.5331687444439006 0.2391776756614384
transition 878 4 123 -0.5282783640626154 0.20900938265595723
transition 878 4 4 0.1253847186124568 0.5518129416826044
transition 879 0 283 0.9367504465977614 0.2866756729789312
transition 879 0 606 0.7388006821652944 0.26237249952288355
transition 879 0 833 0.025097266759296355 0.14468331555752278
transition 879 0 322 0.005351270387822682 0.18517731425473596
transition 879 0 530 0.8254576732888435 0.12109119768592647
transition 879 1 155 -0.368086485695984 1.0
transition 879 2 811 -0.3889827294868604 1.0
transition 879 3 508 0.6762711852937804 0.5075915024273516
transition 879 3 571 -0.26610871399393976 0.049653347921764505
transition 879 3 178 0.3511284253369098 0.44275514965088386
transition 879 4 621 0.6192355047071254 0.32386946346345546
transition 879 4 466 -0.24675201818142267 0.0011817695364628362
transition 879 4 928 0.7964535574789358 0.18025691652228434
transition 879 4 443 0.26146982119795426 0.03070038345612699
transition 879 4 710 0.5912276456819172 0.4639914670216703
transition 880 0 145 -0.7375935519299546 0.1646024354697253
transition 880 0 594 0.26964398953024227 0.2887325248612891
transition 880 0 907 0.6566252783779705 0.5466650396689856
transition 880 1 390 0.8198808406421929 1.0
transition 880 2 787 -0.0038122148679109458 0.12290363404494131
transition 880 2 15 0.2398474427668451 0.26834341620856006
transition 880 2 387 -0.04994851815738932 0.1489109816606853
transition 880 2 321 -0.9285831601052887 0.4598419680858133
transition 880 3 661 0.7303464569715301 1.0
transition 880 4 775 -0.7085484055287175 0.2331217056993677
transition 880 4 273 -0.8893704169031598 0.28942762084796547
transition 880 4 348 -0.9317384152924306 0.11820738360836044
transition 880 4 633 -0.5170028783572078 0.35924328984430637
transition 881 0 321 -0.8456830463000287 0.49524838238423086
transition 881 0 68 -0.05453658147177798 0.14944442392159077
transition 881 0 326 -0.016116088666872974 0.35530719369417846
transition 881 1 708 0.15192879692453376 0.0612784217014085
transition 881 1 81 0.43920691733716666 0.42509377229246226
transition 881 1 58 -0.601507060448665 0.3802683575949438
transition 881 1 763 -0.6041502962232022 0.13335944841118555
transition 881 2 20 0.7569103458823989 0.45411879289063967
transition 881 2 822 0.6085578997470311 0.44359267002202507
transition 881 2 53 0.38511178779314026 0.10228853708733526
transition 881 3 152 -0.814863080815192 0.16789704100457473
transition 881 3 584 0.5388083894336859 0.08779428427986051
transition 881 3 233 0.9545674961043278 0.26563572189143125
transition 881 3 570 -0.3982829056483079 0.270971491281434
transition 881 3 164 0.30382688795534896 0.20770146154269953
transition 881 4 694 -0.6073098972699644 0.2911090719088363
transition 881 4 560 -0.3007390793414362 0.3678098696236385
transition 881 4 755 -0.2773462296679521 0.10537659864857939
transition 881 4 684 -0.412080555828811 0.13174732905282238
transition 881 4 222 0.3796099289150916 0.10395713076612348
transition 882 0 529 0.15623514657882276 0.4446757857668647
transition 882 0 122 0.9599611318661878 0.23660199472689514
transition 882 0 397 0.21282152924367947 0.3187222195062402
transition 882 1 128 -0.7609898250182163 0.07590239122110515
transition 882 1 707 0.039706182266790124 0.49498341099918136
transition 882 1 83 0.9390067249746117 0.4291141977797135
transition 882 2 922 0.24268430780216277 0.30366495398718785
transition 882 2 736 0.7217316762654398 0.3783249001487323
transition 882 2 38 0.7919936824051315 0.1784564473995799
transition 882 2 624 -0.16668109069696557 0.13955369846449997
transition 882 3 454 0.9571738355589312 0.2865919679875626
transition 882 3 854 -0.22186356444745914 0.7134080320124374
transition 882 4 9 -0.5410171518399296 0.22915550298781548
transition 882 4 854 0.38518794333899975 0.32456116966278853
transition 882 4 12 0.5380690215809976 0.12049915949843816
transition 882 4 772 0.8319318870624433 0.3257841678509577
transition 883 0 603 0.5359898690271074 0.08675687274111465
transition 883 0 49 -0.18568522727615377 0.08476867935147056
transition 883 0 914 0.290392695150246 0.3564856159516815
transition 883 0 17 -0.1779134191148568 0.1003414036513766
transition 883 0 194 0.9516996006187803 0.37164742830435676
transition 883 1 740 0.30312541456937736 0.30482459889467506
transition 883 1 718 -0.663222368427185 0.6951754011053249
transition 883 2 572 0.09450238208703987 1.0
transition 883 3 652 -0.8448939125410702 0.2888767776150055
transition 883 3 633 0.10863718808302614 0.3852274172085887
transition 883 3 825 -0.43214665688638343 0.32589580517640576
transition 883 4 984 -0.7928865509390755 0.11135372739104885
transition 883 4 289 0.20506556428181355 0.34643787070015314
transition 883 4 328 0.0762281196769179 0.5422084019087979
transition 884 0 846 0.8239596018323789 0.1523861719632295
transition 884 0 442 0.02413600431092311 0.24641258907336003
transition 884 0 187 0.7265335134783275 0.2651781229163223
transition 884 0 31 -0.5916270587487635 0.2006082366744514
transition 884 0 89 -0.23458806368107976 0.13541487937263674
transition 884 1 489 -0.25173060929804847 0.4334952575548001
transition 884 1 608 -0.6701191904493744 0.5665047424451999
transition 884 2 571 0.24449027582060223 0.4199242522878355
transition 884 2 133 -0.7872239007148631 0.5800757477121645
transition 884 3 345 -0.11865937011955574 1.0
transition 884 4 334 0.41522385125238137 1.0
transition 885 0 949 -0.43526389800820064 0.05345046056409626
transition 885 0 332 -0.13661883309857825 0.09776314838380534
transition 885 0 993 0.9295263564251801 0.37080186925026754
transition 885 0 817 0.09565122174016594 0.07373718558642635
transition 885 0 598 -0.8630473313494922 0.40424733621540454
transition 885 1 156 0.7683637427276917 0.0021925544136747206
transition 885 1 835 -0.3279785417439116 0.2823164703574653
transition 885 1 720 -0.15358721660135366 0.18891195905836272
transition 885 1 205 -0.13104763448081802 0.2982074887103295
transition 885 1 465 -0.5008802092686535 0.22837152746016773
transition 885 2 217 -0.9090239110982423 0.10901024704296157
transition 885 2 25 -0.3184853888836079 0.3122733495710589
transition 885 2 297 -0.7530854550562245 0.5787164033859795
transition 885 3 917 0.5209408912081313 0.02591334290760899
transition 885 3 66 0.15613033935534926 0.2882980269190866
transition 885 3 839 -0.24559510445484523 0.137321565864381
transition 885 3 419 0.6807801789729906 0.2209078475152659
transition 885 3 796 0.32329155757156536 0.32755921679365757
transition 885 4 731 -0.3351591107482359 0.06461110283570745
transition 885 4 735 0.08936951486305111 0.2955248663804974
transition 885 4 963 -0.17794593198619268 0.2702740835262475
transition 885 4 326 -0.7769978729448648 0.08232994293323732
transition 885 4 140 -0.13072357851090066 0.28726000432431026
transition 886 0 838 -0.11339418107285826 1.0
transition 886 1 104 0.30084285735393257 0.8966726355808853
transition 886 1 945 -0.13606053845424482 0.10332736441911472
transition 886 2 203 0.9623703944237283 0.6604849318590146
transition 886 2 453 -0.06056600894445552 0.21231759907054856
transition 886 2 244 0.602891828235824 0.12719746907043675
transition 886 3 801 0.7150355161190916 0.4743371848229728
transition 886 3 990 0.5713646229126901 0.5256628151770273
transition 886 4 360 -0.6213197082142179 0.12788584036687506
transition 886 4 442 0.12249926495148333 0.20212404851750132
transition 886 4 194 -0.7745262190433029 0.09665519158206626
transition 886 4 516 -0.020553568329925387 0.19228859229833173
transition 886 4 657 0.39094259143784726 0.38104632723522563
transition 887 0 17 0.5334072794082705 0.05196734885628838
transition 887 0 222 -0.6917042537140334 0.9480326511437115
transition 887 1 105 -0.8559139689454311 0.7110978565296335
transition 887 1 36 0.5878261377738807 0.28890214347036647
transition 887 2 785 -0.24894365266529062 1.0
transition 887 3 851 0.3447989255490742 0.26774810993105647
transition 887 3 955 0.49034778985170635 0.5557247106728603
transition 887 3 238 0.5997236729641531 0.17652717939608317
transition 887 4 251 0.41725484796316326 0.218178820691495
transition 887 4 694 -0.03834669750365083 0.12390384669597078
transition 887 4 630 0.8687530741594793 0.34948052295852855
transition 887 4 568 0.23681226106492592 0.2663562845580233
transition 887 4 866 0.023453521157802193 0.04208052509598244
transition 888 0 456 0.06631682070651235 0.12275890573646685
transition 888 0 798 0.4489292024425904 0.19729705605532202
transition 888 0 295 -0.7532331492864632 0.1861572458882442
transition 888 0 917 0.4166915984332371 0.06716454370963193
transition 888 0 718 0.4941775363333396 0.42662224861033493
transition 888 1 92 -0.04200235382781781 1.0
transition 888 2 774 -0.024983538258230853 0.19661928267043416
transition 888 2 300 0.203385259623726 0.09602281269872431
transition 888 2 630 0.47233660361721275 0.3596727443833312
transition 888 2 151 0.6913472138111432 0.3476851602475104
transition 888 3 835 -0.6357479840844116 0.4547069315339159
transition 888 3 213 -0.3457142903325796 0.16127286485027886
transition 888 3 893 0.5418682936620982 0.38402020361580524
transition 888 4 854 0.7697786747675435 0.5973474160812762
transition 888 4 636 0.8326614596388162 0.3293080379469028
transition 888 4 50 -0.1471388365990982 0.07334454597182116
transition 889 0 748 0.018628185904577155 0.4826388410467116
transition 889 0 449 0.22564956981942896 0.5173611589532885
transition 889 1 267 0.20065165076335734 0.41929871907541005
transition 889 1 452 0.16581845710822818 0.28858964559806344
transition 889 1 44 -0.5299700274521939 0.2491274676195832
transition 889 1 374 0.34546004665755414 0.04298416770694326
transition 889 2 565 -0.050694080445782275 0.10587845886783433
transition 889 2 594 0.10456773899326377 0.29717544022755893
transition 889 2 774 0.5748224209457833 0.09362467075119264
transition 889 2 47 -0.8914463262947458 0.3165403872351668
transition 889 2 804 -0.5377629652664411 0.18678104291824726
transition 889 3 962 0.14666525291333543 1.0
transition 889 4 873 -0.6321939572790065 0.8698478574989653
transition 889 4 135 0.3857024456852427 0.13015214250103466
transition 890 0 710 -0.30415753833437353 0.2782524635492517
transition 890 0 869 0.9648494095919189 0.24066512780922447
transition 890 0 991 -0.19422794461014536 0.1953588154307542
transition 890 0 21 -0.7820250742104222 0.2857235932107696
transition 890 1 393 -0.2221836449168595 0.04918889929531
transition 890 1 581 0.6616824884458157 0.1972322495277629
transition 890 1 316 -0.5266922465053447 0.561585990669351
transition 890 1 84 0.6377217479504329 0.09252092634081725
transition 890 1 74 -0.5851065734428074 0.09947193416675891
transition 890 2 27 -0.6207127771751044 0.6954518058060956
transition 890 2 105 0.6904845250364919 0.30454819419390455
transition 890 3 603 -0.9031835605815477 0.661489540825418
transition 890 3 920 -0.8982735804814981 0.3210869199952643
transition 890 3 593 0.6390089002961881 0.017423539179317663
transition 890 4 982 0.32303476138157916 1.0
transition 891 0 779 -0.5487127017803033 0.23517146206798978
transition 891 0 187 -0.5701868369865739 0.1913447024025825
transition 891 0 104 0.6232288827388879 0.18956375984136087
transition 891 0 929 0.24150179944052907 0.14441406400903556
transition 891 0 678 0.16965257616686347 0.23950601167903135
transition 891 1 992 -0.6732806010921932 0.08235207193785378
transition 891 1 867 0.6140749916872437 0.12437234566216766
transition 891 1 77 0.8033410053853458 0.2803297039845192
transition 891 1 766 0.9704095634863346 0.22945864460971907
transition 891 1 833 -0.900641827241637 0.28348723380574037
transition 891 2 172 0.7150278680443196 1.0
transition 891 3 2 0.8329059690755511 0.2643930015778963
transition 891 3 228 0.6617097393212867 0.1753649696625954
transition 891 3 732 -0.26019031079975097 0.13124259747622033
transition 891 3 365 -0.2250532857892813 0.1752060252875687
transition 891 3 250 0.5104260221532733 0.2537934059957192
transition 891 4 577 -0.7947365919856657 0.16740382869422377
transition 891 4 345 -0.5557771755092633 0.07804385101184218
transition 891 4 367 0.3191552838268228 0.41537812713456496
transition 891 4 575 0.19787805579255213 0.3391741931593691
transition 892 0 162 0.07420211019434242 0.5124097480306836
transition 892 0 935 -0.12395911314068475 0.48759025196931643
transition 892 1 333 0.3030732340251432 0.2587912462756976
transition 892 1 498 0.489616929676147 0.256948874100968
transition 892 1 406 0.8485930157425614 0.25756965937290544
transition 892 1 708 0.2784009237906364 0.2266902202504289
transition 892 2 473 -0.08416963370117103 0.41599158047222856
transition 892 2 535 0.7394298075850974 0.3870753909482557
transition 892 2 969 0.4368977329133299 0.19693302857951575
transition 892 3 909 0.09356421915818114 0.2231664168047711
transition 892 3 439 0.22606580448435065 0.1510741087452334
transition 892 3 88 0.4730406268943701 0.17893042583508592
transition 892 3 642 0.9238372926404916 0.24762282439668976
transition 892 3 897 -0.7487721092977715 0.19920622421821985
transition 892 4 171 0.23644369055929193 0.01393662510895087
transition 892 4 53 0.32457948759467437 0.9860633748910491
transition 893 0 968 -0.8613712334701671 0.18299460073679844
transition 893 0 493 -0.5414687828372711 0.26259050901432773
transition 893 0 163 -0.7613991550118346 0.4804448576805634
transition 893 0 674 -0.38957948147009525 0.07397003256831039
transition 893 1 109 0.9590817868087049 0.6381758797923497
transition 893 1 507 -0.34462474792748865 0.36182412020765037
transition 893 2 125 -0.33676267105832913 0.4478578922695967
transition 893 2 896 0.33245040680182725 0.5521421077304032
transition 893 3 154 0.6743163428764456 0.33806578635341444
transition 893 3 608 -0.24407815207618788 0.00528868692069872
transition 893 3 891 0.6858671089509463 0.09875526276788597
transition 893 3 155 -0.01181514501161951 0.10550155403828573
transition 893 3 266 -0.3981906676243896 0.45238870991971514
transition 893 4 176 -0.6181988541130758 0.8873699464499615
transition 893 4 511 0.8284617290062075 0.11263005355003855
transition 894 0 836 0.8129568709379735 0.47364954853796165
transition 894 0 796 -0.38119582209598746 0.28576870329208326
transition 894 0 506 -0.7490524171883044 0.026790049155482068
transition 894 0 924 0.18345946094680654 0.15206924610049075
transition 894 0 951 0.5923959128395735 0.06172245291398217
transition 894 1 435 -0.022744386462151267 0.6927535012079798
transition 894 1 529 -0.29125215945260763 0.0667126736799671
transition 894 1 247 -0.47161933146500057 0.24053382511205304
transition 894 2 165 -0.06158646216954611 0.13683341825477444
transition 894 2 249 -0.527052166770589 0.4091561459749119
transition 894 2 637 0.9599930978265527 0.03637833546633781
transition 894 2 626 0.6772364674181692 0.02778880949031765
transition 894 2 4 0.6961502552885861 0.38984329081365826
transition 894 3 255 0.46586301623254034 0.4591600193923836
transition 894 3 40 -0.3778765455845847 0.12306354694144479
transition 894 3 57 0.18664835710706007 0.4177764336661717
transition 894 4 856 0.3837034917793438 0.14913443663137452
transition 894 4 469 -0.317373287815107 0.030032591008666277
transition 894 4 740 0.5225286460108336 0.3166065157137261
transition 894 4 930 0.12558905219118022 0.2929799030251917
transition 894 4 984 -0.9465371529558828 0.21124655362104136
transition 895 0 333 0.8435873315360567 0.2635155001722692
transition 895 0 297 -0.5758279095719587 0.6736462740539612
transition 895 0 963 0.8549568015570652 0.06283822577376957
transition 895 1 222 0.37387461853221593 1.0
transition 895 2 297 0.8178979391686387 0.05181652667133036
transition 895 2 163 0.45868495218775607 0.28626614283335733
transition 895 2 78 -0.2924672927510159 0.42711987284282016
transition 895 2 30 0.31988746787568134 0.23479745765249221
transition 895 3 242 0.8531308632557137 0.34896200273321665
transition 895 3 804 -0.42329717680137713 0.6510379972667834
transition 895 4 55 0.3365449889009118 0.32526491918134187
transition 895 4 965 -0.6919973685807135 0.1630816216275806
transition 895 4 540 0.3575505929761684 0.1745913763037403
transition 895 4 716 -0.2500651028322878 0.2901191245820217
transition 895 4 14 -0.02501989669275506 0.04694295830531544
transition 896 0 119 -0.5184681923720609 1.0
transition 896 1 757 -0.020716234031960212 0.0294687360859385
transition 896 1 876 -0.669351541750824 0.2608163985497847
transition 896 1 748 -0.5083481977157969 0.30014258199348076
transition 896 1 388 0.5719638438508672 0.19617340927220203
transition 896 1 690 0.8672647649034881 0.21339887409859393
transition 896 2 544 0.9038470841889772 0.2815763665596037
transition 896 2 472 -0.4039323102731076 0.7184236334403963
transition 896 3 68 0.7402514510940275 0.10939718521136023
transition 896 3 594 0.04321128069388713 0.5082325453528731
transition 896 3 632 0.03674425376849988 0.38237026943576663
transition 896 4 447 -0.03416662083534194 0.4772714895361841
transition 896 4 31 -0.9712664641398558 0.06223986089831483
transition 896 4 393 0.5745562072066397 0.2530456982093443
transition 896 4 512 0.25517716925292455 0.2074429513561568
transition 897 0 255 0.2727931065989915 0.30774806436557783
transition 897 0 214 0.09985187632141668 0.11121106981029134
transition 897 0 653 -0.09442392943633071 0.1101620248156041
transition 897 0 471 -0.24135996613937416 0.1432435637268158
transition 897 0 430 0.48327940244851075 0.3276352772817108
transition 897 1 945 -0.19084653693199405 0.4444062781120129
transition 897 1 320 0.11917115145779489 0.5555937218879871
transition 897 2 955 0.9300056146360809 0.5183944612688743
transition 897 2 110 -0.014401765402469291 0.4816055387311256
transition 897 3 344 0.58522621455551 0.5720830884973356
transition 897 3 284 -0.5652091570097126 0.42791691150266437
transition 897 4 673 0.04520611635286942 1.0
transition 898 0 974 -0.5144256778549516 0.33755803601072604
transition 898 0 735 0.2864651522339532 0.08058966264387059
transition 898 0 972 -0.04744715129657462 0.3205821658432961
transition 898 0 247 0.4612380382606738 0.2612701355021073
transition 898 1 351 -0.713493283797294 1.0
transition 898 2 46 -0.22895131949584546 0.33474918123865355
transition 898 2 129 -0.43839222926941024 0.6652508187613465
transition 898 3 483 0.9412893269460303 0.05748822667858332
transition 898 3 179 0.4584696205247709 0.35838040213070776
transition 898 3 789 0.3177979306233616 0.11188342611019587
transition 898 3 79 -0.5173626868883003 0.028601436162483704
transition 898 3 705 0.199088302501226 0.4436465089180293
transition 898 4 709 0.9761053285620691 0.3303646935604504
transition 898 4 241 -0.5146420037742425 0.2538929954152111
transition 898 4 779 0.42793941464229346 0.41574231102433856
transition 899 0 158 -0.9441846378116008 0.030434452670681705
transition 899 0 550 -0.7040385991863931 0.20442034818041033
transition 899 0 741 -0.5570595871866331 0.12364846416818907
transition 899 0 644 -0.8645543215794829 0.3244687412357738
transition 899 0 556 -0.05372733659129714 0.31702799374494506
transition 899 1 68 -0.33251497873566116 0.21769280931267077
transition 899 1 878 -0.9618994534806826 0.27358893550034624
transition 899 1 666 0.5603612464283085 0.5087182551869831
transition 899 2 812 0.3685010348836695 1.0
transition 899 3 448 0.818408504841869 0.049983664943680534
transition 899 3 869 -0.14265935576748 0.6492689234654444
transition 899 3 508 0.24758928962048743 0.03674141438791087
transition 899 3 780 -0.7096369766443478 0.2640059972029642
transition 899 4 644 -0.24730038854312664 0.6385585860443638
transition 899 4 654 0.953824476294775 0.06475357554592022
transition 899 4 300 -0.4297739856379983 0.296687838409716
transition 900 0 679 0.8930792695846501 0.031273906729200086
transition 900 0 731 0.19646429000659138 0.24544773018915364
transition 900 0 80 -0.2916498739830282 0.1937770683014642
transition 900 0 458 -0.049428179077331436 0.2264363121399887
transition 900 0 84 0.6095174803038534 0.3030649826401934
transition 900 1 873 0.7823156798973829 0.2883428763859782
transition 900 1 557 -0.33532074501551556 0.26649749446222726
transition 900 1 589 0.5566603967279136 0.23785267363333878
transition 900 1 935 0.6349143533621973 0.20730695551845577
transition 900 2 115 0.6116490640498911 0.28563486809390953
transition 900 2 49 -0.7110399126914428 0.0008596607497476396
transition 900 2 426 -0.9189162613474426 0.7135054711563429
transition 900 3 651 -0.19266517020759877 0.1110220005523142
transition 900 3 342 0.24452533772982976 0.09949260950374922
transition 900 3 581 -0.10648199989596341 0.2970316209719347
transition 900 3 954 0.39608722938694796 0.06809625408400513
transition 900 3 983 -0.0818701334603753 0.4243575148879968
transition 900 4 976 -0.06307824036202891 0.5343484211248157
transition 900 4 42 0.044973699659203614 0.22363857282481125
transition 900 4 449 -0.5163936581029691 0.24201300605037304
transition 901 0 2 -0.5351728606649782 0.1065598106019902
transition 901 0 253 -0.6337314482888101 0.5182812833181155
transition 901 0 908 -0.7111598744394303 0.3751589060798943
transition 901 1 684 -0.49323714480343006 0.7870871402087987
transition 901 1 784 -0.5367118090073231 0.21291285979120123
transition 901 2 432 -0.712998051598881 0.12366270597087704
transition 901 2 243 -0.8477261078311475 0.6373208216580712
transition 901 2 720 -0.9025134297616013 0.2390164723710518
transition 901 3 604 -0.3452855440969629 0.29999984644343336
transition 901 3 285 -0.9696088162515581 0.7000001535565668
transition 901 4 113 -0.5681720413642215 1.0
transition 902 0 519 -0.08643329959808077 0.8697894227201216
transition 902 0 263 0.11040156684510505 0.13021057727987856
transition 902 1 573 -0.00974603117611661 1.0
transition 902 2 513 -0.09498569211763108 1.0
transition 902 3 13 0.8462202968322936 0.16277062302633827
transition 902 3 506 -0.40364073386476274 0.47473457526347207
transition 902 3 30 0.09128607584636095 0.053164897297160355
transition 902 3 619 0.23294324406273437 0.3093299044130293
transition 902 4 547 0.6929048797136672 0.0016695133501791676
transition 902 4 382 -0.101124986226242 0.29969873317327655
transition 902 4 906 0.9060195343375264 0.017652051078872487
transition 902 4 355 0.5062500582624607 0.24995838224841668
transition 902 4 522 0.03025826768836648 0.43102132014925515
transition 903 0 111 0.05262938959170094 0.2597195193118917
transition 903 0 829 0.9350027739207571 0.6710971430949432
transition 903 0 409 0.931804624605147 0.06918333759316514
transition 903 1 726 -0.45610742725599374 1.0
transition 903 2 166 0.3020324992578136 0.2651637568813248
transition 903 2 761 0.776471063172784 0.2894588069818992
transition 903 2 574 -0.38027131428038086 0.32860590152660357
transition 903 2 468 0.3934752728581923 0.11677153461017238
transition 903 3 685 0.23048662054388735 1.0
transition 903 4 81 -0.7738204699032338 1.0
transition 904 0 480 -0.5202313157972087 0.19767216145963615
transition 904 0 915 0.8776754997151728 0.32206944586548986
transition 904 0 624 0.29001299862819496 0.27322767934966385
transition 904 0 957 0.9829446837136311 0.042861356928873766
transition 904 0 110 -0.6100749589635643 0.16416935639633634
transition 904 1 91 0.6548268713602832 0.6996414318531735
transition 904 1 192 0.15070950469075273 0.3003585681468265
transition 904 2 562 -0.9234557436011925 0.45744102568073997
transition 904 2 288 0.8090217279013738 0.30358164489695266
transition 904 2 984 0.7182787932460857 0.01848407126180846
transition 904 2 510 -0.48856620941885964 0.22049325816049886
transition 904 3 367 -0.6833816262079551 0.07713365168352791
transition 904 3 747 0.697484790075892 0.24913214457200955
transition 904 3 637 0.8048364496074434 0.19260405169218417
transition 904 3 272 -0.3130108493139132 0.4811301520522784
transition 904 4 124 0.9390905334532842 1.0
transition 905 0 910 -0.9271666848940523 0.0030985842537040596
transition 905 0 512 0.35640549354737616 0.36309957677834254
transition 905 0 988 0.9116223473666416 0.41058921737726634
transition 905 0 810 -0.19319335714956187 0.012475734165250751
transition 905 0 563 -0.30951116267746537 0.21073688742543636
transition 905 1 125 0.7744058775871405 0.5562634126858106
transition 905 1 245 -0.09364835023385298 0.44373658731418947
transition 905 2 425 -0.4031180040350446 0.2515251735485805
transition 905 2 489 0.9336539975612523 0.00360544934020889
transition 905 2 675 0.6808775102440674 0.53048053974177
transition 905 2 71 0.8725669419180442 0.21438883736944056
transition 905 3 861 -0.6195477230083855 0.2135012239907171
transition 905 3 394 -0.5767946503905323 0.23000727339297067
transition 905 3 743 0.251290402374005 0.12506708094214172
transition 905 3 27 0.858324449732625 0.21200845907332333
transition 905 3 101 -0.6574727782137213 0.21941596260084717
transition 905 4 573 -0.1102374608706651 0.1680438281343791
transition 905 4 154 0.49994360620043965 0.061861640251152046
transition 905 4 78 0.744356420056121 0.5381356944993333
transition 905 4 751 -0.6733530207633667 0.21427360480576618
transition 905 4 384 -0.1308183283208304 0.017685232309369397
transition 906 0 457 0.10813942939516585 0.23841517592824057
transition 906 0 51 -0.8144949038111589 0.14122187102094919
transition 906 0 942 0.9371342163844698 0.40733767442096586
transition 906 0 742 -0.3633262385116476 0.21302527862984447
transition 906 1 939 -0.4847779009457591 0.35060889788137595
transition 906 1 736 0.16201131521662915 0.029145418691327148
transition 906 1 369 0.08908415182466745 0.6202456834272969
transition 906 2 131 -0.9961867529396919 0.191691997387898
transition 906 2 553 -0.9780872426332634 0.5253402219221194
transition 906 2 589 0.6067547070151216 0.2829677806899826
transition 906 3 212 0.8258019608363338 0.2777746265799839
transition 906 3 318 0.006042249247346199 0.27375967344968927
transition 906 3 556 0.17549631629015017 0.17734136832149922
transition 906 3 277 0.9766814467544056 0.27112433164882754
transition 906 4 258 -0.15238920392176203 1.0
transition 907 0 574 -0.9350551062590446 0.22302287132822599
transition 907 0 710 -0.23107074903153402 0.4326422425952572
transition 907 0 829 -0.12845914681750648 0.3443348860765168
transition 907 1 516 -0.6401101696269202 0.3100286011452767
transition 907 1 833 0.659575830398486 0.3247811038521876
transition 907 1 605 0.18870631778101798 0.3397806560354756
transition 907 1 429 -0.5269779412333364 0.025409638967060177
transition 907 2 571 0.4773031247001498 0.6577329007749992
transition 907 2 59 0.5310283783177359 0.09845428726275386
transition 907 2 430 -0.5618365897002571 0.243812811962247
transition 907 3 72 -0.9640755183135852 1.0
transition 907 4 5 0.8247950145211873 0.35941912066701726
transition 907 4 761 0.9053402472193157 0.30488939375974383
transition 907 4 216 0.3987730886245362 0.10713258050123114
transition 907 4 694 0.8911620156446192 0.013360485049487295
transition 907 4 970 -0.3555218287523656 0.21519842002252043
transition 908 0 231 -0.3431632523866892 0.058338139327897824
transition 908 0 40 0.6135753483398729 0.45664156062365746
transition 908 0 866 0.12259450329400168 0.0007254977648168445
transition 908 0 772 -0.9490620636267575 0.4842948022836278
transition 908 1 35 0.6914727079579488 0.12486763789006988
transition 908 1 389 -0.6031197450020769 0.06576287206468573
transition 908 1 596 0.5786850078374204 0.3852379936724833
transition 908 1 252 0.07720855057510922 0.06726426000520434
transition 908 1 592 -0.7746238671194723 0.35686723636755674
transition 908 2 740 0.8761038233183767 1.0
transition 908 3 252 -0.5749232743874646 0.8810244013968568
transition 908 3 977 0.5119982785349264 0.0015067733187133648
transition 908 3 449 0.30825213669471796 0.11746882528442984
transition 908 4 218 -0.6849051326783933 0.01561010293775152
transition 908 4 414 0.14125879191442792 0.2671792753635349
transition 908 4 931 0.21304738543117452 0.19535927125777586
transition 908 4 705 -0.3006837422117967 0.5218513504409377
transition 909 0 35 0.3025078190082333 0.4716448772032454
transition 909 0 712 -0.7784624563185234 0.5283551227967546
transition 909 1 138 0.8188002828501146 0.769137316703307
transition 909 1 24 -0.9924635280763716 0.028371114734623518
transition 909 1 401 -0.9364784709834342 0.20249156856206946
transition 909 2 909 0.7297278164667975 0.041646275724055486
transition 909 2 764 0.4974152866577908 0.4032594952275842
transition 909 2 905 0.500705283468285 0.3398776514790099
transition 909 2 896 -0.34160691103213425 0.21521657756935048
transition 909 3 661 0.410921944971987 0.12459961539713087
transition 909 3 878 0.1985359064566603 0.45587815455905434
transition 909 3 826 0.3363343629532314 0.4195222300438148
transition 909 4 912 0.2387423647678999 0.5139338382605698
transition 909 4 47 -0.9723392799662121 0.4860661617394303
transition 910 0 900 -0.5518525502216349 1.0
transition 910 1 446 0.6915694514564137 0.13211590968088352
transition 910 1 515 -0.8029052605197065 0.3259419713173897
transition 910 1 7 0.6218698232592741 0.5419421190017267
transition 910 2 233 0.7075132785113774 0.37303560403748554
transition 910 2 235 -0.9129187914414334 0.2465212854906536
transition 910 2 15 0.9333803969608534 0.3804431104718609
transition 910 3 191 0.6182365608268887 1.0
transition 910 4 304 0.5744923369603803 0.2793471142045085
transition 910 4 614 0.7612424878767818 0.3852538371494598
transition 910 4 4 0.5136789795417391 0.33539904864603165
transition 911 0 483 -0.6129552120939821 0.004707748094595826
transition 911 0 486 0.9370987000589137 0.35796881124869556
transition 911 0 954 -0.3676262650646853 0.30441382789414023
transition 911 0 862 -0.7940948466759772 0.2295513873414881
transition 911 0 281 0.8103356091629497 0.10335822542108015
transition 911 1 458 0.2564815582141782 0.6308056211092098
transition 911 1 480 0.027025968115641064 0.3691943788907903
transition 911 2 379 0.47607451262240974 0.015933215515397413
transition 911 2 759 -0.24068909124490134 0.5014967837707199
transition 911 2 227 0.9711502629255555 0.1967940223321276
transition 911 2 937 -0.9715116114981215 0.08976388682522268
transition 911 2 678 0.7260167810021996 0.19601209155653243
transition 911 3 281 -0.3553500938584879 0.18833952117590472
transition 911 3 788 -0.08156841599160991 0.550289858678445
transition 911 3 511 0.9677651770947682 0.13556592621557123
transition 911 3 347 -0.11117748696398921 0.12580469393007906
transition 911 4 873 0.7303329555686451 0.11501288333410628
transition 911 4 421 -0.23559887560596326 0.2952345156541761
transition 911 4 497 -0.20524759216125443 0.1484158515130146
transition 911 4 746 0.303440340861574 0.18169733705267907
transition 911 4 839 -0.2150218525778984 0.2596394124460239
transition 912 0 88 -0.3404125020546531 0.15326214002962443
transition 912 0 175 0.595598868616098 0.24449908075637614
transition 912 0 500 -0.17735119700590607 0.3693709475750716
transition 912 0 954 0.18893014023143562 0.23286783163892782
transition 912 1 625 -0.4127947406840988 0.3010347665933055
transition 912 1 287 -0.530583537925583 0.31698868829223464
transition 912 1 346 -0.266190395479891 0.043381665378842166
transition 912 1 799 -0.1927477508394293 0.33859487973561764
transition 912 2 655 0.056680260617337996 0.505196494144501
transition 912 2 791 0.6746509939401122 0.16809473736121097
transition 912 2 991 0.18621522095758092 0.3267087684942881
transition 912 3 108 0.12125159167131172 0.19758208020634743
transition 912 3 770 -0.03543816113124043 0.2963383620591086
transition 912 3 213 -0.40409222802770683 0.05353486772987677
transition 912 3 273 0.04264421169716681 0.2521075872836916
transition 912 3 875 0.4324085979976695 0.20043710272097567
transition 912 4 522 -0.023526533372251413 0.47984758403524386
transition 912 4 627 0.2667030760948512 0.5201524159647561
transition 913 0 183 -0.3540334713129891 0.26168431017520877
transition 913 0 64 -0.0968214272563952 0.31035132678343186
transition 913 0 58 0.0011773575479196996 0.08609906894062462
transition 913 0 37 -0.5964029374976281 0.1059507318008528
transition 913 0 788 0.014050588952634335 0.2359145622998819
transition 913 1 540 0.1025462718835628 1.0
transition 913 2 31 0.556867915825475 0.3694819049218745
transition 913 2 925 0.8463115761714572 0.14455512154052255
transition 913 2 856 -0.546962252575623 0.21628704676834623
transition 913 2 220 0.9025867094352902 0.26967592676925667
transition 913 3 377 -0.5783067567262319 0.4825145903559304
transition 913 3 789 -0.7406282498871815 0.0988006683042836
transition 913 3 173 0.8661899546624579 0.24322356200911277
transition 913 3 843 -0.4907250715778484 0.17546117933067312
transition 913 4 185 -0.40985137779084346 0.2159538261135564
transition 913 4 375 0.5547263264199123 0.4243467824807288
transition 913 4 565 0.7080232882658426 0.12682226775502028
transition 913 4 303 -0.7180743906392688 0.08815273118552847
transition 913 4 588 -0.7774942792573338 0.14472439246516605
transition 914 0 886 0.8432649224345983 1.0
transition 914 1 238 0.7240907436192452 0.5077536991794175
transition 914 1 100 0.9204456741866549 0.08572147337121243
transition 914 1 326 -0.6888548494153546 0.39268030313075475
transition 914 1 598 0.40452138208661403 0.013844524318615338
transition 914 2 151 0.12038398485414503 0.003018178729499836
transition 914 2 927 0.1686918612614925 0.24126368433531697
transition 914 2 993 -0.9323512330050756 0.2920065623127933
transition 914 2 762 -0.6728234033742617 0.3304820097670103
transition 914 2 330 0.006250509766956958 0.13322956485537962
transition 914 3 327 0.26005524608029873 0.292353704347398
transition 914 3 345 -0.6622655099048451 0.024279794360352176
transition 914 3 320 0.7018484133194574 0.68336650129225
transition 914 4 616 0.7333888471564571 0.016833349129874935
transition 914 4 800 -0.34206978860980297 0.10878299496518629
transition 914 4 370 -0.6087142134262389 0.5064076071515928
transition 914 4 361 0.6885013417012755 0.36797604875334594
transition 915 0 603 -0.9188624546377191 0.4486439219664632
transition 915 0 779 0.6891974593387646 0.5513560780335368
transition 915 1 935 -0.7376569407973184 0.41418997852248374
transition 915 1 855 -0.7646870652001159 0.04175702061241135
transition 915 1 371 0.926371364168878 0.4555601770402566
transition 915 1 268 0.7382600245614694 0.08849282382484841
transition 915 2 135 -0.23801067751703098 0.47527275231259464
transition 915 2 300 0.9693674158891961 0.5247272476874054
transition 915 3 973 0.7966827550909428 0.36515307446965334
transition 915 3 743 -0.8634721217619608 0.42607505054697165
transition 915 3 920 0.6728836032474412 0.14518240884464123
transition 915 3 13 -0.4865687609372942 0.01348684562231782
transition 915 3 594 -0.6341214698489797 0.05010262051641595
transition 915 4 984 -0.4405480128113639 0.29199061637556795
transition 915 4 590 0.8627217035841879 0.22148023215428683
transition 915 4 78 0.9986757270288329 0.03236266871506914
transition 915 4 773 -0.10409349740814156 0.3103834402436423
transition 915 4 38 0.8224969057072713 0.14378304251143376
transition 916 0 140 -0.09044002470358126 0.580077186417166
transition 916 0 336 -0.2589156089499689 0.2832955148892434
transition 916 0 809 0.5844329142604852 0.13662729869359064
transition 916 1 235 0.4961220873962324 0.12525064076213518
transition 916 1 550 0.06656961526508565 0.09661330540243397
transition 916 1 790 -0.34026539976332715 0.084150201142431
transition 916 1 558 0.7426496495498378 0.32392189451101233
transition 916 1 460 0.1433854421685905 0.3700639581819875
transition 916 2 247 -0.2490401288690578 0.3587500951351499
transition 916 2 944 -0.7659895058799249 0.2867257060212946
transition 916 2 739 0.09217869125370814 0.19644770647341778
transition 916 2 949 -0.20291617693451092 0.07895749240157034
transition 916 2 2 0.7273965505233961 0.07911899996856735
transition 916 3 527 0.7214837464226447 1.0
transition 916 4 672 -0.16819884479513547 0.2602208916265958
transition 916 4 202 0.7137092684244437 0.5726070761617401
transition 916 4 275 0.9539443127124163 0.02837258043155727
transition 916 4 578 0.636085556845966 0.13879945178010683
transition 917 0 845 -0.362826638583182 1.0
transition 917 1 26 0.8203276324847022 1.0
transition 917 2 481 -0.26364533314446836 0.5130419752344744
transition 917 2 278 0.6434705016139026 0.1588526266741345
transition 917 2 831 0.9129609604788793 0.05715607797697288
transition 917 2 794 0.347560345228076 0.09454827737767885
transition 917 2 480 -0.7101823163357606 0.17640104273673934
transition 917 3 602 0.3594917789904728 0.48025001984061483
transition 917 3 919 0.6156487223121188 0.28167164303719044
transition 917 3 10 0.7590975303651641 0.23807833712219473
transition 917 4 0 0.952680854919234 0.9315261480558257
transition 917 4 132 -0.19974018249550762 0.06847385194417437
transition 918 0 859 -0.18696482498395817 0.10570411430153116
transition 918 0 541 -0.2029999769156925 0.5860608966774151
transition 918 0 910 0.5210659797210588 0.3082349890210537
transition 918 1 517 -0.9364446652248153 1.0
transition 918 2 897 -0.6618679585382243 0.64160082236474
transition 918 2 69 -0.7904490996720523 0.35839917763526
transition 918 3 687 -0.05636280830121643 0.6030831136583683
transition 918 3 98 0.7902459120079883 0.3969168863416317
transition 918 4 63 -0.4667151722077574 1.0
transition 919 0 713 -0.4483877477050344 0.5586515738976191
transition 919 0 792 0.819319803397375 0.4413484261023809
transition 919 1 163 0.1751615350054636 0.17631922984515017
transition 919 1 938 -0.6609125362937405 0.25516171025130885
transition 919 1 935 0.6294917137536871 0.4167654831255085
transition 919 1 860 -0.7864059063917568 0.15175357677803242
transition 919 2 712 0.01887824794608095 0.5108256119428448
transition 919 2 114 -0.3362873910286803 0.1254486763157452
transition 919 2 216 0.7287538649281755 0.02722765018650842
transition 919 2 165 0.4989878490619919 0.3364980615549016
transition 919 3 653 0.9543114636663685 0.33713851936256234
transition 919 3 468 0.42717783022408673 0.5837372136035954
transition 919 3 415 -0.23966074495231582 0.0791242670338422
transition 919 4 774 -0.2650886189990782 0.24051219178312408
transition 919 4 506 -0.13630244226866672 0.3786687939454114
transition 919 4 313 0.23535821709867633 0.07201925031721482
transition 919 4 388 0.0587709715302247 0.3087997639542497
transition 920 0 65 0.009140337143541677 0.47693387691669564
transition 920 0 821 -0.7212862079572007 0.29452834775530723
transition 920 0 418 0.1994958850384274 0.2285377753279971
transition 920 1 9 -0.34873180978178886 1.0
transition 920 2 833 -0.9456538492758981 0.43383725749564733
transition 920 2 623 0.2640608149211734 0.47479542779338624
transition 920 2 492 -0.9286500441748462 0.09136731471096646
transition 920 3 398 0.8742520824911064 0.3813174494489859
transition 920 3 961 0.7947789869131083 0.4258028090192358
transition 920 3 873 0.8545541999034798 0.009608847392047667
transition 920 3 577 -0.6699259294657309 0.18327089413973072
transition 920 4 74 -0.01044785857787911 1.0
transition 921 0 543 0.693713158339935 1.0
transition 921 1 784 0.5679038664613805 1.0
transition 921 2 374 0.9656219951792684 0.2874077236498025
transition 921 2 853 -0.7313785356585061 0.226126015951678
transition 921 2 98 -0.9429897084343577 0.20046890878480478
transition 921 2 37 0.2228483966297683 0.28599735161371465
transition 921 3 529 -0.16332408025804557 0.42964537795049584
transition 921 3 30 0.8865168065328322 0.004093498419350541
transition 921 3 233 0.7637955741913476 0.4158509720870817
transition 921 3 504 -0.0018323288960107043 0.15041015154307183
transition 921 4 2 0.973814768352635 0.3865234368873957
transition 921 4 572 -0.06694181015115319 0.1663516852357999
transition 921 4 80 -0.9953722494644244 0.44712487787680427
transition 922 0 911 0.40667719794677426 1.0
transition 922 1 414 -0.5617201684916469 1.0
transition 922 2 271 0.9076014101349477 0.1734654818721352
transition 922 2 62 -0.979229616569689 0.199918443003026
transition 922 2 417 -0.24128934373989996 0.32197348973524537
transition 922 2 221 0.7802163591736497 0.3046425853895933
transition 922 3 608 0.5323513756288996 0.23284811420129722
transition 922 3 271 0.40008594026047706 0.43781347998194614
transition 922 3 261 -0.053563751846681606 0.042625896708081236
transition 922 3 629 0.24046589480750002 0.2867125091086754
transition 922 4 160 -0.8499084533789183 0.44758069045134646
transition 922 4 4 0.8413430856350743 0.49166902161539033
transition 922 4 233 -0.3129762319130516 0.06075028793326329
transition 923 0 165 -0.4652624587924752 0.11311577982166375
transition 923 0 373 -0.5616376795316889 0.19275625515337486
transition 923 0 758 -0.8114220447712037 0.03199026273265422
transition 923 0 145 -0.6601367494328987 0.3705892741781025
transition 923 0 986 0.8755659527135478 0.2915484281142046
transition 923 1 636 -0.09420039748450759 1.0
transition 923 2 901 -0.14340517927745577 0.1728600339974863
transition 923 2 542 0.8724118484499466 0.21738951395765677
transition 923 2 155 -0.6846319080151995 0.17694782044898125
transition 923 2 500 0.49825320516671057 0.22080057996244554
transition 923 2 418 0.1575924024587947 0.2120020516334301
transition 923 3 209 -0.04175121390623482 0.2509084939782527
transition 923 3 158 0.3001359488134576 0.2957630463572178
transition 923 3 751 -0.9929357537015533 0.420489811412704
transition 923 3 586 0.38811525435278904 0.0328386482518255
transition 923 4 708 0.9686203331589462 1.0
transition 924 0 450 0.28515765461628817 0.35129876615951494
transition 924 0 102 0.2162038457908766 0.08523200439670824
transition 924 0 918 -0.15715477198896033 0.5634692294437769
transition 924 1 686 -0.506801072884872 0.12188175584106414
transition 924 1 405 0.702140302912112 0.41089184908376364
transition 924 1 515 0.9582770965056118 0.4519589067056449
transition 924 1 787 -0.22169070989200823 0.015267488369527194
transition 924 2 118 -0.5459678044893206 0.37190946337067393
transition 924 2 738 -0.4767989050246808 0.031135826122450135
transition 924 2 830 -0.4600081693620448 0.5144123339038875
transition 924 2 881 -0.7038486002911684 0.03229551144300405
transition 924 2 985 -0.046300786736863886 0.05024686515998442
transition 924 3 440 -0.4101775503715761 0.2943837810496987
transition 924 3 952 -0.9867128321306722 0.1058345544658806
transition 924 3 451 0.8571477376471841 0.0830233539109307
transition 924 3 517 -0.5120333920782019 0.34297107940220506
transition 924 3 551 0.8969887577886373 0.173787231171285
transition 924 4 488 -0.7716655596112627 0.4805776576372901
transition 924 4 306 0.9708462008107883 0.5194223423627099
transition 925 0 387 -0.2617577420955459 0.3631689592350346
transition 925 0 102 0.5293418743104483 0.052670205574712387
transition 925 0 423 0.7128765718703711 0.10223873836585647
transition 925 0 80 0.6065635469802404 0.41258412335571926
transition 925 0 414 0.27028150036897025 0.0693379734686772
transition 925 1 17 0.4214185381747124 0.0754818657739159
transition 925 1 611 -0.15728007510958886 0.20880839202740178
transition 925 1 248 0.8414041937778516 0.21456490382992735
transition 925 1 674 -0.8199143869453884 0.2675754697945022
transition 925 1 923 -0.8845600406742931 0.23356936857425273
transition 925 2 647 -0.9648775966675363 0.12582081029105652
transition 925 2 918 0.8798786892821582 0.2760669168949362
transition 925 2 722 -0.10755742284426972 0.34394697557088777
transition 925 2 207 -0.6133134168303096 0.25416529724311954
transition 925 3 123 -0.21885366961504404 1.0
transition 925 4 179 0.09895597911207665 1.0
transition 926 0 92 -0.43458226374901177 0.2419219156937785
transition 926 0 641 -0.7285677009618865 0.3826221107816696
transition 926 0 995 0.029493757558564315 0.37545597352455184
transition 926 1 561 0.5468214610093121 0.3064318696514876
transition 926 1 255 0.8187355144285879 0.10066139133009862
transition 926 1 50 -0.08597817958760823 0.21045875564672625
transition 926 1 497 -0.4617961882113506 0.3824479833716876
transition 926 2 896 -0.647425165163221 0.20681311452462708
transition 926 2 549 -0.3547242212816073 0.7191559844041077
transition 926 2 436 0.08305350946186252 0.07403090107126534
transition 926 3 330 0.5639853612001833 1.0
transition 926 4 509 0.5149056137315213 1.0
transition 927 0 959 -0.074377150118629 0.8594317154705765
transition 927 0 330 -0.7964850654479667 0.14056828452942352
transition 927 1 636 -0.09315106849383237 0.0631020473803325
transition 927 1 843 0.8015024697806139 0.48282642301317236
transition 927 1 54 -0.6146604975198036 0.4540715296064952
transition 927 2 595 -0.4134729901903893 1.0
transition 927 3 120 -0.6482243313083726 0.1610764136034608
transition 927 3 465 0.3616999050343066 0.48510347636909856
transition 927 3 134 -0.8525606093280409 0.35382011002744074
transition 927 4 151 -0.6906643666870256 0.16510935274593652
transition 927 4 924 -0.5744589063864445 0.315144497900702
transition 927 4 11 0.40470392481579576 0.5197461493533615
transition 928 0 660 0.2729473109976579 0.12727673376072723
transition 928 0 764 -0.7094724865941104 0.8727232662392728
transition 928 1 340 0.3170668062964275 0.31324154515128344
transition 928 1 393 0.2717284921374781 0.3165644617228507
transition 928 1 230 -0.22108558486594743 0.23716324695125632
transition 928 1 431 -0.007296634246348743 0.13303074617460964
transition 928 2 609 0.3455962437967952 0.20524152988767339
transition 928 2 586 0.864797597978167 0.0710700418701487
transition 928 2 709 0.4928624833192987 0.27453122563406546
transition 928 2 573 -0.33014402147507416 0.2339200243422208
transition 928 2 896 -0.4774666592810868 0.21523717826589156
transition 928 3 418 -0.9051155153189105 0.037203136439110364
transition 928 3 819 -0.04071377538558796 0.47431068264307163
transition 928 3 260 0.5594581966244729 0.07380481885591399
transition 928 3 949 -0.1882990376460556 0.414681362061904
transition 928 4 817 0.6716930979643541 1.0
transition 929 0 121 0.26208599016438194 0.43282496780257096
transition 929 0 492 0.5410932143810157 0.05972551789457843
transition 929 0 884 0.8530844557238704 0.2722121304511882
transition 929 0 324 0.5383677081135545 0.01845273940847212
transition 929 0 892 0.008550106421641779 0.2167846444431903
transition 929 1 588 -0.09175474651778837 0.10688610167712502
transition 929 1 774 0.23144523304985176 0.5047566802659853
transition 929 1 533 0.1059948506817241 0.38835721805688966
transition 929 2 204 -0.8452162070710638 0.3206380690540523
transition 929 2 683 0.6200838482863409 0.2416101109914202
transition 929 2 368 -0.17553452986428497 0.31573522051805925
transition 929 2 720 0.9514257799280392 0.12201659943646824
transition 929 3 9 0.924937273272542 0.23156136362286933
transition 929 3 324 -0.2103676508792931 0.15254378521909315
transition 929 3 206 0.8365810657512496 0.21474716902128202
transition 929 3 239 -0.029689010489320822 0.21964069604051548
transition 929 3 796 0.4957186983883821 0.18150698609624005
transition 929 4 968 -0.5803120700318343 0.27142349447585734
transition 929 4 455 0.574689919000555 0.43490869599061327
transition 929 4 707 0.645016804709277 0.2919954184303992
transition 929 4 191 0.9592955717306193 0.0016723911031301505
transition 930 0 123 -0.4547322465596493 0.10306534139249635
transition 930 0 871 -0.09596858469019653 0.12596272238653927
transition 930 0 883 0.2684063504030749 0.36482015915994925
transition 930 0 360 0.5257997606308935 0.40615177706101513
transition 930 1 530 -0.9291069928306508 0.0446456069388282
transition 930 1 296 -0.473607148209088 0.35072387973302727
transition 930 1 82 -0.38515067216601984 0.2672471528447048
transition 930 1 892 0.12605154270228924 0.11210853038677512
transition 930 1 218 0.9163750113555953 0.22527483009666466
transition 930 2 299 0.7009094981339263 0.6132677004056807
transition 930 2 679 -0.8042319437846215 0.15824096506152388
transition 930 2 84 0.9246661034770596 0.2284913345327955
transition 930 3 868 -0.5764308296766452 0.41608599189153794
transition 930 3 870 -0.5356766328148839 0.03860850100403334
transition 930 3 309 -0.28908746755169945 0.5453055071044286
transition 930 4 61 -0.7152634645294493 0.24581719273727462
transition 930 4 137 0.6290771472142898 0.15864184421647262
transition 930 4 482 -0.7522450879481131 0.3179360980909724
transition 930 4 703 -0.580829686900268 0.27760486495528025
transition 931 0 689 0.6593448997531512 0.3301002516093793
transition 931 0 845 -0.21679718049634755 0.30436634110679267
transition 931 0 734 -0.9188769525123688 0.30556203736056486
transition 931 0 888 0.9266588008276619 0.059971369923263226
transition 931 1 862 0.5688872486765748 0.2691694484927597
transition 931 1 503 -0.09938272685373395 0.36705841392114336
transition 931 1 947 -0.4742460778344306 0.25089069480390397
transition 931 1 805 -0.9896133542974204 0.11288144278219307
transition 931 2 313 0.8994473500013445 0.349355004394171
transition 931 2 85 -0.711908867144504 0.05439446679104159
transition 931 2 570 -0.9076337189923736 0.5962505288147876
transition 931 3 798 0.5086296621615609 0.17547790811928995
transition 931 3 679 -0.8326377837222707 0.19565049835576556
transition 931 3 484 0.10446758322891259 0.18576745874320522
transition 931 3 210 -0.5262366683324984 0.17198049602190732
transition 931 3 181 0.41799999625259465 0.271123638759832
transition 931 4 422 -0.8424605262087224 0.2676027056834315
transition 931 4 817 -0.573571102421083 0.3751649435750708
transition 931 4 499 -0.00669951440332639 0.35723235074149773
transition 932 0 473 -0.624667567436014 1.0
transition 932 1 708 -0.0285550255673106 0.17773465971707192
transition 932 1 89 -0.3368643858379248 0.8222653402829281
transition 932 2 298 -0.33984604382444306 1.0
transition 932 3 387 0.7589160608034198 0.1704987801008947
transition 932 3 835 0.7130781925816774 0.027947391274256803
transition 932 3 725 -0.06128854229643377 0.3702726876209771
transition 932 3 174 0.48974097410133743 0.22679933539764055
transition 932 3 761 0.4952904445110473 0.20448180560623078
transition 932 4 562 -0.5499852416023208 0.9285613010361584
transition 932 4 599 -0.6270193328323532 0.07143869896384154
transition 933 0 711 -0.5036556080523875 0.5395768566681273
transition 933 0 540 0.49256567669870366 0.46042314333187273
transition 933 1 844 -0.30404071287818923 1.0
transition 933 2 145 -0.3902435263511863 0.4513734691152928
transition 933 2 166 -0.8817954588618946 0.03368553641338955
transition 933 2 773 0.24980889114108562 0.019584544773651118
transition 933 2 135 0.4676674101242826 0.34628052593564346
transition 933 2 58 0.5210635121777745 0.149075923762023
transition 933 3 6 -0.07286231395175391 0.313059949855595
transition 933 3 964 -0.7781918983369978 0.32993927309702914
transition 933 3 946 -0.43921524893427843 0.23966083784448247
transition 933 3 565 -0.1530860345951781 0.11733993920289341
transition 933 4 827 -0.31666298199081333 0.07870519170608377
transition 933 4 932 -0.5718802776255401 0.2690225394645838
transition 933 4 551 -0.7381481881299297 0.25723681521444874
transition 933 4 513 0.561662541825529 0.23089006703431172
transition 933 4 809 -0.36976803518927714 0.164145386580572
transition 934 0 658 -0.47464607222287447 0.7038328997380268
transition 934 0 221 0.0049621161047006535 0.29616710026197324
transition 934 1 399 0.5220735045341187 0.4320718836990273
transition 934 1 330 -0.17920415293090453 0.13425474549324645
transition 934 1 1 0.9607089385199008 0.10402916199901766
transition 934 1 583 0.8618194060472846 0.32964420880870865
transition 934 2 619 0.43046889063949445 1.0
transition 934 3 506 0.22195717370315116 0.7116500006213583
transition 934 3 325 -0.2992077550405223 0.2883499993786417
transition 934 4 425 -0.708020883020531 1.0
transition 935 0 830 -0.8335022792917353 1.0
transition 935 1 397 -0.35059020462710144 1.0
transition 935 2 426 -0.916720865970057 0.20322904935758732
transition 935 2 917 0.39166440627963817 0.28495963448697126
transition 935 2 518 -0.10576528357925485 0.1642751934064494
transition 935 2 259 -0.5092568847301553 0.34753612274899204
transition 935 3 233 0.8119378750717965 0.2363223336093742
transition 935 3 18 -0.18366223363044476 0.7636776663906257
transition 935 4 551 0.045426232865835914 0.20197085730236286
transition 935 4 234 -0.8778298084977614 0.44358423458104934
transition 935 4 657 -0.8739384869031237 0.3544449081165877
transition 936 0 436 -0.20657507056515212 0.03549552512450339
transition 936 0 414 0.7419155560749244 0.9645044748754966
transition 936 1 782 -0.8659973989030083 1.0
transition 936 2 901 -0.6774477957318445 0.23325645203907883
transition 936 2 153 0.06254452260683885 0.08248593383743602
transition 936 2 245 -0.05684198821257991 0.35856970416471834
transition 936 2 953 0.4679704171663239 0.3256879099587668
transition 936 3 351 0.3764198014096851 1.0
transition 936 4 169 -0.9633144199800243 0.20970088001361117
transition 936 4 619 0.973516919522688 0.7902991199863888
transition 937 0 122 -0.46149383864091975 1.0
transition 937 1 196 0.2500322833996902 0.1480443354834644
transition 937 1 527 -0.7095378157315131 0.059948745107460864
transition 937 1 865 0.45323313061897386 0.3979838440811899
transition 937 1 259 0.7669761991297888 0.39402307532788483
transition 937 2 73 -0.873013603043735 0.9145411080443072
transition 937 2 429 0.19153242158241524 0.08545889195569284
transition 937 3 934 -0.9881955454810287 0.7038952303748708
transition 937 3 181 -0.7718005410222029 0.2961047696251292
transition 937 4 649 0.7195131822351728 1.0
transition 938 0 403 -0.21190336572600454 0.2504010588590033
transition 938 0 117 0.5590128632746412 0.3636776688353609
transition 938 0 201 -0.4289070914697559 0.23601134480906605
transition 938 0 177 0.10241440896456 0.14990992749656978
transition 938 1 585 0.07161896648017452 0.09283808274782125
transition 938 1 658 0.3980482007412989 0.29352937042690774
transition 938 1 361 0.34414019550670916 0.19572350616434542
transition 938 1 590 0.7362355955423574 0.4179090406609256
transition 938 2 124 0.20269113828887164 0.2193003665802704
transition 938 2 533 -0.4622385594923364 0.3509800704516561
transition 938 2 26 -0.28707567302021464 0.20809404204598872
transition 938 2 765 -0.9603088551342898 0.22162552092208476
transition 938 3 141 0.4472986898788358 0.2718003010291867
transition 938 3 381 -0.959634651680171 0.22015378930628898
transition 938 3 979 -0.1559150441458379 0.03549766432433992
transition 938 3 236 0.1144663956769667 0.3018331065990521
transition 938 3 544 -0.14970598532915314 0.17071513874113228
transition 938 4 889 -0.8545963757289083 0.2644573641526208
transition 938 4 574 0.8169080187478301 0.2869333579987408
transition 938 4 917 -0.5333725340636672 0.11220938058347645
transition 938 4 697 -0.10690989745092838 0.1942029110737325
transition 938 4 638 0.46876933163493373 0.14219698619142943
transition 939 0 620 0.8919044576603496 0.2780852967755077
transition 939 0 198 0.0861563805046961 0.1564764834939203
transition 939 0 707 -0.292969988626701 0.2354655670151635
transition 939 0 569 0.05292687219953707 0.23025486933036293
transition 939 0 37 -0.31437291012107527 0.09971778338504564
transition 939 1 77 -0.9644046689321142 1.0
transition 939 2 920 -0.09020396392635699 0.12917371907978353
transition 939 2 817 -0.18429410477279973 0.3936479427864339
transition 939 2 265 0.18077623227207762 0.37492226934960443
transition 939 2 465 -0.4233232949107639 0.10225606878417813
transition 939 3 958 -0.09608503961844828 0.19518906438146064
transition 939 3 938 0.044824976740100775 0.298978694697445
transition 939 3 529 -0.19369735209341177 0.2336997531584841
transition 939 3 476 0.8519316998925928 0.2721324877626103
transition 939 4 573 0.09655088500057163 0.5559735274681448
transition 939 4 355 0.05785284131678958 0.44402647253185523
transition 940 0 290 -0.6903311720686933 0.4148833442158621
transition 940 0 38 -0.6977993557909754 0.5344618662773224
transition 940 0 871 0.5607291087015711 0.050654789506815616
transition 940 1 142 -0.18024834391572186 0.19335193454982738
transition 940 1 716 0.9862557654248887 0.3126441059137572
transition 940 1 426 -0.9076733134402173 0.04459360151036282
transition 940 1 671 -0.5386104658779212 0.36946024231347113
transition 940 1 500 -0.44000918523029253 0.07995011571258157
transition 940 2 750 -0.3834334690649477 1.0
transition 940 3 392 -0.15514373706218487 0.15800716831182884
transition 940 3 98 0.7628164016940275 0.1868700867021729
transition 940 3 731 -0.6607585004029637 0.6551227449859983
transition 940 4 488 0.611938837478339 0.28052524951689245
transition 940 4 676 0.13646349860871054 0.3043702314419931
transition 940 4 111 -0.4053584209977199 0.16433305919763985
transition 940 4 640 0.2605661876773533 0.009670245209123747
transition 940 4 59 -0.015248498137006461 0.24110121463435089
transition 941 0 966 -0.6053614125717959 1.0
transition 941 1 447 -0.6193878566593765 0.4199762585598752
transition 941 1 211 -0.21514358545818757 0.1945317408334158
transition 941 1 591 0.05761636869678499 0.1410272707570179
transition 941 1 413 -0.8186792199149462 0.24446472984969111
transition 941 2 312 0.2773518819262428 1.0
transition 941 3 267 -0.47199512897402096 0.07455329137657356
transition 941 3 185 0.1615705169868673 0.1441428913360889
transition 941 3 568 -0.20139504790274887 0.5231941860253222
transition 941 3 662 0.46931292406480507 0.25810963126201525
transition 941 4 339 0.8905058387485292 0.3469813228107138
transition 941 4 141 -0.10162760245131985 0.013516317524042868
transition 941 4 591 0.04382592003228836 0.34353437719899776
transition 941 4 813 -0.1780351459874796 0.0594744716195426
transition 941 4 299 -0.46871010212509434 0.2364935108467029
transition 942 0 871 0.378994274528498 1.0
transition 942 1 99 -0.012628427052697955 0.38757441197050624
transition 942 1 879 0.5247207753151026 0.38178729026806896
transition 942 1 941 0.9650346094187063 0.23063829776142483
transition 942 2 461 -0.6752726765827763 0.30495795170964357
transition 942 2 458 -0.9969964937473432 0.6950420482903564
transition 942 3 934 -0.6197009791400889 0.2653562154871837
transition 942 3 483 0.5609882333163136 0.2574643812017962
transition 942 3 222 -0.18602650844463486 0.2431182697796611
transition 942 3 694 0.37981417906567216 0.2340611335313589
transition 942 4 776 -0.31774375377961395 0.08513800799059353
transition 942 4 543 -0.4276122799545312 0.19673269232469107
transition 942 4 827 0.47971876567307703 0.37288549770401525
transition 942 4 99 0.8760338923453459 0.054961668043581095
transition 942 4 290 0.35827284998169384 0.290282133937119
transition 943 0 758 -0.19299430769443005 0.11712757801325224
transition 943 0 743 0.5139224955643846 0.4830053395916794
transition 943 0 790 -0.6667298940214066 0.1146752167384627
transition 943 0 140 -0.23544891803678492 0.28519186565660554
transition 943 1 487 -0.41384644946232885 0.5389558624333584
transition 943 1 267 0.7791573950493564 0.4610441375666415
transition 943 2 89 0.7908322945419737 0.2368861212709883
transition 943 2 990 -0.10935966356511218 0.2936533652589379
transition 943 2 496 -0.8141467111850438 0.08595823515658411
transition 943 2 844 -0.32601606182827725 0.2902380915142512
transition 943 2 248 0.5938074673833602 0.09326418679923844
transition 943 3 917 0.5369707861010715 0.22954399330435155
transition 943 3 763 -0.500885047870173 0.15342807350361762
transition 943 3 613 0.0021204276590782722 0.3247456124992099
transition 943 3 30 -0.5989759559948706 0.28572050170112495
transition 943 3 325 -0.930575701084289 0.006561818991696064
transition 943 4 653 0.15177538349163067 0.3466309310606113
transition 943 4 565 0.977859879645518 0.020150845025568458
transition 943 4 494 0.20907223472630454 0.31002945359638273
transition 943 4 799 -0.16508633305818554 0.3231887703174375
transition 944 0 670 0.20336951637390888 0.15996907859907203
transition 944 0 552 0.584404115458625 0.33653841990522454
transition 944 0 159 0.304636036885622 0.04331097386369321
transition 944 0 453 0.1924102206879137 0.30821796996117984
transition 944 0 4 0.03586033499561747 0.15196355767083045
transition 944 1 887 0.2411057197656823 0.4630604031922314
transition 944 1 751 -0.17993604832345333 0.5369395968077686
transition 944 2 219 -0.08932867299636538 0.881868657158062
transition 944 2 464 -0.10321859589133964 0.11813134284193802
transition 944 3 665 0.0654313365371233 0.31391788713013385
transition 944 3 349 -0.04234129188112834 0.5250612160257236
transition 944 3 810 -0.12196030407840608 0.16102089684414247
transition 944 4 777 0.9239054711235537 0.11990678788554547
transition 944 4 356 0.3890665676258871 0.12257177260485369
transition 944 4 133 -0.8064943430551017 0.4997309404599265
transition 944 4 36 0.4628411285696028 0.25779049904967427
transition 945 0 642 0.011974520394950616 0.2515320145046219
transition 945 0 138 -0.5004130411390959 0.2824114765541322
transition 945 0 489 0.49074563071445176 0.16000031423775551
transition 945 0 876 0.6634134665669833 0.1742581198992014
transition 945 0 379 0.8559809929011035 0.13179807480428904
transition 945 1 885 -0.8300036939287088 1.0
transition 945 2 661 -0.7888892527370364 0.7005759611384613
transition 945 2 457 0.09885351921262897 0.2067135781984016
transition 945 2 92 0.34854094726000606 0.09271046066313711
transition 945 3 581 -0.6664329994101807 0.8791623013656005
transition 945 3 420 -0.2808297087319229 0.1208376986343995
transition 945 4 8 0.5730619905450158 0.5222230047051105
transition 945 4 408 -0.2712640069084453 0.2853094253943964
transition 945 4 929 0.4820029263982588 0.19246756990049307
transition 946 0 456 0.7940252290488568 0.39518965593637373
transition 946 0 74 -0.18333904895933406 0.09705671366403958
transition 946 0 75 -0.2102531159356571 0.5077536303995868
transition 946 1 515 0.7545977166978963 1.0
transition 946 2 898 0.5722947963111851 0.11657379837330119
transition 946 2 739 -0.8222679196837295 0.6136335161908764
transition 946 2 389 0.21600483557767025 0.07157664992194344
transition 946 2 498 -0.07162629362587136 0.19821603551387906
transition 946 3 482 0.6691077320250818 0.09813900825258136
transition 946 3 247 -0.48421944423945273 0.3431483232025704
transition 946 3 512 -0.12338382314264096 0.03345417561628519
transition 946 3 732 0.5104512675033046 0.5252584929285631
transition 946 4 35 0.5937136525059938 0.16313161466570925
transition 946 4 719 -0.921816122223508 0.7092873498084823
transition 946 4 4 -0.8536225331657941 0.12758103552580843
transition 947 0 370 -0.2810328748918489 1.0
transition 947 1 849 0.3965660695922406 0.15159545552317688
transition 947 1 377 0.94618389657358 0.2350120911334717
transition 947 1 518 0.23357963039673746 0.19318156325592784
transition 947 1 230 0.0009338054749470359 0.42021089008742357
transition 947 2 187 0.5566736351574899 0.24315957614474792
transition 947 2 788 -0.516133330332361 0.319760776716882
transition 947 2 698 -0.2588794516621524 0.08327344043359351
transition 947 2 994 0.8266264457066907 0.1232856831893753
transition 947 2 304 -0.7835278957557719 0.2305205235154012
transition 947 3 899 -0.08842755639790578 0.36875267683899765
transition 947 3 146 -0.5208379553885407 0.05686861128058835
transition 947 3 354 -0.48294850775780285 0.0778447915445577
transition 947 3 219 -0.8520667770138539 0.14097586280366892
transition 947 3 416 0.7692036855450677 0.3555580575321874
transition 947 4 554 -0.17112869657647223 1.0
transition 948 0 128 -0.42826599748152683 0.25112513751725335
transition 948 0 578 0.28908453450885596 0.3445703245185638
transition 948 0 144 0.2782516022685684 0.04054312976424716
transition 948 0 76 0.5310477000084219 0.3637614081999357
transition 948 1 672 0.7949270504088295 0.7717393692088633
transition 948 1 689 -0.28933185521489024 0.22826063079113665
transition 948 2 984 0.15531134565574556 0.1723929586230208
transition 948 2 383 0.22484769312334785 0.576901473556244
transition 948 2 464 0.6859869092549267 0.2507055678207353
transition 948 3 703 -0.061285873154479864 0.23560966514567683
transition 948 3 471 0.4587373878433456 0.21886759826985092
transition 948 3 813 0.6284986883766774 0.04184153984605461
transition 948 3 954 0.9503783369593797 0.2675948349830979
transition 948 3 63 -0.636144226178871 0.23608636175531972
transition 948 4 993 0.7010275105088293 0.32364770199361464
transition 948 4 477 -0.050679520431297975 0.3712369068220456
transition 948 4 119 -0.9007799002647827 0.30511539118433983
transition 949 0 343 -0.7454676136696476 0.4666775967796496
transition 949 0 241 0.6742137755511926 0.3852602420548921
transition 949 0 808 -0.5430195076909146 0.14806216116545817
transition 949 1 315 -0.14448576190753948 0.24246491985504068
transition 949 1 352 -0.723919020043015 0.33829956594127736
transition 949 1 356 -0.4759221409615906 0.1260835358930605
transition 949 1 441 0.28014559437059794 0.2931519783106215
transition 949 2 508 -0.669845016163773 1.0
transition 949 3 232 0.09424277673987991 0.17057696503724012
transition 949 3 459 0.8185328307800301 0.20259980129183638
transition 949 3 755 0.2937299187349489 0.25429203426067715
transition 949 3 101 -0.8417615131458795 0.19459474149528658
transition 949 3 919 -0.6878885758684876 0.17793645791495974
transition 949 4 896 0.6096986732192569 0.2513823511299877
transition 949 4 185 0.41862430690032904 0.2639250201740246
transition 949 4 538 -0.6930141121682083 0.4846926286959878
transition 950 0 907 -0.48908681047424385 1.0
transition 950 1 671 0.5693413763969004 0.6953040299969085
transition 950 1 381 0.8423459738759023 0.3046959700030914
transition 950 2 981 -0.5937878434626198 0.23434341483931848
transition 950 2 683 0.18999227199084578 0.29922743084119763
transition 950 2 720 -0.9052762514996899 0.16407176924636518
transition 950 2 427 0.06637699636933903 0.30235738507311877
transition 950 3 519 0.3062300316971154 0.577238926902869
transition 950 3 814 -0.658929978014674 0.42276107309713096
transition 950 4 327 -0.43944391101775704 0.3677407096909943
transition 950 4 966 -0.6553106595572098 0.3430411851904755
transition 950 4 41 -0.4779848311479802 0.2269523009998439
transition 950 4 624 0.8517935853885892 0.06226580411868621
transition 951 0 319 0.6911852295048302 0.2228821061424901
transition 951 0 509 0.1285119328539579 0.22812895858571058
transition 951 0 692 -0.1753171186146285 0.12242914960167853
transition 951 0 752 -0.43681343156753694 0.332511515172855
transition 951 0 540 -0.3992416122289517 0.09404827049726577
transition 951 1 252 0.7716291093888286 1.0
transition 951 2 483 0.40951991966447143 0.44924523854076087
transition 951 2 294 0.9263247676959716 0.14932267847971128
transition 951 2 567 -0.7962070934441574 0.40143208297952787
transition 951 3 411 0.6728463692671993 0.3925288282345385
transition 951 3 555 0.4605236004540805 0.6074711717654615
transition 951 4 357 -0.7199658150347488 0.3117058170221524
transition 951 4 130 -0.04420598779830742 0.6882941829778476
transition 952 0 953 -0.9257468901354711 1.0
transition 952 1 203 0.8163557156786778 0.8982975938095712
transition 952 1 972 -0.6154142215234208 0.1017024061904288
transition 952 2 354 -0.8347878182301289 0.17028276695426103
transition 952 2 683 -0.811891444824147 0.7849319167024584
transition 952 2 825 -0.10777055406158986 0.04478531634328049
transition 952 3 239 0.8175567208467651 0.09801183330173581
transition 952 3 244 -0.7689881042234057 0.2884324299005162
transition 952 3 617 -0.8537605890256055 0.613555736797748
transition 952 4 544 -0.4763627404284987 0.9486765296797496
transition 952 4 124 -0.5623921138951924 0.05132347032025037
transition 953 0 470 0.17871629154892754 0.4633440939189126
transition 953 0 614 -0.44520128442492357 0.17531804847804783
transition 953 0 72 0.5471206229981518 0.36133785760303955
transition 953 1 803 0.446031210382128 0.14894975780768804
transition 953 1 554 -0.8394739738121777 0.11260464005063638
transition 953 1 416 0.28834646812678244 0.1566295652411146
transition 953 1 302 0.24327143803588203 0.26259638533261265
transition 953 1 29 -0.4930101133554401 0.31921965156794835
transition 953 2 977 0.7621010245715789 0.449790298816034
transition 953 2 856 0.10311350897094096 0.01815668731528298
transition 953 2 700 0.4082633175054322 0.532053013868683
transition 953 3 469 0.43351246058476334 1.0
transition 953 4 912 0.2647246825324887 0.4208532655483803
transition 953 4 364 -0.31775847587033246 0.12457596933900485
transition 953 4 14 -0.12313154804957982 0.3808783140614988
transition 953 4 861 0.28541273208899076 0.06525671591397342
transition 953 4 153 0.5616803695401267 0.008435735137142662
transition 954 0 884 -0.552547366873418 0.2892265428788338
transition 954 0 982 -0.8456376195062989 0.443526981470725
transition 954 0 572 -0.48762852365953036 0.05048001104023672
transition 954 0 675 -0.6318399162360577 0.21676646461020452
transition 954 1 319 -0.5793895302867178 0.18670634358835578
transition 954 1 631 -0.19435896629554383 0.19002030824029606
transition 954 1 905 0.22152683734905598 0.0046855607996203604
transition 954 1 418 -0.3718143683465598 0.3267646095219211
transition 954 1 16 0.7431066778807842 0.2918231778498067
transition 954 2 287 0.1279552827480559 1.0
transition 954 3 81 -0.8881294356669509 0.5099833349238869
transition 954 3 495 -0.12703309142880292 0.47362558299881125
transition 954 3 694 -0.058808606283029974 0.016391082077301788
transition 954 4 150 -0.3713983285350706 1.0
transition 955 0 560 0.9501978173500896 0.7334729682510498
transition 955 0 569 0.5587224845541496 0.2665270317489502
transition 955 1 742 -0.9650013854542041 0.18267363671247194
transition 955 1 825 0.9541602085624918 0.12396012132154814
transition 955 1 772 -0.6243355887642359 0.69336624196598
transition 955 2 452 -0.30249892594803995 1.0
transition 955 3 921 0.7747287346024996 0.03959916637777621
transition 955 3 892 0.13700401568506249 0.3838893020189004
transition 955 3 373 -0.7663164204428503 0.5765115316033234
transition 955 4 823 0.34685811658897725 1.0
transition 956 0 522 -0.23334796105030464 1.0
transition 956 1 133 0.3100000602768833 1.0
transition 956 2 182 0.4113813505313224 0.006248272433852079
transition 956 2 912 0.6757847919199522 0.5830989478875261
transition 956 2 441 0.0990342525188217 0.41065277967862174
transition 956 3 632 0.2315021886218882 0.26609231823377627
transition 956 3 596 0.7492887791716079 0.41779485408473976
transition 956 3 806 -0.7387156575465037 0.3161128276814839
transition 956 4 660 -0.27017923702311464 0.15845832702481952
transition 956 4 474 -0.24904618376467735 0.29678240910163023
transition 956 4 822 0.01101696464303803 0.21797207927456075
transition 956 4 742 -0.6713061362263684 0.32678718459898953
transition 957 0 799 -0.8697062687976236 0.5051752868856921
transition 957 0 645 -0.20737364751526943 0.4948247131143079
transition 957 1 838 0.040200809984969554 0.40729944390826434
transition 957 1 331 0.994973099423198 0.5927005560917357
transition 957 2 747 -0.8235157657833128 0.24159943909212092
transition 957 2 479 -0.7649380355866928 0.7584005609078791
transition 957 3 879 -0.00931865355387207 0.5120035808240953
transition 957 3 842 0.21529074669283688 0.48799641917590475
transition 957 4 203 0.4942644487778227 0.20680874805438745
transition 957 4 885 -0.2795555503654126 0.23187677098641285
transition 957 4 743 0.13223584262620713 0.282636387636546
transition 957 4 18 0.3295867811233799 0.07245961197143701
transition 957 4 113 -0.00716750007960032 0.20621848135121665
transition 958 0 684 -0.641487319808502 0.11182271726066925
transition 958 0 439 0.8095956017807644 0.8881772827393307
transition 958 1 282 -0.3587197762642562 0.3786127588657962
transition 958 1 551 0.6064717425070123 0.1624477299467636
transition 958 1 579 -0.02347276220741712 0.4439247005219545
transition 958 1 93 -0.5329279178297412 0.015014810665485755
transition 958 2 34 -0.9379197405191941 0.15057474804883453
transition 958 2 218 -0.8742509982189508 0.3455770551587174
transition 958 2 804 0.13628120873357563 0.28958363549985544
transition 958 2 497 -0.38444304731780754 0.21426456129259258
transition 958 3 241 0.8009261768317553 0.22558369155527716
transition 958 3 668 0.025736393841805594 0.11628383903947535
transition 958 3 35 0.8841041014931916 0.29276224933692035
transition 958 3 565 0.3781189079096925 0.36537022006832715
transition 958 4 335 0.29220427320753695 1.0
transition 959 0 439 -0.4810545988634072 0.013643321038944098
transition 959 0 594 -0.1314526347889169 0.18089302338471963
transition 959 0 945 0.8714150698614962 0.30942960231628475
transition 959 0 247 0.24280611159879784 0.3928313696175561
transition 959 0 453 0.7582339938554048 0.10320268364249553
transition 959 1 972 -0.7328536166333377 0.6675387960897287
transition 959 1 546 -0.6282042505985086 0.33246120391027134
transition 959 2 804 -0.5021966599580638 0.3516360345072958
transition 959 2 600 -0.42732461382482945 0.25508352502542014
transition 959 2 177 -0.43486264067214453 0.08868090214109378
transition 959 2 39 -0.871760224426765 0.19837314547017662
transition 959 2 146 -0.5495697897629366 0.10622639285601362
transition 959 3 122 -0.1052221344301616 0.3742524863126619
transition 959 3 615 -0.23181779109711087 0.24430972127540054
transition 959 3 27 0.59041328040224 0.1947641269590311
transition 959 3 730 0.8517020452651414 0.1866736654529064
transition 959 4 361 -0.901397083012871 0.33792312148444986
transition 959 4 6 0.6062498156027727 0.047301451905416354
transition 959 4 888 -0.28117942168531673 0.36154703153293954
transition 959 4 722 -0.5780073961912604 0.25322839507719425
transition 960 0 340 0.24083889884301746 0.3158524744206235
transition 960 0 742 -0.7314353621378629 0.21664721594839234
transition 960 0 147 0.9042745288013059 0.24421431475548327
transition 960 0 821 0.4973699449559912 0.1931513551223298
transition 960 0 450 -0.3450238289993306 0.030134639753171086
transition 960 1 635 0.8322359495063365 0.3449922755402787
transition 960 1 945 0.25293932997556223 0.44897065231957917
transition 960 1 556 -0.5301667815850226 0.14255166420025228
transition 960 1 886 -0.11397149514852756 0.06348540793988967
transition 960 2 972 0.8201848683643966 0.5731980707344724
transition 960 2 405 0.20692789320379212 0.052859096350736
transition 960 2 941 0.9694787747118792 0.3739428329147916
transition 960 3 899 0.36415371300212995 0.6668022034747942
transition 960 3 181 0.8875206872695518 0.3331977965252057
transition 960 4 707 0.796410533791104 1.0
transition 961 0 652 -0.9504464028221313 0.358012138284677
transition 961 0 740 0.9666422064013218 0.38622056425141704
transition 961 0 481 0.7315217105113068 0.044163226471706195
transition 961 0 88 0.6711090364958074 0.21160407099219988
transition 961 1 308 0.42776731386647304 0.3162668752665629
transition 961 1 335 -0.13325093062680504 0.3641630871861913
transition 961 1 833 0.05617382852548203 0.3195700375472457
transition 961 2 16 0.996455323759257 0.42163573911229413
transition 961 2 616 0.16547478489649103 0.5783642608877059
transition 961 3 904 -0.9061894154919006 1.0
transition 961 4 327 -0.07703751852463059 0.2998919245004087
transition 961 4 5 0.43651427735831483 0.2975884979945718
transition 961 4 120 0.9849387218420687 0.10033154315187066
transition 961 4 489 0.6216277044412322 0.14277483544333341
transition 961 4 288 -0.8220134697231392 0.15941319890981553
transition 962 0 248 0.3243703232274655 0.002093473258990883
transition 962 0 419 -0.827965372206892 0.36621917214453026
transition 962 0 651 0.6541567796386423 0.18121637190592477
transition 962 0 897 -0.5992817317786172 0.4504709826905542
transition 962 1 552 -0.9496641295183297 0.33613827684965747
transition 962 1 276 0.5290286495913137 0.1623792870567812
transition 962 1 129 -0.8953855044922345 0.12507948902198388
transition 962 1 119 -0.7078087116233136 0.09110900645596576
transition 962 1 180 0.2573902876405032 0.2852939406156116
transition 962 2 798 -0.7829284936685077 0.37724233673021407
transition 962 2 381 0.21070519974073454 0.42023146217195784
transition 962 2 982 -0.978580195988431 0.20252620109782815
transition 962 3 906 0.5016660192747442 1.0
transition 962 4 687 -0.8079936031728683 0.4136858880828721
transition 962 4 17 -0.016420430672808184 0.5863141119171279
transition 963 0 239 0.2373250724313729 0.30635494792218193
transition 963 0 619 -0.7922775953333174 0.1248348471882614
transition 963 0 781 -0.7867838480188594 0.5688102048895567
transition 963 1 97 -0.7136013138544965 0.1910978975515931
transition 963 1 743 0.10618305028245945 0.25036373370544124
transition 963 1 889 0.500907347946927 0.09282209297134143
transition 963 1 987 0.3938747982825408 0.23148394326903451
transition 963 1 843 -0.3517453905790371 0.23423233250258968
transition 963 2 426 -0.6940128521154998 1.0
transition 963 3 861 0.08667431743097609 0.41231332154357325
transition 963 3 67 -0.6948356971015246 0.2833357886066334
transition 963 3 604 0.9733983191757272 0.3043508898497934
transition 963 4 760 -0.05413194185676207 0.19297591922938254
transition 963 4 715 -0.630921695615565 0.3307269062931112
transition 963 4 426 0.8823569601006496 0.4762971744775063
transition 964 0 59 0.677497531977975 0.2584156478121016
transition 964 0 71 0.06766703259901585 0.3342933774544141
transition 964 0 145 -0.6297326514166357 0.29674180705958075
transition 964 0 306 0.662007491666396 0.016617950277337725
transition 964 0 670 0.15951121519901812 0.09393121739656582
transition 964 1 790 -0.256358268496506 0.31188219630039804
transition 964 1 483 -0.40082497891408986 0.41482287918886845
transition 964 1 927 -0.969267904326647 0.10676807797322703
transition 964 1 552 0.8228142850296167 0.16652684653750643
transition 964 2 517 -0.05759998039569725 0.11603842782861444
transition 964 2 611 -0.985486831244448 0.2969004612934444
transition 964 2 166 0.020853407108710753 0.24328691609448974
transition 964 2 442 -0.4175019353608338 0.34377419478345145
transition 964 3 209 0.5304266127017427 0.0219633406809678
transition 964 3 121 -0.3768554346266033 0.17863296714639362
transition 964 3 719 0.11016091498827252 0.41594828453379656
transition 964 3 350 -0.5732377403391902 0.1388735242245705
transition 964 3 188 -0.9242809174633033 0.2445818834142716
transition 964 4 599 0.22594536451113156 0.49066663979118313
transition 964 4 484 0.1942924673584585 0.16657099028624192
transition 964 4 176 0.6928134513188919 0.031859025544778714
transition 964 4 642 0.31864528149166227 0.3109033443777963
transition 965 0 383 0.9124793533264315 0.17734407701612173
transition 965 0 586 0.8764394522854717 0.5071819322311887
transition 965 0 369 -0.3249922554166744 0.31547399075268956
transition 965 1 232 -0.48190194375216255 0.13816893164923627
transition 965 1 931 0.2152067836498941 0.30775892735922905
transition 965 1 255 0.35661977500804265 0.30137702105757097
transition 965 1 851 -0.1516293883787061 0.023878601393546982
transition 965 1 349 -0.2933435293884141 0.22881651854041676
transition 965 2 911 0.7191809244927116 0.24065914611331546
transition 965 2 469 0.32050922320011077 0.07270512637209275
transition 965 2 532 -0.5510705973507914 0.19008366104672478
transition 965 2 679 -0.6760222989308786 0.172427400341777
transition 965 2 33 0.6855723268409941 0.3241246661260901
transition 965 3 606 -0.4672142981757095 0.4042387599333728
transition 965 3 994 0.06950992776209763 0.059429494676166136
transition 965 3 126 -0.21203203733074383 0.10029690263326398
transition 965 3 133 -0.680587499280616 0.04450492851007589
transition 965 3 938 -0.16215515934177827 0.39152991424712125
transition 965 4 604 0.5487665166930351 0.3101915625384951
transition 965 4 459 -0.30955144094719556 0.004696338366775249
transition 965 4 160 0.6109773946941095 0.3935599073755029
transition 965 4 430 -0.7086144421912572 0.006378760135232721
transition 965 4 159 0.6511954652585674 0.285173431583994
transition 966 0 88 0.32408925672374234 0.9360747131343803
transition 966 0 16 -0.8052428073238092 0.06392528686561974
transition 966 1 935 0.04724454662822386 0.2774149672961514
transition 966 1 740 0.41156607126145905 0.13166712543759165
transition 966 1 137 0.34599252314927353 0.051048723778158875
transition 966 1 770 0.21624516676488792 0.3397372053691027
transition 966 1 207 -0.3506983210304515 0.20013197811899547
transition 966 2 814 -0.4800358408280849 0.13717182250424864
transition 966 2 346 0.47389862451681064 0.4970943349957297
transition 966 2 366 0.15041551374670692 0.2810914213994233
transition 966 2 27 -0.9505486352934653 0.06783940869174229
transition 966 2 361 0.2672731258549612 0.016803012408856167
transition 966 3 621 -0.8170096237704418 0.1660038712890962
transition 966 3 10 0.03567746035791397 0.2471322371365487
transition 966 3 908 -0.21291552821616544 0.22997555751370682
transition 966 3 869 0.2986692883400963 0.17346139146905404
transition 966 3 568 -0.8689264233631082 0.18342694259159417
transition 966 4 55 -0.19472350444668107 0.06274572377986777
transition 966 4 930 -0.4846962181698282 0.3084449117955605
transition 966 4 81 -0.6293198959677144 0.2756741854636902
transition 966 4 121 -0.38804350598027537 0.3531351789608815
transition 967 0 49 -0.03627895653768798 1.0
transition 967 1 277 0.4468264507558799 0.31067806399586745
transition 967 1 758 -0.6127937613456536 0.4367955467117145
transition 967 1 413 -0.23524455922837273 0.25252638929241805
transition 967 2 854 -0.9968278174889593 0.014849557822600324
transition 967 2 178 -0.9288493962705193 0.38467500043891295
transition 967 2 435 0.9553821425332121 0.029597612117707214
transition 967 2 444 0.38520699169801476 0.4093627107123393
transition 967 2 40 0.08041953731133167 0.16151511890844011
transition 967 3 748 -0.8037361283218165 0.07016213464057978
transition 967 3 281 0.09019601165273872 0.20423749478992964
transition 967 3 760 -0.5336042417432312 0.05012714825940403
transition 967 3 367 0.7692977083952619 0.15974065215333189
transition 967 3 621 0.7715432909355295 0.5157325701567548
transition 967 4 503 -0.7391450966580377 0.07514873118735359
transition 967 4 886 0.9667431934027706 0.41330267538153337
transition 967 4 287 0.1285316218441559 0.31053822436665734
transition 967 4 122 -0.9801023793925527 0.19761094104755586
transition 967 4 983 -0.8250363001134267 0.003399428016899841
transition 968 0 167 -0.8949301854406373 0.17400861188248887
transition 968 0 552 0.6688802975874302 0.2483096434368679
transition 968 0 453 -0.4455579907723226 0.21799803932355863
transition 968 0 459 0.17999026891249792 0.35968370535708466
transition 968 1 441 0.3358329738834447 1.0
transition 968 2 155 0.8620340723140152 0.03625356493562344
transition 968 2 31 -0.40446962213950477 0.44771838721112883
transition 968 2 832 0.05330162538043326 0.5160280478532477
transition 968 3 294 -0.950290123307364 0.21435254802791576
transition 968 3 388 -0.6215905791183871 0.41727222423851473
transition 968 3 784 0.9296137785899821 0.0645005077613422
transition 968 3 413 0.5632882074164136 0.30387471997222726
transition 968 4 673 -0.6854753397884972 0.3062985978723257
transition 968 4 405 0.3277796502439603 0.3629027223626068
transition 968 4 281 0.46580873227060726 0.10220611715365759
transition 968 4 72 -0.11854590138236065 0.2285925626114099
transition 969 0 609 0.7586737003098665 0.10833473028593915
transition 969 0 647 0.6422938773439755 0.47501329337086573
transition 969 0 612 0.23771794068010665 0.4166519763431951
transition 969 1 422 -0.8348330074000079 1.0
transition 969 2 820 -0.8775208178570268 0.5174365152427881
transition 969 2 591 0.6009282360558523 0.48256348475721195
transition 969 3 730 0.04198751266726175 0.09174174168170855
transition 969 3 739 -0.025476755228088344 0.057698776682297524
transition 969 3 689 -0.12376583426165566 0.443857906204535
transition 969 3 499 -0.2054863018710047 0.1038937405969508
transition 969 3 179 -0.2174238312807093 0.3028078348345081
transition 969 4 343 0.19095988865359192 0.04800471384034283
transition 969 4 481 -0.7100466210097116 0.4166362993227985
transition 969 4 226 -0.27214177502328796 0.46199995741491745
transition 969 4 231 -0.06694605344687243 0.07335902942194113
transition 970 0 730 -0.8705281859525424 0.3794079690172295
transition 970 0 916 -0.771822677535491 0.24804876764319067
transition 970 0 750 -0.6865160532666819 0.1437215446637405
transition 970 0 449 -0.8819696258046854 0.22882171867583934
transition 970 1 13 0.019656828609275534 0.4748780357427561
transition 970 1 912 -0.9276322254854448 0.5251219642572439
transition 970 2 977 0.1394038742222401 1.0
transition 970 3 531 -0.35049997334252603 0.20383654119231656
transition 970 3 725 -0.4549236109929806 0.08804615876257273
transition 970 3 567 0.44618151084124147 0.28505171523448447
transition 970 3 583 0.7373587996180562 0.32715233806311794
transition 970 3 806 0.4164764582996563 0.09591324674750826
transition 970 4 504 -0.7160049900011483 0.13164359863073818
transition 970 4 299 -0.8558718752474039 0.27095176106528196
transition 970 4 680 0.8592513633215428 0.2267182699778132
transition 970 4 51 0.7690189619169598 0.21211157652299975
transition 970 4 881 -0.34735785463933455 0.1585747938031669
transition 971 0 868 0.7233359684576148 0.2815608608253811
transition 971 0 829 0.7600674937100715 0.7184391391746188
transition 971 1 930 0.011448377079887662 1.0
transition 971 2 847 0.042368504517225514 0.46439269590718124
transition 971 2 226 0.9338424831619134 0.4026353546561404
transition 971 2 636 -0.9053764366245307 0.13297194943667845
transition 971 3 415 0.5174777918939037 0.6263591580400136
transition 971 3 504 -0.564078250609023 0.37364084195998637
transition 971 4 234 -0.9572096383080597 0.49136904568462597
transition 971 4 610 0.26279004665972683 0.508630954315374
transition 972 0 332 0.21218411542680093 0.3426716683995299
transition 972 0 857 0.6048822906286737 0.0411799254384235
transition 972 0 265 -0.5800793151109784 0.3009238109555934
transition 972 0 318 -0.7806544915697315 0.31522459520645324
transition 972 1 126 -0.734387240013511 1.0
transition 972 2 796 -0.5335160968505139 1.0
transition 972 3 850 0.42196507401065086 0.23402121962068265
transition 972 3 684 0.1603790036241668 0.21837035642073552
transition 972 3 81 0.461231777233267 0.0745254693750026
transition 972 3 914 0.8782631074217973 0.25469001401302777
transition 972 3 143 0.54849387993507 0.21839294057055142
transition 972 4 641 -0.9847941579109007 0.12329767098927685
transition 972 4 502 -0.21944778463688674 0.21779424443825166
transition 972 4 911 -0.5779533400921129 0.21408784689121943
transition 972 4 684 0.8749945062972877 0.27609661135214925
transition 972 4 494 -0.974874434757393 0.16872362632910287
transition 973 0 287 0.6542110776606649 0.12590955144066907
transition 973 0 511 0.2162785263363478 0.63097493256088
transition 973 0 795 0.46166233954493574 0.24311551599845088
transition 973 1 864 -0.5925533336544782 0.19813097523468498
transition 973 1 876 0.14121626667638187 0.14150811306871755
transition 973 1 568 0.9149381601416737 0.12294997574243333
transition 973 1 586 -0.9795876599434155 0.18986284840015524
transition 973 1 732 0.5066785277732777 0.3475480875540089
transition 973 2 503 -0.6194065721751734 1.0
transition 973 3 274 -0.1650509147318835 0.9064568671714774
transition 973 3 320 -0.43184406209360127 0.09354313282852263
transition 973 4 996 0.670159170026295 0.9742901119094383
transition 973 4 382 -0.26046877577319183 0.025709888090561683
transition 974 0 679 -0.7738402301591234 0.256659044560777
transition 974 0 676 -0.33217036284284474 0.09986557913745726
transition 974 0 101 -0.25734517700090076 0.25930842530088033
transition 974 0 117 -0.9923509004453774 0.09348883837425086
transition 974 0 322 -0.84586690702782 0.29067811262663457
transition 974 1 629 0.6483990256372705 0.12896670030191199
transition 974 1 529 0.3990329068188052 0.39949842132520136
transition 974 1 435 0.6764730545379634 0.47153487837288655
transition 974 2 200 -0.5874872899274517 1.0
transition 974 3 472 -0.575868499926603 0.29725194770874125
transition 974 3 50 -0.0507917070823225 0.38689733023968303
transition 974 3 895 0.7556379432518008 0.13457412734948518
transition 974 3 222 0.6034706856134735 0.18127659470209045
transition 974 4 516 -0.01641391247664159 0.4120153560269373
transition 974 4 722 -0.5310759675237133 0.36740755737539854
transition 974 4 379 0.902160385690854 0.22057708659766417
transition 975 0 278 -0.1556676727964892 1.0
transition 975 1 608 -0.36997030123207386 1.0
transition 975 2 650 -0.08592991051922105 0.4310511326608361
transition 975 2 727 0.14633476005867574 0.5689488673391639
transition 975 3 247 -0.968908351705758 0.46141621256042176
transition 975 3 326 0.9871549668610953 0.3081175183571155
transition 975 3 625 0.16461783588746415 0.23046626908246268
transition 975 4 2 0.384313442391653 0.24780237719222023
transition 975 4 390 -0.5302198442616926 0.2973541273973431
transition 975 4 727 -0.8315044442728341 0.08248503941535894
transition 975 4 389 0.42345062007111256 0.1391963407035183
transition 975 4 334 0.8397531953184894 0.23316211529155953
transition 976 0 477 -0.6525331333094424 1.0
transition 976 1 454 -0.3714562031697406 0.06777254331912824
transition 976 1 417 -0.38833361965861113 0.4184786362375417
transition 976 1 276 0.17837965525438237 0.4049665757620713
transition 976 1 135 -0.21623128049820872 0.10878224468125876
transition 976 2 97 0.6295664959889058 0.4168481954813235
transition 976 2 372 -0.934635670033138 0.5142685963323458
transition 976 2 742 -0.6451495310299293 0.06888320818633065
transition 976 3 209 -0.18661148381122628 0.4722806046475291
transition 976 3 989 -0.7881084539863485 0.5277193953524709
transition 976 4 920 -0.6005573712979315 1.0
transition 977 0 217 0.6604826600009301 0.15411489259909827
transition 977 0 634 -0.2640406883060398 0.25732884237193604
transition 977 0 849 0.8776817080804904 0.27368731218197734
transition 977 0 920 0.15883179168850958 0.2817194399305926
transition 977 0 360 0.005424449847852841 0.03314951291639568
transition 977 1 731 -0.8824197781245517 0.06222193761719516
transition 977 1 453 0.9005766672679472 0.25064214674467056
transition 977 1 499 -0.32024507190499407 0.22620361475025574
transition 977 1 172 -0.9623844688478855 0.15748748024912793
transition 977 1 400 -0.9065831826904343 0.3034448206387506
transition 977 2 854 0.7162817699195085 0.24375577135904647
transition 977 2 751 -0.26394744207174226 0.10370314407618128
transition 977 2 543 -0.00994806738568732 0.1132476195721097
transition 977 2 857 0.8620689976452147 0.24056835799030996
transition 977 2 355 0.5401925394074047 0.29872510700235255
transition 977 3 404 0.3138601541351169 0.19023980977521857
transition 977 3 809 -0.5901485930662971 0.5732250163052219
transition 977 3 871 -0.5232601241902988 0.23653517391955953
transition 977 4 299 0.013896762174016253 0.15773040842317276
transition 977 4 204 -0.4358910507572009 0.16217086178565068
transition 977 4 217 0.6887651724940989 0.281971389834387
transition 977 4 408 -0.47048184009374094 0.06559009209407933
transition 977 4 604 -0.28241618423619785 0.3325372478627102
transition 978 0 382 0.11023464656872917 0.4874359376237139
transition 978 0 817 -0.3347572880432721 0.06172986929370612
transition 978 0 691 -0.2705720739803392 0.45083419308257994
transition 978 1 827 0.43287792807872694 1.0
transition 978 2 35 0.44683999289746446 0.14720970712655426
transition 978 2 275 0.8539695156602374 0.28678465440688106
transition 978 2 851 0.6231230516570905 0.2857244345522333
transition 978 2 279 0.4505773647831899 0.2802812039143315
transition 978 3 50 0.06140866934383671 0.015126347668496513
transition 978 3 47 -0.009115160363349029 0.9848736523315035
transition 978 4 815 0.38203227697013564 0.2926503538879401
transition 978 4 714 -0.35780631908396776 0.07861963488089246
transition 978 4 905 0.6062219093527208 0.3045475754709
transition 978 4 105 0.023008910668174343 0.1402812000950402
transition 978 4 211 -0.171261187257417 0.18390123566522723
transition 979 0 479 -0.8023271693376133 0.17118131276257126
transition 979 0 413 -0.6372652282300224 0.055937372714379735
transition 979 0 69 -0.9351918356474518 0.3802034206389394
transition 979 0 433 -0.9285362105172679 0.39267789388410956
transition 979 1 977 0.623335881410213 0.08704332293651547
transition 979 1 800 0.8740395555197757 0.3448074514110206
transition 979 1 64 -0.20504694261633416 0.5387555309101429
transition 979 1 904 -0.03129082466788047 0.02478827593464684
transition 979 1 965 -0.9581458168677459 0.004605418807674183
transition 979 2 592 -0.18961915374948313 0.23428591303603194
transition 979 2 960 0.909065676566736 0.4440913575781922
transition 979 2 386 0.9946909748701949 0.16454378221550256
transition 979 2 881 0.5316188340272896 0.1037542634997033
transition 979 2 365 0.7782565262003303 0.05332468367057008
transition 979 3 315 0.6572190445246722 1.0
transition 979 4 753 -0.9294386334849702 0.6930550316413571
transition 979 4 373 -0.562754098582328 0.3069449683586428
transition 980 0 868 -0.8168512235379128 0.3349458827285173
transition 980 0 348 0.29228680505161875 0.09900572981238147
transition 980 0 864 0.07622105740866969 0.16284964787502237
transition 980 0 198 0.5838937030804019 0.09800340021281709
transition 980 0 241 -0.750132191519115 0.3051953393712618
transition 980 1 565 0.7224421300307364 0.33610882219939037
transition 980 1 737 0.850415742450747 0.055377996828419034
transition 980 1 423 -0.5484061062352876 0.29494152365406506
transition 980 1 893 0.8074864351245354 0.31357165731812564
transition 980 2 487 0.4583594614181865 0.4214639915913262
transition 980 2 933 0.2256394674013389 0.13666411644198895
transition 980 2 558 -0.9733390147615675 0.13496334421244857
transition 980 2 715 -0.490267931420064 0.3069085477542363
transition 980 3 823 0.5580480410129482 0.1760161723770646
transition 980 3 688 -0.5984371481447854 0.2882711492118742
transition 980 3 475 -0.830896366193399 0.21385031451250533
transition 980 3 29 -0.9878291705388138 0.017581901426312177
transition 980 3 869 0.5132188807217675 0.3042804624722436
transition 980 4 521 -0.8315054971620472 1.0
transition 981 0 259 -0.3584274585342111 0.2925251849850404
transition 981 0 986 -0.8616857864237866 0.7074748150149597
transition 981 1 631 -0.07842574123185253 1.0
transition 981 2 496 0.8887052829239332 0.15793098987934884
transition 981 2 422 -0.12634982427113362 0.8420690101206512
transition 981 3 477 -0.7980231104794773 0.2007132488700897
transition 981 3 993 0.005731854130883285 0.23752782315772772
transition 981 3 888 0.5552946281690734 0.1260542140138153
transition 981 3 972 -0.7443709021642109 0.2510777679060138
transition 981 3 497 0.7451867343563323 0.18462694605235347
transition 981 4 656 -0.05873652170449706 0.9198381423683464
transition 981 4 338 0.8639809838336565 0.08016185763165365
transition 982 0 373 -0.42335103654005923 1.0
transition 982 1 877 -0.2167311264090086 0.3219720463297892
transition 982 1 885 0.08642821052938765 0.19435456324323516
transition 982 1 571 0.7170749899348741 0.15029770242365026
transition 982 1 339 0.38913307557755816 0.09946495279329647
transition 982 1 449 0.38953786700005866 0.23391073521002892
transition 982 2 681 0.2836455669989464 0.1384202013633924
transition 982 2 837 0.8100828566347411 0.49597923050334153
transition 982 2 179 -0.0603327837663703 0.029636993749113747
transition 982 2 872 -0.12469048218595313 0.3359635743841524
transition 982 3 238 -0.5353219572665089 0.15010272929950502
transition 982 3 387 -0.8044377160494547 0.04810360486137026
transition 982 3 491 -0.20438421182436328 0.37338376755477615
transition 982 3 506 -0.18887221616147376 0.2815959660983468
transition 982 3 55 0.5845584235202654 0.14681393218600186
transition 982 4 484 0.5050101779061247 0.09598253278186201
transition 982 4 721 0.2792543796903859 0.06074518739494742
transition 982 4 389 0.5897465569324107 0.5464296091984899
transition 982 4 397 -0.3402168724808601 0.29684267062470066
transition 983 0 658 0.6275738132841107 0.12344556018554965
transition 983 0 239 0.4223128044162463 0.16307524790430158
transition 983 0 241 -0.06030768915588869 0.18623655883267765
transition 983 0 482 -0.6158373672789308 0.2828273202954135
transition 983 0 318 0.080641577008846 0.24441531278205753
transition 983 1 907 -0.9967287311987607 0.19915052296259542
transition 983 1 817 0.1859441081389115 0.3278598837216746
transition 983 1 420 0.1407574485184575 0.47298959331573
transition 983 2 758 -0.7666126708811247 1.0
transition 983 3 69 -0.8486054420877693 0.3379799206279391
transition 983 3 282 -0.24290624442785402 0.6620200793720609
transition 983 4 45 -0.00032437389016681806 0.24780384207881626
transition 983 4 524 -0.3097459221804697 0.22047124946783328
transition 983 4 209 -0.4412384080198466 0.38072765229507316
transition 983 4 677 0.26366664698416 0.1509972561582773
transition 984 0 556 0.46618565117679167 0.6553577570133825
transition 984 0 935 0.45186028726656735 0.34464224298661744
transition 984 1 932 -0.4868580729158001 0.3089778990708064
transition 984 1 279 0.3532058781359173 0.5341383425853691
transition 984 1 485 -0.47045652415672046 0.15688375834382448
transition 984 2 10 0.7305971881105158 0.24794100104155242
transition 984 2 753 -0.5912490686550227 0.11650453028322642
transition 984 2 577 0.11756041043058962 0.3385631599935624
transition 984 2 517 -0.9311644822019982 0.2969913086816588
transition 984 3 962 0.4550744912156379 0.24690681661733038
transition 984 3 231 0.09056959204145332 0.3373258447556135
transition 984 3 327 0.8168116532271739 0.1559048508706599
transition 984 3 281 0.88808232440357 0.2598624877563963
transition 984 4 417 0.7178503480114835 0.11427117319412604
transition 984 4 755 -0.5460452261694391 0.1296866269692515
transition 984 4 266 -0.3540878380928998 0.32468143657727866
transition 984 4 880 -0.28412566771680803 0.3407258750008957
transition 984 4 85 -0.24164140836186787 0.09063488825844816
transition 985 0 410 -0.18569865941916563 0.5758709647058313
transition 985 0 477 0.2476247985905955 0.4241290352941687
transition 985 1 158 0.642243283292075 0.8430086892865221
transition 985 1 511 0.6988921320055896 0.1569913107134779
transition 985 2 296 -0.4932737808603378 0.2680680726043756
transition 985 2 388 -0.36863883348929005 0.05162534555277347
transition 985 2 318 0.7201793762844937 0.6803065818428509
transition 985 3 200 0.6597458398354397 0.31937387357919
transition 985 3 482 -0.4361850247041359 0.68062612642081
transition 985 4 634 0.5618529258088791 0.19038910965631592
transition 985 4 680 0.6895866560920958 0.30881454777757655
transition 985 4 543 -0.38129825901401526 0.23378363412507558
transition 985 4 484 -0.9860121337512404 0.26701270844103187
transition 986 0 931 0.6466299251586956 0.2312177257087451
transition 986 0 86 0.03997058280422805 0.5323058390070544
transition 986 0 111 -0.6433002326292638 0.2364764352842005
transition 986 1 610 -0.858244641094583 0.4536877677113046
transition 986 1 93 -0.42222229099346675 0.5463122322886954
transition 986 2 303 0.2931365430331505 0.31683395960405675
transition 986 2 357 0.3395613998162377 0.4448919169268873
transition 986 2 488 -0.4526349716702771 0.23827412346905602
transition 986 3 841 -0.520884434322678 0.44858236124200823
transition 986 3 328 0.16569572009201594 0.38472795688231093
transition 986 3 724 0.25968255095577253 0.16668968187568078
transition 986 4 776 -0.11783802559161138 0.05627053893507388
transition 986 4 77 -0.8514726177277157 0.2687319163178169
transition 986 4 593 0.75053430835611 0.3959479805876875
transition 986 4 897 -0.20589203324027294 0.2790495641594217
transition 987 0 279 0.7693619421459015 0.3853027281364697
transition 987 0 348 -0.762724386754551 0.3601650239349327
transition 987 0 288 -0.3196623566289214 0.2545322479285977
transition 987 1 370 0.2092291183208126 0.14263033243330037
transition 987 1 461 -0.9543306815876695 0.13649905815882918
transition 987 1 806 -0.42461632298316565 0.0627786931286693
transition 987 1 905 0.9614228931973323 0.6580919162792012
transition 987 2 419 -0.537476225361524 0.5400023241268702
transition 987 2 876 0.15987875546423513 0.4599976758731298
transition 987 3 184 0.16405603456482987 0.17822555259610018
transition 987 3 370 0.8225440860285655 0.4134049619977163
transition 987 3 799 0.14478040705281892 0.3809017931045028
transition 987 3 259 0.6963090362595956 0.027467692301680696
transition 987 4 44 0.1486385988254828 1.0
transition 988 0 805 -0.7210745344191463 0.379167499207973
transition 988 0 888 -0.6374405996357042 0.34705080474629996
transition 988 0 31 -0.327422577373381 0.01520507620934247
transition 988 0 158 -0.17731229557801087 0.25857661983638464
transition 988 1 132 -0.7184995249899093 0.4156308722980904
transition 988 1 407 -0.7996683200529191 0.18746344998991896
transition 988 1 287 -0.3411635038944001 0.26135499529984824
transition 988 1 633 -0.3177514655479039 0.13555068241214233
transition 988 2 951 0.03523865001972348 0.07328008200953265
transition 988 2 103 0.9128511730953559 0.9267199179904674
transition 988 3 677 -0.5232099681398972 0.18452957734205935
transition 988 3 27 0.4072925443872566 0.25856977543804943
transition 988 3 563 0.8779312917959325 0.15716082467517264
transition 988 3 830 0.11078328367981416 0.39973982254471846
transition 988 4 19 0.6671442927259832 0.11073009877290982
transition 988 4 169 0.4038400263174675 0.88926990122709
transition 989 0 430 -0.34472004611965823 0.24670962671718008
transition 989 0 503 -0.9607078294931755 0.7532903732828199
transition 989 1 842 0.13270381028279798 1.0
transition 989 2 450 0.35499277916540306 0.23837535052044045
transition 989 2 49 -0.41655476193142493 0.1973513434766143
transition 989 2 66 -0.3963825331651405 0.2706704849340648
transition 989 2 683 0.14867659985689086 0.29360282106888047
transition 989 3 530 0.5317183800656045 0.6242837688268158
transition 989 3 354 0.14326292096931392 0.3757162311731841
transition 989 4 217 0.8281711160313889 0.45978966991575265
transition 989 4 971 -0.7628813626012423 0.5402103300842472
transition 990 0 587 0.10182226372456604 0.15496773185404158
transition 990 0 481 -0.7124969025509131 0.8450322681459584
transition 990 1 901 -0.40066952600268424 0.23437085398591442
transition 990 1 656 0.7432320784801509 0.29364632852645495
transition 990 1 190 -0.18592968108449526 0.24708131478666345
transition 990 1 995 -0.7484336178379545 0.22490150270096715
transition 990 2 763 -0.8915306555561642 0.40000616677890105
transition 990 2 3 0.22671768535538028 0.599993833221099
transition 990 3 865 0.07886492159954228 0.23312507173970234
transition 990 3 135 -0.5118000783748882 0.3582683120733305
transition 990 3 711 0.4849679875518167 0.40860661618696725
transition 990 4 858 -0.6174567599480276 0.2565057482036944
transition 990 4 136 0.7301551112241551 0.36560691998586403
transition 990 4 657 -0.41408472934832696 0.16241616364790454
transition 990 4 738 -0.6942117052456691 0.21547116816253706
transition 991 0 335 0.6164100923115401 0.30040245159097867
transition 991 0 961 0.8657444377592811 0.21346568536126603
transition 991 0 199 0.3751691528923613 0.21372145480558996
transition 991 0 102 -0.23367456262051034 0.2724104082421652
transition 991 1 192 0.3154688860169179 1.0
transition 991 2 210 0.6350622086972735 1.0
transition 991 3 279 -0.7640012020083238 0.06346783426007954
transition 991 3 613 -0.08235471540044714 0.2035450718295282
transition 991 3 295 -0.4825572712964439 0.2573937144102023
transition 991 3 268 0.5851573492847899 0.3084215209014849
transition 991 3 745 -0.10192244042465015 0.16717185859870512
transition 991 4 552 0.6253632741170108 1.0
transition 992 0 570 0.546121056771556 0.26185287389773115
transition 992 0 946 0.18430807643349478 0.22117815255336087
transition 992 0 77 -0.7878398052593456 0.28437685264375867
transition 992 0 298 -0.35163705111205057 0.030199265951417496
transition 992 0 345 -0.6371998301405069 0.20239285495373183
transition 992 1 677 0.9153856917157439 0.32458117391085745
transition 992 1 530 -0.8296436291942737 0.6754188260891426
transition 992 2 328 -0.5327939711881826 0.2231359095932717
transition 992 2 952 0.8906070188010267 0.7768640904067283
transition 992 3 286 -0.1821429140832036 0.36650835659610903
transition 992 3 319 0.29034910434637573 0.2876965633604098
transition 992 3 114 0.28477041058307373 0.1965222544347649
transition 992 3 933 0.7199085885369843 0.1179022003056709
transition 992 3 989 0.6508864734943538 0.03137062530304538
transition 992 4 342 -0.8649775421367656 1.0
transition 993 0 628 -0.27701450920960635 0.41559201547275143
transition 993 0 672 0.8981433408325621 0.04767511136460314
transition 993 0 32 0.8934496085673633 0.23281560557525618
transition 993 0 241 -0.11510683781269693 0.1684741840378082
transition 993 0 207 -0.7988651258966131 0.13544308354958107
transition 993 1 34 -0.8022245275970441 1.0
transition 993 2 653 -0.22663915351831787 0.3889340443440958
transition 993 2 716 -0.8943100850164394 0.6110659556559043
transition 993 3 123 -0.4751823329189566 1.0
transition 993 4 21 0.7937345954555115 0.15231303842401694
transition 993 4 286 0.6997223063131215 0.17147930245489265
transition 993 4 382 -0.6232894514710305 0.3307592154425382
transition 993 4 584 0.14175069589808076 0.34544844367855215
transition 994 0 364 -0.3673469410299566 0.2510293589979897
transition 994 0 648 0.9637656941419548 0.5949430095032143
transition 994 0 721 -0.42763070005097426 0.15402763149879603
transition 994 1 105 -0.4139354128115542 0.10550450390495343
transition 994 1 106 -0.08892575763868416 0.13910893250299247
transition 994 1 896 0.7915337998248053 0.22502587593314294
transition 994 1 843 0.05777855990129721 0.39282766734528884
transition 994 1 990 -0.024687096567071132 0.13753302031362227
transition 994 2 916 0.04426651754078614 1.0
transition 994 3 715 0.4370902239760579 1.0
transition 994 4 276 0.43434871645756346 0.21875645165589525
transition 994 4 198 -0.40326594779418223 0.24824331981534153
transition 994 4 407 -0.5563339019398685 0.26672318732325845
transition 994 4 629 -0.35980442407629165 0.03841069021797065
transition 994 4 595 -0.7872538552426263 0.22786635098753413
transition 995 0 220 -0.7778684454694902 0.06982678525714259
transition 995 0 226 -0.36914878976291043 0.3463157977855071
transition 995 0 915 -0.17350584045923467 0.17000576456511338
transition 995 0 507 -0.09598217130438513 0.12177545624389181
transition 995 0 932 -0.022568042563819057 0.2920761961483452
transition 995 1 470 0.19257906074627695 0.28443677047147536
transition 995 1 642 -0.7418479088340333 0.2036707097843985
transition 995 1 4 -0.7623981520063565 0.2959608919587037
transition 995 1 558 0.34738235420080166 0.21593162778542252
transition 995 2 20 0.6628178323377552 0.3375963797773158
transition 995 2 800 -0.9075609410721701 0.3288984759102251
transition 995 2 989 -0.07868512396063343 0.006393769784219241
transition 995 2 676 -0.5016467406977823 0.09755273040217707
transition 995 2 925 -0.25969001048026463 0.22955864412606278
transition 995 3 54 0.2606054472814854 0.09253239703349624
transition 995 3 792 -0.7825289951534948 0.42737109443020865
transition 995 3 735 -0.3553351581854429 0.3971435292795622
transition 995 3 128 0.9368982455558648 0.05746456057299796
transition 995 3 39 0.4974936260160723 0.025488418683734852
transition 995 4 928 -0.25153019672713794 0.4875502274742086
transition 995 4 81 -0.23854544594325566 0.5124497725257914
transition 996 0 762 0.17210932639357246 0.41032277588133426
transition 996 0 593 0.8146761290349267 0.0904824235166158
transition 996 0 729 0.4476140608532544 0.07607245732250709
transition 996 0 446 0.3723384868440096 0.19196687694336012
transition 996 0 200 0.4590679558149964 0.23115546633618284
transition 996 1 307 0.9306017076786595 0.09627885418114782
transition 996 1 84 -0.9111602066667468 0.20216233224279687
transition 996 1 28 0.6285444498194619 0.16471151365748135
transition 996 1 245 -0.9626182392858935 0.2428345727285673
transition 996 1 757 0.5943704752151369 0.2940127271900067
transition 996 2 149 0.8794839086693018 0.0759079535017496
transition 996 2 50 0.48577606307292265 0.43908821219399385
transition 996 2 94 0.8255627307993585 0.3300885715521514
transition 996 2 996 0.3686288754391347 0.15491526275210507
transition 996 3 825 0.19725194989593575 0.3169964787857656
transition 996 3 494 -0.2225478995792367 0.30956612576306985
transition 996 3 453 0.7453770288931238 0.22785841223006242
transition 996 3 842 0.7439674614555789 0.14557898322110216
transition 996 4 643 0.9565217173644245 1.0
transition 997 0 179 -0.24929498601951838 0.281943189597907
transition 997 0 489 0.7082062444047201 0.15679740263907077
transition 997 0 655 0.2303091909082895 0.36890237079702004
transition 997 0 934 -0.6907568971993696 0.1923570369660022
transition 997 1 169 0.5429783791039089 0.33416012844318643
transition 997 1 122 0.8886723933981311 0.16547039330562605
transition 997 1 605 -0.07402566830323654 0.3298509359977168
transition 997 1 884 0.8425975502337288 0.0873484253992075
transition 997 1 943 -0.7685667110919392 0.08317011685426322
transition 997 2 702 -0.6979015832609654 0.29056541014040005
transition 997 2 798 0.5804166685940484 0.18329255995692273
transition 997 2 551 -0.7537310650574003 0.5261420299026772
transition 997 3 446 -0.13787418541448093 0.22640018290394381
transition 997 3 492 -0.9798007717045025 0.33755661253741714
transition 997 3 318 -0.385268549129391 0.06204523124277565
transition 997 3 637 0.9652366282234952 0.31653882400664235
transition 997 3 641 0.8559696010009326 0.05745914930922109
transition 997 4 919 0.8698929275065177 0.2829383992794346
transition 997 4 476 -0.11004442517423008 0.20051513938363066
transition 997 4 20 -0.1363913476120271 0.15863470963534243
transition 997 4 536 0.2569745831709913 0.3381203463155998
transition 997 4 135 0.943103589521636 0.019791405385992528
transition 998 0 500 -0.2978284163477469 0.08281271470841321
transition 998 0 31 0.33546796454994987 0.35644349110937196
transition 998 0 137 -0.4849386110042031 0.07390910215737014
transition 998 0 681 0.94217629245077 0.48683469202484464
transition 998 1 577 0.47362564115736316 0.22115295603897323
transition 998 1 263 -0.35700100793709466 0.7788470439610267
transition 998 2 364 0.9252668670669923 0.3363807166078932
transition 998 2 597 0.6493389720019331 0.35532544014144685
transition 998 2 279 -0.5222983374161478 0.30829384325066
transition 998 3 266 -0.10841819085991178 0.09279730841911502
transition 998 3 672 0.7535543644686296 0.33868999713917824
transition 998 3 779 -0.12352097181366739 0.5685126944417067
transition 998 4 644 0.2451014366552593 1.0
transition 999 0 441 -0.5223640507591545 0.04269466704687118
transition 999 0 85 -0.37036036811367 0.5019919496025786
transition 999 0 283 0.433940078527685 0.10046033093012592
transition 999 0 499 -0.13037725347445894 0.3548530524204243
transition 999 1 627 -0.15378133367196667 0.3575663974883268
transition 999 1 1 -0.6912890081230902 0.6424336025116731
transition 999 2 875 -0.1679238932089857 0.1893952481481088
transition 999 2 116 -0.03456788198625649 0.2692431312392792
transition 999 2 947 -0.43071992071084453 0.20114639126081602
transition 999 2 944 -0.3339874420309097 0.014744370026041806
transition 999 2 826 0.2898312873653961 0.32547085932575415
transition 999 3 767 0.15394093836829037 0.44785182483576724
transition 999 3 463 0.28174929519314706 0.18868703720326
transition 999 3 723 0.9852731481054222 0.36346113796097285
transition 999 4 814 -0.6751915206906243 0.7393078915650634
transition 999 4 92 0.35502013971215307 0.21117705718064042
transition 999 4 426 0.6711675909126267 0.04951505125429615
mdptype continuing
discount  0.6
