numStates 1000
numActions 3
end 84 661 857 489 969 177 541 0 380 996 384 583 237 67 391 410 100 44 121 785 216 101 421 50 627 28 567 522 68 797 922 198 788 193 27 725 233 804 962 800 654 407 943 471 362 532 934 31 609 113 559 202 213 124 249 620 33 118 803 139 565 992 376 88 600 783 284 453 832 591 180 906
transition 1 0 351 -0.34062674728762277 0.07208872458410351
transition 1 0 313 0.09740169642230123 0.355637707948244
transition 1 0 966 0.5898769721588455 0.07171903881700555
transition 1 0 742 -0.8633080333141052 0.053974121996303144
transition 1 0 169 0.489491775009413 0.4465804066543438
transition 1 1 934 0.8362261846949295 0.2288708586883029
transition 1 1 303 -0.45991446031228644 0.3356997971602434
transition 1 1 309 0.9838169861718122 0.222447599729547
transition 1 1 169 -0.7271582668333094 0.2129817444219067
transition 1 2 84 -0.5553712303773626 0.3436293436293436
transition 1 2 848 0.5078400560228951 0.38481338481338484
transition 1 2 169 0.6727474382535132 0.27155727155727155
transition 2 0 897 -0.7146930059666596 0.5799475753604194
transition 2 0 91 0.07251787210682359 0.01834862385321101
transition 2 0 543 0.7121029350071519 0.4017038007863696
transition 2 1 950 0.7842818465604391 0.3645933014354067
transition 2 1 434 0.49619797695214984 0.029186602870813396
transition 2 1 190 -0.5269051198401182 0.06028708133971292
transition 2 1 940 -0.4557731772372762 0.07511961722488038
transition 2 1 543 0.3336508274311092 0.47081339712918663
transition 2 2 475 -0.968082349787794 0.20126282557221783
transition 2 2 287 -0.7841820740877625 0.22757169166008945
transition 2 2 986 0.6790245864611204 0.10997106024730334
transition 2 2 543 0.44898267322825114 0.4611944225203894
transition 3 0 93 0.4773703647896075 0.24646226415094338
transition 3 0 321 -0.3312769715239363 0.2847877358490566
transition 3 0 259 -0.18026829719954662 0.10790094339622641
transition 3 0 495 0.7498692640892921 0.3608490566037736
transition 3 1 8 0.013601796992625204 0.7113924050632912
transition 3 1 495 0.8216895122473427 0.28860759493670884
transition 3 2 642 0.568879206953552 0.19089026915113871
transition 3 2 88 0.7016914394969791 0.16770186335403728
transition 3 2 454 0.013756736450104112 0.048654244306418216
transition 3 2 615 0.42240627038828116 0.14451345755693581
transition 3 2 495 0.973704094844833 0.44824016563146996
transition 4 0 257 -0.6880179575543908 1.0
transition 4 1 867 0.20078449503381735 0.20493712156497437
transition 4 1 121 0.8110218196593435 0.061946902654867256
transition 4 1 864 -0.4638540862788896 0.31020027945971124
transition 4 1 441 -0.9428564389781338 0.2431299487657196
transition 4 1 257 0.3278336759590683 0.17978574755472754
transition 4 2 341 -0.849902725070022 0.21242045205178844
transition 4 2 899 -0.4902882646277844 0.21790651744568795
transition 4 2 333 -0.47838916563658906 0.1966205837173579
transition 4 2 306 0.7888997184402229 0.01228878648233487
transition 4 2 257 -0.36180271420811216 0.3607636603028308
transition 5 0 86 -0.6328417689143533 0.11171341032288475
transition 5 0 929 0.20404292264792945 0.19750176761725194
transition 5 0 325 -0.44539630392977947 0.03676643884044308
transition 5 0 731 0.2770493225723196 0.17558331369314165
transition 5 0 885 -0.4498826247847598 0.47843506952627857
transition 5 1 301 -0.2399569155793555 0.013196480938416423
transition 5 1 878 -0.5667881110453465 0.7030791788856305
transition 5 1 885 -0.17197281986080792 0.2837243401759531
transition 5 2 407 0.5971399590882256 0.3061809250920999
transition 5 2 828 0.6261668424791016 0.23577568563241916
transition 5 2 885 0.9296730961265047 0.45804338927548094
transition 6 0 408 -0.09576531506897434 0.003786086133459536
transition 6 0 599 0.7732076639030316 0.011358258400378608
transition 6 0 690 0.09586709452059705 0.351159488878372
transition 6 0 253 0.3828039758066599 0.39280643634642687
transition 6 0 331 0.046250220987171575 0.24088973024136298
transition 6 1 403 0.6451332014226301 0.33472803347280333
transition 6 1 572 0.17355187192833865 0.44490934449093444
transition 6 1 331 -0.650208159616791 0.2203626220362622
transition 6 2 30 -0.012156587411944475 0.3113207547169811
transition 6 2 356 0.5584488031257158 0.42730299667036625
transition 6 2 331 -0.2895587772237278 0.26137624861265263
transition 7 0 500 0.1638100400567768 0.5289719626168224
transition 7 0 807 0.22390331672933517 0.0691588785046729
transition 7 0 650 0.9090301017888558 0.19501557632398753
transition 7 0 907 -0.4621155349987216 0.20685358255451713
transition 7 1 83 0.9086520604815655 0.744060475161987
transition 7 1 907 -0.6730940431529244 0.25593952483801297
transition 7 2 527 -0.4868619351173262 0.3012692050768203
transition 7 2 880 0.664705597419367 0.2999331997327989
transition 7 2 569 -0.8062936508179219 0.22511690046760188
transition 7 2 907 0.8266998637375436 0.1736806947227789
transition 8 0 489 -0.9926763149349842 0.6337760910815939
transition 8 0 70 -0.28420669205022464 0.36622390891840606
transition 8 1 946 -0.20070828156504028 0.1891891891891892
transition 8 1 760 0.646397373014711 0.3576254826254826
transition 8 1 70 0.7567132795422926 0.4531853281853282
transition 8 2 89 0.46860057075813644 0.10084033613445378
transition 8 2 287 0.357699693296629 0.20702826585179526
transition 8 2 988 0.6159655511267121 0.20932009167303284
transition 8 2 70 -0.008581736384683847 0.4828113063407181
transition 9 0 534 0.8213191801650404 0.679144385026738
transition 9 0 425 0.08694495532392965 0.32085561497326204
transition 9 1 764 -0.18858722989216137 0.6533575317604355
transition 9 1 425 0.7767348428861363 0.3466424682395644
transition 9 2 425 -0.1894752511382416 1.0
transition 10 0 709 0.5649084511050269 0.1686626746506986
transition 10 0 333 0.18959049786133608 0.3093812375249501
transition 10 0 124 0.4220975258292605 0.1656686626746507
transition 10 0 160 -0.5392783938231893 0.3562874251497006
transition 10 1 160 -0.6259839419437037 1.0
transition 10 2 260 -0.24440983716572107 0.2615327380952381
transition 10 2 151 -0.26213807841686587 0.11197916666666667
transition 10 2 101 -0.6153409028902073 0.3013392857142857
transition 10 2 160 0.1599252071450039 0.32514880952380953
transition 11 0 345 0.7929596143442652 0.5392456676860347
transition 11 0 261 -0.8715987841813173 0.46075433231396534
transition 11 1 219 0.9427668417059483 0.26264880952380953
transition 11 1 728 0.15821110124705862 0.14732142857142858
transition 11 1 636 -0.635715375301263 0.2034970238095238
transition 11 1 261 0.41195776252646055 0.3865327380952381
transition 11 2 769 0.2693996576300479 0.16439049064238745
transition 11 2 438 -0.34525288485700023 0.38492665655032876
transition 11 2 261 -0.4210199814104507 0.45068285280728376
transition 12 0 474 -0.8345408417475981 0.16853121616744857
transition 12 0 782 0.021777346904313655 0.028870443883074703
transition 12 0 41 -0.051712429419423334 0.3280404186214363
transition 12 0 97 0.06256214441825025 0.177192349332371
transition 12 0 568 -0.47376354446025726 0.29736557199566943
transition 12 1 456 -0.774696136036495 0.13032581453634084
transition 12 1 124 0.9232870721818294 0.5551378446115288
transition 12 1 568 -0.9831658918758404 0.31453634085213034
transition 12 2 336 0.42324580621355246 0.6120218579234973
transition 12 2 568 -0.059878258925836425 0.3879781420765027
transition 13 0 731 -0.01747806117668671 0.1570335180786487
transition 13 0 690 -0.44561282456171125 0.18527315914489312
transition 13 0 67 -0.8211940145013708 0.14357350224333598
transition 13 0 415 0.07931038274938951 0.07257851675903933
transition 13 0 61 -0.3647684793389667 0.44154130377408285
transition 13 1 999 0.6899009543442274 0.22570194384449244
transition 13 1 374 -0.6236157625299255 0.23650107991360692
transition 13 1 548 -0.3567725501547254 0.17494600431965443
transition 13 1 61 -0.17811293307348164 0.36285097192224625
transition 13 2 436 0.40429516861100323 0.4352694191742477
transition 13 2 83 0.3609635182886952 0.2624212736179146
transition 13 2 61 -0.7115334252003451 0.30230930720783766
transition 14 0 604 -0.8025103755215495 0.25809128630705397
transition 14 0 988 0.7162174535377528 0.4074688796680498
transition 14 0 327 -0.6118857907990576 0.12697095435684647
transition 14 0 433 0.1596684051262791 0.2074688796680498
transition 14 1 58 0.39831124883625546 0.000741839762611276
transition 14 1 97 0.8479499063123552 0.019287833827893175
transition 14 1 375 0.14903110712801038 0.6387240356083086
transition 14 1 81 0.39452377601960587 0.12833827893175073
transition 14 1 433 0.38361503808316666 0.2129080118694362
transition 14 2 42 0.9443761700986573 0.31788472964943554
transition 14 2 313 -0.4329893134254963 0.3553178847296494
transition 14 2 433 -0.9085948681313194 0.32679738562091504
transition 15 0 994 -0.8127118379288658 0.3709106984969054
transition 15 0 318 0.8245740670613027 0.17329796640141468
transition 15 0 815 -0.8596915420523588 0.041998231653404064
transition 15 0 581 -0.5047665302856941 0.41379310344827586
transition 15 1 304 -0.34893827127846855 0.5167464114832536
transition 15 1 581 -0.4524705679789547 0.48325358851674644
transition 15 2 152 -0.3387920233673052 0.21635247698377905
transition 15 2 659 0.30629525202275687 0.05830775975449364
transition 15 2 283 -0.5644843814827489 0.20078912757562473
transition 15 2 806 0.08511313194763925 0.045374835598421745
transition 15 2 581 0.8829788210018339 0.47917580008768085
transition 16 0 987 0.11093015620906921 0.5485584218512898
transition 16 0 813 -0.40239638846784076 0.45144157814871017
transition 16 1 334 0.7630188602382362 0.28914348063284234
transition 16 1 352 -0.007365211273413053 0.19749045280960176
transition 16 1 119 -0.7509657004838375 0.2198581560283688
transition 16 1 813 -0.47127574812092177 0.2935079105291871
transition 16 2 83 -0.9360313247940084 0.2680652680652681
transition 16 2 651 -0.0480257150830774 0.013053613053613054
transition 16 2 803 0.15617227969905567 0.2564102564102564
transition 16 2 813 -0.41367974304563115 0.4624708624708625
transition 17 0 284 0.08273357426635153 0.2448713774014979
transition 17 0 107 -0.0054072536426126305 0.131227613155324
transition 17 0 997 -0.23859203952756847 0.29306414848583523
transition 17 0 80 -0.6981470487630859 0.3308368609573429
transition 17 1 909 0.035179179086682666 0.6793478260869565
transition 17 1 80 0.3713595059968824 0.32065217391304346
transition 17 2 425 -0.6674533276304959 0.672566371681416
transition 17 2 80 0.6564516557586406 0.3274336283185841
transition 18 0 673 0.6231339170164159 0.40363007778738114
transition 18 0 30 -0.10867843470427796 0.08167675021607605
transition 18 0 558 -0.5239853764854339 0.23120138288677614
transition 18 0 750 0.8828638991179005 0.28349178910976663
transition 18 1 854 -0.19115020067624622 0.23112745098039217
transition 18 1 33 0.7154408828962162 0.10661764705882353
transition 18 1 934 0.38307920256433103 0.15220588235294116
transition 18 1 212 -0.9927968884219509 0.10098039215686275
transition 18 1 750 0.3309450594266212 0.4090686274509804
transition 18 2 750 0.6836976747750418 1.0
transition 19 0 747 0.9525924642138828 0.13024793388429753
transition 19 0 12 0.5945452465025065 0.16826446280991736
transition 19 0 164 -0.6553432668395254 0.11239669421487604
transition 19 0 852 -0.28804421365414656 0.23900826446280993
transition 19 0 990 0.5716798986256624 0.3500826446280992
transition 19 1 765 -0.2956049284678268 0.22431865828092243
transition 19 1 330 0.6611722824234978 0.0010482180293501049
transition 19 1 261 0.5915818823372223 0.27148846960167716
transition 19 1 857 -0.30599540445073115 0.13556953179594688
transition 19 1 990 0.6039711567932231 0.36757512229210343
transition 19 2 435 -0.8818132599655117 0.5251396648044693
transition 19 2 990 0.8518781656408976 0.4748603351955307
transition 20 0 631 0.8366485762935041 0.6681034482758621
transition 20 0 672 -0.5009733104346645 0.008620689655172414
transition 20 0 177 0.14865318497776459 0.14224137931034483
transition 20 0 122 0.5225859497597938 0.1810344827586207
transition 20 1 55 0.08356288901130138 0.10237797246558197
transition 20 1 856 0.5330995392298954 0.19148936170212766
transition 20 1 389 0.37589221931904904 0.22177722152690862
transition 20 1 122 0.636458214336689 0.48435544430538174
transition 20 2 122 -0.6917262498813566 1.0
transition 21 0 431 -0.3041572660391374 0.56797583081571
transition 21 0 161 -0.553814863306554 0.43202416918429004
transition 21 1 841 -0.9022666685141236 0.23149078726968175
transition 21 1 520 -0.7609894159060149 0.2629815745393635
transition 21 1 267 -0.8441380708103003 0.18425460636515914
transition 21 1 161 -0.009416372043280052 0.32127303182579564
transition 21 2 81 -0.9930570489623027 0.7464788732394366
transition 21 2 161 -0.6013490390207943 0.2535211267605634
transition 22 0 982 -0.4622655707296135 0.0554570777412003
transition 22 0 83 0.28380890460473585 0.1461129399848063
transition 22 0 611 0.5484913543503249 0.14737908331223096
transition 22 0 137 0.7395537256870595 0.16130665991390225
transition 22 0 571 -0.47371962145755475 0.48974423904786024
transition 22 1 374 -0.8145408170138426 0.5042328042328043
transition 22 1 415 -0.825073132941545 0.009523809523809525
transition 22 1 571 -0.9366205379560173 0.48624338624338626
transition 22 2 399 -0.927813727168942 0.3910645339216768
transition 22 2 934 0.5666208087959588 0.33866519580805293
transition 22 2 571 -0.10893374191038152 0.2702702702702703
transition 23 0 972 -0.2689986693858961 0.3715942028985507
transition 23 0 163 0.5807794688914676 0.19304347826086957
transition 23 0 123 -0.04353224673276035 0.4353623188405797
transition 23 1 842 -0.18527240773431108 0.3669724770642202
transition 23 1 361 -0.242341528825758 0.26605504587155965
transition 23 1 123 -0.29856849590354195 0.3669724770642202
transition 23 2 123 -0.4562745988845067 1.0
transition 24 0 400 -0.21537801686056168 1.0
transition 24 1 747 -0.8992718585446389 0.5933420365535248
transition 24 1 400 0.0693945250339647 0.4066579634464752
transition 24 2 794 0.8062939861842344 0.5661157024793388
transition 24 2 400 0.29405431774624957 0.43388429752066116
transition 25 0 382 -0.724325689120286 1.0
transition 25 1 383 0.27649596933732035 0.5506493506493506
transition 25 1 382 0.6448015034952799 0.44935064935064933
transition 25 2 382 -0.7729364626742106 1.0
transition 26 0 92 0.33378869645020615 0.06385696040868455
transition 26 0 859 0.16985836576652402 0.45146871008939976
transition 26 0 38 -0.9354539017221972 0.19029374201787994
transition 26 0 655 0.7172125337185178 0.2943805874840358
transition 26 1 655 0.22953619280936932 1.0
transition 26 2 418 0.2598304412342134 0.26925355450236965
transition 26 2 407 -0.5199418954507191 0.24259478672985782
transition 26 2 817 0.9077515800379619 0.10337677725118484
transition 26 2 30 0.6309693148375655 0.10930094786729858
transition 26 2 655 0.962431573855679 0.2754739336492891
transition 29 0 974 -0.9735483337422461 1.0
transition 29 1 321 -0.7617427862952211 0.3761510128913444
transition 29 1 721 0.2008063981337691 0.2978821362799263
transition 29 1 974 0.2968810579365093 0.3259668508287293
transition 29 2 403 -0.2996965616168006 0.22409033877038895
transition 29 2 160 0.39960969117687317 0.23814303638644918
transition 29 2 667 0.9912843251072079 0.07327478042659975
transition 29 2 721 -0.9122062640241311 0.15984943538268506
transition 29 2 974 -0.5605011298561 0.304642409033877
transition 30 0 210 -0.10363786853541268 0.17806707855251544
transition 30 0 581 0.432251489607145 0.21954986760812004
transition 30 0 825 0.9222064175639206 0.20631067961165048
transition 30 0 334 -0.7207674654014424 0.02559576345984113
transition 30 0 578 -0.35234552806741637 0.3704766107678729
transition 30 1 239 -0.015055299524657562 0.6111908177905309
transition 30 1 578 -0.9101343265761741 0.38880918220946914
transition 30 2 951 -0.9958000224667822 0.16866387058118634
transition 30 2 889 0.3524999428497566 0.26752546434991015
transition 30 2 819 -0.30109025426983194 0.2537447573397244
transition 30 2 773 0.8558827289472262 0.09227082085080887
transition 30 2 578 -0.6214925003986111 0.2177950868783703
transition 32 0 86 -0.3169783089612468 0.5900383141762452
transition 32 0 577 -0.981044853139412 0.4099616858237548
transition 32 1 449 0.5976735546577798 0.2728110599078341
transition 32 1 578 -0.06993307927482695 0.2769585253456221
transition 32 1 577 -0.2844019141698546 0.4502304147465438
transition 32 2 789 -0.9347159983685225 0.16420064958498737
transition 32 2 369 0.5048031831523441 0.316131360519668
transition 32 2 736 0.6294167791179408 0.04474918801876579
transition 32 2 577 0.27524174826741277 0.47491880187657887
transition 34 0 236 0.799773396790807 0.6628175519630485
transition 34 0 653 0.1264100793549745 0.3371824480369515
transition 34 1 582 -0.9948327958148748 0.5228758169934641
transition 34 1 653 0.4862463162446571 0.477124183006536
transition 34 2 653 -0.9112382837787596 1.0
transition 35 0 359 -0.39214488158139815 1.0
transition 35 1 134 -0.7283239726518251 0.26812585499316005
transition 35 1 137 0.1154584082885366 0.2818057455540356
transition 35 1 359 0.6206067277858742 0.45006839945280436
transition 35 2 789 -0.2294092159420802 0.1139764406240051
transition 35 2 709 0.30579570699118985 0.2702960840496657
transition 35 2 88 -0.08200777429462458 0.12289079910856415
transition 35 2 359 -0.4207721814658223 0.49283667621776506
transition 36 0 356 0.9634363220694382 0.09865005192107996
transition 36 0 383 -0.17437237442125886 0.4714434060228453
transition 36 0 532 -0.35743109670707507 0.012461059190031152
transition 36 0 529 0.7331525540394339 0.4174454828660436
transition 36 1 529 0.305219863620354 1.0
transition 36 2 678 -0.20116514193266588 0.41030534351145037
transition 36 2 326 -0.21818564046575184 0.3387404580152672
transition 36 2 529 -0.30201225331488657 0.25095419847328243
transition 37 0 206 -0.8155734541439033 1.0
transition 37 1 459 -0.7944522200727575 0.22476016445865693
transition 37 1 113 0.39019177143616535 0.14344449520328917
transition 37 1 394 0.2739658200552435 0.17313841936957514
transition 37 1 206 -0.27300009893191146 0.45865692096847877
transition 37 2 923 -0.00040952780409164724 0.5501066098081023
transition 37 2 206 -0.5304923563259598 0.44989339019189767
transition 38 0 367 -0.705113600613172 0.30416312659303313
transition 38 0 403 -0.24140803544642342 0.04800339847068819
transition 38 0 323 -0.3680971640430515 0.2145284621920136
transition 38 0 448 -0.9174222396185743 0.17204757858963465
transition 38 0 758 -0.7448561551042951 0.26125743415463043
transition 38 1 860 0.9234335520360981 0.1108891108891109
transition 38 1 70 -0.28362051006007016 0.22577422577422576
transition 38 1 350 -0.04826406553088547 0.09956709956709957
transition 38 1 338 0.23730767510911988 0.09956709956709957
transition 38 1 758 0.2721732372233532 0.4642024642024642
transition 38 2 97 -0.9996633632097975 0.4826233183856502
transition 38 2 770 0.3602862908830171 0.3475336322869955
transition 38 2 758 -0.9202238077058427 0.16984304932735425
transition 39 0 630 0.608624685596763 0.03361344537815126
transition 39 0 267 -0.2798822645917778 0.2334933973589436
transition 39 0 877 0.43510969747234673 0.19117647058823528
transition 39 0 844 -0.5001528767448795 0.18307322929171668
transition 39 0 984 -0.23704725821708394 0.35864345738295317
transition 39 1 984 -0.6775482473124264 1.0
transition 39 2 141 0.5438217522646305 0.19444444444444445
transition 39 2 39 0.24752948971875566 0.06381381381381382
transition 39 2 646 -0.010022174393949701 0.17605105105105104
transition 39 2 848 0.4233035935537568 0.1554054054054054
transition 39 2 984 -0.9151235955870825 0.4102852852852853
transition 40 0 748 0.3695696999100426 1.0
transition 40 1 748 0.6263788522353395 1.0
transition 40 2 116 0.20929343969738512 0.5049813200498132
transition 40 2 748 0.1600184395006694 0.4950186799501868
transition 41 0 463 -0.5935949504572573 1.0
transition 41 1 8 0.392490021787399 0.5384615384615384
transition 41 1 463 -0.06838412994639542 0.46153846153846156
transition 41 2 764 0.890113887178497 0.13738117141980988
transition 41 2 824 0.6237246668889815 0.14244096902790554
transition 41 2 511 0.9300747636734903 0.13140141061024227
transition 41 2 792 0.8262886524858615 0.10226924256363079
transition 41 2 463 -0.7273469976603226 0.48650720637841155
transition 42 0 816 0.9294342494682453 1.0
transition 42 1 571 0.4311903471059273 0.22627066748315983
transition 42 1 594 -0.7645272492421844 0.29179424372320883
transition 42 1 816 0.1037421012097548 0.48193508879363134
transition 42 2 816 -0.7935847372989482 1.0
transition 43 0 484 -0.9555836086251481 1.0
transition 43 1 484 0.3392920825968766 1.0
transition 43 2 484 -0.7143590931166641 1.0
transition 45 0 440 -0.3152993795461392 0.11469838572642312
transition 45 0 713 -0.8887850096207568 0.324553950722175
transition 45 0 860 0.5791508439668158 0.06457094307561598
transition 45 0 233 -0.7470840088796176 0.18946474086661003
transition 45 0 904 -0.15342485142293727 0.30671197960917584
transition 45 1 904 0.9780736759691366 1.0
transition 45 2 904 0.5638216105418963 1.0
transition 46 0 154 0.8301844371300273 0.2965722801788376
transition 46 0 668 -0.9138415226233227 0.08792846497764531
transition 46 0 904 -0.12507989108873296 0.18628912071535023
transition 46 0 99 0.8484993238778382 0.42921013412816694
transition 46 1 979 0.12880611939210107 0.3564102564102564
transition 46 1 201 0.24459834256264967 0.09871794871794871
transition 46 1 672 0.4234409082627173 0.2811965811965812
transition 46 1 99 0.6107353420503914 0.2636752136752137
transition 46 2 975 -0.5269390303931827 0.20066889632107024
transition 46 2 116 0.11276460277392242 0.632943143812709
transition 46 2 99 -0.4194370264026275 0.16638795986622074
transition 47 0 449 -0.37079964929376663 0.27927927927927926
transition 47 0 806 0.30390264760662844 0.40124740124740127
transition 47 0 612 -0.5070111975131795 0.3194733194733195
transition 47 1 437 -0.8202368561141717 0.2904632152588556
transition 47 1 495 0.5087723763904526 0.41798365122615805
transition 47 1 612 0.9502668150481139 0.29155313351498635
transition 47 2 990 -0.511985101636178 0.041936878512753996
transition 47 2 339 0.5991545122891531 0.3718115002161695
transition 47 2 333 -0.6297105525648035 0.17423259835711197
transition 47 2 612 0.3282051618098907 0.4120190229139645
transition 48 0 126 -0.53640303389349 1.0
transition 48 1 90 0.5026302128828857 0.6761619190404797
transition 48 1 126 0.2639957009422138 0.3238380809595202
transition 48 2 614 -0.4534268648197366 0.33893985728848114
transition 48 2 320 0.13611273342512842 0.15749235474006115
transition 48 2 893 -0.7721407093100852 0.2145769622833843
transition 48 2 126 -0.01976920681603489 0.2889908256880734
transition 49 0 949 -0.737780296156733 0.263807120829829
transition 49 0 228 -0.3771669364748318 0.13877207737594618
transition 49 0 873 -0.6287431310368545 0.19904681805438745
transition 49 0 163 -0.6091461675752106 0.0496215306980656
transition 49 0 243 -0.9870029002081107 0.34875245304177177
transition 49 1 808 -0.83799526378313 0.29063444108761327
transition 49 1 827 0.6327186430082277 0.1622356495468278
transition 49 1 838 0.00693408170009735 0.07643504531722055
transition 49 1 243 0.7186503442427956 0.4706948640483384
transition 49 2 659 0.19050380139578937 0.22104332449160036
transition 49 2 85 -0.4154617010197261 0.1328470380194518
transition 49 2 868 0.1572145517469925 0.14832007073386383
transition 49 2 243 0.7342062462171286 0.497789566755084
transition 51 0 514 0.11362489583814295 0.012842465753424657
transition 51 0 616 -0.23152122062191904 0.1267123287671233
transition 51 0 696 0.4991175210962562 0.3570205479452055
transition 51 0 162 -0.25547814101310684 0.2148972602739726
transition 51 0 520 0.5549456655335478 0.288527397260274
transition 51 1 265 0.5055446333302616 0.33384694401643555
transition 51 1 983 0.05864649535678734 0.23369286081150487
transition 51 1 520 0.6445955942710067 0.4324601951720596
transition 51 2 532 -0.01454877023765655 0.0770512286547272
transition 51 2 19 -0.7540474109243946 0.2886297376093295
transition 51 2 217 -0.9036701888484671 0.39192003331945025
transition 51 2 520 0.5742189686386638 0.24239900041649312
transition 52 0 351 0.8947214808492188 0.203579418344519
transition 52 0 824 -0.548924057788498 0.09917971662938106
transition 52 0 102 -0.5359505561088447 0.2751677852348993
transition 52 0 564 0.4794042378277412 0.05219985085756898
transition 52 0 244 -0.3209125829617612 0.3698732289336316
transition 52 1 494 -0.9743327639425161 0.3242258652094718
transition 52 1 548 -0.6973822561222169 0.31633272616879177
transition 52 1 244 -0.6347403884045788 0.3594414086217365
transition 52 2 945 0.22748258743753835 0.2828802351212344
transition 52 2 580 0.6745913391896214 0.11278471711976489
transition 52 2 209 0.2635428731582963 0.2814107274063189
transition 52 2 244 0.1720498323177766 0.32292432035268187
transition 53 0 518 -0.5289243115467339 0.5519083969465649
transition 53 0 290 -0.7978526668147634 0.4480916030534351
transition 53 1 490 -0.6632337265121631 0.35018050541516244
transition 53 1 159 0.5237555149914206 0.15568592057761732
transition 53 1 290 -0.3160829602354691 0.49413357400722024
transition 53 2 191 0.7750095362547136 0.7276119402985075
transition 53 2 290 -0.9597802176603707 0.27238805970149255
transition 54 0 943 0.9551270569652062 0.09161793372319688
transition 54 0 34 0.581664948812596 0.05847953216374269
transition 54 0 735 -0.7282730395156913 0.5074723846653671
transition 54 0 570 -0.006960386828385623 0.3424301494476933
transition 54 1 339 -0.1311488013482156 0.01806083650190114
transition 54 1 96 0.055381530735940654 0.5123574144486692
transition 54 1 570 -0.5770971325804575 0.4695817490494297
transition 54 2 570 -0.8899750552816903 1.0
transition 55 0 712 -0.3647065787003132 0.3598130841121495
transition 55 0 431 -0.4748297022587604 0.019158878504672898
transition 55 0 997 0.8198257358278986 0.2060747663551402
transition 55 0 221 -0.05573769407596951 0.41495327102803736
transition 55 1 785 0.0067073617823705245 0.6706377014716188
transition 55 1 221 0.2756029173993657 0.3293622985283812
transition 55 2 37 -0.3142221303853123 0.346690518783542
transition 55 2 212 0.1443813115025896 0.08729874776386404
transition 55 2 549 -0.7929296878974628 0.2826475849731664
transition 55 2 221 -0.30554180462922 0.28336314847942756
transition 56 0 206 0.8482037245106941 0.4858569051580699
transition 56 0 331 -0.48500211695003204 0.1913477537437604
transition 56 0 885 -0.8718082931880862 0.08153078202995008
transition 56 0 782 0.5569948642619209 0.24126455906821964
transition 56 1 782 0.21469996086708543 1.0
transition 56 2 801 -0.09363996465911462 0.027672955974842768
transition 56 2 635 0.949012047692966 0.013207547169811321
transition 56 2 503 -0.8264346524258084 0.5981132075471698
transition 56 2 782 0.5914206039141889 0.3610062893081761
transition 57 0 496 -0.9064507880755088 0.05649717514124294
transition 57 0 697 -0.3946607098903445 0.6468926553672316
transition 57 0 227 -0.3225312473433424 0.007532956685499058
transition 57 0 844 0.8146593835936828 0.2890772128060264
transition 57 1 854 0.12804046763365817 0.37210216110019645
transition 57 1 126 -0.8883167813141701 0.26090373280943024
transition 57 1 844 -0.005921848326605472 0.3669941060903733
transition 57 2 844 -0.5059002074366961 1.0
transition 58 0 929 0.3108275806710825 0.08111050626020685
transition 58 0 574 -0.17409466826987652 0.4589003810560697
transition 58 0 66 0.8912255339807214 0.45998911268372344
transition 58 1 66 0.9900578401460243 1.0
transition 58 2 977 -0.14645010527417535 0.6538461538461539
transition 58 2 380 0.8529248456560687 0.037545787545787544
transition 58 2 890 0.20462800197308506 0.029304029304029304
transition 58 2 66 -0.5143504863185686 0.2793040293040293
transition 59 0 871 0.13018171892351948 1.0
transition 59 1 775 0.14443576121747914 0.09143222506393862
transition 59 1 816 0.41857976937540275 0.5287723785166241
transition 59 1 622 0.5541398905936372 0.12404092071611253
transition 59 1 574 0.5094109016816499 0.02557544757033248
transition 59 1 871 -0.15415136731657242 0.23017902813299232
transition 59 2 864 0.23806179893698665 0.16111968260965395
transition 59 2 762 -0.16836263570827326 0.16662993167291162
transition 59 2 58 -0.7204437277022786 0.19219748732642716
transition 59 2 871 0.7024629112924421 0.4800528983910073
transition 60 0 990 0.06972454587253085 0.33211944646758923
transition 60 0 253 -0.6184693000953658 0.12381646030589949
transition 60 0 470 0.4273746706383459 0.0721048798252003
transition 60 0 806 -0.9859572726506303 0.471959213401311
transition 60 1 806 -0.7293230884159518 1.0
transition 60 2 583 0.8901721106324432 0.19693877551020408
transition 60 2 725 -0.7829823342342426 0.6336734693877552
transition 60 2 806 0.689058458887543 0.16938775510204082
transition 61 0 385 0.3122435610769969 0.5437262357414449
transition 61 0 127 0.9887912875667095 0.45627376425855515
transition 61 1 417 -0.6538805963337977 0.27815063385533184
transition 61 1 773 -0.3150238364670144 0.0790454884414616
transition 61 1 149 -0.30287689535551787 0.2677106636838181
transition 61 1 127 0.7425563312718493 0.3750932140193885
transition 61 2 127 0.04726889703657022 1.0
transition 62 0 709 -0.870927393190353 1.0
transition 62 1 616 0.3330249946313313 0.32341723874904654
transition 62 1 296 -0.9578965540318125 0.17429443173150266
transition 62 1 558 0.09400623497373806 0.13119755911517925
transition 62 1 709 0.41798835196646156 0.3710907704042716
transition 62 2 954 -0.024492114843134294 0.07479224376731301
transition 62 2 729 -0.3879927532187917 0.19321329639889195
transition 62 2 832 -0.1713470103222574 0.16481994459833796
transition 62 2 628 0.2807801100010274 0.17797783933518005
transition 62 2 709 -0.5354961962164817 0.389196675900277
transition 63 0 256 -0.09418898455995617 1.0
transition 63 1 774 0.23569614866085953 0.2107563025210084
transition 63 1 105 -0.6217222860974436 0.3122689075630252
transition 63 1 256 -0.7466761052806004 0.47697478991596637
transition 63 2 356 -0.6137331707309619 0.36766712141882674
transition 63 2 967 -0.22021171084941438 0.21759890859481582
transition 63 2 256 0.562067495497113 0.4147339699863574
transition 64 0 127 -0.5522600030691311 0.4079822616407982
transition 64 0 142 0.7966123884693088 0.31840354767184037
transition 64 0 404 -0.06805094824018276 0.2736141906873614
transition 64 1 829 0.9614057365356647 0.5384174311926605
transition 64 1 404 0.8581967424059282 0.46158256880733944
transition 64 2 262 -0.9441621720495936 0.39771335238873007
transition 64 2 853 -0.7030881457308509 0.021641486320947326
transition 64 2 666 -0.9666795709614684 0.10167415271539404
transition 64 2 404 -0.5428802940994866 0.4789710085749285
transition 65 0 981 -0.37110155773320885 0.2345679012345679
transition 65 0 829 -0.24570289184171523 0.4325560128029264
transition 65 0 899 0.8073244982022489 0.33287608596250573
transition 65 1 509 0.850334263443512 0.13966480446927373
transition 65 1 421 -0.6558950757053672 0.08149852119618797
transition 65 1 178 -0.9412379070836563 0.14097929674663162
transition 65 1 81 0.1616761667067128 0.16759776536312848
transition 65 1 899 0.5113581919734367 0.4702596122247782
transition 65 2 963 0.3572443512058465 0.36186186186186187
transition 65 2 226 -0.06540634464951123 0.4024024024024024
transition 65 2 899 -0.26120904287753244 0.23573573573573572
transition 66 0 35 0.7942347616332766 0.2028262676641729
transition 66 0 617 0.3099103012570861 0.28345802161263506
transition 66 0 753 0.24289968864017175 0.034912718204488775
transition 66 0 82 -0.5556882314754255 0.47880299251870323
transition 66 1 405 0.967728787530731 0.17158671586715868
transition 66 1 784 -0.14374095150097954 0.22970479704797048
transition 66 1 495 0.7838182004986516 0.06734317343173432
transition 66 1 247 0.14566618400934783 0.3187269372693727
transition 66 1 82 -0.9730769174343123 0.21263837638376384
transition 66 2 883 -0.7057809514098978 0.3310626702997275
transition 66 2 126 -0.6347616008064092 0.3637602179836512
transition 66 2 82 0.9536775428756055 0.30517711171662126
transition 69 0 903 0.7787084823016039 0.3431952662721893
transition 69 0 220 0.17582795915962035 0.3125336202259279
transition 69 0 632 -0.7297445878254922 0.3442711135018827
transition 69 1 732 -0.5653870150880764 0.26947637292464877
transition 69 1 57 0.61197708745873 0.31545338441890164
transition 69 1 196 0.20703186981725752 0.09450830140485313
transition 69 1 632 -0.6059263712483001 0.3205619412515964
transition 69 2 691 0.3817520426100216 0.5821596244131455
transition 69 2 632 0.26082480798556307 0.41784037558685444
transition 70 0 667 -0.7554491688004621 0.3474576271186441
transition 70 0 58 -0.7347220200967173 0.22372881355932203
transition 70 0 682 0.9651908400096612 0.4288135593220339
transition 70 1 999 -0.887339195776153 0.15380434782608696
transition 70 1 968 -0.2701360811641509 0.1483695652173913
transition 70 1 648 -0.05911370341266586 0.45108695652173914
transition 70 1 682 0.6288450599814808 0.2467391304347826
transition 70 2 682 -0.5759914976327336 1.0
transition 71 0 878 0.05433889593685448 0.14458413926499034
transition 71 0 56 -0.5389597391928265 0.23766924564796904
transition 71 0 142 -0.4532168907470202 0.13031914893617022
transition 71 0 881 -0.1717074258608582 0.12161508704061895
transition 71 0 321 -0.7980356496703882 0.36581237911025144
transition 71 1 902 -0.4437146072919207 0.5356355620867009
transition 71 1 321 0.0672581849309426 0.46436443791329907
transition 71 2 660 -0.49042611225268495 0.0005980861244019139
transition 71 2 54 -0.32613045735363144 0.14832535885167464
transition 71 2 667 -0.24892165206967798 0.4665071770334928
transition 71 2 289 -0.3900051486033447 0.12799043062200957
transition 71 2 321 0.18823012388789362 0.2565789473684211
transition 72 0 112 -0.7146986129031381 1.0
transition 72 1 933 0.6404485089132044 0.582302568981922
transition 72 1 219 -0.6356443873617237 0.1665080875356803
transition 72 1 112 -0.7631610436277039 0.25118934348239774
transition 72 2 813 -0.5269807850575552 0.5011441647597255
transition 72 2 112 0.741153222819072 0.4988558352402746
transition 73 0 46 0.4328135757912359 0.25176121616611047
transition 73 0 340 0.47016300792756116 0.3140526510938079
transition 73 0 30 0.9025248537894719 0.029662588060808306
transition 73 0 285 -0.8550941935071956 0.40452354467927326
transition 73 1 862 -0.3832825192290661 0.09358490566037736
transition 73 1 574 -0.8671549476396649 0.050188679245283016
transition 73 1 565 0.2812135279340746 0.25358490566037734
transition 73 1 97 -0.9331275945941409 0.3750943396226415
transition 73 1 285 0.9771086651800776 0.22754716981132075
transition 73 2 797 -0.4352044537726685 0.019492460463405664
transition 73 2 305 -0.6824995094210038 0.2585509378447959
transition 73 2 768 -0.28869292271702407 0.10886355277675616
transition 73 2 806 0.4851609747827581 0.2629643251195292
transition 73 2 285 -0.4162160058419633 0.3501287237955131
transition 74 0 139 -0.2506706705431656 0.2814491781281449
transition 74 0 83 0.8551011643403579 0.32505870513250584
transition 74 0 28 -0.9960839927814966 0.09023817510902382
transition 74 0 235 -0.16346508721845887 0.01744381080174438
transition 74 0 131 -0.5483886226011934 0.28581013082858103
transition 74 1 586 -0.9496224853017023 0.07525010874293171
transition 74 1 51 -0.34099171494723257 0.18877772944758592
transition 74 1 933 0.07318714181288 0.11178773379730318
transition 74 1 18 -0.5237509806719081 0.13571117877337974
transition 74 1 131 -0.4912070816346219 0.4884732492387995
transition 74 2 736 0.8042195643908059 0.045183290707587385
transition 74 2 799 -0.15818041207352684 0.4774083546462063
transition 74 2 131 -0.5648319725153199 0.4774083546462063
transition 75 0 832 -0.17498461571095292 0.35016465422612514
transition 75 0 564 0.22160852456665325 0.16465422612513722
transition 75 0 675 -0.12410088602030878 0.23746798390047566
transition 75 0 869 0.6563951164157968 0.041346505671423346
transition 75 0 861 -0.08123469844626618 0.20636663007683864
transition 75 1 939 0.5285208043138934 0.6179525222551929
transition 75 1 861 0.3560766464801042 0.38204747774480713
transition 75 2 437 -0.572622641372317 0.19127086007702182
transition 75 2 543 -0.26013916152348227 0.16859221223791185
transition 75 2 81 0.007130568439860374 0.06033376123234917
transition 75 2 329 0.842839797300158 0.40393667094565683
transition 75 2 861 0.797999775762597 0.17586649550706032
transition 76 0 808 0.8474445732224398 0.16751700680272108
transition 76 0 218 -0.3254676171257491 0.14200680272108843
transition 76 0 517 -0.9718820900129843 0.09013605442176871
transition 76 0 37 -0.35637799493054945 0.39540816326530615
transition 76 0 895 0.4580408827581566 0.20493197278911565
transition 76 1 658 -0.6485691336296964 0.1669990029910269
transition 76 1 874 -0.2537793750419115 0.2662013958125623
transition 76 1 703 0.18601130698468382 0.12063808574277168
transition 76 1 895 0.5260500099431689 0.4461615154536391
transition 76 2 356 -0.6202853537258513 0.29172843166320783
transition 76 2 117 -0.34860706111747497 0.006818855618144086
transition 76 2 962 -0.6262397173361445 0.24577527423658466
transition 76 2 895 0.6594760546265657 0.45567743848206343
transition 77 0 295 0.04099041622388522 1.0
transition 77 1 619 0.8390615035825615 0.04229607250755287
transition 77 1 105 -0.7022435982103996 0.17385333699533095
transition 77 1 435 0.20392245274767196 0.21093106289480912
transition 77 1 615 0.38034119211053596 0.21148036253776434
transition 77 1 295 0.2734271144129743 0.3614391650645427
transition 77 2 38 0.9588830268813884 0.17104294478527607
transition 77 2 794 0.3491344992593255 0.24171779141104294
transition 77 2 56 0.9933224320894605 0.20515337423312882
transition 77 2 295 -0.9776041072573767 0.3820858895705522
transition 78 0 186 0.12107282958559562 0.17284464806330696
transition 78 0 579 0.9277589813684488 0.19950020824656392
transition 78 0 471 -0.9610368633067314 0.1447313619325281
transition 78 0 505 -0.9652409196398755 0.482923781757601
transition 78 1 413 -0.7589939338365168 0.7275086505190311
transition 78 1 505 -0.3255993576634868 0.27249134948096887
transition 78 2 322 0.9934458263199917 0.05313523042054898
transition 78 2 913 0.08295367548318677 0.20120876353563333
transition 78 2 120 -0.07167878598554811 0.19289851422815413
transition 78 2 514 -0.023060021372067085 0.08058423570888945
transition 78 2 505 0.32668264223586463 0.47217325610677413
transition 79 0 432 -0.7670632187024475 0.08444240477283158
transition 79 0 57 0.8380636682559646 0.45663148233134465
transition 79 0 951 -0.779985719651785 0.45892611289582375
transition 79 1 70 -0.9614677387987836 0.8153846153846154
transition 79 1 951 0.2924670762684298 0.18461538461538463
transition 79 2 555 -0.638878970329579 0.19404043987229513
transition 79 2 848 0.9485368341302702 0.31997162114224903
transition 79 2 951 -0.8208966580773565 0.48598793898545584
transition 80 0 401 0.8371182146246683 0.5489977728285078
transition 80 0 239 0.19364417432266712 0.4510022271714922
transition 80 1 129 -0.442098499295013 0.2873938602220771
transition 80 1 894 0.21973802640382 0.131939908556499
transition 80 1 431 0.33839647631114333 0.135532331809275
transition 80 1 239 0.06556978565246219 0.4451338994121489
transition 80 2 725 -0.39959761035142116 0.5536912751677853
transition 80 2 239 -0.9330968216678801 0.4463087248322148
transition 81 0 412 0.13814700882021858 0.5
transition 81 0 862 -0.10065299665170202 0.5
transition 81 1 642 -0.9017204086487116 0.5062166962699822
transition 81 1 862 0.6329823750871129 0.4937833037300178
transition 81 2 920 -0.17195606835025834 0.2638637187386734
transition 81 2 385 -0.7858499184891488 0.13229430953243929
transition 81 2 186 -0.5667394818925768 0.17180137731061979
transition 81 2 862 0.6383159228764916 0.4320405944182675
transition 82 0 238 0.28164864008222357 0.23156462585034013
transition 82 0 92 -0.13841312845042308 0.272108843537415
transition 82 0 837 -0.17295921640204748 0.4963265306122449
transition 82 1 886 0.6635722970511999 0.4237376366475794
transition 82 1 628 -0.14344848260747067 0.021343050494534097
transition 82 1 153 0.9941571937314946 0.10983862571577303
transition 82 1 837 0.42287471721664804 0.44508068714211346
transition 82 2 445 0.5039192016501821 0.45263157894736844
transition 82 2 256 -0.1387952773640131 0.3136842105263158
transition 82 2 837 -0.7270832092934509 0.2336842105263158
transition 83 0 539 -0.7081043629676367 0.5800653594771242
transition 83 0 761 0.9394598892167503 0.4199346405228758
transition 83 1 863 0.4294802843654828 0.20159151193633953
transition 83 1 779 -0.08834179665268094 0.30845017051913604
transition 83 1 584 -0.8093825185004486 0.09435392194012884
transition 83 1 761 -0.036619650703613615 0.3956043956043956
transition 83 2 569 0.4863357716384369 0.34287454323995126
transition 83 2 162 0.5930881386660103 0.15529841656516444
transition 83 2 375 -0.41579849645880507 0.10901339829476249
transition 83 2 452 0.9921012561446991 0.0925700365408039
transition 83 2 761 0.564343772467713 0.3002436053593179
transition 85 0 255 -0.29178400437702745 0.11861544955677501
transition 85 0 864 -0.13793776035976957 0.13043478260869565
transition 85 0 587 -0.6650693158969561 0.21950189953566906
transition 85 0 206 -0.8548220626799892 0.22119037568594344
transition 85 0 147 -0.5291602643598674 0.31025749261291685
transition 85 1 147 0.07923730444565602 1.0
transition 85 2 503 0.4255726306178722 0.5248380129589633
transition 85 2 147 -0.22043748171185018 0.47516198704103674
transition 86 0 80 0.8013296956072211 0.25630252100840334
transition 86 0 789 -0.934985727359644 0.011841100076394193
transition 86 0 571 -0.6159261900531585 0.04048892284186402
transition 86 0 374 0.8959990884135072 0.2077922077922078
transition 86 0 868 0.8481591858832944 0.48357524828113063
transition 86 1 623 -0.036437236526874583 0.28173076923076923
transition 86 1 247 0.9393042268005767 0.37596153846153846
transition 86 1 868 0.30878859962331306 0.3423076923076923
transition 86 2 158 -0.19824065961466886 0.31415174765558396
transition 86 2 74 -0.8245051422056842 0.03324808184143223
transition 86 2 819 -0.46596659994413936 0.08908780903665814
transition 86 2 285 -0.09941807746332998 0.3525149190110827
transition 86 2 868 0.98458381736151 0.21099744245524296
transition 87 0 403 0.5663345714858787 1.0
transition 87 1 106 0.6695321275157478 0.5371428571428571
transition 87 1 403 -0.3488082372603578 0.46285714285714286
transition 87 2 403 0.2805694362456459 1.0
transition 89 0 358 -0.047775727682398905 0.2917742530431575
transition 89 0 137 0.30277509518955825 0.021394319439321283
transition 89 0 366 0.2484336419548625 0.11287347842124677
transition 89 0 993 0.4277141118127952 0.29398745850239766
transition 89 0 120 -0.5796534661193835 0.2799704905938768
transition 89 1 446 0.1463401133137998 0.1712782986508118
transition 89 1 68 0.11378148630502216 0.16556139949691287
transition 89 1 89 -0.6864973869680013 0.22844729018980106
transition 89 1 377 0.9948390668013991 0.06928881774525497
transition 89 1 120 -0.5574711725021642 0.3654241939172193
transition 89 2 131 -0.8127074061459363 0.11166945840312674
transition 89 2 423 0.7066496468151446 0.07649357900614182
transition 89 2 418 0.6064567315966198 0.2032384142936907
transition 89 2 698 -0.5369052464584161 0.2250139586823004
transition 89 2 120 0.36367061171633996 0.38358458961474035
transition 90 0 58 -0.291998234170334 0.6022933011466506
transition 90 0 211 -0.42608424944097445 0.3977066988533494
transition 90 1 141 -0.541002102817395 0.7287735849056604
transition 90 1 211 -0.3589172279334296 0.27122641509433965
transition 90 2 78 0.07471005809609932 0.2476107732406603
transition 90 2 829 0.061527862362986685 0.291485664639444
transition 90 2 211 -0.937652685820932 0.46090356211989575
transition 91 0 837 -0.23470028637863027 0.8
transition 91 0 708 -0.9743367302517336 0.2
transition 91 1 342 0.16081082194623364 0.03203883495145631
transition 91 1 999 0.47210246360284214 0.6980582524271844
transition 91 1 708 -0.12150897214632672 0.26990291262135924
transition 91 2 708 -0.3596700969474014 1.0
transition 92 0 340 0.6152998799791805 0.5954063604240283
transition 92 0 296 0.7861952978247231 0.4045936395759717
transition 92 1 138 0.9058416936876292 0.28205128205128205
transition 92 1 564 0.8936849486261484 0.2490842490842491
transition 92 1 66 0.8730632623792243 0.17216117216117216
transition 92 1 438 -0.5567173736847608 0.06043956043956044
transition 92 1 296 0.8205785250145554 0.23626373626373626
transition 92 2 559 0.0931616913013451 0.1839080459770115
transition 92 2 776 -0.04751704102014842 0.10094952523738131
transition 92 2 622 -0.6541110924125895 0.25787106446776614
transition 92 2 296 -0.2796147066214525 0.4572713643178411
transition 93 0 706 0.19823064718639927 0.50734394124847
transition 93 0 378 -0.6887759620843483 0.49265605875153
transition 93 1 289 0.6116909599442972 0.2662835249042146
transition 93 1 327 0.16798747730870178 0.3325670498084291
transition 93 1 378 0.7586288799064005 0.4011494252873563
transition 93 2 849 0.8517431032124041 0.20167539267015708
transition 93 2 918 -0.09138086808625334 0.18910994764397906
transition 93 2 53 -0.47311930782205924 0.1918324607329843
transition 93 2 378 -0.5267244708061096 0.4173821989528796
transition 94 0 368 0.38409470633277265 0.2099099099099099
transition 94 0 328 -0.1031741401001538 0.3738738738738739
transition 94 0 449 -0.6633011465617984 0.41621621621621624
transition 94 1 422 -0.5812846191257293 0.10117238384715588
transition 94 1 87 -0.7394316881115348 0.1458966565349544
transition 94 1 206 0.8411826011436674 0.19669995657837602
transition 94 1 790 0.4442713122639119 0.20408163265306123
transition 94 1 449 0.988885437932552 0.35214937038645244
transition 94 2 880 -0.7273377779466612 0.26692672053496797
transition 94 2 544 0.5249062482003073 0.16550571189746446
transition 94 2 217 0.8161747909723778 0.1306770688213987
transition 94 2 449 0.5083978576145767 0.43689049874616886
transition 95 0 259 0.9054141506702105 1.0
transition 95 1 677 0.3715809131450176 0.1661631419939577
transition 95 1 413 -0.35448920818601004 0.25545485062101375
transition 95 1 246 0.6345408341313445 0.14837193689157435
transition 95 1 259 0.8951327258088555 0.4300100704934542
transition 95 2 453 0.9879762449877576 0.22992785664417034
transition 95 2 53 0.1885390592791858 0.13125436350942518
transition 95 2 771 0.5067409953757278 0.17593670002327205
transition 95 2 12 -0.7515734051326042 0.09727717011868746
transition 95 2 259 0.4263197343154206 0.36560390970444495
transition 96 0 630 -0.9016388493614895 0.7819004524886878
transition 96 0 545 0.6346375347047146 0.21809954751131222
transition 96 1 545 -0.5666435148126789 1.0
transition 96 2 545 0.1516597651219358 1.0
transition 97 0 415 0.743130698086742 0.17882689556509299
transition 97 0 733 -0.6229604982828583 0.013829279923700524
transition 97 0 605 -0.004518846638456919 0.4206008583690987
transition 97 0 102 0.31023714313104267 0.3867429661421078
transition 97 1 102 0.7124876402076523 1.0
transition 97 2 166 0.32757201662120994 0.47763496143958867
transition 97 2 125 0.5122140744539971 0.2930591259640103
transition 97 2 102 -0.5337679343969131 0.22930591259640104
transition 98 0 11 0.3009013165504013 0.4142923867351705
transition 98 0 927 -0.3868670767310505 0.3872022419430173
transition 98 0 901 0.039049933042220264 0.19850537132181223
transition 98 1 901 -0.6578992371106027 1.0
transition 98 2 746 0.31542357105597296 0.17114914425427874
transition 98 2 196 -0.5975687418435323 0.6259168704156479
transition 98 2 901 -0.8931257449467436 0.20293398533007334
transition 99 0 693 -0.028594720445958233 0.5995747696669029
transition 99 0 45 0.8081726207079412 0.40042523033309707
transition 99 1 559 -0.021397642019135743 0.18322056833558864
transition 99 1 577 -0.9468166363997694 0.10987821380243572
transition 99 1 389 0.968928819810011 0.20649526387009473
transition 99 1 238 -0.9120233423808239 0.12719891745602166
transition 99 1 45 0.5787148234046917 0.3732070365358593
transition 99 2 438 0.33152704569506386 0.30684039087947884
transition 99 2 799 -0.7756370471043854 0.1775244299674267
transition 99 2 693 -0.8858397508675124 0.06351791530944625
transition 99 2 45 -0.32092405416424596 0.4521172638436482
transition 102 0 176 -0.9279537701397045 0.24069077172153264
transition 102 0 307 -0.2518120107836894 0.32164058283864005
transition 102 0 415 0.2676345671569176 0.4376686454398273
transition 102 1 415 0.31218109494112456 1.0
transition 102 2 780 -0.172366968943217 0.2200328407224959
transition 102 2 862 0.5931319142684854 0.3891625615763547
transition 102 2 415 0.7839469585428576 0.39080459770114945
transition 103 0 156 0.9297715676865681 0.24064625850340135
transition 103 0 645 -0.011274691987886332 0.37755102040816324
transition 103 0 57 0.4566749096606937 0.3818027210884354
transition 103 1 596 0.19429766035706408 0.026400515132002575
transition 103 1 606 -0.07566698887733536 0.008692852543464262
transition 103 1 556 0.8455341586181913 0.3013522215067611
transition 103 1 740 0.6780057548277494 0.2421120412105602
transition 103 1 57 0.07359591967032975 0.4214423696072119
transition 103 2 911 -0.6003572177619101 0.1569669837716844
transition 103 2 299 0.9872370994560722 0.21376608841634023
transition 103 2 676 0.20121001362979385 0.21768326804700616
transition 103 2 57 -0.8979296742113689 0.41158365976496925
transition 104 0 502 -0.38577462492514636 1.0
transition 104 1 451 0.40788757826073585 0.703239289446186
transition 104 1 502 0.056781634406062764 0.296760710553814
transition 104 2 437 -0.060873695442332565 0.2433940105695831
transition 104 2 771 -0.7300798416716072 0.24867880211391663
transition 104 2 167 -0.328022065143756 0.04403992953611274
transition 104 2 921 0.2650420303869354 0.08573106283029946
transition 104 2 502 -0.23789605047305606 0.37815619495008806
transition 105 0 729 -0.274283338976969 0.08026030368763558
transition 105 0 589 0.8148172559754494 0.4213665943600868
transition 105 0 248 -0.24696044385064675 0.49837310195227763
transition 105 1 808 -0.21045861918760167 0.2711157455683003
transition 105 1 20 0.3388126690967379 0.19551616266944735
transition 105 1 641 0.5929195270287966 0.1470281543274244
transition 105 1 248 -0.5222748758812248 0.3863399374348279
transition 105 2 748 0.03796432546865636 0.623972602739726
transition 105 2 248 -0.9456043470693067 0.37602739726027395
transition 106 0 860 0.7463409080501033 1.0
transition 106 1 158 -0.49554242666700765 0.23985408116735066
transition 106 1 845 -0.7340320148474175 0.03784769721842225
transition 106 1 713 0.37072392871713733 0.3711810305517556
transition 106 1 527 -0.18415665993859265 0.16552667578659372
transition 106 1 860 0.3176196710318242 0.1855905152758778
transition 106 2 481 0.40825687544409495 0.23264223722275795
transition 106 2 416 -0.10711980554488965 0.19479267116682739
transition 106 2 685 -0.31876255593998115 0.15429122468659595
transition 106 2 953 0.8785855727942813 0.0024108003857280617
transition 106 2 860 0.34409756694465465 0.41586306653809063
transition 107 0 322 0.19185330909111586 0.298083747338538
transition 107 0 826 0.8680998023106967 0.32150461320085166
transition 107 0 125 0.5664779124250168 0.09190915542938254
transition 107 0 207 -0.39381703412398816 0.2885024840312278
transition 107 1 187 0.36470697806783114 0.6796296296296296
transition 107 1 207 -0.7176769893958783 0.32037037037037036
transition 107 2 292 -0.9453398501267662 0.2363405336721728
transition 107 2 744 -0.6998602647096801 0.2846251588310038
transition 107 2 207 -0.1937030575691545 0.47903430749682335
transition 108 0 834 0.14865242335162154 1.0
transition 108 1 470 0.27760795173379216 0.3721325403568394
transition 108 1 293 0.24984864532658602 0.12404418011894647
transition 108 1 915 0.3980132858739993 0.2179269328802039
transition 108 1 834 0.08972757348344262 0.2858963466440102
transition 108 2 470 -0.7849301121539163 0.16350067842605157
transition 108 2 605 -0.5506211781548074 0.08344640434192672
transition 108 2 889 0.7431374323729645 0.07462686567164178
transition 108 2 46 -0.4535095744831852 0.2028493894165536
transition 108 2 834 0.028013317534171023 0.4755766621438263
transition 109 0 275 0.7272463751798643 0.23472099202834368
transition 109 0 994 0.7084687464074022 0.21051077649837616
transition 109 0 17 -0.9323330680515829 0.17094774136403898
transition 109 0 12 -0.3333064414720497 0.38382049010924124
transition 109 1 82 0.499029144640625 0.29488330341113106
transition 109 1 888 -0.296976874027004 0.1606822262118492
transition 109 1 173 0.8731935506664996 0.057001795332136444
transition 109 1 12 0.4921137302989995 0.4874326750448833
transition 109 2 793 -0.3178316136858128 0.3642428285523682
transition 109 2 692 0.687291499317243 0.26551034022681785
transition 109 2 12 0.05039831067105682 0.37024683122081387
transition 110 0 314 -0.3050594700554612 1.0
transition 110 1 300 -0.18402095176086086 0.04607329842931937
transition 110 1 947 0.18504341088484444 0.20767888307155322
transition 110 1 177 0.513908581720375 0.29598603839441534
transition 110 1 314 0.26130036889474617 0.450261780104712
transition 110 2 863 -0.9684167747725052 0.35396137169885694
transition 110 2 144 0.9429586677374411 0.28301143082380764
transition 110 2 210 -0.5223132902988681 0.011430823807646828
transition 110 2 314 0.34953612336773277 0.3515963736696886
transition 111 0 315 0.20146448605656908 0.36212624584717606
transition 111 0 722 0.5581252061631579 0.39700996677740863
transition 111 0 769 -0.07864348244624919 0.24086378737541528
transition 111 1 769 -0.9588845671836999 1.0
transition 111 2 468 -0.3413893306837861 0.22351332877648666
transition 111 2 342 -0.2826820371925505 0.028252449305080883
transition 111 2 636 0.03635039783738181 0.20619731146046935
transition 111 2 839 -0.968722790457833 0.16290726817042606
transition 111 2 769 0.19739423371830567 0.37912964228753704
transition 112 0 453 0.7458013599787143 0.5876152832674572
transition 112 0 546 -0.752058463336428 0.11067193675889328
transition 112 0 823 -0.7428802200325502 0.30171277997364954
transition 112 1 823 0.3323409698284725 1.0
transition 112 2 560 0.23192264952424746 0.09539473684210527
transition 112 2 459 0.48086754306321944 0.2257775119617225
transition 112 2 647 0.2733802471851443 0.20095693779904306
transition 112 2 823 0.37265434830498534 0.47787081339712917
transition 114 0 415 -0.6593431346015455 0.5111111111111111
transition 114 0 586 -0.4863577403416275 0.4888888888888889
transition 114 1 84 -0.1951593476903819 0.5528031290743155
transition 114 1 586 -0.26392947434492475 0.4471968709256845
transition 114 2 120 0.3661265942442833 0.14971287940935193
transition 114 2 298 -0.5396522688527952 0.4081214109926169
transition 114 2 586 -0.1478438344135118 0.4421657095980312
transition 115 0 931 -0.07811148700610548 0.020273248126928163
transition 115 0 34 0.4565041747023062 0.375055090348171
transition 115 0 302 -0.823605553802863 0.023358307624504186
transition 115 0 919 0.34849422388815676 0.10312913177611283
transition 115 0 698 -0.9896808962342374 0.47818422212428385
transition 115 1 698 -0.9630086020358204 1.0
transition 115 2 313 0.4122517119298654 0.3002309468822171
transition 115 2 385 -0.1357944819872987 0.2592378752886836
transition 115 2 698 -0.7339248579356705 0.4405311778290993
transition 116 0 759 -0.028823173237154665 1.0
transition 116 1 608 -0.6782402000024372 0.38465116279069766
transition 116 1 110 0.9808831080889937 0.10325581395348837
transition 116 1 113 0.3602170823137376 0.32465116279069767
transition 116 1 759 -0.816860060190149 0.18744186046511627
transition 116 2 860 -0.5943047342225307 0.5255544840887174
transition 116 2 759 0.011220473087215632 0.47444551591128253
transition 117 0 175 0.5033583746009886 0.2213094349016679
transition 117 0 65 0.41234368328861515 0.1157580283793876
transition 117 0 980 -0.03012286494377925 0.08015932287776947
transition 117 0 279 0.29578732836599153 0.15982076176250934
transition 117 0 346 -0.8684205999117702 0.42295245207866566
transition 117 1 229 -0.2899179010783368 0.14166876733047643
transition 117 1 532 0.8592983279182409 0.12377111167128813
transition 117 1 5 -0.392969786701886 0.12730022687169146
transition 117 1 804 -0.9787077285457289 0.14620620115956642
transition 117 1 346 -0.4659638210188599 0.46105369296697757
transition 117 2 470 -0.7149150727300737 0.5169550173010381
transition 117 2 346 -0.5304076849734645 0.48304498269896196
transition 119 0 452 0.789835894578065 0.5176848874598071
transition 119 0 396 -0.6436821540690181 0.0797427652733119
transition 119 0 387 -0.03573625217234011 0.0797427652733119
transition 119 0 986 0.5193149526943279 0.32282958199356915
transition 119 1 383 0.7018083514619988 0.6811594202898551
transition 119 1 986 -0.9093861229316149 0.3188405797101449
transition 119 2 571 -0.15468743572703247 0.2679174484052533
transition 119 2 820 0.6124207497634258 0.25065666041275797
transition 119 2 986 -0.664877774335296 0.48142589118198875
transition 120 0 292 0.7456890489522807 0.4772605671482076
transition 120 0 43 -0.6541197159033032 0.05564472980203317
transition 120 0 401 0.919670588161172 0.46709470304975925
transition 120 1 24 -0.31219715058904995 0.08595139300533491
transition 120 1 649 -0.6032935156564201 0.3094250148192057
transition 120 1 81 0.6271812684069404 0.36099585062240663
transition 120 1 401 -0.13182182665317144 0.24362774155305275
transition 120 2 448 0.2735308157395959 0.0847018150388937
transition 120 2 596 0.9282139871385178 0.17458945548833188
transition 120 2 418 -0.898914457119387 0.10155574762316336
transition 120 2 968 0.3177008153743557 0.42005185825410546
transition 120 2 401 -0.6826070055572615 0.21910112359550563
transition 122 0 949 0.8138946220646539 0.024060556907272237
transition 122 0 626 -0.607046166756978 0.21005677210056772
transition 122 0 275 -0.6716373271136202 0.24628277912949445
transition 122 0 221 -0.03263315901308572 0.025141930251419302
transition 122 0 377 -0.9554026433579779 0.4944579616112463
transition 122 1 830 0.8985736674405473 0.28962188254223653
transition 122 1 46 -0.4108380310900277 0.10619469026548672
transition 122 1 290 -0.37252830287338057 0.21158487530168946
transition 122 1 527 0.33888939334197365 0.17940466613032985
transition 122 1 377 0.2945364375790236 0.21319388576025744
transition 122 2 683 0.05242794760354874 0.12938357656284033
transition 122 2 198 0.08315879229360723 0.1675016336310172
transition 122 2 287 0.014727434644712822 0.13112611631452842
transition 122 2 948 0.4735268119354359 0.20670877804399912
transition 122 2 377 0.032671627197952136 0.3652798954476149
transition 123 0 291 0.9910784128223022 1.0
transition 123 1 259 0.403556571199035 0.17830374753451678
transition 123 1 101 -0.8361015689203461 0.09625246548323471
transition 123 1 503 -0.5692222560888827 0.10867850098619329
transition 123 1 169 -0.9347918008426452 0.1366863905325444
transition 123 1 291 -0.9173310273614199 0.48007889546351085
transition 123 2 620 -0.7252229698030603 0.06207783853329045
transition 123 2 501 0.4731936209212466 0.3107108394982309
transition 123 2 777 -0.8707811562255472 0.19009327758121583
transition 123 2 291 -0.2633619902923616 0.43711804438726276
transition 125 0 788 -0.8560713702728429 0.34389489953632146
transition 125 0 91 -0.39038706605513407 0.32805255023183927
transition 125 0 645 -0.7796411277736812 0.32805255023183927
transition 125 1 645 -0.09328418177524456 1.0
transition 125 2 216 0.8336232593638329 0.25819465456379226
transition 125 2 511 0.6037702044649451 0.37317196167423095
transition 125 2 645 -0.8044075583784098 0.3686333837619768
transition 126 0 437 0.6029841003710055 0.05448717948717949
transition 126 0 291 0.013204123510015098 0.4545940170940171
transition 126 0 717 -0.6765971173647749 0.4909188034188034
transition 126 1 720 -0.7056230036787428 0.032275711159737416
transition 126 1 37 -0.25297359864335456 0.08588621444201312
transition 126 1 632 -0.199100201957628 0.22702407002188185
transition 126 1 152 -0.22963758796000433 0.32439824945295404
transition 126 1 717 -0.13674102316701475 0.3304157549234136
transition 126 2 717 0.6432730705220613 1.0
transition 127 0 778 0.28195837291049375 0.009060022650056626
transition 127 0 702 0.8222282313459663 0.27368818422046054
transition 127 0 803 -0.28166489413383533 0.32200830502076255
transition 127 0 865 -0.3719170613578948 0.3952434881087203
transition 127 1 865 -0.9702278056499776 1.0
transition 127 2 281 0.12463902943945793 0.29512296790329307
transition 127 2 695 -0.6831481010836802 0.0854522717799083
transition 127 2 137 0.464549743654157 0.3263859941642351
transition 127 2 865 -0.2207929721885593 0.2930387661525636
transition 128 0 982 0.6097469600508205 0.6790490341753344
transition 128 0 975 0.2898854236260058 0.3209509658246657
transition 128 1 924 -0.8655261336976097 0.06411201179071481
transition 128 1 87 -0.8805997623024382 0.04421518054532056
transition 128 1 369 -0.06913797983846504 0.3220338983050847
transition 128 1 469 0.057411500593147036 0.33861459100957997
transition 128 1 975 0.23873497535156152 0.23102431834929993
transition 128 2 155 -0.3096289127448233 0.05190744215134459
transition 128 2 543 0.6520405104487446 0.241400875547217
transition 128 2 747 -0.8962311069753777 0.5359599749843652
transition 128 2 975 -0.2206897927639615 0.17073170731707318
transition 129 0 553 0.28576593497149383 0.10024691358024691
transition 129 0 399 -0.5665032362412421 0.465679012345679
transition 129 0 158 0.8894440013237908 0.43407407407407406
transition 129 1 587 0.7990368699740493 0.22901582193617592
transition 129 1 315 -0.7717377576776554 0.26039152587825154
transition 129 1 744 -0.6017354202120513 0.07642799678197908
transition 129 1 158 -0.322012055743369 0.43416465540359345
transition 129 2 496 0.20519060391168154 0.14595245260306952
transition 129 2 660 0.19937882763939863 0.1287992777610593
transition 129 2 553 -0.7690926338028339 0.0770388203430635
transition 129 2 664 -0.36244348124673054 0.18417092988263617
transition 129 2 158 -0.1742793812579373 0.46403851941017155
transition 130 0 872 -0.8028386529913829 1.0
transition 130 1 726 -0.8525143108752034 0.16389548693586697
transition 130 1 364 -0.020483223035963727 0.2913697545526524
transition 130 1 786 -0.40197695414861 0.22644497228820268
transition 130 1 872 -0.7495341361681447 0.3182897862232779
transition 130 2 32 0.6373895542140389 0.1814780168381665
transition 130 2 227 -0.8696064997108797 0.12815715622076707
transition 130 2 964 0.46681171469206273 0.08746492048643592
transition 130 2 375 0.21659171293421853 0.2214686623012161
transition 130 2 872 -0.25354942467920405 0.3814312441534144
transition 131 0 659 0.9072773498099678 0.1496149614961496
transition 131 0 430 0.09897540005533156 0.3582691602493583
transition 131 0 526 0.31420033615638543 0.281994866153282
transition 131 0 851 0.586931937958213 0.21012101210121012
transition 131 1 173 0.17533609483913493 0.08333333333333333
transition 131 1 79 0.41477964141698087 0.47566909975669097
transition 131 1 851 0.3085047157748535 0.44099756690997566
transition 131 2 954 0.4935944205868803 0.15307057745187902
transition 131 2 770 0.24199220529992194 0.014970974641002138
transition 131 2 634 -0.464397525065827 0.2975863122517568
transition 131 2 1 -0.6551372931154413 0.10999083409715857
transition 131 2 851 -0.4797568245891404 0.42438130155820347
transition 132 0 898 0.7461277547110066 0.7837078651685393
transition 132 0 852 0.3611507476959619 0.21629213483146068
transition 132 1 852 -0.4293586629709605 1.0
transition 132 2 933 -0.7409984305923747 0.1518987341772152
transition 132 2 88 -0.49399555145420937 0.4004602991944764
transition 132 2 478 0.8678764118517088 0.06904487917146145
transition 132 2 852 0.32556826112849624 0.378596087456847
transition 133 0 763 0.17796016143943727 0.35743119266055046
transition 133 0 299 -0.9388977002252157 0.25504587155963304
transition 133 0 703 0.7238663932069891 0.19669724770642202
transition 133 0 292 -0.25265358298257046 0.1908256880733945
transition 133 1 483 0.39886887502155743 0.11659192825112108
transition 133 1 151 -0.10402192268526966 0.5650224215246636
transition 133 1 292 -0.5577629398717567 0.3183856502242152
transition 133 2 965 0.779800634981556 0.6277602523659306
transition 133 2 292 -0.44947842866709276 0.3722397476340694
transition 134 0 860 -0.8388488086565513 0.14702122219381233
transition 134 0 476 0.06247319512984717 0.2541549475837382
transition 134 0 966 0.2735805479791833 0.23548964459217592
transition 134 0 288 -0.09286676819962225 0.3633341856302736
transition 134 1 288 0.025197189487899063 1.0
transition 134 2 778 0.43676473133164606 0.21868454126518644
transition 134 2 370 -0.386759966453851 0.39924591537494764
transition 134 2 278 -0.6686757901589679 0.08588186007540846
transition 134 2 288 -0.26301030144809157 0.2961876832844575
transition 135 0 411 0.5009141943825923 0.0003356831151393085
transition 135 0 790 0.7776747557111541 0.2490768714333669
transition 135 0 615 -0.6107800443423228 0.2175226586102719
transition 135 0 619 0.2918463021342339 0.07217186975495132
transition 135 0 931 -0.9367346321454821 0.46089291708627056
transition 135 1 931 -0.7924912813057727 1.0
transition 135 2 504 -0.4048478010506418 0.5454545454545454
transition 135 2 931 -0.18342261671106508 0.45454545454545453
transition 136 0 502 0.1715877628621214 0.06886152299572756
transition 136 0 96 -0.6546219328911578 0.20281477758230712
transition 136 0 139 0.01058535321380183 0.12390047750691129
transition 136 0 35 0.631010405104609 0.16461422467956774
transition 136 0 771 0.9417501343744834 0.4398089972354863
transition 136 1 697 -0.933435394542437 0.21630554535438853
transition 136 1 30 0.2988140051964647 0.1964744766801322
transition 136 1 664 0.708951625690726 0.16562614763128902
transition 136 1 771 0.08248349973840252 0.42159383033419023
transition 136 2 463 0.944534746498306 0.1921921921921922
transition 136 2 180 -0.06665345949213508 0.5165165165165165
transition 136 2 771 -0.850214997383627 0.2912912912912913
transition 137 0 477 -0.7516951809142975 0.028542814221331998
transition 137 0 845 -0.45577356672157654 0.3940911367050576
transition 137 0 487 0.6547681504850311 0.23635453179769655
transition 137 0 368 -0.9774012180133085 0.3410115172759139
transition 137 1 397 -0.21511301080265577 0.7477313974591652
transition 137 1 368 0.9671105939586917 0.25226860254083483
transition 137 2 868 -0.7689547431861834 0.007101086048454469
transition 137 2 491 -0.4677654062473542 0.4118629908103592
transition 137 2 756 -0.2339745600124279 0.21303258145363407
transition 137 2 350 0.9417866059542539 0.16290726817042606
transition 137 2 368 0.9087242984014499 0.20509607351712614
transition 138 0 144 -0.17817890694814653 0.06383890317052271
transition 138 0 707 0.6262451696143554 0.14824335904027422
transition 138 0 252 -0.8682702868678782 0.12510711225364182
transition 138 0 450 -0.8951173812232274 0.20501285347043702
transition 138 0 956 0.004968030182935346 0.45779777206512423
transition 138 1 803 0.6697747614580971 0.10462962962962963
transition 138 1 636 -0.15555588626926298 0.04259259259259259
transition 138 1 162 -0.22129676162183753 0.42314814814814816
transition 138 1 122 -0.3837904670852892 0.2388888888888889
transition 138 1 956 0.9429341972007035 0.19074074074074074
transition 138 2 620 0.2940585908091575 0.6980306345733042
transition 138 2 956 -0.4484912840766848 0.30196936542669583
transition 140 0 455 0.827410276877139 0.2461443553362122
transition 140 0 157 -0.03588737562910671 0.20203578038247996
transition 140 0 826 -0.1156463398663572 0.23072177668106109
transition 140 0 18 0.46823230271121696 0.01326341764342998
transition 140 0 149 0.40374361727171637 0.3078346699568168
transition 140 1 568 0.9610370972035076 0.14195979899497488
transition 140 1 863 0.5446920708843876 0.2242462311557789
transition 140 1 236 -0.3810704017887623 0.19032663316582915
transition 140 1 770 0.26729389940171755 0.25
transition 140 1 149 0.5176565907969808 0.1934673366834171
transition 140 2 149 -0.7635306555089407 1.0
transition 141 0 558 -0.2771519624139782 0.6019736842105263
transition 141 0 807 -0.14454545547241548 0.3980263157894737
transition 141 1 397 0.6928908980547945 0.07713004484304933
transition 141 1 810 0.35155574368222187 0.5632286995515695
transition 141 1 807 -0.8944270134776902 0.3596412556053812
transition 141 2 807 -0.01731108465452258 1.0
transition 142 0 650 -0.5322906569994803 1.0
transition 142 1 817 0.011519791352254227 0.19031578947368422
transition 142 1 433 0.18222057484446785 0.2383157894736842
transition 142 1 341 -0.200530109046408 0.13389473684210526
transition 142 1 601 0.1002212070155526 0.232
transition 142 1 650 -0.49106360794883464 0.2054736842105263
transition 142 2 933 0.9553484472344675 0.3496143958868895
transition 142 2 174 0.7444328884653753 0.2522952625780389
transition 142 2 650 0.10121969929393804 0.3980903415350716
transition 143 0 519 -0.9457595896194801 0.6527672479150872
transition 143 0 857 -0.12175240148199751 0.17589082638362397
transition 143 0 573 -0.6386113834367824 0.17134192570128887
transition 143 1 753 0.8102638536135962 0.5051546391752577
transition 143 1 573 0.8762146825266739 0.4948453608247423
transition 143 2 657 0.02055090711300611 0.337983798379838
transition 143 2 741 -0.12080650207752175 0.1251125112511251
transition 143 2 496 0.34184967688170564 0.0738073807380738
transition 143 2 573 -0.32166288473169646 0.4630963096309631
transition 144 0 518 -0.9955821881851981 1.0
transition 144 1 538 -0.47810813932579976 0.0442604226156482
transition 144 1 116 -0.5835916227722948 0.2098800685322673
transition 144 1 696 -0.11363037533358233 0.13649343232438607
transition 144 1 73 -0.5656970435691184 0.17618503712164477
transition 144 1 518 -0.44954565212429864 0.4331810394060537
transition 144 2 518 0.8885941328773013 1.0
transition 145 0 582 0.7510916099258289 0.19673539518900343
transition 145 0 31 0.031767829468252406 0.30584192439862545
transition 145 0 981 0.46206452040209234 0.2706185567010309
transition 145 0 896 -0.2657115679811459 0.2268041237113402
transition 145 1 514 0.9668268772368125 0.6713189113747383
transition 145 1 896 -0.7940600999252403 0.3286810886252617
transition 145 2 96 -0.05698662650863251 0.640074211502783
transition 145 2 896 -0.6318421066510926 0.35992578849721707
transition 146 0 689 -0.23495095777653963 0.1412193850964044
transition 146 0 331 0.9422366518230072 0.11646690984887963
transition 146 0 82 0.4539813111139104 0.2516935904116727
transition 146 0 409 -0.7446003661575766 0.4906201146430432
transition 146 1 551 -0.47841567464146606 0.14031540638900122
transition 146 1 638 0.635231609499084 0.014961585119288313
transition 146 1 923 -0.7099650936658009 0.40194096239385363
transition 146 1 409 -0.5179030649569891 0.4427820460978569
transition 146 2 159 -0.8207381867559347 0.3517163759144626
transition 146 2 942 -0.27084431684862964 0.3005064715813168
transition 146 2 226 0.7663424427328125 0.14406302757456388
transition 146 2 431 -0.19449957785312444 0.013505908835115363
transition 146 2 409 -0.2949472792327028 0.19020821609454136
transition 147 0 19 0.6183698830502122 0.6888519134775375
transition 147 0 16 0.25023631447203365 0.31114808652246256
transition 147 1 16 -0.1988503840731093 1.0
transition 147 2 417 -0.47083489280559454 0.07130124777183601
transition 147 2 90 -0.6071152279427268 0.29619726678550207
transition 147 2 230 -0.9050590772618736 0.12477718360071301
transition 147 2 79 0.8322654757266263 0.07219251336898395
transition 147 2 16 -0.02522791625715426 0.4355317884729649
transition 148 0 860 0.6703632082124007 0.7245508982035929
transition 148 0 624 0.3354481300621299 0.2754491017964072
transition 148 1 181 0.5461309977056197 0.28903225806451616
transition 148 1 88 -0.588069740808189 0.28193548387096773
transition 148 1 166 0.7281696872687764 0.0664516129032258
transition 148 1 624 0.6187688875876745 0.36258064516129035
transition 148 2 319 0.13640514010512628 0.2436670687575392
transition 148 2 508 0.5768900348816106 0.41857659831121835
transition 148 2 624 -0.8650414844353567 0.33775633293124246
transition 149 0 985 0.14749329803500388 0.17773867135943686
transition 149 0 305 -0.13319886363940858 0.055433347998240214
transition 149 0 735 -0.8546445173157373 0.2692476902771667
transition 149 0 490 -0.061571806625330794 0.19401671799384074
transition 149 0 883 -0.007268606826173363 0.3035635723713154
transition 149 1 779 -0.45013292198142807 0.5534883720930233
transition 149 1 883 0.9398841124107074 0.44651162790697674
transition 149 2 817 -0.40080292035198783 0.2143439282803586
transition 149 2 775 -0.7520700207456394 0.18052159739201304
transition 149 2 845 -0.6667254642360176 0.31662591687041564
transition 149 2 883 -0.22413926055383193 0.2885085574572127
transition 150 0 32 -0.6869172834640285 1.0
transition 150 1 275 -0.3431285438291043 0.0832282471626734
transition 150 1 197 0.3946816916803735 0.6544766708701135
transition 150 1 32 0.03775775376244628 0.26229508196721313
transition 150 2 32 0.5150515583210342 1.0
transition 151 0 71 -0.9192792935827256 1.0
transition 151 1 342 -0.2650567509837507 0.7364864864864865
transition 151 1 71 -0.9028748370802229 0.2635135135135135
transition 151 2 71 -0.2343852697331188 1.0
transition 152 0 483 0.6177369669533668 0.5813148788927336
transition 152 0 14 0.7037914097781854 0.4186851211072664
transition 152 1 85 0.516845460611564 0.6327900287631831
transition 152 1 631 0.6886916775311784 0.17833173537871524
transition 152 1 14 -0.6743087539058714 0.18887823585810162
transition 152 2 411 -0.9215662555999122 0.1603724780134506
transition 152 2 501 0.26697203153981564 0.0429384376616658
transition 152 2 927 0.4014091324493927 0.05845835488877393
transition 152 2 368 0.2979381825380645 0.24418003103983446
transition 152 2 14 0.5153132571114749 0.49405069839627525
transition 153 0 586 0.2351775060721053 0.2740414833438089
transition 153 0 905 0.5907018203056071 0.295411690760528
transition 153 0 226 -0.49693468528527895 0.25895663104965433
transition 153 0 858 0.43187848390769634 0.1715901948460088
transition 153 1 858 -0.4379089206992395 1.0
transition 153 2 81 -0.6016816466988886 0.21961492178098677
transition 153 2 435 0.8090925861724116 0.4326113116726835
transition 153 2 858 -0.19287285366404427 0.34777376654632974
transition 154 0 509 -0.014187881646385403 0.3967861557478368
transition 154 0 59 -0.6658226682578567 0.13164400494437578
transition 154 0 587 -0.20869128913294843 0.15142150803461063
transition 154 0 938 0.4709978533970285 0.32014833127317677
transition 154 1 938 0.3500551504915115 1.0
transition 154 2 540 -0.26223775120017034 0.5547602004294918
transition 154 2 938 0.5714276577057875 0.44523979957050824
transition 155 0 214 -0.012722538925775684 0.5426008968609866
transition 155 0 397 0.6715224472784735 0.45739910313901344
transition 155 1 208 0.3398089388517267 0.07079067741232847
transition 155 1 345 -0.4568045634573512 0.20169897625789587
transition 155 1 483 -0.4627496408759406 0.1592245698104988
transition 155 1 356 -0.5612139427507581 0.12001742539751688
transition 155 1 397 -0.9062813744311038 0.44826835112175994
transition 155 2 870 -0.2707784851447044 0.4342527261064785
transition 155 2 648 0.5068738314992274 0.11545862732520847
transition 155 2 273 -0.8464750882897318 0.2610647851186658
transition 155 2 397 -0.12895465179656296 0.1892238614496472
transition 156 0 25 0.9938030875744335 0.5054151624548736
transition 156 0 481 -0.24887222902846529 0.49458483754512633
transition 156 1 402 0.13623488206793533 0.6030092592592593
transition 156 1 481 -0.6171765331621477 0.39699074074074076
transition 156 2 683 -0.5729727739035986 0.21660117878192534
transition 156 2 28 -0.8621464553257883 0.05893909626719057
transition 156 2 316 -0.2041015933604189 0.3600196463654224
transition 156 2 481 0.023092489056654175 0.3644400785854617
transition 157 0 965 0.14952926343495254 0.21884427941517753
transition 157 0 584 -0.30016790084255063 0.08122534230679972
transition 157 0 911 0.5321692690489228 0.21814806219540497
transition 157 0 753 0.21935059128124612 0.4817823160826178
transition 157 1 753 0.10623372051279012 1.0
transition 157 2 943 0.289469283495007 0.2923512747875354
transition 157 2 607 0.1371906858835512 0.10311614730878187
transition 157 2 924 0.46188540512192344 0.1388101983002833
transition 157 2 573 0.8793001577081883 0.019263456090651557
transition 157 2 753 -0.9588012822466365 0.44645892351274785
transition 158 0 838 0.013411452346621111 0.5034013605442177
transition 158 0 741 0.2904532781858382 0.4965986394557823
transition 158 1 741 0.06746323372071683 1.0
transition 158 2 250 -0.5646578682897712 0.5640828856485035
transition 158 2 741 -0.11751425243623825 0.43591711435149655
transition 159 0 987 -0.34186666008325606 0.3887795275590551
transition 159 0 899 -0.2752755433987346 0.43503937007874016
transition 159 0 338 0.7626743187018685 0.17618110236220472
transition 159 1 556 0.38242853526863074 0.1483416035518412
transition 159 1 221 -0.8988282538608223 0.20736484721859494
transition 159 1 538 -0.0869051817489579 0.22407939409767563
transition 159 1 828 -0.49007872954422127 0.21493862627317836
transition 159 1 338 0.3470300088548057 0.20527552885870984
transition 159 2 338 0.9902320880097331 1.0
transition 160 0 364 -0.5462814425907276 0.22984312294782927
transition 160 0 577 0.4361868561453581 0.17402407880335644
transition 160 0 835 0.3368141547332739 0.15614739146296971
transition 160 0 300 -0.28986876667820205 0.15797154323239693
transition 160 0 85 0.9373023737205517 0.28201386355344765
transition 160 1 407 0.33611910822047 0.08860759493670886
transition 160 1 766 0.4434543273633782 0.2568395263372805
transition 160 1 415 -0.6322351845221363 0.05226623111474071
transition 160 1 909 0.8013072750079839 0.22621478154348715
transition 160 1 85 -0.48956620653088256 0.37607186606778276
transition 160 2 547 0.34975908312324977 0.2370983446932814
transition 160 2 933 0.10799688553616682 0.3510223953261928
transition 160 2 85 -0.5036217204351383 0.4118792599805258
transition 161 0 93 0.6160034535102032 1.0
transition 161 1 114 0.7244414355333659 0.15188172043010753
transition 161 1 193 0.232975637075306 0.12311827956989248
transition 161 1 543 -0.7585102356862177 0.17150537634408602
transition 161 1 374 0.6135844431382775 0.08548387096774193
transition 161 1 93 0.4383605791320173 0.46801075268817205
transition 161 2 932 -0.0009376050500740085 0.19432530517980864
transition 161 2 431 -0.5799067837695862 0.09171890465193006
transition 161 2 250 0.6178242874455677 0.3144176839326955
transition 161 2 93 -0.9674659147459943 0.3995381062355658
transition 162 0 506 0.20668516804895232 0.5394957983193277
transition 162 0 418 0.015444650016770423 0.21568627450980393
transition 162 0 817 -0.8956211260221851 0.24481792717086834
transition 162 1 961 0.6511738577720958 0.1416159860990443
transition 162 1 586 -0.3077998523717902 0.11207645525629888
transition 162 1 620 -0.15750088319921618 0.2206776715899218
transition 162 1 572 0.7806619537997992 0.1372719374456994
transition 162 1 817 -0.21732767081529425 0.38835794960903564
transition 162 2 739 -0.15730016313572714 0.29192364170337737
transition 162 2 765 0.24477758878256206 0.17209985315712187
transition 162 2 96 -0.7992341206256712 0.2014684287812041
transition 162 2 817 -0.7024942014974214 0.3345080763582966
transition 163 0 530 0.674623338693072 0.059721300597213006
transition 163 0 693 -0.10172035057407602 0.522229595222296
transition 163 0 225 0.5786915363889129 0.418049104180491
transition 163 1 97 0.4647451540483043 0.5861358956760466
transition 163 1 225 0.8125769245112289 0.4138641043239533
transition 163 2 741 -0.10054369746416181 0.5387205387205387
transition 163 2 225 -0.14032113663011048 0.4612794612794613
transition 164 0 245 -0.113068669564238 1.0
transition 164 1 34 -0.7687445528574257 0.6201117318435754
transition 164 1 245 0.4296538789010611 0.37988826815642457
transition 164 2 869 -0.9586125207798035 0.19609261939218525
transition 164 2 804 -0.970165100629262 0.03183791606367583
transition 164 2 683 0.5261009627971018 0.2662807525325615
transition 164 2 439 -0.12549339539510562 0.005788712011577424
transition 164 2 245 -0.6792551504706612 0.5
transition 165 0 514 0.142257229442466 0.28102806898884003
transition 165 0 354 0.1820241473216595 0.30909705782888064
transition 165 0 117 -0.2784927603883669 0.40987487318227933
transition 165 1 117 -0.9300680188965207 1.0
transition 165 2 567 -0.8759760397550842 0.1170028818443804
transition 165 2 815 0.8099774673510483 0.20893371757925072
transition 165 2 16 0.5052107371247809 0.09740634005763689
transition 165 2 518 0.04273878128102937 0.26570605187319885
transition 165 2 117 -0.46223733717030524 0.31095100864553316
transition 166 0 845 0.2167021426844533 0.29933481152993346
transition 166 0 689 -0.8900222837614706 0.2860310421286031
transition 166 0 60 0.3382930580614205 0.4146341463414634
transition 166 1 268 -0.8229891894559898 0.1796875
transition 166 1 676 0.37984929799405776 0.01904296875
transition 166 1 691 0.9552829818958184 0.4091796875
transition 166 1 60 -0.35134989519515014 0.39208984375
transition 166 2 655 -0.12132038399439904 0.2147771462758002
transition 166 2 884 -0.4922102428159656 0.1435836075381394
transition 166 2 670 0.8927483455274852 0.1630272210589291
transition 166 2 60 -0.10365897743147245 0.4786120251271313
transition 167 0 454 -0.6745388857968795 0.173345140580031
transition 167 0 562 -0.894246440329425 0.16183307504981181
transition 167 0 511 -0.46764432934713773 0.12618994908124861
transition 167 0 295 -0.9528917227328146 0.19924728802302413
transition 167 0 615 0.8581675807910001 0.33938454726588446
transition 167 1 407 0.9849389943329974 0.28216247470367156
transition 167 1 41 0.6882876105063052 0.030355594102341718
transition 167 1 267 -0.8891543826402601 0.28910089621277824
transition 167 1 689 -0.6770562058900811 0.09106678230702515
transition 167 1 615 -0.9824194037128255 0.3073142526741833
transition 167 2 458 0.2808965368347922 0.13329383886255924
transition 167 2 816 -0.7904289901208632 0.19075829383886256
transition 167 2 516 0.22019108609533533 0.37381516587677727
transition 167 2 615 0.5749648262749465 0.30213270142180093
transition 168 0 877 -0.021992513549158987 0.337253545485991
transition 168 0 989 -0.7767529388037064 0.2943618125216188
transition 168 0 515 0.3561539572466237 0.008647526807333102
transition 168 0 826 -0.11703230537843723 0.07160152196471808
transition 168 0 622 0.16679953463076136 0.288135593220339
transition 168 1 416 0.6966868943439277 0.35126436781609194
transition 168 1 898 0.8528290118314472 0.24735632183908046
transition 168 1 965 0.48740740364979507 0.13701149425287357
transition 168 1 622 -0.6252979455349019 0.26436781609195403
transition 168 2 512 0.3133251002858952 0.08139534883720931
transition 168 2 463 0.5095562138863463 0.7209302325581395
transition 168 2 622 0.37449364953662134 0.19767441860465115
transition 169 0 707 -0.4438342967961195 1.0
transition 169 1 817 0.7883682142368043 0.5435510887772195
transition 169 1 196 -0.22307858122723045 0.13149078726968175
transition 169 1 888 0.2345131578559534 0.10217755443886097
transition 169 1 707 0.5028565685480797 0.22278056951423786
transition 169 2 812 0.49227323626651187 0.5727848101265823
transition 169 2 543 -0.6274143342411207 0.07489451476793249
transition 169 2 132 0.913566690137555 0.06223628691983123
transition 169 2 707 0.5590554075336975 0.290084388185654
transition 170 0 172 -0.20482445382950587 0.16684192078513846
transition 170 0 929 -0.35557967512359645 0.15177006659656503
transition 170 0 144 0.6688459729787528 0.2891692954784437
transition 170 0 788 -0.20266684803908785 0.11531720995443392
transition 170 0 77 0.6329187396448999 0.27690150718541884
transition 170 1 274 -0.9635352327229711 0.5028571428571429
transition 170 1 77 -0.5516482953381592 0.49714285714285716
transition 170 2 960 -0.646878612264604 0.735632183908046
transition 170 2 77 0.3900250124449087 0.26436781609195403
transition 171 0 125 0.865644939055844 1.0
transition 171 1 512 -0.013502360792494228 0.22439256788947118
transition 171 1 882 -0.13044964725917274 0.2134349690328728
transition 171 1 831 -0.12820054937796255 0.10290614578370652
transition 171 1 125 0.7719656242786568 0.4592663172939495
transition 171 2 680 -0.24381450457423903 0.38676967648478994
transition 171 2 322 -0.9051565856792088 0.0453887011105746
transition 171 2 215 -0.7377411034301717 0.3761467889908257
transition 171 2 125 0.4334719406369265 0.19169483341380975
transition 172 0 416 -0.5004265534387502 0.011339475549255847
transition 172 0 61 -0.99197719800779 0.2505315379163714
transition 172 0 148 -0.5955587458521276 0.3479801559177888
transition 172 0 352 -0.7031865050936912 0.09142452161587526
transition 172 0 845 -0.2782468691733708 0.29872430900070873
transition 172 1 233 0.3383393835764801 0.13130615065653076
transition 172 1 639 -0.766822022449398 0.10400829302004147
transition 172 1 142 -0.6206422244637162 0.15549412577747063
transition 172 1 883 0.7424690889783578 0.15307532826537665
transition 172 1 845 0.7448090063014414 0.4561161022805805
transition 172 2 708 0.8072887645332192 0.5193861066235864
transition 172 2 845 0.48950701580609923 0.4806138933764136
transition 173 0 162 0.19914379296141282 0.4076393237319975
transition 173 0 164 -0.7801091831356544 0.14777708202880402
transition 173 0 328 0.7512776521857558 0.08077645585472762
transition 173 0 802 0.6639610811376884 0.3638071383844709
transition 173 1 321 -0.7499744941192692 0.5746376811594203
transition 173 1 802 0.394665750362327 0.42536231884057973
transition 173 2 72 0.025953747566867857 0.12904967602591794
transition 173 2 799 -0.4719879927100996 0.08279337652987762
transition 173 2 140 0.09302133172107352 0.17962562994960404
transition 173 2 384 -0.7588850651152623 0.12832973362131028
transition 173 2 802 -0.9588295162771889 0.48020158387329015
transition 174 0 110 0.6240306318612805 0.5426829268292683
transition 174 0 908 0.2556543539842475 0.4573170731707317
transition 174 1 908 0.5634516169582418 1.0
transition 174 2 624 0.23666482368407538 0.2002906976744186
transition 174 2 90 -0.7442460262864332 0.21017441860465116
transition 174 2 69 0.7432751228518271 0.2061046511627907
transition 174 2 908 0.09543734001366633 0.3834302325581395
transition 175 0 889 0.08374551335361247 0.0404659717964439
transition 175 0 231 -0.08511243584190842 0.20815450643776823
transition 175 0 68 -0.1258024198958998 0.22348252605763336
transition 175 0 972 0.028203538721278232 0.07326793378295524
transition 175 0 636 0.5931691299398638 0.45462906192519925
transition 175 1 520 -0.616806077351888 0.8323529411764706
transition 175 1 636 -0.9523726686495557 0.1676470588235294
transition 175 2 58 -0.17742233726725654 0.32292787944025836
transition 175 2 499 -0.019188876384482745 0.2909939002511661
transition 175 2 636 0.7715917459994046 0.3860782203085755
transition 176 0 763 -0.4546090821508686 0.540625
transition 176 0 444 0.6865067953711337 0.459375
transition 176 1 73 0.5454718627581083 0.6241900647948164
transition 176 1 444 0.7460561215722181 0.3758099352051836
transition 176 2 490 0.8346145244696903 0.006014032743067156
transition 176 2 302 -0.9123880221207459 0.28399599064483794
transition 176 2 577 -0.0021979312094950743 0.24256598730370865
transition 176 2 444 0.7443578717980013 0.46742398930838625
transition 178 0 670 -0.993868566878144 1.0
transition 178 1 611 0.3833594973086505 0.5497835497835498
transition 178 1 670 0.24049418959452118 0.45021645021645024
transition 178 2 746 -0.7671520355927177 0.5759717314487632
transition 178 2 670 -0.3254251942985953 0.42402826855123676
transition 179 0 641 -0.9186976690710145 1.0
transition 179 1 296 -0.055887853151963096 0.15192190359975594
transition 179 1 767 0.31733455206435246 0.262660158633313
transition 179 1 248 0.8371379841103181 0.14704087858450274
transition 179 1 261 0.2989283356554111 0.08541793776693106
transition 179 1 641 -0.5284246100908043 0.35295912141549723
transition 179 2 335 0.21619350457120246 0.18940609951845908
transition 179 2 525 -0.06336972824825149 0.4967897271268058
transition 179 2 641 0.4364485705728065 0.31380417335473515
transition 181 0 620 -0.5735293115741706 0.034753363228699555
transition 181 0 184 -0.7731240152918519 0.2741031390134529
transition 181 0 172 0.1929331299126229 0.19702914798206278
transition 181 0 909 -0.4166814093710556 0.21664798206278027
transition 181 0 457 -0.6661980697137333 0.2774663677130045
transition 181 1 141 0.8757187886753022 0.2653061224489796
transition 181 1 129 -0.25574481268278193 0.2627551020408163
transition 181 1 457 0.6503912730733692 0.4719387755102041
transition 181 2 457 -0.8409119336713997 1.0
transition 182 0 919 0.04318601362227992 0.31781376518218624
transition 182 0 943 0.7177809135986482 0.09210526315789473
transition 182 0 396 0.846407879878464 0.003711201079622132
transition 182 0 922 0.3807984603874901 0.33130904183535764
transition 182 0 6 0.5908885944585529 0.2550607287449393
transition 182 1 6 0.10272529532596075 1.0
transition 182 2 346 0.6828329102146466 0.18126022913256956
transition 182 2 405 -0.11973956326978308 0.15527823240589197
transition 182 2 331 -0.5780604363414674 0.17819148936170212
transition 182 2 339 -0.9319690240719911 0.0630114566284779
transition 182 2 6 -0.05174374121996306 0.42225859247135844
transition 183 0 3 -0.23372014852426037 0.12795773030094187
transition 183 0 8 -0.5961745429622611 0.03308063404548587
transition 183 0 834 -0.44918258568930836 0.1980243510222835
transition 183 0 377 -0.22285751508818175 0.19480817826786123
transition 183 0 958 0.6802392548661533 0.4461291063634275
transition 183 1 163 -0.8104171061101046 0.25925925925925924
transition 183 1 212 0.022320407476427384 0.055161544523246654
transition 183 1 817 0.21572694678070325 0.3735224586288416
transition 183 1 958 -0.45394946131295777 0.3120567375886525
transition 183 2 818 0.7155440988200317 0.09154194222067526
transition 183 2 401 0.12209625041003513 0.09571876087713192
transition 183 2 883 0.8707348752368147 0.3324051514096763
transition 183 2 727 0.5723617334565032 0.30838844413505045
transition 183 2 958 0.5040796138921828 0.17194570135746606
transition 184 0 879 0.3817349638936831 0.25857200484066156
transition 184 0 372 0.3942294039108858 0.07341670028237192
transition 184 0 180 -0.48677687114058665 0.1690197660346914
transition 184 0 745 0.41263289997936226 0.26865671641791045
transition 184 0 348 0.4267385789793403 0.23033481242436465
transition 184 1 462 -0.5673206930022803 0.4170996693434105
transition 184 1 352 -0.15975044267773497 0.10722720831365139
transition 184 1 348 0.2252924223140369 0.4756731223429381
transition 184 2 427 -0.2699181639585597 0.22354694485842028
transition 184 2 377 -0.3374892328014183 0.21311475409836064
transition 184 2 847 -0.9641361459172832 0.12757078986587184
transition 184 2 348 -0.4523014547424544 0.43576751117734724
transition 185 0 440 -0.3882525267404069 1.0
transition 185 1 585 0.7351920538624674 0.14838467317806162
transition 185 1 652 0.6711749600923786 0.045078888054094664
transition 185 1 514 -0.9560794945145012 0.005634861006761833
transition 185 1 698 0.14946967744997863 0.32982719759579265
transition 185 1 440 -0.5860202897219928 0.47107438016528924
transition 185 2 696 -0.14552062389316478 0.6714015151515151
transition 185 2 440 0.3428532618554978 0.32859848484848486
transition 186 0 734 0.07254402931561388 0.23181641384675222
transition 186 0 998 0.6552329844371734 0.37689614935822635
transition 186 0 985 0.8509466625403339 0.39128743679502137
transition 186 1 498 -0.4011444667026751 0.4858420268256334
transition 186 1 733 -0.512196334768334 0.2459016393442623
transition 186 1 985 -0.8320132106027993 0.26825633383010433
transition 186 2 910 0.6855766029520294 0.152
transition 186 2 575 -0.3575609942759337 0.15587096774193548
transition 186 2 943 -0.7076434961495561 0.24645161290322581
transition 186 2 922 -0.9857877533465726 0.11458064516129032
transition 186 2 985 0.9196025290598897 0.3310967741935484
transition 187 0 725 0.23135578040624138 0.8167456556082149
transition 187 0 418 -0.41750026639556315 0.18325434439178515
transition 187 1 187 0.6004741377029124 0.1301775147928994
transition 187 1 135 0.02599685111922434 0.19301211608903918
transition 187 1 756 -0.2096897991520832 0.05381797689489997
transition 187 1 757 0.3421414183679683 0.1944209636517329
transition 187 1 418 0.025220428849113574 0.42857142857142855
transition 187 2 529 0.39877442783789596 0.18823529411764706
transition 187 2 519 -0.6537373184535968 0.21497326203208555
transition 187 2 291 0.28072841468027865 0.16042780748663102
transition 187 2 418 0.7544151030673341 0.43636363636363634
transition 188 0 834 0.5461500219128341 0.6267217630853994
transition 188 0 918 -0.84550164661006 0.37327823691460055
transition 188 1 918 -0.6243824228449595 1.0
transition 188 2 925 0.8259112770530121 0.14150129421915444
transition 188 2 967 -0.4888733651132524 0.2102387115329307
transition 188 2 604 0.6619772064293397 0.14869140063272937
transition 188 2 918 0.8830372014857153 0.4995685936151855
transition 189 0 821 0.32942201836440543 0.34807417974322397
transition 189 0 102 -0.3054847747436924 0.275320970042796
transition 189 0 628 -0.19355644012720452 0.06490727532097004
transition 189 0 865 0.8158810393865128 0.04136947218259629
transition 189 0 743 -0.45031527110202285 0.2703281027104137
transition 189 1 569 -0.050204594397480484 0.5753768844221105
transition 189 1 743 0.0794305067155956 0.42462311557788945
transition 189 2 743 0.6421470182160758 1.0
transition 190 0 746 0.28212347242777236 0.21695827725437417
transition 190 0 209 0.9033654151485957 0.20888290713324362
transition 190 0 947 0.3583124300846081 0.10686406460296097
transition 190 0 511 0.31950881366145834 0.46729475100942125
transition 190 1 511 0.8610092409348389 1.0
transition 190 2 407 -0.048029025288031546 0.7687338501291989
transition 190 2 511 -0.8078122202873808 0.23126614987080105
transition 191 0 319 -0.28272340183677547 0.6491228070175439
transition 191 0 929 -0.26675334462506206 0.3508771929824561
transition 191 1 746 0.6915898727300949 0.2316249503377036
transition 191 1 509 -0.7961836056538674 0.29797377830750893
transition 191 1 929 0.7740249755947777 0.47040127135478743
transition 191 2 413 -0.78484831117602 0.6290087463556852
transition 191 2 929 0.4446050172527676 0.37099125364431484
transition 192 0 422 0.3453265085672379 1.0
transition 192 1 422 -0.24444409970976966 1.0
transition 192 2 622 0.36485216863155223 0.1628498727735369
transition 192 2 739 0.09630925754115838 0.15345468780583285
transition 192 2 827 0.41271491783155057 0.058719906048150326
transition 192 2 244 -0.5962894332443107 0.15130162458406735
transition 192 2 422 0.8741652668021322 0.4736739087884126
transition 194 0 807 0.2190541714975629 0.3587830080367394
transition 194 0 619 -0.6526045301161238 0.29621125143513205
transition 194 0 978 0.951839482544065 0.3450057405281286
transition 194 1 63 -0.3106591130427139 0.20960334029227556
transition 194 1 505 0.1890011759379635 0.3089770354906054
transition 194 1 101 0.9918492159137677 0.2651356993736952
transition 194 1 978 0.3321064963374156 0.2162839248434238
transition 194 2 21 0.5011002125114585 0.2348262871494349
transition 194 2 356 0.9484795146795835 0.2771033905399749
transition 194 2 349 -0.5364935679385678 0.10548346588530766
transition 194 2 747 -0.4213389062063937 0.06822938467978233
transition 194 2 978 -0.9565542737360715 0.3143574717455002
transition 195 0 63 -0.88905737162843 0.28327228327228327
transition 195 0 459 -0.7841057504973101 0.0993080993080993
transition 195 0 404 0.12648962544898912 0.14407814407814407
transition 195 0 43 0.011622721252876556 0.47334147334147336
transition 195 1 598 0.702206941786419 0.5100222717149221
transition 195 1 43 0.04069390035667664 0.48997772828507796
transition 195 2 815 -0.41628179011144884 0.2924488944513976
transition 195 2 691 0.5412945957972002 0.23821443471005424
transition 195 2 43 -0.5577738267920742 0.4693366708385482
transition 196 0 226 0.751142432146616 0.144793152639087
transition 196 0 554 0.9647303819995525 0.09664764621968616
transition 196 0 683 -0.5136964503215193 0.08701854493580599
transition 196 0 472 0.3695699468839484 0.3042082738944365
transition 196 0 900 0.7164695511687067 0.3673323823109843
transition 196 1 900 -0.6849156108321459 1.0
transition 196 2 900 0.35079229100190834 1.0
transition 197 0 188 -0.04497204757683515 0.07239512855209743
transition 197 0 513 0.8025410363857299 0.577807848443843
transition 197 0 163 0.47953054594193634 0.3497970230040595
transition 197 1 272 0.4125059737545673 0.20862148455509452
transition 197 1 819 0.08314165329149814 0.1585984324573536
transition 197 1 659 0.9516990748315122 0.0004610419548178884
transition 197 1 739 -0.3340529744292533 0.17058552328261872
transition 197 1 163 -0.4796221046916229 0.4617335177501153
transition 197 2 804 0.14546016575152998 0.17995910020449898
transition 197 2 696 0.7069573605410009 0.3231083844580777
transition 197 2 163 0.6017621214724194 0.49693251533742333
transition 199 0 845 0.48210237846248494 0.0016877637130801688
transition 199 0 775 0.730022132310908 0.12658227848101267
transition 199 0 408 -0.7446238220322077 0.470042194092827
transition 199 0 762 0.6109452060568248 0.4016877637130802
transition 199 1 827 -0.8539221210813206 0.49846531614487416
transition 199 1 958 -0.11996606033266244 0.1614487415592388
transition 199 1 762 0.004168971257288545 0.34008594229588707
transition 199 2 60 -0.430782863154759 0.21754636233951496
transition 199 2 529 -0.4435133205461499 0.1825962910128388
transition 199 2 332 -0.3830933072838718 0.17261055634807418
transition 199 2 374 -0.10790850000024221 0.0905848787446505
transition 199 2 762 -0.37889460624329674 0.33666191155492153
transition 200 0 443 0.1414759819675886 0.6305418719211823
transition 200 0 647 -0.27543720846150443 0.3694581280788177
transition 200 1 647 0.7387630216176171 1.0
transition 200 2 781 0.8331337289602327 0.23800794378246257
transition 200 2 123 -0.3737336877617299 0.30033608310418575
transition 200 2 125 -0.3974414468982894 0.12098991750687443
transition 200 2 391 -0.32577906955893465 0.020470516345860067
transition 200 2 647 0.3837441428516375 0.32019553926061717
transition 201 0 911 -0.5951357173983118 0.045288912024986985
transition 201 0 124 0.5795047965399598 0.15981259760541386
transition 201 0 894 0.8813309203563864 0.4112441436751692
transition 201 0 959 0.39888032064162915 0.38365434669443
transition 201 1 301 0.7986117133340525 0.08506224066390042
transition 201 1 484 0.36803602730865204 0.16874135546334718
transition 201 1 763 -0.24906529128771404 0.2676348547717842
transition 201 1 959 -0.3327251735814192 0.4785615491009682
transition 201 2 342 -0.48326624035514154 0.7083333333333334
transition 201 2 959 -0.23303652556894305 0.2916666666666667
transition 203 0 39 0.8990933780644241 1.0
transition 203 1 53 -0.3847658323926548 0.528838342810723
transition 203 1 39 -0.6191398181223435 0.471161657189277
transition 203 2 823 -0.4762202469778196 0.19266666666666668
transition 203 2 515 -0.15150598906876467 0.151
transition 203 2 89 -0.25944914648482054 0.31766666666666665
transition 203 2 39 -0.16001119145395726 0.33866666666666667
transition 204 0 329 0.5581110462907515 0.17941747572815533
transition 204 0 354 -0.25906725536749775 0.27184466019417475
transition 204 0 555 -0.49136934701004154 0.005825242718446602
transition 204 0 677 0.7839790934189603 0.20932038834951455
transition 204 0 185 -0.25037766556592733 0.33359223300970875
transition 204 1 185 -0.1731216480556712 1.0
transition 204 2 185 0.829959141066537 1.0
transition 205 0 123 0.00969344352673196 0.28145229383619474
transition 205 0 305 -0.8856210434237353 0.18181818181818182
transition 205 0 400 -0.48638587699992164 0.09878975513650436
transition 205 0 585 0.5453032143838847 0.19589079650999155
transition 205 0 683 -0.1474348811449504 0.2420489726991275
transition 205 1 6 -0.998491454660666 0.8271186440677966
transition 205 1 683 0.16381957640475098 0.17288135593220338
transition 205 2 778 -0.1639395686331624 0.1490299823633157
transition 205 2 280 -0.3361790305723673 0.5485008818342152
transition 205 2 683 -0.9399666959771593 0.30246913580246915
transition 206 0 699 -0.3579801920538155 0.11814814814814815
transition 206 0 590 -0.8548205010373295 0.32481481481481483
transition 206 0 948 -0.395702898984446 0.13703703703703704
transition 206 0 76 -0.2444751758460506 0.42
transition 206 1 76 -0.4661663325705958 1.0
transition 206 2 76 0.4285759011690793 1.0
transition 207 0 906 -0.7245629079500058 0.11726078799249531
transition 207 0 772 -0.7414114428811538 0.550656660412758
transition 207 0 325 0.8460585606461966 0.3320825515947467
transition 207 1 269 -0.09035620162679447 0.7072649572649573
transition 207 1 325 -0.47420235543499456 0.29273504273504275
transition 207 2 325 0.4884847573175446 1.0
transition 208 0 338 0.7786828716896996 0.6724137931034483
transition 208 0 792 0.3082041317831896 0.3275862068965517
transition 208 1 792 -0.1814356841409035 1.0
transition 208 2 448 -0.9966394758423331 0.5539739027283511
transition 208 2 792 0.5257570776320619 0.4460260972716489
transition 209 0 72 0.01371905601828205 1.0
transition 209 1 72 -0.6359083670804062 1.0
transition 209 2 672 -0.6848647712109133 0.09923664122137404
transition 209 2 570 0.3484700373621876 0.7347328244274809
transition 209 2 72 0.3281074152481456 0.16603053435114504
transition 210 0 798 0.6912042100081792 0.2756882512601784
transition 210 0 422 -0.290339999605266 0.09305932531989143
transition 210 0 909 0.2569623437001576 0.24621946490887942
transition 210 0 721 -0.904107678646634 0.3850329585110508
transition 210 1 345 -0.734792347715505 0.7706270627062707
transition 210 1 721 0.476529743458213 0.22937293729372937
transition 210 2 956 -0.05909480251455501 0.47715736040609136
transition 210 2 923 0.2086032184283022 0.02233502538071066
transition 210 2 718 -0.004217937827421636 0.06954314720812182
transition 210 2 206 -0.9006907688091821 0.22690355329949238
transition 210 2 721 -0.5598302613599424 0.20406091370558377
transition 211 0 872 0.40367177172890956 0.10515873015873016
transition 211 0 885 0.44683771853351084 0.3492063492063492
transition 211 0 177 0.1145198535570151 0.18452380952380953
transition 211 0 875 0.18673633642723386 0.3611111111111111
transition 211 1 240 0.6792138430622119 0.7142857142857143
transition 211 1 875 -0.8411599819198072 0.2857142857142857
transition 211 2 62 -0.40856145166267366 0.04303086997193639
transition 211 2 238 0.7194883131267025 0.6529466791393826
transition 211 2 875 -0.6543364704663703 0.304022450888681
transition 212 0 565 -0.819573817036438 0.23984336759667158
transition 212 0 322 -0.23061811151423695 0.07464512971120901
transition 212 0 885 0.7191982719573293 0.0714635340186001
transition 212 0 708 -0.27658363568376254 0.22148800783162018
transition 212 0 521 -0.18981353074623808 0.39255996084189915
transition 212 1 290 -0.27090887308825873 0.05963665086887836
transition 212 1 508 0.6612796188671781 0.36808846761453395
transition 212 1 272 -0.8789006046128951 0.1627172195892575
transition 212 1 521 0.6944068066048295 0.4095576619273302
transition 212 2 676 0.5505046584791815 0.10589519650655022
transition 212 2 844 0.5545469061650257 0.3508005822416303
transition 212 2 644 -0.15529354000585904 0.05931586608442504
transition 212 2 935 -0.6093434781660103 0.2336244541484716
transition 212 2 521 -0.06571550718958963 0.25036390101892286
transition 214 0 311 -0.6891958860678264 0.3628691983122363
transition 214 0 244 0.9084598799405517 0.42287857477730895
transition 214 0 513 0.645591269769952 0.21425222691045476
transition 214 1 142 0.2791475107437693 0.2992269213278763
transition 214 1 189 0.4909141734737146 0.4297407912687585
transition 214 1 513 -0.6055729618839196 0.27103228740336516
transition 214 2 187 -0.1443683582501163 0.03036876355748373
transition 214 2 848 0.2992401430363991 0.23716558206796817
transition 214 2 203 0.19884601815258218 0.10918293564714389
transition 214 2 872 -0.8527419899188509 0.25958062183658714
transition 214 2 513 0.931098101462585 0.36370209689081706
transition 215 0 808 0.15041378122019777 0.07357759904676794
transition 215 0 557 0.8404670227984987 0.049151027703306524
transition 215 0 104 0.7535663967725126 0.23354185284480192
transition 215 0 641 -0.5181719927544806 0.1632409889782544
transition 215 0 370 0.5674089601255605 0.4804885314268692
transition 215 1 370 -0.21929238722747812 1.0
transition 215 2 734 0.5585328710385817 0.3735763097949886
transition 215 2 109 0.8674434820246866 0.39104024297646167
transition 215 2 370 0.8764211933114605 0.23538344722854973
transition 217 0 604 0.048439370409286475 0.0771380659586361
transition 217 0 943 0.9819428008892634 0.2694242593627725
transition 217 0 591 0.21276051917452876 0.21073225265511458
transition 217 0 950 -0.8401583660680356 0.4427054220234768
transition 217 1 737 0.1350284800180679 0.4939879759519038
transition 217 1 71 0.7994271882902397 0.06362725450901803
transition 217 1 950 0.08913271164774694 0.4423847695390782
transition 217 2 135 0.9868365255673222 0.3158974358974359
transition 217 2 8 -0.7983766517491377 0.11743589743589744
transition 217 2 892 0.3085521443665087 0.22974358974358974
transition 217 2 950 -0.956570504752529 0.33692307692307694
transition 218 0 387 -0.7790580219092815 0.05099502487562189
transition 218 0 423 0.7083848547234222 0.22823383084577115
transition 218 0 487 0.9129307499564212 0.23507462686567165
transition 218 0 469 -0.6293590003637377 0.48569651741293535
transition 218 1 451 -0.1483136753931067 0.08108108108108109
transition 218 1 593 -0.6121136178799162 0.010810810810810811
transition 218 1 478 -0.3442564690277006 0.44084084084084085
transition 218 1 731 0.6515945714350708 0.24624624624624625
transition 218 1 469 0.4813223798879316 0.22102102102102103
transition 218 2 469 0.1485703049983329 1.0
transition 219 0 834 0.35628954441605654 0.225557461406518
transition 219 0 595 -0.5937372149017497 0.03516295025728988
transition 219 0 725 -0.7873127234006165 0.40694682675814753
transition 219 0 48 -0.29294211973891615 0.3323327615780446
transition 219 1 43 0.40411135644956664 0.12251369270683193
transition 219 1 768 0.33110117884253376 0.15451138656673394
transition 219 1 215 -0.4089005860300865 0.15451138656673394
transition 219 1 590 0.2047525283966658 0.22859613721533584
transition 219 1 48 -0.5810900661206828 0.33986739694436435
transition 219 2 168 0.2409252653555669 0.5389856169568509
transition 219 2 48 0.3414619879758187 0.4610143830431491
transition 220 0 550 0.14999569059634665 0.6
transition 220 0 141 0.3426576288771759 0.4
transition 220 1 231 0.5572855183400851 0.35046728971962615
transition 220 1 635 0.590144005664633 0.2266355140186916
transition 220 1 141 -0.2054105742408352 0.42289719626168226
transition 220 2 983 0.67291848807543 0.25804375804375806
transition 220 2 9 0.8105561593449264 0.24292149292149293
transition 220 2 91 0.07540309805161605 0.09877734877734878
transition 220 2 141 -0.6600878087908242 0.40025740025740025
transition 221 0 172 0.3056932428935626 0.6826801517067004
transition 221 0 824 0.05731932565065856 0.3173198482932996
transition 221 1 824 0.3071553562218652 1.0
transition 221 2 344 0.9612799565574617 0.16034782608695652
transition 221 2 159 -0.10187446641973019 0.17078260869565218
transition 221 2 862 -0.2849594351901321 0.2573913043478261
transition 221 2 824 -0.8291564238089475 0.41147826086956524
transition 222 0 187 -0.12488041058713106 0.7405812701829925
transition 222 0 304 -0.3960831119316921 0.25941872981700753
transition 222 1 55 0.15498530900511653 0.41120689655172415
transition 222 1 983 -0.22326711647915198 0.12241379310344827
transition 222 1 261 -0.19788834810172284 0.15258620689655172
transition 222 1 110 -0.818398951124806 0.05517241379310345
transition 222 1 304 0.7432155573430426 0.25862068965517243
transition 222 2 227 -0.532368897419589 0.20740351798372275
transition 222 2 641 0.5773059233702178 0.14518246258860593
transition 222 2 79 -0.8431109684515385 0.2499343659753216
transition 222 2 304 0.04517615493478022 0.3974796534523497
transition 223 0 338 0.9214529246833612 0.7626016260162601
transition 223 0 772 0.20880739243818458 0.23739837398373984
transition 223 1 772 -0.9451597696082243 1.0
transition 223 2 867 -0.7364647097099117 0.5103127079174984
transition 223 2 772 -0.6329517222585761 0.48968729208250167
transition 224 0 78 -0.3518002448956645 0.46723044397463004
transition 224 0 721 -0.19280661327869497 0.08086680761099366
transition 224 0 421 -0.221449013864216 0.04386892177589852
transition 224 0 287 0.9762031150431119 0.4080338266384778
transition 224 1 360 0.3953385522814632 0.20604565083281925
transition 224 1 68 0.11839372560676176 0.2446020974706971
transition 224 1 358 0.36987938981155577 0.016039481801357187
transition 224 1 845 0.6318779851794025 0.1458975940777298
transition 224 1 287 -0.7683235645280797 0.38741517581739665
transition 224 2 162 -0.07925071205086809 0.7628304821150855
transition 224 2 287 -0.7131254350909682 0.23716951788491447
transition 225 0 555 0.8177556303505196 0.23020063357972545
transition 225 0 915 0.18239440154945052 0.13199577613516367
transition 225 0 481 -0.05881582359073101 0.14783526927138332
transition 225 0 483 -0.8134156695301282 0.48996832101372756
transition 225 1 248 -0.21477714449456986 0.3997434801197093
transition 225 1 264 0.5683308979482846 0.07396323215049166
transition 225 1 659 0.04796320027203005 0.168875587858059
transition 225 1 452 -0.020508574798464574 0.1145788798631894
transition 225 1 483 -0.9332283998848507 0.24283882000855067
transition 225 2 483 -0.39425990344691497 1.0
transition 226 0 692 -0.8447923407395488 0.6304347826086957
transition 226 0 496 0.9758328979796107 0.3695652173913043
transition 226 1 903 0.2662589387139602 0.30092592592592593
transition 226 1 219 0.6296118243905504 0.16582491582491582
transition 226 1 162 0.07426555506373189 0.1691919191919192
transition 226 1 496 0.3951579859290979 0.3640572390572391
transition 226 2 115 -0.9222321064398253 0.4483333333333333
transition 226 2 337 0.20309003709316897 0.12333333333333334
transition 226 2 496 0.13470316194391874 0.42833333333333334
transition 227 0 108 0.8250792954929698 0.7936507936507936
transition 227 0 354 0.9332671322924868 0.20634920634920634
transition 227 1 19 -0.17686383608360456 0.3247404224847834
transition 227 1 428 -0.8180796451696113 0.2764052989616899
transition 227 1 354 0.3904026333323214 0.3988542785535267
transition 227 2 631 -0.11560709026236782 0.06227967097532315
transition 227 2 565 0.25877612621242196 0.44594594594594594
transition 227 2 354 -0.016228016230844355 0.4917743830787309
transition 228 0 989 0.7587684573128293 1.0
transition 228 1 989 0.8282116373692272 1.0
transition 228 2 875 0.1734241110337178 0.31140350877192985
transition 228 2 273 -0.31506061260332574 0.5131578947368421
transition 228 2 989 -0.24975138308282174 0.17543859649122806
transition 229 0 478 -0.6704836040056628 1.0
transition 229 1 478 -0.7859529578599445 1.0
transition 229 2 651 0.9090767569340623 0.6079734219269103
transition 229 2 669 0.9707155495609641 0.16196013289036545
transition 229 2 478 0.301414494045698 0.23006644518272426
transition 230 0 641 0.935440144797298 0.5310344827586206
transition 230 0 434 0.7311308089261019 0.4689655172413793
transition 230 1 234 -0.7908987029585137 0.7518796992481203
transition 230 1 434 -0.2691682750976274 0.24812030075187969
transition 230 2 531 -0.9812534542549587 0.11020663744520977
transition 230 2 557 0.5128226920211063 0.6017532874139011
transition 230 2 434 0.7643631340913892 0.28804007514088914
transition 231 0 872 0.06166896825947066 0.1111111111111111
transition 231 0 774 -0.24069598778081414 0.1684105630293971
transition 231 0 797 0.9891579523504817 0.23168908819133036
transition 231 0 866 -0.7287726170750441 0.09990034877927255
transition 231 0 212 0.8808189703464304 0.3888888888888889
transition 231 1 489 -0.5322041867598928 0.5166666666666667
transition 231 1 212 0.9231497082967974 0.48333333333333334
transition 231 2 401 -0.43923475873127904 0.7262180974477959
transition 231 2 212 0.8053721740163851 0.2737819025522042
transition 232 0 444 -0.8259615629199799 0.7134986225895317
transition 232 0 997 0.9559755662952256 0.2865013774104683
transition 232 1 242 -0.6550670991533902 0.2751050910789351
transition 232 1 635 0.6737191429124032 0.14759458197104158
transition 232 1 595 0.9755343009021054 0.09574964969640355
transition 232 1 997 -0.6551656969552608 0.48155067725361983
transition 232 2 211 -0.19447752562000775 0.11693548387096774
transition 232 2 829 0.2868751958442137 0.35373900293255134
transition 232 2 383 0.16722278589112505 0.13269794721407624
transition 232 2 997 0.7663061099618518 0.3966275659824047
transition 234 0 864 0.7087508564098799 1.0
transition 234 1 286 0.22444720705357257 0.5624538063562454
transition 234 1 864 -0.908455582786555 0.43754619364375463
transition 234 2 723 0.2880394114936129 0.7474402730375427
transition 234 2 864 -0.46844295486973 0.2525597269624573
transition 235 0 862 -0.925423289470739 0.32995194874532835
transition 235 0 700 0.46142538312472325 0.2872397223705286
transition 235 0 910 0.8739577660128932 0.04751735184196476
transition 235 0 238 -0.9489543441708905 0.3352909770421783
transition 235 1 514 0.12016430704424064 0.2844106463878327
transition 235 1 164 0.38578699615671463 0.23574144486692014
transition 235 1 958 0.8590891632210023 0.16768060836501902
transition 235 1 238 0.08913133625904623 0.31216730038022816
transition 235 2 39 0.8016822152917134 0.10204081632653061
transition 235 2 551 -0.2892476803737887 0.2927295918367347
transition 235 2 46 -0.6409048935731059 0.044642857142857144
transition 235 2 519 0.36597003915942805 0.28061224489795916
transition 235 2 238 0.9671283560256796 0.2799744897959184
transition 236 0 281 -0.38938767314991396 0.20798898071625344
transition 236 0 308 -0.6460458723120714 0.334366391184573
transition 236 0 533 -0.13173403188923616 0.11329201101928375
transition 236 0 38 0.8863652833947007 0.3443526170798898
transition 236 1 714 0.38557762095354 0.14376187460417986
transition 236 1 493 0.869264723277936 0.04179860671310956
transition 236 1 790 -0.5911153093875265 0.2612412919569348
transition 236 1 473 0.8423332513795032 0.22355921469284357
transition 236 1 38 -0.5601811310248284 0.3296390120329322
transition 236 2 658 0.15850605383860916 0.10806503028371055
transition 236 2 72 0.550088545034052 0.18170226330889386
transition 236 2 245 0.07230087152445197 0.21517373286579536
transition 236 2 38 0.8501111647421036 0.4950589735416003
transition 238 0 582 0.267482208383067 0.2505030181086519
transition 238 0 786 0.04138676580041012 0.2937625754527163
transition 238 0 279 0.99946334237565 0.18678739101274314
transition 238 0 778 0.33659875756134205 0.025486250838363516
transition 238 0 236 0.5298191678263287 0.24346076458752516
transition 238 1 626 -0.29756891748906966 0.516725352112676
transition 238 1 236 -0.19419670821981883 0.48327464788732394
transition 238 2 730 -0.8167792379503884 0.5330049261083744
transition 238 2 236 -0.23761129038083317 0.4669950738916256
transition 239 0 933 -0.7533079700076002 0.36807817589576547
transition 239 0 274 -0.8660635358282331 0.24158523344191096
transition 239 0 171 -0.519145079931361 0.39033659066232357
transition 239 1 178 0.32628529711891874 0.575
transition 239 1 171 0.4770501423833211 0.425
transition 239 2 243 -0.4867236670281576 0.39157427937915745
transition 239 2 167 -0.7654594197386186 0.21906873614190686
transition 239 2 171 0.5755415479188377 0.3893569844789357
transition 240 0 855 0.6024919009206451 0.6863189720332578
transition 240 0 251 -0.7379149293838483 0.31368102796674224
transition 240 1 989 0.42265194803762984 0.3107319263583296
transition 240 1 205 -0.3664733889424754 0.42613381230354735
transition 240 1 251 0.9269473475474668 0.263134261338123
transition 240 2 209 0.9526925070000978 0.15834557023984336
transition 240 2 553 0.19954205445174011 0.16054821341164954
transition 240 2 338 -0.6658988722331616 0.20484581497797358
transition 240 2 876 -0.4226233561908952 0.16030347528144884
transition 240 2 251 0.5954407591572699 0.31595692608908466
transition 241 0 562 0.5256306497058885 0.23190789473684212
transition 241 0 309 0.7696595948039144 0.5657894736842105
transition 241 0 58 0.38169232908687256 0.20230263157894737
transition 241 1 490 0.9710222744185386 0.3219465033838221
transition 241 1 270 -0.853026535892699 0.039961327747341284
transition 241 1 579 0.5634127808405169 0.16532388011601676
transition 241 1 58 -0.9919649150111609 0.47276828875281984
transition 241 2 265 -0.8444547081633911 0.2059645852749301
transition 241 2 418 0.47438706336349945 0.1863932898415657
transition 241 2 998 -0.18150356121602917 0.12301957129543337
transition 241 2 58 -0.6170526230958326 0.4846225535880708
transition 242 0 234 -0.0677089413391192 0.14094739901191514
transition 242 0 582 -0.24972085872688865 0.2906131938390003
transition 242 0 368 -0.48964268410975786 0.014240046498111014
transition 242 0 810 0.9517911157885182 0.26416739319965127
transition 242 0 390 -0.9975570845277373 0.2900319674513223
transition 242 1 600 0.7458305072277913 0.06864064602960969
transition 242 1 575 -0.3845062881672807 0.506056527590848
transition 242 1 390 -0.7657327866857173 0.4253028263795424
transition 242 2 390 -0.9312238749879895 1.0
transition 243 0 81 0.546967493921265 1.0
transition 243 1 683 0.0767270948980403 0.14064362336114422
transition 243 1 662 0.019347536406882027 0.14278903456495828
transition 243 1 486 -0.6245874695073115 0.007628128724672229
transition 243 1 980 -0.16844894030194957 0.22121573301549463
transition 243 1 81 0.3569980592730877 0.48772348033373064
transition 243 2 752 -0.2062477214861249 0.24376508447304907
transition 243 2 987 -0.3375594578615191 0.08420488066505766
transition 243 2 304 0.35793591404806224 0.1550013408420488
transition 243 2 715 0.06596780784750211 0.14025207830517564
transition 243 2 81 0.7928139337659648 0.3767766157146688
transition 244 0 558 -0.7736719856057528 1.0
transition 244 1 198 -0.35394421242089313 0.1299730543667776
transition 244 1 524 0.726770548795117 0.15549215406562053
transition 244 1 985 0.32282155685899894 0.15596766524013314
transition 244 1 97 0.7819993939099643 0.06371849738468854
transition 244 1 558 -0.8242492752227324 0.49484862894278014
transition 244 2 987 -0.22888860469078787 0.036055923473142015
transition 244 2 804 0.02546521033882687 0.19352465047829287
transition 244 2 646 0.47440840235995374 0.04611233750306598
transition 244 2 854 -0.8549126925363697 0.2305616875153299
transition 244 2 558 -0.7020332776329767 0.49374540103016923
transition 245 0 710 0.22063770888391065 0.6231263383297645
transition 245 0 235 -0.8991344478541197 0.37687366167023556
transition 245 1 235 0.17540540299542018 1.0
transition 245 2 427 0.808529781464274 0.13604603370324703
transition 245 2 744 -0.933227015341729 0.20674064940402795
transition 245 2 134 -0.573831098667984 0.2322235922729141
transition 245 2 235 0.7144582731993363 0.42498972461981094
transition 246 0 947 0.00802036618555424 0.24522799575821846
transition 246 0 432 0.2468334479584906 0.06945917285259809
transition 246 0 219 0.0037934722751384875 0.08695652173913043
transition 246 0 760 -0.960848271311679 0.13414634146341464
transition 246 0 811 -0.7071634932172406 0.4642099681866384
transition 246 1 637 -0.31125451067920773 0.7222222222222222
transition 246 1 811 -0.8768701926020448 0.2777777777777778
transition 246 2 811 0.28963482115359906 1.0
transition 247 0 205 0.9502463924945912 0.6607369758576874
transition 247 0 599 0.7124752346503345 0.3392630241423126
transition 247 1 420 -0.25735376462689574 0.17218543046357615
transition 247 1 245 -0.3246594976173782 0.3748344370860927
transition 247 1 559 -0.7242455991676069 0.17350993377483442
transition 247 1 599 -0.6252348539876422 0.27947019867549666
transition 247 2 462 -0.2483242797569456 0.20911895783339046
transition 247 2 816 -0.328069010515462 0.11347274597188893
transition 247 2 307 0.13732803648119374 0.25128556736372987
transition 247 2 599 -0.651343841363629 0.4261227288309907
transition 248 0 534 -0.04415467287858754 1.0
transition 248 1 906 -0.041612757986797755 0.6824324324324325
transition 248 1 534 0.21247496862370885 0.31756756756756754
transition 248 2 880 -0.6552960990299601 0.19929006085192696
transition 248 2 162 -0.8288230575486133 0.2013184584178499
transition 248 2 691 0.160128060373953 0.2317444219066937
transition 248 2 534 -0.4345851239677423 0.36764705882352944
transition 250 0 246 0.2749663575737935 0.7977941176470589
transition 250 0 105 -0.5905431261566816 0.20220588235294118
transition 250 1 79 0.9109351326420323 0.3460272684532205
transition 250 1 376 0.01632523343039871 0.24259520451339917
transition 250 1 105 0.7330818061520998 0.4113775270333804
transition 250 2 105 -0.45235110054885763 1.0
transition 251 0 428 -0.21427689951178586 0.33454810495626824
transition 251 0 341 -0.5733929403449873 0.3622448979591837
transition 251 0 420 0.11290511868194564 0.3032069970845481
transition 251 1 95 0.5492636695265618 0.07084870848708487
transition 251 1 481 0.5180597538491185 0.6302583025830258
transition 251 1 420 0.4300120802351788 0.2988929889298893
transition 251 2 408 -0.9255586075725524 0.8888888888888888
transition 251 2 420 -0.6649748110386255 0.1111111111111111
transition 252 0 223 0.9810052820964847 1.0
transition 252 1 584 -0.9625237725604328 0.696
transition 252 1 223 0.15869676892512197 0.304
transition 252 2 286 0.6776630583567922 0.11021411021411022
transition 252 2 394 0.9867048075580851 0.25623025623025625
transition 252 2 189 -0.17796166623668608 0.026676026676026678
transition 252 2 620 0.7007055836174227 0.3443313443313443
transition 252 2 223 -0.6371443499354161 0.2625482625482625
transition 253 0 667 -0.8198714875841588 0.8082191780821918
transition 253 0 633 -0.10702314952804715 0.1917808219178082
transition 253 1 4 0.44505452979353777 0.19024529378208785
transition 253 1 749 -0.9729612403667558 0.27809469480889903
transition 253 1 469 0.020017897069105617 0.13377067883628066
transition 253 1 725 0.3528356916631328 0.1583000570450656
transition 253 1 633 -0.23133979438539187 0.23958927552766685
transition 253 2 516 0.8688208841813672 0.5403174603174603
transition 253 2 633 -0.07376962426064959 0.4596825396825397
transition 254 0 246 -0.9121475273774353 0.2804969879518072
transition 254 0 436 0.829230900542379 0.1302710843373494
transition 254 0 652 -0.9451213216871039 0.17996987951807228
transition 254 0 270 0.5575341516611343 0.002259036144578313
transition 254 0 920 0.9749529153481591 0.4070030120481928
transition 254 1 55 -0.7891905967845321 0.03043691703485518
transition 254 1 270 0.3249472339739157 0.4059891998036328
transition 254 1 651 0.32346970983838386 0.12567501227295041
transition 254 1 920 -0.25170760307933815 0.4378988708885616
transition 254 2 920 -0.9086338979331394 1.0
transition 255 0 733 0.534807903160722 0.33162142333088773
transition 255 0 958 0.9847347825571666 0.20066030814380045
transition 255 0 690 -0.8120771989580797 0.4677182685253118
transition 255 1 53 0.49064402720286693 0.26814404432132966
transition 255 1 171 0.7172361230587603 0.34238227146814404
transition 255 1 690 -0.12797335871772497 0.3894736842105263
transition 255 2 831 0.0017798806776119225 0.19406150583244963
transition 255 2 611 -0.33892928943551204 0.25804171085189115
transition 255 2 51 0.028559542551191752 0.05867797808412867
transition 255 2 166 0.9041630359764687 0.019088016967126194
transition 255 2 690 -0.10359181580689802 0.4701307882644044
transition 256 0 807 0.2546552272159206 0.5592039800995025
transition 256 0 204 -0.07742611333286353 0.4407960199004975
transition 256 1 503 0.9926086621891057 0.19848975188781015
transition 256 1 230 0.8167162428079671 0.17475728155339806
transition 256 1 586 -0.6658281243317123 0.2594390507011866
transition 256 1 204 -0.4128171049921081 0.3673139158576052
transition 256 2 763 -0.378856329705044 0.09296482412060302
transition 256 2 13 0.6729698717530364 0.07726130653266332
transition 256 2 880 0.9074078048691336 0.2889447236180904
transition 256 2 18 -0.10882964472148071 0.2562814070351759
transition 256 2 204 -0.4606577027114622 0.28454773869346733
transition 257 0 891 0.6534170539171196 0.5402504472271914
transition 257 0 733 0.8371315346240624 0.4597495527728086
transition 257 1 546 0.4797127939098358 0.09628378378378379
transition 257 1 12 0.8909340552401712 0.4206081081081081
transition 257 1 733 0.6238622517087948 0.4831081081081081
transition 257 2 782 -0.0025387673594385873 0.2678306092124814
transition 257 2 145 -0.0849993562846676 0.36924219910846956
transition 257 2 733 0.3838005231607833 0.362927191679049
transition 258 0 12 0.4066355341003962 0.07762789513871214
transition 258 0 965 -0.9898702024268939 0.1308220921354034
transition 258 0 689 -0.49484416441741264 0.19114278442351743
transition 258 0 139 -0.8517183069831811 0.14023924662764062
transition 258 0 333 -0.5760548272641226 0.4601679816747264
transition 258 1 386 0.2536508937123405 0.1892361111111111
transition 258 1 414 0.36284217478899117 0.17578125
transition 258 1 753 0.6376514186274682 0.1482204861111111
transition 258 1 333 -0.40462730345220654 0.4867621527777778
transition 258 2 303 0.22808848712852137 0.31197864531197866
transition 258 2 943 -0.7667374348476186 0.18485151818485152
transition 258 2 964 0.16245685419379585 0.05672339005672339
transition 258 2 333 0.6611460655479644 0.44644644644644643
transition 259 0 7 0.42058148586195765 0.21171171171171171
transition 259 0 202 -0.9625538180411617 0.5735735735735735
transition 259 0 740 0.734934687667683 0.2147147147147147
transition 259 1 730 -0.29501994713932667 0.12868162692847124
transition 259 1 659 0.5669266429494941 0.31626928471248245
transition 259 1 885 0.7547707261640859 0.1535764375876578
transition 259 1 740 0.7651947622074811 0.4014726507713885
transition 259 2 308 -0.34943240835341527 0.45369831100757135
transition 259 2 488 -0.48678462109477305 0.08270238788584741
transition 259 2 740 0.888830749219679 0.46359930110658126
transition 260 0 35 -0.1067286725506642 0.23993886907794193
transition 260 0 685 0.9341479042023142 0.3973509933774834
transition 260 0 385 -0.7894046532021497 0.36271013754457465
transition 260 1 373 0.799492408452471 0.2902155887230514
transition 260 1 737 0.9072783110282854 0.06025428413488115
transition 260 1 135 0.34446595406580416 0.2564953012714207
transition 260 1 385 -0.0732321780767391 0.39303482587064675
transition 260 2 446 -0.1195086747145575 0.21374045801526717
transition 260 2 905 -0.7378760197816989 0.1726039016115352
transition 260 2 856 0.8534084475242489 0.14037319762510603
transition 260 2 273 0.2034339398836138 0.19974554707379136
transition 260 2 385 0.01476007151636205 0.27353689567430023
transition 261 0 136 0.989976177758181 0.1392988929889299
transition 261 0 25 0.31354672895320546 0.16466789667896678
transition 261 0 520 0.6174185969368802 0.36116236162361626
transition 261 0 312 0.17381809561762274 0.10424354243542436
transition 261 0 621 0.5704643542491836 0.23062730627306274
transition 261 1 761 -0.020005800195359358 0.2414442700156986
transition 261 1 361 0.6702547851551002 0.3098901098901099
transition 261 1 621 0.04816697386863633 0.44866562009419153
transition 261 2 589 0.999361360709969 0.5940983606557377
transition 261 2 621 0.539350705368526 0.4059016393442623
transition 262 0 788 0.4400346517239897 0.2472173403632103
transition 262 0 581 -0.439338790315696 0.39132981839484476
transition 262 0 366 -0.9473007784243777 0.11072056239015818
transition 262 0 441 0.8825979995321895 0.2507322788517868
transition 262 1 300 0.40297401311903336 0.6188068756319515
transition 262 1 202 -0.8907718130312383 0.1789686552072801
transition 262 1 441 0.33532566486653925 0.20222446916076844
transition 262 2 897 0.8416137161582395 0.18935196338231752
transition 262 2 776 -0.7657781862226747 0.11563478679836184
transition 262 2 919 0.5976383827779268 0.1327390990122862
transition 262 2 760 0.6636721580384775 0.172729462780053
transition 262 2 441 0.07920070063375628 0.38954468802698144
transition 263 0 440 0.19094567154071962 0.3136792452830189
transition 263 0 819 0.8381714294515759 0.4988207547169811
transition 263 0 29 -0.6387202757782353 0.1875
transition 263 1 29 0.4465863927856679 1.0
transition 263 2 306 -0.6067905591042548 0.1328437917222964
transition 263 2 195 -0.9465357953207725 0.13929684023141967
transition 263 2 237 0.006195052168152193 0.16332888295505119
transition 263 2 142 0.20075556600869193 0.07165109034267912
transition 263 2 29 0.18057865323057354 0.49287939474855363
transition 264 0 507 -0.7902126921169095 0.0757439134355275
transition 264 0 867 0.24052477813386197 0.009918845807033363
transition 264 0 305 0.7851918461319123 0.12263300270513977
transition 264 0 556 0.9795771380833007 0.5193868349864743
transition 264 0 953 0.6863848957671095 0.2723174030658251
transition 264 1 795 -0.1493736419206928 0.07165890361877464
transition 264 1 72 0.942923468003132 0.12647796488713722
transition 264 1 618 0.5784152645418401 0.3496954496596202
transition 264 1 39 -0.558408951999553 0.2242923683267646
transition 264 1 953 0.5983789008798612 0.22787531350770332
transition 264 2 543 -0.7299561986520862 0.1442687747035573
transition 264 2 773 0.9350117376183442 0.16106719367588934
transition 264 2 684 0.3355319121739897 0.27865612648221344
transition 264 2 297 0.09418236766130006 0.20816864295125165
transition 264 2 953 -0.5642108131620844 0.2078392621870883
transition 265 0 835 -0.8550339290038251 0.3081855903432667
transition 265 0 186 0.9082037554355538 0.23840060354583176
transition 265 0 372 -0.3941240844630223 0.45341380611090154
transition 265 1 158 -0.1052956622750243 0.654357459379616
transition 265 1 372 0.34753745959192517 0.345642540620384
transition 265 2 372 0.3175975540345455 1.0
transition 266 0 127 -0.04676915190327091 0.6747967479674797
transition 266 0 533 -0.20889316426343574 0.3252032520325203
transition 266 1 585 0.8394146708868846 0.21175327829043225
transition 266 1 66 -0.9302789626660932 0.08984944147644487
transition 266 1 936 0.12087690961527398 0.26857697911607575
transition 266 1 533 0.7880675154467511 0.4298203011170471
transition 266 2 396 -0.36431166826775163 0.29146039603960394
transition 266 2 894 0.7792854625056356 0.21225247524752475
transition 266 2 16 0.7408506988673662 0.03094059405940594
transition 266 2 533 -0.35358799574552413 0.46534653465346537
transition 267 0 64 -0.2769209827913188 0.06807324840764331
transition 267 0 761 0.7044417288749771 0.3535031847133758
transition 267 0 630 -0.0846210569014123 0.3964968152866242
transition 267 0 201 0.7289894407241522 0.1819267515923567
transition 267 1 201 -0.13792603607986575 1.0
transition 267 2 425 0.2697295909791422 0.22808349146110057
transition 267 2 843 -0.09485692521707967 0.3407969639468691
transition 267 2 574 -0.4605378420628261 0.21328273244781784
transition 267 2 201 -0.2689820861115382 0.21783681214421252
transition 268 0 657 -0.508615011724431 0.5529411764705883
transition 268 0 681 0.5747129523361816 0.4470588235294118
transition 268 1 681 -0.1440179232974459 1.0
transition 268 2 103 -0.6143863411620605 0.1662796098467255
transition 268 2 813 -0.12359989917783132 0.19786344635392475
transition 268 2 938 -0.4719863236225792 0.19043195541105434
transition 268 2 681 0.20836247906918093 0.4454249883882954
transition 269 0 31 0.7154662328539074 0.600997506234414
transition 269 0 579 -0.6953518458930945 0.39900249376558605
transition 269 1 27 -0.9191663080906893 0.6312101910828025
transition 269 1 579 0.21895266923183776 0.3687898089171974
transition 269 2 953 0.8691080543960288 0.2563927719058984
transition 269 2 933 -0.6821780481378836 0.06682577565632458
transition 269 2 761 0.9305288238884666 0.26730310262529833
transition 269 2 579 0.2860765605623725 0.4094783498124787
transition 270 0 470 0.6630584513161357 0.39308681672025725
transition 270 0 705 0.4030941117612137 0.2741157556270096
transition 270 0 231 0.571830905952335 0.3327974276527331
transition 270 1 748 0.9534031737924809 0.5341796875
transition 270 1 231 0.6330189540874176 0.4658203125
transition 270 2 884 -0.9009423025535424 0.07462345960748516
transition 270 2 607 -0.2025268189971463 0.1770880876312186
transition 270 2 286 0.08461243084139847 0.15837517115472388
transition 270 2 965 -0.9177093128787419 0.1348699224098585
transition 270 2 231 -0.5126153474442439 0.45504335919671385
transition 271 0 630 -0.23187105542503517 1.0
transition 271 1 7 0.18707761339268414 0.5172413793103449
transition 271 1 630 -0.01263950502260025 0.4827586206896552
transition 271 2 406 -0.9132875710798731 0.0030234315948601664
transition 271 2 562 -0.00022262686057317183 0.0672713529856387
transition 271 2 915 -0.23352629167683214 0.5774754346182918
transition 271 2 630 -0.47765152146282364 0.35222978080120937
transition 272 0 626 0.0681392540660839 0.00795593635250918
transition 272 0 536 -0.08551822574697687 0.26223990208078335
transition 272 0 767 -0.6721120365999083 0.1689106487148103
transition 272 0 750 -0.8233077234934958 0.22429620563035496
transition 272 0 751 0.4079312081331077 0.33659730722154224
transition 272 1 343 -0.16697370991786453 0.5904211395540875
transition 272 1 751 -0.6935878838400988 0.40957886044591246
transition 272 2 532 -0.36862911722938074 0.11989100817438691
transition 272 2 301 0.8863603544213758 0.5735694822888283
transition 272 2 751 0.5502581668745239 0.3065395095367847
transition 273 0 379 0.9883185102335363 0.3992248062015504
transition 273 0 23 -0.5414151752971545 0.12575366063738158
transition 273 0 859 0.8345403137937282 0.47502153316106804
transition 273 1 579 0.7180567051405773 0.25736685590700187
transition 273 1 75 0.9736311810564309 0.13111651797783186
transition 273 1 116 -0.4792639222236883 0.20978642876453096
transition 273 1 859 0.8703887105360966 0.4017301973506353
transition 273 2 57 -0.25217908037906467 0.23505572441742653
transition 273 2 377 -0.6986483941032242 0.3576494427558257
transition 273 2 859 -0.6503004688631564 0.4072948328267477
transition 274 0 144 -0.7376949395705616 0.14074960127591707
transition 274 0 183 -0.7728962808300779 0.20015948963317384
transition 274 0 680 -0.4101203077990876 0.11921850079744817
transition 274 0 625 -0.03763388359455733 0.29904306220095694
transition 274 0 174 0.31353044527339824 0.24082934609250398
transition 274 1 180 0.2014005139249868 0.038477282030290626
transition 274 1 283 -0.40475781136857614 0.20916905444126074
transition 274 1 753 -0.2890399443922198 0.3982808022922636
transition 274 1 49 -0.8324776569262888 0.166189111747851
transition 274 1 174 0.19115818387149774 0.18788374948833403
transition 274 2 174 0.5008792849368 1.0
transition 275 0 91 0.08574417006526325 1.0
transition 275 1 533 -0.5875803990034574 0.24787496572525364
transition 275 1 237 -0.9703590295212343 0.017548670139840964
transition 275 1 10 0.7220325350060337 0.2654236358650946
transition 275 1 644 -0.745461547712218 0.2692624074581848
transition 275 1 91 0.9121261544452806 0.199890320811626
transition 275 2 793 0.7982583922516491 0.013191489361702127
transition 275 2 902 -0.29136483076420694 0.3778723404255319
transition 275 2 731 0.8279066687858296 0.2153191489361702
transition 275 2 698 0.04747723294073003 0.01957446808510638
transition 275 2 91 -0.5968593427367161 0.3740425531914894
transition 276 0 852 0.14293004648561136 0.3430178069353327
transition 276 0 839 0.3877329018016151 0.21930646672914714
transition 276 0 937 -0.5963383633715118 0.43767572633552015
transition 276 1 711 -0.4804561595226049 0.2725615314494075
transition 276 1 150 -0.02260124707027611 0.10118505013673655
transition 276 1 555 0.3729501300815592 0.18960802187784867
transition 276 1 937 -0.6085397184468375 0.4366453965360073
transition 276 2 364 -0.7110125361889861 0.49003067484662577
transition 276 2 995 -0.9936634305262999 0.22162576687116564
transition 276 2 937 0.6444315591869838 0.2883435582822086
transition 277 0 556 -0.4094477538037915 1.0
transition 277 1 785 0.40765920377763254 0.09259259259259259
transition 277 1 838 0.4546720635709336 0.1206896551724138
transition 277 1 509 -0.2704770246629056 0.07343550446998723
transition 277 1 411 0.7056283753743937 0.28671775223499363
transition 277 1 556 -0.15957247316954892 0.42656449553001274
transition 277 2 877 0.6370558608355283 0.6346555323590815
transition 277 2 556 -0.04277881137588757 0.3653444676409186
transition 278 0 924 0.6998170302101292 1.0
transition 278 1 45 -0.12230003083289809 0.4269889224572004
transition 278 1 187 0.3388845593212688 0.15508559919436052
transition 278 1 924 0.4827637912533196 0.4179254783484391
transition 278 2 414 -0.6632710411957969 0.5037812681791739
transition 278 2 924 -0.9336421238193693 0.49621873182082604
transition 279 0 243 0.2061769233171804 0.225
transition 279 0 952 0.20660765485667998 0.4068181818181818
transition 279 0 679 0.11394308394553021 0.08772727272727272
transition 279 0 486 -0.02166578813746245 0.04681818181818182
transition 279 0 585 0.8458699709638413 0.23363636363636364
transition 279 1 912 0.25232773338535197 0.41452991452991456
transition 279 1 724 0.8431568992724254 0.29914529914529914
transition 279 1 585 -0.4268881515124363 0.2863247863247863
transition 279 2 833 -0.6980643590175051 0.19625292740046837
transition 279 2 848 -0.07789654325288087 0.10983606557377049
transition 279 2 41 0.290931903085933 0.19110070257611242
transition 279 2 194 -0.23747686534723544 0.14004683840749416
transition 279 2 585 -0.992780905323936 0.3627634660421546
transition 280 0 199 -0.45909651958552633 0.015410958904109588
transition 280 0 67 -0.31359813995206465 0.4965753424657534
transition 280 0 572 -0.35154973978239124 0.488013698630137
transition 280 1 750 0.9129958569976975 0.15882073228720875
transition 280 1 978 -0.6421373309076646 0.16595339990489777
transition 280 1 694 -0.8855494915168034 0.10128388017118402
transition 280 1 944 0.6738810880951511 0.20233000475511176
transition 280 1 572 0.9304935373648253 0.3716119828815977
transition 280 2 572 0.33288318648903203 1.0
transition 281 0 911 0.4261941828237803 1.0
transition 281 1 740 0.28562107030693173 0.696078431372549
transition 281 1 911 0.715956098580615 0.30392156862745096
transition 281 2 911 -0.9806702202545567 1.0
transition 282 0 892 -0.7787209086532547 1.0
transition 282 1 788 0.23417320632356198 0.05842558425584256
transition 282 1 401 0.4123804805429572 0.2921279212792128
transition 282 1 624 0.6963308045098686 0.33517835178351785
transition 282 1 512 -0.4701763910747532 0.12361623616236163
transition 282 1 892 0.6477948465870855 0.1906519065190652
transition 282 2 712 -0.9630903851823749 0.05218617771509168
transition 282 2 177 -0.37524369956339143 0.04936530324400564
transition 282 2 918 -0.8444037336454109 0.43723554301833567
transition 282 2 892 -0.26538816117724684 0.461212976022567
transition 283 0 870 -0.07929000976482814 0.15677098566832406
transition 283 0 642 0.8889889275541367 0.12255045334893244
transition 283 0 886 0.6204450703460356 0.09271716876279613
transition 283 0 647 0.23653508684815105 0.14770400701959638
transition 283 0 596 0.9079394979148858 0.480257385200351
transition 283 1 926 0.5919843490635848 0.4214876033057851
transition 283 1 508 -0.4470474376388349 0.40771349862258954
transition 283 1 596 0.22124109084152943 0.17079889807162535
transition 283 2 575 -0.24798308282351744 0.5362508164598302
transition 283 2 596 -0.21636231848505583 0.4637491835401698
transition 285 0 309 0.5789535680177793 0.5665914221218962
transition 285 0 271 -0.11637975399102407 0.43340857787810383
transition 285 1 271 -0.476104844175399 1.0
transition 285 2 765 -0.30862891735648623 0.10346832009300523
transition 285 2 446 0.46303436480699656 0.17244720015500872
transition 285 2 697 0.6257494911546493 0.1242007362914164
transition 285 2 661 -0.07301927199157854 0.16334043789963185
transition 285 2 271 -0.2202217173467822 0.4365433055609378
transition 286 0 183 0.7420620631441575 1.0
transition 286 1 422 -0.7418406678112821 0.5347661188369153
transition 286 1 183 -0.8874736161997463 0.46523388116308473
transition 286 2 306 -0.5534193861738581 0.059422750424448216
transition 286 2 442 -0.4672048453999065 0.47142048670062253
transition 286 2 183 0.01731598166084347 0.46915676287492925
transition 287 0 186 0.7653425938429981 0.6913183279742765
transition 287 0 371 -0.3076286282948064 0.3086816720257235
transition 287 1 553 -0.23597219497597766 0.3610223642172524
transition 287 1 340 0.40290991624430217 0.03450479233226837
transition 287 1 186 -0.5506621191746321 0.10798722044728434
transition 287 1 371 0.05596559744758456 0.4964856230031949
transition 287 2 371 0.5913225628171102 1.0
transition 288 0 778 0.45178936089938193 0.21736086804340218
transition 288 0 883 0.2905929690846112 0.31501575078753935
transition 288 0 106 -0.0688803112615528 0.46762338116905844
transition 288 1 106 0.11604922909592386 1.0
transition 288 2 106 0.5996853653236456 1.0
transition 289 0 138 -0.5108637335808273 0.17492492492492492
transition 289 0 999 0.7587086970642349 0.012012012012012012
transition 289 0 432 0.4163067183609923 0.4451951951951952
transition 289 0 393 0.4689581189834524 0.13588588588588588
transition 289 0 664 -0.06813340575618243 0.23198198198198197
transition 289 1 273 0.6951253213975841 0.05499664654594232
transition 289 1 674 0.8240439208930295 0.5586854460093896
transition 289 1 664 0.20446899152808617 0.386317907444668
transition 289 2 784 0.15816419515405777 0.5625
transition 289 2 629 0.6512897467264178 0.09943181818181818
transition 289 2 664 -0.6588998882002732 0.3380681818181818
transition 290 0 698 0.9933279439274658 0.543026706231454
transition 290 0 719 -0.6670955005615598 0.456973293768546
transition 290 1 905 -0.07987745656253953 0.38221998995479656
transition 290 1 797 0.9849044561623783 0.08839779005524862
transition 290 1 141 0.8834483903571344 0.10999497739829231
transition 290 1 719 -0.3372564343814495 0.4193872425916625
transition 290 2 248 -0.6740882747075319 0.3421727972626176
transition 290 2 402 0.5676160655540772 0.09666381522668947
transition 290 2 545 -0.17640099658014963 0.360136869118905
transition 290 2 719 0.7324131642691787 0.20102651839178784
transition 291 0 754 0.14953256253418745 0.6121621621621621
transition 291 0 954 0.5788589629235017 0.3878378378378378
transition 291 1 954 0.7030838558364734 1.0
transition 291 2 700 -0.7509705633132371 0.3011391778107974
transition 291 2 820 0.9843485909498018 0.20802377414561665
transition 291 2 954 -0.5591277823548084 0.4908370480435859
transition 292 0 178 -0.018716646334886233 1.0
transition 292 1 367 -0.9165879586641144 0.46380697050938335
transition 292 1 409 -0.6303996245402179 0.039544235924932974
transition 292 1 178 0.5467180158641864 0.49664879356568364
transition 292 2 646 0.968743331179269 0.44567307692307695
transition 292 2 787 0.9096384418137407 0.1596153846153846
transition 292 2 178 -0.6036681276676914 0.39471153846153845
transition 293 0 51 0.7693766236347792 0.09444444444444444
transition 293 0 93 -0.5178563321880889 0.3625
transition 293 0 527 0.9053822145952155 0.04861111111111111
transition 293 0 172 0.4004414329688575 0.49444444444444446
transition 293 1 697 -0.8989039675466619 0.12028985507246377
transition 293 1 808 -0.7321865842281223 0.2144927536231884
transition 293 1 972 0.11332843302077866 0.23246376811594202
transition 293 1 172 0.2964690751861019 0.4327536231884058
transition 293 2 117 0.37381161539054397 0.6258169934640523
transition 293 2 172 0.07604289523755803 0.3741830065359477
transition 294 0 14 -0.4495928045637556 0.2603931679020303
transition 294 0 703 -0.6700411264060959 0.23622300999033194
transition 294 0 520 -0.5411694203984183 0.2175314212052852
transition 294 0 351 -0.974318624141693 0.2858524009023526
transition 294 1 30 0.6655463819946623 0.29844961240310075
transition 294 1 977 -0.8860530058460461 0.4392764857881137
transition 294 1 351 -0.06336506467870517 0.2622739018087855
transition 294 2 681 0.9126984486962839 0.07869742198100407
transition 294 2 960 -0.4697236563470437 0.2485753052917232
transition 294 2 821 0.45216781019538677 0.19511533242876528
transition 294 2 351 -0.019055913689060677 0.47761194029850745
transition 295 0 38 -0.46366263956267173 0.7982456140350878
transition 295 0 363 -0.9455389566861558 0.20175438596491227
transition 295 1 361 0.509148028281061 0.04767475870137467
transition 295 1 827 0.9796961690699788 0.11874817198011114
transition 295 1 929 0.3455395726651094 0.24451594033343083
transition 295 1 686 0.2541591940901178 0.26031003217315
transition 295 1 363 0.17642505607718872 0.3287510968119333
transition 295 2 363 0.8451279402260017 1.0
transition 296 0 220 -0.21425384225744093 0.23941368078175895
transition 296 0 971 0.38516750056793847 0.07231270358306188
transition 296 0 131 0.21745138233583816 0.20358306188925082
transition 296 0 693 -0.006638516377120984 0.1260586319218241
transition 296 0 662 -0.8549249716470746 0.35863192182410425
transition 296 1 27 -0.05016125904795299 0.5529411764705883
transition 296 1 662 -0.5086993177094166 0.4470588235294118
transition 296 2 759 0.8477243785190329 0.6390374331550802
transition 296 2 662 -0.3216599774229625 0.3609625668449198
transition 297 0 295 0.9216424961910683 0.5096153846153846
transition 297 0 827 -0.2673019518272699 0.49038461538461536
transition 297 1 307 -0.2166097866942871 0.2831086439333862
transition 297 1 908 0.4153022966438027 0.2168913560666138
transition 297 1 546 -0.13552891713606452 0.16494845360824742
transition 297 1 827 -0.10347258797184211 0.33505154639175255
transition 297 2 648 0.8226345543849887 0.03508080409932992
transition 297 2 136 -0.09602546285903446 0.3728813559322034
transition 297 2 444 0.5800414941963914 0.3066614111154907
transition 297 2 455 -0.02671996824424583 0.04966495861253449
transition 297 2 827 -0.04153379620648101 0.23571147024044148
transition 298 0 800 0.6978595336159263 0.26893398113746786
transition 298 0 585 -0.832088184448563 0.11488996856244642
transition 298 0 516 -0.76774662144131 0.196627607887968
transition 298 0 798 0.5586386394535356 0.05287224921406116
transition 298 0 594 -0.10388576745423994 0.3666761931980566
transition 298 1 279 -0.29920595949488704 0.31384505021520803
transition 298 1 387 0.9153567214055343 0.13127690100430417
transition 298 1 187 0.12480470898757434 0.1750358680057389
transition 298 1 396 -0.17130072821601838 0.09074605451936872
transition 298 1 594 0.010334501224892545 0.2890961262553802
transition 298 2 553 -0.819202793634622 0.4553941908713693
transition 298 2 755 0.7186370310956975 0.25570539419087135
transition 298 2 594 0.6361802155612442 0.2889004149377593
transition 299 0 605 0.6834714585016592 0.5174013921113689
transition 299 0 334 -0.2750966959487131 0.48259860788863107
transition 299 1 421 -0.015023523374022352 0.5
transition 299 1 334 -0.9756582095512778 0.5
transition 299 2 561 0.6502795876085408 0.12466983623877444
transition 299 2 161 -0.11522283646578302 0.061806656101426306
transition 299 2 139 -0.9424004933359735 0.3998943475964078
transition 299 2 212 0.10947571486641383 0.18172213417855257
transition 299 2 334 -0.8090605748042285 0.23190702588483889
transition 300 0 176 0.25703105001821513 0.5872641509433962
transition 300 0 268 -0.8233357525237708 0.41273584905660377
transition 300 1 284 0.5673511812974599 0.2011764705882353
transition 300 1 318 0.7295319013962964 0.24235294117647058
transition 300 1 794 0.6805600741488966 0.04392156862745098
transition 300 1 847 0.6693067876551941 0.05372549019607843
transition 300 1 268 0.3367628269737406 0.4588235294117647
transition 300 2 20 0.7238577795868646 0.00870253164556962
transition 300 2 85 -0.5945970307218928 0.4778481012658228
transition 300 2 408 0.9690583842262963 0.31566455696202533
transition 300 2 836 0.024113787610641202 0.013449367088607595
transition 300 2 268 -0.8342278819420053 0.1843354430379747
transition 301 0 60 -0.6550446361344615 0.36917293233082704
transition 301 0 527 -0.966203919379101 0.4105263157894737
transition 301 0 626 -0.16410927919511353 0.22030075187969925
transition 301 1 626 0.7847244212785098 1.0
transition 301 2 136 -0.5609430568928113 0.0488943488943489
transition 301 2 363 0.6197955667344319 0.24226044226044227
transition 301 2 597 0.3849152291954705 0.17444717444717445
transition 301 2 74 -0.36283914532607797 0.15233415233415235
transition 301 2 626 0.6046730211476097 0.3820638820638821
transition 302 0 620 -0.37641644296452603 0.598405885959534
transition 302 0 89 -0.7870096823801043 0.40159411404046597
transition 302 1 13 0.8170748084860775 0.04073918521629567
transition 302 1 778 -0.6237931725656931 0.1604367912641747
transition 302 1 162 -0.38585169709641876 0.4157916841663167
transition 302 1 89 0.8268986717260354 0.38303233935321296
transition 302 2 337 0.7008818370753553 0.12409464027040078
transition 302 2 358 -0.21015635825859813 0.39159826170931916
transition 302 2 610 -0.2047587061217384 0.024142926122646065
transition 302 2 963 -0.9903294000414531 0.28054080154514727
transition 302 2 89 0.9353686284179468 0.1796233703524867
transition 303 0 200 -0.7118714580060563 0.10218978102189781
transition 303 0 566 -0.9495870979798802 0.3040304665185655
transition 303 0 918 -0.31582069169604265 0.21104411298000636
transition 303 0 830 0.07179720305636583 0.3827356394795303
transition 303 1 863 -0.2672395652386723 0.7693333333333333
transition 303 1 830 -0.9324892351766321 0.23066666666666666
transition 303 2 824 0.22542457713135344 0.18836869056327724
transition 303 2 153 -0.11146087499297996 0.20519385515727873
transition 303 2 241 -0.28752019726774036 0.05596196049743965
transition 303 2 859 0.09915920584814653 0.084491587417703
transition 303 2 830 -0.36749339281393345 0.46598390636430137
transition 304 0 145 0.1981854169102748 0.4549738219895288
transition 304 0 467 0.78640075854993 0.2413612565445026
transition 304 0 675 -0.7855450875717764 0.3036649214659686
transition 304 1 939 -0.3018242226871444 0.25233388248215266
transition 304 1 778 0.09843899464461559 0.19769357495881384
transition 304 1 448 -0.626665249387037 0.21911037891268534
transition 304 1 675 -0.6022120252479544 0.3308621636463482
transition 304 2 764 -0.1931735616102035 0.5612648221343873
transition 304 2 675 -0.45425806984593353 0.43873517786561267
transition 305 0 18 -0.45879838254740335 0.0102880658436214
transition 305 0 688 0.6910114111427337 0.248559670781893
transition 305 0 585 0.7399440825786017 0.4082304526748971
transition 305 0 531 -0.4700920887860063 0.03539094650205761
transition 305 0 408 0.8774023009161993 0.2975308641975309
transition 305 1 359 -0.7805459227734428 0.13382624768946397
transition 305 1 631 0.32349110269387316 0.255452865064695
transition 305 1 83 0.7191502008330981 0.1545286506469501
transition 305 1 866 -0.7241054436236065 0.2702402957486137
transition 305 1 408 -0.5545817867642522 0.18595194085027728
transition 305 2 406 0.8380904081461857 0.2806580259222333
transition 305 2 153 0.7036081831046213 0.22831505483549352
transition 305 2 513 -0.7126038481964911 0.24626121635094717
transition 305 2 458 0.8092252172032584 0.06779661016949153
transition 305 2 408 0.7622948186587906 0.1769690927218345
transition 306 0 207 -0.07254424277231974 0.17043895747599452
transition 306 0 422 0.5146054143564514 0.2266803840877915
transition 306 0 985 -0.18375440903332696 0.15706447187928668
transition 306 0 313 -0.5100152506859099 0.4458161865569273
transition 306 1 195 0.7279878408506169 0.054474708171206226
transition 306 1 845 -0.20466880666463338 0.2599929253625752
transition 306 1 291 -0.475902284012061 0.2603466572338168
transition 306 1 313 -0.3946165786628415 0.42518570923240184
transition 306 2 292 0.9949836802311982 0.6492281303602059
transition 306 2 313 0.5243844644665387 0.3507718696397942
transition 307 0 250 0.27897427833635136 0.5437352245862884
transition 307 0 438 -0.4721736684864133 0.4562647754137116
transition 307 1 254 -0.9948225482486599 0.1126018207954001
transition 307 1 335 0.36274027777912066 0.05797795879252515
transition 307 1 902 -0.17792316769897498 0.4264494489698131
transition 307 1 438 -0.9087447995710551 0.4029707714422616
transition 307 2 873 0.3761731600221139 0.5538033395176253
transition 307 2 438 -0.3066375597995923 0.4461966604823748
transition 308 0 705 -0.22357034197057213 0.021383647798742137
transition 308 0 152 0.38181113232623565 0.04025157232704402
transition 308 0 127 -0.2821499794006683 0.14779874213836477
transition 308 0 3 0.2939604133267162 0.5138364779874214
transition 308 0 716 0.9154178896026195 0.27672955974842767
transition 308 1 798 0.9521836489406919 0.1237020316027088
transition 308 1 11 0.7147711246581661 0.29887133182844244
transition 308 1 109 -0.39762935560047596 0.40451467268623026
transition 308 1 716 0.887741848341473 0.1729119638826185
transition 308 2 999 0.6516823159143506 0.46955128205128205
transition 308 2 413 -0.7025823856217772 0.202991452991453
transition 308 2 341 -0.16872446427117715 0.09027777777777778
transition 308 2 716 0.05365339567862337 0.23717948717948717
transition 309 0 227 -0.9369486143975896 0.3331085637221848
transition 309 0 220 0.33096937787157743 0.23128792987188132
transition 309 0 23 0.7147206779856583 0.4356035064059339
transition 309 1 737 0.7478206332106823 0.2675611681136543
transition 309 1 570 -0.716142685164074 0.3026835043409629
transition 309 1 23 0.8852207439643458 0.4297553275453828
transition 309 2 356 0.9390064988855642 0.7987421383647799
transition 309 2 23 -0.3719249584553044 0.20125786163522014
transition 310 0 83 -0.09722866452372814 0.2803738317757009
transition 310 0 873 0.6746798758406645 0.29614485981308414
transition 310 0 129 0.7451465307897496 0.0227803738317757
transition 310 0 607 -0.22823101264891732 0.4007009345794392
transition 310 1 76 0.8286257041391565 0.21684019918515166
transition 310 1 501 -0.5596600996500294 0.20710728836577638
transition 310 1 901 -0.8411029223347497 0.024219103666817565
transition 310 1 669 -0.46729777825740415 0.11113626075147126
transition 310 1 607 0.972269462440118 0.44069714803078314
transition 310 2 735 0.04002813245026737 0.2820855614973262
transition 310 2 168 0.5025170200264959 0.2286096256684492
transition 310 2 607 0.4613942305038361 0.4893048128342246
transition 311 0 525 0.8848271625831532 0.5191709844559586
transition 311 0 912 -0.6351272445916529 0.48082901554404145
transition 311 1 54 0.21964718513703518 0.4600760456273764
transition 311 1 669 0.650293749860765 0.17300380228136883
transition 311 1 959 0.48127413720622214 0.06273764258555133
transition 311 1 912 0.8222071588199029 0.3041825095057034
transition 311 2 912 0.5619743443075524 1.0
transition 312 0 227 0.26441715285425516 1.0
transition 312 1 371 -0.11947725049542668 0.47393364928909953
transition 312 1 242 0.6872371638580315 0.15639810426540285
transition 312 1 227 -0.33581562343037996 0.3696682464454976
transition 312 2 275 -0.7264759191209829 0.31887755102040816
transition 312 2 284 -0.8704687065367938 0.34183673469387754
transition 312 2 227 -0.4992060514402519 0.3392857142857143
transition 313 0 887 -0.5024800769849143 0.691855583543241
transition 313 0 138 -0.27834696654056845 0.30814441645675905
transition 313 1 121 0.7855917897439779 0.25801324503311257
transition 313 1 349 -0.17704424559196186 0.1695364238410596
transition 313 1 65 0.3067777054392531 0.06675496688741722
transition 313 1 864 -0.7608951648762383 0.09033112582781457
transition 313 1 138 -0.8259273755194549 0.41536423841059605
transition 313 2 489 -0.30041843896558884 0.6468481375358166
transition 313 2 138 0.6084195322742132 0.3531518624641834
transition 314 0 478 -0.7196554551506127 0.7391304347826086
transition 314 0 439 0.20530988635360226 0.2608695652173913
transition 314 1 439 -0.7431223861069798 1.0
transition 314 2 121 -0.18830190344459874 0.6501766784452296
transition 314 2 439 0.5100623288040149 0.3498233215547703
transition 315 0 940 0.0597227722439404 1.0
transition 315 1 747 0.34317346626526524 0.2141863699582754
transition 315 1 773 0.7251356270578411 0.6063977746870653
transition 315 1 940 0.7352410014639907 0.17941585535465926
transition 315 2 251 0.08691980611780359 0.1652153987167736
transition 315 2 508 -0.5333631534019856 0.2046287809349221
transition 315 2 819 -0.7045222754115941 0.20829514207149405
transition 315 2 940 -0.7626181171747333 0.4218606782768103
transition 316 0 20 -0.08573916759879352 0.5725338491295938
transition 316 0 462 -0.1374425142502329 0.4274661508704062
transition 316 1 178 0.8391334780833151 0.23756131744919412
transition 316 1 668 0.6381252770388854 0.038192011212333565
transition 316 1 991 -0.5607787634260952 0.2347582340574632
transition 316 1 558 0.6738323926132845 0.14926419060967064
transition 316 1 462 -0.6295081462003036 0.3402242466713385
transition 316 2 947 -0.4368101929864925 0.1046970240229473
transition 316 2 768 -0.3716028598526435 0.34098243097884545
transition 316 2 220 0.5097870529714832 0.3470778056651129
transition 316 2 462 0.13746267454681327 0.2072427393330943
transition 317 0 69 -0.3884048871425181 1.0
transition 317 1 69 0.567443419670973 1.0
transition 317 2 940 -0.01550068173313246 0.3630100688924218
transition 317 2 96 0.6127665015209485 0.2708002119766826
transition 317 2 69 -0.8370123993850165 0.3661897191308956
transition 318 0 976 0.8282194321976044 0.5031185031185031
transition 318 0 86 -0.7836337041849288 0.4968814968814969
transition 318 1 86 0.50408328413588 1.0
transition 318 2 102 0.361530907839559 0.5169300225733634
transition 318 2 86 -0.12099885355361106 0.48306997742663654
transition 319 0 544 -0.15777196178429143 0.33098039215686276
transition 319 0 542 -0.615655063657206 0.3764705882352941
transition 319 0 166 0.2906058727346732 0.06274509803921569
transition 319 0 790 -0.5187916713594274 0.22980392156862745
transition 319 1 961 0.24378871101809385 0.48971466489714666
transition 319 1 295 -0.09561115265084985 0.2899800928998009
transition 319 1 790 -0.9125929890500506 0.22030524220305242
transition 319 2 790 0.684995160519893 1.0
transition 320 0 1 0.8483754111396693 0.14992531740104556
transition 320 0 972 0.27940306340022714 0.12247946228528753
transition 320 0 430 0.016592830802445002 0.15160567587752055
transition 320 0 507 0.8519724121706129 0.09353995519044063
transition 320 0 732 0.2494717399495574 0.48244958924570575
transition 320 1 536 -0.001862825905326826 0.27793974732750243
transition 320 1 785 0.3036079805421068 0.009718172983479106
transition 320 1 944 0.5101426737055696 0.10236475542597992
transition 320 1 98 -0.960513337270835 0.3236151603498542
transition 320 1 732 -0.643839143403109 0.2863621639131843
transition 320 2 732 0.5419746626880062 1.0
transition 321 0 147 0.47945072637193586 0.6294363256784968
transition 321 0 13 -0.8334140671018115 0.3705636743215031
transition 321 1 116 -0.10417141713723854 0.16499227202472952
transition 321 1 856 0.4407804855527435 0.1866306027820711
transition 321 1 572 0.4057187742897612 0.1008500772797527
transition 321 1 526 -0.8638105734597463 0.32727975270479137
transition 321 1 13 0.11925214779497817 0.22024729520865532
transition 321 2 194 -0.4029923483279818 0.5691747572815534
transition 321 2 380 0.2157818465984438 0.17233009708737865
transition 321 2 13 0.031101844933843603 0.25849514563106796
transition 322 0 662 0.6905723522435838 0.24028906955736223
transition 322 0 585 -0.5589769571983814 0.43089430894308944
transition 322 0 460 -0.4600941070399627 0.3288166214995483
transition 322 1 980 -0.4157357616389068 0.23147233201581027
transition 322 1 699 -0.9887701959871253 0.1751482213438735
transition 322 1 465 -0.8987041853405939 0.22554347826086957
transition 322 1 460 -0.94247293010044 0.36783596837944665
transition 322 2 460 0.5610223108243848 1.0
transition 323 0 294 -0.022967233779849217 0.7533998186763372
transition 323 0 103 0.946843506239393 0.24660018132366274
transition 323 1 545 -0.9049902698286063 0.688212927756654
transition 323 1 103 -0.9726318075413765 0.311787072243346
transition 323 2 904 -0.8236538108145486 0.715261958997722
transition 323 2 894 0.7082986877938116 0.025056947608200455
transition 323 2 323 -0.9306602039729754 0.00683371298405467
transition 323 2 103 0.06345794384009418 0.2528473804100228
transition 324 0 153 0.12995494103898864 1.0
transition 324 1 429 -0.5947905805446716 0.5059625212947189
transition 324 1 153 -0.5550738386153911 0.4940374787052811
transition 324 2 783 -0.8646556729245729 0.22736418511066397
transition 324 2 627 -0.18944870411200276 0.23397528025294625
transition 324 2 401 0.4326100070497756 0.12072434607645875
transition 324 2 896 -0.47672174249943944 0.10002874389192297
transition 324 2 153 0.026957980417383842 0.317907444668008
transition 325 0 963 0.4463262987958563 1.0
transition 325 1 963 0.32127051782003435 1.0
transition 325 2 120 -0.7527112990401332 0.2619367854741089
transition 325 2 318 -0.9674607726219133 0.3190988567585743
transition 325 2 872 -0.31221171628092015 0.07700067249495629
transition 325 2 963 0.12739715687060094 0.3419636852723605
transition 326 0 349 -0.7179262067469894 0.31746031746031744
transition 326 0 655 0.08094489712242314 0.18404118404118405
transition 326 0 347 0.5565588001147317 0.4984984984984985
transition 326 1 680 -0.8512454593975345 0.04698972099853157
transition 326 1 520 0.6697774792936491 0.5580029368575624
transition 326 1 347 0.40232095394419987 0.39500734214390604
transition 326 2 347 -0.7839239872249921 1.0
transition 327 0 858 -0.8001205689193558 0.4302007299270073
transition 327 0 305 -0.6721452460542874 0.08074817518248176
transition 327 0 544 -0.12084244992233573 0.48905109489051096
transition 327 1 842 0.2891882985541978 0.5274509803921569
transition 327 1 544 0.3439455344477662 0.4725490196078431
transition 327 2 13 -0.7807862365990916 0.30894568690095847
transition 327 2 820 -0.8516916269621029 0.1268370607028754
transition 327 2 262 0.4997631210766449 0.30990415335463256
transition 327 2 544 -0.349156614301942 0.25431309904153354
transition 328 0 270 -0.9015162585791161 0.21906693711967545
transition 328 0 938 0.589193234945437 0.13116970926301555
transition 328 0 908 0.22252833181508747 0.3705206220419202
transition 328 0 475 -0.579107348743142 0.27924273157538876
transition 328 1 531 0.5481704775141518 0.23736263736263735
transition 328 1 857 -0.12583986683424175 0.2879120879120879
transition 328 1 794 -0.6457701732654522 0.19487179487179487
transition 328 1 475 0.09867774079340985 0.27985347985347986
transition 328 2 154 0.34184497331694796 0.674347158218126
transition 328 2 475 -0.6554686440886255 0.32565284178187404
transition 329 0 516 -0.682861473881516 0.12026726057906459
transition 329 0 627 0.933535181271373 0.60913140311804
transition 329 0 980 0.0953556531449109 0.27060133630289535
transition 329 1 980 0.7948109003911663 1.0
transition 329 2 294 -0.5392832051459446 0.6193467336683417
transition 329 2 980 0.7886028701815935 0.3806532663316583
transition 330 0 784 -0.4023450867973617 0.11838085539714868
transition 330 0 775 0.6816744139239386 0.11074338085539714
transition 330 0 827 -0.2566770632155311 0.2354887983706721
transition 330 0 365 0.46435949035285273 0.10514256619144603
transition 330 0 977 0.6506920947978452 0.430244399185336
transition 330 1 252 -0.8159363931997217 0.09940497024851243
transition 330 1 925 0.9875919380282996 0.3314665733286664
transition 330 1 376 -0.8652171018522608 0.2901645082254113
transition 330 1 697 0.015007626411004615 0.06265313265663283
transition 330 1 977 -0.6612286832956851 0.21631081554077705
transition 330 2 86 0.7916195145537579 0.2752970094223679
transition 330 2 670 0.15166070939809595 0.24457189676362145
transition 330 2 977 0.4423385158889557 0.48013109381401065
transition 331 0 412 -0.5262871707818659 0.45584988962472406
transition 331 0 4 0.8168214997281495 0.1727373068432671
transition 331 0 795 -0.4370371354637703 0.37141280353200884
transition 331 1 5 -0.06964228449474619 0.23006695069993913
transition 331 1 777 0.45907168779940166 0.2824102251978089
transition 331 1 795 -0.7495416526877996 0.48752282410225195
transition 331 2 261 0.7388956340498245 0.20487106017191978
transition 331 2 698 -0.3221095356255794 0.2148997134670487
transition 331 2 212 0.04993521924530464 0.202865329512894
transition 331 2 795 -0.7918381082796098 0.37736389684813754
transition 332 0 281 -0.32363511589884775 1.0
transition 332 1 30 0.27324049164430364 0.14267151767151767
transition 332 1 31 -0.8546508121512904 0.2554573804573805
transition 332 1 895 0.9639120023851979 0.015592515592515593
transition 332 1 755 0.08366822220922132 0.2091995841995842
transition 332 1 281 -0.32184746592857194 0.3770790020790021
transition 332 2 999 0.015400269061197402 0.5705059203444564
transition 332 2 281 -0.18871549992187409 0.4294940796555436
transition 333 0 698 -0.37938648833081734 0.3722438391699092
transition 333 0 670 -0.9408476853180345 0.2198443579766537
transition 333 0 374 0.6081520666085078 0.4079118028534371
transition 333 1 691 -0.8720551272064738 0.40369609856262834
transition 333 1 418 -0.6001105314757793 0.09815195071868583
transition 333 1 374 0.1791316925625086 0.49815195071868584
transition 333 2 374 0.191952530305314 1.0
transition 334 0 138 -0.06339073574735421 0.07423208191126279
transition 334 0 514 0.690114742547216 0.17491467576791808
transition 334 0 706 -0.5142360465786069 0.19084186575654152
transition 334 0 73 0.39137991917228954 0.15813424345847554
transition 334 0 745 0.6127675149421561 0.40187713310580203
transition 334 1 390 -0.46274510586572615 0.5568862275449101
transition 334 1 745 0.5157224076888951 0.4431137724550898
transition 334 2 826 -0.9777244452998657 0.16923410718160123
transition 334 2 307 0.11483618886662073 0.13018008244738555
transition 334 2 64 -0.8723993610266476 0.04816663050553265
transition 334 2 660 0.45232453923894633 0.1766109785202864
transition 334 2 745 0.5815768582891301 0.4758082013451942
transition 335 0 765 -0.35904039115786635 0.20134638922888617
transition 335 0 569 0.9553079498334698 0.42717258261933905
transition 335 0 59 0.5775671653356884 0.3714810281517748
transition 335 1 59 0.7727563933850123 1.0
transition 335 2 621 0.4460426251034997 0.09795613160518445
transition 335 2 547 -0.5348238594603572 0.21660019940179462
transition 335 2 975 -0.3285431184034957 0.21161515453639082
transition 335 2 786 0.7892104287801205 0.020438683948155532
transition 335 2 59 -0.28948029331496006 0.4533898305084746
transition 336 0 575 -0.5296677422068954 0.7547357926221336
transition 336 0 614 -0.10850683522018012 0.2452642073778664
transition 336 1 185 -0.14913024534552055 0.011876484560570071
transition 336 1 75 -0.956918039246752 0.5146476642913698
transition 336 1 614 -0.8986667669100639 0.4734758511480602
transition 336 2 880 0.6050504432995807 0.18870431893687709
transition 336 2 784 -0.40481253637977077 0.12524916943521594
transition 336 2 651 0.8493201641018517 0.08970099667774087
transition 336 2 703 0.08424092590695298 0.24019933554817277
transition 336 2 614 0.14428610246099294 0.35614617940199333
transition 337 0 662 -0.08346660154923069 0.26925038245792965
transition 337 0 966 0.6952163647233218 0.07343192248852626
transition 337 0 745 -0.21762366185318327 0.18103008669046405
transition 337 0 604 -0.06424385645222941 0.47628760836308004
transition 337 1 280 0.054210343470669775 0.11886051080550099
transition 337 1 746 -0.8692324498523922 0.026522593320235755
transition 337 1 543 -0.5016015354161112 0.45972495088408644
transition 337 1 604 0.7275271396875604 0.3948919449901768
transition 337 2 604 0.10154667299787401 1.0
transition 338 0 670 -0.7684969605317495 0.1909814323607427
transition 338 0 224 -0.13492558877763683 0.1793103448275862
transition 338 0 885 -0.7821345003155658 0.37453580901856764
transition 338 0 375 0.19369231373800688 0.25517241379310346
transition 338 1 807 0.3571313893911041 0.5745992601726264
transition 338 1 375 0.3180942684296708 0.4254007398273736
transition 338 2 402 0.8917780517156946 0.3078055964653903
transition 338 2 942 -0.7440761995166922 0.3475699558173785
transition 338 2 375 -0.7904535125693086 0.3446244477172312
transition 339 0 782 -0.2521954246113782 0.7944444444444444
transition 339 0 340 0.1269916096529442 0.20555555555555555
transition 339 1 392 0.669783266919521 0.7805280528052805
transition 339 1 340 -0.6160675528685771 0.21947194719471946
transition 339 2 19 -0.04047616866819004 0.09373528026377767
transition 339 2 130 -0.9869716866839378 0.26048045219029675
transition 339 2 762 -0.5511572051689688 0.07913330193122939
transition 339 2 951 0.4139877055693082 0.20254357041921808
transition 339 2 340 -0.18435561893235897 0.3641073951954781
transition 340 0 7 0.8491731811427934 1.0
transition 340 1 506 0.8114504110669309 0.5500667556742324
transition 340 1 683 0.9667203911381983 0.1802403204272363
transition 340 1 7 0.702440174831146 0.2696929238985314
transition 340 2 685 0.316057348129968 0.6273584905660378
transition 340 2 7 0.8398669640895415 0.37264150943396224
transition 341 0 79 -0.31142139452069073 1.0
transition 341 1 731 -0.5844448283476693 0.599523241954708
transition 341 1 719 0.37628237432303524 0.05363528009535161
transition 341 1 79 -0.6438103945049181 0.3468414779499404
transition 341 2 964 -0.1596851300604074 0.7303473491773309
transition 341 2 79 -0.17333094933729187 0.2696526508226691
transition 342 0 931 -0.6904401485651617 0.24582898852971846
transition 342 0 545 0.011986703787786768 0.13399374348279458
transition 342 0 603 -0.15985270778935745 0.1399895724713243
transition 342 0 829 0.49160869464970314 0.2523461939520334
transition 342 0 247 0.5296165366350019 0.2278415015641293
transition 342 1 107 -0.27466213529159256 0.14850553071310896
transition 342 1 2 -0.6268925313056031 0.08519651682748883
transition 342 1 885 -0.0684079660879291 0.20310661332078137
transition 342 1 306 -0.41026462747131376 0.09696399152741822
transition 342 1 247 -0.30889635539103244 0.46622734761120266
transition 342 2 939 -0.7257734542269481 0.18314785373608902
transition 342 2 406 -0.07024512743783373 0.07758346581875994
transition 342 2 915 0.44870005626833054 0.2534181240063593
transition 342 2 247 -0.9693882104585796 0.4858505564387917
transition 343 0 616 -0.8848158618282278 0.536144578313253
transition 343 0 280 -0.3919599518047381 0.463855421686747
transition 343 1 806 0.6506853205758978 0.23254237288135593
transition 343 1 523 -0.6716745476726338 0.17796610169491525
transition 343 1 529 -0.796724061910437 0.18745762711864405
transition 343 1 280 0.25863924934462346 0.40203389830508474
transition 343 2 229 -0.14330755440295584 0.015202702702702704
transition 343 2 78 -0.9593408896257389 0.46283783783783783
transition 343 2 231 0.3214713819861028 0.18327702702702703
transition 343 2 280 0.006061795010585236 0.33868243243243246
transition 344 0 250 -0.7580100451868712 0.5725018782870023
transition 344 0 923 -0.634213910024259 0.4274981217129977
transition 344 1 129 0.8197902739244423 0.5759162303664922
transition 344 1 950 0.3117137261065883 0.020942408376963352
transition 344 1 923 -0.5893700710843939 0.4031413612565445
transition 344 2 214 0.6135861948108094 0.5888324873096447
transition 344 2 923 0.9405118084104458 0.41116751269035534
transition 345 0 564 -0.6055338120834561 0.5627705627705628
transition 345 0 348 -0.5784684177837534 0.025974025974025976
transition 345 0 637 -0.5375642139519137 0.41125541125541126
transition 345 1 185 0.9253548613182367 0.20697498104624715
transition 345 1 499 -0.12513044132146134 0.26724791508718726
transition 345 1 273 0.3057336703941842 0.004927975739196361
transition 345 1 757 0.7002748741530458 0.3453373768006065
transition 345 1 637 -0.12399001041882696 0.1755117513267627
transition 345 2 98 -0.2786969316072889 0.010530137981118372
transition 345 2 84 0.18740104119034906 0.1830065359477124
transition 345 2 407 0.7702215068194116 0.2222222222222222
transition 345 2 368 0.32953262176823905 0.17792302106027597
transition 345 2 637 0.06158699247243016 0.40631808278867104
transition 346 0 559 0.8125602014198701 0.23482428115015974
transition 346 0 453 -0.6443827093375825 0.015175718849840255
transition 346 0 650 -0.8563732950174088 0.31070287539936103
transition 346 0 651 -0.9510063224799254 0.43929712460063897
transition 346 1 540 -0.2651023415212157 0.1756931012250161
transition 346 1 735 0.604464473364793 0.1827852998065764
transition 346 1 569 0.4812381178410188 0.279819471308833
transition 346 1 333 0.42118457998276804 0.09574468085106383
transition 346 1 651 0.009492583196048843 0.26595744680851063
transition 346 2 651 0.16847436251892756 1.0
transition 347 0 917 0.3261713179019212 0.21833273186575244
transition 347 0 225 -0.07608636136744407 0.28256946950559364
transition 347 0 70 -0.9619117017986505 0.10934680620714543
transition 347 0 92 -0.09809449292341377 0.38975099242150846
transition 347 1 573 0.9830139794130526 0.541907514450867
transition 347 1 864 0.21379868024440207 0.13078034682080925
transition 347 1 893 0.6941660124934224 0.12572254335260116
transition 347 1 92 -0.2723335729174401 0.20158959537572255
transition 347 2 137 -0.19391626795398076 0.18359603035610042
transition 347 2 355 0.27009148253201776 0.28283712784588444
transition 347 2 66 -0.9609933728579789 0.17016929363689434
transition 347 2 92 0.03158962150650968 0.36339754816112085
transition 348 0 668 0.22894608977763986 1.0
transition 348 1 286 -0.6495697628480739 0.17670093000489476
transition 348 1 561 -0.9624921179842643 0.4645129711209006
transition 348 1 668 -0.5188213584582275 0.3587860988742046
transition 348 2 591 0.8057357318390455 0.5219378427787934
transition 348 2 483 0.6198014290755327 0.11882998171846434
transition 348 2 668 -0.3015386335610446 0.3592321755027422
transition 349 0 954 -0.10010591092746202 0.21728395061728395
transition 349 0 122 0.06946559425705456 0.391358024691358
transition 349 0 801 0.0320782788573426 0.391358024691358
transition 349 1 236 0.14976509886434197 0.03792851932895697
transition 349 1 646 0.03747449704627104 0.2833698030634573
transition 349 1 201 0.6544065664770335 0.14405543398978848
transition 349 1 377 0.6456692628522895 0.12727935813274982
transition 349 1 801 0.4696465922743076 0.4073668854850474
transition 349 2 775 -0.9554630303253404 0.5126286248830683
transition 349 2 801 -0.30825765538578676 0.48737137511693174
transition 350 0 146 -0.2177163622745366 1.0
transition 350 1 548 -0.6634700232055155 0.3611922852133255
transition 350 1 601 0.6428471748046451 0.24254821741671537
transition 350 1 146 0.7733903253276546 0.3962594973699591
transition 350 2 976 -0.5646652552508928 0.017174753112924
transition 350 2 206 -0.26581114121173033 0.36367539716616576
transition 350 2 363 0.010661498947110548 0.1781880635465865
transition 350 2 146 0.5790679960891096 0.44096178617432374
transition 351 0 339 -0.3117027827108909 0.30458561211611274
transition 351 0 248 0.271992435342713 0.37862852334875896
transition 351 0 810 0.5197929093911864 0.3167858645351283
transition 351 1 321 -0.8207893553743397 0.03744351194318916
transition 351 1 525 -0.16247877378267006 0.2740477727566172
transition 351 1 51 0.5507272310666502 0.13653970303421561
transition 351 1 502 -0.7340598011444708 0.06649451258876694
transition 351 1 810 0.5960138253093621 0.4854744996772111
transition 351 2 528 -0.2956896619910989 0.19370629370629372
transition 351 2 424 -0.9343048536856253 0.3066433566433566
transition 351 2 810 -0.08776938584169414 0.49965034965034966
transition 352 0 585 -0.5282448917739739 0.5703200775945684
transition 352 0 888 0.036627060128600064 0.4296799224054316
transition 352 1 653 0.5478706065553194 0.5644171779141104
transition 352 1 888 0.2223629304305017 0.43558282208588955
transition 352 2 888 0.6872078729504079 1.0
transition 353 0 794 0.8940406266000505 0.03608923884514436
transition 353 0 649 0.4804749621003501 0.46653543307086615
transition 353 0 146 0.9794293269814742 0.08661417322834646
transition 353 0 693 -0.132955610535612 0.410761154855643
transition 353 1 144 -0.4256861328990911 0.5804195804195804
transition 353 1 693 0.8551606108485255 0.4195804195804196
transition 353 2 624 0.13428383328779803 0.4885245901639344
transition 353 2 925 0.6993470040052019 0.29442622950819675
transition 353 2 693 0.9997176516658215 0.21704918032786885
transition 354 0 52 0.41433231195551934 0.2261280167890871
transition 354 0 618 0.7522319182260717 0.057974816369359916
transition 354 0 37 -0.5977129439161875 0.2332109129066107
transition 354 0 955 0.7244318954924385 0.4826862539349423
transition 354 1 471 0.04050107154002136 0.3027226580526073
transition 354 1 893 -0.6109846976331403 0.2824180895246885
transition 354 1 261 -0.07046317498823118 0.11628980156898938
transition 354 1 199 -0.10227419931101767 0.09690816797415783
transition 354 1 955 0.40900280963644664 0.20166128287955698
transition 354 2 955 -0.3016739893989324 1.0
transition 355 0 525 0.49557401259522926 0.15476760900814565
transition 355 0 569 0.46397762124638753 0.1789650215620508
transition 355 0 826 -0.5395469088157465 0.23838045040728317
transition 355 0 869 -0.29565831660409203 0.21609966459032104
transition 355 0 659 -0.684196100580492 0.21178725443219934
transition 355 1 185 0.6103789974062548 0.01560021152829191
transition 355 1 790 0.8203762349402584 0.1708090957165521
transition 355 1 553 -0.7616404937795285 0.1274457958751983
transition 355 1 384 0.650163386771965 0.20465362242199894
transition 355 1 659 -0.5929917122040473 0.48149127445795875
transition 355 2 659 0.7471600360805413 1.0
transition 356 0 277 -0.10986230996793278 0.22910764872521247
transition 356 0 513 0.5573372025922034 0.03293201133144476
transition 356 0 526 -0.6808618391463492 0.11437677053824363
transition 356 0 228 -0.8624233290511649 0.23689801699716714
transition 356 0 697 -0.6491916184517874 0.386685552407932
transition 356 1 590 -0.10588813567706934 0.41405269761606023
transition 356 1 246 0.1769521663436313 0.2120451693851945
transition 356 1 697 0.6951384573911443 0.3739021329987453
transition 356 2 697 0.8169690139253458 1.0
transition 357 0 30 -0.8854664043880855 0.07522935779816514
transition 357 0 632 0.22120107907910502 0.3137614678899083
transition 357 0 150 0.6981731280693251 0.3385321100917431
transition 357 0 74 0.17467350961509553 0.2724770642201835
transition 357 1 40 -0.5336018629317003 0.3577364463791057
transition 357 1 981 -0.4012613583061615 0.1733280569845667
transition 357 1 313 0.3020092262618268 0.015037593984962405
transition 357 1 74 -0.42178145142803714 0.45389790265136526
transition 357 2 54 0.28769767709960625 0.7049763033175356
transition 357 2 74 -0.6129901833718043 0.2950236966824645
transition 358 0 248 0.6961524589765216 0.7294429708222812
transition 358 0 143 -0.9754541613557943 0.27055702917771884
transition 358 1 60 -0.8558309741196044 0.16561314791403287
transition 358 1 789 0.28425500376877944 0.018963337547408345
transition 358 1 146 -0.11382484154672645 0.0018963337547408343
transition 358 1 849 -0.3377920140248367 0.47281921618204803
transition 358 1 143 0.294766616713968 0.3407079646017699
transition 358 2 754 -0.9506869038876131 0.5183150183150184
transition 358 2 143 -0.11324025414168637 0.4816849816849817
transition 359 0 829 0.31090855903726333 0.1442221020371372
transition 359 0 60 -0.09790534585038246 0.12312961961420588
transition 359 0 274 -0.29384927554440354 0.17306652244456464
transition 359 0 40 0.530269161719072 0.06508022354425816
transition 359 0 560 -0.5312536369031904 0.49450153235983413
transition 359 1 168 0.06519026694604269 0.13069544364508393
transition 359 1 550 0.1157362744419268 0.5683453237410072
transition 359 1 560 0.7281472577176062 0.3009592326139089
transition 359 2 780 0.08123561452182937 0.176303317535545
transition 359 2 56 0.03970623042499977 0.10015797788309637
transition 359 2 897 0.32903838066900537 0.2862559241706161
transition 359 2 560 -0.7067247733504536 0.4372827804107425
transition 360 0 237 0.07479847930424754 0.5780903034789046
transition 360 0 809 -0.398281021673883 0.4219096965210955
transition 360 1 601 0.41850217753913266 0.7085330776605945
transition 360 1 809 0.13610387170225846 0.2914669223394056
transition 360 2 173 -0.8256323551361078 0.5158730158730159
transition 360 2 809 0.9301113689828464 0.48412698412698413
transition 361 0 751 0.8974293005074065 0.6118251928020566
transition 361 0 431 -0.6538032828486007 0.38817480719794345
transition 361 1 671 0.4288237094642975 0.7781350482315113
transition 361 1 431 0.23505013779100015 0.22186495176848875
transition 361 2 112 0.15493009501771615 0.23325286662643333
transition 361 2 37 0.5955433618253754 0.27157513578756787
transition 361 2 431 -0.5189968474340827 0.4951719975859988
transition 363 0 527 0.8409199462856096 1.0
transition 363 1 193 0.2334256040362055 0.34609250398724084
transition 363 1 996 0.49660553497116267 0.42211589580010633
transition 363 1 527 0.7215444698003497 0.23179160021265285
transition 363 2 282 0.25019230990192964 0.30624760444614796
transition 363 2 584 0.8230238319948797 0.33614411651973936
transition 363 2 527 0.7117273615690198 0.3576082790341127
transition 364 0 162 -0.5062422788555516 0.25079113924050633
transition 364 0 994 0.30703957380114666 0.24287974683544303
transition 364 0 399 -0.21345757617214134 0.13330696202531644
transition 364 0 266 0.5736672538971583 0.37302215189873417
transition 364 1 555 -0.6948538503744697 0.19739161085653859
transition 364 1 408 0.31616146590674155 0.1677828692280578
transition 364 1 794 -0.6235145906352857 0.14346140289037715
transition 364 1 614 0.4114487003442109 0.2224180472329926
transition 364 1 266 -0.4974251510449559 0.26894606979203384
transition 364 2 56 0.9965570908254049 0.14270270270270272
transition 364 2 489 -0.19218668215042678 0.5513513513513514
transition 364 2 266 -0.520544442199139 0.30594594594594593
transition 365 0 575 -0.8177101987136823 0.11979166666666667
transition 365 0 815 0.9792378950944685 0.2298611111111111
transition 365 0 378 0.6352663701985055 0.18159722222222222
transition 365 0 191 -0.4120966423696 0.46875
transition 365 1 654 -0.597559649587331 0.5560509554140127
transition 365 1 191 0.8571960899854603 0.4439490445859873
transition 365 2 191 0.1357297536592288 1.0
transition 366 0 721 0.7474156171799984 0.3512658227848101
transition 366 0 728 -0.06165540367786315 0.4204339963833635
transition 366 0 263 0.15414920118785913 0.2283001808318264
transition 366 1 285 -0.889055347373856 0.5726415094339623
transition 366 1 863 -0.9870885831106588 0.19150943396226416
transition 366 1 263 0.5033424983428394 0.2358490566037736
transition 366 2 217 -0.8231611504532259 0.3826450601150026
transition 366 2 200 0.1971197345624558 0.21641400940930475
transition 366 2 263 0.27101284650690616 0.4009409304756926
transition 367 0 77 -0.7403327543543832 0.0619362597714973
transition 367 0 228 -0.5131411529991248 0.3619963920625376
transition 367 0 772 -0.47653132945000864 0.05592303066746843
transition 367 0 312 -0.9727317443449393 0.04509921828021648
transition 367 0 957 0.4255346064690506 0.4750450992182802
transition 367 1 956 0.17581288428737674 0.012223071046600458
transition 367 1 891 0.10414390744957469 0.3384262796027502
transition 367 1 648 -0.42068835101302815 0.45760122230710465
transition 367 1 957 0.8336502827461674 0.1917494270435447
transition 367 2 225 0.8960399977064546 0.7835820895522388
transition 367 2 957 0.5471617736703929 0.21641791044776118
transition 368 0 827 0.16436104678157237 0.1078880407124682
transition 368 0 318 -0.4031655706617414 0.35572519083969467
transition 368 0 404 -0.14160170846075348 0.050381679389312976
transition 368 0 961 0.8497583147676522 0.4860050890585242
transition 368 1 279 0.15580002115138614 0.631578947368421
transition 368 1 961 -0.3220075794710473 0.3684210526315789
transition 368 2 200 0.03351546469375033 0.5477293790546802
transition 368 2 961 0.191887061488355 0.4522706209453197
transition 369 0 750 0.6475468074352577 0.10966647823629169
transition 369 0 564 0.3188080406929581 0.11673261729790842
transition 369 0 674 -0.09096539993183339 0.22639909553420012
transition 369 0 529 -0.2006494341306433 0.1520633126059921
transition 369 0 839 -0.8715843349572063 0.3951384963256077
transition 369 1 399 -0.8589713100526855 0.6169871794871795
transition 369 1 57 -0.28476513302727313 0.08733974358974358
transition 369 1 199 0.9650326130489726 0.03205128205128205
transition 369 1 191 -0.7781905675588361 0.005608974358974359
transition 369 1 839 0.4792531672320417 0.25801282051282054
transition 369 2 839 -0.716113399510552 1.0
transition 370 0 787 0.06299857946315268 1.0
transition 370 1 787 -0.7507944600046972 1.0
transition 370 2 834 0.8516965051925032 0.10982658959537572
transition 370 2 498 -0.13350886910898518 0.1
transition 370 2 227 -0.19157255037290066 0.2815028901734104
transition 370 2 610 0.8343672253625309 0.1485549132947977
transition 370 2 787 -0.4058413765648772 0.3601156069364162
transition 371 0 322 0.21762467332732216 0.3511214230471771
transition 371 0 200 -0.7915062884074939 0.2675947409126063
transition 371 0 396 0.3624509444895909 0.38128383604021654
transition 371 1 180 -0.6835573002140725 0.504885993485342
transition 371 1 757 -0.8051250096628295 0.0016286644951140066
transition 371 1 396 -0.5393046094761336 0.49348534201954397
transition 371 2 663 -0.12853088940742863 0.17277486910994763
transition 371 2 882 0.15444647124276667 0.16903515332834704
transition 371 2 283 0.7847096750135303 0.0034904013961605585
transition 371 2 591 -0.34191918439303737 0.24831712789827973
transition 371 2 396 0.061172212382344604 0.406382448267265
transition 372 0 310 0.13215157725088145 0.2915974759216207
transition 372 0 576 0.6380563966021289 0.06243772832945865
transition 372 0 109 0.07605460998305924 0.22915974759216207
transition 372 0 133 -0.9434178332776368 0.41680504815675856
transition 372 1 133 -0.5172564983539811 1.0
transition 372 2 609 -0.6345488918964304 0.07272727272727272
transition 372 2 130 -0.05084858941246595 0.3415860735009671
transition 372 2 197 -0.8139437149757023 0.12030947775628627
transition 372 2 256 0.3951563782872993 0.033268858800773696
transition 372 2 133 0.4797016095343778 0.43210831721470017
transition 373 0 269 -0.27640422858282454 0.06949715370018976
transition 373 0 316 0.9034613215540668 0.18382352941176472
transition 373 0 966 -0.592445510017209 0.2307874762808349
transition 373 0 829 0.7248678745330093 0.030834914611005692
transition 373 0 144 0.6757648251012431 0.4850569259962049
transition 373 1 428 -0.32768381848881867 0.4120413922859831
transition 373 1 4 0.9105657804782692 0.19379115710253997
transition 373 1 144 0.6209574343312396 0.39416745061147695
transition 373 2 144 -0.5157915708284582 1.0
transition 374 0 866 -0.13941094942304622 0.07631007003139338
transition 374 0 133 -0.13855734673957465 0.14923931417531996
transition 374 0 508 0.8708822527302031 0.21927070755856073
transition 374 0 697 -0.17716336352386053 0.18811881188118812
transition 374 0 663 -0.7886884616134247 0.3670610963535378
transition 374 1 663 0.9687070798844375 1.0
transition 374 2 584 0.013879982927956558 0.34724857685009486
transition 374 2 775 -0.9898350915046621 0.1698292220113852
transition 374 2 663 0.04188874395629916 0.4829222011385199
transition 375 0 55 0.007693669237899936 1.0
transition 375 1 707 0.5027629534037859 0.6641721234798877
transition 375 1 55 -0.9173927404528002 0.33582787652011226
transition 375 2 762 -0.6436660492205979 0.11162255466052934
transition 375 2 885 -0.24566830160413766 0.33429228998849253
transition 375 2 403 0.3368078339292804 0.0903337169159954
transition 375 2 805 -0.5391069545814329 0.23130034522439585
transition 375 2 55 0.52688453315368 0.23245109321058688
transition 377 0 691 -0.6569073876464535 0.2738795835219556
transition 377 0 458 -0.9221731006694016 0.33861475780896333
transition 377 0 634 0.3293712678863825 0.21684019918515166
transition 377 0 835 -0.3468633680991038 0.1706654594839294
transition 377 1 605 -0.351340060855299 0.0741025148780956
transition 377 1 330 -0.4830535998050227 0.1829525820694951
transition 377 1 750 0.3572995553237368 0.16029948166634672
transition 377 1 529 -0.25129370686727226 0.14186984066039546
transition 377 1 835 0.3840920111061572 0.44077558072566714
transition 377 2 963 0.48035819487633025 0.10604929051530994
transition 377 2 346 -0.015135034217030885 0.10355987055016182
transition 377 2 556 -0.7690863266282084 0.1486183719193428
transition 377 2 164 0.49597748650223483 0.23101817276574557
transition 377 2 835 -0.8575316769245933 0.4107542942494399
transition 378 0 740 -0.9998881968609754 0.6132140399174123
transition 378 0 756 -0.8490942552959697 0.38678596008258775
transition 378 1 555 0.9211664431948827 0.06278026905829596
transition 378 1 128 0.22580234812071387 0.09237668161434978
transition 378 1 340 -0.5250737610488989 0.4354260089686099
transition 378 1 756 0.409254838656663 0.4094170403587444
transition 378 2 203 -0.6684116091426053 0.23335081279496592
transition 378 2 406 -0.0496817711007298 0.053487152595700055
transition 378 2 967 -0.5841021681551519 0.031200839014158363
transition 378 2 529 -0.9192121061329981 0.22758259045621396
transition 378 2 756 -0.7480326591278146 0.4543786051389617
transition 379 0 169 -0.4481498203901655 0.7789968652037618
transition 379 0 676 0.6189101219404496 0.22100313479623823
transition 379 1 52 0.3363774875146044 0.7716535433070866
transition 379 1 676 0.08935839884709873 0.2283464566929134
transition 379 2 395 -0.9205238834064216 0.23922800718132856
transition 379 2 685 -0.3574184482149958 0.09560143626570916
transition 379 2 410 0.6174084117579777 0.39317773788150806
transition 379 2 676 0.04231056558071611 0.2719928186714542
transition 381 0 152 -0.08310874010872626 1.0
transition 381 1 640 -0.9819884564838615 0.375277901289462
transition 381 1 9 -0.13372544342927273 0.10226767452200979
transition 381 1 164 -0.019457654266723523 0.03646064917741218
transition 381 1 297 0.02177433534880513 0.04713205869275233
transition 381 1 152 -0.8045619253955103 0.43886171631836374
transition 381 2 152 0.5019873403819388 1.0
transition 382 0 530 -0.05041000361103154 1.0
transition 382 1 607 0.40253688956928513 0.4787985865724382
transition 382 1 195 0.1435164184966835 0.142226148409894
transition 382 1 148 -0.16172116018059457 0.1413427561837456
transition 382 1 530 -0.13001026545804906 0.23763250883392226
transition 382 2 658 0.2805903137871506 0.46192609182530797
transition 382 2 117 0.9508207306627616 0.0677491601343785
transition 382 2 530 0.19140355670680642 0.47032474804031354
transition 383 0 848 -0.8111559984903718 0.45416164053075997
transition 383 0 950 -0.23177604182102618 0.3528347406513872
transition 383 0 909 0.14953348747042927 0.19300361881785283
transition 383 1 617 0.6917530349789862 0.8043052837573386
transition 383 1 909 0.9280356863648045 0.19569471624266144
transition 383 2 601 0.8786707648371399 0.6472222222222223
transition 383 2 909 -0.24196312675163778 0.3527777777777778
transition 385 0 177 0.9811414566063992 0.4604628736740598
transition 385 0 789 -0.4492043080437831 0.11668273866923819
transition 385 0 278 0.972656544668258 0.422854387656702
transition 385 1 584 -0.5495823050089168 0.515970515970516
transition 385 1 278 0.5653865583617934 0.48402948402948404
transition 385 2 201 0.45586914766608055 0.2634091547318169
transition 385 2 202 0.27478333292978796 0.2735186745296265
transition 385 2 278 -0.014453114753845364 0.4630721707385566
transition 386 0 322 0.9105610968405049 1.0
transition 386 1 29 0.5498858828911073 0.1867572156196944
transition 386 1 838 -0.5531539556532954 0.4159592529711375
transition 386 1 322 -0.7618570962702356 0.39728353140916806
transition 386 2 77 -0.13167055697568109 0.36040882194728346
transition 386 2 852 0.07425452627978935 0.28509951586874666
transition 386 2 646 -0.8780101175823598 0.03496503496503497
transition 386 2 322 -0.19972756393082558 0.31952662721893493
transition 387 0 807 -0.5374021814859182 0.3503698722259583
transition 387 0 564 -0.14382975421816524 0.33960995292535306
transition 387 0 487 0.8647612317855871 0.31002017484868866
transition 387 1 477 0.6757911895533331 0.7830188679245284
transition 387 1 487 0.9750668991247322 0.2169811320754717
transition 387 2 453 0.12422138480208456 0.09609120521172639
transition 387 2 768 0.6799425553927632 0.6807817589576547
transition 387 2 487 -0.2231495358500184 0.22312703583061888
transition 388 0 871 -0.26623200080708465 0.6079779917469051
transition 388 0 269 -0.6650313246935189 0.3920220082530949
transition 388 1 723 0.024735859384975356 0.5431937172774869
transition 388 1 269 -0.7090031787553164 0.4568062827225131
transition 388 2 494 -0.7120370853499578 0.13552724699221513
transition 388 2 934 -0.32606157879591025 0.24663835810332627
transition 388 2 969 0.7792218993832754 0.05980184005661713
transition 388 2 948 0.30822042056395693 0.18719037508846426
transition 388 2 269 0.6752756084969356 0.3708421797593772
transition 389 0 552 0.5062128343586159 0.1422976501305483
transition 389 0 901 -0.8762150703897889 0.06971279373368146
transition 389 0 725 0.2763498721016353 0.1898172323759791
transition 389 0 571 -0.8249063244033419 0.1031331592689295
transition 389 0 784 -0.1379128893075141 0.4950391644908616
transition 389 1 615 -0.08990166915264686 0.6707482993197279
transition 389 1 784 0.11513392306530301 0.3292517006802721
transition 389 2 540 0.872327029966615 0.3528942115768463
transition 389 2 734 -0.7646939985669703 0.13532934131736526
transition 389 2 504 -0.1682782319643532 0.19481037924151698
transition 389 2 784 0.997445038646674 0.31696606786427145
transition 390 0 784 0.5726853550162128 0.2249208025343189
transition 390 0 208 -0.3337276370106026 0.30904611052446324
transition 390 0 577 -0.5326987903128333 0.09926082365364308
transition 390 0 37 0.320193297513645 0.3667722632875748
transition 390 1 573 0.2407466684367605 0.11912568306010929
transition 390 1 805 0.7873847314697275 0.2005464480874317
transition 390 1 114 0.46063543115209793 0.28087431693989073
transition 390 1 37 -0.45045699587336197 0.3994535519125683
transition 390 2 37 0.9251389952310483 1.0
transition 392 0 297 -0.34835786166583427 1.0
transition 392 1 320 -0.635084914132819 0.2584313725490196
transition 392 1 533 0.5476562643567491 0.023137254901960783
transition 392 1 472 -0.24274301926636666 0.3215686274509804
transition 392 1 297 -0.8023176552146531 0.3968627450980392
transition 392 2 112 0.06789437386312991 0.2609635577516986
transition 392 2 611 -0.23664055157278074 0.17418159357628166
transition 392 2 147 0.626517722226624 0.2609635577516986
transition 392 2 297 -0.10491043007033207 0.3038912909203212
transition 393 0 1 -0.8842496988667499 1.0
transition 393 1 352 0.7247461851707511 0.16573679028552674
transition 393 1 860 0.14449093694475335 0.27568099770265836
transition 393 1 158 0.5931400234224464 0.2389235313423039
transition 393 1 1 -0.6286393069390586 0.319658680669511
transition 393 2 928 -0.7892180489767049 0.046435100548446066
transition 393 2 530 0.19245016546520755 0.27824497257769654
transition 393 2 772 0.11379169076793416 0.17623400365630712
transition 393 2 799 -0.457503632469062 0.010237659963436929
transition 393 2 1 -0.8044516322411379 0.48884826325411335
transition 394 0 976 0.24293805156064985 0.2665684830633284
transition 394 0 883 0.34692226640368373 0.24447717231222385
transition 394 0 917 -0.9989218864937914 0.4889543446244477
transition 394 1 551 -0.709495845685769 0.19680851063829788
transition 394 1 57 -0.43240368611282376 0.3333333333333333
transition 394 1 917 -0.6838530098288786 0.4698581560283688
transition 394 2 84 0.10887603987759698 0.18916817828452967
transition 394 2 735 -0.4760697642157372 0.1611816532780513
transition 394 2 925 0.4224533260294139 0.22441046903342834
transition 394 2 917 -0.1709969104807818 0.42523969940399065
transition 395 0 820 0.02990610822959483 0.12804561949196475
transition 395 0 243 -0.6021058551300789 0.44582685329186106
transition 395 0 836 -0.5962170263416329 0.4261275272161742
transition 395 1 295 -0.8018302757688933 0.05090137857900318
transition 395 1 340 0.8368001820547875 0.17895015906680806
transition 395 1 511 0.07255779744812951 0.06203605514316013
transition 395 1 8 0.8713708575461068 0.25026511134676566
transition 395 1 836 -0.5610791126443522 0.457847295864263
transition 395 2 614 0.07633083931597984 0.5155688622754491
transition 395 2 836 -0.8078137150035656 0.4844311377245509
transition 396 0 470 -0.4673226492081095 0.23135135135135135
transition 396 0 965 0.5249709173589208 0.06594594594594595
transition 396 0 177 -0.3373130650075242 0.19207207207207208
transition 396 0 341 0.7314115082441717 0.1989189189189189
transition 396 0 687 0.4477973750888298 0.3117117117117117
transition 396 1 687 -0.3989400889336876 1.0
transition 396 2 782 -0.2491524549826949 0.2545972545972546
transition 396 2 573 0.351784534063198 0.016576016576016577
transition 396 2 323 0.5687620960995752 0.24112924112924114
transition 396 2 687 -0.445351991476443 0.4876974876974877
transition 397 0 650 0.41776631011177434 0.20492320639596046
transition 397 0 930 -0.5627395769095365 0.19755943614559227
transition 397 0 319 0.4870703357973323 0.0035766884073216917
transition 397 0 753 -0.015618972169370693 0.10751104565537556
transition 397 0 669 0.5312858958037985 0.4864296233957501
transition 397 1 48 0.060213126747057366 0.30599692465402356
transition 397 1 840 0.24133878248784457 0.1168631471040492
transition 397 1 451 0.667461530903624 0.3844182470527934
transition 397 1 669 -0.27313461821161167 0.19272168118913377
transition 397 2 774 -0.5577548336366969 0.02419592800236058
transition 397 2 67 0.9056972005613932 0.2112717615815875
transition 397 2 660 -0.07295684074792486 0.1274712304514606
transition 397 2 79 -0.7260714555594516 0.16878135143110062
transition 397 2 669 -0.6045194584647999 0.4682797285334907
transition 398 0 549 -0.09237980406029878 0.4559289790741915
transition 398 0 528 0.856846525296203 0.21686746987951808
transition 398 0 459 -0.5906548270761343 0.3272035510462904
transition 398 1 103 0.4762596819748679 0.32663989290495316
transition 398 1 147 -0.8021292397008173 0.2539045069165551
transition 398 1 459 -0.17900014371648632 0.41945560017849176
transition 398 2 347 -0.34704384191895654 0.16913158892681077
transition 398 2 645 -0.9579949940060768 0.1975729996207812
transition 398 2 356 -0.14113302854154486 0.35381114903299204
transition 398 2 459 -0.6946946373728498 0.279484262419416
transition 399 0 979 0.5338287523100198 0.6733668341708543
transition 399 0 574 -0.523701136351697 0.32663316582914576
transition 399 1 697 0.6664098021961258 0.42433862433862435
transition 399 1 169 -0.2651483388047382 0.1619047619047619
transition 399 1 574 0.018829891181476377 0.41375661375661377
transition 399 2 80 -0.7360406668167478 0.8330849478390462
transition 399 2 574 0.8307154304471001 0.16691505216095381
transition 400 0 622 -0.7602975956293576 0.3141607803565422
transition 400 0 413 0.6994426067000459 0.33165153044063234
transition 400 0 798 -0.5568584268813541 0.35418768920282545
transition 400 1 256 0.5865400141980301 0.5447316103379721
transition 400 1 798 0.5920287056337179 0.4552683896620278
transition 400 2 798 -0.588694869043634 1.0
transition 401 0 882 -0.6802944964276862 0.6109660574412533
transition 401 0 536 0.9234215392502114 0.38903394255874674
transition 401 1 536 -0.015877744519249504 1.0
transition 401 2 536 -0.07556970040844035 1.0
transition 402 0 597 -0.8288877079966763 0.6483957219251337
transition 402 0 514 0.5670839649919031 0.3516042780748663
transition 402 1 514 -0.8498481953482158 1.0
transition 402 2 650 -0.02596193654127288 0.05740037950664137
transition 402 2 167 -0.3499258613247982 0.28225806451612906
transition 402 2 292 0.35883140453966167 0.31404174573055027
transition 402 2 514 0.4352788068180973 0.34629981024667933
transition 403 0 330 0.9489892727143425 1.0
transition 403 1 330 -0.823711122779244 1.0
transition 403 2 245 -0.18598083467193938 0.6724267468069121
transition 403 2 330 0.9335632643501364 0.3275732531930879
transition 404 0 933 0.4904216764418543 1.0
transition 404 1 883 -0.24757471717766788 0.5772357723577236
transition 404 1 933 0.8227169485422328 0.42276422764227645
transition 404 2 268 -0.5723007933911193 0.16452074391988555
transition 404 2 830 -0.422886829280674 0.6545064377682404
transition 404 2 933 0.9122989776340216 0.18097281831187412
transition 405 0 867 -0.7010640533800632 1.0
transition 405 1 724 -0.12863889914526117 0.21762529431550623
transition 405 1 97 0.29413326434217657 0.26303397241843257
transition 405 1 46 -0.8872128376520265 0.10528086108308106
transition 405 1 867 0.4069700466836388 0.4140598721829802
transition 405 2 986 -0.3257853481318329 0.5212683681361175
transition 405 2 795 -0.20658269776571792 0.08662026295436968
transition 405 2 867 -0.8451993170678624 0.39211136890951276
transition 406 0 292 -0.7472511850746242 0.034317637669592976
transition 406 0 465 0.9915338084553824 0.6336791699920191
transition 406 0 821 -0.36466020099057816 0.3320031923383879
transition 406 1 625 0.6632336067081475 0.1727207977207977
transition 406 1 267 0.24533518368619855 0.3351139601139601
transition 406 1 87 0.8656242646260639 0.0868945868945869
transition 406 1 701 0.7047801447765953 0.07443019943019943
transition 406 1 821 0.3895780670837312 0.33084045584045585
transition 406 2 336 -0.8910244652624306 0.5715962441314554
transition 406 2 366 -0.9601442915480973 0.035211267605633804
transition 406 2 821 0.2500183750946823 0.3931924882629108
transition 408 0 576 -0.21241222919085212 1.0
transition 408 1 766 -0.6184735890603714 0.6135231316725979
transition 408 1 468 0.5918242545261811 0.19857651245551602
transition 408 1 576 0.8550087835108122 0.1879003558718861
transition 408 2 168 -0.8262853819133198 0.5427927927927928
transition 408 2 576 -0.689079012257847 0.4572072072072072
transition 409 0 814 0.8017180227561178 0.5547808764940239
transition 409 0 438 -0.12985438439901498 0.044820717131474105
transition 409 0 929 -0.8728882078885543 0.20318725099601595
transition 409 0 964 -0.16253381888491303 0.19721115537848605
transition 409 1 964 0.9336668373310884 1.0
transition 409 2 552 0.0042198167610667525 0.2814953271028037
transition 409 2 754 -0.047542090167899786 0.31850467289719625
transition 409 2 679 0.10773275646547598 0.16635514018691588
transition 409 2 997 -0.6347507072874026 0.018317757009345795
transition 409 2 964 -0.7677905822746811 0.21532710280373832
transition 411 0 526 -0.1078483673982853 0.504254112308565
transition 411 0 898 0.09331105671341988 0.49574588769143507
transition 411 1 41 0.4387588783329319 0.2272385252069225
transition 411 1 960 0.9090813716755695 0.08051166290443942
transition 411 1 897 -0.3740808612270734 0.32806621519939805
transition 411 1 898 0.05454562311953759 0.36418359668924005
transition 411 2 898 0.6775063092010332 1.0
transition 412 0 229 -0.813225739786591 0.2833248859604663
transition 412 0 777 -0.2733467974654049 0.06234161175874303
transition 412 0 959 0.46220671001961544 0.29194120628484543
transition 412 0 519 0.4816501340616426 0.36239229599594525
transition 412 1 830 -0.6313563558290765 0.4538415723645027
transition 412 1 90 -0.7203736500750617 0.08636092912447886
transition 412 1 842 -0.7709904747715006 0.16021441334127456
transition 412 1 508 0.8610392442384696 0.08159618820726623
transition 412 1 519 -0.9178101605578739 0.21798689696247767
transition 412 2 151 0.9278360797378999 0.24965955515206537
transition 412 2 861 -0.9116094962401424 0.36268724466636404
transition 412 2 519 0.4668268929388335 0.38765320018157057
transition 413 0 979 -0.5991280237890988 0.6798561151079137
transition 413 0 451 0.9030315627880661 0.32014388489208634
transition 413 1 743 0.788310323021215 0.5914634146341463
transition 413 1 451 0.6472215670595642 0.40853658536585363
transition 413 2 451 -0.5864310354117392 1.0
transition 414 0 306 0.46799871131041537 0.20230381569474443
transition 414 0 780 -0.7984602761638553 0.23290136789056876
transition 414 0 854 0.7929841946481027 0.04895608351331893
transition 414 0 690 0.013467882832613354 0.0892728581713463
transition 414 0 399 -0.5986242573858305 0.4265658747300216
transition 414 1 829 0.35824313544980146 0.3304853041695147
transition 414 1 404 -0.9993480768902694 0.24709501025290498
transition 414 1 399 -0.2407888993623597 0.4224196855775803
transition 414 2 782 -0.865580476885444 0.7771911298838438
transition 414 2 399 0.6654014869566138 0.22280887011615627
transition 415 0 224 -0.634811550155786 0.5520757465404225
transition 415 0 627 -0.2603507327525161 0.0808448652585579
transition 415 0 12 0.43066467230339023 0.13765477057538236
transition 415 0 503 0.874279721531581 0.2294246176256373
transition 415 1 503 -0.41933236216991276 1.0
transition 415 2 313 -0.05671225662153634 0.11027976577748862
transition 415 2 788 -0.8301806565843046 0.2774886141834743
transition 415 2 97 -0.659983728510529 0.10540013012361743
transition 415 2 225 -0.6495399853389694 0.1044242029928432
transition 415 2 503 0.7951452387286231 0.40240728692257643
transition 416 0 417 0.7461795478965456 0.5478723404255319
transition 416 0 477 -0.1468179782643615 0.4521276595744681
transition 416 1 117 0.03509570012726293 0.13017616106154198
transition 416 1 537 -0.3375807377121427 0.12674445207046442
transition 416 1 107 0.934445309997854 0.12971859986273165
transition 416 1 732 0.9643578648111695 0.13726835964310227
transition 416 1 477 -0.08410586859259994 0.4760924273621597
transition 416 2 37 0.5841582656493183 0.5725490196078431
transition 416 2 256 -0.889547043767386 0.03594771241830065
transition 416 2 477 0.5347432986198049 0.3915032679738562
transition 417 0 575 -0.2514475952037354 0.07093184979137691
transition 417 0 190 -0.11501887709469094 0.3908205841446453
transition 417 0 116 0.4676972032968849 0.3045897079276773
transition 417 0 195 0.03384770782352797 0.2336578581363004
transition 417 1 330 -0.6290473780190182 0.2616970658207772
transition 417 1 856 -0.7930602147175367 0.20962199312714777
transition 417 1 155 0.26655514700346195 0.2408141686492202
transition 417 1 966 -0.3527866455761117 0.10652920962199312
transition 417 1 195 -0.4279583193858656 0.18133756278086174
transition 417 2 559 0.7826261754472861 0.2877752467729689
transition 417 2 424 -0.1457066029095775 0.07782839787395596
transition 417 2 927 0.03648664560861237 0.37281700835231585
transition 417 2 195 -0.3613172014257644 0.2615793470007593
transition 418 0 539 0.658814052520716 0.20140664961636828
transition 418 0 347 -0.6692168886295964 0.36828644501278773
transition 418 0 871 -0.4636969001477571 0.159846547314578
transition 418 0 829 -0.3071751010638948 0.270460358056266
transition 418 1 750 -0.011345990494175284 0.44221105527638194
transition 418 1 523 0.5041381656507333 0.3373115577889447
transition 418 1 829 0.775843495147964 0.22047738693467336
transition 418 2 681 0.04059262297625743 0.5285996055226825
transition 418 2 125 0.9273390517928151 0.05062458908612755
transition 418 2 829 -0.6387522073353928 0.42077580539119
transition 419 0 148 -0.6306627594381573 0.09129692832764505
transition 419 0 907 -0.8356232551484977 0.5366894197952219
transition 419 0 826 -0.8617756021614633 0.3720136518771331
transition 419 1 318 -0.6540232484419934 0.11503067484662577
transition 419 1 717 -0.4497069765276731 0.010736196319018405
transition 419 1 163 0.3274123304361307 0.46549079754601225
transition 419 1 650 0.4089573045042749 0.024539877300613498
transition 419 1 826 -0.6819186009114588 0.38420245398773006
transition 419 2 826 -0.12480777197192472 1.0
transition 420 0 154 0.36458876977082366 1.0
transition 420 1 180 -0.7425958325961257 0.28646594562993277
transition 420 1 171 -0.4753963623481432 0.29026600409237063
transition 420 1 780 0.244149949564483 0.19000292312189418
transition 420 1 154 0.02593360127731792 0.2332651271558024
transition 420 2 604 -0.07050445739297517 0.600375234521576
transition 420 2 154 0.6614463469126213 0.399624765478424
transition 422 0 564 0.9943250403826951 0.23813354786806115
transition 422 0 245 -0.21424545560335462 0.44086886564762673
transition 422 0 907 -0.8310253706959709 0.09895414320193081
transition 422 0 148 0.04175586126039188 0.22204344328238135
transition 422 1 814 0.08082429339243169 0.6598930481283423
transition 422 1 148 0.48281836650003873 0.34010695187165774
transition 422 2 867 -0.7377580728836044 0.24507772020725388
transition 422 2 870 0.25067353590957486 0.14248704663212436
transition 422 2 263 -0.44370459691264896 0.12746113989637306
transition 422 2 148 -0.2623345762509808 0.48497409326424873
transition 423 0 624 0.17037929646353311 0.7125645438898451
transition 423 0 42 -0.9383491831290587 0.2874354561101549
transition 423 1 191 -0.9529174789294228 0.570592538405267
transition 423 1 42 0.9206737957766074 0.429407461594733
transition 423 2 883 0.17389635466451758 0.6975265017667844
transition 423 2 42 -0.7566108387275008 0.30247349823321557
transition 424 0 919 0.4738112857903509 0.2890812890812891
transition 424 0 592 0.6634347497803743 0.10966810966810966
transition 424 0 526 0.039707475766014966 0.075998075998076
transition 424 0 253 -0.21257104432221974 0.07455507455507455
transition 424 0 428 -0.5214316534073247 0.4506974506974507
transition 424 1 890 -0.4488583876826244 0.2208731593903384
transition 424 1 123 0.08558577474571227 0.2162231981400155
transition 424 1 556 -0.35628940074081217 0.09919917334022217
transition 424 1 428 -0.9765186180719927 0.4637044691294239
transition 424 2 746 0.1043359794309795 0.3262135922330097
transition 424 2 342 -0.028278528348038456 0.2343042071197411
transition 424 2 428 -0.2387252810562268 0.4394822006472492
transition 425 0 715 0.938719042745441 0.489010989010989
transition 425 0 160 0.6006774802784398 0.0695970695970696
transition 425 0 181 0.8496038952276077 0.4413919413919414
transition 425 1 181 0.050932553056062924 1.0
transition 425 2 654 -0.9065488048261738 0.03512791141657121
transition 425 2 655 -0.5260855953632619 0.3203512791141657
transition 425 2 567 0.7436047038520412 0.26804123711340205
transition 425 2 181 -0.2556852283804183 0.376479572355861
transition 426 0 755 0.7275959420097737 0.7527173913043478
transition 426 0 381 -0.30147857179843207 0.24728260869565216
transition 426 1 135 0.4779365157612885 0.3348229632176006
transition 426 1 520 -0.24903677436768423 0.03300103128222757
transition 426 1 181 0.7349990818925745 0.3337916809900309
transition 426 1 381 -0.2562263686406756 0.29838432451014096
transition 426 2 32 0.38546709503786447 0.12269207861822513
transition 426 2 923 0.7132416461357989 0.2465753424657534
transition 426 2 286 -0.865865817318902 0.08397855866587255
transition 426 2 261 0.5852230163440248 0.2659321024419297
transition 426 2 381 -0.32022780125707717 0.2808219178082192
transition 427 0 276 -0.1760708488616467 0.11219640971488912
transition 427 0 580 0.670702299683007 0.20327349524815205
transition 427 0 627 -0.5632023252843534 0.10929250263991552
transition 427 0 671 0.08671203586996223 0.11325237592397043
transition 427 0 19 0.9906207413249049 0.46198521647307283
transition 427 1 773 -0.387670481481702 0.6788674033149171
transition 427 1 19 -0.12785951647350435 0.32113259668508287
transition 427 2 615 0.9628477091151406 0.0333555703802535
transition 427 2 67 0.2588023526238874 0.524349566377585
transition 427 2 91 0.6646233537985522 0.00733822548365577
transition 427 2 19 0.9664481728938861 0.4349566377585057
transition 428 0 471 -0.9028124463267924 0.48100616016427106
transition 428 0 862 -0.5880123082752691 0.2618069815195072
transition 428 0 162 0.5759030276624211 0.2571868583162218
transition 428 1 139 0.2524233367310529 0.2431488447071467
transition 428 1 104 0.3811676984907575 0.22702847931219775
transition 428 1 420 0.20274915517162007 0.04191295002686728
transition 428 1 175 -0.17471001597243063 0.09349811929070392
transition 428 1 162 -0.9020982044257946 0.3944116066630844
transition 428 2 174 0.7904866047288603 0.5605214152700186
transition 428 2 83 0.48493441569066364 0.21725636250775915
transition 428 2 162 -0.5049530865417553 0.2222222222222222
transition 429 0 511 -0.866905851321347 0.23259596616785946
transition 429 0 799 0.966205680160318 0.2979830839297333
transition 429 0 557 -0.31152345715803853 0.4694209499024073
transition 429 1 895 0.9770559655971618 0.26953846153846156
transition 429 1 644 -0.5081594657912569 0.04
transition 429 1 970 0.6472748174480074 0.47384615384615386
transition 429 1 557 -0.8334256528163795 0.21661538461538463
transition 429 2 566 -0.4758863377261249 0.10204081632653061
transition 429 2 178 0.7678033743089225 0.4272959183673469
transition 429 2 557 -0.8955335667931565 0.47066326530612246
transition 430 0 656 -0.22486160726000803 0.18747962178024127
transition 430 0 647 -0.6924803938607735 0.1349853276817737
transition 430 0 366 -0.2100599696681169 0.25171177045973264
transition 430 0 704 0.9451338885258949 0.4258232800782524
transition 430 1 984 -0.10661690936022272 0.7794970986460348
transition 430 1 704 -0.5971482518572513 0.2205029013539652
transition 430 2 7 0.6882315108989896 0.3980028530670471
transition 430 2 857 0.9934754390103246 0.19448407037565382
transition 430 2 704 -0.3717638432447814 0.40751307655729907
transition 431 0 63 0.6188705217375372 1.0
transition 431 1 63 -0.3357288516433814 1.0
transition 431 2 750 0.7164732513604235 0.04294478527607362
transition 431 2 405 0.07467408789312047 0.6411042944785276
transition 431 2 63 0.7828637396400433 0.3159509202453988
transition 432 0 381 0.06458284868674369 0.24202384788913955
transition 432 0 170 0.6667791887355103 0.23138897840799227
transition 432 0 805 0.8387734618337219 0.17048018047051242
transition 432 0 307 -0.6761221549143734 0.3561069932323558
transition 432 1 307 0.5333408588909287 1.0
transition 432 2 155 -0.7887003234922776 0.2438391699092088
transition 432 2 334 0.7054247353825376 0.3450064850843061
transition 432 2 307 0.07922799803226344 0.41115434500648507
transition 433 0 166 0.8366266139120477 0.7213114754098361
transition 433 0 726 0.9869210435163516 0.2786885245901639
transition 433 1 863 -0.22424122399372792 0.5842185128983308
transition 433 1 726 -0.3681742841841056 0.4157814871016692
transition 433 2 735 -0.932920218001321 0.19080174021131138
transition 433 2 431 -0.32909261183988203 0.4959602237414543
transition 433 2 726 0.8812947813960015 0.3132380360472343
transition 434 0 785 -0.37307098952278595 0.40874524714828897
transition 434 0 958 0.5227185582322935 0.2229087452471483
transition 434 0 524 0.3765874523249315 0.36834600760456276
transition 434 1 399 -0.3841200460295684 0.6452991452991453
transition 434 1 524 0.9611255557779648 0.3547008547008547
transition 434 2 910 0.7347787553808862 0.5055928411633109
transition 434 2 41 0.7281824484444899 0.01621923937360179
transition 434 2 524 0.20704436176699614 0.47818791946308725
transition 435 0 862 -0.9383971715963766 0.4208469055374593
transition 435 0 446 0.6706489256157726 0.21433224755700325
transition 435 0 867 -0.29036779193464524 0.08729641693811074
transition 435 0 107 0.20163075400799535 0.2775244299674267
transition 435 1 750 -0.04999094049766728 0.11259890444309191
transition 435 1 496 0.01962917996218083 0.47717589774802194
transition 435 1 107 -0.2712787534497496 0.41022519780888617
transition 435 2 184 -0.2670837486857467 0.39780658025922233
transition 435 2 952 0.9724846569675043 0.22283150548354935
transition 435 2 410 -0.8219075899596429 0.10967098703888335
transition 435 2 107 -0.9965609784482312 0.269690927218345
transition 436 0 158 -0.5859182866736163 0.2633093525179856
transition 436 0 687 0.7981773674541333 0.2762589928057554
transition 436 0 215 -0.21073551800386925 0.460431654676259
transition 436 1 408 0.030339083946822054 0.006822057987492893
transition 436 1 287 -0.631199574744354 0.1318931210915293
transition 436 1 817 -0.8549731927174007 0.3831722569641842
transition 436 1 215 -0.3590227726072288 0.47811256395679363
transition 436 2 597 -0.28431647794158144 0.1582805731422859
transition 436 2 409 0.2726310773172014 0.3185604798400533
transition 436 2 977 -0.10221121536961442 0.11296234588470509
transition 436 2 215 0.01881925611446089 0.4101966011329557
transition 437 0 729 -0.9727201668518921 1.0
transition 437 1 589 -0.5307715609390482 0.4404703576678099
transition 437 1 410 -0.21475137970170954 0.04164625183733464
transition 437 1 428 0.179866121143901 0.32435080842724157
transition 437 1 729 0.39863122993078837 0.19353258206761392
transition 437 2 937 -0.8489248382384229 0.02422480620155039
transition 437 2 106 -0.3762097988481101 0.6385658914728682
transition 437 2 729 -0.9398860552839372 0.3372093023255814
transition 438 0 669 0.6841430100232022 0.251644167532018
transition 438 0 658 -0.26635480936651823 0.1703011422637591
transition 438 0 50 0.31482623441739466 0.3046036690896504
transition 438 0 547 0.15398261453281203 0.27345102111457253
transition 438 1 743 -0.34165249641322304 0.06389578163771713
transition 438 1 650 -0.9654108849673726 0.3542183622828784
transition 438 1 500 -0.18475611939123215 0.13833746898263027
transition 438 1 547 0.15175610450924437 0.4435483870967742
transition 438 2 24 0.16604708766373455 0.24554234769687963
transition 438 2 597 0.27084406350463963 0.25705794947994054
transition 438 2 547 -0.9217683977803053 0.4973997028231798
transition 439 0 909 0.23489813685198335 0.6008403361344538
transition 439 0 30 -0.47119957388381395 0.39915966386554624
transition 439 1 965 -0.0013499315246638943 0.16872964169381108
transition 439 1 799 0.23173375075418612 0.6436482084690553
transition 439 1 30 0.965489401965957 0.18762214983713354
transition 439 2 604 0.4386148649273489 0.3165829145728643
transition 439 2 292 0.6711475404512577 0.19765494137353434
transition 439 2 30 0.5855873395844635 0.48576214405360135
transition 440 0 352 -0.26749137916010013 1.0
transition 440 1 808 0.11118642622421304 0.7198917456021651
transition 440 1 352 -0.11864907227055466 0.28010825439783493
transition 440 2 352 -0.543330248159198 1.0
transition 441 0 455 -0.012908834117665302 0.3475991649269311
transition 441 0 721 0.25856955444741847 0.2082463465553236
transition 441 0 910 -0.1362988720482472 0.4441544885177453
transition 441 1 71 0.8729035344799931 0.5077951002227171
transition 441 1 910 0.7462787967388456 0.4922048997772829
transition 441 2 372 -0.02290833233838918 0.2413201885983712
transition 441 2 359 -0.8832454087721695 0.2936133733390484
transition 441 2 910 -0.8372791524929653 0.46506643806258036
transition 442 0 260 0.4430510811463466 0.35076252723311546
transition 442 0 993 -0.5311198216280493 0.45751633986928103
transition 442 0 136 -0.5440850599442457 0.19172113289760348
transition 442 1 370 0.4757691515380429 0.10398818316100443
transition 442 1 384 0.5158565284974486 0.16838995568685378
transition 442 1 944 -0.7131086799881097 0.11639586410635155
transition 442 1 916 -0.5406303376988693 0.26292466765140327
transition 442 1 136 0.2941872252934308 0.348301329394387
transition 442 2 89 -0.22811322319524097 0.0456
transition 442 2 250 0.9628532510255403 0.3144
transition 442 2 446 0.4143833275929327 0.3324
transition 442 2 136 0.5512664198247326 0.3076
transition 443 0 987 -0.48155097304964656 0.03823122984799632
transition 443 0 415 0.33936260699546383 0.13864578535237218
transition 443 0 558 0.4606171666849834 0.27176416397973285
transition 443 0 131 0.588777020648811 0.06310456011054813
transition 443 0 208 -0.9652868101435816 0.4882542607093505
transition 443 1 7 -0.8959145661549843 0.11787930062041738
transition 443 1 878 -0.09060751576832216 0.494077834179357
transition 443 1 90 -0.5712737402470542 0.17258883248730963
transition 443 1 208 0.9096610434567223 0.21545403271291597
transition 443 2 336 -0.16810772532897045 0.2774440196613872
transition 443 2 569 0.9081489336502206 0.14691425450573456
transition 443 2 548 -0.04917618610760055 0.19770617149098854
transition 443 2 208 -0.08503057965903382 0.3779355543418897
transition 444 0 291 -0.17829012774725883 0.1986262163709216
transition 444 0 866 -0.9474886776426292 0.10303377218088151
transition 444 0 395 0.30884330147750005 0.10933028048082427
transition 444 0 155 -0.7219634088496167 0.34058385804235836
transition 444 0 73 -0.6958684133244977 0.2484258729250143
transition 444 1 580 -0.8617289123805276 0.3141671606401897
transition 444 1 166 -0.713757923162174 0.1879075281564908
transition 444 1 73 -0.25299301540836483 0.4979253112033195
transition 444 2 73 -0.3163482057702549 1.0
transition 445 0 565 -0.06923039182180268 0.3487858719646799
transition 445 0 710 -0.6769688653314967 0.21927888153053715
transition 445 0 507 0.5819085060353613 0.43193524650478293
transition 445 1 249 -0.8718436194281864 0.42597271349166244
transition 445 1 275 -0.8000812688538022 0.0833754421424962
transition 445 1 507 0.9265451442925534 0.49065184436584136
transition 445 2 591 0.6657011801365742 0.016726795670711708
transition 445 2 753 0.9590437368371971 0.27648409314529354
transition 445 2 601 -0.1694974515820542 0.23581502131846507
transition 445 2 230 -0.22641999608462537 0.2676287307313873
transition 445 2 507 0.010777250610431555 0.20334535913414234
transition 446 0 616 0.9689243599109065 0.6432
transition 446 0 437 0.44006114277817576 0.3568
transition 446 1 273 -0.6185516828291846 0.6475247524752475
transition 446 1 437 0.1433592532189638 0.35247524752475246
transition 446 2 376 -0.11065154282455225 0.6119815668202765
transition 446 2 413 0.7538476357804571 0.053456221198156684
transition 446 2 437 0.3747399111747909 0.3345622119815668
transition 447 0 810 -0.9701121502818748 0.7609391675560299
transition 447 0 98 0.8186073711431481 0.2390608324439701
transition 447 1 822 0.7630412070997883 0.004291845493562232
transition 447 1 318 -0.06782889407060533 0.6459227467811158
transition 447 1 98 0.7058521338974328 0.3497854077253219
transition 447 2 98 0.4373793691346546 1.0
transition 448 0 831 0.8549432186811299 0.25284220100045474
transition 448 0 4 0.3818859203335383 0.4524783992723965
transition 448 0 474 0.4861624402181228 0.2946793997271487
transition 448 1 901 -0.32333855869327266 0.16320716320716322
transition 448 1 334 -0.8981862950743265 0.4065934065934066
transition 448 1 69 0.46352542044275435 0.03256003256003256
transition 448 1 125 0.2115288248917344 0.0468050468050468
transition 448 1 474 0.5808956112684427 0.3508343508343508
transition 448 2 554 0.8332968262553409 0.6677316293929713
transition 448 2 928 0.26270864644780056 0.08146964856230032
transition 448 2 474 0.01977789248143802 0.2507987220447284
transition 449 0 125 -0.4494654457674554 0.15721649484536082
transition 449 0 284 -0.6808088022068033 0.45940721649484534
transition 449 0 843 0.26500913408701643 0.38337628865979384
transition 449 1 743 -0.10657481863741913 0.15352868345026827
transition 449 1 811 -0.34559412501479203 0.17251341312422616
transition 449 1 597 0.23020273492852694 0.03177878662814693
transition 449 1 163 0.9959015644559694 0.4036318613289311
transition 449 1 843 0.47423383872824276 0.23854725546842756
transition 449 2 703 -0.7789819243298093 0.2796610169491525
transition 449 2 506 0.4850528823082487 0.025423728813559324
transition 449 2 283 0.6515434857096181 0.3792372881355932
transition 449 2 843 0.8064286449841491 0.3156779661016949
transition 450 0 625 0.0975584327996708 1.0
transition 450 1 68 0.2895452222040593 0.14684014869888476
transition 450 1 669 -0.4816777792619693 0.17100371747211895
transition 450 1 895 0.8482630356707799 0.19516728624535315
transition 450 1 625 0.4924853955921875 0.48698884758364314
transition 450 2 656 -0.014250323626624262 0.6411042944785276
transition 450 2 142 0.8743550687138508 0.081799591002045
transition 450 2 625 -0.42304888400226215 0.2770961145194274
transition 451 0 750 -0.6351593505182067 0.6774193548387096
transition 451 0 490 -0.13770535800060535 0.3225806451612903
transition 451 1 490 0.7825504149935356 1.0
transition 451 2 811 -0.3465585495266208 0.25243043915521285
transition 451 2 982 -0.03744291824054824 0.21454911163258464
transition 451 2 586 0.15150557935363396 0.31612470667113646
transition 451 2 490 0.7573163930291233 0.21689574254106603
transition 452 0 240 -0.5831846363830544 0.16719829877724615
transition 452 0 386 0.5225006638664282 0.2567783094098884
transition 452 0 930 -0.0552226104154232 0.09170653907496013
transition 452 0 43 -0.42880561978843246 0.21291866028708134
transition 452 0 779 0.9042122548894052 0.271398192450824
transition 452 1 679 -0.43118824157051927 0.08711340206185567
transition 452 1 68 0.07165628690730874 0.2793814432989691
transition 452 1 672 -0.696360155070521 0.3494845360824742
transition 452 1 128 -0.6327157809081538 0.09020618556701031
transition 452 1 779 -0.48530110287350925 0.19381443298969073
transition 452 2 383 -0.19076929705345624 0.0049504950495049506
transition 452 2 317 -0.43241815110770765 0.28094059405940597
transition 452 2 353 0.5733145374574335 0.2939356435643564
transition 452 2 779 0.8397049047419733 0.42017326732673266
transition 454 0 952 -0.03430442431480829 0.5169366715758469
transition 454 0 569 -0.32944899865688804 0.48306332842415317
transition 454 1 642 0.4756296941285887 0.31666666666666665
transition 454 1 651 -0.864480778783072 0.22916666666666666
transition 454 1 569 0.3360160738676332 0.45416666666666666
transition 454 2 612 -0.3483967391090377 0.25338491295938104
transition 454 2 624 0.6765710090012995 0.3195357833655706
transition 454 2 569 -0.655208237183803 0.42707930367504837
transition 455 0 387 -0.7970159433067352 0.27444350521273597
transition 455 0 980 -0.6915870450609405 0.15525500140884757
transition 455 0 544 -0.351677660166237 0.07326007326007326
transition 455 0 510 -0.5886084559066682 0.23076923076923078
transition 455 0 639 -0.1214002643361336 0.26627218934911245
transition 455 1 793 0.7335309497676656 0.8262411347517731
transition 455 1 639 0.06584246255832471 0.17375886524822695
transition 455 2 244 -0.025141455133028456 0.07137883008356546
transition 455 2 590 -0.7515842844000078 0.1269150417827298
transition 455 2 198 -0.9833639118805415 0.16068941504178272
transition 455 2 3 -0.14339929485204195 0.15215877437325906
transition 455 2 639 -0.6111942241796893 0.48885793871866295
transition 456 0 922 0.04477130331014112 0.45722861430715356
transition 456 0 831 0.9196488752448442 0.3291645822911456
transition 456 0 855 -0.37263053614569985 0.21360680340170085
transition 456 1 510 -0.841999124057526 0.16481523464067105
transition 456 1 656 0.4622791909786934 0.19564724552255724
transition 456 1 789 0.8816144485318542 0.1305826343232827
transition 456 1 244 -0.4153503531859657 0.19451371571072318
transition 456 1 855 0.5470282423138257 0.3144411698027658
transition 456 2 974 0.9319918475893902 0.6568986568986569
transition 456 2 33 -0.5525722220350862 0.17338217338217338
transition 456 2 855 0.6053948008323407 0.16971916971916973
transition 457 0 960 -0.3049180517950385 0.48186173853524983
transition 457 0 648 0.44439902621207805 0.1430527036276523
transition 457 0 273 0.49330749103707516 0.3750855578370979
transition 457 1 630 0.4896195082258801 0.65
transition 457 1 273 -0.681973676147996 0.35
transition 457 2 273 -0.8546072379545908 1.0
transition 458 0 354 0.9810244433698283 0.03853211009174312
transition 458 0 709 -0.3061344776583683 0.2981651376146789
transition 458 0 845 0.6169069325139906 0.1720183486238532
transition 458 0 361 -0.1955711077667317 0.49128440366972476
transition 458 1 495 -0.43199387044112925 0.30845157310302285
transition 458 1 553 -0.9994270104161638 0.38741517581739665
transition 458 1 361 -0.33568167544590866 0.3041332510795805
transition 458 2 127 0.6842391658896418 0.5944206008583691
transition 458 2 361 0.5337817863168643 0.4055793991416309
transition 459 0 219 0.3648711571376695 1.0
transition 459 1 463 -0.7631609712155865 0.1336273428886439
transition 459 1 275 -0.0452967463622409 0.2119073869900772
transition 459 1 0 -0.5789001200183204 0.20485115766262404
transition 459 1 219 0.4132155717603394 0.4496141124586549
transition 459 2 577 -0.10223311892440523 0.1940941248846509
transition 459 2 141 -0.13618062410768195 0.29836973239003384
transition 459 2 369 0.34287286092707614 0.02799138726545678
transition 459 2 886 -0.4915218098200833 0.2553060596739465
transition 459 2 219 0.7712609938645254 0.22423869578591202
transition 460 0 480 0.1027696326526697 0.8162939297124601
transition 460 0 794 -0.9478617470997877 0.18370607028753994
transition 460 1 750 -0.1318274940839479 0.533462657613967
transition 460 1 794 -0.16671828194027305 0.466537342386033
transition 460 2 40 0.16043516740917552 0.08792497069167643
transition 460 2 844 -0.7516139248246152 0.39976553341148885
transition 460 2 380 -0.4555575744367757 0.246189917936694
transition 460 2 794 0.9229395546229193 0.2661195779601407
transition 461 0 457 -0.5750703681997698 0.01744360902255639
transition 461 0 83 -0.06468967412672888 0.21593984962406015
transition 461 0 667 0.06896075282798098 0.2974436090225564
transition 461 0 234 0.18132505393746512 0.023157894736842106
transition 461 0 562 -0.5091925181935004 0.446015037593985
transition 461 1 172 0.027888310469618594 0.14978601997146934
transition 461 1 396 -0.8348217579543877 0.6690442225392297
transition 461 1 562 -0.8724624208559515 0.181169757489301
transition 461 2 694 -0.12954047390466839 0.7760869565217391
transition 461 2 562 0.4775926403756201 0.22391304347826088
transition 462 0 28 0.17452120498917378 0.21576319543509273
transition 462 0 594 0.4938869018407639 0.144793152639087
transition 462 0 743 0.582719975106589 0.17439372325249644
transition 462 0 333 -0.28465272893621885 0.14122681883024252
transition 462 0 128 0.9539197347636927 0.3238231098430813
transition 462 1 919 -0.22395879204514468 0.40465496120865657
transition 462 1 418 0.7395970611379676 0.35034708044099633
transition 462 1 128 0.497486772024478 0.24499795835034707
transition 462 2 19 -0.46935396447845545 0.10561660561660562
transition 462 2 68 -0.2838167427520042 0.47985347985347987
transition 462 2 128 0.02786098827329364 0.41452991452991456
transition 463 0 720 -0.7230162465027781 1.0
transition 463 1 383 0.23620261005021503 0.3471045197740113
transition 463 1 136 -0.2941181293950659 0.18467514124293785
transition 463 1 720 -0.7282169215023513 0.4682203389830508
transition 463 2 503 -0.28089856837075233 0.6010928961748634
transition 463 2 720 -0.005728051822766256 0.3989071038251366
transition 464 0 450 -0.6934789901114065 0.41401869158878507
transition 464 0 195 0.7021355566679939 0.36355140186915885
transition 464 0 699 -0.9051469440435393 0.22242990654205608
transition 464 1 618 -0.19747088216238962 0.012844036697247707
transition 464 1 680 0.7741663800701744 0.04709480122324159
transition 464 1 331 0.2907838784879244 0.3119266055045872
transition 464 1 962 -0.6346634296008482 0.29724770642201837
transition 464 1 699 0.6120232081471844 0.3308868501529052
transition 464 2 699 0.4015793835568209 1.0
transition 465 0 686 0.6871878148092181 1.0
transition 465 1 166 -0.455618096211182 0.13206406769416743
transition 465 1 685 0.12496745983746238 0.1816258688425506
transition 465 1 949 0.4414650426339275 0.16409791477787852
transition 465 1 348 0.7609761778454063 0.22605016621335752
transition 465 1 686 -0.06679848271580702 0.29616198247204595
transition 465 2 777 -0.522040441354928 0.4199346405228758
transition 465 2 609 0.1505930887247231 0.04847494553376906
transition 465 2 711 0.7054733336655914 0.2619825708061002
transition 465 2 686 0.15638412703232252 0.2696078431372549
transition 466 0 495 -0.03599917691745258 0.15832363213038417
transition 466 0 662 0.035913885366421816 0.3661233993015134
transition 466 0 739 0.622344389618319 0.4755529685681024
transition 466 1 359 -0.8377336633426842 0.12197928653624857
transition 466 1 135 0.6414401787740629 0.24510932105868816
transition 466 1 569 0.9828401628477665 0.34484081319524357
transition 466 1 739 0.7542404455065355 0.2880705792098197
transition 466 2 739 0.526771404000941 1.0
transition 467 0 704 -0.8439803901079452 0.131521262604121
transition 467 0 932 0.64219572001429 0.43708899605436213
transition 467 0 254 -0.35500779668070215 0.43138974134151686
transition 467 1 254 -0.5820111199363458 1.0
transition 467 2 903 0.8152092848522683 0.3932702418506835
transition 467 2 285 -0.9180655102777291 0.15247108307045215
transition 467 2 254 -0.08084773930160227 0.45425867507886436
transition 468 0 886 0.9048737976950403 0.22158273381294963
transition 468 0 33 -0.3660854663706645 0.23453237410071942
transition 468 0 61 0.12423282883041686 0.06762589928057554
transition 468 0 593 0.8406815827405758 0.053237410071942444
transition 468 0 881 -0.007230611587073499 0.42302158273381296
transition 468 1 211 0.5332055181067328 0.10917276308384918
transition 468 1 95 -0.6124031002354349 0.23635340461451884
transition 468 1 732 0.005643780844776014 0.03601575689364097
transition 468 1 945 -0.10417863666577576 0.11873944850872256
transition 468 1 881 0.11450554029368787 0.49971862689926844
transition 468 2 396 -0.10925928605136881 0.4612640163098879
transition 468 2 98 -0.6390227732291969 0.15035677879714576
transition 468 2 881 -0.8864447212695092 0.38837920489296635
transition 469 0 500 0.6211052953316532 0.6153846153846154
transition 469 0 966 -0.27952408134401363 0.38461538461538464
transition 469 1 628 0.5550735379414067 0.7230889235569423
transition 469 1 966 -0.8731301658809532 0.27691107644305774
transition 469 2 770 0.9547926701048626 0.02645113886847906
transition 469 2 935 -0.7964771333531009 0.6091109478324761
transition 469 2 966 -0.690100992732805 0.36443791329904485
transition 470 0 540 -0.3821975592681246 1.0
transition 470 1 540 0.11712263431818215 1.0
transition 470 2 622 0.1531038298358678 0.22286421791167974
transition 470 2 724 0.38577021210977924 0.09781262897234833
transition 470 2 165 -0.3050337743543108 0.16962443252166737
transition 470 2 982 0.7837011012410628 0.18448204704911267
transition 470 2 540 0.3535424150577624 0.3252166735451919
transition 472 0 0 0.4237091910832649 0.6948207171314741
transition 472 0 757 -0.9092264055346055 0.3051792828685259
transition 472 1 985 0.10552427514812646 0.22230130486358243
transition 472 1 809 0.00954032196102661 0.201423487544484
transition 472 1 953 0.6464326431595897 0.0099644128113879
transition 472 1 666 -0.9247561558660189 0.15468564650059313
transition 472 1 757 -0.4549413017979598 0.41162514827995256
transition 472 2 696 -0.7368301264344295 0.3935589519650655
transition 472 2 876 -0.05310604793828899 0.1675764192139738
transition 472 2 728 0.7243554105310213 0.06713973799126638
transition 472 2 44 -0.825941492073581 0.162117903930131
transition 472 2 757 -0.4166563085073314 0.2096069868995633
transition 473 0 451 -0.46299732497371826 0.27775320654577623
transition 473 0 313 0.9284473341029329 0.3931888544891641
transition 473 0 742 0.7054631334756472 0.3290579389650597
transition 473 1 742 -0.3775538119615385 1.0
transition 473 2 316 0.016126354912049834 0.4753921038399135
transition 473 2 915 -0.12617546889396714 0.0914007571660357
transition 473 2 215 -0.07500863851595962 0.15792320173066524
transition 473 2 742 0.061554903761991575 0.2752839372633856
transition 474 0 19 0.6956472722015796 0.26455026455026454
transition 474 0 64 0.45198964631642435 0.25462962962962965
transition 474 0 273 -0.6922519016294408 0.08068783068783068
transition 474 0 799 0.46457483482487083 0.20502645502645503
transition 474 0 423 0.6149106032957667 0.19510582010582012
transition 474 1 436 0.602315338531729 0.0398406374501992
transition 474 1 360 0.7787707512286428 0.5139442231075697
transition 474 1 423 0.7305739494346004 0.44621513944223107
transition 474 2 766 0.1450690236396548 0.3448275862068966
transition 474 2 593 -0.11585356217310605 0.2788347205707491
transition 474 2 423 0.49215900839647153 0.37633769322235433
transition 475 0 732 0.6991495330783817 0.34982788296041306
transition 475 0 726 -0.6498522693490356 0.17857142857142858
transition 475 0 56 -0.2430997725381132 0.47160068846815834
transition 475 1 628 0.7904335930637079 0.039047619047619046
transition 475 1 16 -0.3335264907938469 0.5438095238095239
transition 475 1 60 -0.37092752037159515 0.15142857142857144
transition 475 1 56 0.8621991523904029 0.26571428571428574
transition 475 2 333 -0.953747709544601 0.2710727969348659
transition 475 2 584 -0.25086731240178217 0.2164750957854406
transition 475 2 779 0.4681447934112559 0.2991698595146871
transition 475 2 56 -0.5774974764035044 0.21328224776500637
transition 476 0 804 -0.695684332250629 0.27223230490018147
transition 476 0 817 -0.25578127999488043 0.24972776769509983
transition 476 0 929 -0.7800032947177025 0.15462794918330308
transition 476 0 685 0.5675825741301006 0.3234119782214156
transition 476 1 36 0.6095006130821534 0.3608786610878661
transition 476 1 908 0.9467560404719322 0.22280334728033474
transition 476 1 685 -0.734523885966939 0.41631799163179917
transition 476 2 49 0.7518044467982901 0.6086956521739131
transition 476 2 685 -0.4817743661453151 0.391304347826087
transition 477 0 200 0.062004140478265635 0.09433962264150944
transition 477 0 640 -0.5624063496934704 0.11576590981771666
transition 477 0 619 0.7597507280828784 0.04093380236648545
transition 477 0 139 0.20533630469140918 0.28237927726255196
transition 477 0 552 -0.45026384479262305 0.4665813879117365
transition 477 1 295 -0.33340632534647785 0.17673179396092362
transition 477 1 737 0.9202887162680216 0.41207815275310833
transition 477 1 552 -0.655284823330798 0.411190053285968
transition 477 2 962 0.06543468491069837 0.17160804020100504
transition 477 2 913 0.9038753889573918 0.1701005025125628
transition 477 2 757 -0.3763168538753112 0.18668341708542713
transition 477 2 377 -0.5599466859854729 0.0371859296482412
transition 477 2 552 -0.4303889535932346 0.4344221105527638
transition 478 0 778 0.8833993576384083 0.25785244704163623
transition 478 0 637 0.11020352804102451 0.09678597516435354
transition 478 0 671 0.7364602828993589 0.26296566837107377
transition 478 0 554 0.5545171573358547 0.20964207450693936
transition 478 0 220 -0.6284451650813847 0.17275383491599708
transition 478 1 220 0.5780259637011207 1.0
transition 478 2 123 0.6728265559954529 0.11673315137518371
transition 478 2 262 0.9653276622589619 0.2053327734621037
transition 478 2 603 0.44690338006470665 0.20323325635103925
transition 478 2 175 -0.42328792617844124 0.09384841486458115
transition 478 2 220 0.5731986671600164 0.3808524039470922
transition 479 0 823 -0.0028223546039995995 0.1097872340425532
transition 479 0 987 0.1989534866407332 0.49531914893617024
transition 479 0 94 -0.4169866153432209 0.00425531914893617
transition 479 0 200 0.7129138239096133 0.39063829787234045
transition 479 1 768 -0.751812107203768 0.25805515239477506
transition 479 1 488 0.057028313140860876 0.13933236574746008
transition 479 1 46 -0.9871386334297658 0.19680696661828737
transition 479 1 526 -0.4631091057615413 0.23076923076923078
transition 479 1 200 0.716397265868995 0.17503628447024674
transition 479 2 281 0.7256202664481555 0.16022727272727272
transition 479 2 479 -0.2560974633521902 0.10416666666666667
transition 479 2 165 -0.5139405072806247 0.3704545454545455
transition 479 2 200 0.332946338742637 0.36515151515151517
transition 480 0 4 0.9142357894497772 0.5454545454545454
transition 480 0 628 -0.2622265223959872 0.45454545454545453
transition 480 1 453 0.2709702424660081 0.2722095671981777
transition 480 1 945 -0.5546203279003687 0.16021260440394836
transition 480 1 356 -0.40474692545727575 0.16704631738800305
transition 480 1 628 0.3279306657410186 0.40053151100987094
transition 480 2 628 -0.8054438161787085 1.0
transition 481 0 680 0.833179493571053 0.00046040515653775324
transition 481 0 868 0.05342752496427283 0.34576427255985265
transition 481 0 156 -0.4015139261574847 0.08241252302025782
transition 481 0 856 -0.29289601565033063 0.23250460405156537
transition 481 0 21 0.5547762865868289 0.3388581952117864
transition 481 1 194 -0.8820057512419 0.20603813559322035
transition 481 1 745 -0.06221897460369563 0.4793432203389831
transition 481 1 21 0.601855571914814 0.3146186440677966
transition 481 2 656 -0.1161637816674772 0.0213857998289136
transition 481 2 781 -0.34186307923159776 0.179213002566296
transition 481 2 979 0.4652623262912834 0.3939264328485885
transition 481 2 21 -0.96094451728556 0.40547476475620187
transition 482 0 989 0.21826686243186355 0.2801120448179272
transition 482 0 335 0.8767642401701277 0.32072829131652664
transition 482 0 815 -0.10457454018878432 0.39915966386554624
transition 482 1 698 0.6626660971255298 0.10331663087568599
transition 482 1 932 -0.6792989520991888 0.1527081842042472
transition 482 1 970 0.12047423523137724 0.18396564065855406
transition 482 1 565 0.5738123784266889 0.2087807205917442
transition 482 1 815 -0.48840902014901144 0.35122882366976854
transition 482 2 350 0.21847149090890716 0.1456396635679504
transition 482 2 872 -0.6197773851776527 0.19566179725542276
transition 482 2 549 0.2857849245145849 0.14718902169101372
transition 482 2 234 0.3308217089462768 0.011509517485613104
transition 482 2 815 -0.24537361227788868 0.5
transition 483 0 605 0.8463976369265476 0.045328399629972246
transition 483 0 930 0.5393184995309295 0.006012950971322849
transition 483 0 197 -0.9585838950117516 0.33580018501387604
transition 483 0 669 -0.302362392998889 0.20166512488436633
transition 483 0 648 0.8309482346498254 0.41119333950046255
transition 483 1 978 0.24830872477085975 0.502470007057163
transition 483 1 591 0.9949860426219448 0.16372618207480594
transition 483 1 648 -0.7620831643148578 0.33380381086803107
transition 483 2 671 0.05308351584927418 0.04395106479383779
transition 483 2 723 0.8721160635350327 0.11576801087449026
transition 483 2 651 -0.5215337811594074 0.2023108291798822
transition 483 2 527 -0.6857316812387062 0.15700045310376076
transition 483 2 648 -0.8964979695674278 0.480969642048029
transition 484 0 230 -0.772742581311384 0.23551263001485884
transition 484 0 859 -0.754363498752781 0.20108964834076276
transition 484 0 750 0.9939828346873354 0.026250619118375434
transition 484 0 819 0.7235948200450819 0.04259534422981674
transition 484 0 339 0.714679130128016 0.49455175829618625
transition 484 1 525 -0.6817768180826305 0.15238954012623984
transition 484 1 942 -0.18068264613211138 0.19071235347159604
transition 484 1 93 -0.5517785365316934 0.18981064021641117
transition 484 1 339 0.193905347889481 0.4670874661857529
transition 484 2 389 -0.7073185828771942 0.23866498740554157
transition 484 2 418 -0.29464105459303935 0.0371536523929471
transition 484 2 224 0.258384560778949 0.13476070528967254
transition 484 2 990 0.891844101016418 0.11020151133501259
transition 484 2 339 0.8181812064994209 0.4792191435768262
transition 485 0 987 0.5078619282122858 0.21100196463654225
transition 485 0 443 -0.45502880764974285 0.21335952848722986
transition 485 0 462 0.5526365944889338 0.11512770137524558
transition 485 0 104 0.5672012847826082 0.46051080550098233
transition 485 1 9 -0.4416682234940308 0.7225433526011561
transition 485 1 104 -0.9208241436251912 0.2774566473988439
transition 485 2 55 0.4185680133528735 0.6751592356687898
transition 485 2 104 0.5009919753357555 0.3248407643312102
transition 486 0 890 -0.6769772078543908 0.6402173913043478
transition 486 0 566 -0.11058505171076316 0.35978260869565215
transition 486 1 854 -0.6839053553583074 0.5
transition 486 1 566 0.21123759761733174 0.5
transition 486 2 877 -0.22466877556871379 0.23130728412928123
transition 486 2 696 -0.13594681890412819 0.07718282682103232
transition 486 2 832 -0.6416412485714988 0.241196333815726
transition 486 2 390 -0.39119070689816904 0.09575494452484322
transition 486 2 566 -0.16886266142863748 0.3545586107091172
transition 487 0 854 -0.954204196577507 1.0
transition 487 1 75 -0.7808422284107837 0.3885066774585188
transition 487 1 983 0.41367353861126044 0.18535006070416835
transition 487 1 369 0.7738565975591536 0.06272764063132336
transition 487 1 854 -0.7390194360219593 0.36341562120598947
transition 487 2 854 0.5843340157773671 1.0
transition 488 0 728 -0.9707260199198413 1.0
transition 488 1 267 0.7763295505607406 0.009400705052878966
transition 488 1 856 -0.07926449698654281 0.6392479435957696
transition 488 1 92 -0.5660087982312318 0.13748531139835488
transition 488 1 728 -0.6058413078156004 0.21386603995299647
transition 488 2 976 -0.13643681792848095 0.37297996121525534
transition 488 2 962 0.7313770992086313 0.4466709760827408
transition 488 2 728 -0.8834170232989553 0.18034906270200388
transition 490 0 758 -0.8047643492316863 0.8166189111747851
transition 490 0 416 0.44648107198923226 0.1833810888252149
transition 490 1 416 -0.7261362759281162 1.0
transition 490 2 935 0.8023250435289644 0.1260030362177402
transition 490 2 265 0.5680358606458256 0.18477553675992192
transition 490 2 307 0.5333052107904872 0.02255476035567122
transition 490 2 54 0.21607864132671128 0.18499240945564954
transition 490 2 416 -0.891576857515314 0.48167425721101714
transition 491 0 365 0.5405067293930881 0.6
transition 491 0 398 -0.5366233429823761 0.4
transition 491 1 151 -0.6605332926670331 0.5220966084275437
transition 491 1 398 0.8208277454388242 0.4779033915724563
transition 491 2 525 0.7098409429698052 0.3340486409155937
transition 491 2 73 -0.9255962347669227 0.2067238912732475
transition 491 2 36 0.7810844797181999 0.1402002861230329
transition 491 2 398 0.5018132428712676 0.3190271816881259
transition 492 0 256 0.6225392497166036 0.24199743918053776
transition 492 0 780 0.6672137011706667 0.3892445582586428
transition 492 0 873 -0.12264625817434083 0.022193768672641914
transition 492 0 329 -0.3762703830494656 0.34656423388817753
transition 492 1 188 -0.180823875727411 0.00487012987012987
transition 492 1 877 0.23888590390833886 0.12283549783549784
transition 492 1 964 0.20610158964766945 0.14204545454545456
transition 492 1 326 0.6480812339183919 0.24567099567099568
transition 492 1 329 -0.5234571033706044 0.48457792207792205
transition 492 2 641 -0.8206799754507015 0.31193490054249545
transition 492 2 942 0.9042022157441842 0.5198915009041591
transition 492 2 329 0.7708246882808036 0.16817359855334538
transition 493 0 970 0.4222677010785334 0.1914978148589591
transition 493 0 75 -0.2773266062032771 0.19547079856972585
transition 493 0 58 0.7730350041682392 0.22169249106078665
transition 493 0 135 -0.8455396517776628 0.3913388955105284
transition 493 1 72 -0.30575839379787584 0.048240635641316684
transition 493 1 319 0.7143059620875454 0.18501702610669693
transition 493 1 603 0.9398310147902478 0.21765039727582292
transition 493 1 80 -0.315148509415095 0.17508513053348468
transition 493 1 135 -0.04001805548259485 0.37400681044267875
transition 493 2 234 0.6613005101445288 0.15358592692828146
transition 493 2 569 0.7003566654370583 0.20771312584573748
transition 493 2 126 -0.305526061272696 0.18764095624718088
transition 493 2 135 0.9239902521267811 0.4510599909788002
transition 494 0 430 -0.7549567641549639 0.17598412173337744
transition 494 0 722 0.5907277154326112 0.11445583857095601
transition 494 0 670 -0.6139253208226274 0.23255044657624876
transition 494 0 701 -0.014488121638867257 0.4770095931194178
transition 494 1 420 -0.8854007292610788 0.5458333333333333
transition 494 1 701 0.21248174355276994 0.45416666666666666
transition 494 2 871 0.5963492851773138 0.34427480916030534
transition 494 2 255 -0.8479333041255122 0.09389312977099237
transition 494 2 242 -0.009923638648605682 0.17213740458015267
transition 494 2 927 -0.5222295817390414 0.10801526717557251
transition 494 2 701 0.13258847243571847 0.2816793893129771
transition 495 0 735 -0.4350493464387264 0.39491004826678366
transition 495 0 507 0.19914477427699762 0.24835454146555508
transition 495 0 602 -0.5207228189236808 0.0443176831943835
transition 495 0 870 0.2768726811165523 0.31241772707327775
transition 495 1 818 0.2611799639772834 0.3889780631353665
transition 495 1 545 -0.5200943119217674 0.40930979133226325
transition 495 1 870 0.18393397832213965 0.20171214553237024
transition 495 2 327 0.26655515834274457 0.653475935828877
transition 495 2 870 -0.49462453098054104 0.34652406417112297
transition 496 0 187 0.2948435575838657 0.09295499021526418
transition 496 0 538 0.5102140704770275 0.44275929549902154
transition 496 0 907 0.16711557487344808 0.10714285714285714
transition 496 0 944 -0.12487861535040223 0.35714285714285715
transition 496 1 447 -0.6528025521645402 0.1400112760759256
transition 496 1 240 0.5353467373154277 0.15786506295809058
transition 496 1 426 0.31410224985474233 0.17778613042661154
transition 496 1 849 0.2031357666058673 0.17910167261792895
transition 496 1 944 0.5369897181688672 0.34523585792144335
transition 496 2 420 0.08044104379309336 0.21830370154473913
transition 496 2 620 0.5908809692223354 0.1877003788982804
transition 496 2 883 0.06366718998467835 0.17895657242786359
transition 496 2 20 0.9172172569132175 0.12882541533080735
transition 496 2 944 0.8277907643523748 0.2862139317983095
transition 497 0 587 -0.2723974247546519 1.0
transition 497 1 379 0.6467105477016033 0.316331096196868
transition 497 1 469 -0.257024890636967 0.3485458612975392
transition 497 1 587 -0.8430999636433276 0.3351230425055928
transition 497 2 587 0.21875053560236513 1.0
transition 498 0 360 -0.721531263887579 0.5161073825503356
transition 498 0 772 0.38963245129906987 0.0697986577181208
transition 498 0 593 0.2675831658258081 0.4140939597315436
transition 498 1 635 -0.18665648012924674 0.012600229095074456
transition 498 1 333 -0.16399986919720777 0.5166093928980527
transition 498 1 593 0.34350825042005817 0.47079037800687284
transition 498 2 315 -0.9689912289005154 0.749730312837109
transition 498 2 593 0.3094933695910287 0.25026968716289105
transition 499 0 841 -0.2197879346086009 1.0
transition 499 1 839 0.9888746723078721 0.710691823899371
transition 499 1 841 0.06446146766041672 0.2893081761006289
transition 499 2 841 -0.6179313270058313 1.0
transition 500 0 345 0.5871418681919454 1.0
transition 500 1 856 0.5689751051303966 0.6102494942683749
transition 500 1 888 0.10768789863518058 0.15711395819285232
transition 500 1 345 0.8303086036083593 0.23263654753877275
transition 500 2 894 -0.3474531423584868 0.16231938449990618
transition 500 2 295 -0.3759515813633445 0.11953462188027772
transition 500 2 264 -0.6005849658005917 0.11559392006004879
transition 500 2 841 0.04165785120709953 0.14618127228373054
transition 500 2 345 -0.34251970802441334 0.4563708012760368
transition 501 0 210 -0.9586182056772967 0.23229912490055687
transition 501 0 655 0.43102354000870924 0.1276849642004773
transition 501 0 568 0.9076040859577166 0.31026252983293556
transition 501 0 846 0.40089840155079415 0.1428003182179793
transition 501 0 831 0.34230316994608256 0.1869530628480509
transition 501 1 911 -0.6826056914036018 0.6564195298372514
transition 501 1 831 0.5894336832502394 0.3435804701627486
transition 501 2 705 -0.6962670630078673 0.09016927083333333
transition 501 2 73 0.5925422059299386 0.3167317708333333
transition 501 2 488 0.41205307766009014 0.12565104166666666
transition 501 2 831 0.3883299883095075 0.4674479166666667
transition 502 0 65 0.9506538701707916 0.5686274509803921
transition 502 0 277 -0.6050727183211966 0.43137254901960786
transition 502 1 86 0.11262351597504239 0.37760097919216645
transition 502 1 640 -0.882110339423225 0.19033047735618114
transition 502 1 277 -0.6391569481576749 0.4320685434516524
transition 502 2 533 -0.8418720690690962 0.6358490566037736
transition 502 2 6 -0.9128154931258159 0.05660377358490566
transition 502 2 277 0.6426228392614977 0.30754716981132074
transition 503 0 582 -0.11247924396792697 0.025142857142857144
transition 503 0 647 -0.9943526457061573 0.3028571428571429
transition 503 0 462 0.6536740250701871 0.09657142857142857
transition 503 0 752 0.08026873045962302 0.08457142857142858
transition 503 0 151 0.0008485821528867454 0.4908571428571429
transition 503 1 790 0.7943782898316454 0.5699633699633699
transition 503 1 151 0.11101000781989301 0.43003663003663006
transition 503 2 151 -0.6485179837003041 1.0
transition 504 0 590 -0.5012606957041559 0.6528925619834711
transition 504 0 563 0.7984028251183239 0.34710743801652894
transition 504 1 563 0.09243358508998178 1.0
transition 504 2 563 0.9844520153890934 1.0
transition 505 0 374 0.14207533776594072 0.42148309705561615
transition 505 0 159 0.4280688273809863 0.09760087241003272
transition 505 0 267 -0.7440904475607057 0.48091603053435117
transition 505 1 257 -0.7748228589825286 0.6533700137551581
transition 505 1 267 0.1576686312516642 0.3466299862448418
transition 505 2 844 0.3143025318002022 0.03357582540570789
transition 505 2 998 -0.9191180592750063 0.016787912702853944
transition 505 2 389 -0.5841503615678514 0.038052602126468944
transition 505 2 411 0.0004745103495853442 0.5176273083379966
transition 505 2 267 0.05118108812702249 0.3939563514269726
transition 506 0 624 0.8786687865566265 0.06309859154929577
transition 506 0 581 0.20958155484475038 0.48507042253521127
transition 506 0 499 0.506460681845164 0.451830985915493
transition 506 1 853 0.20011808511044404 0.1390236939765915
transition 506 1 466 0.7704370329029928 0.1073365686554382
transition 506 1 416 -0.792363711433635 0.2649157864687411
transition 506 1 499 0.6491192692871619 0.4887239508992292
transition 506 2 565 -0.8137943288509684 0.12382133995037221
transition 506 2 964 -0.97774083072491 0.09081885856079404
transition 506 2 413 -0.27272943804962346 0.05583126550868486
transition 506 2 55 0.2943595904529661 0.24764267990074443
transition 506 2 499 0.42161844980395724 0.4818858560794045
transition 507 0 965 0.5445152566100917 0.19886055344546935
transition 507 0 586 0.8859155849268534 0.15762344004340748
transition 507 0 558 -0.11801982301209302 0.15708084644601195
transition 507 0 880 -0.6267675719183032 0.4864351600651112
transition 507 1 934 -0.43739842022766173 0.17982099267697316
transition 507 1 161 0.955323575980054 0.4898291293734744
transition 507 1 902 -0.6802969234624443 0.04149715215622457
transition 507 1 880 -0.16684194817709308 0.28885272579332794
transition 507 2 147 0.3063672846752319 0.1108151305274374
transition 507 2 656 -0.8338874613854448 0.16995205114544487
transition 507 2 258 0.0437013187175761 0.20857751731486415
transition 507 2 373 0.21088669803373827 0.16196057538625466
transition 507 2 880 0.6636589913070534 0.34869472562599896
transition 508 0 387 -0.5319440051161948 0.11244472520530638
transition 508 0 440 -0.7864180944361618 0.4813644977890082
transition 508 0 366 0.028195571673502506 0.4061907770056854
transition 508 1 748 0.4966700663945556 0.6376306620209059
transition 508 1 366 -0.9035251281488113 0.3623693379790941
transition 508 2 652 -0.5267512086043808 0.6772532188841202
transition 508 2 366 0.4463956916207581 0.32274678111587984
transition 509 0 723 -0.7491469542951041 0.0027744748315497426
transition 509 0 497 0.21180150816276533 0.05826397146254459
transition 509 0 101 -0.3253417949867392 0.2576298057867618
transition 509 0 267 0.4548545118702241 0.21878715814506539
transition 509 0 312 -0.8501854476677873 0.4625445897740785
transition 509 1 404 -0.7240815365254847 0.13372645995815105
transition 509 1 53 0.5586472342713116 0.12859045082746814
transition 509 1 713 0.05445919011526956 0.15427049648088265
transition 509 1 783 -0.09340733151298308 0.16910785619174434
transition 509 1 312 0.34714065881779077 0.41430473654175387
transition 509 2 312 -0.7457185806366848 1.0
transition 510 0 635 -0.14399797859961638 0.19917582417582416
transition 510 0 726 -0.5439899924698148 0.5686813186813187
transition 510 0 970 0.09969016537506525 0.23214285714285715
transition 510 1 97 0.12032433685669908 0.3442885771543086
transition 510 1 476 -0.45301181625772435 0.3342685370741483
transition 510 1 970 0.28284045484619935 0.32144288577154306
transition 510 2 762 -0.496191929225124 0.19983586376692655
transition 510 2 462 0.8057296508821983 0.3951579811243332
transition 510 2 970 -0.4985177454396381 0.4050061551087403
transition 511 0 209 -0.24485005555254702 0.19917324314167606
transition 511 0 823 0.9216436803804673 0.22510334460729048
transition 511 0 342 0.19417420441823396 0.0864336715520481
transition 511 0 450 0.3741195940833488 0.48928974069898534
transition 511 1 450 -0.7937407265310867 1.0
transition 511 2 102 -0.30987478118461254 0.46776232616940583
transition 511 2 774 -0.24920660909274872 0.27054361567635904
transition 511 2 450 -0.8887392461173016 0.26169405815423513
transition 512 0 893 0.9548840505621219 0.2893569844789357
transition 512 0 915 0.07891604646523875 0.3780487804878049
transition 512 0 752 -0.8840124240524283 0.3325942350332594
transition 512 1 122 -0.7748213555879389 0.16055045871559634
transition 512 1 173 0.8417260715997139 0.2502548419979613
transition 512 1 625 -0.9853650805103951 0.09862385321100918
transition 512 1 43 -0.964505579019681 0.0445973496432212
transition 512 1 752 0.44424529557181724 0.445973496432212
transition 512 2 147 0.8478095931651217 0.18376596621343222
transition 512 2 779 0.7553595120088266 0.0350226617222909
transition 512 2 533 -0.26750577743230797 0.3720642768850433
transition 512 2 752 0.5655580882333573 0.40914709517923364
transition 513 0 336 0.9183810406720636 0.1721277478224803
transition 513 0 499 -0.40525359683781526 0.2583990045624222
transition 513 0 327 0.3698492707776664 0.38531729572791373
transition 513 0 710 -0.7408570144204463 0.18415595188718373
transition 513 1 855 -0.8481864294576842 0.059130434782608696
transition 513 1 60 -0.4775321899211098 0.252463768115942
transition 513 1 222 -0.9941925607093702 0.276231884057971
transition 513 1 107 -0.77672368137997 0.20840579710144927
transition 513 1 710 0.9093383126162453 0.20376811594202898
transition 513 2 566 -0.8977562054013635 0.0440251572327044
transition 513 2 529 0.6315334882374051 0.2578616352201258
transition 513 2 534 0.9437186413191487 0.03647798742138365
transition 513 2 925 0.03345771371888029 0.1811320754716981
transition 513 2 710 0.1342165066112322 0.48050314465408805
transition 514 0 72 0.3197951305199316 0.3502126014688829
transition 514 0 39 0.5234478004789522 0.3374565133359103
transition 514 0 318 0.2913262231638194 0.3123308851952068
transition 514 1 318 0.48895691123133567 1.0
transition 514 2 776 -0.0507831798721432 0.21139430284857572
transition 514 2 827 0.6865620471049243 0.4970014992503748
transition 514 2 318 0.37854012402933845 0.29160419790104947
transition 515 0 493 -0.9641072257206318 1.0
transition 515 1 875 -0.3438509481215726 0.6153342070773263
transition 515 1 493 -0.05643823754781341 0.38466579292267367
transition 515 2 32 0.4043791988191725 0.09793351302785265
transition 515 2 561 0.10856507993766762 0.5489667565139263
transition 515 2 493 -0.39040393994181377 0.353099730458221
transition 516 0 512 -0.04651143341063446 1.0
transition 516 1 512 0.1957501195362683 1.0
transition 516 2 901 -0.648253704392366 0.1381345926800472
transition 516 2 653 0.9105566031272072 0.1204250295159386
transition 516 2 1 0.1974385013882809 0.5348288075560803
transition 516 2 512 0.6727441187288099 0.2066115702479339
transition 517 0 375 0.07952565206036644 0.12670157068062826
transition 517 0 640 0.16631387161049282 0.5026178010471204
transition 517 0 649 -0.4296888840635664 0.3706806282722513
transition 517 1 326 0.14975209141877288 0.22231985940246046
transition 517 1 768 -0.48456490959252285 0.027240773286467488
transition 517 1 759 -0.3111543653177531 0.37434094903339193
transition 517 1 649 0.1776646589896187 0.37609841827768015
transition 517 2 495 -0.705403313086318 0.1077127659574468
transition 517 2 145 0.8625639457818206 0.5305851063829787
transition 517 2 649 -0.9311698628308742 0.3617021276595745
transition 518 0 255 0.515072554032626 1.0
transition 518 1 698 -0.40142609854912514 0.4082085413200222
transition 518 1 793 -0.7850963559772763 0.3982251802551303
transition 518 1 798 -0.33588548002464 0.004437049362174155
transition 518 1 255 -0.1932716222908939 0.18912922906267332
transition 518 2 959 -0.021227107727409766 0.193359375
transition 518 2 213 0.7511006402578018 0.241015625
transition 518 2 524 0.052504439150802495 0.303125
transition 518 2 255 -0.7308378555899657 0.2625
transition 519 0 129 -0.1771579873186817 0.08519701810436635
transition 519 0 267 0.5206651265450839 0.12779552715654952
transition 519 0 225 -0.5812993247718132 0.09158679446219382
transition 519 0 708 -0.7659736248792919 0.22861199858004969
transition 519 0 179 -0.6622341086877341 0.4668086616968406
transition 519 1 765 0.9357478360487486 0.41111643507426926
transition 519 1 407 0.48113084125219574 0.13033061811212265
transition 519 1 179 0.7046533670088977 0.45855294681360803
transition 519 2 179 0.4934372409768675 1.0
transition 520 0 240 0.020012280647716763 0.5364705882352941
transition 520 0 15 0.24710440085336338 0.46352941176470586
transition 520 1 677 -0.22857178538746958 0.5217785843920145
transition 520 1 15 -0.8900226884952898 0.4782214156079855
transition 520 2 15 0.5254809940387255 1.0
transition 521 0 83 0.7077140124684069 0.30734966592427615
transition 521 0 133 -0.9408221746791061 0.4209354120267261
transition 521 0 528 0.7519657883056734 0.2717149220489978
transition 521 1 843 0.1077788738997485 0.5437864887406172
transition 521 1 528 0.9121716745227242 0.4562135112593828
transition 521 2 32 -0.7405449801674364 0.1783901377810007
transition 521 2 205 -0.16607578627783748 0.19289340101522842
transition 521 2 135 0.012881754442761517 0.14720812182741116
transition 521 2 528 -0.22372591709882106 0.4815083393763597
transition 523 0 412 0.2423514922313268 0.11131639722863741
transition 523 0 763 0.37216648318258283 0.14064665127020784
transition 523 0 542 -0.5180613123899436 0.11986143187066975
transition 523 0 97 -0.25100813319947224 0.14826789838337182
transition 523 0 780 -0.6983228541577933 0.47990762124711317
transition 523 1 780 0.12245755984999085 1.0
transition 523 2 611 0.9147940732405644 0.6378600823045267
transition 523 2 780 0.12052121540994243 0.36213991769547327
transition 524 0 742 -0.6155828134953125 0.5067357512953368
transition 524 0 379 -0.18589069513849021 0.49326424870466323
transition 524 1 179 -0.40011697500507903 0.36489698890649763
transition 524 1 483 -0.9900939814298082 0.24881141045958796
transition 524 1 379 -0.07982394647365276 0.38629160063391443
transition 524 2 692 0.41904163815380313 0.5201900237529691
transition 524 2 379 0.9398589515796214 0.47980997624703087
transition 525 0 425 0.6558245626240433 0.23434004474272932
transition 525 0 247 -0.588067555168325 0.3819910514541387
transition 525 0 458 0.497292832402225 0.383668903803132
transition 525 1 852 -0.48038345194687593 0.14252969368618462
transition 525 1 732 -0.5519950897474979 0.16982704730152115
transition 525 1 107 0.5155771835002041 0.08126693061054387
transition 525 1 730 0.6177744025906096 0.1085642842258804
transition 525 1 458 -0.6539997598389609 0.49781204417587
transition 525 2 727 0.7676508721487707 0.15480202190395956
transition 525 2 745 0.4085463838293737 0.13184498736310024
transition 525 2 320 0.6439277397919745 0.11225779275484414
transition 525 2 398 -0.26625313674118 0.14911541701769165
transition 525 2 458 0.8557278929726366 0.45197978096040436
transition 526 0 313 0.9737415801926166 0.3508371385083714
transition 526 0 563 0.6041684674287 0.2686453576864536
transition 526 0 128 0.5944359372611898 0.06278538812785388
transition 526 0 549 -0.6468079102091329 0.3177321156773212
transition 526 1 576 -0.9847012544029368 0.21892728210417742
transition 526 1 915 -0.16449208027224715 0.11707065497679216
transition 526 1 869 -0.6680421999465862 0.1743166580711707
transition 526 1 500 0.02113877133960962 0.10417741103661682
transition 526 1 549 0.4975821462196812 0.3855079938112429
transition 526 2 54 -0.5511477177017683 0.272
transition 526 2 969 -0.19206019904891658 0.43542857142857144
transition 526 2 549 -0.19263977670843602 0.2925714285714286
transition 527 0 575 -0.46047991089578844 1.0
transition 527 1 684 0.2731878234925258 0.2806612841214917
transition 527 1 198 -0.4761206889771403 0.08266051518646675
transition 527 1 281 -0.009994608210878608 0.24106113033448673
transition 527 1 876 -0.7072451350955968 0.10188389081122645
transition 527 1 575 0.8484776919057329 0.2937331795463283
transition 527 2 30 0.5505948948528763 0.20337598693166348
transition 527 2 39 -0.9623912520426214 0.2687176694799891
transition 527 2 246 0.432725408991266 0.07459842090933841
transition 527 2 575 0.4432967431166639 0.453307922679009
transition 528 0 772 0.031154852330749883 0.4591078066914498
transition 528 0 408 0.8601226761418472 0.1171003717472119
transition 528 0 720 0.4512354904316671 0.20260223048327136
transition 528 0 553 0.8508010866851157 0.2211895910780669
transition 528 1 642 0.9221579089389331 0.2086315332899588
transition 528 1 557 0.09494443158094934 0.17479939275645195
transition 528 1 671 -0.3197934039829995 0.1513771416178703
transition 528 1 553 -0.503456942228804 0.4651919323357189
transition 528 2 693 0.6526736213483599 0.7365813377374071
transition 528 2 553 -0.8911736125108454 0.2634186622625929
transition 529 0 92 0.49735593735663275 0.03441040704993705
transition 529 0 777 -0.8711560286550566 0.13302559798573227
transition 529 0 324 0.06483485850264747 0.39278220730172053
transition 529 0 308 -0.806674325439668 0.43978178766261017
transition 529 1 308 0.9991260551815326 1.0
transition 529 2 656 -0.42571742521067235 0.5302197802197802
transition 529 2 308 -0.5685103881416012 0.4697802197802198
transition 530 0 827 0.18951599220990323 0.006808896958692692
transition 530 0 457 -0.10736332359277623 0.20335905583295505
transition 530 0 191 -0.486368793640338 0.33499773036768044
transition 530 0 783 -0.9658350539788154 0.033590558329550615
transition 530 0 328 -0.8832649324491277 0.4212437585111212
transition 530 1 220 0.2133929994280983 0.115625
transition 530 1 242 0.7104433718139698 0.124375
transition 530 1 466 0.30894273614336787 0.15104166666666666
transition 530 1 124 0.5525783601829937 0.11916666666666667
transition 530 1 328 -0.469565957976561 0.4897916666666667
transition 530 2 678 -0.2753002566462306 0.06308579668348954
transition 530 2 829 -0.4679446760349546 0.25450612833453495
transition 530 2 206 0.9317117099512822 0.14960346070656091
transition 530 2 574 0.12314836018427333 0.12941600576784426
transition 530 2 328 0.7003953039999349 0.4033886085075703
transition 531 0 345 0.7452489218686296 0.027958387516254877
transition 531 0 373 -0.3910677149428283 0.13263979193758127
transition 531 0 514 -0.7098056288715977 0.3234720416124837
transition 531 0 500 -0.21852969486820606 0.055916775032509754
transition 531 0 891 0.3815091317870818 0.46001300390117034
transition 531 1 417 0.5893294620716181 0.19241192411924118
transition 531 1 524 0.4612509320513807 0.32429990966576333
transition 531 1 891 0.5361986103039045 0.4832881662149955
transition 531 2 447 0.370256919190034 0.14683419561468342
transition 531 2 224 0.1732589508780542 0.07021433850702144
transition 531 2 541 -0.10304290112813952 0.18699186991869918
transition 531 2 110 0.7973364013571422 0.19290465631929046
transition 531 2 891 -0.18589067521761837 0.4030549396403055
transition 533 0 187 -0.2970041610905825 1.0
transition 533 1 187 -0.9992702911480509 1.0
transition 533 2 187 -0.11998314143905642 1.0
transition 534 0 339 -0.6461270241861174 0.23929398148148148
transition 534 0 741 0.2692384771006975 0.2699652777777778
transition 534 0 325 -0.5549286242861431 0.12731481481481483
transition 534 0 754 0.11178586469199603 0.36342592592592593
transition 534 1 754 0.7069603132331126 1.0
transition 534 2 214 0.029024339221280115 0.49140893470790376
transition 534 2 439 -0.2648749272367641 0.1552119129438717
transition 534 2 754 0.005356036377599738 0.35337915234822453
transition 535 0 161 0.03511280879498213 0.8333333333333334
transition 535 0 324 0.7300394445733844 0.16666666666666666
transition 535 1 324 -0.7912830487777551 1.0
transition 535 2 716 0.23450704334290906 0.20264900662251656
transition 535 2 180 0.1209726875185666 0.20927152317880796
transition 535 2 117 0.24653028718124115 0.23178807947019867
transition 535 2 324 -0.2304491571795919 0.3562913907284768
transition 536 0 363 -0.7588664413199548 0.030654115375331886
transition 536 0 765 0.27204437043581287 0.06734250543084722
transition 536 0 524 -0.8258696637031051 0.1646150132754043
transition 536 0 725 -0.5103892313331115 0.23919864832247165
transition 536 0 54 0.20486772450184798 0.498189717595945
transition 536 1 54 -0.3028154322439174 1.0
transition 536 2 308 -0.4288893768812536 0.13636363636363635
transition 536 2 53 0.5951744439531885 0.23958333333333334
transition 536 2 452 0.6641554534374716 0.2727272727272727
transition 536 2 54 0.47964120294646584 0.35132575757575757
transition 537 0 826 0.39607996114526034 0.1493076459963877
transition 537 0 429 -0.853769222993743 0.40517760385310053
transition 537 0 320 -0.8386759819587419 0.44551475015051173
transition 537 1 698 -0.22804588184541053 0.2768933912204534
transition 537 1 170 -0.212442872796625 0.0742884708152436
transition 537 1 7 -0.9569114804475853 0.18137964302942594
transition 537 1 320 -0.5116530049900125 0.467438494934877
transition 537 2 320 -0.28835504651342303 1.0
transition 538 0 390 -0.21114255429336737 0.02750190985485103
transition 538 0 175 -0.32674198149111144 0.07868601986249045
transition 538 0 822 0.17727374024453924 0.24980901451489687
transition 538 0 847 0.28558004799612036 0.16806722689075632
transition 538 0 936 0.16021922284443346 0.47593582887700536
transition 538 1 508 0.8774366974613803 0.30824891461649784
transition 538 1 224 -0.09232604976315684 0.3223589001447178
transition 538 1 936 -0.9652859330075021 0.36939218523878437
transition 538 2 541 0.11238069673595175 0.5152625152625152
transition 538 2 936 0.19828420979566275 0.48473748473748474
transition 539 0 436 0.5855183863205977 0.21065778517901748
transition 539 0 48 0.25038226771868266 0.48626144879267275
transition 539 0 3 -0.47686496003206136 0.30308076602830974
transition 539 1 909 -0.45202384809123264 0.07982195845697329
transition 539 1 554 -0.4450324927888263 0.1513353115727003
transition 539 1 70 0.6914491952122712 0.2317507418397626
transition 539 1 382 -0.6905970336734497 0.28516320474777446
transition 539 1 3 0.42345585845885836 0.25192878338278935
transition 539 2 93 0.3767779107266185 0.45699481865284974
transition 539 2 941 0.20403290816049346 0.23316062176165803
transition 539 2 3 -0.06464679127916972 0.30984455958549223
transition 540 0 595 0.2450616368190155 0.5511482254697286
transition 540 0 531 -0.9666227389513888 0.4488517745302714
transition 540 1 649 0.7189470891699898 0.7619047619047619
transition 540 1 531 -0.43670785659181033 0.23809523809523808
transition 540 2 795 0.26203800896369445 0.10541813898704358
transition 540 2 705 -0.10327304092733791 0.10659599528857479
transition 540 2 58 -0.7904838897081934 0.5123674911660777
transition 540 2 531 0.2739125913493996 0.2756183745583039
transition 542 0 931 0.022575921077180094 0.16424242424242425
transition 542 0 79 -0.7622608560461286 0.343030303030303
transition 542 0 172 -0.5464249519746274 0.04
transition 542 0 75 -0.26613191449639895 0.4527272727272727
transition 542 1 92 0.46262104618858046 0.3252361673414305
transition 542 1 495 -0.9916639587277303 0.016194331983805668
transition 542 1 726 -0.8774894096661561 0.016531713900134953
transition 542 1 211 0.39700474255177687 0.2388663967611336
transition 542 1 75 -0.38468786320178383 0.4031713900134953
transition 542 2 75 0.47815317655025824 1.0
transition 543 0 465 -0.42742241182648244 0.2628089210367691
transition 543 0 612 0.6299758190539968 0.28511151295961423
transition 543 0 145 -0.4119202820430208 0.45207956600361665
transition 543 1 451 0.37988734610242125 0.19021993448759944
transition 543 1 414 -0.8570796134618341 0.20940570893776322
transition 543 1 491 -0.0029294217189046456 0.1502105755732335
transition 543 1 145 0.8875146869508153 0.45016378100140386
transition 543 2 112 0.09093508630105118 0.07664233576642336
transition 543 2 629 0.567649184055889 0.5474452554744526
transition 543 2 145 -0.5831574323010662 0.3759124087591241
transition 544 0 358 -0.5741757018316853 1.0
transition 544 1 638 -0.24559826423360587 0.8059701492537313
transition 544 1 358 0.572963569917696 0.19402985074626866
transition 544 2 358 0.9268697252571525 1.0
transition 545 0 750 0.7519561451960488 0.3784880771182141
transition 545 0 410 -0.0449116183411431 0.2902080162354135
transition 545 0 999 -0.7683249619720396 0.3313039066463724
transition 545 1 991 -0.39075471188010713 0.058208955223880594
transition 545 1 784 -0.11980679376604297 0.1845771144278607
transition 545 1 143 0.564768110832859 0.16069651741293534
transition 545 1 884 -0.4871763902384538 0.10597014925373134
transition 545 1 999 0.17494468080383552 0.490547263681592
transition 545 2 144 0.6586868885810786 0.34776902887139105
transition 545 2 191 0.19789153977975094 0.24015748031496062
transition 545 2 999 0.8908378966572905 0.4120734908136483
transition 546 0 847 -0.5588600031663957 1.0
transition 546 1 989 0.9491435181380443 0.02699495698605755
transition 546 1 779 0.8323748067835768 0.25986354197567485
transition 546 1 223 0.7330656148387751 0.07564520913675467
transition 546 1 557 0.32499475485789975 0.17531889646989024
transition 546 1 847 0.04738485451945795 0.4621773954316227
transition 546 2 174 -0.7796779388416717 0.48946840521564694
transition 546 2 289 0.7910986673006906 0.14944834503510532
transition 546 2 276 0.6932005230679226 0.15546639919759278
transition 546 2 847 -0.5632441064246794 0.20561685055165496
transition 547 0 15 -0.16373431153736617 0.2992922143579373
transition 547 0 965 0.3234925330758809 0.1365015166835187
transition 547 0 782 0.9788546968473286 0.2204246713852376
transition 547 0 387 0.05889094812490869 0.3437815975733064
transition 547 1 220 -0.6235204647121235 0.02684903748733536
transition 547 1 819 0.4305450206241179 0.5045592705167173
transition 547 1 387 -0.8268102076010113 0.4685916919959473
transition 547 2 985 -0.5434284266428957 0.265005265005265
transition 547 2 485 0.0399081047674561 0.20428220428220428
transition 547 2 92 0.6187172049688074 0.09090909090909091
transition 547 2 387 0.1124886626479582 0.4398034398034398
transition 548 0 222 0.06491615667061001 0.1861152141802068
transition 548 0 543 0.42438565478676105 0.2998522895125554
transition 548 0 9 -0.39676809513711797 0.16395864106351551
transition 548 0 402 0.8454888062338999 0.3500738552437223
transition 548 1 493 0.5005274810680733 0.537521815008726
transition 548 1 402 -0.24560699734317826 0.462478184991274
transition 548 2 354 -0.20043249930178386 0.5520581113801453
transition 548 2 402 0.046321751663822575 0.44794188861985473
transition 549 0 353 -0.08734646597705709 0.2982370225269344
transition 549 0 726 -0.16153967328489527 0.030852105778648383
transition 549 0 536 -0.5818330700225689 0.19539666993143975
transition 549 0 316 -0.10379677079557204 0.06709108716944172
transition 549 0 973 0.26497942681506337 0.40842311459353575
transition 549 1 998 0.3341993502106133 0.2974022096148104
transition 549 1 935 0.22445952510938638 0.2585846521349657
transition 549 1 973 0.034855131267677475 0.4440131382502239
transition 549 2 196 0.45662348333084357 0.4328097731239092
transition 549 2 190 0.3304249416700933 0.2020069808027923
transition 549 2 973 0.9374912713766341 0.36518324607329844
transition 550 0 948 0.4011750595400685 1.0
transition 550 1 502 0.9675862374280582 0.2844321712115982
transition 550 1 758 0.09146979788534781 0.0017259233690024164
transition 550 1 745 0.17428678147932897 0.2554366586123576
transition 550 1 948 0.6120682208611725 0.45840524680704176
transition 550 2 159 0.19921825985384345 0.2590295512586647
transition 550 2 130 -0.8891328477495681 0.2258299890550894
transition 550 2 139 -0.6519938898721802 0.1794965341116381
transition 550 2 565 -0.0005083626753239479 0.0809923385625684
transition 550 2 948 -0.45422064994846045 0.2546515870120394
transition 551 0 421 0.5663135116281048 0.23065833733781835
transition 551 0 361 -0.9085977692871685 0.27775108121095626
transition 551 0 767 0.364477838585862 0.49159058145122536
transition 551 1 767 -0.7135109634473742 1.0
transition 551 2 767 -0.7936822105547519 1.0
transition 552 0 59 -0.3839764651858333 0.19387422613229066
transition 552 0 394 -0.8137619684506823 0.2838057999348322
transition 552 0 563 0.9819098585492652 0.05571847507331378
transition 552 0 295 -0.22428532899500087 0.0039100684261974585
transition 552 0 564 0.7444188324710028 0.4626914304333659
transition 552 1 869 0.4364076075710617 0.7063197026022305
transition 552 1 564 -0.9377355994765 0.2936802973977695
transition 552 2 939 -0.4621681834691165 0.1200640341515475
transition 552 2 322 0.9663717252846333 0.24413020277481323
transition 552 2 809 -0.2258559597257923 0.030683030949839915
transition 552 2 552 -0.06019841415730709 0.19690501600853788
transition 552 2 564 -0.19052384544592105 0.4082177161152615
transition 553 0 423 -0.5610695772502194 0.5785234899328859
transition 553 0 744 -0.7860735559555796 0.4214765100671141
transition 553 1 887 0.6572315904365551 0.07934821112291889
transition 553 1 375 -0.14763390530274467 0.20545518951470068
transition 553 1 199 0.807927293950421 0.015586255756287637
transition 553 1 697 0.5023277257071075 0.2249380092100602
transition 553 1 744 -0.6375816782430492 0.47467233439603257
transition 553 2 639 0.6735307857089479 0.42014925373134326
transition 553 2 970 0.3036132725976106 0.1761194029850746
transition 553 2 744 -0.49666910405967535 0.40373134328358207
transition 554 0 607 -0.18382517339731597 0.5446735395189003
transition 554 0 633 -0.25469728906792577 0.07388316151202749
transition 554 0 856 -0.863610505542914 0.38144329896907214
transition 554 1 97 -0.0370290650903371 0.19405450041288191
transition 554 1 413 0.22488735096841994 0.578860445912469
transition 554 1 911 -0.33698799028056414 0.0033030553261767133
transition 554 1 856 0.9212808841016891 0.22378199834847234
transition 554 2 336 -0.40695466905254074 0.18054024255788312
transition 554 2 564 0.677722074753915 0.1342337375964719
transition 554 2 108 -0.7202752644469135 0.26019845644983464
transition 554 2 870 -0.12850119683920513 0.003031973539140022
transition 554 2 856 -0.8153872468976646 0.42199558985667035
transition 555 0 678 0.371303747523557 0.8133971291866029
transition 555 0 424 -0.30954846599545127 0.18660287081339713
transition 555 1 126 0.8984384626820185 0.11761736496718829
transition 555 1 803 -0.49415215217922226 0.07319535588086824
transition 555 1 273 0.7312827549555503 0.42503785966683494
transition 555 1 424 -0.662720550079744 0.38414941948510856
transition 555 2 596 0.9875729194862426 0.11614956245027844
transition 555 2 7 0.747358358939815 0.286793953858393
transition 555 2 960 0.23724125361039117 0.25934765314240255
transition 555 2 424 -0.7294229718326399 0.33770883054892603
transition 556 0 345 0.9325406066360971 0.2296664716208309
transition 556 0 869 0.1596801026796888 0.21035693387946167
transition 556 0 485 0.5829718159345101 0.21679344645991808
transition 556 0 51 -0.44295117015263075 0.0684610883557636
transition 556 0 452 0.052014974430070415 0.27472205968402574
transition 556 1 411 0.08993577598367963 0.2736746714997734
transition 556 1 488 -0.7197878461734082 0.1495242410512007
transition 556 1 873 0.2876429505767244 0.14771182600815586
transition 556 1 452 0.7008783986707403 0.42908926144086995
transition 556 2 625 -0.4587318199787571 0.6099158091674463
transition 556 2 452 -0.9919218491881647 0.3900841908325538
transition 557 0 279 -0.551008519303156 0.574
transition 557 0 175 0.9308780031114856 0.426
transition 557 1 494 -0.7252808824574632 0.006142506142506142
transition 557 1 881 -0.4502554170876869 0.21928746928746928
transition 557 1 468 -0.28341879101052636 0.29914004914004916
transition 557 1 175 -0.18815458320146217 0.47542997542997545
transition 557 2 636 0.6273673998281422 0.3211249182472204
transition 557 2 226 0.3113035652806835 0.20470896010464357
transition 557 2 175 0.8448019742740978 0.47416612164813604
transition 558 0 760 -0.8724556885212296 0.21341759844433641
transition 558 0 379 -0.0897194065328002 0.10452114730189596
transition 558 0 382 -0.2625204520444777 0.39086047642197375
transition 558 0 275 -0.1257790455951635 0.2912007778317939
transition 558 1 994 -0.6426090856762641 0.4453125
transition 558 1 49 0.3607577504042838 0.19460227272727273
transition 558 1 275 -0.10799305961039662 0.3600852272727273
transition 558 2 859 0.9269976896368337 0.05355535553555356
transition 558 2 628 0.8522175457272652 0.11431143114311432
transition 558 2 777 0.22615294119051987 0.3325832583258326
transition 558 2 735 0.290866546565963 0.32493249324932494
transition 558 2 275 0.26799682815456793 0.17461746174617462
transition 560 0 390 -0.695738690212101 0.3064516129032258
transition 560 0 863 -0.7596965215148452 0.4825268817204301
transition 560 0 492 -0.6054978989456195 0.2110215053763441
transition 560 1 276 -0.11941718614570895 0.6153846153846154
transition 560 1 492 -0.6729516493459642 0.38461538461538464
transition 560 2 365 0.2310345049214495 0.09823590453130404
transition 560 2 46 -0.028281548807923107 0.20719474230370113
transition 560 2 697 -0.2983180544111155 0.33932895191975093
transition 560 2 492 0.8232543074207295 0.35524040124524386
transition 561 0 541 0.1561897082425734 0.24712888132709485
transition 561 0 710 0.35052933629833105 0.37430880476393025
transition 561 0 26 -0.5562400346180836 0.3785623139089749
transition 561 1 54 0.5603883534188288 0.5015306122448979
transition 561 1 373 -0.6698540376443043 0.29489795918367345
transition 561 1 26 0.573827434078092 0.20357142857142857
transition 561 2 302 0.8922167047234064 0.4523695548109143
transition 561 2 556 0.4545556661283565 0.18717089516515079
transition 561 2 26 0.3459917359257605 0.36045955002393487
transition 562 0 19 -0.11435149384605992 0.1252852578731173
transition 562 0 996 -0.9921593718328126 0.17914194431766317
transition 562 0 12 0.020612438010068068 0.17320858055682337
transition 562 0 676 0.3009506829140136 0.08397991784573254
transition 562 0 705 -0.8476569249018742 0.4383842994066636
transition 562 1 834 -0.49115120935334056 0.3476371537208039
transition 562 1 717 -0.0375017821462158 0.2292232482346551
transition 562 1 705 0.779269057269568 0.423139598044541
transition 562 2 371 -0.15519802038290753 0.12972813238770686
transition 562 2 514 -0.39075974174337946 0.25443262411347517
transition 562 2 837 0.5523340545427518 0.2786643026004728
transition 562 2 705 -0.6627677413909872 0.33717494089834515
transition 563 0 80 -0.3385507730367687 0.5278551532033426
transition 563 0 812 -0.9658805391165635 0.47214484679665736
transition 563 1 420 -0.0170123069760999 0.18261802575107297
transition 563 1 704 -0.9067191293369168 0.1701716738197425
transition 563 1 697 0.012335352041073167 0.18433476394849785
transition 563 1 812 -0.3969417956366996 0.4628755364806867
transition 563 2 577 0.18028805042038187 0.27824402840542284
transition 563 2 371 0.7841378129897167 0.3247256294383473
transition 563 2 812 -0.12266440636752307 0.39703034215622984
transition 564 0 866 0.12801968619935233 0.1442857142857143
transition 564 0 720 0.07706024845055182 0.32142857142857145
transition 564 0 317 0.9111446117619684 0.07428571428571429
transition 564 0 192 0.6671841501952334 0.46
transition 564 1 192 0.8624547518121577 1.0
transition 564 2 322 0.5576861913602784 0.5481481481481482
transition 564 2 192 0.6392143802789068 0.45185185185185184
transition 566 0 5 0.9126908703522782 0.30867014341590615
transition 566 0 859 -0.20432918723046645 0.059322033898305086
transition 566 0 324 0.3832823925320272 0.23598435462842243
transition 566 0 198 -0.9843998118659407 0.04726205997392438
transition 566 0 825 0.23958410614910597 0.34876140808344197
transition 566 1 393 0.667899261770504 0.18471337579617833
transition 566 1 71 0.018840972578792137 0.27070063694267515
transition 566 1 287 0.19576381668442577 0.18662420382165604
transition 566 1 825 0.8052440902995552 0.3579617834394904
transition 566 2 550 0.8189859529537173 0.3581847649918963
transition 566 2 890 -0.2538660832019375 0.3253646677471637
transition 566 2 935 -0.5081299004478055 0.08914100486223663
transition 566 2 825 0.4538186265224291 0.2273095623987034
transition 568 0 293 -0.31473596110286284 1.0
transition 568 1 293 -0.9021379637263229 1.0
transition 568 2 234 0.23039148278666777 0.34771354616048317
transition 568 2 901 -0.24224226859565823 0.01984469370146678
transition 568 2 634 0.7263851367675658 0.15875754961173424
transition 568 2 680 0.3857870086948363 0.04227782571182054
transition 568 2 293 0.8631493572346292 0.4314063848144953
transition 569 0 760 -0.5007531137699281 1.0
transition 569 1 786 -0.6850667664916199 0.2750943396226415
transition 569 1 82 -0.4388202463318174 0.08528301886792453
transition 569 1 833 0.35689043435320444 0.24226415094339623
transition 569 1 760 -0.36633531703888256 0.3973584905660377
transition 569 2 760 -0.4558749702458684 1.0
transition 570 0 537 0.990161330310906 0.17473684210526316
transition 570 0 254 -0.46859840589015445 0.4378947368421053
transition 570 0 485 -0.5465850095687754 0.3873684210526316
transition 570 1 355 0.31765176165526454 0.5607594936708861
transition 570 1 881 -0.8969061255607582 0.11645569620253164
transition 570 1 485 0.7220866137846422 0.3227848101265823
transition 570 2 107 0.8191491911019833 0.48872180451127817
transition 570 2 812 -0.5514123542618989 0.04427736006683375
transition 570 2 485 -0.5464238013565095 0.467000835421888
transition 571 0 152 0.314274111090193 0.25447243519532675
transition 571 0 976 0.31663852610781307 0.060240963855421686
transition 571 0 386 0.04772335230637448 0.30193501277838625
transition 571 0 367 0.916234054228461 0.3833515881708653
transition 571 1 162 0.018166011852416064 0.11278561011181332
transition 571 1 163 -0.6670532436042542 0.11254253767622752
transition 571 1 703 -0.8151196783682784 0.2017501215362178
transition 571 1 295 -0.18283951755802152 0.19810403500243073
transition 571 1 367 -0.02810598126958941 0.37481769567331064
transition 571 2 971 0.17600449887627567 0.5746606334841629
transition 571 2 367 -0.012258405944948203 0.4253393665158371
transition 572 0 789 0.382656672648402 0.2915746292205743
transition 572 0 453 -0.29263024443078534 0.255285579047018
transition 572 0 383 0.7252799736866138 0.4531397917324077
transition 572 1 17 0.1761119660718522 0.00945179584120983
transition 572 1 535 -0.7775198350718289 0.3799621928166352
transition 572 1 253 0.734611469352491 0.2580340264650284
transition 572 1 383 -0.12190486008603552 0.35255198487712663
transition 572 2 831 -0.6124413642987443 0.6464435146443515
transition 572 2 383 -0.13474077591918743 0.35355648535564854
transition 573 0 309 0.03262478401063751 0.00764525993883792
transition 573 0 993 -0.13438203807231242 0.2759938837920489
transition 573 0 235 -0.20904155936271085 0.3409785932721712
transition 573 0 777 -0.8774002191613712 0.3753822629969419
transition 573 1 4 -0.547946200136467 0.3411678295997062
transition 573 1 634 -0.8739868482272912 0.2365038560411311
transition 573 1 35 -0.4896504451882431 0.052148365773044436
transition 573 1 777 0.006079218714720058 0.37017994858611825
transition 573 2 728 -0.691898910667041 0.4618055555555556
transition 573 2 716 -0.28968040909617754 0.10416666666666667
transition 573 2 777 0.04655889028334648 0.4340277777777778
transition 574 0 393 -0.4182273512147574 0.6607669616519174
transition 574 0 789 0.7493086213182556 0.3392330383480826
transition 574 1 284 -0.9988184654960086 0.49820420728578757
transition 574 1 222 0.6454884375215888 0.10979989738327348
transition 574 1 789 0.43716020312370785 0.3919958953309389
transition 574 2 805 0.4902620451436004 0.7702265372168284
transition 574 2 334 0.8255395093202835 0.05501618122977346
transition 574 2 789 -0.1375238016424707 0.17475728155339806
transition 575 0 843 0.6892844573105958 0.6209523809523809
transition 575 0 414 -0.04661654940201165 0.379047619047619
transition 575 1 572 -0.14757113368356345 0.5392953929539296
transition 575 1 414 -0.5942884398145456 0.46070460704607047
transition 575 2 505 0.17321773053509637 0.4017971758664955
transition 575 2 217 -0.4423503375155311 0.24582798459563543
transition 575 2 713 0.9965378659706481 0.07252888318356868
transition 575 2 261 0.2384483860185651 0.01797175866495507
transition 575 2 414 0.7492472418862421 0.26187419768934533
transition 576 0 364 -0.10470104593433338 1.0
transition 576 1 222 -0.008599186018576566 0.15956151035322777
transition 576 1 681 -0.7888117285353389 0.35322777101096225
transition 576 1 364 -0.7692723211948116 0.48721071863581
transition 576 2 582 -0.5327960856939651 0.7288135593220338
transition 576 2 364 0.15923126856031344 0.2711864406779661
transition 577 0 550 0.451158553618342 0.5939243645381277
transition 577 0 411 -0.32505251296579507 0.4060756354618723
transition 577 1 899 0.4138303985084508 0.35525024533856725
transition 577 1 647 -0.5586300817630143 0.44847890088321885
transition 577 1 411 -0.7699764555973558 0.19627085377821393
transition 577 2 123 0.6699643587041406 0.2159827213822894
transition 577 2 227 -0.1261919352273566 0.3077753779697624
transition 577 2 445 0.8297098208711031 0.07883369330453564
transition 577 2 411 -0.5438377352609316 0.39740820734341253
transition 578 0 291 0.009252053586776832 0.17049353391396146
transition 578 0 524 0.5645190857986155 0.23832145684877276
transition 578 0 181 0.9286649033961589 0.18738453417788334
transition 578 0 473 -0.9321967595927612 0.013196093956188967
transition 578 0 660 -0.9466741153515759 0.39060438110319345
transition 578 1 21 -0.31323744737084813 0.18339416058394162
transition 578 1 431 0.9788497645833325 0.1633211678832117
transition 578 1 819 -0.12950058977912282 0.23722627737226276
transition 578 1 660 -0.16100411077052978 0.41605839416058393
transition 578 2 660 0.07119291985112564 1.0
transition 579 0 934 0.3433533865996463 0.28314176245210726
transition 579 0 693 0.4579238317155505 0.22950191570881226
transition 579 0 187 -0.44725513775757775 0.0011494252873563218
transition 579 0 291 0.022779094293323476 0.08199233716475096
transition 579 0 766 -0.06940395119044007 0.4042145593869732
transition 579 1 949 -0.26756283617795407 0.6778523489932886
transition 579 1 766 -0.38454357302058373 0.3221476510067114
transition 579 2 766 0.5616213784286765 1.0
transition 580 0 67 0.15749450726313086 0.7631578947368421
transition 580 0 298 -0.5679048976150791 0.23684210526315788
transition 580 1 298 -0.8067420253020297 1.0
transition 580 2 452 -0.03178386106882747 0.33248081841432225
transition 580 2 399 0.5038816794619132 0.020034100596760442
transition 580 2 100 0.9291030668933258 0.38192668371696503
transition 580 2 298 0.9270618863006062 0.26555839727195224
transition 581 0 64 0.2552628666584027 1.0
transition 581 1 337 -0.4268158168761542 0.25975292587776333
transition 581 1 502 0.9361316527823276 0.26788036410923277
transition 581 1 64 0.8299206562437575 0.4723667100130039
transition 581 2 348 0.5863426204164026 0.725
transition 581 2 64 0.276069709585137 0.275
transition 582 0 250 0.8604365275799895 1.0
transition 582 1 250 0.6940149134815183 1.0
transition 582 2 855 -0.025078184818364102 0.5928338762214984
transition 582 2 767 -0.3808200256046892 0.1962540716612378
transition 582 2 250 -0.9795212799498616 0.21091205211726385
transition 584 0 37 0.22288997804276756 0.7229524772497472
transition 584 0 116 0.7904055390480684 0.2770475227502528
transition 584 1 833 -0.7585635613544792 0.28730434782608694
transition 584 1 246 0.43071934099012443 0.29634782608695653
transition 584 1 116 0.7382591648201013 0.41634782608695653
transition 584 2 116 0.6969612709039168 1.0
transition 585 0 213 0.6756889817760885 0.27011270890011657
transition 585 0 260 -0.8728614628948148 0.3326855810338127
transition 585 0 337 -0.5476823238473552 0.39720171006607075
transition 585 1 337 -0.8108976583194356 1.0
transition 585 2 885 0.15484703713820402 0.24673818498115396
transition 585 2 711 -0.6148698062014923 0.1171354015656712
transition 585 2 7 -0.925662780387261 0.07973325601623658
transition 585 2 470 -0.7258711396055446 0.11046680197158597
transition 585 2 337 -0.16222586276942708 0.44592635546535225
transition 586 0 393 0.5641473984575094 0.6013157894736842
transition 586 0 678 -0.20870049949800884 0.3986842105263158
transition 586 1 744 0.928393504557607 0.7899603698811096
transition 586 1 678 -0.015115621043071181 0.21003963011889035
transition 586 2 678 0.05540956536723418 1.0
transition 587 0 953 -0.05269291678159749 0.5174246898995866
transition 587 0 360 -0.05674086881581353 0.4825753101004135
transition 587 1 690 -0.7937455160712932 0.017459624618070713
transition 587 1 644 0.9206868125500243 0.027062418158009603
transition 587 1 44 -0.2892606089209233 0.3238760366652117
transition 587 1 349 -0.6011116185294365 0.18856394587516367
transition 587 1 360 0.523195068059471 0.4430379746835443
transition 587 2 360 -0.13410895117667776 1.0
transition 588 0 512 0.7855213057776083 0.0293282876064333
transition 588 0 830 0.5506799614534488 0.4900662251655629
transition 588 0 344 0.8724193371467088 0.4806054872280038
transition 588 1 370 -0.9812240603607296 0.08254653358510926
transition 588 1 693 -0.3999288383445476 0.19881305637982197
transition 588 1 434 0.2863424311172471 0.08551389263555435
transition 588 1 949 -0.8501345788145989 0.22417048826544375
transition 588 1 344 -0.6413581443689997 0.4089560291340707
transition 588 2 218 -0.9850970739232041 0.09660377358490566
transition 588 2 972 -0.45586839902112364 0.21962264150943397
transition 588 2 165 0.9393376039572905 0.33358490566037735
transition 588 2 344 -0.3153845921237495 0.350188679245283
transition 589 0 418 -0.7281336579985749 0.6767955801104972
transition 589 0 696 -0.8538460669560006 0.32320441988950277
transition 589 1 96 0.2689819846547261 0.5453890489913544
transition 589 1 696 -0.720966484204691 0.4546109510086455
transition 589 2 686 -0.33058821631183255 0.5379568884723523
transition 589 2 93 -0.6860736107313368 0.2155576382380506
transition 589 2 696 -0.7965114325489766 0.246485473289597
transition 590 0 638 0.5326763175792031 0.10269671222755818
transition 590 0 74 0.9488437499649605 0.033247137052087185
transition 590 0 135 -0.18481257249484995 0.19468045807166606
transition 590 0 91 0.24008527847446226 0.24085703731067604
transition 590 0 606 -0.4923815257660389 0.42851865533801253
transition 590 1 606 0.29627599033896823 1.0
transition 590 2 606 -0.25334306713843113 1.0
transition 592 0 530 0.7449326681664852 0.5627240143369175
transition 592 0 497 -0.590702532220277 0.43727598566308246
transition 592 1 93 -0.1359511444092063 0.7531446540880503
transition 592 1 497 0.7955380852581455 0.2468553459119497
transition 592 2 876 -0.2394935116038428 0.3130582730752871
transition 592 2 427 -0.2354242466016474 0.23606975754997872
transition 592 2 207 0.5884650956677469 0.14291790727350065
transition 592 2 324 -0.030479045576081276 0.014036580178647383
transition 592 2 497 -0.608401052062612 0.29391748192258615
transition 593 0 175 0.8955806374240496 0.15555555555555556
transition 593 0 223 0.3774740868442592 0.4305555555555556
transition 593 0 848 0.17297639683406052 0.41388888888888886
transition 593 1 23 0.3135051992472757 0.6978723404255319
transition 593 1 848 -0.12731725739897648 0.3021276595744681
transition 593 2 848 0.23637101616325817 1.0
transition 594 0 242 -0.12189136687846047 1.0
transition 594 1 661 0.05528656899151918 0.142359902540898
transition 594 1 478 -0.02106732039631143 0.16289592760180996
transition 594 1 762 0.023550144892681146 0.32788026453184826
transition 594 1 677 0.3363077628974831 0.05255830142707971
transition 594 1 242 0.19874146001046 0.3143056038983641
transition 594 2 242 0.10507106060333382 1.0
transition 595 0 373 -0.1599445226652796 0.23567921440261866
transition 595 0 918 0.8668038195323944 0.18330605564648117
transition 595 0 157 -0.4746327431779258 0.23338788870703764
transition 595 0 49 0.741334331438936 0.3476268412438625
transition 595 1 49 0.34707826311204615 1.0
transition 595 2 860 -0.9589827955747252 0.1973256234188652
transition 595 2 948 -0.009838195499662028 0.05926996747379834
transition 595 2 154 0.16541946217875614 0.12540657752078063
transition 595 2 346 -0.5212354649060043 0.19588001445608963
transition 595 2 49 0.8110933133073261 0.4221178171304662
transition 596 0 525 0.42537363641377524 0.009542520348021331
transition 596 0 814 -0.7683509729250071 0.2669099073814202
transition 596 0 412 -0.05052472295744437 0.21611001964636542
transition 596 0 39 0.10764098214514073 0.15604827392646647
transition 596 0 640 0.36583413043408175 0.3513892786977266
transition 596 1 809 -0.37948673893205864 0.21696252465483234
transition 596 1 984 0.1127572978732041 0.09993425378040763
transition 596 1 962 0.4947786705092918 0.40039447731755423
transition 596 1 640 0.003946759461725957 0.28270874424720577
transition 596 2 628 -0.20999157281770575 0.7031802120141343
transition 596 2 640 0.4130008892272019 0.2968197879858657
transition 597 0 307 -0.6393345649149145 0.8270361041141897
transition 597 0 516 -0.0664923623062057 0.17296389588581024
transition 597 1 516 -0.8213093918792285 1.0
transition 597 2 690 -0.9209430212673662 0.15301062573789848
transition 597 2 862 0.1613069655377366 0.12750885478158205
transition 597 2 626 -0.422741750885959 0.15064935064935064
transition 597 2 933 0.3173589905839387 0.1641086186540732
transition 597 2 516 -0.667499450844417 0.40472255017709563
transition 598 0 159 0.690296902907136 1.0
transition 598 1 929 0.057204714294329495 0.10079413561392792
transition 598 1 923 -0.23852875291381936 0.1356139279169212
transition 598 1 291 -0.7951593840719033 0.23824068417837507
transition 598 1 16 -0.8987379524966481 0.2638973732437385
transition 598 1 159 0.04937928464459862 0.26145387904703726
transition 598 2 561 0.5530706607664013 0.47316538882803943
transition 598 2 819 0.5527837241355831 0.04381161007667032
transition 598 2 159 -0.8530230451269825 0.4830230010952902
transition 599 0 145 -0.2592541682682954 0.18129988597491448
transition 599 0 606 0.5560552644272445 0.1193462561763588
transition 599 0 355 -0.8250730274576492 0.2633979475484607
transition 599 0 723 -0.8695080144323777 0.43595591030026604
transition 599 1 881 -0.47678160995019003 0.030327428878153515
transition 599 1 303 -0.5049747093427976 0.21256038647342995
transition 599 1 652 0.597643473609957 0.11352657004830918
transition 599 1 229 0.7368024574651273 0.2050456253354804
transition 599 1 723 0.16195487276762233 0.43853998926462695
transition 599 2 287 0.6663283536933386 0.17871148459383754
transition 599 2 960 0.9731664302504126 0.18347338935574228
transition 599 2 367 -0.7959051489114961 0.16750700280112044
transition 599 2 723 0.7291387395796272 0.4703081232492997
transition 601 0 914 0.7914428321236027 0.007272727272727273
transition 601 0 913 -0.13109529661212038 0.5745454545454546
transition 601 0 656 -0.8774096075448015 0.41818181818181815
transition 601 1 949 0.2869689816924712 0.4286410131514856
transition 601 1 394 -0.5969311704343361 0.3395031660983926
transition 601 1 442 -0.26306186263068976 0.010228933268387726
transition 601 1 656 -0.2640271902944509 0.22162688748173404
transition 601 2 834 0.12347821657736069 0.3017715332926084
transition 601 2 726 0.6448211033320574 0.23243738546120954
transition 601 2 967 -0.8726849074543135 0.06230910201588271
transition 601 2 372 0.3429579765191759 0.036346976175931585
transition 601 2 656 -0.19966772727072946 0.36713500305436775
transition 602 0 71 -0.8375582813353486 0.24324324324324326
transition 602 0 668 -0.6094620401868724 0.14976152623211447
transition 602 0 876 0.8504344359410554 0.3176470588235294
transition 602 0 747 0.671413842454518 0.2893481717011129
transition 602 1 268 -0.28829260239097 0.5646766169154229
transition 602 1 747 0.8140991528736321 0.43532338308457713
transition 602 2 747 0.27222425058615896 1.0
transition 603 0 984 0.46339941349392344 0.5373443983402489
transition 603 0 983 0.2129548183052714 0.46265560165975106
transition 603 1 193 -0.3322631868237125 0.29537366548042704
transition 603 1 961 0.662870154019318 0.21921708185053382
transition 603 1 627 0.34439787130672617 0.08683274021352314
transition 603 1 983 -0.03254385457162701 0.398576512455516
transition 603 2 171 0.407946584125235 0.7329700272479565
transition 603 2 983 0.11482759934227382 0.2670299727520436
transition 604 0 860 -0.1174568859509415 0.13862588006797766
transition 604 0 842 0.5141200596029525 0.04297159504734159
transition 604 0 217 -0.5919790341235251 0.15999028890507405
transition 604 0 9 0.22350080499677882 0.2425345957756737
transition 604 0 419 -0.7560923840385501 0.415877640203933
transition 604 1 419 -0.7743351673086913 1.0
transition 604 2 157 -0.4425069993665085 0.30366088631984584
transition 604 2 207 -0.8511988251762277 0.24084778420038536
transition 604 2 990 0.4060755202414219 0.10751445086705202
transition 604 2 419 0.1472538114640214 0.34797687861271676
transition 605 0 252 -0.9392384404787191 0.48874061718098416
transition 605 0 192 -0.8418490078099867 0.2994161801501251
transition 605 0 546 0.7714482978325248 0.21184320266889073
transition 605 1 317 -0.6888093304747875 0.09665427509293681
transition 605 1 569 -0.049603966797029164 0.44702602230483274
transition 605 1 546 0.845179219574643 0.4563197026022305
transition 605 2 295 -0.937405012101624 0.16828971393791844
transition 605 2 530 0.28839059080607243 0.09099208764455265
transition 605 2 456 -0.1666374642140147 0.13146682897139378
transition 605 2 513 -0.6581124085721364 0.21941570298234936
transition 605 2 546 -0.5898740123444759 0.38983566646378576
transition 606 0 683 -0.2666659741802988 0.27415416811998605
transition 606 0 530 0.8816749447124534 0.007324729682595047
transition 606 0 672 -0.41900341975771327 0.28496686431810253
transition 606 0 260 -0.21451966695072522 0.43355423787931635
transition 606 1 260 0.1130948727776222 1.0
transition 606 2 440 0.8318422787808752 0.13474355259345117
transition 606 2 921 -0.6448309904153493 0.19878296146044624
transition 606 2 330 -0.3039422507282361 0.18052738336713997
transition 606 2 804 -0.13827873268589008 0.24195885250651986
transition 606 2 260 0.23708769913939443 0.24398725007244276
transition 607 0 254 -0.008260455222159457 0.38349514563106796
transition 607 0 687 -0.6643220833721406 0.25728155339805825
transition 607 0 311 -0.9620244634173198 0.3592233009708738
transition 607 1 395 0.9821408215115734 0.2220620043258832
transition 607 1 610 0.9065116745484851 0.35436193222782986
transition 607 1 311 -0.17691909726875976 0.42357606344628695
transition 607 2 858 -0.024716945114425792 0.5588458618071375
transition 607 2 311 -0.6307058900150755 0.4411541381928626
transition 608 0 571 -0.6615652235723222 0.5492957746478874
transition 608 0 417 -0.9632192355363152 0.4507042253521127
transition 608 1 980 0.0401256508847716 0.13848720800889877
transition 608 1 845 -0.11564868722808685 0.4849833147942158
transition 608 1 417 -0.42616163544059216 0.37652947719688545
transition 608 2 711 0.4704622065476287 0.7935590421139554
transition 608 2 417 0.4639431461282453 0.20644095788604458
transition 610 0 9 -0.2522265703114577 1.0
transition 610 1 199 0.6153374648552252 0.46754563894523327
transition 610 1 542 -0.4851821359539603 0.33772819472616633
transition 610 1 9 0.25149566337259 0.1947261663286004
transition 610 2 792 -0.5123059193020687 0.7071713147410359
transition 610 2 9 -0.9105117829450082 0.29282868525896416
transition 611 0 771 -0.29421955887290974 0.25205930807248766
transition 611 0 920 0.8914409759802546 0.30642504118616143
transition 611 0 692 -0.22779995879219195 0.4415156507413509
transition 611 1 692 -0.8179795296467802 1.0
transition 611 2 250 -0.3243304768185509 0.26685393258426965
transition 611 2 448 0.784049778643837 0.2595505617977528
transition 611 2 692 -0.35771791700591926 0.47359550561797753
transition 612 0 121 -0.9957083929130002 0.23070573669005365
transition 612 0 165 -0.7144353832727903 0.24473792818819645
transition 612 0 357 0.0362026231637238 0.11927362773421378
transition 612 0 317 0.09396044239546697 0.40528270738753613
transition 612 1 743 -0.682073964184071 0.39789196310935443
transition 612 1 740 0.40840158616266997 0.24022837066315328
transition 612 1 317 -0.7323277663753938 0.3618796662274923
transition 612 2 302 0.6527607496674952 0.22745098039215686
transition 612 2 401 0.5340411593384247 0.22549019607843138
transition 612 2 231 0.4086695517287875 0.1996732026143791
transition 612 2 134 0.15507064688302186 0.08856209150326798
transition 612 2 317 -0.04174554300701172 0.25882352941176473
transition 613 0 691 -0.15543812806836965 0.3536472760849492
transition 613 0 888 -0.016514697204462747 0.0752539242843952
transition 613 0 493 -0.3771421916390043 0.24422899353647276
transition 613 0 500 -0.7316589478707669 0.3268698060941828
transition 613 1 215 0.5646458666697127 0.8107098381070984
transition 613 1 500 0.6811608658055262 0.18929016189290163
transition 613 2 500 0.5629814744146868 1.0
transition 614 0 666 -0.682313603839795 1.0
transition 614 1 606 0.8760499842943996 0.19398340248962656
transition 614 1 428 0.7739025896713057 0.011410788381742738
transition 614 1 898 0.12608357973797069 0.4974066390041494
transition 614 1 666 -0.15088100284601413 0.2971991701244813
transition 614 2 243 0.5416557273490721 0.19959058341862845
transition 614 2 617 -0.1275656093789892 0.09825997952917093
transition 614 2 66 0.6287593758218093 0.09825997952917093
transition 614 2 384 0.22394693723166026 0.38024564994882293
transition 614 2 666 0.9750747246635794 0.22364380757420677
transition 615 0 691 -0.4638899947967954 1.0
transition 615 1 481 -0.783467897783382 0.2686414708886619
transition 615 1 590 0.15132056895644652 0.22948586993530815
transition 615 1 4 0.1736481349440573 0.10793326523663602
transition 615 1 691 -0.48772983200180553 0.3939393939393939
transition 615 2 921 -0.7292974505739065 0.346218487394958
transition 615 2 846 -0.33794293844061296 0.32100840336134456
transition 615 2 691 0.3477762436833203 0.33277310924369746
transition 616 0 591 -0.10731552279418 0.20042149631190728
transition 616 0 377 -0.21751890207037428 0.16375131717597471
transition 616 0 163 -0.8516916488295823 0.0750263435194942
transition 616 0 338 -0.6220894773234136 0.136986301369863
transition 616 0 517 -0.14671917555884617 0.4238145416227608
transition 616 1 846 0.3624152045663338 0.755
transition 616 1 517 0.8760747929266168 0.245
transition 616 2 855 0.31763080817334655 0.3676202069385271
transition 616 2 753 -0.7106145166067923 0.3603164942178941
transition 616 2 517 0.5571296024477923 0.2720632988435788
transition 617 0 53 -0.7960565875493868 0.24443106562311862
transition 617 0 953 -0.8992473321089889 0.19114990969295606
transition 617 0 81 0.38551987536602117 0.1321493076459964
transition 617 0 194 -0.09911750033742095 0.0526791089704997
transition 617 0 601 0.8365455056145163 0.3795906080674293
transition 617 1 265 0.11196838300506928 0.05704225352112676
transition 617 1 315 0.8068192760744168 0.5140845070422535
transition 617 1 601 -0.6277800469583505 0.4288732394366197
transition 617 2 992 0.18707742158400964 0.4178794178794179
transition 617 2 10 -0.9971788230427512 0.2905405405405405
transition 617 2 601 0.5733961829262784 0.2915800415800416
transition 618 0 897 0.7930494579412672 0.13549752999294284
transition 618 0 26 -0.3116850399195201 0.6055045871559633
transition 618 0 234 -0.953889210300318 0.2589978828510939
transition 618 1 89 0.8878175922508869 0.587515299877601
transition 618 1 234 -0.8755800159478859 0.412484700122399
transition 618 2 234 -0.5248107354592688 1.0
transition 619 0 879 -0.8033719477684613 1.0
transition 619 1 585 -0.25121667002534265 0.16437486778083352
transition 619 1 369 -0.8005567876977424 0.13454622382060505
transition 619 1 60 -0.22736049213628662 0.13539242648614344
transition 619 1 914 0.3019151412161907 0.1954728157393696
transition 619 1 879 0.7903949980379021 0.37021366617304846
transition 619 2 298 0.1331434283524624 0.42073897497020263
transition 619 2 159 -0.12050358516860671 0.18891537544696066
transition 619 2 879 0.14086892026559994 0.3903456495828367
transition 621 0 927 0.11554674720799607 1.0
transition 621 1 221 0.6219637629129562 0.7429022082018928
transition 621 1 927 -0.23677454930562236 0.25709779179810727
transition 621 2 136 -0.6120808905970081 0.053172360647315696
transition 621 2 903 0.18104490654263095 0.125610069355253
transition 621 2 755 0.1360149068810943 0.23092730541998457
transition 621 2 848 0.4564919956291116 0.2021577189827896
transition 621 2 927 0.4536729692624242 0.3881325455946571
transition 622 0 396 -0.26685508174887174 0.02885682574916759
transition 622 0 387 0.010580575625204203 0.5527192008879024
transition 622 0 830 -0.16829147634486796 0.19200887902330743
transition 622 0 87 0.3839047901991606 0.22641509433962265
transition 622 1 613 -0.05857233927004524 0.21311100959342166
transition 622 1 262 -0.6787204335200006 0.16857012334399268
transition 622 1 674 0.22493352059955507 0.19963453631795341
transition 622 1 281 0.506580920187707 0.0006852444038373687
transition 622 1 87 0.2515646462344385 0.41799908634079486
transition 622 2 825 -0.16652344555208298 0.6449864498644986
transition 622 2 87 0.7888671380996128 0.35501355013550134
transition 623 0 538 -0.8101134609846612 0.3336405529953917
transition 623 0 3 -0.4002025910330589 0.1695852534562212
transition 623 0 939 -0.48114122181930874 0.4967741935483871
transition 623 1 767 0.3808691222732654 0.5514018691588785
transition 623 1 911 -0.38801366085061795 0.15342679127725856
transition 623 1 939 -0.06826911479993858 0.29517133956386293
transition 623 2 1 -0.3012384401404178 0.2515163768701981
transition 623 2 597 -0.5025624665092523 0.25960372017792155
transition 623 2 939 0.7377875867642425 0.48887990295188033
transition 624 0 396 0.7668197445593603 0.41601255886970173
transition 624 0 160 0.34311231417374666 0.17346938775510204
transition 624 0 631 0.9838327061801242 0.023547880690737835
transition 624 0 456 -0.18792064345066595 0.3869701726844584
transition 624 1 498 -0.5799238629613193 0.5052770448548812
transition 624 1 456 0.6928489798776449 0.4947229551451187
transition 624 2 376 -0.28343771626204806 0.5967302452316077
transition 624 2 456 0.5600731963195567 0.4032697547683924
transition 625 0 34 0.0872678132236493 0.08158508158508158
transition 625 0 415 0.951134346316644 0.0707070707070707
transition 625 0 3 0.5962258598829104 0.6293706293706294
transition 625 0 52 -0.49008441420530713 0.21833721833721834
transition 625 1 52 -0.04543165195503085 1.0
transition 625 2 751 0.17591888130376465 0.08795411089866156
transition 625 2 506 0.36702945501249484 0.4321223709369025
transition 625 2 52 -0.6903566873588947 0.47992351816443596
transition 626 0 319 0.8342019907752438 1.0
transition 626 1 319 0.4061522100639843 1.0
transition 626 2 383 -0.42247493861078866 0.8292682926829268
transition 626 2 319 0.6724431651373743 0.17073170731707318
transition 628 0 828 -0.30421569708410634 1.0
transition 628 1 758 0.4653593795110129 0.25289706884798907
transition 628 1 398 0.38398345270597645 0.2065439672801636
transition 628 1 432 0.5585491749004459 0.012269938650306749
transition 628 1 114 -0.990360635363293 0.21506475800954328
transition 628 1 828 0.37298965697269715 0.31322426721199725
transition 628 2 751 0.30854559771677903 0.08644222020018198
transition 628 2 266 -0.031090769248065753 0.2329390354868062
transition 628 2 631 0.7378394337326819 0.13497118592659993
transition 628 2 249 -0.7217208766158385 0.19654231119199272
transition 628 2 828 -0.2575418399566871 0.34910524719441915
transition 629 0 310 -0.9737655023080567 1.0
transition 629 1 356 -0.7292504337555952 0.5426653883029722
transition 629 1 321 0.24342590674840814 0.15627996164908917
transition 629 1 310 -0.7526104481426552 0.30105465004793863
transition 629 2 310 -0.17159454944332797 1.0
transition 630 0 143 -0.8800215328910856 0.1792778649921507
transition 630 0 471 0.3507386119375837 0.0018838304552590266
transition 630 0 190 0.6768923643592646 0.22668759811616954
transition 630 0 671 -0.433428289709455 0.19748822605965463
transition 630 0 332 0.8197757070944773 0.3946624803767661
transition 630 1 332 -0.7930858489242261 1.0
transition 630 2 181 0.31650847704154317 0.12865947611710324
transition 630 2 350 -0.43362966538976155 0.06086286594761171
transition 630 2 340 0.5841308734281656 0.12788906009244994
transition 630 2 264 -0.45847319955567856 0.19619928094504366
transition 630 2 332 -0.8966941974697369 0.48638931689779147
transition 631 0 891 0.42282589914024693 0.43448637316561844
transition 631 0 418 -0.33085530784549455 0.15566037735849056
transition 631 0 224 0.6509969551109933 0.40985324947589097
transition 631 1 815 -0.07924111417531687 0.241398143091207
transition 631 1 195 -0.797881135933421 0.13599126160567995
transition 631 1 895 -0.0560130040644955 0.1712179137083561
transition 631 1 497 -0.08192920251118618 0.2042599672310213
transition 631 1 224 -0.5701833910464646 0.24713271436373566
transition 631 2 582 -0.4577906534222125 0.3935018050541516
transition 631 2 278 -0.26040780816579656 0.29061371841155237
transition 631 2 224 0.15104282197918573 0.315884476534296
transition 632 0 576 0.7275089466770563 0.11182401466544455
transition 632 0 474 -0.1955738237607747 0.18881759853345553
transition 632 0 774 -0.14598210010129664 0.2780323861900397
transition 632 0 730 0.2633422258699267 0.4213260006110602
transition 632 1 247 -0.18993108299531536 0.6899696048632219
transition 632 1 730 -0.5417263254440081 0.3100303951367781
transition 632 2 480 0.8286784336268458 0.0843644544431946
transition 632 2 763 -0.40942688362400315 0.4611923509561305
transition 632 2 730 0.10160755600655547 0.4544431946006749
transition 633 0 853 0.13463027465774613 0.1712528326319197
transition 633 0 367 0.27220908222153617 0.2003884752347038
transition 633 0 476 0.73907591882748 0.11039171252832632
transition 633 0 266 -0.822929577113853 0.2188410488831337
transition 633 0 814 0.9365801659647097 0.29912593072191646
transition 633 1 973 -0.04901605434377743 0.3942446043165468
transition 633 1 482 -0.06414922167206427 0.12661870503597122
transition 633 1 814 0.9509541119199292 0.479136690647482
transition 633 2 540 0.40725769773950904 0.128
transition 633 2 962 -0.8041855457938027 0.15028571428571427
transition 633 2 480 0.17328367121787136 0.18428571428571427
transition 633 2 449 0.0012100104696970426 0.132
transition 633 2 814 -0.6378219343907239 0.4054285714285714
transition 634 0 660 0.5174008464835695 0.18557168784029038
transition 634 0 915 -0.050447876705303374 0.003176043557168784
transition 634 0 497 -0.9642942615447181 0.3548094373865699
transition 634 0 470 -0.7529803083121118 0.1306715063520871
transition 634 0 46 -0.5446316384190644 0.3257713248638838
transition 634 1 287 -0.1647114393907254 0.4249525015832806
transition 634 1 558 0.31858560764046184 0.2723242558581381
transition 634 1 46 -0.0546739697388996 0.3027232425585814
transition 634 2 46 0.3941053724154069 1.0
transition 635 0 642 -0.5162097193501847 1.0
transition 635 1 225 0.3491122280558778 0.5963525835866261
transition 635 1 642 0.19679335388293184 0.40364741641337387
transition 635 2 332 0.7523432324505366 0.5741758241758241
transition 635 2 642 0.8127352832347488 0.4258241758241758
transition 636 0 476 -0.3606537728900743 0.7897371714643304
transition 636 0 617 -0.28159627683874655 0.21026282853566958
transition 636 1 449 0.010798078398824185 0.20742753623188406
transition 636 1 444 0.3070153531944919 0.1872735507246377
transition 636 1 46 -0.45352566606554046 0.05457427536231884
transition 636 1 570 -0.9551271348547645 0.18568840579710144
transition 636 1 617 0.974637636219017 0.365036231884058
transition 636 2 852 -0.8345051353238833 0.6470588235294118
transition 636 2 617 0.955451510626421 0.35294117647058826
transition 637 0 162 -0.808665050255365 0.10719206392945715
transition 637 0 790 0.7139005678904533 0.18269495728850924
transition 637 0 860 -0.15009527139542778 0.1551391567925048
transition 637 0 615 0.25715226212471376 0.18765500137779004
transition 637 0 173 -0.5953236714608752 0.36731882061173876
transition 637 1 173 -0.5730077073018953 1.0
transition 637 2 563 -0.3309809453111605 0.04556166535742341
transition 637 2 759 -0.2804138785205219 0.43283582089552236
transition 637 2 385 -0.8576915720667415 0.2631578947368421
transition 637 2 173 -0.3397792752664892 0.2584446190102121
transition 638 0 149 -0.30575634192394885 0.11212419911286348
transition 638 0 207 -0.6458761532756006 0.2456875308033514
transition 638 0 73 0.9453514120148807 0.1838344011828487
transition 638 0 866 -0.9463151825297378 0.05593888615081321
transition 638 0 494 0.13277058431115307 0.4024149827501232
transition 638 1 964 -0.9854663412247437 0.66
transition 638 1 494 -0.2355086012418366 0.34
transition 638 2 131 -0.6331439976039672 0.2257529704338215
transition 638 2 10 -0.9801048782164281 0.14313346228239845
transition 638 2 663 0.5367611973371493 0.00027631942525559546
transition 638 2 164 0.7657545078697565 0.20806852721746338
transition 638 2 494 -0.5456476912254651 0.4227687206410611
transition 639 0 65 0.6629661905546398 0.04881974248927039
transition 639 0 812 -0.014480504008973494 0.3878755364806867
transition 639 0 206 0.061382358419530325 0.014484978540772532
transition 639 0 530 -0.49394425167787825 0.06598712446351931
transition 639 0 561 -0.5571933893892769 0.48283261802575106
transition 639 1 561 -0.17184498436370998 1.0
transition 639 2 561 -0.09069229316442207 1.0
transition 640 0 107 0.7351167619739025 0.2592137592137592
transition 640 0 548 -0.17258774462391102 0.060196560196560195
transition 640 0 928 -0.46917807964644176 0.28132678132678135
transition 640 0 684 0.5372904522784048 0.39926289926289926
transition 640 1 476 -0.9179110921551079 0.07178526841448189
transition 640 1 905 -0.17267989816662932 0.2965043695380774
transition 640 1 759 0.4049798601608814 0.21722846441947566
transition 640 1 684 0.9057940857110114 0.41448189762796506
transition 640 2 396 -0.49310465586465146 0.1549601737871108
transition 640 2 789 -0.39448115902919323 0.5358435916002896
transition 640 2 684 0.47162295071721094 0.30919623461259954
transition 641 0 342 0.16369589823817776 1.0
transition 641 1 160 -0.9768072785282498 0.1953971119133574
transition 641 1 94 -0.8505551791827792 0.4296028880866426
transition 641 1 342 0.5670135010146511 0.375
transition 641 2 373 -0.3720393546817 0.1
transition 641 2 535 -0.2956457867684026 0.2961206896551724
transition 641 2 886 0.8020277952936987 0.2267241379310345
transition 641 2 342 -0.5662639713405175 0.3771551724137931
transition 642 0 309 -0.0025168584551196194 1.0
transition 642 1 742 -0.8526814418752433 0.19957234497505347
transition 642 1 391 -0.4514885006464595 0.3136136849607983
transition 642 1 309 0.5884992827655475 0.4868139700641482
transition 642 2 71 0.22619697512094517 0.08531898539584935
transition 642 2 352 0.04162951052810682 0.281706379707917
transition 642 2 783 -0.4406544527630869 0.17102229054573406
transition 642 2 309 -0.9796209146755417 0.4619523443504996
transition 643 0 603 -0.670679911792188 0.10971223021582734
transition 643 0 410 0.6394911853255043 0.6870503597122302
transition 643 0 47 -0.5385583364018425 0.20323741007194246
transition 643 1 883 0.1093054642071063 0.010842779694430755
transition 643 1 84 -0.06618480452253195 0.11680630852636767
transition 643 1 716 -0.4799085291964327 0.3380975850172499
transition 643 1 122 0.5550922258612807 0.11187777230162642
transition 643 1 47 -0.17108000958754999 0.42237555446032526
transition 643 2 55 -0.17139671943877888 0.14390896921017404
transition 643 2 457 0.4677601603042649 0.5756358768406962
transition 643 2 47 -0.6840437936235246 0.28045515394912984
transition 644 0 913 0.41947855645952004 0.18271767810026385
transition 644 0 308 0.9217882879406847 0.1817282321899736
transition 644 0 570 0.13702095522231716 0.23944591029023746
transition 644 0 994 -0.7868906771930502 0.3961081794195251
transition 644 1 629 0.9935861414543463 0.799163179916318
transition 644 1 994 -0.2214912571967047 0.200836820083682
transition 644 2 674 0.7070609602488629 0.7601476014760148
transition 644 2 994 -0.6855869195113384 0.23985239852398524
transition 645 0 743 -0.29619019602741004 0.3786780383795309
transition 645 0 391 0.055386610068178355 0.006823027718550106
transition 645 0 277 0.5987094389391459 0.37697228144989336
transition 645 0 763 -0.33773076093440957 0.2375266524520256
transition 645 1 400 0.2833489255648447 0.25232198142414863
transition 645 1 127 0.08953855066790961 0.3684210526315789
transition 645 1 763 -0.781867785755668 0.37925696594427244
transition 645 2 763 -0.45527828174505713 1.0
transition 646 0 679 0.2885467757274258 1.0
transition 646 1 651 0.7201292971537592 0.7147147147147147
transition 646 1 679 0.8505874436122387 0.2852852852852853
transition 646 2 943 0.3540236879217298 0.02392578125
transition 646 2 527 -0.8002802510660876 0.165771484375
transition 646 2 413 0.9121332836085743 0.224853515625
transition 646 2 917 -0.2282264364931441 0.186767578125
transition 646 2 679 -0.47589719239605155 0.398681640625
transition 647 0 971 -0.8282791848484321 1.0
transition 647 1 855 0.681476374591957 0.5841968911917098
transition 647 1 971 -0.12822214643782703 0.41580310880829013
transition 647 2 536 -0.901865870935967 0.6231117824773413
transition 647 2 971 0.09251921491210102 0.3768882175226586
transition 648 0 109 0.37290118024465846 1.0
transition 648 1 627 -0.4334154144137916 0.6014492753623188
transition 648 1 109 0.11561604446399643 0.39855072463768115
transition 648 2 557 -0.7213681201747228 0.19524651345511687
transition 648 2 316 -0.579611901468474 0.14633667255941857
transition 648 2 242 0.6947262742206095 0.12610489098408956
transition 648 2 635 0.7019732858543235 0.19347868788057357
transition 648 2 109 0.3628245255714375 0.33883323512080143
transition 649 0 657 0.3666410745631332 0.14235055724417425
transition 649 0 822 0.29858743184132575 0.2246707193515704
transition 649 0 607 0.5147195704813401 0.14184397163120568
transition 649 0 776 -0.6237729284888611 0.06585612968591692
transition 649 0 993 0.7567465938932236 0.42527862208713274
transition 649 1 432 0.7357368741717234 0.24612355402412012
transition 649 1 248 -0.34705729986143696 0.05833128230371647
transition 649 1 701 0.029069729703975034 0.20379030273197146
transition 649 1 993 -0.036048681895642476 0.491754860940192
transition 649 2 22 0.07146839176907349 0.10122699386503067
transition 649 2 953 0.8282221275883599 0.2443762781186094
transition 649 2 694 0.29901397667962826 0.037321063394683024
transition 649 2 183 -0.11377293227321528 0.217280163599182
transition 649 2 993 0.6323669680321189 0.3997955010224949
transition 650 0 189 -0.042295927606700756 0.23702252693437806
transition 650 0 815 0.3052804532683162 0.14887365328109697
transition 650 0 156 -0.1116197588265333 0.21155729676787463
transition 650 0 8 -0.2787266989033028 0.40254652301665034
transition 650 1 559 -0.6947170744881701 0.5280898876404494
transition 650 1 8 0.8781345741910027 0.47191011235955055
transition 650 2 844 -0.9758934918383595 0.2600773053561568
transition 650 2 503 0.11345551638884865 0.20734400883489784
transition 650 2 118 0.7174127422014165 0.23716178906681393
transition 650 2 8 -0.5196380073888556 0.2954168967421314
transition 651 0 214 -0.03722503496399865 1.0
transition 651 1 386 -0.05822372914241747 0.7578947368421053
transition 651 1 214 0.924618499508854 0.24210526315789474
transition 651 2 262 0.712606915594943 0.2695035460992908
transition 651 2 513 0.8486483259316708 0.25177304964539005
transition 651 2 214 0.7412355265204753 0.4787234042553192
transition 652 0 741 -0.9019281281084628 0.5197963800904978
transition 652 0 7 0.3995896242123711 0.18269230769230768
transition 652 0 622 -0.5381085780386183 0.013009049773755657
transition 652 0 714 -0.392709995673993 0.2845022624434389
transition 652 1 513 0.43330681193340803 0.21046739434648754
transition 652 1 505 0.23126846669634427 0.2135460397425133
transition 652 1 277 -0.5747709184199987 0.15869017632241814
transition 652 1 62 -0.0032610463783853127 0.017632241813602016
transition 652 1 714 -0.24150931250137497 0.399664147774979
transition 652 2 547 -0.7893671698209819 0.2180131426362582
transition 652 2 5 0.737150230539571 0.31465017394665634
transition 652 2 230 -0.8233739693717042 0.14959412446849632
transition 652 2 714 0.18990040052508417 0.3177425589485891
transition 653 0 653 -0.8571881931034673 0.16842610364683303
transition 653 0 745 -0.9722054116339842 0.15738963531669867
transition 653 0 588 -0.22919227053751 0.11324376199616124
transition 653 0 66 0.4087282008012172 0.30470249520153553
transition 653 0 724 0.015404559571029042 0.2562380038387716
transition 653 1 645 0.932888045786691 0.08999419392297271
transition 653 1 281 0.3345955256062938 0.13663634604219083
transition 653 1 272 0.21376132377473311 0.10315463518482679
transition 653 1 340 -0.0939575810673936 0.17650474162957228
transition 653 1 724 0.10749822560153732 0.4937100832204374
transition 653 2 488 -0.8058354808626373 0.005979073243647235
transition 653 2 233 -0.2831073512251123 0.21136023916292976
transition 653 2 393 0.35887730393829953 0.2801195814648729
transition 653 2 208 -0.48995870489524807 0.04693572496263079
transition 653 2 724 0.9105361103109726 0.4556053811659193
transition 655 0 343 -0.07989784096560348 1.0
transition 655 1 343 -0.33894631785788354 1.0
transition 655 2 918 -0.04457085154640095 0.09468562874251497
transition 655 2 775 -0.22719321098134304 0.07148203592814371
transition 655 2 320 0.38043547114326315 0.037050898203592815
transition 655 2 74 -0.6919728605281183 0.3502994011976048
transition 655 2 343 -0.6717159966407475 0.44648203592814373
transition 656 0 493 0.5929203519400801 0.20201557489693084
transition 656 0 11 0.34217270055009363 0.2354557947778287
transition 656 0 565 0.10876808709612718 0.012368300503893724
transition 656 0 785 -0.0006694439917120931 0.10581768208886853
transition 656 0 894 -0.8464454467663207 0.4443426477324782
transition 656 1 860 -0.7883724193408848 0.4990125082290981
transition 656 1 26 0.7876671642810524 0.3074391046741277
transition 656 1 894 -0.0193674410408744 0.1935483870967742
transition 656 2 110 -0.527739962618549 0.005679666792881484
transition 656 2 810 -0.6595717582644891 0.10109806891329041
transition 656 2 123 -0.3203419034615549 0.3778871639530481
transition 656 2 903 0.7283583722411544 0.2752745172283226
transition 656 2 894 -0.8737362594489442 0.2400605831124574
transition 657 0 929 -0.35646344847966804 0.6190476190476191
transition 657 0 443 -0.4856215947273794 0.38095238095238093
transition 657 1 388 0.24979207455519115 0.5246753246753246
transition 657 1 443 -0.16724477110021785 0.4753246753246753
transition 657 2 443 0.009365271644410367 1.0
transition 658 0 697 -0.694027842837877 0.26012113484220595
transition 658 0 723 -0.6109549461481818 0.2671342046541281
transition 658 0 921 -0.7120402453296606 0.4727446605036659
transition 658 1 921 0.5535551553840514 1.0
transition 658 2 594 -0.24096189092249753 0.7558139534883721
transition 658 2 921 0.16208658325443404 0.2441860465116279
transition 659 0 468 -0.5925273548740912 0.11590688651794374
transition 659 0 884 -0.24258629000676057 0.3472356935014549
transition 659 0 248 0.11236161667511912 0.12027158098933075
transition 659 0 386 0.46537073568998344 0.2289039767216295
transition 659 0 165 0.7915955735449169 0.18768186226964112
transition 659 1 165 -0.35555035659641776 1.0
transition 659 2 582 -0.5390211371184737 0.43937575030012005
transition 659 2 541 -0.5203232032354113 0.2773109243697479
transition 659 2 300 -0.9397000332554186 0.10084033613445378
transition 659 2 165 -0.5579402477838384 0.18247298919567828
transition 660 0 136 -0.6703149999428606 0.15434985968194576
transition 660 0 718 -0.5766779790523833 0.4892422825070159
transition 660 0 674 -0.2574074192609621 0.35640785781103834
transition 660 1 214 0.7800394226612593 0.11554541999239833
transition 660 1 751 0.19070091924934252 0.18833143291524135
transition 660 1 850 0.9939424989040566 0.06784492588369441
transition 660 1 717 -0.6307234179213301 0.15279361459521096
transition 660 1 674 0.7584560003941265 0.475484606613455
transition 660 2 674 -0.5782742675564707 1.0
transition 662 0 20 0.3703134607702814 1.0
transition 662 1 501 0.05262636322961667 0.3392783077561178
transition 662 1 492 -0.8392753506835138 0.3525508087930319
transition 662 1 20 0.7139281850316102 0.30817088345085025
transition 662 2 20 0.792138283850802 1.0
transition 663 0 390 -0.6072616254259886 0.21579961464354527
transition 663 0 887 0.614061675329141 0.18689788053949905
transition 663 0 264 0.16253166319101497 0.23545279383429674
transition 663 0 658 0.463120179401431 0.36184971098265895
transition 663 1 307 -0.21259620854308547 0.5878070973612375
transition 663 1 658 0.8510853821111544 0.4121929026387625
transition 663 2 95 -0.09891867345410565 0.15309318715740017
transition 663 2 902 -0.3955897917588669 0.39154267815191857
transition 663 2 795 0.38064461583422937 0.14447924823805794
transition 663 2 594 -0.3447943067805792 0.06891151135473766
transition 663 2 658 -0.6046656166692255 0.24197337509788566
transition 664 0 543 -0.43461830632875587 0.007647058823529412
transition 664 0 512 -0.6348408665021008 0.19470588235294117
transition 664 0 960 -0.872314432107361 0.24323529411764705
transition 664 0 561 0.12791199084183713 0.26294117647058823
transition 664 0 209 0.6128061251631258 0.2914705882352941
transition 664 1 862 0.6376438796787862 0.5990491283676703
transition 664 1 209 0.6915876779454551 0.4009508716323296
transition 664 2 209 -0.8236279943238842 1.0
transition 665 0 796 -0.9442996332009135 0.16200148625216745
transition 665 0 788 -0.8811607475271295 0.1761208818429527
transition 665 0 94 -0.1475436565346917 0.22714887292543967
transition 665 0 850 0.959685097441954 0.4347287589794402
transition 665 1 814 -0.21593541420532292 0.09584755403868032
transition 665 1 91 0.7890509931840683 0.1348122866894198
transition 665 1 473 -0.9818475042166996 0.03924914675767918
transition 665 1 337 0.3319164426415038 0.2369169510807736
transition 665 1 850 0.14750258750804912 0.4931740614334471
transition 665 2 902 -0.4889881999928849 0.24404040404040403
transition 665 2 177 0.15235925104558667 0.21252525252525253
transition 665 2 407 -0.050525391435558564 0.13535353535353536
transition 665 2 717 0.3657945217248608 0.12282828282828283
transition 665 2 850 -0.7121224546547433 0.28525252525252526
transition 666 0 426 0.8484923979237096 0.14893617021276595
transition 666 0 929 0.3511406349634205 0.1769825918762089
transition 666 0 250 -0.9565794357001938 0.30125725338491294
transition 666 0 283 -0.3845631376748817 0.3728239845261122
transition 666 1 686 -0.8295408675234845 0.5228182546036829
transition 666 1 283 0.6199378271409743 0.4771817453963171
transition 666 2 926 0.7626161656875101 0.322316986496091
transition 666 2 459 0.6373588409384496 0.13361762615493958
transition 666 2 412 0.7540388676825387 0.212864250177683
transition 666 2 283 0.6296983361895094 0.3312011371712864
transition 667 0 858 0.5058310154830665 0.3089700996677741
transition 667 0 621 -0.37965788344153584 0.28460686600221485
transition 667 0 299 0.24843968063280375 0.4064230343300111
transition 667 1 299 -0.08186011708102403 1.0
transition 667 2 886 -0.06840110703647273 0.6647196261682243
transition 667 2 808 0.4053905044752293 0.035046728971962614
transition 667 2 299 0.9880764038745495 0.3002336448598131
transition 668 0 590 -0.8037030758806984 1.0
transition 668 1 714 -0.10197729468982386 0.06358199559332704
transition 668 1 605 -0.6716597141645069 0.07239534151715454
transition 668 1 944 -0.8228284801740626 0.2700661000944287
transition 668 1 996 -0.1399452127224814 0.21372363865281713
transition 668 1 590 -0.25600239752717013 0.3802329241422726
transition 668 2 885 0.8923393150613927 0.8320493066255779
transition 668 2 590 0.903134649193613 0.1679506933744222
transition 669 0 951 -0.7797576495443608 0.07591876208897486
transition 669 0 253 0.9193852939856944 0.18085106382978725
transition 669 0 543 -0.3752625560902716 0.3704061895551257
transition 669 0 842 -0.34095473134991217 0.3728239845261122
transition 669 1 198 -0.06596283791579083 0.22933643771827705
transition 669 1 717 -0.29081782983422766 0.5692665890570431
transition 669 1 842 -0.13201714409186782 0.20139697322467986
transition 669 2 41 -0.26646473282828853 0.2830188679245283
transition 669 2 665 -0.022634345187029004 0.2703259005145798
transition 669 2 583 0.8276947930685117 0.0476843910806175
transition 669 2 842 0.2663967548358128 0.3989708404802744
transition 670 0 750 -0.8708717935581396 0.12871287128712872
transition 670 0 807 -0.5451107132031081 0.5023449713392392
transition 670 0 282 -0.21198320383021074 0.3689421573736321
transition 670 1 685 0.28679723256333034 0.6533018867924528
transition 670 1 282 0.5729482881316985 0.3466981132075472
transition 670 2 282 -0.4986650750885466 1.0
transition 671 0 351 -0.6196124740228734 0.1492102065613609
transition 671 0 942 0.6673195995838399 0.06755771567436208
transition 671 0 492 -0.3280912322848104 0.1528554070473876
transition 671 0 767 -0.9827275938717954 0.16111786148238152
transition 671 0 598 0.9162418269486485 0.4692588092345079
transition 671 1 524 -0.583351406808176 0.14516129032258066
transition 671 1 789 -0.9186084698601216 0.1395019807583475
transition 671 1 577 0.48162426422285143 0.06734578381437464
transition 671 1 837 0.5528852115788543 0.23061686474250143
transition 671 1 598 -0.7622841172350983 0.4173740803621958
transition 671 2 974 -0.04536000864694767 0.6785714285714286
transition 671 2 598 0.6766648672972493 0.32142857142857145
transition 672 0 863 -0.9811393832702837 1.0
transition 672 1 943 0.24730693242559565 0.684304932735426
transition 672 1 863 -0.4240683680241977 0.31569506726457397
transition 672 2 105 -0.6129508613909307 0.4966789667896679
transition 672 2 709 -0.649274151727179 0.26199261992619927
transition 672 2 863 -0.45272545034176526 0.24132841328413285
transition 673 0 546 -0.7904314378517556 0.16965255157437567
transition 673 0 268 0.4942989217576914 0.04017372421281216
transition 673 0 135 -0.6860601729979299 0.26194353963083605
transition 673 0 721 -0.9841649975909526 0.18322475570032573
transition 673 0 262 -0.5343215750825934 0.34500542888165037
transition 673 1 187 0.9849765668482169 0.6666666666666666
transition 673 1 959 -0.2965929540548584 0.1191588785046729
transition 673 1 262 -0.6213753496212404 0.21417445482866043
transition 673 2 88 0.1398353416919207 0.12452830188679245
transition 673 2 220 0.4201475993218915 0.40125786163522015
transition 673 2 156 -0.7991690074104458 0.18071278825995807
transition 673 2 262 0.16305278710428395 0.29350104821802936
transition 674 0 388 -0.7211213460655042 0.2686131386861314
transition 674 0 946 -0.7283514101286801 0.022627737226277374
transition 674 0 176 -0.5613016510305078 0.335036496350365
transition 674 0 995 0.7356288432611311 0.020437956204379562
transition 674 0 539 0.36667554341763564 0.3532846715328467
transition 674 1 301 -0.055714388292424255 0.693437806072478
transition 674 1 539 0.6334981154060015 0.30656219392752204
transition 674 2 82 -0.30166221207119825 0.16271909047844624
transition 674 2 772 -0.7685492144491035 0.10824253908100426
transition 674 2 643 -0.6878232191206661 0.06797726196115585
transition 674 2 651 0.7102938765296165 0.18237801989578398
transition 674 2 539 -0.11192099552459811 0.47868308858360964
transition 675 0 894 0.7266606785732828 0.030625
transition 675 0 690 0.09439959571419165 0.02
transition 675 0 355 0.043269361383069915 0.269375
transition 675 0 716 0.1879005326032892 0.1825
transition 675 0 820 -0.7734794281678525 0.4975
transition 675 1 702 -0.5831957760096171 0.7109826589595376
transition 675 1 820 -0.6760180959142983 0.28901734104046245
transition 675 2 558 0.6979515901810203 0.7433962264150943
transition 675 2 820 -0.13473277069453227 0.25660377358490566
transition 676 0 874 0.3347526634816784 0.424188790560472
transition 676 0 793 -0.4693846854657333 0.15634218289085547
transition 676 0 97 -0.7509751636695194 0.4194690265486726
transition 676 1 660 0.878441197473095 0.6455696202531646
transition 676 1 97 -0.4843823091047956 0.35443037974683544
transition 676 2 96 0.0889046795842352 0.040258260539308775
transition 676 2 658 -0.931468275484272 0.2723129510064565
transition 676 2 471 -0.7607055340624993 0.2176224838587163
transition 676 2 97 -0.22973549940400906 0.4698063045955184
transition 677 0 909 -0.005472280339803293 0.5891393442622951
transition 677 0 652 0.06825728476472714 0.4108606557377049
transition 677 1 652 -0.8876420069264586 1.0
transition 677 2 528 0.007328676477243112 0.187982230535422
transition 677 2 468 -0.0005721207048468013 0.14706570025718962
transition 677 2 449 -0.11274368358189601 0.1844750993687164
transition 677 2 652 0.552771109774115 0.48047696983867194
transition 678 0 981 -0.5081267875318174 0.4177997527812114
transition 678 0 898 0.4972724968200666 0.12360939431396786
transition 678 0 738 0.7972846472967701 0.45859085290482077
transition 678 1 881 -0.8631299625617519 0.02340702210663199
transition 678 1 725 -0.3097848437942401 0.8036410923276983
transition 678 1 738 -0.14162431041059964 0.1729518855656697
transition 678 2 738 -0.5457954754195831 1.0
transition 679 0 341 -0.4298488688070923 1.0
transition 679 1 890 0.944959264335737 0.30822281167108756
transition 679 1 623 -0.9585726223284456 0.3384615384615385
transition 679 1 341 0.0771955917626379 0.353315649867374
transition 679 2 112 -0.8975255187003399 0.27074966532797856
transition 679 2 233 -0.2516712480191714 0.2928380187416332
transition 679 2 341 0.6986873173664063 0.4364123159303882
transition 680 0 941 0.6344171185705947 1.0
transition 680 1 181 -0.7702663450467409 0.3500776799585707
transition 680 1 703 -0.6817036610368645 0.033661315380631794
transition 680 1 861 0.4478821409705447 0.1196271361988607
transition 680 1 941 0.019145372481334633 0.4966338684619368
transition 680 2 995 0.4158598484025544 0.6557530402245089
transition 680 2 941 -0.3842833978013216 0.34424695977549113
transition 681 0 738 -0.12258747799569125 0.5447887323943662
transition 681 0 878 0.9022869929798525 0.4552112676056338
transition 681 1 878 0.49193607960933483 1.0
transition 681 2 878 -0.28494951536534274 1.0
transition 682 0 392 0.4216741831157278 1.0
transition 682 1 392 -0.5488951648193201 1.0
transition 682 2 392 -0.7599231805977975 1.0
transition 683 0 959 -0.1685339164960027 0.4690265486725664
transition 683 0 433 -0.5822158133465518 0.11406096361848574
transition 683 0 667 0.16586210587843264 0.4169124877089479
transition 683 1 708 -0.9014843184018217 0.8087318087318087
transition 683 1 667 0.6228871779701901 0.19126819126819128
transition 683 2 203 -0.8584285148028903 0.5532786885245902
transition 683 2 667 0.5854492263217006 0.44672131147540983
transition 684 0 588 0.6736776761412695 0.6174968071519795
transition 684 0 884 0.22284430594630655 0.3825031928480204
transition 684 1 849 -0.8780745917915984 0.5794251134644478
transition 684 1 357 0.9414041818917942 0.006051437216338881
transition 684 1 884 0.4472921685446083 0.4145234493192133
transition 684 2 837 -0.3827792865804778 0.38532716457369465
transition 684 2 86 0.8754310607208986 0.12756113681427628
transition 684 2 668 -0.8353893398416039 0.03304692663582287
transition 684 2 884 -0.08570422664362254 0.4540647719762062
transition 685 0 362 -0.44616044305508273 0.3716134249898908
transition 685 0 110 0.8483843927898271 0.14233724221593205
transition 685 0 504 0.5453355327024978 0.4860493327941771
transition 685 1 909 0.13835377113100988 0.6580844490216272
transition 685 1 504 0.15955755580314568 0.3419155509783728
transition 685 2 541 0.8103394969425921 0.30113428466886205
transition 685 2 747 0.933408107788489 0.1690450054884742
transition 685 2 404 -0.5403578561112898 0.08818148554701793
transition 685 2 504 0.6166680569210383 0.44163922429564584
transition 686 0 624 -0.05164368750576376 0.3406466512702079
transition 686 0 57 0.6678617620817415 0.1447267128560431
transition 686 0 64 0.04470127368519283 0.2428791377983064
transition 686 0 913 -0.762840702394119 0.049268668206312545
transition 686 0 689 0.0014987736537490637 0.2224788298691301
transition 686 1 338 -0.1802364381963084 0.0505175983436853
transition 686 1 239 0.799014015654004 0.3279503105590062
transition 686 1 787 0.9525159624984689 0.06459627329192547
transition 686 1 483 0.9831258734476582 0.19171842650103518
transition 686 1 689 0.4414983742637051 0.3652173913043478
transition 686 2 109 -0.06417014424278311 0.053410893707033315
transition 686 2 108 -0.4658463422956045 0.5066102591221576
transition 686 2 746 -0.2805720770101363 0.1935483870967742
transition 686 2 689 -0.6183630292450288 0.2464304600740349
transition 687 0 595 -0.20388095108570448 1.0
transition 687 1 318 0.004756359510698083 0.16387413158970168
transition 687 1 261 0.9768371433007272 0.3579893747445852
transition 687 1 595 -0.804779186461339 0.4781364936657131
transition 687 2 595 -0.770932189334304 1.0
transition 688 0 175 0.762579358591239 0.5540386803185438
transition 688 0 876 0.8334579274219525 0.4459613196814562
transition 688 1 753 -0.07296902124828208 0.269919168591224
transition 688 1 933 0.4122796739400234 0.12904157043879907
transition 688 1 627 -0.6348651504211311 0.021651270207852194
transition 688 1 835 -0.9599509225894769 0.25346420323325636
transition 688 1 876 -0.8516028728622096 0.32592378752886836
transition 688 2 828 -0.7443531679635265 0.09111880046136102
transition 688 2 915 0.9158663725469043 0.5651672433679354
transition 688 2 834 -0.06936087710599081 0.0034602076124567475
transition 688 2 876 0.7333182010284032 0.3402537485582468
transition 689 0 786 -0.4513943895871986 0.12585470085470085
transition 689 0 629 0.7811000452072812 0.20341880341880342
transition 689 0 113 0.9039459366572695 0.1596153846153846
transition 689 0 969 -0.7329502273614987 0.08461538461538462
transition 689 0 476 0.6558288014058828 0.4264957264957265
transition 689 1 963 0.7103063136107137 0.37766624843161856
transition 689 1 135 0.14591262311366315 0.4341279799247177
transition 689 1 476 -0.23054909080720898 0.18820577164366373
transition 689 2 783 -0.8091784428829589 0.11555555555555555
transition 689 2 927 -0.19404585714636857 0.4088888888888889
transition 689 2 476 -0.4632550921143175 0.47555555555555556
transition 690 0 819 -0.7835381236541048 0.16952018600718663
transition 690 0 95 0.07767698538104595 0.19319382794335235
transition 690 0 216 -0.10319538227507707 0.1739589938702177
transition 690 0 958 -0.3741041104728686 0.1824138659902769
transition 690 0 515 0.4032725812181124 0.2809131261889664
transition 690 1 92 0.4642366363765087 0.5793650793650794
transition 690 1 515 0.8068223380238255 0.42063492063492064
transition 690 2 515 -0.08522225622105073 1.0
transition 691 0 626 0.03930762079313577 0.03588290840415486
transition 691 0 197 0.3206821908488595 0.19169027384324835
transition 691 0 175 -0.8658457810992113 0.03903053194837897
transition 691 0 801 0.8494953478631093 0.31098520616934217
transition 691 0 791 -0.43997418441979197 0.4224110796348757
transition 691 1 526 0.821324964027526 0.07992424242424243
transition 691 1 573 0.3153647749855475 0.2128787878787879
transition 691 1 73 0.8310645684665783 0.24962121212121213
transition 691 1 791 -0.6989015646348715 0.4575757575757576
transition 691 2 783 0.2830075005178061 0.5568760611205433
transition 691 2 791 -0.9611108296986106 0.4431239388794567
transition 692 0 998 -0.19339735906138955 1.0
transition 692 1 393 0.8931571317763218 0.15619047619047619
transition 692 1 530 0.9995118306506754 0.6761904761904762
transition 692 1 998 0.7838217162622005 0.1676190476190476
transition 692 2 453 -0.3707195701548154 0.44121652292328645
transition 692 2 139 -0.5536864924096379 0.34816159782115297
transition 692 2 998 0.8853281338583467 0.2106218792555606
transition 693 0 612 0.8167467322610558 0.812577065351418
transition 693 0 2 0.6466004157233938 0.187422934648582
transition 693 1 404 -0.40541085221404405 0.14627821842586944
transition 693 1 285 -0.7934958550080788 0.10784014643075046
transition 693 1 124 -0.13208734329202576 0.10951799877974375
transition 693 1 319 -0.002425572971440415 0.1366687004270897
transition 693 1 2 -0.886393953459663 0.4996949359365467
transition 693 2 872 0.3809434256735773 0.01805416248746239
transition 693 2 936 0.3249973452039481 0.5165496489468405
transition 693 2 2 0.48783471164619674 0.4653961885656971
transition 694 0 509 -0.19376904414870832 1.0
transition 694 1 342 0.4511672560716522 0.08420628525382756
transition 694 1 995 -0.6524671920328335 0.23086220789685738
transition 694 1 170 0.2695804306516909 0.2723609991941982
transition 694 1 797 0.13868154515669895 0.0346494762288477
transition 694 1 509 -0.37836441984425817 0.37792103142626915
transition 694 2 212 0.19592001692781058 0.17490729295426452
transition 694 2 826 0.3468517537548219 0.052224969097651425
transition 694 2 80 -0.07184437892034823 0.17274412855377008
transition 694 2 466 -0.2213825342346416 0.1838689740420272
transition 694 2 509 -0.47409516309522903 0.4162546353522868
transition 695 0 930 -0.4187271701749009 1.0
transition 695 1 587 -0.07395460506266516 0.4759976865240023
transition 695 1 322 0.4270704293481735 0.08155002891844997
transition 695 1 930 -0.6418051322492215 0.4424522845575477
transition 695 2 930 0.2093567924302795 1.0
transition 696 0 176 0.5535175635576026 1.0
transition 696 1 288 -0.563629593750175 0.11114269471290505
transition 696 1 799 -0.8181675552922159 0.19982944855031268
transition 696 1 839 0.14425713578610688 0.20523024445707788
transition 696 1 158 0.2025101957397386 0.23393973848777713
transition 696 1 176 0.9488410298993415 0.24985787379192723
transition 696 2 738 -0.07054593643259599 0.24455958549222798
transition 696 2 790 -0.8152939767806948 0.3198618307426598
transition 696 2 548 0.5534226785647243 0.04006908462867012
transition 696 2 555 0.7002519926138728 0.19447322970639033
transition 696 2 176 0.7321409102145602 0.20103626943005182
transition 697 0 808 0.4531444136253695 0.20906200317965024
transition 697 0 212 -0.6273875517311553 0.17117117117117117
transition 697 0 635 0.1666272757660332 0.1915739268680445
transition 697 0 945 -0.35920401145708447 0.4281928987811341
transition 697 1 945 -0.7093831627999185 1.0
transition 697 2 149 -0.09694100543486295 0.7709213863060017
transition 697 2 945 -0.43992491438483583 0.22907861369399832
transition 698 0 375 0.7536169305999962 0.3510693792383933
transition 698 0 537 0.13200858588983166 0.1585811163275952
transition 698 0 715 0.7633617910030803 0.29003651538862807
transition 698 0 768 0.10982694089991019 0.20031298904538342
transition 698 1 768 -0.07445834636445436 1.0
transition 698 2 208 -0.7326309500647274 0.2472582253240279
transition 698 2 80 0.36550507027299073 0.226321036889332
transition 698 2 580 -0.5034280950174885 0.2033898305084746
transition 698 2 768 0.3509988773015773 0.3230309072781655
transition 699 0 515 0.3635123610055577 0.3450413223140496
transition 699 0 300 0.7965570767993104 0.4049586776859504
transition 699 0 4 -0.6218995566863623 0.25
transition 699 1 181 -0.2571381140224054 0.6675369886858138
transition 699 1 4 0.9396130197386316 0.33246301131418626
transition 699 2 720 0.26849977165050243 0.5742496050552922
transition 699 2 4 -0.6565107780164543 0.42575039494470773
transition 700 0 442 0.6581995161745207 1.0
transition 700 1 442 -0.051617249625994566 1.0
transition 700 2 328 -0.7047037978863473 0.6130909090909091
transition 700 2 442 -0.48435052965463976 0.3869090909090909
transition 701 0 765 0.13265273241666775 0.5302325581395348
transition 701 0 164 -0.359694772170448 0.4697674418604651
transition 701 1 477 0.3391012424598199 0.17577854671280277
transition 701 1 431 0.9701808288283666 0.08465974625144175
transition 701 1 72 0.19207677834018178 0.19400230680507496
transition 701 1 171 -0.956586211145263 0.20346020761245676
transition 701 1 164 -0.5019062224144402 0.34209919261822375
transition 701 2 164 -0.938703844339343 1.0
transition 702 0 423 -0.9758954865889946 0.10775862068965517
transition 702 0 136 0.4994257135373521 0.13397988505747127
transition 702 0 492 -0.4080930385277901 0.0319683908045977
transition 702 0 563 -0.0610182919916924 0.32435344827586204
transition 702 0 78 -0.9751706003616267 0.4019396551724138
transition 702 1 115 -0.7011449941598986 0.21937573616018846
transition 702 1 891 0.4351927825458841 0.020906949352179034
transition 702 1 792 -0.2538010120822607 0.26383981154299174
transition 702 1 78 0.15929919480112797 0.4958775029446408
transition 702 2 78 0.043673067419659484 1.0
transition 703 0 281 -0.7366937834167444 0.6114130434782609
transition 703 0 902 -0.6109037274130931 0.38858695652173914
transition 703 1 150 -0.714947611370718 0.1222879684418146
transition 703 1 764 0.6157116238941713 0.15581854043392504
transition 703 1 873 -0.07146339124289947 0.2754766600920447
transition 703 1 902 0.4081199899878305 0.44641683103221563
transition 703 2 902 -0.04621540264008939 1.0
transition 704 0 361 -0.4320251536276709 0.5542691751085383
transition 704 0 41 0.2506359669478444 0.44573082489146165
transition 704 1 726 0.19787576804507023 0.3153153153153153
transition 704 1 559 0.09037423237787001 0.34234234234234234
transition 704 1 41 -0.4050247710482635 0.34234234234234234
transition 704 2 915 0.580359872083074 0.29847815414825724
transition 704 2 968 -0.24548394873722668 0.11585665193912617
transition 704 2 279 -0.6102230873116694 0.2650957290132548
transition 704 2 41 -0.171446085124475 0.32056946489936183
transition 705 0 846 -0.7062069954116934 0.19243986254295534
transition 705 0 919 0.7472406922895047 0.16838487972508592
transition 705 0 568 -0.6412449721089784 0.17846506300114548
transition 705 0 671 0.3501683453720399 0.46071019473081326
transition 705 1 671 -0.8667278235300329 1.0
transition 705 2 891 0.42028115379713427 0.2131039046988749
transition 705 2 48 -0.024241809250903135 0.31039046988749175
transition 705 2 450 -0.13550351665676508 0.24487094639311713
transition 705 2 671 -0.9132537765606781 0.2316346790205162
transition 706 0 21 0.7119083606586609 0.17772346368715083
transition 706 0 694 0.10836273977695088 0.33868715083798884
transition 706 0 271 -0.7135171370834543 0.31354748603351956
transition 706 0 580 0.7923176018437876 0.1700418994413408
transition 706 1 913 -0.2007141623397446 0.5993355481727575
transition 706 1 901 -0.5959131463181675 0.015282392026578074
transition 706 1 580 0.17422282300483682 0.3853820598006645
transition 706 2 888 0.026229051770746192 0.15275938189845475
transition 706 2 141 0.6442320810280335 0.27593818984547464
transition 706 2 95 -0.5108747396223161 0.19426048565121412
transition 706 2 45 0.2448548324331714 0.038852097130242826
transition 706 2 580 -0.92475630884877 0.33818984547461367
transition 707 0 595 0.027734240522050424 0.09355131698455948
transition 707 0 230 -0.9395092230695601 0.4396003633060854
transition 707 0 629 -0.6948337735923233 0.46684831970935514
transition 707 1 629 -0.2409633087070766 1.0
transition 707 2 117 0.8762613104950698 0.08762057877813505
transition 707 2 784 -0.9570752305859105 0.24758842443729903
transition 707 2 635 0.041932266848071054 0.33239549839228294
transition 707 2 629 0.5991253897094531 0.33239549839228294
transition 708 0 71 0.4092505714324597 0.3240327380952381
transition 708 0 525 0.1941611997805046 0.11793154761904762
transition 708 0 290 -0.6844503169780385 0.038318452380952384
transition 708 0 898 -0.8575600328575499 0.23028273809523808
transition 708 0 932 0.5400842938804649 0.28943452380952384
transition 708 1 416 0.1181659952904599 0.04994054696789536
transition 708 1 79 -0.4892050332252249 0.050535077288941736
transition 708 1 387 -0.5076550574884351 0.25148632580261593
transition 708 1 678 0.42975407725219217 0.19560047562425684
transition 708 1 932 0.897116781427165 0.4524375743162901
transition 708 2 932 0.6175667365413655 1.0
transition 709 0 888 0.8510623131789217 0.18922961854899029
transition 709 0 73 -0.0708417735629101 0.2670157068062827
transition 709 0 300 -0.6775408475321338 0.36574420344053854
transition 709 0 222 -0.7401362554647999 0.17801047120418848
transition 709 1 700 -0.4525502857388055 0.08175208370278418
transition 709 1 695 0.12897037724292204 0.11863805639297748
transition 709 1 475 -0.3457945214090512 0.17006561447065083
transition 709 1 29 -0.849093478833546 0.16368150381273275
transition 709 1 222 -0.5478847347321603 0.4658627416208548
transition 709 2 458 -0.67030904062781 0.7172932330827068
transition 709 2 222 0.42276868671928103 0.28270676691729324
transition 710 0 852 -0.7554508084505263 0.5169994603345925
transition 710 0 631 -0.04976722166367398 0.48300053966540746
transition 710 1 413 0.5697777016653387 0.2302898943375779
transition 710 1 912 -0.9052145453146572 0.0999729070712544
transition 710 1 584 -0.7724713551659508 0.23272825792468166
transition 710 1 631 0.38513286576629735 0.43700894066648605
transition 710 2 476 -0.7088700602533882 0.1855566700100301
transition 710 2 236 -0.049489606360117566 0.11334002006018054
transition 710 2 741 -0.8289340010405655 0.22843530591775327
transition 710 2 631 0.6784359974886913 0.4726680040120361
transition 711 0 709 -0.3199204241887277 0.6541193181818182
transition 711 0 17 -0.9998842866090312 0.3458806818181818
transition 711 1 463 -0.3524120239200932 0.10284310284310284
transition 711 1 755 -0.2604490241644215 0.30326430326430326
transition 711 1 209 -0.0038799383763121753 0.2888732888732889
transition 711 1 17 0.4512097080012838 0.305019305019305
transition 711 2 829 -0.3349426781797187 0.3291384317521781
transition 711 2 805 0.577305400897492 0.414811229428848
transition 711 2 17 -0.9862982063006747 0.2560503388189739
transition 712 0 335 -0.5329532212022399 1.0
transition 712 1 752 -0.721356206336897 0.6439024390243903
transition 712 1 335 0.002161456715459975 0.35609756097560974
transition 712 2 980 0.3312011054175874 0.44081632653061226
transition 712 2 820 -0.6603110759421313 0.3481049562682216
transition 712 2 335 -0.8479300726099546 0.2110787172011662
transition 713 0 528 0.2801364419491985 0.45923709798055345
transition 713 0 470 0.5709781451159701 0.08676140613313388
transition 713 0 203 -0.8604607048390003 0.45400149588631267
transition 713 1 203 -0.8063493417535141 1.0
transition 713 2 474 0.55667903412087 0.12051482059282372
transition 713 2 262 -0.9810155672346619 0.156396255850234
transition 713 2 397 -0.4879365312625077 0.18681747269890794
transition 713 2 313 0.09873360345306947 0.11661466458658347
transition 713 2 203 0.9388200743407464 0.41965678627145087
transition 714 0 277 0.8733727555922888 0.602803738317757
transition 714 0 464 0.36380785207247657 0.397196261682243
transition 714 1 874 0.7795826199420142 0.08344671201814059
transition 714 1 620 -0.3266381045080857 0.3346938775510204
transition 714 1 652 0.6686267977392544 0.2594104308390023
transition 714 1 464 -0.15240655396440683 0.3224489795918367
transition 714 2 781 0.9388358360413236 0.4107142857142857
transition 714 2 671 -0.657082277236098 0.3532818532818533
transition 714 2 464 -0.35073130806791153 0.236003861003861
transition 715 0 842 -0.898529302948796 0.08109017496635262
transition 715 0 12 0.9255330678746387 0.2691790040376851
transition 715 0 330 -0.3685309530078609 0.28970390309555855
transition 715 0 491 0.2955057886879271 0.36002691790040375
transition 715 1 491 -0.27542442956104285 1.0
transition 715 2 331 0.9072995038635254 0.35601622352410994
transition 715 2 458 -0.43104654562873224 0.2708427219468229
transition 715 2 491 0.7194225878872587 0.37314105452906715
transition 716 0 662 -0.9920730613006439 0.21665695981362842
transition 716 0 380 0.5906763159627366 0.5131042516016308
transition 716 0 18 -0.0274472404681807 0.2702387885847408
transition 716 1 18 -0.4470663657636085 1.0
transition 716 2 110 0.9804729100070648 0.6623681125439624
transition 716 2 18 0.8915912227742724 0.3376318874560375
transition 717 0 996 -0.859316458675915 0.1329951477723864
transition 717 0 763 0.9862889595078475 0.2007057785619762
transition 717 0 206 -0.9356152244477625 0.1839435377150419
transition 717 0 718 -0.32698024822261607 0.4823555359505955
transition 717 1 890 0.6836613149427868 0.02086230876216968
transition 717 1 439 -0.45961100035085956 0.33101529902642557
transition 717 1 897 0.6728073566503483 0.4109874826147427
transition 717 1 718 -0.7234984052780142 0.23713490959666203
transition 717 2 509 -0.6097871465459186 0.49070631970260226
transition 717 2 31 -0.9463914139000205 0.22357939458311205
transition 717 2 718 -0.5736896485893559 0.2857142857142857
transition 718 0 151 0.5076827157710084 0.4255639097744361
transition 718 0 824 0.30604129771461697 0.33533834586466166
transition 718 0 447 -0.7529417588183529 0.23909774436090225
transition 718 1 447 0.11364447543837519 1.0
transition 718 2 191 -0.3273617416955108 0.780564263322884
transition 718 2 447 0.8461799466966458 0.219435736677116
transition 719 0 252 -0.3254201485631647 0.17201166180758018
transition 719 0 445 0.5702542409248001 0.006802721088435374
transition 719 0 138 0.5937019008649538 0.34159378036929056
transition 719 0 893 0.803157169629745 0.47959183673469385
transition 719 1 126 0.054098846467190986 0.15224815025611838
transition 719 1 906 -0.7791896050191098 0.026750142287990893
transition 719 1 442 -0.7741514409630732 0.2290836653386454
transition 719 1 90 0.2334079595548315 0.1010244735344337
transition 719 1 893 0.3635813401016994 0.49089356858281163
transition 719 2 893 -0.473112994445158 1.0
transition 720 0 300 -0.6022399427709149 0.31563421828908556
transition 720 0 616 -0.433661230962757 0.33480825958702065
transition 720 0 854 -0.5062253787913635 0.09292035398230089
transition 720 0 116 0.042731852201219 0.06969026548672566
transition 720 0 833 -0.29026627631284985 0.18694690265486727
transition 720 1 666 -0.7176825593764877 0.608433734939759
transition 720 1 833 -0.8224703537363012 0.39156626506024095
transition 720 2 16 -0.6253159231179035 0.41159250585480095
transition 720 2 825 -0.978600690390856 0.12002341920374707
transition 720 2 833 0.8667797732253963 0.468384074941452
transition 721 0 432 0.5652527207990135 0.7021276595744681
transition 721 0 550 -0.7165456155185623 0.2978723404255319
transition 721 1 805 0.908509041569576 0.8174863387978142
transition 721 1 550 0.7510851974755548 0.1825136612021858
transition 721 2 276 0.2642665591085629 0.26695371367061355
transition 721 2 953 0.8354648155285707 0.32831001076426264
transition 721 2 550 -0.6453658139034442 0.4047362755651238
transition 722 0 62 -0.13991854245054314 1.0
transition 722 1 62 -0.023388636977022426 1.0
transition 722 2 440 0.7834269004783878 0.71328125
transition 722 2 62 -0.8983803179988981 0.28671875
transition 723 0 27 -0.021130977816236296 0.3858168003376952
transition 723 0 218 0.137306810411026 0.1701139721401435
transition 723 0 252 -0.22777100869982858 0.44406922752216127
transition 723 1 45 -0.5574887700596471 0.6726844583987441
transition 723 1 252 -0.1681359773719988 0.32731554160125587
transition 723 2 217 0.30509630445226454 0.13278135541245017
transition 723 2 196 -0.4154166336791154 0.28978840846366144
transition 723 2 213 0.054036449419626376 0.1551671266482674
transition 723 2 958 -0.47610713972025187 0.21036491873658386
transition 723 2 252 -0.4696852779115799 0.2118981907390371
transition 724 0 20 -0.801485033574054 0.31095571095571095
transition 724 0 663 0.06475766035105979 0.42377622377622376
transition 724 0 480 -0.0797171982435192 0.2652680652680653
transition 724 1 353 0.7613299082304825 0.2969269102990033
transition 724 1 129 -0.7782974698204732 0.3372093023255814
transition 724 1 480 -0.7928817430906876 0.3658637873754153
transition 724 2 372 -0.2731417452413085 0.09969849246231156
transition 724 2 625 -0.6286633773555483 0.11537688442211055
transition 724 2 901 -0.42677425719733164 0.1272361809045226
transition 724 2 305 0.8929319980607469 0.175678391959799
transition 724 2 480 0.70568125795275 0.48201005025125626
transition 726 0 490 0.8942362829176562 0.15138816134101624
transition 726 0 765 -0.33364396308391564 0.38711367207962283
transition 726 0 556 0.3578914640333055 0.015191199580932426
transition 726 0 877 0.02487399477299901 0.4463069669984285
transition 726 1 877 0.5179040708833151 1.0
transition 726 2 972 -0.49889556216556263 0.8114754098360656
transition 726 2 75 0.2229381875747627 0.01366120218579235
transition 726 2 877 0.25356928172962423 0.17486338797814208
transition 727 0 72 -0.6218482133525476 0.7608120035304501
transition 727 0 949 0.8825986809621154 0.23918799646954986
transition 727 1 925 0.2809004308959504 0.3404029692470838
transition 727 1 623 0.966544964521797 0.02014846235418876
transition 727 1 466 -0.9047568518676197 0.3547189819724284
transition 727 1 949 0.02703741879673971 0.28472958642629903
transition 727 2 213 0.08877138190642309 0.748015873015873
transition 727 2 949 -0.6215235794933198 0.251984126984127
transition 728 0 39 -0.1436576341683513 0.030685920577617327
transition 728 0 772 -0.5265618015397291 0.3351383874849579
transition 728 0 830 0.36446167046045796 0.10529482551143202
transition 728 0 893 -0.5882010032361948 0.1588447653429603
transition 728 0 472 -0.7303395094912675 0.3700361010830325
transition 728 1 472 -0.5488995121835183 1.0
transition 728 2 991 0.20695958759698452 0.12336627350972267
transition 728 2 470 0.5611481425283644 0.2661778769525024
transition 728 2 59 0.09745305316550867 0.15109977685686962
transition 728 2 472 -0.5074033739307782 0.45935607268090534
transition 729 0 668 0.4671214886285193 0.6819571865443425
transition 729 0 115 0.9053035047287254 0.3180428134556575
transition 729 1 107 -0.6561348005219783 0.6530612244897959
transition 729 1 115 0.8782698854290145 0.3469387755102041
transition 729 2 550 0.25218935270518705 0.6563981042654028
transition 729 2 115 0.3571682051014926 0.34360189573459715
transition 730 0 611 0.5637199112667262 0.10110450297366186
transition 730 0 317 -0.6236915795212905 0.37553101104502973
transition 730 0 779 -0.6108678021816909 0.1826677994902294
transition 730 0 232 -0.44456521105300717 0.34069668649107904
transition 730 1 691 0.005634638847686002 0.5241502683363148
transition 730 1 557 0.7093832676111314 0.06440071556350627
transition 730 1 232 0.645498334072568 0.41144901610017887
transition 730 2 232 0.5867173898477487 1.0
transition 731 0 86 -0.005923540909518854 0.5313653136531366
transition 731 0 326 0.2218796881331464 0.46863468634686345
transition 731 1 536 -0.6184361787339367 0.06764841233317993
transition 731 1 138 0.816102426479618 0.276576161988035
transition 731 1 110 -0.6067959529990816 0.3676944316612977
transition 731 1 326 0.8963146316695803 0.2880809940174873
transition 731 2 950 0.7417231716542796 0.20757268424611225
transition 731 2 645 0.2630087092799096 0.05611899932386748
transition 731 2 101 -0.3765676701072349 0.3218390804597701
transition 731 2 326 0.02284641084748462 0.41446923597025015
transition 732 0 886 0.9481034644518029 1.0
transition 732 1 886 -0.5447705849923374 1.0
transition 732 2 351 0.7147200472277802 0.22145411203814064
transition 732 2 797 -0.3284139018747467 0.1902264600715137
transition 732 2 906 -0.40129491937795536 0.11394517282479141
transition 732 2 886 -0.05536639115394282 0.47437425506555425
transition 733 0 894 0.9938351940445578 0.3434343434343434
transition 733 0 500 -0.1518913704854734 0.39659755449229134
transition 733 0 230 -0.7016104398251233 0.25996810207336524
transition 733 1 240 0.8446078558828387 0.3367970660146699
transition 733 1 620 0.5847870931351822 0.2139364303178484
transition 733 1 230 0.8575710609 0.44926650366748166
transition 733 2 128 0.08455103414154541 0.8171140939597316
transition 733 2 230 -0.8315320203758976 0.18288590604026847
transition 734 0 561 -0.1318088376976665 0.13628048780487806
transition 734 0 131 0.38627945239435424 0.22560975609756098
transition 734 0 993 0.6342771956070343 0.1676829268292683
transition 734 0 665 0.147948849659006 0.47042682926829266
transition 734 1 860 -0.3978478932194711 0.726027397260274
transition 734 1 665 0.3020250178346964 0.273972602739726
transition 734 2 420 0.08596297763583594 0.6386138613861386
transition 734 2 665 -0.21133868475889517 0.3613861386138614
transition 735 0 359 -0.4839861144017443 0.25218204488778057
transition 735 0 628 -0.600374994837678 0.03054862842892768
transition 735 0 518 -0.09350867311880728 0.24407730673316708
transition 735 0 702 -0.05620286867941937 0.47319201995012466
transition 735 1 597 -0.19150192074155847 0.1141439205955335
transition 735 1 828 0.7984829429494966 0.34491315136476425
transition 735 1 848 0.10882635566479504 0.3579404466501241
transition 735 1 702 -0.70655268724572 0.18300248138957817
transition 735 2 702 -0.9068842174679466 1.0
transition 736 0 928 -0.18172197712600613 0.13983739837398373
transition 736 0 310 -0.24437407332467997 0.38943089430894307
transition 736 0 190 0.8903559084132011 0.47073170731707314
transition 736 1 190 -0.3038923236372961 1.0
transition 736 2 642 -0.9465515779631697 0.010052910052910053
transition 736 2 3 0.9932746861751758 0.23095238095238096
transition 736 2 183 -0.49349019080104095 0.2306878306878307
transition 736 2 921 -0.6237677836189006 0.07804232804232804
transition 736 2 190 0.10052850257056156 0.45026455026455026
transition 737 0 245 0.1407821883610405 0.44544544544544545
transition 737 0 729 -0.04676446051559191 0.0970970970970971
transition 737 0 168 0.6528017803870372 0.4574574574574575
transition 737 1 949 0.8977094036639723 0.18387715930902113
transition 737 1 433 -0.7186503165329325 0.2234165067178503
transition 737 1 967 0.22191975177108492 0.2272552783109405
transition 737 1 168 -0.3574175650306777 0.3654510556621881
transition 737 2 912 0.3290347939035574 0.1691348402182385
transition 737 2 36 -0.8982818461233257 0.38269680436477005
transition 737 2 168 0.8250097854486773 0.4481683554169914
transition 738 0 753 0.06926017633571813 0.3742393509127789
transition 738 0 266 0.5790139465121489 0.3793103448275862
transition 738 0 916 0.6694980649208921 0.24645030425963488
transition 738 1 296 0.5043742457571208 0.008827238335435058
transition 738 1 3 0.15809094743033847 0.617906683480454
transition 738 1 916 0.8147475989801665 0.37326607818411095
transition 738 2 916 -0.175001411116805 1.0
transition 739 0 675 0.1180945241484026 0.3025945608002501
transition 739 0 711 -0.30699671551061747 0.2313222882150672
transition 739 0 274 -0.8927862797880322 0.4660831509846827
transition 739 1 296 0.6250471368833113 0.75
transition 739 1 274 -0.09659124702667321 0.25
transition 739 2 250 -0.6547542075120001 0.21193666260657734
transition 739 2 384 0.41425082139093994 0.25852618757612666
transition 739 2 9 0.5167250821976832 0.06425091352009744
transition 739 2 274 -0.2551199882371218 0.46528623629719856
transition 740 0 119 0.8276291808256659 0.30063291139240506
transition 740 0 731 -0.7329856358057909 0.35443037974683544
transition 740 0 108 -0.0696939894748696 0.3449367088607595
transition 740 1 272 0.1598736421929059 0.10790835181079084
transition 740 1 62 0.006696509948455942 0.11209657551120966
transition 740 1 665 0.07699732101607903 0.24242424242424243
transition 740 1 608 0.7569270034293427 0.13476225671347622
transition 740 1 108 -0.24649947369761427 0.4028085735402809
transition 740 2 2 0.5459206619542052 0.7938144329896907
transition 740 2 108 0.9406017916537093 0.20618556701030927
transition 741 0 343 -0.07500287669015071 0.12003491924923614
transition 741 0 557 0.2653745339531668 0.21911828895678742
transition 741 0 645 0.28135843170194796 0.28939327804452203
transition 741 0 468 0.8764362945973829 0.3714535137494544
transition 741 1 831 -0.04715303384237979 0.294099281923197
transition 741 1 55 0.9653931805928619 0.17546050577583516
transition 741 1 844 -0.7556252635079233 0.15922572588198564
transition 741 1 250 -0.45385496114357715 0.008117389946924758
transition 741 1 468 0.46107375094310243 0.36309709647205746
transition 741 2 309 0.24833841350992203 0.013994169096209912
transition 741 2 650 -0.15331416350428806 0.15276967930029153
transition 741 2 242 -0.5985110206602984 0.2755102040816326
transition 741 2 15 0.827960105145219 0.13760932944606413
transition 741 2 468 -0.3646949883799373 0.42011661807580175
transition 742 0 218 0.7738302211628743 0.2079646017699115
transition 742 0 523 0.20847010349211814 0.12463126843657817
transition 742 0 767 0.5060424019355148 0.415929203539823
transition 742 0 506 0.6876091068837324 0.25147492625368734
transition 742 1 946 0.023716020325179166 0.7890222984562607
transition 742 1 506 -0.28245992368289463 0.2109777015437393
transition 742 2 736 0.2992064942757553 0.01653398652786283
transition 742 2 339 -0.4528319526123503 0.034292712798530314
transition 742 2 322 0.2988554828413623 0.0906307409675444
transition 742 2 813 0.47447696709677323 0.580526638089406
transition 742 2 506 -0.8199968244453206 0.27801592161665645
transition 743 0 35 -0.4532491862052148 0.16187370293507264
transition 743 0 764 -0.4881258929704464 0.20130447672694932
transition 743 0 693 0.13512583736121542 0.17788319003854136
transition 743 0 282 0.5303384414164221 0.292321375630003
transition 743 0 967 -0.3663473582044532 0.16661725466943375
transition 743 1 598 0.08503826390036795 0.5012853470437018
transition 743 1 967 0.5082583536623191 0.4987146529562982
transition 743 2 967 0.46605260748809196 1.0
transition 744 0 139 -0.620873302442079 0.8070444104134763
transition 744 0 300 -0.7279858247573769 0.19295558958652373
transition 744 1 335 0.7898627997282877 0.016435541859270673
transition 744 1 790 0.7223051304758834 0.5053929121725732
transition 744 1 735 -0.7075218130732199 0.0030816640986132513
transition 744 1 91 -0.8523886668408862 0.1443246019517206
transition 744 1 300 0.485792667284231 0.3307652799178223
transition 744 2 494 -0.09657160927171637 0.13768686073957515
transition 744 2 551 0.26521297164337154 0.44531864673485444
transition 744 2 300 -0.6057037840485839 0.4169944925255704
transition 745 0 858 -0.12364845543372516 0.2138728323699422
transition 745 0 934 -0.1358113075965095 0.5329479768786127
transition 745 0 979 0.32221778911508525 0.25317919075144507
transition 745 1 477 -0.21104539590491367 0.7404255319148936
transition 745 1 979 0.8601701288911328 0.25957446808510637
transition 745 2 354 -0.6747864412782634 0.06836378567029358
transition 745 2 211 -0.4609899579893457 0.1706015191952371
transition 745 2 604 -0.4707218752596869 0.17532334222952167
transition 745 2 746 -0.8979307015782869 0.20385957708889346
transition 745 2 979 -0.5820387437515753 0.3818517758160542
transition 746 0 938 0.4333829263217328 0.22516248839368616
transition 746 0 731 0.7831554524868227 0.18802228412256267
transition 746 0 336 0.6528679974526665 0.3960074280408542
transition 746 0 776 -0.6985687236780691 0.19080779944289694
transition 746 1 268 0.9450246443751473 0.18956521739130436
transition 746 1 876 0.14983879065616557 0.23408695652173914
transition 746 1 98 -0.09441244473300481 0.27165217391304347
transition 746 1 776 -0.4926679201019235 0.30469565217391303
transition 746 2 776 0.5430333295047776 1.0
transition 747 0 311 -0.009597058428809202 0.18732673267326733
transition 747 0 853 -0.05358086320944211 0.31722772277227723
transition 747 0 601 -0.6038122299251543 0.15405940594059406
transition 747 0 116 0.9499455770231116 0.05425742574257426
transition 747 0 796 -0.8932611172520164 0.2871287128712871
transition 747 1 14 -0.6179654442269018 0.33403141361256544
transition 747 1 523 0.2133234913852482 0.24083769633507854
transition 747 1 796 0.9803250549085321 0.42513089005235605
transition 747 2 334 -0.4333827342119312 0.23715944618133095
transition 747 2 729 0.3229859462544937 0.1576596694953104
transition 747 2 970 0.7259366144424602 0.22376060741402412
transition 747 2 796 0.44250584206643473 0.3814202769093345
transition 748 0 458 -0.6442212683851369 0.17719987904445117
transition 748 0 852 -0.5144735087741135 0.2467493196250378
transition 748 0 650 0.8937472171076541 0.17115210160266103
transition 748 0 952 -0.8066013497356144 0.40489869972785003
transition 748 1 952 -0.711192486139216 1.0
transition 748 2 952 0.809596073303835 1.0
transition 749 0 119 -0.3105929248356101 0.4706362153344209
transition 749 0 493 -0.7404187167156613 0.15742251223491027
transition 749 0 258 0.33520550397405957 0.3719412724306688
transition 749 1 611 -0.5522416666768402 0.09443339960238568
transition 749 1 363 0.14824676465481867 0.004970178926441352
transition 749 1 417 -0.12082683956171425 0.22233267064280982
transition 749 1 480 -0.23045486997321918 0.19218025182239895
transition 749 1 258 0.7471391338984072 0.4860834990059642
transition 749 2 547 -0.21601463571971635 0.6191369606003753
transition 749 2 258 -0.9674880967825572 0.3808630393996248
transition 750 0 77 -0.7776110459155132 0.04585427135678392
transition 750 0 774 -0.3360022203468387 0.6206030150753769
transition 750 0 947 0.5521393214283963 0.3335427135678392
transition 750 1 768 0.3285450841093711 0.6760204081632653
transition 750 1 947 0.9208977715787545 0.3239795918367347
transition 750 2 947 0.17379991668870787 1.0
transition 751 0 500 0.5461371583593984 0.15794392523364487
transition 751 0 672 -0.9608696142948918 0.4280373831775701
transition 751 0 197 -0.23507144692482873 0.41401869158878507
transition 751 1 887 0.9830748468644785 0.4413659793814433
transition 751 1 638 -0.6662260233767072 0.18105670103092783
transition 751 1 33 -0.463943004657678 0.16172680412371135
transition 751 1 197 0.29240640202997037 0.21585051546391754
transition 751 2 197 -0.0711429711518683 1.0
transition 752 0 391 -0.6450564374541254 0.2631253860407659
transition 752 0 852 0.25205188206439266 0.3996294008647313
transition 752 0 526 0.8917357717932681 0.3372452130945028
transition 752 1 966 0.5899397234611596 0.6534090909090909
transition 752 1 526 -0.9684178134345145 0.3465909090909091
transition 752 2 422 0.690069056183322 0.2179062055897679
transition 752 2 303 0.3509967094987778 0.09095215537659877
transition 752 2 908 0.19663373607363765 0.2828043581241118
transition 752 2 526 -0.2933533062302338 0.40833728090952154
transition 753 0 294 -0.8384291361568459 1.0
transition 753 1 373 -0.9629852620007775 0.5027322404371585
transition 753 1 294 0.2712199656117362 0.4972677595628415
transition 753 2 39 -0.7714315227533446 0.5460122699386503
transition 753 2 294 0.5916193193811643 0.4539877300613497
transition 754 0 916 0.40230802997011716 0.22924354243542436
transition 754 0 74 -0.06534769920335703 0.3007380073800738
transition 754 0 196 -0.29798066153926106 0.47001845018450183
transition 754 1 272 0.3639184279411041 0.5097477064220184
transition 754 1 196 -0.25414767946445904 0.49025229357798167
transition 754 2 343 -0.9071997728008807 0.7014361300075586
transition 754 2 196 0.3344094878633752 0.29856386999244144
transition 755 0 284 -0.5624010369556931 0.14844517184942718
transition 755 0 447 0.42232060897443424 0.13224222585924714
transition 755 0 24 0.6168093332317541 0.11898527004909984
transition 755 0 537 -0.2819322112104703 0.13240589198036007
transition 755 0 479 -0.9902662929686294 0.4679214402618658
transition 755 1 760 0.5073820557179651 0.07343299239444008
transition 755 1 95 0.4277171389824348 0.2050878573301862
transition 755 1 889 0.16827277922663075 0.23183844741673224
transition 755 1 479 -0.9163388169466429 0.4896407028586415
transition 755 2 232 -0.31247197469922683 0.6803149606299213
transition 755 2 479 0.2345767964205545 0.31968503937007875
transition 756 0 180 -0.15817439190038662 0.2554376657824934
transition 756 0 274 0.46222507972045856 0.042440318302387266
transition 756 0 443 0.9817670030024763 0.1246684350132626
transition 756 0 721 0.7212765331842259 0.10848806366047746
transition 756 0 373 -0.1950426345619518 0.4689655172413793
transition 756 1 324 0.27914059173987793 0.1737029501525941
transition 756 1 149 -0.9785886466654017 0.1146998982706002
transition 756 1 682 -0.36364712064569127 0.2174465920651068
transition 756 1 373 0.13026097809016757 0.4941505595116989
transition 756 2 373 0.266379099440913 1.0
transition 757 0 500 -0.6086000474815576 0.7186311787072244
transition 757 0 672 -0.43807278169412234 0.2813688212927757
transition 757 1 192 0.06497227671679262 0.05422222222222222
transition 757 1 212 -0.41101816263426705 0.7324444444444445
transition 757 1 672 0.6432690616407457 0.21333333333333335
transition 757 2 785 0.320257205328619 0.3879634605051048
transition 757 2 260 0.40595650012461815 0.010209564750134336
transition 757 2 836 0.6500701806039584 0.2606125738850081
transition 757 2 1 -0.8001287961006445 0.1552928533046749
transition 757 2 672 -0.27380679697547605 0.18592154755507792
transition 758 0 455 -0.19053281326595073 1.0
transition 758 1 987 0.34373097381141404 0.2692055154300722
transition 758 1 873 -0.6443532549062552 0.350623768877216
transition 758 1 455 0.7378141812426544 0.38017071569271177
transition 758 2 625 0.7558624675558612 0.1534154535274356
transition 758 2 372 -0.8575656708966162 0.43896976483762595
transition 758 2 455 -0.11677147696521484 0.4076147816349384
transition 759 0 599 0.11387902636745073 0.48098098098098097
transition 759 0 431 0.563617158999282 0.028528528528528527
transition 759 0 229 0.7143576911372904 0.07857857857857858
transition 759 0 323 0.7084728205477486 0.4119119119119119
transition 759 1 796 0.711559633370243 0.23902768399729912
transition 759 1 13 -0.9820057585088731 0.2987846049966239
transition 759 1 323 0.4907129839027302 0.462187711006077
transition 759 2 303 0.5235746197883242 0.028070175438596492
transition 759 2 165 -0.030742116894583837 0.05
transition 759 2 150 -0.5316099565075383 0.6105263157894737
transition 759 2 323 -0.0008003537574197139 0.31140350877192985
transition 760 0 833 -0.434221113085945 0.08480429777436685
transition 760 0 855 -0.09726403697001995 0.13967766692248657
transition 760 0 824 -0.030031043334905583 0.17287029930928627
transition 760 0 331 0.5997869668169105 0.11415963161933998
transition 760 0 711 0.37379225064593324 0.48848810437452034
transition 760 1 651 0.8445197855459314 0.4635603345280765
transition 760 1 927 -0.5270164883403161 0.008363201911589008
transition 760 1 919 -0.34290022552735877 0.3154121863799283
transition 760 1 711 -0.7692087577344355 0.2126642771804062
transition 760 2 44 -0.6404478818090049 0.6152149944873209
transition 760 2 711 -0.25418044987032795 0.38478500551267913
transition 761 0 675 0.45461156379957157 0.6142857142857143
transition 761 0 445 0.6573505277422071 0.38571428571428573
transition 761 1 381 -0.39870630340047386 0.17848557692307693
transition 761 1 892 -0.10643751067942397 0.5558894230769231
transition 761 1 445 0.4688887098637433 0.265625
transition 761 2 609 -0.8298021042026806 0.625974025974026
transition 761 2 445 0.4987202473558541 0.37402597402597404
transition 762 0 454 -0.21570654231092767 0.4773662551440329
transition 762 0 15 0.8031510835531632 0.31922398589065254
transition 762 0 140 -0.9001493290016951 0.20340975896531452
transition 762 1 251 -0.8580795924338884 0.24362089914945323
transition 762 1 491 0.18673547637760968 0.23572296476306198
transition 762 1 185 -0.2683169558916738 0.12363304981773998
transition 762 1 140 -0.907766350016036 0.39702308626974486
transition 762 2 197 0.7128180560183963 0.6724683544303798
transition 762 2 140 0.6706018360000352 0.3275316455696203
transition 763 0 148 0.8910426153571489 0.4447045055588063
transition 763 0 884 0.5699722902326056 0.08133411351667642
transition 763 0 375 -0.6867933368904604 0.06670567583382095
transition 763 0 410 -0.4652211375466768 0.1802223522527794
transition 763 0 623 0.9623017378612497 0.22703335283791692
transition 763 1 623 0.5586891416901845 1.0
transition 763 2 663 0.36561260655599326 0.19179086244808208
transition 763 2 421 -0.6717115252726815 0.10090398240899096
transition 763 2 812 -0.0694889956399336 0.021500122159784998
transition 763 2 660 0.8573685811961533 0.22941607622770585
transition 763 2 623 -0.0445165627622266 0.4563889567554361
transition 764 0 644 -0.07247955871756773 0.4350899742930591
transition 764 0 642 0.6705722076933827 0.06619537275064268
transition 764 0 327 -0.42986718582455397 0.4987146529562982
transition 764 1 491 0.3119169945090976 0.3273542600896861
transition 764 1 412 -0.1683261662329958 0.21076233183856502
transition 764 1 327 0.45108734647650506 0.4618834080717489
transition 764 2 160 -0.7837597142922099 0.6323924731182796
transition 764 2 327 0.2950125867201445 0.36760752688172044
transition 765 0 25 0.2245261093477604 0.5469912102772143
transition 765 0 908 -0.5245903990847953 0.03786342123056119
transition 765 0 693 -0.5691044851966545 0.14266396213657878
transition 765 0 389 -0.09240027930554384 0.2724814063556457
transition 765 1 389 -0.8638815655548768 1.0
transition 765 2 386 -0.1970311030113756 0.31043956043956045
transition 765 2 925 0.7723443770836587 0.03021978021978022
transition 765 2 850 0.16379984461106023 0.24332810047095763
transition 765 2 389 -0.01234865812343533 0.41601255886970173
transition 766 0 821 -0.628165549487584 0.22786841401444236
transition 766 0 162 -0.12050039765543263 0.07970045466702327
transition 766 0 523 -0.2405847580423044 0.16421503075688687
transition 766 0 158 0.8107729508780994 0.030756886868146562
transition 766 0 229 -0.8194770646583704 0.49745921369350093
transition 766 1 861 0.3759297464175526 0.035205696202531646
transition 766 1 951 0.8689772602454688 0.31408227848101267
transition 766 1 67 0.9903454652824684 0.0015822784810126582
transition 766 1 580 -0.002757801848010333 0.16653481012658228
transition 766 1 229 -0.9604464220593225 0.4825949367088608
transition 766 2 229 0.9271700969210541 1.0
transition 767 0 776 0.38340044695488107 0.11581649021495027
transition 767 0 543 0.7730397861408314 0.04587744626243183
transition 767 0 306 -0.17338524609600592 0.21751684311838307
transition 767 0 371 0.4297605423912547 0.2431825473211421
transition 767 0 350 -0.016012560501113215 0.3776066730830927
transition 767 1 324 -0.7963329834198598 0.14482758620689656
transition 767 1 103 -0.8216875493617892 0.21099137931034484
transition 767 1 851 0.4830984454526479 0.1857758620689655
transition 767 1 350 -0.5902708602293678 0.4584051724137931
transition 767 2 350 0.03504614015916063 1.0
transition 768 0 331 0.05485151179476655 0.11472480343102216
transition 768 0 608 0.06724527747540199 0.2537526804860615
transition 768 0 781 0.9807909422607102 0.25089349535382416
transition 768 0 853 0.08667550470034624 0.3806290207290922
transition 768 1 853 0.8564063441317264 1.0
transition 768 2 447 0.5293383951415638 0.1337386018237082
transition 768 2 287 -0.23286049418139676 0.020263424518743668
transition 768 2 683 -0.5240582717570206 0.353596757852077
transition 768 2 853 -0.5555163849623537 0.49240121580547114
transition 769 0 466 0.05449244982590029 0.6634920634920635
transition 769 0 793 -0.941748455660349 0.33650793650793653
transition 769 1 922 0.9859836225075316 0.2063953488372093
transition 769 1 474 -0.45796678939838986 0.056104651162790696
transition 769 1 554 -0.40899845100267096 0.005813953488372093
transition 769 1 127 0.625057625551658 0.2880813953488372
transition 769 1 793 -0.9055435749592193 0.4436046511627907
transition 769 2 534 0.7612293822682361 0.2898832684824903
transition 769 2 347 -0.1623793766684365 0.253242542153048
transition 769 2 737 -0.5246849447564002 0.11186770428015565
transition 769 2 480 0.9595004681027262 0.16926070038910507
transition 769 2 793 0.3660483079282171 0.17574578469520102
transition 770 0 809 0.46206061135042686 0.11549746599093091
transition 770 0 640 0.0673484935326305 0.20112029874633236
transition 770 0 121 -0.05079479169865153 0.1947185916244332
transition 770 0 672 -0.7949567920326137 0.11389703921045612
transition 770 0 210 0.9231637643776476 0.3747666044278474
transition 770 1 14 0.9574288980025625 0.18766066838046272
transition 770 1 460 0.7428465705503049 0.194515852613539
transition 770 1 914 -0.7145523061882835 0.19173093401885175
transition 770 1 210 -0.5198259038906523 0.42609254498714655
transition 770 2 210 -0.1998304681030041 1.0
transition 771 0 243 -0.6777882488695965 0.2741020793950851
transition 771 0 468 -0.3708971680681614 0.33459357277882795
transition 771 0 461 0.429347145262311 0.391304347826087
transition 771 1 501 -0.4534945912125963 0.14244279729294232
transition 771 1 71 0.9661895819639601 0.12149532710280374
transition 771 1 792 0.5026073868292387 0.05897518530454399
transition 771 1 193 0.045252521790528855 0.2010957138253303
transition 771 1 461 0.05983830629351372 0.47599097647437966
transition 771 2 977 0.6694422743331598 0.18796138557637707
transition 771 2 582 -0.1325373353643835 0.30664395229982966
transition 771 2 271 0.6832293587373961 0.17603634298693924
transition 771 2 461 -0.7200911589829493 0.32935831913685404
transition 772 0 263 0.7163106633999221 0.2019730010384216
transition 772 0 657 -0.5324148533581583 0.1640706126687435
transition 772 0 799 0.9124964896071663 0.0264797507788162
transition 772 0 724 -0.45300122766801065 0.1142263759086189
transition 772 0 365 -0.781293677442839 0.4932502596053998
transition 772 1 365 -0.8527102609440516 1.0
transition 772 2 829 -0.543830898620834 0.04172043010752688
transition 772 2 401 -0.10455916510523156 0.31655913978494626
transition 772 2 322 0.24543564485882263 0.3221505376344086
transition 772 2 365 0.5804686407936197 0.3195698924731183
transition 773 0 917 0.328964592772534 0.20750605326876514
transition 773 0 691 0.19226241383142972 0.036803874092009685
transition 773 0 245 0.11520073071278136 0.15084745762711865
transition 773 0 106 -0.5616254423301041 0.11961259079903147
transition 773 0 715 -0.4080684149012106 0.48523002421307504
transition 773 1 715 -0.6156239741710416 1.0
transition 773 2 170 -0.10382783793977013 0.7516279069767442
transition 773 2 715 -0.7041382893005577 0.2483720930232558
transition 774 0 377 -0.1344979450294641 0.2382173773645399
transition 774 0 998 0.7973850415672383 0.31773004168002567
transition 774 0 712 -0.144910993350569 0.44405258095543443
transition 774 1 712 -0.8018058069171963 1.0
transition 774 2 876 0.19197961935482932 0.7247639796659404
transition 774 2 712 0.02937220098611082 0.27523602033405953
transition 775 0 98 0.7840090237671744 0.16276391554702496
transition 775 0 331 -0.9251319214581393 0.19923224568138195
transition 775 0 395 -0.5454743983896668 0.21343570057581573
transition 775 0 881 0.4399206507563518 0.09827255278310941
transition 775 0 535 0.056558349176516254 0.32629558541266795
transition 775 1 763 -0.808305842351478 0.5958775765146783
transition 775 1 535 0.6217560051207687 0.4041224234853217
transition 775 2 764 -0.723725082298943 0.18546712802768167
transition 775 2 943 -0.025553165891468055 0.27889273356401384
transition 775 2 821 0.45092114032872876 0.035986159169550176
transition 775 2 535 -0.13635222949227654 0.4996539792387543
transition 776 0 13 -0.30543156280920614 0.2535885167464115
transition 776 0 981 0.7086021548877925 0.18435125246270756
transition 776 0 464 0.8489210354297074 0.12721643681396003
transition 776 0 897 -0.3752319884754889 0.4348437939769209
transition 776 1 673 0.33265958764469783 0.2169811320754717
transition 776 1 455 0.6852066459296191 0.02631578947368421
transition 776 1 928 0.6728374033477142 0.26911618669314796
transition 776 1 417 -0.028241141433289263 0.27904667328699106
transition 776 1 897 0.6737359060627706 0.20854021847070506
transition 776 2 349 0.4955546970980078 0.3435374149659864
transition 776 2 52 -0.0025595661302646455 0.48072562358276644
transition 776 2 897 -0.18981606762055647 0.17573696145124718
transition 777 0 262 0.4668976605064281 0.2839661123313461
transition 777 0 967 0.2720676369406627 0.037339190461248825
transition 777 0 923 0.8201289732756365 0.21932852212111703
transition 777 0 240 -0.23909857479750984 0.459366175086288
transition 777 1 240 -0.6356773733517789 1.0
transition 777 2 347 0.3405301021904641 0.10529891304347826
transition 777 2 739 -0.6038957139900167 0.44157608695652173
transition 777 2 240 -0.10556400773518604 0.453125
transition 778 0 662 -0.9774064481829652 0.05625657202944269
transition 778 0 503 0.6651976084141213 0.19453207150368035
transition 778 0 852 0.9881334364849466 0.4815983175604627
transition 778 0 276 0.7464799957096035 0.2676130389064143
transition 778 1 640 0.8490554967722814 0.5236842105263158
transition 778 1 754 0.6550043231662781 0.035526315789473684
transition 778 1 276 -0.2979736742966772 0.4407894736842105
transition 778 2 474 0.9035204223842932 0.22812051649928264
transition 778 2 769 0.2837139144502594 0.2746054519368723
transition 778 2 276 -0.7935691132555045 0.49727403156384503
transition 779 0 374 -0.8071632100297113 0.3681345868381989
transition 779 0 895 0.3996735889861329 0.16575952498762989
transition 779 0 58 -0.1002330985291191 0.01632855022266205
transition 779 0 426 0.6359670695694113 0.44977733795150915
transition 779 1 426 0.21876174175121088 1.0
transition 779 2 426 -0.7589695197602784 1.0
transition 780 0 855 -0.7300019488601546 0.0221483942414175
transition 780 0 285 0.1644364067998758 0.18327796234772978
transition 780 0 502 0.7944492673270334 0.2009966777408638
transition 780 0 329 -0.12213578314532092 0.11627906976744186
transition 780 0 182 0.2712178280671915 0.47729789590254706
transition 780 1 504 0.7257469829222818 0.05248868778280543
transition 780 1 980 -0.5248133819464134 0.38461538461538464
transition 780 1 978 -0.1843683877009641 0.2072398190045249
transition 780 1 182 0.623425480609783 0.3556561085972851
transition 780 2 899 -0.8583202513793133 0.09652996845425868
transition 780 2 631 0.3401588399150357 0.4933753943217666
transition 780 2 182 -0.1621663387756922 0.41009463722397477
transition 781 0 743 -0.3067499936218656 0.002449979583503471
transition 781 0 824 -0.498100692796978 0.27276439363005306
transition 781 0 787 -0.633016996036615 0.19150673744385463
transition 781 0 968 -0.7021853418951101 0.20293997550020418
transition 781 0 775 -0.6742825207805403 0.3303389138423847
transition 781 1 30 0.008542349574051755 0.09444260668210387
transition 781 1 491 0.9698876481322374 0.14521998015216672
transition 781 1 589 0.1413727678186507 0.1520013231888852
transition 781 1 558 0.3642629175136274 0.1397618260006616
transition 781 1 775 -0.41882585652700954 0.4685742639761826
transition 781 2 225 -0.6416764679655673 0.6265182186234818
transition 781 2 775 -0.15214225761437472 0.3734817813765182
transition 782 0 786 0.03811010866173459 1.0
transition 782 1 560 -0.04184258656623485 0.31120053655264923
transition 782 1 241 -0.3051675497144528 0.19785378940308518
transition 782 1 223 0.019374045296584486 0.0409121395036888
transition 782 1 786 -0.44582415494167993 0.4500335345405768
transition 782 2 627 0.1000958839975501 0.18690866962734118
transition 782 2 267 -0.4303056386199047 0.175323421509944
transition 782 2 437 -0.3053257584669249 0.1258930295423827
transition 782 2 558 0.8691517242158302 0.07395250048271867
transition 782 2 786 -0.554173963236813 0.4379223788376134
transition 784 0 836 -0.4421450563710372 0.2985418265541059
transition 784 0 196 0.36809288619454916 0.15809669992325404
transition 784 0 282 0.5328202887698714 0.07521105141980046
transition 784 0 402 -0.40512120137050434 0.21335379892555642
transition 784 0 808 -0.6940711051192632 0.2547966231772832
transition 784 1 871 -0.17713539302289538 0.08782608695652173
transition 784 1 518 0.5864683907056176 0.1408695652173913
transition 784 1 740 -0.8758036366093518 0.25623188405797104
transition 784 1 551 -0.5043878250037344 0.1310144927536232
transition 784 1 808 -0.9689873480784192 0.38405797101449274
transition 784 2 783 -0.7368364010055135 0.18731268731268733
transition 784 2 82 -0.3392386791357038 0.14585414585414586
transition 784 2 748 -0.29650933696388715 0.3276723276723277
transition 784 2 808 -0.5843911268484672 0.33916083916083917
transition 786 0 794 0.35815285275845987 0.09040590405904059
transition 786 0 960 0.006291063852968293 0.23154981549815498
transition 786 0 214 0.9389187454003702 0.18450184501845018
transition 786 0 755 0.11014703324746411 0.4935424354243542
transition 786 1 155 0.03641448589830776 0.7948016415868673
transition 786 1 755 -0.03085752237712458 0.2051983584131327
transition 786 2 254 -0.4277125948206846 0.300507614213198
transition 786 2 338 -0.4852622262895745 0.29001692047377325
transition 786 2 313 0.6614592751174668 0.09678510998307953
transition 786 2 755 0.765751850523609 0.31269035532994927
transition 787 0 729 -0.7114934845134104 0.051593323216995446
transition 787 0 278 -0.2735013617888389 0.2986342943854325
transition 787 0 430 -0.6707452611134435 0.25887708649468893
transition 787 0 844 -0.9833486009165002 0.07738998482549317
transition 787 0 228 0.257228550412681 0.31350531107739
transition 787 1 374 -0.6636146343776552 0.16336825766395033
transition 787 1 317 -0.6234810833712996 0.007372914241365929
transition 787 1 695 0.2255475573258563 0.08149010477299184
transition 787 1 555 0.08615930836456509 0.2630966239813737
transition 787 1 228 -0.16019617062832237 0.4846720993403182
transition 787 2 512 -0.22706351367028543 0.5312883435582823
transition 787 2 228 0.29069459792363683 0.4687116564417178
transition 789 0 805 -0.4599980949102347 1.0
transition 789 1 635 -0.8136467147451083 0.6575144508670521
transition 789 1 805 -0.7102451078167147 0.342485549132948
transition 789 2 798 0.38811139053737986 0.23376251788268956
transition 789 2 387 0.7178513890198173 0.08469241773962805
transition 789 2 974 0.7619421591639763 0.19141630901287554
transition 789 2 805 -0.46378120784037447 0.4901287553648069
transition 790 0 504 -0.2335355305755742 0.391395592864638
transition 790 0 948 -0.3383599786721059 0.13641133263378805
transition 790 0 482 0.741883741934539 0.472193074501574
transition 790 1 954 0.6088635564322089 0.00546448087431694
transition 790 1 36 0.7695385617851778 0.026358084217293475
transition 790 1 580 -0.3057351023338828 0.3018322082931533
transition 790 1 105 -0.7285293432113615 0.31886853101896495
transition 790 1 482 -0.8672459898304654 0.3474766955962713
transition 790 2 491 -0.1954830421805478 0.0051795580110497235
transition 790 2 699 0.9557341730423623 0.26519337016574585
transition 790 2 720 -0.9067448972119161 0.30248618784530384
transition 790 2 495 0.06116300857128665 0.17092541436464087
transition 790 2 482 0.5428082066243525 0.2562154696132597
transition 791 0 57 0.672469133321554 0.19484702093397746
transition 791 0 178 -0.26395195106140856 0.5217391304347826
transition 791 0 960 -0.8062135981091758 0.2834138486312399
transition 791 1 960 0.30190679047849955 1.0
transition 791 2 102 0.4104437692806826 0.08943305829118978
transition 791 2 282 0.014325877318486446 0.23582645727974447
transition 791 2 49 -0.07012363981701863 0.18791589033803566
transition 791 2 438 -0.22092305961971248 0.05270162363587969
transition 791 2 960 0.06519653578343898 0.43412297045515036
transition 792 0 890 -0.6047983034122117 1.0
transition 792 1 5 -0.9080484796028405 0.5586592178770949
transition 792 1 443 -0.856840992001725 0.055865921787709494
transition 792 1 890 -0.16865143157388274 0.3854748603351955
transition 792 2 845 -0.6471211739277967 0.6030701754385965
transition 792 2 890 -0.6742337579235951 0.3969298245614035
transition 793 0 100 0.4509396191068207 0.19787751492372319
transition 793 0 453 -0.43593587088274766 0.1972142383373867
transition 793 0 375 0.19300044402835903 0.07782445279681627
transition 793 0 367 -0.6876739634829887 0.03802785761662613
transition 793 0 538 0.7012963462150326 0.4890559363254477
transition 793 1 538 -0.8396055455868934 1.0
transition 793 2 550 -0.4620146062913164 0.7679403541472507
transition 793 2 538 -0.08303938384430443 0.2320596458527493
transition 794 0 245 0.9992302128760404 0.4101068999028183
transition 794 0 596 -0.7660448525989536 0.14285714285714285
transition 794 0 935 0.6662044272905387 0.44703595724003886
transition 794 1 567 -0.9319656475674483 0.20631514408338442
transition 794 1 659 0.23276772942395318 0.15941140404659718
transition 794 1 281 -0.9607124684611126 0.26824034334763946
transition 794 1 935 0.052348466694842166 0.3660331085223789
transition 794 2 688 -0.7078383024046775 0.21264143581740147
transition 794 2 982 -0.29405046509501354 0.3066718689036286
transition 794 2 935 0.27380575893150505 0.48068669527896996
transition 795 0 349 0.2673969991108043 1.0
transition 795 1 86 0.5489767678275599 0.06570223025919228
transition 795 1 631 0.8849441865569447 0.2805907172995781
transition 795 1 723 -0.41458574770209333 0.24442435201928872
transition 795 1 349 0.4339632816995127 0.4092827004219409
transition 795 2 848 0.7368379245995538 0.7422680412371134
transition 795 2 349 -0.2667258235273864 0.25773195876288657
transition 796 0 45 0.8053472162445576 0.20929455031761954
transition 796 0 731 -0.21551329244569106 0.3005683717820127
transition 796 0 554 -0.6357467020334582 0.49013707790036776
transition 796 1 512 0.079931032549583 0.7636887608069164
transition 796 1 554 0.6416406291198409 0.23631123919308358
transition 796 2 554 -0.5321149286716558 1.0
transition 798 0 987 -0.6223780274986113 0.6463963963963963
transition 798 0 500 0.27123090717284715 0.09009009009009009
transition 798 0 727 0.6000857859312727 0.2635135135135135
transition 798 1 533 -0.8696060738054996 0.48136482939632547
transition 798 1 899 0.008056159745711167 0.32020997375328086
transition 798 1 727 0.18880823752790676 0.1984251968503937
transition 798 2 166 0.04700947318700677 0.7373637264618434
transition 798 2 727 0.6698523425606799 0.2626362735381566
transition 799 0 766 -0.10943940377247263 0.13122171945701358
transition 799 0 548 -0.5016059276610911 0.14731020613373555
transition 799 0 384 0.40779711234140836 0.06711915535444947
transition 799 0 937 -0.2757603655660874 0.19808949220713926
transition 799 0 189 0.8187885514004449 0.45625942684766213
transition 799 1 740 0.21011833641176603 0.3193566915565767
transition 799 1 904 -0.21504991603419965 0.1935669155657668
transition 799 1 189 -0.2572252289906578 0.4870763928776565
transition 799 2 189 0.6144545584514503 1.0
transition 801 0 763 0.7434481769009162 0.21485750880563562
transition 801 0 131 0.3104559932256399 0.3160422670509126
transition 801 0 273 -0.5834295351334082 0.044508485430675634
transition 801 0 286 0.6660528102013952 0.42459173871277617
transition 801 1 556 0.07966832186890804 0.268161180476731
transition 801 1 599 -0.7555708828045442 0.2185017026106697
transition 801 1 561 -0.6511802734878553 0.25595913734392733
transition 801 1 424 -0.18916590657016297 0.07377979568671963
transition 801 1 286 0.4725714277981228 0.18359818388195231
transition 801 2 792 -0.5438974327886317 0.40012292562999385
transition 801 2 700 -0.3169511328503909 0.25568531038721576
transition 801 2 286 -0.5873903031311845 0.3441917639827904
transition 802 0 3 -0.3339575205925762 0.13059984813971146
transition 802 0 812 -0.29044844601698494 0.22627182991647685
transition 802 0 976 -0.7787956632373252 0.15110098709187547
transition 802 0 488 -0.8742056068635013 0.4920273348519362
transition 802 1 642 0.6250969668483677 0.31440622972096044
transition 802 1 942 -0.23480914903728367 0.2326411421155094
transition 802 1 488 -0.5092374516953191 0.45295262816353016
transition 802 2 416 -0.847848304675686 0.5972850678733032
transition 802 2 488 0.9131160634088125 0.40271493212669685
transition 805 0 909 -0.814599694031025 0.5073839662447257
transition 805 0 395 0.6737108873859099 0.49261603375527424
transition 805 1 395 -0.2979951328352817 1.0
transition 805 2 395 -0.3986801220305576 1.0
transition 806 0 613 0.9006581515492573 1.0
transition 806 1 399 0.8244165246649064 0.527027027027027
transition 806 1 613 -0.36130517659182493 0.47297297297297297
transition 806 2 566 -0.5680415212371248 0.8409090909090909
transition 806 2 613 0.5605779494032266 0.1590909090909091
transition 807 0 342 -0.7199678515254637 0.37186629526462395
transition 807 0 489 0.5073858260068935 0.26740947075208915
transition 807 0 602 -0.516616983212735 0.050603528319405754
transition 807 0 372 -0.5565750591904142 0.1341689879294336
transition 807 0 781 0.5605683929635756 0.17595171773444754
transition 807 1 911 0.3766935612165214 0.09013333333333333
transition 807 1 867 -0.610293681575877 0.23306666666666667
transition 807 1 159 -0.6168318241504847 0.3248
transition 807 1 781 -0.8236835867375749 0.352
transition 807 2 407 -0.8622000149158959 0.21067867481505306
transition 807 2 476 -0.27989989337185217 0.20231585718880668
transition 807 2 428 -0.006540613501964776 0.13541331617883565
transition 807 2 781 -0.34272237947776985 0.4515921518173046
transition 808 0 829 -0.7409404454550774 0.3650990099009901
transition 808 0 837 -0.9268389585636554 0.19121287128712872
transition 808 0 644 -0.9121767727390218 0.4436881188118812
transition 808 1 302 -0.4432568016070433 0.37999102736653206
transition 808 1 132 -0.051670848185879414 0.43562135486765363
transition 808 1 644 -0.7623204073029792 0.18438761776581428
transition 808 2 34 -0.5932473174168478 0.3578076525336091
transition 808 2 921 -0.6966156065197724 0.21871768355739402
transition 808 2 644 -0.268304362982853 0.4234746639089969
transition 809 0 511 -0.3452842790479813 0.332425995236475
transition 809 0 715 -0.554702896817405 0.27424293977543385
transition 809 0 906 -0.2775451448473667 0.3933310649880912
transition 809 1 906 0.9710391881815021 1.0
transition 809 2 730 -0.04793536127635645 0.21726078799249532
transition 809 2 449 -0.8228451108069292 0.251031894934334
transition 809 2 827 0.96374210583132 0.0772983114446529
transition 809 2 906 0.7823092778804761 0.4544090056285178
transition 810 0 824 0.41411528925158536 0.31875211936249576
transition 810 0 196 0.1315009355621044 0.034927093930145814
transition 810 0 478 -0.5560115830452323 0.3312987453374025
transition 810 0 272 0.27764189372623926 0.31502204136995593
transition 810 1 948 -0.6356203529191722 0.24982256919801277
transition 810 1 482 -0.3057352942370024 0.35060326472675657
transition 810 1 700 -0.27250135320892355 0.07984386089425125
transition 810 1 272 -0.08075587983018573 0.3197303051809794
transition 810 2 634 -0.38270073264491744 0.6470588235294118
transition 810 2 272 -0.1576210800250466 0.35294117647058826
transition 811 0 745 -0.8601489916118263 0.3205409356725146
transition 811 0 366 -0.5769313847510236 0.23464912280701755
transition 811 0 763 -0.4783536729083071 0.06542397660818713
transition 811 0 635 0.6616911181132261 0.04312865497076023
transition 811 0 10 0.6577157593291074 0.3362573099415205
transition 811 1 516 0.07212166626256056 0.5494186046511628
transition 811 1 10 0.5349203039225592 0.45058139534883723
transition 811 2 296 0.9383541293459117 0.8102189781021898
transition 811 2 10 0.3345778374101531 0.1897810218978102
transition 812 0 880 0.5819026453527838 0.5427480916030535
transition 812 0 928 0.9489466714159092 0.45725190839694657
transition 812 1 928 0.8548839874989591 1.0
transition 812 2 701 0.08471271468378982 0.557679180887372
transition 812 2 928 0.7007538081026785 0.442320819112628
transition 813 0 908 -0.42324661967521005 0.5732708089097304
transition 813 0 303 -0.33844762453078236 0.42672919109026963
transition 813 1 172 0.593443878083278 0.5984251968503937
transition 813 1 303 0.8810094134797932 0.4015748031496063
transition 813 2 303 -0.2395002658326124 1.0
transition 814 0 406 0.4779165079283181 0.3033492822966507
transition 814 0 38 0.8290560282615589 0.06794258373205742
transition 814 0 337 -0.4875999634411772 0.0682615629984051
transition 814 0 658 -0.756601226980377 0.28197767145135566
transition 814 0 905 -0.5509862754820554 0.2784688995215311
transition 814 1 923 -0.5971567440665437 0.054959785522788206
transition 814 1 842 -0.5600770836073803 0.45308310991957107
transition 814 1 905 0.4110218669207595 0.49195710455764075
transition 814 2 775 -0.46566403940141443 0.10628618693134823
transition 814 2 682 -0.44093292119648075 0.15591397849462366
transition 814 2 981 -0.008234232705144784 0.2369727047146402
transition 814 2 742 -0.9228735729459518 0.20264681555004135
transition 814 2 905 -0.937673608556163 0.29818031430934655
transition 815 0 445 0.27121147251874267 0.023836985774702037
transition 815 0 615 0.4879861245665238 0.27835447904652055
transition 815 0 880 0.8101557485080786 0.0922722029988466
transition 815 0 617 0.21537021924249888 0.18262206843521722
transition 815 0 869 0.261649647209226 0.4229142637447136
transition 815 1 710 -0.6018328771859567 0.5392781316348195
transition 815 1 869 -0.4765793746603404 0.4607218683651805
transition 815 2 869 -0.8625438208300011 1.0
transition 816 0 610 0.11926131971549125 1.0
transition 816 1 623 0.7479880247688049 0.24370794916521304
transition 816 1 15 0.6911822349117509 0.17717418390231746
transition 816 1 218 -0.8579308497853682 0.11736855220533267
transition 816 1 610 -0.9640147454335892 0.4617493147271368
transition 816 2 312 -0.10578151983965789 0.6815550041356493
transition 816 2 610 -0.3925074933491739 0.3184449958643507
transition 817 0 70 0.730876944620567 0.21534063839923773
transition 817 0 966 0.8201897429826639 0.1515007146260124
transition 817 0 482 -0.25486173255827493 0.18294425917103382
transition 817 0 657 0.5810430051567084 0.45021438780371603
transition 817 1 309 0.009827005683653578 0.24561849123698248
transition 817 1 934 0.03654753261435717 0.23266446532893065
transition 817 1 15 -0.43636137059174773 0.11633223266446532
transition 817 1 657 -0.14305583089919782 0.4053848107696215
transition 817 2 261 0.9891873825622883 0.558282208588957
transition 817 2 657 -0.2829762657536068 0.44171779141104295
transition 818 0 624 -0.3430168601491568 0.004191114836546521
transition 818 0 472 -0.1816726215005915 0.012573344509639563
transition 818 0 708 -0.8340898897023157 0.625314333612741
transition 818 0 265 0.04577039627287105 0.35792120704107294
transition 818 1 33 -0.3195798503760887 0.5207715133531158
transition 818 1 224 0.9919391038263636 0.3086053412462908
transition 818 1 265 -0.08013593538331443 0.17062314540059348
transition 818 2 650 -0.9010593710685033 0.21499815293683044
transition 818 2 525 0.9752963618212753 0.13668267454746952
transition 818 2 57 0.4009100743550358 0.3638714444033986
transition 818 2 265 0.8320142265111283 0.28444772811230146
transition 819 0 918 0.9017412299404337 0.5617391304347826
transition 819 0 446 0.5529527554409017 0.43826086956521737
transition 819 1 446 0.611507862531117 1.0
transition 819 2 446 -0.986503176983043 1.0
transition 820 0 646 -0.6859083813034803 0.349312028406569
transition 820 0 823 -0.22620322525905978 0.07057256990679095
transition 820 0 76 0.19095854172280835 0.28051486906347095
transition 820 0 749 0.2790451960301308 0.2996005326231691
transition 820 1 138 0.2824656122950058 0.16145590293980402
transition 820 1 821 -0.42974464232308596 0.14652356509566028
transition 820 1 521 -0.8342912309901929 0.32197853476434907
transition 820 1 101 -0.24515558741869103 0.06672888474101726
transition 820 1 749 -0.47847510364861656 0.30331311245916937
transition 820 2 459 0.4426335881317236 0.4560931899641577
transition 820 2 853 0.21282326993685685 0.21057347670250895
transition 820 2 749 0.857757379613953 0.3333333333333333
transition 821 0 647 0.7081799111181035 0.13756345177664975
transition 821 0 435 -0.8717593446911023 0.08426395939086294
transition 821 0 536 0.19716907268278505 0.41725888324873095
transition 821 0 356 -0.8269695968468969 0.36091370558375635
transition 821 1 938 -0.8422023613842067 0.24634591961023142
transition 821 1 844 -0.16881927093946714 0.2633982947624848
transition 821 1 356 -0.7105860366551959 0.4902557856272838
transition 821 2 331 -0.610548292540585 0.3487394957983193
transition 821 2 471 0.021029965979512122 0.2773109243697479
transition 821 2 356 0.8090507085983962 0.3739495798319328
transition 822 0 448 0.06355676990439263 1.0
transition 822 1 144 -0.12496908562839582 0.5526315789473685
transition 822 1 448 0.40490107917921003 0.4473684210526316
transition 822 2 636 0.857812990493555 0.2417927490722238
transition 822 2 801 -0.027108396767494325 0.0022837567799029405
transition 822 2 251 0.8193778251377994 0.27205252640593774
transition 822 2 448 0.1987881924832473 0.4838709677419355
transition 823 0 743 -0.8123834572480395 0.18177666133820508
transition 823 0 538 0.3000933971063504 0.19205298013245034
transition 823 0 308 -0.1475666308285044 0.032655857501712716
transition 823 0 236 -0.6549136605440988 0.1724137931034483
transition 823 0 643 -0.5505047071040976 0.4211007079241836
transition 823 1 403 0.12160472395632227 0.1554709141274238
transition 823 1 532 0.4968825860968873 0.3015927977839335
transition 823 1 400 0.030236494518968593 0.31613573407202217
transition 823 1 643 -0.56265784120567 0.2268005540166205
transition 823 2 502 -0.7364745531019725 0.1690885072655218
transition 823 2 801 -0.7997788503697796 0.3126376045794804
transition 823 2 515 0.5495632643361537 0.3104359313077939
transition 823 2 643 0.8478492614420978 0.20783795684720388
transition 824 0 277 0.18409798935445254 0.2648626486264863
transition 824 0 819 0.7186247022848249 0.06560065600656007
transition 824 0 703 0.6702997943153834 0.32718327183271834
transition 824 0 392 0.689127049875593 0.06191061910619106
transition 824 0 713 -0.2008368411420165 0.28044280442804426
transition 824 1 145 -0.28392110212653043 0.6409807355516638
transition 824 1 713 -0.020051663494870198 0.35901926444833626
transition 824 2 713 -0.6648300306885009 1.0
transition 825 0 653 0.07893629420593906 0.2613257033857892
transition 825 0 558 -0.9419353277380182 0.019074868860276584
transition 825 0 515 0.8447373525248958 0.28946113495469716
transition 825 0 474 0.007105486706287412 0.1855030996661898
transition 825 0 765 -0.10965111134522676 0.2446351931330472
transition 825 1 19 -0.9490006719826574 0.022008803521408563
transition 825 1 466 -0.4632394901552963 0.12725090036014405
transition 825 1 185 0.5027814965282424 0.3169267707082833
transition 825 1 217 0.4005993185618759 0.3585434173669468
transition 825 1 765 -0.44725918723455416 0.1752701080432173
transition 825 2 866 0.4258092721178237 0.616871704745167
transition 825 2 765 0.19717225917608872 0.38312829525483305
transition 826 0 50 -0.6956995785941094 0.37349397590361444
transition 826 0 506 -0.7259107202474009 0.14926372155287818
transition 826 0 413 -0.35691528666726846 0.47724230254350736
transition 826 1 69 0.3428612477990354 0.6421052631578947
transition 826 1 413 0.550163606806187 0.35789473684210527
transition 826 2 780 0.9512452080458638 0.5587084148727984
transition 826 2 413 -0.5521095409071357 0.44129158512720157
transition 827 0 753 0.20288059407014125 0.30498220640569396
transition 827 0 957 -0.47502278906075435 0.1711743772241993
transition 827 0 525 -0.9659569063496363 0.23558718861209965
transition 827 0 329 0.05002828650448321 0.05871886120996441
transition 827 0 119 -0.5694658448979397 0.22953736654804271
transition 827 1 530 0.28444955208582656 0.07300970873786408
transition 827 1 254 0.8109126287046802 0.26407766990291265
transition 827 1 178 0.2697272913077675 0.23378640776699028
transition 827 1 119 0.005904608282898183 0.429126213592233
transition 827 2 164 -0.3354563915503417 0.5970873786407767
transition 827 2 119 -0.5202924107623375 0.4029126213592233
transition 828 0 735 0.8666259313207869 0.15933383047477007
transition 828 0 277 0.4000924510474362 0.18767089236887893
transition 828 0 292 -0.04770856200497797 0.16331096196868009
transition 828 0 838 -0.23870437591055405 0.4896843151876709
transition 828 1 307 0.3342607778445872 0.027442371020856202
transition 828 1 696 0.46103064584386666 0.22914379802414928
transition 828 1 105 0.17700929960031653 0.1610867178924259
transition 828 1 51 0.5972445125562464 0.2074643249176729
transition 828 1 838 0.2858775842539647 0.3748627881448957
transition 828 2 507 0.006258813619023806 0.585427135678392
transition 828 2 838 0.44123748605081037 0.41457286432160806
transition 829 0 630 0.12139110291623689 0.21754541426672575
transition 829 0 223 -0.014900377786846608 0.13668586619406292
transition 829 0 501 -0.7053015965298572 0.21001329198050508
transition 829 0 597 -0.4650171323056054 0.4357554275587062
transition 829 1 875 -0.8345022385134939 0.5607675906183369
transition 829 1 597 0.2019567360943686 0.43923240938166314
transition 829 2 841 -0.37465554400069956 0.11428571428571428
transition 829 2 406 -0.3298631932722489 0.052030075187969926
transition 829 2 613 0.6761906909428237 0.12511278195488723
transition 829 2 372 0.9337155294145765 0.24541353383458647
transition 829 2 597 -0.013732263772051834 0.4631578947368421
transition 830 0 864 0.6649112658989111 0.22903033908387865
transition 830 0 123 0.05113923140713039 0.44378346222486614
transition 830 0 343 -0.26974148636527184 0.11719214753123142
transition 830 0 394 0.026959569816388695 0.2099940511600238
transition 830 1 240 -0.2906611027730446 0.38092956396741734
transition 830 1 23 -0.6186679367437515 0.11451844753234308
transition 830 1 18 0.00287382971117367 0.006229036895064686
transition 830 1 394 -0.24007848322700776 0.49832295160517487
transition 830 2 994 0.9189042206543634 0.2171331636980492
transition 830 2 990 -0.5832656839097554 0.02714164546225615
transition 830 2 810 0.28449477788362465 0.16963528413910092
transition 830 2 634 0.2501349571618019 0.17514843087362172
transition 830 2 394 0.19062311246150077 0.410941475826972
transition 831 0 673 0.3582708168585407 1.0
transition 831 1 673 -0.17773422451931054 1.0
transition 831 2 187 0.17157864913751397 0.21270793564221435
transition 831 2 495 0.22278657219642528 0.17971093536951185
transition 831 2 347 -0.8810178485113289 0.18298336514862285
transition 831 2 673 -0.8338550879443807 0.4245977638396509
transition 833 0 580 0.8169084537674094 0.36959837315709204
transition 833 0 743 -0.9598262713616939 0.1265887137773259
transition 833 0 303 0.7735357082166225 0.21657346212506354
transition 833 0 194 0.43176556915048736 0.28723945094051856
transition 833 1 34 0.8969565378034496 0.19243046055631555
transition 833 1 570 0.5685335531647793 0.09963520291837666
transition 833 1 139 -0.8538274248633175 0.11445508435932512
transition 833 1 625 -0.3396096578879608 0.19539443684450525
transition 833 1 194 -0.6623966664060397 0.39808481532147744
transition 833 2 481 -0.6746093625895306 0.7485380116959064
transition 833 2 194 0.49178617200638364 0.25146198830409355
transition 834 0 246 -0.9484876456693945 0.5267349260523322
transition 834 0 946 0.7279513935525632 0.4732650739476678
transition 834 1 758 0.6291223668765358 0.7744916820702403
transition 834 1 946 -0.9235302034961324 0.2255083179297597
transition 834 2 246 -0.2665300468852021 0.5324675324675324
transition 834 2 946 -0.13362053670923268 0.4675324675324675
transition 835 0 314 0.6776704129128943 0.5575139146567718
transition 835 0 199 0.7294719688486144 0.4424860853432282
transition 835 1 719 -0.21716118516144078 0.1721698113207547
transition 835 1 515 0.7690491553667771 0.4363207547169811
transition 835 1 199 0.9119883853871815 0.3915094339622642
transition 835 2 370 0.13828661326496405 0.042835130970724195
transition 835 2 499 0.575274658391822 0.20462249614791989
transition 835 2 351 -0.7304973282043936 0.08320493066255778
transition 835 2 980 0.002081938848601972 0.21571648690292758
transition 835 2 199 -0.8646423303678612 0.45362095531587054
transition 836 0 804 0.9017288015143126 0.2955665024630542
transition 836 0 959 0.17217581047961672 0.29064039408866993
transition 836 0 452 -0.9507008442645188 0.04774535809018567
transition 836 0 222 0.7291307094500596 0.010231148162182645
transition 836 0 11 0.626348932067752 0.3558165971959075
transition 836 1 195 0.5264169444342168 0.1299342105263158
transition 836 1 884 -0.8928332924439275 0.1356907894736842
transition 836 1 665 -0.9939858222750007 0.0800438596491228
transition 836 1 143 -0.04913046947376265 0.24424342105263158
transition 836 1 11 -0.11971862586248117 0.4100877192982456
transition 836 2 725 0.03179880502362398 0.7107664233576643
transition 836 2 11 -0.7646951407710165 0.2892335766423358
transition 837 0 606 0.8384468264182807 0.234375
transition 837 0 502 -0.7879795288472908 0.09049479166666667
transition 837 0 142 0.03995070193771566 0.2412109375
transition 837 0 542 0.02291701725636952 0.4339192708333333
transition 837 1 947 -0.020116191314301757 0.5102803738317757
transition 837 1 542 -0.7120462982072042 0.4897196261682243
transition 837 2 929 -0.2576818079817773 0.15549907578558225
transition 837 2 284 0.09810230653201946 0.14394639556377078
transition 837 2 33 -0.1509574568156835 0.11206099815157117
transition 837 2 156 0.2519537928394291 0.09542513863216266
transition 837 2 542 -0.011712526967692094 0.49306839186691315
transition 838 0 85 -0.7654446651578364 0.3330863282697295
transition 838 0 303 -0.1919261987922265 0.19599851796961837
transition 838 0 934 0.08795718453153434 0.019636902556502408
transition 838 0 83 0.7825955237771536 0.45127825120414966
transition 838 1 657 0.12839065135652694 0.06302021403091558
transition 838 1 104 -0.8447916823369219 0.2326595323028141
transition 838 1 111 -0.1554996348043749 0.09988109393579073
transition 838 1 758 -0.7932248513807889 0.35988902100673803
transition 838 1 83 0.8072811979765973 0.24455013872374157
transition 838 2 661 -0.6339505280678575 0.14413466596528143
transition 838 2 169 -0.4029729257237875 0.4844818516570226
transition 838 2 83 0.034123104746014876 0.371383482377696
transition 839 0 322 -0.5303470557239764 0.3475067645921917
transition 839 0 936 -0.8716462514376608 0.11171240819482026
transition 839 0 489 -0.036588914144466855 0.028604561267877852
transition 839 0 628 -0.4744834892818379 0.08813297255508311
transition 839 0 34 -0.7022093215819873 0.42404329339002705
transition 839 1 876 0.8436533693393138 0.637372802960222
transition 839 1 34 0.8738772989502048 0.36262719703977797
transition 839 2 34 -0.5473259893019222 1.0
transition 840 0 615 -0.715454593208908 0.10870095052400683
transition 840 0 155 0.03612450924839439 0.10748233000243725
transition 840 0 272 -0.8189111100635398 0.2166707287350719
transition 840 0 35 -0.10109789003861636 0.23738727760175482
transition 840 0 915 0.8603065430383652 0.3297587131367292
transition 840 1 724 0.016965993645518207 0.21870775885374424
transition 840 1 173 -0.15938765970791224 0.22925114895917817
transition 840 1 167 -0.6081086951915862 0.12625033792917004
transition 840 1 915 0.6733828007603777 0.4257907542579075
transition 840 2 522 0.3760549386512282 0.42680874929893436
transition 840 2 493 0.11258798496535372 0.10600112170499158
transition 840 2 915 0.788559275046004 0.46719012899607404
transition 841 0 599 0.500364829817703 0.775
transition 841 0 773 0.29346882185388146 0.225
transition 841 1 773 0.9133502500812565 1.0
transition 841 2 882 -0.3918372625759823 0.1259351620947631
transition 841 2 221 -0.9437559658234804 0.3786367414796342
transition 841 2 773 0.017826818795555033 0.49542809642560265
transition 842 0 365 0.011933150684085181 0.4546952224052718
transition 842 0 911 0.2300410963133097 0.18698517298187808
transition 842 0 608 -0.8729490815619105 0.35831960461285006
transition 842 1 608 0.3458217989049368 1.0
transition 842 2 554 0.930565465711221 0.21870584910991805
transition 842 2 560 0.25390766313127666 0.19327493642271829
transition 842 2 521 0.3958266207927199 0.11133088443063012
transition 842 2 615 0.05790267475094191 0.27719694829047753
transition 842 2 608 -0.51715681202569 0.199491381746256
transition 843 0 467 -0.5529831951779298 0.025901942645698426
transition 843 0 725 -0.8925966216384811 0.5282146160962072
transition 843 0 871 0.6636627125162065 0.20999074930619796
transition 843 0 486 -0.7406468291301955 0.23589269195189638
transition 843 1 211 -0.5481743787274167 0.5943025540275049
transition 843 1 486 -0.21992772080655665 0.4056974459724951
transition 843 2 208 0.06715923893389997 0.6640926640926641
transition 843 2 486 0.9657766002716979 0.3359073359073359
transition 844 0 434 -0.11896300964226003 0.3876651982378855
transition 844 0 769 0.9541603742571838 0.11674008810572688
transition 844 0 819 -0.877110672269485 0.4955947136563877
transition 844 1 268 -0.03903413325089233 0.07702154896522295
transition 844 1 194 -0.16148924637838458 0.14593556646042244
transition 844 1 752 -0.5978016778046713 0.15617665884360998
transition 844 1 628 -0.9816063516907265 0.14934926392148495
transition 844 1 819 -0.1215291787581605 0.47151696180925967
transition 844 2 819 -0.9585762014993884 1.0
transition 845 0 37 -0.015617776851654774 0.13992537313432835
transition 845 0 831 -0.2975520246803238 0.5708955223880597
transition 845 0 638 0.14923240164946439 0.2891791044776119
transition 845 1 914 0.9789175426374477 0.3820180604632901
transition 845 1 178 0.879620443380623 0.12053396152336082
transition 845 1 649 0.6502531661573125 0.01963093835885355
transition 845 1 281 0.8548204460996192 0.21790341578327443
transition 845 1 638 0.8124966662256801 0.259913623871221
transition 845 2 851 0.17424740146105622 0.5678513731825525
transition 845 2 638 0.9648346519296789 0.4321486268174475
transition 846 0 242 -0.014362184192462157 0.1625
transition 846 0 595 -0.7010269292550757 0.0434375
transition 846 0 231 -0.7812385118832099 0.2946875
transition 846 0 635 -0.42694562206811515 0.499375
transition 846 1 346 -0.4176361683640095 0.5152590489709014
transition 846 1 635 0.9193597039199266 0.48474095102909864
transition 846 2 68 -0.6306390368036932 0.1050184072854098
transition 846 2 231 -0.033023889008729546 0.16876574307304787
transition 846 2 895 -0.43013272554018367 0.1486146095717884
transition 846 2 171 0.8042646834936487 0.11431893043983724
transition 846 2 635 -0.418719941841063 0.4632823096299167
transition 847 0 827 -0.4290502007779686 0.24046635899927132
transition 847 0 51 -0.33508863908847 0.21204760748117563
transition 847 0 850 -0.29270581337819546 0.10735972795725042
transition 847 0 41 -0.292701518278526 0.11829001700267185
transition 847 0 584 0.5003238952556532 0.3218362885596308
transition 847 1 568 -0.7201609664323139 0.3316532258064516
transition 847 1 720 0.8546454733957349 0.1760752688172043
transition 847 1 959 -0.3682553077699222 0.29401881720430106
transition 847 1 584 -0.5269661568535331 0.198252688172043
transition 847 2 114 -0.3422740686092549 0.29142011834319526
transition 847 2 133 -0.6547347997340951 0.20759368836291914
transition 847 2 995 -0.0011136345256910207 0.16666666666666666
transition 847 2 584 -0.8145036631956466 0.3343195266272189
transition 848 0 509 0.1671197207584234 0.05205278592375367
transition 848 0 329 -0.6713834168594712 0.3662023460410557
transition 848 0 86 -0.6578811565939557 0.11033724340175953
transition 848 0 211 -0.8756452635619842 0.0872434017595308
transition 848 0 35 -0.3477779971809365 0.3841642228739003
transition 848 1 455 -0.5140811067685973 0.30983692793266704
transition 848 1 462 0.3785143448506545 0.2130457653866386
transition 848 1 35 0.5590401772836893 0.47711730668069435
transition 848 2 35 0.5892172187214775 1.0
transition 849 0 932 0.15464362789254826 0.28611898016997167
transition 849 0 271 0.6148860107228868 0.2773056342461442
transition 849 0 868 0.9603527337835409 0.14888259364180045
transition 849 0 403 -0.5552145383312594 0.037141957821844505
transition 849 0 5 0.7789457477487041 0.2505508341202392
transition 849 1 67 -0.9049355508260271 0.029805352798053526
transition 849 1 491 -0.00496759725816065 0.48175182481751827
transition 849 1 276 0.6080391699900944 0.0072992700729927005
transition 849 1 5 0.620058966860374 0.4811435523114355
transition 849 2 186 0.5204943751815176 0.5635135135135135
transition 849 2 5 0.011917623158185009 0.43648648648648647
transition 850 0 925 0.5926547721499129 1.0
transition 850 1 75 -0.1955316703761556 0.8072625698324022
transition 850 1 925 -0.013959595704523542 0.19273743016759776
transition 850 2 925 0.4000274848729981 1.0
transition 851 0 618 0.5867676414813028 1.0
transition 851 1 642 0.6736208894085267 0.3693379790940767
transition 851 1 326 -0.9309136006117438 0.21331784746418891
transition 851 1 618 0.56196244763088 0.4173441734417344
transition 851 2 188 -0.5092640623726792 0.24829600778967867
transition 851 2 896 -0.14728413757035907 0.2804284323271665
transition 851 2 618 -0.33984544637949865 0.47127555988315484
transition 852 0 388 0.6210111825120972 0.45989304812834225
transition 852 0 624 -0.7679167528387867 0.193048128342246
transition 852 0 731 -0.16861391022740269 0.033689839572192515
transition 852 0 510 0.08013775999628492 0.31336898395721924
transition 852 1 510 -0.8227093238018912 1.0
transition 852 2 381 -0.7312518759594613 0.23136246786632392
transition 852 2 502 -0.47013407105038163 0.4539845758354756
transition 852 2 510 -0.3778977388043563 0.3146529562982005
transition 853 0 543 0.40566406059810234 0.3455855855855856
transition 853 0 59 0.03753878728767002 0.13837837837837838
transition 853 0 770 0.9071833598509955 0.04432432432432432
transition 853 0 616 0.3868433783674017 0.4717117117117117
transition 853 1 753 -0.010059772559358082 0.5670731707317073
transition 853 1 616 0.6817401014273521 0.4329268292682927
transition 853 2 616 0.1866565042485373 1.0
transition 854 0 986 -0.5496513751432939 0.05698883326915672
transition 854 0 535 0.9965829731503233 0.3665768194070081
transition 854 0 812 -0.5813354372078576 0.37889872930304197
transition 854 0 735 -0.28376493968564476 0.19753561802079322
transition 854 1 261 -0.18995160176769366 0.11298245614035088
transition 854 1 267 0.09741005797694302 0.1317543859649123
transition 854 1 867 0.4215231931290766 0.10333333333333333
transition 854 1 302 0.09496059492793862 0.1656140350877193
transition 854 1 735 -0.14469171448420703 0.4863157894736842
transition 854 2 52 0.9692313824738623 0.4707142857142857
transition 854 2 318 0.07116818858378338 0.05357142857142857
transition 854 2 735 0.08060565365287053 0.4757142857142857
transition 855 0 188 0.5351954343644079 1.0
transition 855 1 730 -0.6164935888346665 0.364124597207304
transition 855 1 119 0.4739140565469928 0.13587540279269603
transition 855 1 188 0.9664871611937558 0.5
transition 855 2 432 -0.3833698747451011 0.6021505376344086
transition 855 2 188 0.9819911758602391 0.3978494623655914
transition 856 0 369 0.9043665213895669 0.2977008062108092
transition 856 0 503 0.6307849852028558 0.2824723798148701
transition 856 0 127 0.2741775712171295 0.03374141534786503
transition 856 0 576 -0.26665841218797337 0.16661690056733353
transition 856 0 217 -0.45280448942553164 0.21946849805912214
transition 856 1 49 -0.7836210630931011 0.06748971193415639
transition 856 1 265 -0.05270972140302943 0.13312757201646092
transition 856 1 784 -0.10436244402964534 0.13168724279835392
transition 856 1 769 0.28038185895445666 0.1911522633744856
transition 856 1 217 -0.9808040484399894 0.4765432098765432
transition 856 2 367 0.1687252651554758 0.5489795918367347
transition 856 2 356 -0.08489653971890676 0.23673469387755103
transition 856 2 217 0.24398342166829634 0.21428571428571427
transition 858 0 910 0.4119679378739518 0.5122994652406417
transition 858 0 889 0.688057465618301 0.48770053475935826
transition 858 1 889 0.8453980050006882 1.0
transition 858 2 726 -0.2398512978539833 0.38324754328497895
transition 858 2 25 -0.6369919820980259 0.3088441740758072
transition 858 2 889 -0.5686204438044791 0.3079082826392138
transition 859 0 896 0.9438888236679228 0.6384615384615384
transition 859 0 873 0.5314006169997598 0.36153846153846153
transition 859 1 50 0.29680206925175745 0.5829823083403538
transition 859 1 873 -0.28313118494882095 0.41701769165964614
transition 859 2 412 -0.7831070681938608 0.27771156138259834
transition 859 2 458 -0.5821337239239373 0.19308700834326578
transition 859 2 348 -0.40143932436322216 0.13825983313468415
transition 859 2 548 0.21495813315361234 0.04370282081843464
transition 859 2 873 -0.8618762934090178 0.3472387763210171
transition 860 0 146 0.595012364913051 0.6
transition 860 0 605 -0.9201637567123759 0.4
transition 860 1 930 0.7550085906553217 0.0847247990105133
transition 860 1 240 -0.26945438964268154 0.5219542362399505
transition 860 1 605 0.6178531951482338 0.39332096474953615
transition 860 2 607 -0.06376107180578261 0.05343511450381679
transition 860 2 571 -0.43670087816474434 0.14394765539803708
transition 860 2 920 0.9457948493237998 0.3511450381679389
transition 860 2 605 0.5394346585116292 0.4514721919302072
transition 861 0 262 0.057625359794966746 0.3358946212952799
transition 861 0 431 -0.46091584263245244 0.4149286498353458
transition 861 0 498 -0.9047598233381655 0.2491767288693743
transition 861 1 498 -0.217620318384264 1.0
transition 861 2 22 -0.6298857563801363 0.2579685507862303
transition 861 2 766 -0.9272713133933743 0.18827029324266895
transition 861 2 307 -0.3971260700481609 0.17637059073523162
transition 861 2 498 0.25034630517989376 0.3773905652358691
transition 862 0 849 -0.17155681640742682 1.0
transition 862 1 157 0.9535838360073081 0.07326672721768089
transition 862 1 3 0.5936914899273762 0.04511050560096882
transition 862 1 149 -0.40841871902829063 0.26672721768089613
transition 862 1 369 -0.4549839044772688 0.1516802906448683
transition 862 1 849 -0.9855670258703855 0.46321525885558584
transition 862 2 248 -0.4638337464893021 0.14878892733564014
transition 862 2 930 0.43643337483330136 0.2236159169550173
transition 862 2 571 -0.23639081859860456 0.10207612456747404
transition 862 2 377 0.12349612455795733 0.09429065743944637
transition 862 2 849 -0.9548579419123189 0.4312283737024221
transition 863 0 520 -0.7925630442884368 0.17536685109453934
transition 863 0 115 0.9514387575129959 0.14818378638441185
transition 863 0 456 -0.8946319013034454 0.19509261486649027
transition 863 0 222 -0.37661621988944294 0.03415924945874429
transition 863 0 965 -0.7267061985412435 0.4471974981958143
transition 863 1 743 0.8695976181193494 0.2368271954674221
transition 863 1 239 -0.3144352620021811 0.4
transition 863 1 951 -0.855217013306574 0.12691218130311616
transition 863 1 965 0.38067637251944 0.23626062322946176
transition 863 2 965 -0.558224973654514 1.0
transition 864 0 446 -0.602329790195695 0.10863005431502716
transition 864 0 894 -0.6335531118282947 0.2510561255280628
transition 864 0 953 0.6340756367240026 0.07423053711526856
transition 864 0 515 -0.49592540994492373 0.3910681955340978
transition 864 0 942 -0.4700229946848933 0.17501508750754374
transition 864 1 682 0.8480086226769199 0.2138487888426719
transition 864 1 759 0.7806804494950161 0.13212625397602154
transition 864 1 362 0.9581273730924915 0.18326400782970395
transition 864 1 975 -0.9929611388980215 0.009787129924149743
transition 864 1 942 -0.5278340764143525 0.4609738194274529
transition 864 2 347 0.7275949087222837 0.5493871665465032
transition 864 2 308 -0.9713683031523528 0.08940158615717375
transition 864 2 942 -0.1078444828266023 0.361211247296323
transition 865 0 665 -0.14393252289786806 0.7732793522267206
transition 865 0 130 0.5138436925439605 0.22672064777327935
transition 865 1 561 0.688695215977565 0.3598130841121495
transition 865 1 635 -0.9570271619950874 0.2982866043613707
transition 865 1 130 0.6249492890411978 0.34190031152647976
transition 865 2 677 0.5967456193333864 0.3167774736018772
transition 865 2 375 -0.4066521710840949 0.21314039890496675
transition 865 2 130 -0.09149277425463076 0.47008212749315603
transition 866 0 943 -0.28381774402424753 0.5983606557377049
transition 866 0 972 0.10562403498046802 0.4016393442622951
transition 866 1 972 0.21683249668114835 1.0
transition 866 2 201 0.9465259073753298 0.1683453237410072
transition 866 2 551 0.9519879590625913 0.3356115107913669
transition 866 2 897 0.21196303668917404 0.10107913669064748
transition 866 2 972 0.8044236245178795 0.3949640287769784
transition 867 0 606 -0.8823062425948172 0.40145985401459855
transition 867 0 317 -0.20740209560169243 0.39367396593673964
transition 867 0 305 -0.3646600225186769 0.2048661800486618
transition 867 1 305 -0.1507470465520655 1.0
transition 867 2 288 -0.39204679341166826 0.1689757545769421
transition 867 2 105 0.9628431743499366 0.1516575952498763
transition 867 2 747 -0.3419224407637076 0.13359722909450766
transition 867 2 84 -0.8759780820658183 0.14101929737753588
transition 867 2 305 0.004369618223103666 0.40475012370113805
transition 868 0 824 0.2736661954684203 0.18611632270168857
transition 868 0 224 -0.29024606095735117 0.2105065666041276
transition 868 0 734 0.017076806578524062 0.1399624765478424
transition 868 0 913 0.6527102966544032 0.4634146341463415
transition 868 1 571 -0.9726122154804409 0.5463917525773195
transition 868 1 913 -0.993596402324981 0.4536082474226804
transition 868 2 254 0.8660036512170834 0.18891836133215442
transition 868 2 82 0.12345945134912051 0.040671971706454466
transition 868 2 236 -0.4063400565207065 0.2720306513409962
transition 868 2 216 -0.9532663730179238 0.26760978485116416
transition 868 2 913 -0.25653248956217256 0.23076923076923078
transition 869 0 337 0.1908349663605704 0.4158496732026144
transition 869 0 630 -0.01986528668924037 0.39705882352941174
transition 869 0 988 0.28426571936755285 0.18709150326797386
transition 869 1 530 0.027325545060665757 0.20532319391634982
transition 869 1 670 -0.6743456356463682 0.2562152676221117
transition 869 1 746 0.603784086586826 0.10734132787364727
transition 869 1 988 -0.6106949198077478 0.4311202105878912
transition 869 2 533 0.5488514127881556 0.26868327402135234
transition 869 2 475 0.3872568727432564 0.1494661921708185
transition 869 2 349 0.8105702041272382 0.11921708185053381
transition 869 2 988 0.9175501674182844 0.4626334519572954
transition 870 0 271 -0.8773613051718065 0.5555555555555556
transition 870 0 887 0.5388747935878309 0.4444444444444444
transition 870 1 887 0.42515304863110326 1.0
transition 870 2 527 -0.2653560820902723 0.04645323289391086
transition 870 2 877 0.2975914516495868 0.4632768361581921
transition 870 2 295 0.6759999020424727 0.24231010671688638
transition 870 2 887 0.15990694951373707 0.24795982423101068
transition 871 0 723 -0.26962467312480176 0.5040064102564102
transition 871 0 764 0.04458122685649335 0.49599358974358976
transition 871 1 16 0.8349016900403623 0.3183649971214738
transition 871 1 316 -0.15879428303218002 0.03223949337938975
transition 871 1 195 -0.43970628406925427 0.11168681635002879
transition 871 1 506 -0.9749516997704419 0.28324697754749567
transition 871 1 764 0.19286499930648193 0.25446171560161196
transition 871 2 316 0.6822296143175453 0.2941540364986081
transition 871 2 220 -0.7144018297859207 0.2718836993504485
transition 871 2 51 -0.09938837789280663 0.07949273120940303
transition 871 2 764 0.8243710646919691 0.3544695329415404
transition 872 0 110 -0.972261799405935 1.0
transition 872 1 226 -0.04465475756691184 0.5505154639175258
transition 872 1 110 -0.04157554205143987 0.44948453608247424
transition 872 2 766 -0.7661520197612479 0.16047548291233285
transition 872 2 884 -0.16293993574370047 0.3462109955423477
transition 872 2 892 0.8664620508790408 0.23229321446260526
transition 872 2 110 -0.5641280795142756 0.26102030708271423
transition 873 0 866 0.8966029324680824 0.23593789768388904
transition 873 0 883 -0.5697178603842676 0.1440570119623314
transition 873 0 958 -0.09868406103776617 0.1631458386357852
transition 873 0 904 0.41267992306145507 0.18427080682107405
transition 873 0 523 0.5205777028718941 0.27258844489692036
transition 873 1 869 0.3272421840519002 0.6558333333333334
transition 873 1 523 0.5380948987797918 0.3441666666666667
transition 873 2 316 -0.784044472859087 0.759825327510917
transition 873 2 523 0.44226954101702476 0.24017467248908297
transition 874 0 692 0.37322376446773764 0.16564916564916565
transition 874 0 559 0.08646881147657659 0.28286528286528284
transition 874 0 352 0.4877278029759957 0.05901505901505902
transition 874 0 582 0.06560147089257273 0.49247049247049246
transition 874 1 582 -0.8994307848937722 1.0
transition 874 2 582 0.8355717092787396 1.0
transition 875 0 698 0.7877079276387502 0.5207100591715976
transition 875 0 810 -0.92713670868523 0.20118343195266272
transition 875 0 501 -0.5320423701707311 0.2781065088757396
transition 875 1 170 -0.837021224552027 0.6694214876033058
transition 875 1 501 -0.5424271492575732 0.3305785123966942
transition 875 2 28 0.7534368238896076 0.5125348189415042
transition 875 2 906 -0.26102939631618294 0.20148560817084493
transition 875 2 501 -0.7279953111875463 0.28597957288765086
transition 876 0 745 -0.8027035616052773 0.15428074750108647
transition 876 0 908 0.42279888699732626 0.2963928726640591
transition 876 0 587 -0.13339767553436688 0.258148631029987
transition 876 0 634 0.3008176504439286 0.29117774880486746
transition 876 1 406 0.9813491548929967 0.6200814111261872
transition 876 1 634 -0.5903350773638656 0.37991858887381275
transition 876 2 177 -0.4794291580367702 0.14246238870125882
transition 876 2 206 0.7267165351625531 0.2708013509364446
transition 876 2 496 0.8159438363586047 0.2956708627571385
transition 876 2 634 0.06607758092875482 0.2910653976051581
transition 877 0 208 -0.48824350140667416 0.1938917167977788
transition 877 0 411 -0.9002918974517415 0.13512262841277187
transition 877 0 676 0.9237246067937128 0.2887552059231837
transition 877 0 995 0.49785204067249245 0.3822304488662656
transition 877 1 628 -0.6608150227901022 0.2263531984691088
transition 877 1 730 0.48987870580839443 0.5287042099507928
transition 877 1 995 -0.24714432144695664 0.2449425915800984
transition 877 2 995 0.6355726038270226 1.0
transition 878 0 428 0.09743214176836834 0.12195121951219512
transition 878 0 286 0.6615777856857417 0.1801125703564728
transition 878 0 587 0.11900626638491874 0.17861163227016885
transition 878 0 784 0.8775559063135459 0.1050656660412758
transition 878 0 976 -0.44275952047919387 0.41425891181988744
transition 878 1 976 0.7114211248881948 1.0
transition 878 2 325 -0.21496392212940063 0.581032412965186
transition 878 2 976 -0.9808361750516061 0.4189675870348139
transition 879 0 830 -0.9177821134075355 0.2929610696028313
transition 879 0 101 0.2450657264007181 0.04168305151395989
transition 879 0 400 0.5583934606689853 0.14195831694848604
transition 879 0 950 -0.052943290096583384 0.2874557609123083
transition 879 0 589 -0.6748371195451486 0.23594180102241447
transition 879 1 778 -0.4634031528524749 0.29128074097732354
transition 879 1 123 -0.7580867646934106 0.253273714468221
transition 879 1 223 -0.3494758973421812 0.25838390290641966
transition 879 1 589 -0.9124046529953924 0.19706164164803577
transition 879 2 800 0.23869883503598555 0.19558632626568584
transition 879 2 6 0.7290891689183405 0.1025530073561229
transition 879 2 350 0.5923466059587688 0.31068801384681954
transition 879 2 589 0.6767087265635736 0.3911726525313717
transition 880 0 415 0.6820710864191073 0.6422947131608548
transition 880 0 882 -0.6095544926617766 0.3577052868391451
transition 880 1 882 0.19369623594203422 1.0
transition 880 2 557 -0.29514251402449965 0.5206540447504303
transition 880 2 882 -0.7319254233483876 0.4793459552495697
transition 881 0 949 -0.16546066995219055 0.16116248348745046
transition 881 0 45 0.32209122091892883 0.14828269484808454
transition 881 0 289 -0.11889393648748547 0.2750990752972259
transition 881 0 457 0.38833697100244446 0.2407529722589168
transition 881 0 467 0.524323547320541 0.17470277410832233
transition 881 1 92 -0.583936373435108 0.680161943319838
transition 881 1 467 0.32617893373930995 0.31983805668016196
transition 881 2 586 -0.996893777718902 0.03106508875739645
transition 881 2 345 0.7270176635959411 0.3505917159763314
transition 881 2 676 -0.6918356727332695 0.1913214990138067
transition 881 2 467 -0.7670208103692497 0.4270216962524655
transition 882 0 927 -0.9003011223458173 0.18682439322863553
transition 882 0 912 0.11272891785295736 0.11788700795431369
transition 882 0 386 -0.41524618820483794 0.19926575565980012
transition 882 0 592 -0.6406602038703959 0.49602284315725065
transition 882 1 516 0.3439461743631189 0.6422535211267606
transition 882 1 592 -0.7292398030675833 0.35774647887323946
transition 882 2 193 -0.7279494126119814 0.0547945205479452
transition 882 2 152 0.04343023464819118 0.22019279553526128
transition 882 2 308 0.9111077951377076 0.1780821917808219
transition 882 2 481 0.8598713179793116 0.17554540842212074
transition 882 2 592 -0.5314127774289015 0.3713850837138508
transition 883 0 2 -0.8358155229906901 0.3231500339443313
transition 883 0 714 0.026024901795519195 0.4046164290563476
transition 883 0 700 -0.7610068153737692 0.2722335369993211
transition 883 1 606 0.6716714735987634 0.11549851924975321
transition 883 1 361 -0.37887616007531766 0.38795656465942746
transition 883 1 700 -0.7981864663931486 0.49654491609081935
transition 883 2 700 -0.9473245057978998 1.0
transition 884 0 252 0.607094742045095 0.5248508946322068
transition 884 0 703 -0.9853582737274804 0.47514910536779326
transition 884 1 397 0.7808171165159463 0.5046535677352637
transition 884 1 703 -0.22859291292943373 0.4953464322647363
transition 884 2 649 0.08811287911435728 0.36990595611285265
transition 884 2 709 -0.19383390666685707 0.3013882669055083
transition 884 2 504 0.4080685456988993 0.02239140170174653
transition 884 2 703 0.37372151227580797 0.3063143752798925
transition 885 0 277 0.7722719772514552 0.05989110707803993
transition 885 0 775 0.9295273999131868 0.5825771324863884
transition 885 0 731 -0.15021399892685805 0.35753176043557167
transition 885 1 649 -0.662590826959311 0.20569773056494448
transition 885 1 132 -0.8198105114615453 0.4345726702076292
transition 885 1 731 0.9758752707358382 0.35972959922742637
transition 885 2 169 -0.4208466001941078 0.6646341463414634
transition 885 2 533 0.3892312712427284 0.1483739837398374
transition 885 2 731 0.5359132120685359 0.18699186991869918
transition 886 0 981 0.7616979000899982 0.16971358927483243
transition 886 0 57 0.7563510426728168 0.1465569774527727
transition 886 0 451 -0.9278797311228311 0.1611822059719683
transition 886 0 442 0.04798410646180806 0.1663619744058501
transition 886 0 22 -0.45444256700244456 0.3561852528945765
transition 886 1 862 -0.7101965320320978 0.29246544806063307
transition 886 1 960 -0.5230099282126781 0.2550156041016496
transition 886 1 22 -0.5124511691554836 0.45251894783771734
transition 886 2 22 -0.1778622981130864 1.0
transition 887 0 580 0.9735028412870117 0.3469601677148847
transition 887 0 890 0.5522892998566526 0.12054507337526206
transition 887 0 180 -0.47156425706525607 0.038085255066387144
transition 887 0 334 0.9734768213056457 0.27113906359189377
transition 887 0 926 0.9129111738266955 0.22327044025157233
transition 887 1 737 0.6152338955635215 0.5544041450777202
transition 887 1 351 0.74475732108895 0.11398963730569948
transition 887 1 926 -0.8255248080922797 0.3316062176165803
transition 887 2 690 0.44761026502288503 0.5199468085106383
transition 887 2 926 -0.2817502439535844 0.4800531914893617
transition 888 0 454 -0.15974931827732708 1.0
transition 888 1 192 0.6838979012005011 0.19822485207100593
transition 888 1 158 0.2469504444844801 0.38831360946745563
transition 888 1 454 -0.9834495922860047 0.41346153846153844
transition 888 2 420 0.6618000058768276 0.2383128295254833
transition 888 2 674 0.6685680933690175 0.18804920913884007
transition 888 2 769 -0.2727540250180338 0.33778558875219683
transition 888 2 454 -0.8118824873085932 0.2358523725834798
transition 889 0 977 -0.40319484317380017 0.12436974789915967
transition 889 0 717 0.3387677848803754 0.4470588235294118
transition 889 0 436 0.7681199235548439 0.42857142857142855
transition 889 1 972 0.2241362840798664 0.28074458346048214
transition 889 1 812 -0.4737450808042596 0.01098565761367104
transition 889 1 584 0.025510666681631156 0.10009154714678059
transition 889 1 765 -0.6474798670729294 0.1690570643881599
transition 889 1 436 0.4065771536634266 0.4391211473909063
transition 889 2 436 -0.466575268912945 1.0
transition 890 0 398 0.15221750673161094 0.24098274960794563
transition 890 0 222 -0.46984530920361545 0.1338212232096184
transition 890 0 58 0.41977747324377335 0.14636696288552012
transition 890 0 947 -0.944846058454953 0.24464192368008364
transition 890 0 355 0.7912433098947056 0.2341871406168322
transition 890 1 547 -0.947173652224742 0.05246252676659529
transition 890 1 98 0.33786877328221787 0.10877944325481799
transition 890 1 921 -0.8096416321639144 0.21199143468950749
transition 890 1 929 -0.486271573294474 0.19828693790149893
transition 890 1 355 -0.329434162942313 0.4284796573875803
transition 890 2 685 -0.7972182316975178 0.3449438202247191
transition 890 2 475 -0.61693703136005 0.13595505617977527
transition 890 2 629 0.5755667767356241 0.15617977528089888
transition 890 2 355 0.0781876340674339 0.36292134831460676
transition 891 0 809 -0.42278284094033025 0.23514927670052324
transition 891 0 131 -0.42762581454819215 0.02123730378578024
transition 891 0 515 -0.8680752178831923 0.28008618036318866
transition 891 0 405 0.9823860307653467 0.46352723915050786
transition 891 1 705 -0.7961500715657743 0.21442580082806711
transition 891 1 491 0.5380313387502171 0.16583133580300718
transition 891 1 499 0.10596171677695754 0.003486598387448246
transition 891 1 715 0.11474471177378809 0.11701895837873175
transition 891 1 405 -0.5952848246129385 0.4992373066027457
transition 891 2 196 0.5058274376570415 0.5032107413893754
transition 891 2 405 -0.46291329263904046 0.4967892586106246
transition 892 0 317 0.7792044438293542 0.7798861480075902
transition 892 0 137 0.4037677611099544 0.22011385199240988
transition 892 1 137 0.2547134114349159 1.0
transition 892 2 979 0.38685987218934126 0.172
transition 892 2 971 0.749094799321449 0.0464
transition 892 2 380 0.10931548922595802 0.4552
transition 892 2 137 0.4240827281439823 0.3264
transition 893 0 353 -0.36681558782955426 1.0
transition 893 1 353 -0.28433353433884156 1.0
transition 893 2 822 0.31662767730967967 0.717948717948718
transition 893 2 353 -0.6950972202424488 0.28205128205128205
transition 894 0 507 0.2960439290240464 0.23902439024390243
transition 894 0 202 0.18712707792737437 0.08142589118198874
transition 894 0 539 0.08376559346719059 0.15722326454033772
transition 894 0 193 0.23648400400333625 0.2378986866791745
transition 894 0 611 0.12410911445488648 0.28442776735459663
transition 894 1 739 0.995165319238702 0.16257751415475868
transition 894 1 294 0.6199377004306259 0.21164734429765436
transition 894 1 811 0.8070845305628145 0.06848207063898624
transition 894 1 19 -0.17932241953006245 0.20733351307630088
transition 894 1 611 0.8338691944931667 0.3499595578322998
transition 894 2 611 0.22416655467075364 1.0
transition 895 0 499 0.07869037862202988 0.1024746192893401
transition 895 0 552 -0.4080134354772327 0.28045685279187815
transition 895 0 748 0.11002840019330029 0.24143401015228427
transition 895 0 430 0.9991902279799043 0.3756345177664975
transition 895 1 430 -0.9227976779460327 1.0
transition 895 2 430 -0.21836128717318548 1.0
transition 896 0 299 -0.23139057327388834 0.35384615384615387
transition 896 0 304 0.16899984926209455 0.2923076923076923
transition 896 0 866 -0.10801817709113504 0.35384615384615387
transition 896 1 897 0.5119367161735484 0.38041193778898696
transition 896 1 34 -0.07234287100048409 0.1925178646490122
transition 896 1 866 -0.5331946969878725 0.4270701975620008
transition 896 2 347 0.5635859564280781 0.18575475515985432
transition 896 2 713 -0.2511363239748001 0.1622824767300688
transition 896 2 687 -0.0911824445880609 0.17401861594496154
transition 896 2 669 0.41549187129517384 0.024281667341157425
transition 896 2 866 0.7601951407567125 0.45366248482395793
transition 897 0 905 -0.9697875043308641 0.2591040928134064
transition 897 0 627 -0.35010260467033083 0.08024492426683855
transition 897 0 398 0.7352839079615625 0.26232678053496616
transition 897 0 388 0.36032324496205215 0.09603609410248147
transition 897 0 466 0.5291894023104768 0.30228810828230745
transition 897 1 838 0.8920411576639593 0.5541069100391134
transition 897 1 466 0.5243631247048031 0.44589308996088656
transition 897 2 688 -0.7908369008848761 0.5562913907284768
transition 897 2 466 -0.6665372799543081 0.44370860927152317
transition 898 0 935 0.20225634900070633 0.4832583708145927
transition 898 0 665 0.4946517646960371 0.025987006496751622
transition 898 0 134 -0.35713718825705243 0.49075462268865566
transition 898 1 751 -0.9778721665326098 0.33730428863172224
transition 898 1 710 0.6546066045606973 0.18686181075561606
transition 898 1 401 0.009056541454675493 0.1953710006807352
transition 898 1 134 -0.22453268581055696 0.28046289993192647
transition 898 2 505 -0.7090475568230907 0.12810601877415792
transition 898 2 64 -0.7725946268362653 0.017117614577581448
transition 898 2 734 0.8285107877271145 0.3605742683600221
transition 898 2 134 0.7788716982599455 0.4942020982882385
transition 899 0 490 0.835355174101414 0.37454873646209386
transition 899 0 362 -0.6570247555202362 0.3456678700361011
transition 899 0 965 0.09352364657939116 0.04783393501805054
transition 899 0 306 0.5121944417244388 0.2319494584837545
transition 899 1 992 0.4036950720853336 0.2007735583684951
transition 899 1 608 0.02790897393727243 0.07419127988748242
transition 899 1 486 -0.20872218027191103 0.33016877637130804
transition 899 1 306 -0.14711029704229706 0.3948663853727145
transition 899 2 396 -0.023586107540308765 0.15079365079365079
transition 899 2 248 0.5347866107125394 0.5260770975056689
transition 899 2 306 -0.7666825269950255 0.3231292517006803
transition 900 0 836 0.6203006035461163 0.28955696202531644
transition 900 0 392 -0.5227998548808221 0.4620253164556962
transition 900 0 151 0.48083494693992623 0.014240506329113924
transition 900 0 166 0.03149309351748686 0.23417721518987342
transition 900 1 588 -0.02000836460124189 0.3970323741007194
transition 900 1 793 -0.1718205921632605 0.1506294964028777
transition 900 1 166 -0.7340077849779623 0.4523381294964029
transition 900 2 166 0.21798378586014078 1.0
transition 901 0 371 0.17919493139447495 0.720173535791757
transition 901 0 386 0.6641849652935952 0.279826464208243
transition 901 1 859 0.5605858295552901 0.8571428571428571
transition 901 1 386 -0.4072994998415975 0.14285714285714285
transition 901 2 402 -0.9500610877582034 0.1347941567065073
transition 901 2 892 0.6508777916296964 0.38180610889774236
transition 901 2 386 0.9415724774003125 0.48339973439575035
transition 902 0 260 0.4280784329484568 0.6833797585886723
transition 902 0 688 -0.4730286157314483 0.3166202414113278
transition 902 1 688 0.4345070993381923 1.0
transition 902 2 760 -0.06288482635556858 0.25193298969072164
transition 902 2 46 -0.32665252842212844 0.017074742268041235
transition 902 2 134 0.5667979133591801 0.12564432989690721
transition 902 2 562 -0.39598488026033274 0.12210051546391752
transition 902 2 688 -0.7939093106560602 0.4832474226804124
transition 903 0 718 0.6074848449685659 0.7285318559556787
transition 903 0 25 0.46405190373699656 0.27146814404432135
transition 903 1 544 0.38393322550884923 0.30631364562118124
transition 903 1 848 -0.313683710499604 0.19429735234215886
transition 903 1 25 0.9578196031688921 0.49938900203665987
transition 903 2 892 -0.37630765967900404 0.21237279057311195
transition 903 2 927 0.7823255669034144 0.17782538832351366
transition 903 2 859 0.5306809980268292 0.26727370112479915
transition 903 2 977 0.4944876645788425 0.039100160685591856
transition 903 2 25 -0.24236983371703502 0.3034279592929834
transition 904 0 678 0.48864086128787343 0.06309060589216231
transition 904 0 359 -0.9413604922194267 0.20205669816564759
transition 904 0 187 0.34844842877563953 0.05391884380211229
transition 904 0 544 0.5683434133360898 0.2604224569205114
transition 904 0 94 0.456595996374791 0.42051139521956643
transition 904 1 180 -0.4092434439214827 0.26308476146364057
transition 904 1 632 -0.7014363862869097 0.3219082908754053
transition 904 1 714 -0.5950784437401271 0.18527095877721167
transition 904 1 273 0.5690468339739367 0.018063918480778138
transition 904 1 94 -0.9955980501383761 0.21167207040296435
transition 904 2 971 -0.9653586966828194 0.004640371229698376
transition 904 2 676 -0.6735104711589444 0.23375870069605567
transition 904 2 56 -0.17324289604078436 0.4205336426914153
transition 904 2 94 -0.5302835035323576 0.34106728538283065
transition 905 0 336 0.5765169275500583 0.14696813977389517
transition 905 0 380 0.02348431272839613 0.25436793422404935
transition 905 0 394 0.8711389804366232 0.1528776978417266
transition 905 0 987 0.43815724258538213 0.44578622816032887
transition 905 1 777 -0.5263710100601209 0.3285765251516233
transition 905 1 276 -0.689792924166583 0.35283624687834464
transition 905 1 810 0.9709648223043752 0.017481270067784518
transition 905 1 987 -0.3647124040263381 0.3011059579022476
transition 905 2 931 -0.7553118604156457 0.5355371900826447
transition 905 2 987 0.9809116008076337 0.4644628099173554
transition 907 0 231 0.15218705803171106 0.2275132275132275
transition 907 0 715 0.29509296743094904 0.05925925925925926
transition 907 0 294 -0.6573217160118614 0.2275132275132275
transition 907 0 53 0.5497740418615966 0.4857142857142857
transition 907 1 53 0.6030860703174803 1.0
transition 907 2 361 -0.5952154905822 0.765
transition 907 2 53 -0.7581711061697833 0.235
transition 908 0 141 -0.8654016388221137 0.558165548098434
transition 908 0 970 -0.5616456527540536 0.05145413870246085
transition 908 0 90 0.7246399931437382 0.39038031319910516
transition 908 1 90 -0.053655157550925425 1.0
transition 908 2 502 -0.8497296480794005 0.5109170305676856
transition 908 2 90 0.14911139133490559 0.4890829694323144
transition 909 0 413 0.7338800656555435 0.13350861817119486
transition 909 0 280 -0.5514679155576472 0.053169734151329244
transition 909 0 195 0.8014078128323263 0.1948583114227286
transition 909 0 249 -0.7242833148072929 0.13496932515337423
transition 909 0 429 0.5426863279444243 0.4834940111013731
transition 909 1 429 -0.2486800636242068 1.0
transition 909 2 429 -0.9541094614634127 1.0
transition 910 0 765 -0.16795929333773296 0.5746388443017657
transition 910 0 406 0.2743819728227106 0.42536115569823435
transition 910 1 810 0.6819379844535056 0.6042199488491049
transition 910 1 406 0.33470436429502715 0.39578005115089515
transition 910 2 926 0.348027938119712 0.11189044756179024
transition 910 2 651 -0.8424792947341371 0.3239812959251837
transition 910 2 816 0.9997654457055782 0.11322645290581163
transition 910 2 406 0.40515175740342513 0.45090180360721444
transition 911 0 159 0.519076914028203 0.23005519317611642
transition 911 0 875 -0.8898222789213184 0.059458103361766185
transition 911 0 974 -0.7690501410124684 0.14676367285499248
transition 911 0 139 0.9615137041794228 0.20672353236327146
transition 911 0 241 0.6592640236676599 0.35699949824385346
transition 911 1 241 0.47437588469872427 1.0
transition 911 2 617 0.35178660425296404 0.3141454707719768
transition 911 2 690 0.23743761281950349 0.08165997322623829
transition 911 2 604 0.7506638678212159 0.322177599286033
transition 911 2 241 0.0781767867609644 0.2820169567157519
transition 912 0 982 0.6139212084352359 0.19262119262119262
transition 912 0 381 0.28459944606043397 0.05019305019305019
transition 912 0 971 0.8063622464896125 0.296010296010296
transition 912 0 737 -0.9258048594284993 0.46117546117546115
transition 912 1 737 -0.7850706041104705 1.0
transition 912 2 649 0.44407682325422937 0.46231422505307856
transition 912 2 613 -0.7252023707839066 0.05467091295116773
transition 912 2 191 0.6434928862104763 0.12791932059447983
transition 912 2 545 0.623830312954105 0.12314225053078556
transition 912 2 737 0.2877141457328858 0.23195329087048833
transition 913 0 463 0.9241352882996545 0.5333333333333333
transition 913 0 473 -0.7401761296821798 0.4666666666666667
transition 913 1 153 0.8062507472003506 0.4403614457831325
transition 913 1 771 0.5827908172223311 0.12891566265060242
transition 913 1 473 -0.5898920149038283 0.4307228915662651
transition 913 2 397 0.8846015273939114 0.7801857585139319
transition 913 2 473 0.722702887769737 0.21981424148606812
transition 914 0 155 0.7234136353102971 0.2543162510276788
transition 914 0 229 0.23841249098109452 0.2696629213483146
transition 914 0 985 -0.17833298562741473 0.2214305289120307
transition 914 0 284 -0.7701224301715972 0.06741573033707865
transition 914 0 799 0.1365857067277778 0.18717456837489724
transition 914 1 799 -0.23305321160044068 1.0
transition 914 2 799 -0.2724501031312827 1.0
transition 915 0 758 -0.762796007688761 0.2217877094972067
transition 915 0 55 0.34318706856646863 0.2245810055865922
transition 915 0 918 0.10209578183072532 0.2611731843575419
transition 915 0 253 0.6068451412495581 0.29245810055865923
transition 915 1 34 0.6184984824099038 0.19570099454603784
transition 915 1 820 -0.9168966762469273 0.19281360282322746
transition 915 1 19 -0.9817914611976881 0.2495989733718319
transition 915 1 849 -0.14501869447909455 0.09464228424767404
transition 915 1 253 0.654297114884798 0.26724414501122873
transition 915 2 253 -0.5857861063721033 1.0
transition 916 0 497 0.34947066030633755 0.2144570058239123
transition 916 0 696 0.5961240007467055 0.23878040424803015
transition 916 0 90 0.1982378180809221 0.17060637204522097
transition 916 0 336 0.04131444879476831 0.3761562178828366
transition 916 1 161 -0.042712650552553244 0.1691995947315096
transition 916 1 461 -0.3138744001031537 0.2921310368118879
transition 916 1 614 -0.7616864398492094 0.1661600810536981
transition 916 1 564 -0.040794912333873556 0.13340087808172915
transition 916 1 336 0.472834745370885 0.23910840932117527
transition 916 2 267 0.997792955107965 0.11896451425247237
transition 916 2 697 -0.9303475894932562 0.289412449098313
transition 916 2 293 0.18537491607419843 0.08755090168702734
transition 916 2 419 -0.28670614133013683 0.03577661431064572
transition 916 2 336 -0.718433871575249 0.4682955206515416
transition 917 0 670 -0.5097046225144164 0.23607242339832868
transition 917 0 96 0.9748511072577457 0.21587743732590528
transition 917 0 301 0.13971744030550437 0.27506963788300837
transition 917 0 774 -0.4964995007395605 0.27298050139275765
transition 917 1 547 -0.5288619403917194 0.16080055210489994
transition 917 1 755 -0.4184335779398616 0.2286634460547504
transition 917 1 394 0.008425196568911497 0.20427881297446515
transition 917 1 774 0.9617611364609788 0.4062571888658845
transition 917 2 280 -0.33033061161511434 0.22607260726072606
transition 917 2 45 0.7873207844276557 0.3704620462046205
transition 917 2 950 -0.48302595859939523 0.2306105610561056
transition 917 2 774 -0.13791668935758028 0.17285478547854785
transition 918 0 968 0.919725357293621 0.3952405587170202
transition 918 0 749 -0.05990031248891192 0.2586652871184687
transition 918 0 778 -0.1516933614081768 0.3460941541645111
transition 918 1 778 -0.7287706287271456 1.0
transition 918 2 230 0.797373983931434 0.5406427221172023
transition 918 2 778 0.7581331694847997 0.45935727788279773
transition 919 0 914 0.7181703632546255 0.5911906400550585
transition 919 0 167 0.7798033066902945 0.4088093599449415
transition 919 1 211 0.08074784099738497 0.3626974483596598
transition 919 1 404 0.43307584315941594 0.14155528554070473
transition 919 1 834 0.29137887448691635 0.16038882138517618
transition 919 1 528 -0.834700616788179 0.015795868772782502
transition 919 1 167 0.11732019349054834 0.3195625759416768
transition 919 2 811 -0.530694114474537 0.29688972667295005
transition 919 2 733 -0.7946332790152213 0.3110273327049953
transition 919 2 167 -0.6222281586643839 0.3920829406220547
transition 920 0 849 0.09048052177223775 0.7782063645130183
transition 920 0 677 -0.6188951208280138 0.22179363548698167
transition 920 1 946 0.6953033532579429 0.7198443579766537
transition 920 1 677 -0.9079411432068252 0.2801556420233463
transition 920 2 187 -0.02859835559671664 0.2539763981528989
transition 920 2 866 -0.9742040252909547 0.034889687018984095
transition 920 2 745 -0.06418401535318852 0.3370959466393022
transition 920 2 694 -0.6492533589350258 0.08825038481272447
transition 920 2 677 0.28113808173659915 0.2857875833760903
transition 921 0 193 0.9138903882500706 0.7047704770477048
transition 921 0 142 -0.23907837250758646 0.2952295229522952
transition 921 1 142 -0.5903688172896862 1.0
transition 921 2 334 -0.04801338937596733 0.7446373850868233
transition 921 2 142 -0.9719159305472829 0.2553626149131767
transition 923 0 78 -0.5519763474410351 0.273051754907793
transition 923 0 280 0.2897678243784103 0.06841165972635337
transition 923 0 783 0.4797478978930869 0.2462819750148721
transition 923 0 325 -0.4872918521331535 0.10202260559190958
transition 923 0 646 0.49109848752652696 0.310232004759072
transition 923 1 297 0.2054725966420865 0.12719633307868602
transition 923 1 623 -0.28358223327983323 0.2757830404889228
transition 923 1 274 0.08510142750385485 0.3804430863254393
transition 923 1 646 -0.22229842654311271 0.21657754010695188
transition 923 2 387 0.9392353565595792 0.16874443455031166
transition 923 2 355 -0.1843952847347028 0.27604630454140694
transition 923 2 447 0.0414997768523504 0.27604630454140694
transition 923 2 646 0.6534102905694359 0.27916295636687444
transition 924 0 70 -0.3070857627848149 0.3281086729362591
transition 924 0 158 0.27050662320831886 0.35318704284221525
transition 924 0 360 -0.40909357289932724 0.06321839080459771
transition 924 0 680 -0.25220663420058576 0.2554858934169279
transition 924 1 676 -0.17367039137144036 0.44912641315519014
transition 924 1 723 0.8502143902029264 0.36228160328879755
transition 924 1 680 -0.07645203830225 0.18859198355601234
transition 924 2 415 -0.38679334410466004 0.0999422299248989
transition 924 2 509 0.09821655238616267 0.22125938763720393
transition 924 2 637 0.09908070819516168 0.09012131715771231
transition 924 2 913 -0.9864744851845393 0.2738301559792028
transition 924 2 680 -0.9703901298044091 0.3148469093009821
transition 925 0 352 0.918765250396681 0.782608695652174
transition 925 0 470 0.22583653206134224 0.21739130434782608
transition 925 1 428 0.07041619903828855 0.6666666666666666
transition 925 1 470 0.4573559917459662 0.3333333333333333
transition 925 2 470 -0.5307054823916191 1.0
transition 926 0 739 -0.21470316058493277 0.5694626474442989
transition 926 0 706 -0.6471420812221877 0.4305373525557012
transition 926 1 962 -0.20155764027415013 0.17609254498714652
transition 926 1 806 -0.7605427058193317 0.16023993144815768
transition 926 1 354 0.12808725704774648 0.23350471293916025
transition 926 1 706 -0.45605009546317343 0.4301628106255356
transition 926 2 546 -0.8523629640083881 0.2034233048057933
transition 926 2 789 -0.9121040720887192 0.19398727232828616
transition 926 2 735 0.49325449238251173 0.054860653938994954
transition 926 2 600 0.9696468896259831 0.06890498134737766
transition 926 2 706 -0.03760079099856006 0.47882378757954797
transition 927 0 945 -0.5182513367370134 0.4434782608695652
transition 927 0 710 0.6405353241261118 0.06086956521739131
transition 927 0 981 -0.5003662759124052 0.4956521739130435
transition 927 1 352 0.5472394593175671 0.7884615384615384
transition 927 1 981 -0.16552222685761353 0.21153846153846154
transition 927 2 981 0.032571761339554195 1.0
transition 928 0 402 -0.2857597945542265 0.07780725022104333
transition 928 0 999 -0.3828929035223825 0.3797524314765694
transition 928 0 33 -0.6781724216444822 0.2458001768346596
transition 928 0 170 0.00517604394186133 0.29664014146772766
transition 928 1 170 -0.3625762799757033 1.0
transition 928 2 594 0.05967440008514857 0.17754698318496537
transition 928 2 237 -0.41351874708347736 0.027695351137487636
transition 928 2 260 0.7991514054506557 0.23639960435212662
transition 928 2 736 -0.5849496313162299 0.30712166172106825
transition 928 2 170 -0.5221369529471216 0.2512363996043521
transition 929 0 451 -0.2595417930020525 0.11319032405294387
transition 929 0 979 0.9310886563833987 0.19055225924235508
transition 929 0 260 -0.4514370213257357 0.1515289821999087
transition 929 0 803 -0.2107354854782082 0.07827476038338659
transition 929 0 551 0.45344353130102477 0.46645367412140576
transition 929 1 832 0.8287122987380693 0.1455745341614907
transition 929 1 810 -0.3997996702402753 0.21583850931677018
transition 929 1 408 0.5950817851196555 0.017857142857142856
transition 929 1 333 0.5507603866968869 0.1471273291925466
transition 929 1 551 -0.3670492911972252 0.47360248447204967
transition 929 2 37 -0.6766713249296046 0.7095490716180372
transition 929 2 551 -0.005488951015915511 0.29045092838196285
transition 930 0 824 0.17109848825103047 0.8
transition 930 0 770 0.1741358199171512 0.2
transition 930 1 770 0.5672529406210234 1.0
transition 930 2 986 -0.023683190740816817 0.5976277372262774
transition 930 2 770 0.9320610115621482 0.4023722627737226
transition 931 0 902 0.08150708440235821 0.6148936170212767
transition 931 0 840 -0.33599086034306813 0.3851063829787234
transition 931 1 840 -0.019479673752910376 1.0
transition 931 2 480 0.7191087413931834 0.0640176600441501
transition 931 2 141 0.15139455741869234 0.7019867549668874
transition 931 2 840 0.27867796781700616 0.23399558498896247
transition 932 0 283 -0.30306764887045445 0.49667405764966743
transition 932 0 353 -0.8694518905891861 0.22838137472283815
transition 932 0 525 0.049809159326035246 0.2749445676274945
transition 932 1 189 0.13573492591607694 0.4133895131086142
transition 932 1 181 -0.7094045009677536 0.11938202247191011
transition 932 1 379 -0.11622577034025894 0.05852059925093633
transition 932 1 525 -0.6008175206952866 0.40870786516853935
transition 932 2 525 -0.8207835986410492 1.0
transition 933 0 888 0.4931448423699327 0.21598336304218657
transition 933 0 497 0.9068639707482828 0.27807486631016043
transition 933 0 102 -0.05262552526258424 0.0766488413547237
transition 933 0 588 -0.3130602975359513 0.4292929292929293
transition 933 1 852 0.5131694543404217 0.08810844115834873
transition 933 1 177 -0.9109311149089847 0.47812692544670365
transition 933 1 588 0.6786959700059212 0.43376463339494764
transition 933 2 607 -0.8539990201467313 0.34579439252336447
transition 933 2 438 -0.982416782326246 0.25106202209005946
transition 933 2 0 0.8131895592046439 0.08920985556499575
transition 933 2 588 -0.4535364848952508 0.3139337298215803
transition 935 0 51 0.3613448487547004 1.0
transition 935 1 420 -0.13478339539341877 0.0160238494503447
transition 935 1 213 0.3902734369754748 0.1641512949506242
transition 935 1 258 0.62603713819098 0.16191540898080864
transition 935 1 747 -0.10313645304893337 0.18166573504751257
transition 935 1 51 -0.5585762293131349 0.4762437115707099
transition 935 2 590 -0.8084381035997186 0.17232613037951697
transition 935 2 271 -0.19749940529873555 0.04067550390412203
transition 935 2 792 -0.5093615967387544 0.1745051752315235
transition 935 2 646 -0.6071419447457729 0.13437443254040313
transition 935 2 51 -0.616096015166014 0.47811875794443437
transition 936 0 543 0.17256700513930867 0.7878787878787878
transition 936 0 246 0.5072291260763746 0.21212121212121213
transition 936 1 246 0.8031417334915192 1.0
transition 936 2 408 -0.28564291169907485 0.2672554792280013
transition 936 2 942 -0.10677119976132232 0.24730127576054955
transition 936 2 429 0.3974038061569196 0.13379129865881584
transition 936 2 246 -0.7673880067240366 0.3516519463526333
transition 937 0 751 0.1965674168593763 0.030664395229982964
transition 937 0 420 0.09044400275619169 0.27938671209540034
transition 937 0 436 0.9836314127187824 0.35093696763202725
transition 937 0 114 0.6354913085991849 0.3390119250425894
transition 937 1 248 -0.325368121778828 0.21593291404612158
transition 937 1 289 0.45505526313998823 0.527603074772886
transition 937 1 114 0.5284119373978899 0.2564640111809923
transition 937 2 114 0.46013320894066845 1.0
transition 938 0 111 0.6730093816845275 0.5808019441069259
transition 938 0 968 -0.1542261477042426 0.41919805589307413
transition 938 1 987 -0.8071781263613844 0.7
transition 938 1 968 -0.35991553566109147 0.3
transition 938 2 968 0.9896687029634947 1.0
transition 939 0 245 0.19618435941613943 0.3669314796425025
transition 939 0 509 -0.4905483868105307 0.40466732869910627
transition 939 0 156 -0.3604515576490117 0.22840119165839126
transition 939 1 708 -0.17677079157497722 0.14825174825174825
transition 939 1 683 -0.8354705086214096 0.014452214452214453
transition 939 1 746 -0.636187101038098 0.1048951048951049
transition 939 1 9 -0.8063090710575156 0.35011655011655013
transition 939 1 156 0.391699449481016 0.3822843822843823
transition 939 2 941 0.7743368601347862 0.30522827687776144
transition 939 2 986 -0.9681614808145445 0.05228276877761414
transition 939 2 11 -0.458375855129427 0.14948453608247422
transition 939 2 761 -0.14591908976965118 0.0780559646539028
transition 939 2 156 -0.888511388211285 0.41494845360824745
transition 940 0 898 -0.9710316020837133 0.6530612244897959
transition 940 0 184 -0.15578898889953985 0.3469387755102041
transition 940 1 806 -0.7224464934014558 0.555205047318612
transition 940 1 184 -0.81606667780088 0.444794952681388
transition 940 2 184 0.44938126067964235 1.0
transition 941 0 280 0.3890292842308041 0.7419804741980475
transition 941 0 369 0.36090615957507866 0.2580195258019526
transition 941 1 369 0.9190351271601704 1.0
transition 941 2 394 -0.7216778153437571 0.246422893481717
transition 941 2 834 0.16790033361230883 0.3762586115527292
transition 941 2 944 0.6973389749961365 0.06942236354001059
transition 941 2 369 -0.1171217945199623 0.3078961314255432
transition 942 0 568 -0.6282741262219764 0.794818652849741
transition 942 0 111 0.2875849917426332 0.20518134715025907
transition 942 1 111 0.9083148730972499 1.0
transition 942 2 741 -0.042415889320357225 0.5948275862068966
transition 942 2 111 -0.3449460940270226 0.4051724137931034
transition 944 0 289 0.2712866727865981 1.0
transition 944 1 790 0.525943082934716 0.6604095563139932
transition 944 1 289 -0.038849810375626515 0.3395904436860068
transition 944 2 676 0.8371165358318939 0.6006825938566553
transition 944 2 612 -0.8048408678971941 0.16382252559726962
transition 944 2 289 -0.1051743665425211 0.2354948805460751
transition 945 0 440 0.7685783963994364 0.13988439306358383
transition 945 0 169 0.04749794567960941 0.21242774566473988
transition 945 0 226 -0.30056879994548424 0.2728323699421965
transition 945 0 553 -0.800484874047146 0.1384393063583815
transition 945 0 157 -0.5523609650478938 0.23641618497109826
transition 945 1 157 -0.7659729506548487 1.0
transition 945 2 157 0.8592631421818364 1.0
transition 946 0 226 0.120089066978738 0.22462739531582682
transition 946 0 869 0.13370073147466077 0.07629524485450674
transition 946 0 346 0.14544373977803993 0.32327892122072394
transition 946 0 388 0.21838772030501175 0.3757984386089425
transition 946 1 217 0.03435066149411159 0.7911877394636015
transition 946 1 388 -0.008625552475706177 0.20881226053639848
transition 946 2 388 0.17239898633540474 1.0
transition 947 0 743 -0.41965162178073356 0.2139021479713604
transition 947 0 855 -0.09655970266988434 0.21211217183770883
transition 947 0 189 -0.08834086586094214 0.2831145584725537
transition 947 0 14 0.6859689706773586 0.02237470167064439
transition 947 0 603 0.048387532054992466 0.2684964200477327
transition 947 1 587 0.5723489410119247 0.5023651844843898
transition 947 1 603 0.7356157375161094 0.49763481551561023
transition 947 2 681 -0.3409405974372799 0.551849166062364
transition 947 2 603 0.3878290294601916 0.448150833937636
transition 948 0 535 0.9451551213408922 0.24655963302752293
transition 948 0 61 -0.15113523980523502 0.26605504587155965
transition 948 0 818 0.614428326297598 0.4873853211009174
transition 948 1 631 0.6408034149188233 0.44583883751651254
transition 948 1 419 -0.3980173124628914 0.05085865257595773
transition 948 1 755 -0.4536406263350108 0.25033025099075296
transition 948 1 615 -0.4510692105564371 0.08256274768824307
transition 948 1 818 -0.2719040375566175 0.17040951122853368
transition 948 2 208 -0.962771045047204 0.31809401159047007
transition 948 2 947 0.9022272273764367 0.24404378622021894
transition 948 2 818 0.3490524114906699 0.437862202189311
transition 949 0 542 -0.4355957307339806 0.7171052631578947
transition 949 0 694 -0.5409898726500153 0.28289473684210525
transition 949 1 575 -0.42644828682009406 0.2206471494607088
transition 949 1 126 -0.35090205612479464 0.13189522342064716
transition 949 1 756 0.20959653466694728 0.2674884437596302
transition 949 1 670 -0.5759407434231658 0.12573189522342065
transition 949 1 694 -0.33911432443924827 0.2542372881355932
transition 949 2 28 0.476556381205532 0.10264598540145986
transition 949 2 542 -0.2817143460862632 0.3864051094890511
transition 949 2 936 0.30715709378682754 0.11541970802919709
transition 949 2 694 0.6600695061168198 0.395529197080292
transition 950 0 924 -0.8588155466128982 0.5703399765533411
transition 950 0 252 0.44944032474317575 0.23036342321219228
transition 950 0 186 0.34788160024612935 0.19929660023446658
transition 950 1 644 -0.9045079116489609 0.019970414201183433
transition 950 1 731 0.17552536218864678 0.12389053254437869
transition 950 1 688 0.8524205041708657 0.3650147928994083
transition 950 1 186 -0.7165769897706271 0.4911242603550296
transition 950 2 101 0.37278164602965247 0.394126006631928
transition 950 2 570 -0.36328178123933874 0.14116532449076266
transition 950 2 346 -0.271330908681753 0.27759355755566084
transition 950 2 186 0.5465474435590765 0.18711511132164851
transition 951 0 129 -0.37185893125552316 1.0
transition 951 1 129 -0.6111521675351981 1.0
transition 951 2 567 0.9355467524777163 0.2799854174261757
transition 951 2 183 -0.1686403738975042 0.1082756106452789
transition 951 2 645 -0.8511190480533157 0.11666059059423989
transition 951 2 129 -0.8897184605834543 0.4950783813343055
transition 952 0 982 0.5692551456806891 1.0
transition 952 1 44 -0.5597144749960183 0.2059800664451827
transition 952 1 936 -0.7627526474937321 0.05747508305647841
transition 952 1 664 -0.1753853240094445 0.1813953488372093
transition 952 1 804 0.3691828615125423 0.29900332225913623
transition 952 1 982 0.9364421000323306 0.25614617940199336
transition 952 2 259 0.15552861205294488 0.17631004366812228
transition 952 2 129 0.43222066102018286 0.3307860262008734
transition 952 2 536 -0.8519399760120605 0.26200873362445415
transition 952 2 982 0.03958616901513623 0.23089519650655022
transition 953 0 725 0.9830312581858567 0.11469712015888779
transition 953 0 101 -0.5532531935523433 0.1663356504468719
transition 953 0 309 -0.783235105214952 0.2522343594836147
transition 953 0 427 -0.4728767969600538 0.4667328699106256
transition 953 1 427 -0.1888173508686124 1.0
transition 953 2 189 -0.6061485235898199 0.36272189349112427
transition 953 2 243 0.10028304971947999 0.421301775147929
transition 953 2 427 0.4135117627477378 0.21597633136094674
transition 954 0 700 -0.48915273995181496 0.04784575101166389
transition 954 0 96 -0.1403408983522354 0.18686027136396097
transition 954 0 638 0.011554483023860307 0.11735301118781243
transition 954 0 677 0.8669592420252021 0.18257557724351345
transition 954 0 602 -0.5934228143919222 0.46536538919304926
transition 954 1 355 -0.6835566583059718 0.3709768492377188
transition 954 1 96 0.2602475408448577 0.2010163749294184
transition 954 1 293 0.029962612220380214 0.19424054206662902
transition 954 1 602 -0.8221405357436722 0.23376623376623376
transition 954 2 930 0.6967769879913497 0.2408529197964623
transition 954 2 529 0.8201226316014987 0.09425732977950085
transition 954 2 369 -0.06709410102221214 0.0484613520717228
transition 954 2 980 0.25235236945323325 0.22122607220741458
transition 954 2 602 0.36226882622785683 0.3952023261448994
transition 955 0 293 -0.9543129172159492 0.539609644087256
transition 955 0 132 0.9425169736419892 0.2365097588978186
transition 955 0 301 -0.9518071423425507 0.22388059701492538
transition 955 1 301 0.3463684993571392 1.0
transition 955 2 89 -0.7458365598796826 0.41643376187814424
transition 955 2 34 0.5520227237785931 0.27613191727221914
transition 955 2 301 0.17215580459817614 0.3074343208496367
transition 956 0 433 0.4494069582861939 0.5232558139534884
transition 956 0 316 0.6607729468056611 0.47674418604651164
transition 956 1 316 -0.061624897947964996 1.0
transition 956 2 920 -0.7237469386170339 0.1747202441505595
transition 956 2 345 0.12791786519323423 0.22151576805696846
transition 956 2 193 -0.8925298063906408 0.11291963377416073
transition 956 2 949 0.1587055419238761 0.23397761953204477
transition 956 2 316 0.9802832244227815 0.2568667344862665
transition 957 0 49 -0.03556797650874466 0.19042515183994282
transition 957 0 36 0.14416661963409405 0.050017863522686674
transition 957 0 547 -0.07809781907506874 0.1729188996070025
transition 957 0 90 0.9505136359763686 0.22650946766702393
transition 957 0 264 -0.34697315639609405 0.36012861736334406
transition 957 1 613 0.31449275447145575 0.32515337423312884
transition 957 1 351 0.48660979546037786 0.4368098159509202
transition 957 1 264 -0.6539741263822516 0.23803680981595093
transition 957 2 852 -0.06113799711621071 0.3674851820491109
transition 957 2 94 -0.7899589580997008 0.14944961896697714
transition 957 2 264 -0.38379610732988456 0.4830651989839119
transition 958 0 734 -0.18368470638483303 1.0
transition 958 1 895 0.15586172251429486 0.08826657213753988
transition 958 1 758 -0.3041365221365997 0.33569656150301314
transition 958 1 182 0.4000572256645183 0.12903225806451613
transition 958 1 734 -0.5763275765813476 0.4470046082949309
transition 958 2 690 0.9531221912747079 0.3830409356725146
transition 958 2 766 0.14249998093710703 0.21832358674463936
transition 958 2 734 0.0379204909748847 0.398635477582846
transition 959 0 387 0.5036980886130147 0.12175792507204611
transition 959 0 82 -0.18681523947775824 0.5151296829971181
transition 959 0 914 0.21874989709501458 0.3631123919308357
transition 959 1 376 0.4885939669966288 0.22633475270226008
transition 959 1 337 0.7300459880231938 0.16541107107762856
transition 959 1 750 -0.20896977152548168 0.26007206026858826
transition 959 1 379 -0.6385423767414165 0.06419914837864396
transition 959 1 914 -0.5127881288407123 0.2839829675728791
transition 959 2 529 -0.38086129867184626 0.4666666666666667
transition 959 2 739 -0.454094822803379 0.2859437751004016
transition 959 2 592 -0.5057104755860451 0.03132530120481928
transition 959 2 914 0.21449550033687137 0.21606425702811244
transition 960 0 736 0.7817687610171971 1.0
transition 960 1 620 -0.1419346114103146 0.2721553610503282
transition 960 1 317 0.5964675140339064 0.2076039387308534
transition 960 1 686 -0.8229741987351642 0.2051422319474836
transition 960 1 736 0.5665877936401742 0.3150984682713348
transition 960 2 736 0.4072434527387323 1.0
transition 961 0 465 -0.7442256696922791 1.0
transition 961 1 874 -0.412509021368235 0.3667296786389414
transition 961 1 672 0.4935678883672714 0.44234404536862004
transition 961 1 465 0.6240719405703679 0.19092627599243855
transition 961 2 596 -0.24190178274977425 0.7448559670781894
transition 961 2 465 0.8754927016120486 0.2551440329218107
transition 963 0 14 0.5363543389863044 0.30855765367617516
transition 963 0 820 0.6342881725293179 0.08597830453997589
transition 963 0 357 -0.06592739656376412 0.3202089192446766
transition 963 0 919 -0.39926439507063893 0.28525512253917235
transition 963 1 225 -0.651208973743701 0.0827568537022803
transition 963 1 523 -0.43332091367401504 0.2234178836792211
transition 963 1 361 0.33243340057310866 0.15219062259800153
transition 963 1 970 -0.6187672758193214 0.11760184473481937
transition 963 1 919 0.049566979783652654 0.42403279528567767
transition 963 2 986 -0.6724344784113259 0.21206675224646984
transition 963 2 122 0.5097829295492753 0.1889602053915276
transition 963 2 656 -0.03689051792040754 0.1337612323491656
transition 963 2 919 0.9117582305385861 0.46521181001283696
transition 964 0 396 0.6083881508958642 0.10093271152564957
transition 964 0 77 -0.5994703400061305 0.02798134576948701
transition 964 0 733 -0.8784055197336402 0.19187208527648233
transition 964 0 667 -0.6466048399781952 0.22551632245169886
transition 964 0 357 -0.9561159879098384 0.4536975349766822
transition 964 1 640 -0.11784164579575651 0.7052023121387283
transition 964 1 357 -0.2238806443797754 0.2947976878612717
transition 964 2 357 0.004620789139911041 1.0
transition 965 0 398 -0.9496877299891167 0.5350877192982456
transition 965 0 36 0.1758830956764048 0.4649122807017544
transition 965 1 840 0.8009623501907075 0.08365758754863813
transition 965 1 187 -0.3742371441020922 0.5233463035019456
transition 965 1 36 -0.491454262785316 0.39299610894941633
transition 965 2 36 0.6949907747832536 1.0
transition 966 0 302 0.03219431483503521 1.0
transition 966 1 302 0.17611586149010638 1.0
transition 966 2 499 -0.9942116549102356 0.0886856656741812
transition 966 2 142 -0.10505235397849488 0.18587834963845173
transition 966 2 897 0.24259064975281297 0.10782645682688217
transition 966 2 309 -0.8770508125513969 0.19970225435984687
transition 966 2 302 0.3545103010798576 0.417907273500638
transition 967 0 560 0.6825247895733644 0.6745283018867925
transition 967 0 40 -0.16653897940010265 0.32547169811320753
transition 967 1 40 0.43912365993970104 1.0
transition 967 2 25 0.7605157116311294 0.256140350877193
transition 967 2 149 0.6181961970180185 0.2545454545454545
transition 967 2 40 -0.56752403552162 0.4893141945773525
transition 968 0 701 0.7807058103332778 0.6127770534550195
transition 968 0 991 0.15442424025228885 0.38722294654498046
transition 968 1 991 0.9886810489850377 1.0
transition 968 2 539 -0.1659991159331904 0.01143674052894925
transition 968 2 673 -0.7823960133970878 0.22694781987133666
transition 968 2 482 0.014641113359120883 0.225518227305218
transition 968 2 642 0.8082360977029073 0.26697641172265907
transition 968 2 991 -0.9749122458447146 0.269120800571837
transition 970 0 150 0.49880546680186466 1.0
transition 970 1 150 0.17547602443334998 1.0
transition 970 2 518 -0.417644244867051 0.40657894736842104
transition 970 2 966 -0.643690347680069 0.21052631578947367
transition 970 2 150 -0.6678517694742097 0.3828947368421053
transition 971 0 668 0.0771473177293085 0.2297979797979798
transition 971 0 392 0.508769547532042 0.19640852974186307
transition 971 0 758 -0.6407462718144314 0.2149270482603816
transition 971 0 435 -0.16000539850042217 0.35886644219977554
transition 971 1 853 -0.5644153390481434 0.08482792050412022
transition 971 1 203 -0.5894732737683317 0.4726126999515269
transition 971 1 435 0.42768577640174543 0.44255937954435287
transition 971 2 935 0.08458067999442198 0.07407407407407407
transition 971 2 656 0.3786681632321358 0.2356902356902357
transition 971 2 806 0.44598467859428803 0.23804713804713803
transition 971 2 435 -0.4117442183226665 0.4521885521885522
transition 972 0 522 -0.54703891951423 0.7704590818363274
transition 972 0 132 0.011262781744188377 0.22954091816367264
transition 972 1 494 -0.4697806900037971 0.18799682034976153
transition 972 1 404 -0.32953873632932384 0.15480922098569158
transition 972 1 747 -0.3984651486799118 0.15580286168521462
transition 972 1 689 -0.8125316810487913 0.1647456279809221
transition 972 1 132 -0.5919454502372554 0.3366454689984102
transition 972 2 431 -0.3105258926416383 0.0007716049382716049
transition 972 2 130 -0.47948328846303934 0.16589506172839505
transition 972 2 868 0.7000086376832402 0.05285493827160494
transition 972 2 795 0.04266879966678028 0.36612654320987653
transition 972 2 132 0.26861920962407315 0.41435185185185186
transition 973 0 410 0.5902835887920173 0.11467181467181467
transition 973 0 97 0.9745225184657038 0.27606177606177607
transition 973 0 562 0.6057567594526969 0.23397683397683397
transition 973 0 450 0.14136012767268258 0.013513513513513514
transition 973 0 537 0.03741226182624513 0.36177606177606175
transition 973 1 422 -0.8767596279530283 0.5421245421245421
transition 973 1 556 -0.8656018086274206 0.20757020757020758
transition 973 1 537 -0.16811164419259028 0.2503052503052503
transition 973 2 411 0.481659403791737 0.2509619495510902
transition 973 2 445 0.24740008319336537 0.07139803334758443
transition 973 2 353 0.26843686084471985 0.19067977768277042
transition 973 2 537 0.8038438896792874 0.48696023941855493
transition 974 0 639 -0.6046143241994488 0.7370753323485968
transition 974 0 846 -0.2870214363745158 0.26292466765140327
transition 974 1 422 -0.35631217230449375 0.409009009009009
transition 974 1 915 -0.6199708160742352 0.1635135135135135
transition 974 1 815 0.20854794977180413 0.1671171171171171
transition 974 1 846 0.8603521814017874 0.26036036036036037
transition 974 2 846 0.23799751024825588 1.0
transition 975 0 270 -0.8389528344437629 1.0
transition 975 1 341 0.654785900127808 0.7980456026058632
transition 975 1 270 -0.07880978339022304 0.20195439739413681
transition 975 2 546 0.7293222135662019 0.6613995485327314
transition 975 2 270 -0.5613806019482295 0.33860045146726864
transition 976 0 642 0.7496719438903909 0.35664335664335667
transition 976 0 243 0.32453958135129457 0.12287712287712288
transition 976 0 861 0.601575115533945 0.1913086913086913
transition 976 0 155 0.2856726554670408 0.3291708291708292
transition 976 1 654 -0.7219710829684944 0.3810272536687631
transition 976 1 538 -0.7809910669255167 0.17557651991614256
transition 976 1 155 0.41754365334369514 0.44339622641509435
transition 976 2 777 -0.8177969130868619 0.46638655462184875
transition 976 2 661 0.5883020842848015 0.328781512605042
transition 976 2 155 -0.7690045981763545 0.20483193277310924
transition 977 0 549 0.753166444507237 0.16096096096096096
transition 977 0 960 0.9771748853207598 0.25795795795795795
transition 977 0 252 0.7084234870254758 0.16606606606606605
transition 977 0 315 -0.6364565936700828 0.41501501501501503
transition 977 1 135 -0.9012871687274697 0.18515302800086825
transition 977 1 47 -0.35429942474171394 0.18840894291295854
transition 977 1 729 0.017622684188471682 0.1413067071847189
transition 977 1 820 0.13145527584837158 0.17039288039939224
transition 977 1 315 0.9847917705553113 0.3147384415020621
transition 977 2 642 0.7327187093912941 0.6047979797979798
transition 977 2 315 -0.42954292379357106 0.3952020202020202
transition 978 0 874 0.18153078591138505 1.0
transition 978 1 750 0.507437641957283 0.23208469055374592
transition 978 1 889 -0.6297917969931246 0.21254071661237786
transition 978 1 802 -0.6293986844367243 0.24348534201954397
transition 978 1 874 -0.7572500249956855 0.3118892508143323
transition 978 2 602 -0.8366078645929647 0.21621621621621623
transition 978 2 450 0.7075742964949343 0.24035686171608503
transition 978 2 323 -0.8277826471684595 0.17738126475990554
transition 978 2 874 -0.36951455222129237 0.3660456573077932
transition 979 0 619 -0.018287406038027365 1.0
transition 979 1 434 0.6548988831331943 0.11080471296064176
transition 979 1 738 0.6641640571318872 0.03284031085485084
transition 979 1 534 -0.7764849325028613 0.21108047129606416
transition 979 1 427 -0.9317328817072716 0.19252945600401103
transition 979 1 619 -0.4327076510391361 0.4527450488844322
transition 979 2 916 0.9386563857727668 0.18105616093880972
transition 979 2 915 0.35066317649843737 0.12573344509639564
transition 979 2 365 -0.6837607941426973 0.26823134953897737
transition 979 2 619 -0.1529190616826599 0.42497904442581724
transition 980 0 75 -0.2818644469952636 0.651928504233302
transition 980 0 486 -0.7903163383421359 0.17873941674506114
transition 980 0 96 0.2937560703985038 0.16933207902163688
transition 980 1 96 0.1129930362679814 1.0
transition 980 2 764 -0.5883303555545345 0.6988416988416989
transition 980 2 96 -0.12358133752399048 0.30115830115830117
transition 981 0 71 -0.7049298297964159 0.08040687817873578
transition 981 0 765 -0.08589632487169618 0.15524340033906514
transition 981 0 572 0.17256661563552078 0.1886655364495035
transition 981 0 133 -0.03618357368126235 0.17219665778638896
transition 981 0 746 -0.6238406710988014 0.4034875272463066
transition 981 1 746 0.19540804033588133 1.0
transition 981 2 542 0.9095228837148344 0.022071307300509338
transition 981 2 636 0.8117924687301157 0.08149405772495756
transition 981 2 359 0.830287564810916 0.601018675721562
transition 981 2 746 0.7601016816487569 0.29541595925297115
transition 982 0 828 -0.47570288315572173 0.1251229105211406
transition 982 0 842 0.2973841226166476 0.17256637168141592
transition 982 0 195 -0.3363949462712781 0.18657817109144542
transition 982 0 34 0.05016103007702433 0.16420845624385447
transition 982 0 508 -0.49011909069530324 0.35152409046214356
transition 982 1 937 -0.559913324349157 0.5454545454545454
transition 982 1 508 -0.6919703074376717 0.45454545454545453
transition 982 2 870 -0.7425167783959594 0.33916083916083917
transition 982 2 204 -0.22731285210728158 0.14055944055944056
transition 982 2 772 -0.29711523541818186 0.15244755244755245
transition 982 2 508 0.46855472116443964 0.3678321678321678
transition 983 0 883 0.9163875338646701 0.003457216940363008
transition 983 0 337 -0.3287269698446378 0.5937770095073466
transition 983 0 95 -0.7700075612239936 0.40276577355229043
transition 983 1 882 -0.6093690993492487 0.14093959731543623
transition 983 1 992 0.8955266362013397 0.23406040268456377
transition 983 1 351 0.4097258837660509 0.25419463087248323
transition 983 1 95 0.45319441044667563 0.37080536912751677
transition 983 2 95 -0.6610753778682836 1.0
transition 984 0 556 -0.3329250046205776 0.16824127906976744
transition 984 0 57 0.7598835194909399 0.10192587209302326
transition 984 0 68 -0.5863629951564733 0.14734738372093023
transition 984 0 69 0.7836571198984852 0.14425872093023256
transition 984 0 412 -0.26001903553964123 0.4382267441860465
transition 984 1 401 0.08907026892784708 0.30587275693311583
transition 984 1 917 0.079899803590183 0.3833605220228385
transition 984 1 412 0.3018624208435945 0.3107667210440457
transition 984 2 601 -0.9822845720556939 0.11938296445338699
transition 984 2 901 -0.33759580072111284 0.30315224681421865
transition 984 2 940 0.027011884171429967 0.22032193158953722
transition 984 2 412 -0.3063693024290326 0.35714285714285715
transition 985 0 852 -0.953258823021601 0.6750902527075813
transition 985 0 903 0.40156669374799936 0.3249097472924188
transition 985 1 37 -0.5040697208572671 0.19281376518218624
transition 985 1 100 0.4830257598694623 0.4549595141700405
transition 985 1 672 0.8974959264157967 0.09058704453441295
transition 985 1 174 -0.8532342167657314 0.08704453441295547
transition 985 1 903 0.27724564238859783 0.17459514170040485
transition 985 2 743 -0.49138074260521525 0.4634864546525324
transition 985 2 623 0.38061268005101123 0.04181389870435807
transition 985 2 903 -0.3823228353990058 0.49469964664310956
transition 986 0 852 0.46367344193059545 0.06512023834858481
transition 986 0 910 -0.13470055560807004 0.04852096190678868
transition 986 0 134 -0.3981567529629957 0.21195999148755054
transition 986 0 833 -0.7912834953288748 0.17833581613109173
transition 986 0 695 0.10628650810643081 0.49606299212598426
transition 986 1 559 -0.4643424811848411 0.21915747241725175
transition 986 1 918 0.3739504660469213 0.15646940822467403
transition 986 1 486 0.3218959206441214 0.13916750250752258
transition 986 1 101 -0.4135581870925402 0.06795386158475426
transition 986 1 695 0.0525628184704614 0.4172517552657974
transition 986 2 57 -0.3488213317086246 0.1373357382118011
transition 986 2 800 -0.012950707246232929 0.23138366400412264
transition 986 2 888 -0.6740026352432571 0.06673537748003092
transition 986 2 42 -0.37046534981456003 0.14017005926307652
transition 986 2 695 0.7498852337545983 0.42437516104096884
transition 987 0 545 0.009882483170190692 0.8571428571428571
transition 987 0 205 0.753729422592949 0.14285714285714285
transition 987 1 205 0.2189894596782216 1.0
transition 987 2 205 -0.5856763205519757 1.0
transition 988 0 129 -0.053024522430051846 0.6283112582781457
transition 988 0 722 -0.6886657736678685 0.3716887417218543
transition 988 1 70 -0.15958842038567278 0.8285714285714286
transition 988 1 722 0.9879468261960285 0.17142857142857143
transition 988 2 601 0.010829113759842413 0.5714285714285714
transition 988 2 722 -0.10949611242387558 0.42857142857142855
transition 989 0 892 0.6097707877193077 0.22486360093530788
transition 989 0 601 0.7431262461793893 0.09859703819173811
transition 989 0 174 -0.4578790284037513 0.3000779423226812
transition 989 0 432 0.11746491582986263 0.3764614185502728
transition 989 1 432 0.9131257861230351 1.0
transition 989 2 397 0.42611666022772776 0.5060936497754971
transition 989 2 743 0.8193342559665413 0.030147530468248876
transition 989 2 432 0.030788067171259703 0.463758819756254
transition 990 0 548 -0.2470961766405817 1.0
transition 990 1 548 0.3940935898167597 1.0
transition 990 2 250 -0.0668664352891537 0.6423645320197044
transition 990 2 548 0.22172108704819005 0.35763546798029555
transition 991 0 419 0.3115200591914127 0.1482456140350877
transition 991 0 223 -0.5326555911379605 0.20701754385964913
transition 991 0 567 -0.6919047589819343 0.17214912280701755
transition 991 0 65 0.7264031197359804 0.4725877192982456
transition 991 1 812 -0.7810090599567483 0.44866920152091255
transition 991 1 423 0.09767984951687136 0.29168929929386206
transition 991 1 65 0.3506405812931368 0.25964149918522544
transition 991 2 117 0.9436672053588113 0.6016949152542372
transition 991 2 65 -0.9033351875865812 0.3983050847457627
transition 993 0 935 -0.23404504009325566 0.5603960396039604
transition 993 0 24 -0.6614879071683131 0.4396039603960396
transition 993 1 390 -0.11469967913813761 0.7350427350427351
transition 993 1 24 0.05462897449215909 0.26495726495726496
transition 993 2 24 -0.22007629758777902 1.0
transition 994 0 121 0.9274220622720963 0.22654337775360348
transition 994 0 727 0.1317206505818156 0.1803100353549089
transition 994 0 21 0.6680353674359341 0.1490345390263802
transition 994 0 403 -0.3211720835183547 0.04976883328800653
transition 994 0 226 -0.6941450471448862 0.3943432145771009
transition 994 1 75 -0.0993527035600521 0.5206611570247934
transition 994 1 226 0.9274358964167901 0.4793388429752066
transition 994 2 226 -0.7104386722437526 1.0
transition 995 0 823 0.7951956920508554 0.6081771720613288
transition 995 0 822 0.36201820127072826 0.39182282793867124
transition 995 1 751 0.9454571873936746 0.038461538461538464
transition 995 1 786 -0.7410496418868697 0.3033381712626996
transition 995 1 515 0.44997008821370277 0.22714078374455732
transition 995 1 822 -0.190355601445513 0.4310595065312046
transition 995 2 409 -0.2081054586257507 0.28623778501628666
transition 995 2 312 -0.19370201469530768 0.20317589576547232
transition 995 2 339 -0.6618968216973864 0.028501628664495113
transition 995 2 34 0.846299264789508 0.023615635179153095
transition 995 2 822 -0.47334659011797586 0.4584690553745928
transition 997 0 950 -0.8450372656239533 0.7911001236093943
transition 997 0 218 -0.4184473673409417 0.2088998763906057
transition 997 1 218 0.4756339824545617 1.0
transition 997 2 466 -0.6093979024622154 0.08004268943436499
transition 997 2 913 -0.4728449403444386 0.1735325506937033
transition 997 2 985 0.27858879022040917 0.04183564567769477
transition 997 2 72 -0.20418472437834234 0.2113127001067236
transition 997 2 218 -0.9448141884774663 0.4932764140875133
transition 998 0 393 0.9842846219766268 1.0
transition 998 1 109 -0.30146864347941826 0.16585365853658537
transition 998 1 207 -0.589496972380489 0.6475609756097561
transition 998 1 393 0.8358271856819799 0.18658536585365854
transition 998 2 394 -0.08806079514266485 0.1240981240981241
transition 998 2 250 0.6013113154193885 0.08333333333333333
transition 998 2 712 0.7119282959665838 0.21645021645021645
transition 998 2 728 0.38067410743509367 0.26262626262626265
transition 998 2 393 0.05010463412296828 0.3134920634920635
transition 999 0 555 -0.46550039925090836 1.0
transition 999 1 162 -0.6045414001050669 0.10907704042715484
transition 999 1 485 -0.4825434568067204 0.6445461479786423
transition 999 1 532 0.44333203380317987 0.06102212051868802
transition 999 1 555 -0.28466825089453485 0.1853546910755149
transition 999 2 664 0.4763225481295641 0.7400162999185004
transition 999 2 555 0.26475527082149375 0.25998370008149957
mdptype episodic
discount  0.8
