numStates 100
numActions 25
end -1
transition 0 0 79 0.010476885707940475 0.0657044524865354
transition 0 0 31 0.1473075361216647 0.20316393698120946
transition 0 0 62 0.3747587804965522 0.26241910045151734
transition 0 0 54 -0.5886146097335632 0.3503070805342066
transition 0 0 57 -0.590471815863097 0.11840542954653104
transition 0 1 99 0.2502487287254831 1.0
transition 0 2 73 -0.5828464918590579 1.0
transition 0 3 59 0.3742120225952512 1.0
transition 0 4 36 -0.39983273424417654 0.056098131430254994
transition 0 4 78 0.9190966805653062 0.46018591901688843
transition 0 4 53 -0.935745383710771 0.4837159495528566
transition 0 5 10 -0.23659720623195124 0.541021491231293
transition 0 5 73 -0.2013494789844239 0.42695241971723585
transition 0 5 19 -0.15574225080411974 0.03202608905147125
transition 0 6 63 0.29302227652646073 0.2691547460413748
transition 0 6 62 0.6347598719884227 0.7308452539586252
transition 0 7 26 0.6057174683955118 0.04629765871656107
transition 0 7 10 -0.1337701355353773 0.03920183701667107
transition 0 7 74 0.9166970315243808 0.43193532037688287
transition 0 7 64 0.9654852842992148 0.3535627775161948
transition 0 7 36 -0.9933822395244734 0.12900240637369026
transition 0 8 86 0.05954407469741296 1.0
transition 0 9 99 -0.08661716105380557 0.3966056341319683
transition 0 9 1 -0.33394866841605864 0.6033943658680317
transition 0 10 95 -0.39970859945423176 0.5037569410722706
transition 0 10 92 -0.9912138729439115 0.09676093163497443
transition 0 10 14 0.6488456054307838 0.399482127292755
transition 0 11 27 -0.43843117230073925 0.34581212144006096
transition 0 11 59 -0.18392467413519253 0.5273408394749441
transition 0 11 49 0.21500924342948324 0.04750420621633782
transition 0 11 83 -0.08191828857625394 0.04533204866231084
transition 0 11 36 -0.2373302392897909 0.034010784206346255
transition 0 12 1 0.11004989175338875 1.0
transition 0 13 48 0.8638295754469016 1.0
transition 0 14 3 0.47638654128145697 0.24592445006006655
transition 0 14 85 0.8582970383366755 0.28205962311710175
transition 0 14 92 -0.6400792083333424 0.19924672660941084
transition 0 14 40 0.2319270508889022 0.009783673039972546
transition 0 14 68 -0.5319524185682074 0.26298552717344836
transition 0 15 76 -0.7379396116506944 0.6316540758424283
transition 0 15 92 -0.6309827307481912 0.3683459241575718
transition 0 16 55 -0.9928071985431517 0.32794619435892663
transition 0 16 40 0.09189626826041697 0.314094300788367
transition 0 16 96 0.2151363926351444 0.3579595048527064
transition 0 17 81 0.4924609360485992 0.28299495477607295
transition 0 17 80 -0.3714294761740493 0.20925896380315265
transition 0 17 26 -0.656675282745997 0.17799753613017472
transition 0 17 31 0.2599572108887247 0.32974854529059977
transition 0 18 17 0.2734820017066064 0.2510528062658039
transition 0 18 9 -0.9843882019922092 0.2168608926039016
transition 0 18 80 0.7333626667597335 0.277070229389372
transition 0 18 42 -0.6673124858092898 0.2550160717409225
transition 0 19 92 0.6574372183837789 0.4927235283015229
transition 0 19 29 -0.08941785877497144 0.2858257812743017
transition 0 19 57 0.9992241256664962 0.22145069042417548
transition 0 20 25 -0.5049620352895827 0.28093916566135835
transition 0 20 63 -0.914396293187727 0.14277796136224546
transition 0 20 70 0.2741131475642935 0.2323341367067895
transition 0 20 53 0.3520280476991058 0.21892160474389663
transition 0 20 41 -0.701777984166462 0.12502713152571007
transition 0 21 31 0.823618187230772 1.0
transition 0 22 46 0.11465046739322515 1.0
transition 0 23 11 -0.7397370035912487 0.2578541304668652
transition 0 23 75 -0.9661976795177551 0.13366614638541682
transition 0 23 82 0.8765620068156124 0.1819126102122655
transition 0 23 41 0.3193971985135666 0.2927459014761672
transition 0 23 97 0.6610734721814395 0.1338212114592854
transition 0 24 39 -0.030922431174997378 0.3796131962692052
transition 0 24 81 0.09795444220996474 0.2648227563771142
transition 0 24 76 -0.6264707916418708 0.3555640473536805
transition 1 0 38 0.5217918829656101 1.0
transition 1 1 84 -0.8125796672669483 0.2666523074899594
transition 1 1 15 -0.3409233073181621 0.7333476925100406
transition 1 2 25 0.3919001045476327 0.06045342761402826
transition 1 2 71 0.9288233609967693 0.07293897667688251
transition 1 2 20 0.29561364650637545 0.4102749274655823
transition 1 2 89 -0.7474571249505344 0.456332668243507
transition 1 3 48 -0.062693513406338 0.37079576855167345
transition 1 3 39 0.776044516880789 0.03299906606141143
transition 1 3 55 0.3690226433703645 0.15863958801823264
transition 1 3 69 -0.6901572633248871 0.43756557736868246
transition 1 4 38 0.5061403395378461 1.0
transition 1 5 71 0.7471811032456235 0.18921413271497758
transition 1 5 85 -0.6541794129746308 0.11264801251906903
transition 1 5 59 0.35454714262482634 0.29416368316213926
transition 1 5 43 -0.25196520735675376 0.40397417160381416
transition 1 6 25 0.7261343961802476 1.0
transition 1 7 13 0.6129097325171975 0.1490010897662426
transition 1 7 2 -0.4054073015112152 0.33942133363306054
transition 1 7 22 -0.23632397528055793 0.3432144221868314
transition 1 7 97 0.18983167217212915 0.1683631544138654
transition 1 8 95 0.8212857950724302 0.0027760471559458966
transition 1 8 64 0.4761472946056171 0.4955521895711937
transition 1 8 46 -0.475204611965488 0.31356180841388487
transition 1 8 66 -0.6543818359740392 0.1881099548589755
transition 1 9 72 -0.23329469819518134 1.0
transition 1 10 94 -0.5764811681753201 0.278555094143955
transition 1 10 17 -0.8885171738442879 0.42956290217957577
transition 1 10 85 0.9191288286666259 0.28745745713955767
transition 1 10 92 0.42653588613272486 0.004424546536911672
transition 1 11 50 0.435461867821231 0.10484013055404187
transition 1 11 95 0.41160362708635856 0.7432580632689875
transition 1 11 91 0.0043886456840966925 0.05493096289496366
transition 1 11 87 0.128797208023415 0.09697084328200704
transition 1 12 52 -0.8608550000077073 0.2733840783728517
transition 1 12 66 -0.9888096061382781 0.0775222002312808
transition 1 12 6 0.7327035523796972 0.12109320605411693
transition 1 12 34 0.7633166956645914 0.18135315614268685
transition 1 12 53 -0.21367897588142548 0.3466473591990637
transition 1 13 3 -0.32482627686974297 0.9079930048374389
transition 1 13 67 0.7451997975087443 0.09200699516256114
transition 1 14 68 0.34335603382120117 0.35986329359234553
transition 1 14 33 -0.47776790033383976 0.4213859418080801
transition 1 14 25 0.028982060335573934 0.2187507645995743
transition 1 15 4 0.664969755064394 0.10001329394558531
transition 1 15 98 0.25752483549740535 0.05578810785207116
transition 1 15 1 -0.5343520762863012 0.33844605114068166
transition 1 15 39 -0.9976207202943108 0.5057525470616618
transition 1 16 39 -0.11264873050708535 0.015157883669919665
transition 1 16 4 0.2817032646424831 0.5143779152056928
transition 1 16 25 -0.04815689549747826 0.01712405004035157
transition 1 16 50 0.9464495569283555 0.3361310689886823
transition 1 16 30 -0.8001295864696387 0.11720908209535374
transition 1 17 43 -0.6181222672990125 0.1589204560706384
transition 1 17 78 0.4139705340013249 0.21097273060039748
transition 1 17 15 -0.06192098171996996 0.008071469637209899
transition 1 17 51 0.35699418209743383 0.3928945583994928
transition 1 17 98 -0.7948761847653611 0.22914078529226145
transition 1 18 63 0.8983170491149104 0.35692140180534154
transition 1 18 72 -0.5700649586324695 0.24410358475809857
transition 1 18 68 0.8334566950214402 0.23967081366523985
transition 1 18 62 -0.7779826614907521 0.15930419977132
transition 1 19 4 -0.06758245048646727 0.6792412109488257
transition 1 19 87 -0.6396272641123601 0.3207587890511742
transition 1 20 79 0.10340220436809089 0.4411986059845958
transition 1 20 94 -0.6554896191505821 0.04204785539317777
transition 1 20 53 0.5416350837765052 0.48093363327134603
transition 1 20 83 -0.6972409135406823 0.03581990535088037
transition 1 21 10 0.44124335444077367 0.07061204933574923
transition 1 21 4 0.7751521292912344 0.2805991018293164
transition 1 21 12 0.6794901167196787 0.6487888488349344
transition 1 22 55 0.4155424277846018 1.0
transition 1 23 82 -0.6694824577608574 0.5096156542526675
transition 1 23 61 -0.9280521321613049 0.4903843457473325
transition 1 24 20 0.8734723436225893 0.14869987895460943
transition 1 24 31 -0.8966011724716616 0.22155050178615793
transition 1 24 68 -0.647895915241435 0.24997293836283238
transition 1 24 61 0.7632367185156166 0.21951873154014553
transition 1 24 72 0.6603970371348271 0.1602579493562547
transition 2 0 38 0.18965015849598021 0.10007484838758018
transition 2 0 63 0.30296891461846975 0.8999251516124198
transition 2 1 50 -0.9507575331350648 0.2816682147888643
transition 2 1 74 -0.26773395219608576 0.009087720787910768
transition 2 1 5 -0.6142720197712956 0.2415604218106436
transition 2 1 21 0.41549403859612943 0.14585720164226026
transition 2 1 99 0.22409949787576156 0.32182644097032115
transition 2 2 97 0.13330389890947503 0.504565289874491
transition 2 2 90 0.4054999453366177 0.0022010802078072287
transition 2 2 6 -0.9973707963523142 0.12850151182046288
transition 2 2 66 -0.7261995716057907 0.08271745000263626
transition 2 2 34 -0.9943733024311812 0.2820146680946027
transition 2 3 41 -0.46996704234545916 0.24249142141050944
transition 2 3 37 0.15671724529975894 0.7575085785894906
transition 2 4 41 -0.012447692062968585 0.609522741256106
transition 2 4 76 0.037625596636811975 0.39047725874389405
transition 2 5 2 0.5455127156312689 0.4689864949019444
transition 2 5 75 0.7338561840735585 0.04405866571564319
transition 2 5 82 -0.24445192736480115 0.48695483938241246
transition 2 6 60 -0.8482266532785567 0.6474656995725397
transition 2 6 5 -0.6552577792166157 0.35253430042746026
transition 2 7 13 -0.8075259270991921 0.5323039323679436
transition 2 7 86 0.6551751217637145 0.46769606763205646
transition 2 8 40 0.6978235210180195 0.24221095550701435
transition 2 8 73 0.10361339904227695 0.2606941526839366
transition 2 8 75 -0.9044654960618967 0.23926141544386784
transition 2 8 31 0.848284948009425 0.05922064070379828
transition 2 8 0 0.34294773237813425 0.19861283566138294
transition 2 9 41 -0.8421228994825609 1.0
transition 2 10 80 0.540555713805388 0.3401999462059458
transition 2 10 75 0.9022830907541752 0.6598000537940544
transition 2 11 30 0.025117852056953938 0.6152722284302495
transition 2 11 80 -0.23302892587452195 0.3847277715697504
transition 2 12 72 -0.8924341779109055 0.15699841502817974
transition 2 12 82 0.3733120348470029 0.16261436189653725
transition 2 12 12 0.18136199473239256 0.30635817629873185
transition 2 12 64 0.5656864061497293 0.3740290467765512
transition 2 13 2 0.18820693713141456 0.16429742656511812
transition 2 13 30 0.31619900429067527 0.8357025734348817
transition 2 14 42 -0.7685234600100117 0.21742706651009533
transition 2 14 75 0.387527602924848 0.08940707612183872
transition 2 14 76 0.00969443978968787 0.6931658573680659
transition 2 15 27 0.8149196595130881 0.030122387039008075
transition 2 15 1 -0.9765890824672552 0.2872884568374598
transition 2 15 25 -0.8679711788989573 0.32908219903904784
transition 2 15 3 -0.26090662846774415 0.35350695708448415
transition 2 16 75 0.8538100032623219 0.16088328632547486
transition 2 16 24 0.05714358234458938 0.39316315482745584
transition 2 16 16 0.43743806676816965 0.4459535588470692
transition 2 17 31 -0.27699774226719787 0.1393384385602407
transition 2 17 41 0.8141867304720549 0.11955288856919827
transition 2 17 3 -0.418614458817816 0.17115252004256826
transition 2 17 72 -0.08805703384375141 0.3325863448208135
transition 2 17 49 0.5022433658407628 0.2373698080071793
transition 2 18 47 -0.9762617140433658 0.07649005792833924
transition 2 18 11 0.6479924188982145 0.011308768518536648
transition 2 18 84 -0.5707144313972159 0.07157650008569205
transition 2 18 92 -0.46219717675741934 0.435402434602832
transition 2 18 9 0.4430663357664819 0.40522223886460007
transition 2 19 65 0.28941092169817617 0.35761116432353535
transition 2 19 55 0.22920570113955008 0.09271471957474403
transition 2 19 8 -0.2862325956544405 0.5496741161017206
transition 2 20 61 -0.6434388699099656 1.0
transition 2 21 63 -0.18263770443824412 0.33930662680873147
transition 2 21 1 -0.4423272881493119 0.031319397087477885
transition 2 21 37 0.11904716794811132 0.3633950243474279
transition 2 21 36 0.9036705114357191 0.07781662695257721
transition 2 21 53 -0.48863634081916474 0.1881623248037855
transition 2 22 77 0.7030120873065564 0.49251230354054537
transition 2 22 3 0.9880247528118657 0.5074876964594546
transition 2 23 12 -0.23271254243081163 0.40787903104328016
transition 2 23 80 -0.6074255753397968 0.11843189024927349
transition 2 23 60 -0.24791511645638153 0.47368907870744636
transition 2 24 43 0.8838514075987864 1.0
transition 3 0 85 0.5664004330124734 0.1377476778664107
transition 3 0 42 0.07697149945153825 0.3898192614425586
transition 3 0 61 0.15496047439686822 0.47243306069103075
transition 3 1 55 0.052848712703300826 0.4198309286854952
transition 3 1 40 -0.10574152583602148 0.34656694843959046
transition 3 1 31 0.01644113344474052 0.2336021228749143
transition 3 2 18 -0.8622660953678711 0.45753862344188684
transition 3 2 56 0.27746669118402556 0.23470803988542271
transition 3 2 33 0.3301545201667182 0.3077533366726905
transition 3 3 64 0.8067533290277693 0.0432880742349928
transition 3 3 82 -0.639877576698322 0.16019090684779866
transition 3 3 26 -0.7764068437645042 0.26367522882005157
transition 3 3 44 -0.43698929501917627 0.3979252004575046
transition 3 3 1 -0.28628646185197093 0.1349205896396524
transition 3 4 70 0.4912408065653553 0.025105844109394516
transition 3 4 23 0.5206377707714869 0.4024806341978683
transition 3 4 97 -0.9725905589611581 0.16901683148893792
transition 3 4 99 -0.8336425300916153 0.12096802028754679
transition 3 4 78 -0.24082913614189705 0.2824286699162525
transition 3 5 45 0.7467843771250176 1.0
transition 3 6 59 -0.9920860284084856 0.11814800919512575
transition 3 6 90 0.819496698693809 0.37283737122054783
transition 3 6 64 -0.6440057527733383 0.0798911054464712
transition 3 6 56 -0.2511271219968225 0.15899825721693792
transition 3 6 39 0.06306526277491109 0.27012525692091727
transition 3 7 9 -0.10737471884741501 0.4793894557144275
transition 3 7 99 -0.4477219593816295 0.5206105442855725
transition 3 8 52 -0.54951782200683 0.29885710851623704
transition 3 8 84 0.12609772663471808 0.220501846389365
transition 3 8 57 0.7483167424485362 0.22198759215709896
transition 3 8 19 -0.3557426185300927 0.2586534529372991
transition 3 9 76 0.29638769303116574 0.06655782905068945
transition 3 9 16 0.9565826574881076 0.5578046509329018
transition 3 9 58 -0.08566289939402028 0.37563752001640877
transition 3 10 36 -0.4014084763438164 0.8942150374868835
transition 3 10 90 -0.004544583436804084 0.10578496251311656
transition 3 11 67 -0.061701390763919006 0.8282787890191305
transition 3 11 49 0.7987856358234178 0.17172121098086943
transition 3 12 56 -0.1933124547375713 0.4269969147476339
transition 3 12 29 -0.7882073096366558 0.5730030852523661
transition 3 13 58 -0.9103344233009749 1.0
transition 3 14 2 0.2640402872987484 0.694709612986107
transition 3 14 65 0.8231146683185049 0.30529038701389294
transition 3 15 45 -0.44052158626260884 1.0
transition 3 16 66 -0.6975872151345417 0.20611428431288492
transition 3 16 78 0.3999258688003484 0.383539293662676
transition 3 16 95 0.20607472852197062 0.41034642202443905
transition 3 17 26 0.2626403353796556 0.4065705403777233
transition 3 17 46 0.017327130978060046 0.12054718996547883
transition 3 17 17 -0.1359521862715085 0.4728822696567978
transition 3 18 33 0.08560472939683783 0.18219139675750495
transition 3 18 62 0.430102359771922 0.011370571820339015
transition 3 18 93 -0.06793730388625963 0.35998104263101777
transition 3 18 59 -0.7065585182414602 0.44645698879113827
transition 3 19 10 0.3542205888434007 0.32722446306043623
transition 3 19 63 0.3981774914107443 0.32074489940035567
transition 3 19 9 -0.7383456657544065 0.026442468905745496
transition 3 19 81 0.81501078051587 0.3255881686334627
transition 3 20 83 0.5512026931947658 0.22853585728679604
transition 3 20 79 0.5466641508623753 0.21459946599788013
transition 3 20 53 -0.6663855108542605 0.24395706415719154
transition 3 20 31 0.5003114241467499 0.16709118233130424
transition 3 20 82 -0.42807702317719665 0.145816430226828
transition 3 21 3 -0.13737155663378253 1.0
transition 3 22 2 0.638389033063886 0.14327435434148078
transition 3 22 60 0.9588741790258362 0.11044865273170158
transition 3 22 64 -0.6972022285556314 0.47087010067260077
transition 3 22 87 0.6206008774395562 0.2754068922542168
transition 3 23 37 -0.2103384408356206 0.9348514140649444
transition 3 23 78 -0.42483766953125324 0.06514858593505544
transition 3 24 49 -0.7972177097329101 0.046567331933734114
transition 3 24 67 0.42198958291469046 0.11704820935596501
transition 3 24 32 -0.7582890093627548 0.478563297285939
transition 3 24 81 0.23848302882246775 0.05337568358776656
transition 3 24 6 0.10344945385671944 0.3044454778365954
transition 4 0 19 0.2706566037987195 0.13914271198064637
transition 4 0 14 0.2847691823741749 0.3068556411807289
transition 4 0 15 0.09877427447575893 0.15517016440061163
transition 4 0 39 0.16620908901014997 0.00914450769068661
transition 4 0 54 0.8935058754196423 0.38968697474732644
transition 4 1 72 0.5812367194768278 0.7526930421767888
transition 4 1 19 -0.7448436408599128 0.24730695782321124
transition 4 2 90 -0.9015894553591766 0.0826333248091644
transition 4 2 84 0.3215188908739568 0.12566394328457128
transition 4 2 92 -0.835823252199847 0.23225207825691901
transition 4 2 11 -0.11006836409594012 0.34754827107173336
transition 4 2 28 0.7595231702750229 0.21190238257761193
transition 4 3 54 0.627439442848188 1.0
transition 4 4 66 0.11709259818447748 1.0
transition 4 5 95 0.08480367553119583 0.3495483454544059
transition 4 5 92 0.2979628356998856 0.20490395097312306
transition 4 5 33 0.9838516846790262 0.1210844215156696
transition 4 5 49 0.48611074731368165 0.32446328205680147
transition 4 6 3 0.31257264098122417 0.10663469555583066
transition 4 6 22 -0.10381388689252957 0.2332106281092903
transition 4 6 17 0.911449792529466 0.4261718837205187
transition 4 6 55 -0.015807814298027134 0.19737220937571312
transition 4 6 7 -0.35573186633433473 0.03661058323864725
transition 4 7 26 0.3865940768470155 0.40347061569474907
transition 4 7 19 -0.3537019608173393 0.21922898935786553
transition 4 7 12 0.2001560049527642 0.3773003949473854
transition 4 8 79 -0.2272733129139537 1.0
transition 4 9 53 -0.06745852903755156 0.6955735990564307
transition 4 9 29 -0.3937483389484422 0.3044264009435694
transition 4 10 4 -0.13317846140190603 0.38497432357531813
transition 4 10 81 -0.09129376618797935 0.2567942556609926
transition 4 10 8 -0.6210394987410959 0.35823142076368925
transition 4 11 89 0.6314385300972385 0.00498061817420487
transition 4 11 8 0.8939315848709488 0.27305419149022037
transition 4 11 37 -0.11232719501313215 0.6366222422758918
transition 4 11 36 0.19440963151337276 0.08534294805968289
transition 4 12 63 -0.3708783760489416 0.48260508751035397
transition 4 12 47 0.43235001676056495 0.04646639657729373
transition 4 12 7 -0.9189151559584967 0.17686392698598696
transition 4 12 99 0.7533812196919782 0.29406458892636533
transition 4 13 17 -0.022326719287190322 1.0
transition 4 14 26 0.7750773065941889 1.0
transition 4 15 31 0.4404992868603421 1.0
transition 4 16 30 0.5304979105439884 0.29042382083159934
transition 4 16 89 -0.56257329656269 0.28748693561989536
transition 4 16 87 -0.18802367817171572 0.3091341487525201
transition 4 16 86 0.7966158218499289 0.11295509479598514
transition 4 17 51 -0.7177850370263046 1.0
transition 4 18 78 -0.3927308654169366 0.849710320568009
transition 4 18 85 -0.16594782164801747 0.15028967943199098
transition 4 19 50 -0.6736134809674188 0.09334885460092897
transition 4 19 17 -0.31811590319481686 0.906651145399071
transition 4 20 86 -0.9143444032588326 0.009458739931654239
transition 4 20 15 0.36176716054705604 0.31407576323183084
transition 4 20 16 -0.4656609365575659 0.6509351881464127
transition 4 20 2 0.1437331130727828 0.025530308690102328
transition 4 21 43 0.4110198833495302 0.3460986502766367
transition 4 21 45 0.6055967279638479 0.22771031528334856
transition 4 21 47 -0.32937146649731863 0.3058392307115352
transition 4 21 62 -0.05849877308721685 0.12035180372847953
transition 4 22 96 0.683601057887907 0.1805900771470906
transition 4 22 83 -0.010615673968218386 0.44668208758938116
transition 4 22 97 -0.6887929212611084 0.37272783526352826
transition 4 23 26 0.79433729539116 0.37900584278160104
transition 4 23 37 0.6186186998296721 0.620994157218399
transition 4 24 55 0.23037522691792867 0.46173360275341874
transition 4 24 63 0.9653144153352571 0.5382663972465812
transition 5 0 59 -0.5720858049878597 0.42031112658879544
transition 5 0 12 0.7153330708441406 0.4489051920886332
transition 5 0 1 -0.2699794570566034 0.13078368132257137
transition 5 1 21 -0.4809075357560979 0.15230843723381748
transition 5 1 25 -0.1314603707794788 0.3392429999205159
transition 5 1 0 0.6823658780052375 0.5084485628456666
transition 5 2 9 0.2960526420573011 0.41773028979274535
transition 5 2 95 -0.34809617008804694 0.07148852565687057
transition 5 2 79 0.9680129726515316 0.311084658736404
transition 5 2 15 -0.6461877173987394 0.029211818804068198
transition 5 2 66 -0.5268407134215192 0.1704847070099119
transition 5 3 65 -0.30390827510606466 0.26558279023569537
transition 5 3 64 0.39724559634602286 0.32435583861076395
transition 5 3 12 -0.9186783266829777 0.4100613711535407
transition 5 4 28 -0.457297935378399 1.0
transition 5 5 60 -0.45402567244513947 0.07812356047730219
transition 5 5 19 0.38557640744217125 0.34806392247273316
transition 5 5 85 0.6680812082168692 0.1769434922415724
transition 5 5 80 0.5319093660239265 0.018563417480354377
transition 5 5 95 -0.7213319781936529 0.37830560732803786
transition 5 6 7 -0.395262528058145 0.1408889777471936
transition 5 6 9 0.6369502576681099 0.33844682557575156
transition 5 6 20 0.19273028949874038 0.5206641966770549
transition 5 7 69 0.16316498975021698 0.6564780986991129
transition 5 7 35 0.8356480962075874 0.3435219013008871
transition 5 8 58 0.09367714887585321 0.4328280021886476
transition 5 8 82 -0.6124110454945657 0.2782613246544392
transition 5 8 53 0.4330318897811478 0.2889106731569133
transition 5 9 73 -0.9721573750481829 0.3205685310954795
transition 5 9 39 0.5379844527703816 0.14364843820939416
transition 5 9 35 -0.08169828900412046 0.14140060748038819
transition 5 9 7 -0.8475751899638004 0.37516093702746395
transition 5 9 80 0.9905738313695236 0.019221486187274164
transition 5 10 70 -0.649310741905998 1.0
transition 5 11 94 -0.3948167654296495 1.0
transition 5 12 24 0.034839369786740626 0.4337744789030811
transition 5 12 73 0.31801840936857073 0.5662255210969189
transition 5 13 91 0.23328642043836534 1.0
transition 5 14 8 0.3476254492790791 1.0
transition 5 15 8 -0.9993273391220125 1.0
transition 5 16 57 0.8626923726147886 0.36656035920677355
transition 5 16 5 -0.840513716182165 0.25169167296767797
transition 5 16 61 -0.49884540929911325 0.3817479678255485
transition 5 17 92 -0.5551838304172585 0.6717362908073491
transition 5 17 51 -0.21614579250107235 0.32826370919265097
transition 5 18 0 -0.9095874800419645 1.0
transition 5 19 93 0.3114952833017801 0.09356659342856732
transition 5 19 51 -0.17801596182268176 0.005986131137604388
transition 5 19 22 -0.21177217516216396 0.7213037935814076
transition 5 19 60 -0.8185383948883855 0.17914348185242066
transition 5 20 64 0.287108083619557 1.0
transition 5 21 10 0.9445558119777255 0.48539020896280977
transition 5 21 58 -0.8347445425360001 0.5146097910371902
transition 5 22 39 -0.16880433280894613 1.0
transition 5 23 19 -0.5008389820622954 0.15209189112595192
transition 5 23 53 0.015107165621911056 0.21940892040285945
transition 5 23 68 0.9775441926656221 0.31359075198187636
transition 5 23 43 -0.28638854461927266 0.3149084364893122
transition 5 24 1 0.40485823709078916 0.4056311778905803
transition 5 24 41 0.39508523264691653 0.5943688221094197
transition 6 0 87 -0.03930345723224993 0.34563267821125476
transition 6 0 66 0.40609628335105197 0.6543673217887452
transition 6 1 34 0.32937206594484203 0.10562063811522274
transition 6 1 1 -0.47305702416600015 0.4419686999589902
transition 6 1 35 0.423041549280297 0.21918490187249987
transition 6 1 32 -0.7366614400277443 0.11090755135778506
transition 6 1 87 -0.3631057182440016 0.12231820869550218
transition 6 2 49 -0.8744695694119984 0.3672669843544541
transition 6 2 33 0.07134814213378649 0.19321184763522703
transition 6 2 28 -0.11649656281220899 0.4395211680103189
transition 6 3 91 0.37392274481574983 0.51596068105035
transition 6 3 75 -0.02686377532778761 0.13150043205103729
transition 6 3 48 0.22941798691526172 0.01755044181257385
transition 6 3 95 0.6070422838984806 0.041247724801068274
transition 6 3 11 0.19504572148603372 0.2937407202849707
transition 6 4 15 -0.8399420906160713 1.0
transition 6 5 69 -0.4592162081747506 0.7269699002276658
transition 6 5 39 -0.4296303650227131 0.19426041822889595
transition 6 5 81 -0.9174673597616678 0.07876968154343819
transition 6 6 42 -0.45201147864759483 1.0
transition 6 7 27 0.8635590803506705 0.023248416426780896
transition 6 7 49 -0.13307842979409568 0.5727464552275581
transition 6 7 75 0.07541219139354483 0.14360384261157683
transition 6 7 84 0.7835511954363052 0.26040128573408405
transition 6 8 20 -0.9423274783161693 0.3114922374365976
transition 6 8 73 0.9851895937374047 0.29067846110791307
transition 6 8 58 0.48488993698893745 0.06043521043873872
transition 6 8 23 0.6500273591329562 0.2623756414714722
transition 6 8 40 0.8708807521139126 0.07501844954527848
transition 6 9 72 -0.6109592721868633 0.2842186824615237
transition 6 9 87 0.1330493499135159 0.5177166384120305
transition 6 9 85 -0.8791471369033654 0.19806467912644574
transition 6 10 70 -0.6786963008153708 0.15519386542045566
transition 6 10 0 0.3023354051463294 0.020905953456222783
transition 6 10 90 0.576874341824543 0.8239001811233215
transition 6 11 16 0.6972338615392963 1.0
transition 6 12 81 -0.17756019638971932 0.47899016080474477
transition 6 12 13 -0.003648590201722701 0.14756851389611375
transition 6 12 14 0.5654882936332744 0.19118526052967816
transition 6 12 4 -0.9435784176719395 0.1822560647694632
transition 6 13 84 0.5639069028175274 0.17179600588552443
transition 6 13 21 -0.18195974388002267 0.45964100587979445
transition 6 13 23 0.311744386597558 0.36856298823468114
transition 6 14 57 -0.00479656736680667 0.795739774869279
transition 6 14 92 -0.14016202117379595 0.20426022513072095
transition 6 15 8 0.08513032978075996 0.25701183010625633
transition 6 15 30 0.09302893353893205 0.7429881698937436
transition 6 16 90 -0.09094586133559823 1.0
transition 6 17 30 -0.012156587411944475 0.06592426309753631
transition 6 17 58 0.5584488031257158 0.4892122866743418
transition 6 17 86 -0.2895587772237278 0.14014049625623318
transition 6 17 5 0.09440219031552677 0.30472295397188875
transition 6 18 34 0.567124727041902 0.5455431745343684
transition 6 18 62 0.14267638260201898 0.45445682546563165
transition 6 19 66 0.12560840331637024 1.0
transition 6 20 52 0.7207636199081275 0.648492330351251
transition 6 20 13 -0.7980025792140417 0.351507669648749
transition 6 21 29 0.8899953213521297 0.2076458172536234
transition 6 21 7 -0.16269905213029023 0.41989474288704787
transition 6 21 94 0.9649638841254347 0.3724594398593288
transition 6 22 99 -0.16797342596667986 0.25076448722269995
transition 6 22 77 -0.7496261147893131 0.4675551645367451
transition 6 22 0 0.7278505771888415 0.15561025378082294
transition 6 22 33 0.02722950546640468 0.12607009445973202
transition 6 23 29 -0.1879758590032159 0.15553016895810653
transition 6 23 97 0.8234835798785878 0.17479304938186366
transition 6 23 57 -0.5342881392938656 0.27555666399725115
transition 6 23 2 -0.12126872346258244 0.363497557245252
transition 6 23 0 0.14256757598155367 0.03062256041752668
transition 6 24 25 0.22973665291212253 0.39540942500804344
transition 6 24 15 0.6832422652504826 0.6045905749919566
transition 7 0 3 0.6604199835122482 1.0
transition 7 1 0 0.4241285489808282 0.6066808023149229
transition 7 1 49 -0.9249661406108174 0.39331919768507706
transition 7 2 57 0.3226802449897763 0.4176106313766305
transition 7 2 52 -0.22205977328678994 0.26642118171732265
transition 7 2 28 -0.5066128928888229 0.19732228713223476
transition 7 2 29 0.9579555461421061 0.11864589977381201
transition 7 3 27 0.3552394345043004 0.07495452593425458
transition 7 3 45 -0.235447643725621 0.45057472270934495
transition 7 3 75 0.5286172571241707 0.41497528323516975
transition 7 3 35 0.3964137540743842 0.04155978811605764
transition 7 3 79 0.6060584303289887 0.017935680005173166
transition 7 4 73 -0.1126134248778683 0.8687674219728755
transition 7 4 81 -0.22286054859607063 0.1312325780271245
transition 7 5 92 0.11104484602000997 1.0
transition 7 6 94 0.8231622136141605 1.0
transition 7 7 2 -0.10303547103171828 0.4505583209718318
transition 7 7 89 0.11006444651821123 0.1149446293712013
transition 7 7 13 -0.9511352545916809 0.43449704965696695
transition 7 8 49 0.2673091409547619 0.3208528807080952
transition 7 8 16 0.009488333271723937 0.6248093087196466
transition 7 8 28 0.18911723366652144 0.05433781057225823
transition 7 9 20 -0.06003372263520923 1.0
transition 7 10 96 0.6543087927522273 1.0
transition 7 11 75 -0.7169019332790061 0.03440789199162617
transition 7 11 85 -0.864418385646488 0.4223386305359854
transition 7 11 10 0.12745446926751502 0.17559441355235897
transition 7 11 25 0.7126874479836072 0.058556555861139066
transition 7 11 68 0.5968609470821735 0.30910250805889034
transition 7 12 85 -0.45923971735318037 0.6893443840539489
transition 7 12 40 -0.28938064606568137 0.3106556159460511
transition 7 13 83 -0.8863149136318953 1.0
transition 7 14 20 0.4367130342019683 1.0
transition 7 15 42 0.9942478894498801 0.029216809247081917
transition 7 15 98 0.14133434377644005 0.6332637609947218
transition 7 15 34 -0.631345926963186 0.3375194297581963
transition 7 16 12 -0.05999531387341439 0.022522919559619548
transition 7 16 58 0.5245166933723242 0.4793246642413944
transition 7 16 24 0.36333666562551503 0.47697115275676366
transition 7 16 25 0.7892919401497962 0.021181263442222403
transition 7 17 39 -0.7160280113833255 0.3271301133296796
transition 7 17 84 0.5443701994387258 0.17343008301993615
transition 7 17 17 -0.913741673976173 0.1418737305812476
transition 7 17 70 0.06673257832495572 0.3575660730691366
transition 7 18 59 -0.6991990995399668 0.9600132035540488
transition 7 18 10 -0.69530896782747 0.03998679644595115
transition 7 19 17 -0.99337916267262 0.2334421256717469
transition 7 19 7 0.21702268610458364 0.4806475692728354
transition 7 19 79 -0.6564513438784036 0.28591030505541776
transition 7 20 50 0.8517437193322219 0.4568499601801118
transition 7 20 35 -0.5142928771729709 0.5431500398198882
transition 7 21 44 0.8507966980346247 0.2836284507847632
transition 7 21 30 -0.7887857937834803 0.24596322451685407
transition 7 21 80 -0.050508039221795364 0.12477934315253618
transition 7 21 90 -0.6388811477607594 0.34562898154584665
transition 7 22 36 -0.14122946970382677 0.025895043445583073
transition 7 22 87 -0.48102045669132854 0.529929318982118
transition 7 22 47 -0.3924479944217536 0.4441756375722989
transition 7 23 87 -0.28595719809662845 0.16046331514388573
transition 7 23 81 0.40888778629914735 0.3534949874612502
transition 7 23 65 0.26920219954028934 0.4860416973948641
transition 7 24 96 0.45206086170224613 0.3013846923658888
transition 7 24 37 -0.300000603949963 0.32915805572803375
transition 7 24 97 -0.6406983969880433 0.3694572519060774
transition 8 0 96 0.7891010976337485 0.5272885849909242
transition 8 0 56 0.053395383732667945 0.13707016436087097
transition 8 0 26 0.9916102740159538 0.25995808227825024
transition 8 0 35 0.61216430254012 0.07568316836995455
transition 8 1 75 0.6616725506794907 0.6245137660501459
transition 8 1 19 0.9686785710261119 0.37548623394985414
transition 8 2 20 -0.6183958658752706 0.21731240755957418
transition 8 2 62 0.4653062827803658 0.2394991167667126
transition 8 2 7 0.8725393278009304 0.05198160045701249
transition 8 2 48 0.9529818937698502 0.23874259220215502
transition 8 2 33 0.7417125888775709 0.2524642830145457
transition 8 3 84 0.6837087520686369 0.11046629681626727
transition 8 3 97 0.2175514415296378 0.42198363591377824
transition 8 3 8 0.30367801098306635 0.06531173589975539
transition 8 3 75 -0.9184497333536505 0.4022383313701992
transition 8 4 54 -0.31496990118236323 0.23113194001585607
transition 8 4 17 -0.1444577650618193 0.05410961809996832
transition 8 4 4 -0.12509627649928823 0.4060421054868318
transition 8 4 67 -0.780277320697611 0.3087163363973439
transition 8 5 14 -0.4017877514586756 0.527132273675717
transition 8 5 61 0.6714162222421138 0.06145605570041331
transition 8 5 51 -0.36511159874400456 0.4114116706238697
transition 8 6 82 0.8945614739351098 1.0
transition 8 7 48 -0.7796751849523149 1.0
transition 8 8 75 -0.6486599567940945 0.8176306573307791
transition 8 8 35 0.39147639610131324 0.18236934266922092
transition 8 9 93 0.586486159558391 0.6236453752287248
transition 8 9 23 0.9239271135441529 0.37635462477127524
transition 8 10 68 0.2671861093548704 0.27365667600868876
transition 8 10 87 0.7332492367068646 0.49136830021537875
transition 8 10 24 -0.22379123406411372 0.23497502377593252
transition 8 11 66 -0.20070828156504028 0.6970017019719821
transition 8 11 12 0.646397373014711 0.30299829802801803
transition 8 12 25 0.8705940281031996 0.17484113980492932
transition 8 12 96 -0.9625884287682005 0.21642742760597902
transition 8 12 57 0.4239726825648902 0.1980195783617761
transition 8 12 59 0.7116429686165 0.4107118542273156
transition 8 13 48 -0.35663792527683946 0.18658065624855852
transition 8 13 64 -0.4771019590122654 0.020778788761029583
transition 8 13 94 0.23375332825390283 0.4883769742167656
transition 8 13 61 0.3346962385216403 0.20429145225136564
transition 8 13 58 0.10898991305802941 0.09997212852228059
transition 8 14 40 0.7825083586232044 0.3314322020151517
transition 8 14 73 0.6598493831253234 0.23458432889972233
transition 8 14 41 0.774226987009973 0.1360902690794759
transition 8 14 55 -0.18182943850816513 0.29789320000565006
transition 8 15 79 -0.2846498449123931 0.3211300239539016
transition 8 15 4 -0.8851674847624194 0.2933353455915317
transition 8 15 65 -0.3739892308373065 0.207705464837645
transition 8 15 13 -0.5449420562158076 0.17782916561692166
transition 8 16 51 0.6570372287610835 0.15428692213460446
transition 8 16 83 -0.6496065612769215 0.13934392416022526
transition 8 16 10 0.5863785042898253 0.7033675694377993
transition 8 16 24 0.14744450426164035 0.003001584267370929
transition 8 17 87 0.3964890082854484 0.1737747913632271
transition 8 17 66 0.036666823088022715 0.06428942208098512
transition 8 17 13 0.6176834691724533 0.23931553043282588
transition 8 17 82 0.7620717470007048 0.5226202561229618
transition 8 18 93 -0.8236994846296748 0.19846154948604028
transition 8 18 50 -0.9698321607691367 0.1581563895462566
transition 8 18 41 -0.2551492869362364 0.031074215466740746
transition 8 18 70 -0.8039943439159767 0.20770810471195855
transition 8 18 27 0.5907727765582125 0.40459974078900385
transition 8 19 78 -0.2568226962816951 0.34317177736917054
transition 8 19 57 -0.7640850734587781 0.3880013379233924
transition 8 19 65 -0.2519186695923621 0.007127888406670681
transition 8 19 19 -0.05443902063754158 0.26109071102862036
transition 8 19 31 0.8061861411776428 0.0006082852721461127
transition 8 20 36 0.976228694699685 0.27018532559469494
transition 8 20 45 0.09415181091043046 0.3183401067274943
transition 8 20 0 -0.31878417694984074 0.2952367421861717
transition 8 20 16 0.6473456953023509 0.11623782549163898
transition 8 21 30 -0.21695383437823246 0.5188346038042758
transition 8 21 98 0.2513060828875453 0.4811653961957242
transition 8 22 63 -0.14303950770609508 0.10492609958073405
transition 8 22 30 0.19401428731565384 0.09228789515014112
transition 8 22 40 -0.5630566064462275 0.3057286547801827
transition 8 22 71 -0.47902788826687126 0.4287803358933947
transition 8 22 44 -0.807951197964881 0.06827701459554733
transition 8 23 99 -0.3964948701907123 0.38131757743843997
transition 8 23 88 -0.4353504005167952 0.61868242256156
transition 8 24 97 0.532715277937345 0.029438123492094452
transition 8 24 21 0.8372743952398511 0.511868612191348
transition 8 24 36 -0.7563692408414144 0.375287959235027
transition 8 24 29 -0.05451028503688149 0.08340530508153043
transition 9 0 44 0.6201496160271556 1.0
transition 9 1 16 -0.060808528825887054 0.07816437891780298
transition 9 1 29 -0.451222010722681 0.22452223109258612
transition 9 1 33 0.7811561943171892 0.26970213747995275
transition 9 1 58 0.43521531627213705 0.25960559664283694
transition 9 1 0 0.46591014817268483 0.16800565586682126
transition 9 2 64 0.3443172269809953 0.5110342699951997
transition 9 2 57 0.9101730510359263 0.1704617581194014
transition 9 2 98 0.3847657239825448 0.3185039718853988
transition 9 3 67 -0.6979134905105844 0.01525272321192427
transition 9 3 35 -0.7139880890500518 0.12196185157485065
transition 9 3 43 -0.20328793705450976 0.37809455637687706
transition 9 3 86 -0.2976280856877864 0.3548363888224372
transition 9 3 15 0.7926033763141127 0.1298544800139108
transition 9 4 22 -0.7312852647782002 0.36134980215605617
transition 9 4 43 -0.809552164571057 0.0014486034673510406
transition 9 4 13 0.20466296929208183 0.36465517994292723
transition 9 4 76 -0.16684461485842927 0.27254641443366556
transition 9 5 21 -0.9140585800078966 0.36577974596688295
transition 9 5 17 -0.8512880753570982 0.4016587430323011
transition 9 5 4 0.5995831169469847 0.15192744446400405
transition 9 5 98 -0.10021795687038204 0.08063406653681178
transition 9 6 67 0.17313668044309738 0.18443847755347584
transition 9 6 81 -0.7093084555045113 0.33218320176646077
transition 9 6 91 -0.25521799901745346 0.3591590006198396
transition 9 6 48 -0.5076705779410764 0.12421932006022383
transition 9 7 98 -0.6143616838351376 0.4817948942953875
transition 9 7 20 0.4751903784886933 0.2807527846889155
transition 9 7 37 -0.5931435439849309 0.07759030987348127
transition 9 7 39 0.518167997150174 0.15986201114221577
transition 9 8 92 0.2395563189183041 0.5141482549170098
transition 9 8 44 -0.733869003934988 0.4447526640280789
transition 9 8 94 -0.922315831780979 0.041099081054911286
transition 9 9 8 0.3433157234459958 0.0334033328441121
transition 9 9 44 -0.3113617641635251 0.40860933443049635
transition 9 9 50 -0.39853736843359044 0.1275637379244592
transition 9 9 83 -0.9752233747763916 0.43042359480093234
transition 9 10 42 0.5979121187029701 0.5256641805953591
transition 9 10 32 0.41103473807265645 0.27503765860507123
transition 9 10 40 0.6550237338778861 0.19929816079956958
transition 9 11 25 -0.929235926651343 0.2464151382645947
transition 9 11 8 -0.9695906117676225 0.2767723079015724
transition 9 11 17 0.6271879457793859 0.24559867893730716
transition 9 11 50 -0.5480516158741249 0.23121387489652565
transition 9 12 1 0.44446297905743504 1.0
transition 9 13 19 0.7359029893514071 0.3090940014887936
transition 9 13 42 0.131643476606228 0.19892842037393302
transition 9 13 95 -0.7700940668591902 0.003647246451080664
transition 9 13 91 -0.9883215526587794 0.1509664703733296
transition 9 13 33 -0.09181846492384027 0.337363861312863
transition 9 14 77 0.8530810948047327 0.15563031398007798
transition 9 14 74 -0.40595378522794867 0.24388614453950688
transition 9 14 96 0.0438358209155254 0.19059227844133794
transition 9 14 32 0.5728976412060811 0.22463147201631264
transition 9 14 34 0.14767007311553293 0.18525979102276452
transition 9 15 73 0.6967673902492404 0.03867130452418416
transition 9 15 53 0.056144591343020744 0.12793680967710003
transition 9 15 72 0.6111105574990408 0.26427823053506616
transition 9 15 34 -0.985593708429487 0.31256367983787436
transition 9 15 10 -0.26455677735605354 0.25654997542577535
transition 9 16 33 -0.23826736164386442 0.4914213491552319
transition 9 16 88 -0.9839083673397899 0.5085786508447682
transition 9 17 8 0.29381896229644533 0.4618777276958065
transition 9 17 56 0.2801525173500503 0.5381222723041935
transition 9 18 44 0.675817842118819 1.0
transition 9 19 96 -0.2711373834173272 1.0
transition 9 20 66 -0.0928021037434219 1.0
transition 9 21 20 -0.37062791958665664 0.06798942551579207
transition 9 21 86 0.492695473978745 0.29077236095533365
transition 9 21 61 -0.8723481119038008 0.6412382135288743
transition 9 22 15 0.7220858969324844 0.14091587891712673
transition 9 22 99 0.05100748192630533 0.05171566391673775
transition 9 22 27 -0.4608154365289525 0.20521425917844607
transition 9 22 9 -0.20256574320414567 0.6021541979876894
transition 9 23 31 -0.17435632602526785 1.0
transition 9 24 14 0.8808177281965663 0.19028117251526774
transition 9 24 84 -0.6137728325418343 0.21342018158069595
transition 9 24 54 0.8420556490908311 0.27254883380593875
transition 9 24 49 -0.3639571420876959 0.06479073117922857
transition 9 24 34 0.34594618239810737 0.258959080918869
transition 10 0 63 -0.026593381708092556 1.0
transition 10 1 28 0.4254059335388096 0.22682893640640822
transition 10 1 90 0.11464011235748495 0.15295528762862018
transition 10 1 98 0.7404583857338762 0.38746360476919406
transition 10 1 82 0.7665893940969031 0.23275217119577754
transition 10 2 79 -0.7422916951349423 0.1588073155645155
transition 10 2 44 -0.46645770682187915 0.41886865549967045
transition 10 2 55 -0.8350863425564778 0.4223240289358141
transition 10 3 32 -0.7637335153311167 0.19367760582699195
transition 10 3 62 0.9258537372726303 0.47688905764046996
transition 10 3 99 -0.6994826118743982 0.06703916968842949
transition 10 3 47 0.23044662163718033 0.26239416684410866
transition 10 4 44 0.7852216547728512 0.17545455342850386
transition 10 4 34 -0.09950841096448793 0.1902704658111005
transition 10 4 85 0.40946359909720353 0.4267137913406281
transition 10 4 59 0.03254376316972207 0.20756118941976753
transition 10 5 97 0.03390034336575054 0.008570162773378286
transition 10 5 20 -0.14608015617396797 0.10419309365024615
transition 10 5 82 0.5904009027016353 0.38861406138245314
transition 10 5 43 0.9911489454525781 0.31805229153852826
transition 10 5 23 -0.33287785440853357 0.18057039065539418
transition 10 6 51 -0.5171266043650184 0.21828418045357847
transition 10 6 28 -0.6387042572996786 0.07240827632529145
transition 10 6 53 -0.8262173915104942 0.1338479316917835
transition 10 6 94 -0.09088258164304319 0.13899686405915554
transition 10 6 85 -0.7248427828408717 0.4364627474701911
transition 10 7 60 0.6840042593233302 0.02240888081295764
transition 10 7 84 0.2760178465191736 0.9775911191870423
transition 10 8 84 -0.9879794769870314 0.5228801314660497
transition 10 8 39 -0.694756738181153 0.2465342553980234
transition 10 8 71 -0.3371156013874612 0.23058561313592685
transition 10 9 47 0.7743836954464685 0.34024210909829394
transition 10 9 18 0.3454086589419949 0.006646233941622925
transition 10 9 50 0.6112568323955014 0.3526092745055443
transition 10 9 76 0.3794346269029425 0.30050238245453886
transition 10 10 2 0.34308043795539334 0.972531341609691
transition 10 10 34 0.07071534084629971 0.027468658390309028
transition 10 11 18 0.6232402822585148 0.5108842760689185
transition 10 11 95 0.09467141445431126 0.4891157239310815
transition 10 12 57 0.9680647642330895 0.3629138639311291
transition 10 12 97 0.8077221088444408 0.15195562828726972
transition 10 12 92 0.41169423510020153 0.15500169413876047
transition 10 12 4 0.9108075545728729 0.29035365257086687
transition 10 12 86 -0.7365543736316249 0.03977516107197391
transition 10 13 53 -0.6852008773981746 0.4211103140129697
transition 10 13 65 -0.92493952416609 0.45663055477032966
transition 10 13 54 0.31723085362902315 0.1218920063327712
transition 10 13 31 -0.24118161013397477 0.0003671248839294671
transition 10 14 38 0.21469185035654337 1.0
transition 10 15 82 -0.4654577008921439 0.3063432244130637
transition 10 15 26 -0.8537978623920175 0.4976077011980161
transition 10 15 36 -0.6094321824232545 0.19604907438892022
transition 10 16 86 0.695426289205406 0.13321731407039006
transition 10 16 61 -0.09176732066801208 0.4475150954369916
transition 10 16 18 0.33102545999047717 0.30874568371588984
transition 10 16 35 -0.47293573878309747 0.11052190677672855
transition 10 17 70 -0.9500152153241743 0.14442474767942545
transition 10 17 52 0.9737837698428486 0.3376137454056762
transition 10 17 82 0.02217432134072861 0.2869081480914153
transition 10 17 94 -0.3288304851630559 0.2310533588234831
transition 10 18 35 0.020846778621842255 1.0
transition 10 19 86 -0.9952745775322336 0.1834060955525081
transition 10 19 55 -0.4902003288981702 0.22558848567472245
transition 10 19 38 0.9905864867003018 0.2974005734573877
transition 10 19 63 0.26899173055276093 0.2936048453153817
transition 10 20 53 0.34004951228541036 0.17895613819613476
transition 10 20 43 0.9031790813103568 0.07562712811062279
transition 10 20 82 0.9149826876220954 0.11965498412013317
transition 10 20 75 -0.6139276603232278 0.32763566465712624
transition 10 20 98 -0.86820180221106 0.2981260849159831
transition 10 21 61 0.6086827476044436 0.49663710408237743
transition 10 21 85 -0.8598302652730585 0.31754101175561245
transition 10 21 24 -0.1645454262526489 0.038734002341351076
transition 10 21 71 0.16481950748304697 0.1470878818206591
transition 10 22 45 -0.10411386345188167 0.3458855128768738
transition 10 22 8 0.7447056447360119 0.29535954297450884
transition 10 22 21 -0.2991251862830828 0.20740218768798
transition 10 22 65 0.5405356251258622 0.03646810238784722
transition 10 22 80 -0.2631070745791573 0.11488465407279003
transition 10 23 42 -0.7336133774256735 0.04677136886302798
transition 10 23 34 0.8512749011239216 0.2152727457459067
transition 10 23 84 0.961284865846145 0.479776348741035
transition 10 23 65 -0.5851830750431055 0.2581795366500304
transition 10 24 75 -0.8468859321777202 0.004473083622112372
transition 10 24 61 0.6716042695470916 0.2770444517828253
transition 10 24 33 -0.5388621993384206 0.38737871897544063
transition 10 24 67 -0.3847542445844876 0.33110374561962175
transition 11 0 79 -0.16147834213955115 0.03373489764218368
transition 11 0 6 -0.9452892178921168 0.745041792399272
transition 11 0 1 0.9406039972067 0.22122330995854422
transition 11 1 9 -0.41677741574919724 1.0
transition 11 2 14 -0.8141179206083591 0.2663051016703224
transition 11 2 98 0.1540624580260035 0.17159488280980287
transition 11 2 66 0.7629645118605326 0.0432451667640137
transition 11 2 55 -0.5525838129204967 0.5188548487558611
transition 11 3 85 0.2503761568569438 0.4540918921515864
transition 11 3 35 0.2245514411667513 0.23202079977967155
transition 11 3 29 0.08447037202708563 0.31388730806874204
transition 11 4 57 0.3462593739835156 0.7157263071176515
transition 11 4 47 0.41503654531508194 0.2842736928823485
transition 11 5 57 -0.41185504648874494 0.0599311092865918
transition 11 5 93 0.8965627443517512 0.38339446775069447
transition 11 5 5 -0.6621904271258547 0.3355406969957193
transition 11 5 66 0.7239076970571503 0.22113372596699438
transition 11 6 61 -0.4968496123207742 0.23719922218954279
transition 11 6 45 -0.45685470718595944 0.5090661805130146
transition 11 6 6 -0.028455619601828408 0.21489591677065614
transition 11 6 93 0.8357566337123541 0.038838680526786615
transition 11 7 30 0.4105898961088992 0.3182518631236464
transition 11 7 63 -0.9903604555167229 0.2057347290072264
transition 11 7 34 -0.3583840698765628 0.21459860029719754
transition 11 7 50 0.759607916601154 0.26141480757192964
transition 11 8 99 0.408535622646951 0.11267630917640861
transition 11 8 98 0.7662225800614857 0.1861516302381012
transition 11 8 74 0.763428849490905 0.14578594484144264
transition 11 8 76 -0.5195894193599639 0.2518087181694648
transition 11 8 33 -0.45902366413451157 0.30357739757458274
transition 11 9 29 0.8865525265118901 0.10068346613621854
transition 11 9 4 0.8661058017954761 0.759154153714934
transition 11 9 52 -0.16332463064966896 0.14016238014884744
transition 11 10 53 0.6645923304194024 0.09475629285579233
transition 11 10 72 0.5365477240824958 0.27918479823597503
transition 11 10 3 0.2294657216040561 0.4090912393026298
transition 11 10 20 0.15507773738691855 0.21696766960560288
transition 11 11 11 0.32155479477504145 1.0
transition 11 12 63 -0.39350500416704115 0.3199664512865075
transition 11 12 14 -0.30838672445471094 0.6800335487134925
transition 11 13 10 -0.6793994897007527 0.4162331421121173
transition 11 13 0 -0.1491323418281767 0.19324759138887415
transition 11 13 16 0.268497527382884 0.32217383372637964
transition 11 13 38 0.664314575237736 0.06834543277262897
transition 11 14 5 0.9427668417059483 0.2772963067933799
transition 11 14 56 0.15821110124705862 0.2145736468850034
transition 11 14 61 -0.635715375301263 0.1189350745987858
transition 11 14 80 0.41195776252646055 0.38919497172283085
transition 11 15 87 0.37062623987551313 0.31019573441015585
transition 11 15 94 0.7124777283107369 0.0544917683010156
transition 11 15 77 0.050208309338582335 0.6353124972888285
transition 11 16 16 -0.3317282111249671 1.0
transition 11 17 47 0.03474400677500222 0.2938873983895134
transition 11 17 82 -0.8979992228661697 0.15630612842333177
transition 11 17 10 -0.27710543407831234 0.5498064731871549
transition 11 18 87 -0.47101575328378886 0.2494611025045498
transition 11 18 75 0.488744383924544 0.3338108034745758
transition 11 18 48 -0.9512847564428331 0.3181663407459117
transition 11 18 33 -0.24655689780134304 0.09856175327496267
transition 11 19 36 0.8041506155343507 1.0
transition 11 20 22 -0.9281189244070827 0.9100624928636027
transition 11 20 50 -0.742704624751493 0.08993750713639728
transition 11 21 57 0.41858366055355356 0.1701475620978605
transition 11 21 49 -0.603304367409276 0.2778287519722184
transition 11 21 78 0.04893881702143177 0.07466421267434192
transition 11 21 60 0.09814765448736962 0.47735947325557926
transition 11 22 47 0.7489035389482266 1.0
transition 11 23 55 0.25357500512890985 0.41488124551033945
transition 11 23 67 0.5558328487644171 0.237904166515708
transition 11 23 57 -0.8153395205473497 0.34721458797395255
transition 11 24 50 -0.6786414973059591 0.175371791050634
transition 11 24 14 0.49006394820543275 0.5281092598444616
transition 11 24 37 -0.5457319413949535 0.29651894910490445
transition 12 0 19 -0.37203735659504833 0.35601103509354226
transition 12 0 13 -0.20797989552272855 0.6439889649064577
transition 12 1 28 -0.08097192437643375 0.0708341397107973
transition 12 1 61 -0.05325201156054615 0.21230018840971296
transition 12 1 91 0.8119533124739371 0.7168656718794899
transition 12 2 38 -0.05913126639213084 0.25276980349700723
transition 12 2 44 -0.36508526211452663 0.07457544378700985
transition 12 2 64 -0.8753336019743745 0.6726547527159829
transition 12 3 67 0.23936433646855138 0.23740046968926942
transition 12 3 86 0.3365570262160027 0.7625995303107306
transition 12 4 58 0.25051771281055024 0.06385782315758672
transition 12 4 71 -0.032005558062540906 0.3095642996064004
transition 12 4 90 -0.12166296632353601 0.3434142834549072
transition 12 4 87 -0.5117354088389261 0.2831635937811057
transition 12 5 78 -0.5682260476459859 1.0
transition 12 6 0 0.6071611393695648 0.0782032783928535
transition 12 6 98 -0.44203559113471824 0.17761011559096732
transition 12 6 70 -0.9598517528445016 0.40503505183482313
transition 12 6 39 -0.05726248289557523 0.1851687601802869
transition 12 6 14 0.9523134394746504 0.15398279400106923
transition 12 7 95 0.4205850573560521 1.0
transition 12 8 89 -0.906573631050329 0.5080070445625776
transition 12 8 33 0.07152393861932493 0.40778028120333926
transition 12 8 21 -0.1066613870622859 0.08421267423408323
transition 12 9 90 -0.28296905810681094 0.0767402209894021
transition 12 9 99 0.321710375159292 0.34641745769266
transition 12 9 48 0.11229788394307394 0.00350828640285316
transition 12 9 35 0.09524030323791988 0.5733340349150848
transition 12 10 45 -0.18515210942715576 0.09710547343373555
transition 12 10 86 0.9071446708721398 0.38597672927216664
transition 12 10 41 -0.9658608185089104 0.16800756633123437
transition 12 10 55 -0.2535355669240369 0.17367493671995587
transition 12 10 97 0.2194135480528634 0.17523529424290757
transition 12 11 71 -0.027818227270105966 1.0
transition 12 12 39 -0.13928979338131064 0.3924063639984144
transition 12 12 35 0.4179156140280593 0.6075936360015857
transition 12 13 39 0.6432569672141302 0.21275733786528153
transition 12 13 59 -0.2822806688513244 0.1922770509804531
transition 12 13 3 -0.12124585168810298 0.07323335743120182
transition 12 13 14 0.3114387238685372 0.21300001565677998
transition 12 13 20 0.9034393158217278 0.30873223806628364
transition 12 14 38 -0.7858993848157567 1.0
transition 12 15 79 0.053902685611361356 0.030796408161885502
transition 12 15 48 -0.03757021263073779 0.9692035918381146
transition 12 16 77 0.6104798909889984 0.47469918142966133
transition 12 16 80 -0.27806393789719586 0.4304988063193684
transition 12 16 18 -0.16071363345070755 0.053796267971187625
transition 12 16 82 -0.7670734918264324 0.04100574427978267
transition 12 17 53 0.13170644287768019 0.12826726980564
transition 12 17 17 0.371361386118257 0.33556101764848
transition 12 17 32 -0.6870025030760123 0.3079397481773767
transition 12 17 56 -0.2264128181080478 0.13276528198272725
transition 12 17 34 0.4173690561258294 0.09546668238577602
transition 12 18 69 0.5239245496172498 0.47862543136203684
transition 12 18 30 0.23178548997798276 0.5188640792391437
transition 12 18 12 0.5789155021532804 0.002510489398819508
transition 12 19 25 -0.7536910231807261 0.473742735624706
transition 12 19 29 0.529333398616834 0.526257264375294
transition 12 20 32 0.16866806667285772 0.1451681036241933
transition 12 20 31 -0.32042238440690607 0.3588427389659376
transition 12 20 6 -0.9209270678147103 0.27505029964843813
transition 12 20 79 0.822913814678043 0.03791410435901011
transition 12 20 65 -0.25482489989697354 0.1830247534024209
transition 12 21 76 -0.6745326491078028 0.2709075605592717
transition 12 21 1 -0.2431839686444881 0.19094350378811498
transition 12 21 69 0.2963625543692294 0.22203167647357305
transition 12 21 38 -0.7106542254869488 0.3161172591790403
transition 12 22 54 -0.6390328368250249 0.01670592197593681
transition 12 22 0 -0.6059980625430783 0.5023104442178448
transition 12 22 85 -0.8608476013343196 0.3207920432725136
transition 12 22 46 -0.11685432803566642 0.1601915905337049
transition 12 23 61 -0.016114403782009123 0.4688148984013457
transition 12 23 29 0.3213011884358663 0.03872415062138938
transition 12 23 36 0.9963032143933186 0.015891266328056628
transition 12 23 50 -0.8115483002036701 0.4765696846492083
transition 12 24 44 0.16503854833825682 0.287776084525067
transition 12 24 18 -0.2182452507276016 0.2046137019282467
transition 12 24 13 0.4199181961329328 0.10630504839303852
transition 12 24 16 0.52948765350652 0.1113263225701106
transition 12 24 25 -0.2499811844263542 0.2899788425835372
transition 13 0 38 -0.03416475397843177 0.2056380603911228
transition 13 0 58 0.8629983079092507 0.7943619396088771
transition 13 1 4 0.6593904679211904 0.28880856548664485
transition 13 1 14 0.6335672864731905 0.06592514362748242
transition 13 1 81 -0.9029310555474159 0.31265202818865095
transition 13 1 46 -0.7051135346369357 0.33261426269722166
transition 13 2 90 0.04586100194556986 0.25175960133011016
transition 13 2 8 0.7771254569306707 0.18645514583025447
transition 13 2 3 -0.223854645417904 0.33447679671713254
transition 13 2 54 -0.35609494975367184 0.1866969991256843
transition 13 2 36 0.6219009971193858 0.04061145699681844
transition 13 3 32 0.3095823440113601 0.32679125465566916
transition 13 3 8 -0.321324176590708 0.24198052541454265
transition 13 3 42 0.22294114069535254 0.10044465722017655
transition 13 3 47 -0.7255069546948256 0.24718135773838698
transition 13 3 88 -0.27082189179477667 0.08360220497122464
transition 13 4 80 0.22727785286929358 0.022539993349037037
transition 13 4 18 0.6793148688796298 0.3275218806198982
transition 13 4 34 -0.40378985406700507 0.3717955262771589
transition 13 4 70 -0.9630663195765714 0.278142599753906
transition 13 5 8 -0.3574459112947117 1.0
transition 13 6 37 -0.09070913796433033 0.3081819125210483
transition 13 6 82 0.9943564355418151 0.6918180874789517
transition 13 7 18 0.08807871822339841 0.013936863821270752
transition 13 7 48 -0.7127379044992026 0.27803557840612997
transition 13 7 63 0.8565449378877441 0.5795462805259288
transition 13 7 26 0.08576290589749602 0.12848127724667044
transition 13 8 28 -0.47784743507110083 0.2102628998607098
transition 13 8 95 0.4418198050831865 0.35198932565970614
transition 13 8 66 -0.08539850571473195 0.21014982663390877
transition 13 8 3 0.08542862440202192 0.22759794784567525
transition 13 9 99 -0.6253189314274503 0.541032278769115
transition 13 9 70 -0.06071148104813351 0.4589677212308849
transition 13 10 97 0.8577397514185641 0.04266284787216507
transition 13 10 90 -0.27191970742414506 0.9573371521278349
transition 13 11 16 -0.9567687394452864 0.5120229180928346
transition 13 11 61 -0.12620694481611894 0.044742699465051286
transition 13 11 32 0.7968879518093559 0.35157547042858656
transition 13 11 6 -0.9498757049170146 0.09165891201352748
transition 13 12 38 0.11065612818442538 0.6660481730452683
transition 13 12 60 -0.7047795579218432 0.33395182695473175
transition 13 13 47 -0.6420199796422019 0.40701956444969284
transition 13 13 1 0.6133223630409641 0.4508924090662307
transition 13 13 61 0.18226634854616286 0.1420880264840764
transition 13 14 34 0.5016528545619761 0.6398196012948532
transition 13 14 5 0.5410944178374286 0.34220470773137907
transition 13 14 50 -0.8182864231453533 0.01797569097376774
transition 13 15 65 0.040899171739153584 0.275767534460858
transition 13 15 1 0.5968515829295833 0.4249180328232966
transition 13 15 14 -0.08198034597278614 0.29931443271584535
transition 13 16 84 0.44994649900387085 1.0
transition 13 17 67 -0.7425609848760044 0.3259215647669654
transition 13 17 18 0.9101739275946688 0.004790429217252559
transition 13 17 29 -0.8467210448850191 0.2822789678527361
transition 13 17 88 0.5619481442078329 0.3870090381630461
transition 13 18 24 -0.17662414570442997 0.2967748030053142
transition 13 18 77 -0.3155557042298758 0.12208005716214428
transition 13 18 81 0.6173682334649706 0.33917444983067835
transition 13 18 88 -0.529307773885205 0.24197069000186308
transition 13 19 10 -0.3591545348076026 0.4481573957141867
transition 13 19 71 -0.3824522340867875 0.32365253676195
transition 13 19 28 0.46811556322598746 0.08666090539147017
transition 13 19 45 -0.9234199700225338 0.1415291621323931
transition 13 20 13 -0.4383487172558236 1.0
transition 13 21 87 0.020444790340597763 0.11227266575632905
transition 13 21 31 0.3811554713305496 0.8877273342436709
transition 13 22 98 -0.849344923832261 0.1753323987194339
transition 13 22 72 0.9489810742745743 0.2336885932292534
transition 13 22 6 0.07150592146193024 0.12018567080815801
transition 13 22 93 -0.24336074671648 0.24303983296737483
transition 13 22 51 0.8255048084086827 0.22775350427577995
transition 13 23 93 -0.048253750493269854 1.0
transition 13 24 67 0.2283466513577057 0.45852288349157266
transition 13 24 86 0.10756923869825097 0.5414771165084273
transition 14 0 24 0.7743114798468353 0.1982836701841181
transition 14 0 93 -0.3601045974364463 0.7546069395283861
transition 14 0 19 -0.6671985379841765 0.047109390287495834
transition 14 1 72 0.9016852227552861 0.18040530979100217
transition 14 1 86 -0.1929574471669604 0.36432647386327527
transition 14 1 75 0.1878817052053694 0.35601693521713285
transition 14 1 21 -0.4230765633178577 0.0992512811285897
transition 14 2 49 -0.9405162423794786 1.0
transition 14 3 29 0.5381974238107023 0.3382766641421241
transition 14 3 32 0.4407298838385427 0.3715851840673064
transition 14 3 70 -0.11568885004455587 0.29013815179056945
transition 14 4 92 -0.3807392723384586 0.30552702018873795
transition 14 4 82 0.1776657222729212 0.37391098125197336
transition 14 4 32 0.9828447693882589 0.3205619985592886
transition 14 5 97 -0.35637219135370946 0.16168404700484917
transition 14 5 49 -0.5303159276343874 0.43509899465434076
transition 14 5 65 0.6819043913508764 0.40321695834081
transition 14 6 40 0.6059934815686112 0.5181463064604769
transition 14 6 69 -0.22261156983348118 0.027929461197260197
transition 14 6 13 0.3776237510532994 0.38114713074345696
transition 14 6 64 0.6222953646565932 0.07277710159880608
transition 14 7 70 -0.22342761385081555 1.0
transition 14 8 65 -0.44038595014423554 0.5197110372253977
transition 14 8 82 0.27700437626108143 0.23770416541476963
transition 14 8 2 -0.7621487824788911 0.061936220902060364
transition 14 8 72 0.7891830103771724 0.18064857645777221
transition 14 9 38 -0.17197262727058638 0.43599394067528074
transition 14 9 83 0.8983701607033869 0.14065178688408056
transition 14 9 68 -0.5544142615507361 0.06030075009785689
transition 14 9 2 -0.9152446814167137 0.32749538524711463
transition 14 9 93 0.6874052498943461 0.0355581370956673
transition 14 10 30 0.6227969469001289 0.2799892671338934
transition 14 10 78 -0.23142184797364362 0.24962998717602283
transition 14 10 32 0.2195160054952141 0.17279194569208445
transition 14 10 71 0.9618747437620245 0.29758879999799936
transition 14 11 24 0.38535180499226107 0.2627838155334199
transition 14 11 97 0.8697161006104526 0.0423615300969575
transition 14 11 86 0.32116313685847064 0.3279686047440687
transition 14 11 50 0.09782942415737383 0.18717570674811976
transition 14 11 36 -0.9897681525601054 0.17971034287743412
transition 14 12 18 -0.5019750577268349 0.3699642837996526
transition 14 12 79 -0.5382641399273713 0.6300357162003474
transition 14 13 98 0.6396765493701795 0.419462069945184
transition 14 13 89 -0.2484579436560732 0.1557375472110516
transition 14 13 39 -0.5113120857824716 0.4248003828437643
transition 14 14 3 -0.517251289076726 0.6613050117491502
transition 14 14 79 0.15779830147694773 0.3386949882508497
transition 14 15 77 -0.3162163148498385 0.14066352393174408
transition 14 15 33 -0.2787971719437512 0.5400100647492379
transition 14 15 84 0.42954260929088517 0.319326411319018
transition 14 16 18 -0.3422873445308059 0.38785794293910636
transition 14 16 32 0.8121101660829355 0.4272569725385883
transition 14 16 29 -0.32668335700443873 0.18488508452230537
transition 14 17 75 0.570706313833685 0.13971881792488716
transition 14 17 56 -0.09933941290457793 0.5000251207251132
transition 14 17 26 0.77593771452216 0.36025606134999966
transition 14 18 69 0.39831124883625546 0.4307645174650413
transition 14 18 22 0.8479499063123552 0.000456313576517193
transition 14 18 12 0.14903110712801038 0.5231303174099674
transition 14 18 87 0.39452377601960587 0.04564885154847396
transition 14 19 96 0.12385564531772664 0.4580093683423679
transition 14 19 21 0.6591372481385032 0.2500636704610551
transition 14 19 11 0.5012578526554567 0.291926961196577
transition 14 20 92 -0.2526289568522768 0.005166371860591954
transition 14 20 99 -0.48797032154303666 0.994833628139408
transition 14 21 55 -0.5148063152467117 0.17996600859554004
transition 14 21 45 0.6604994164032252 0.4577861602919269
transition 14 21 50 -0.8147949913058012 0.362247831112533
transition 14 22 99 0.8040426709927042 0.11229005159433794
transition 14 22 25 -0.20577104090884513 0.6271524159691685
transition 14 22 11 -0.7476466613328916 0.26055753243649366
transition 14 23 36 0.46065707326862615 0.14662725844090047
transition 14 23 84 -0.280220337253964 0.5503734474000873
transition 14 23 78 0.017764430975540924 0.30299929415901217
transition 14 24 72 -0.332092925217798 0.126919011537013
transition 14 24 27 0.6947237091357346 0.397620817467016
transition 14 24 25 0.1769611461667553 0.47546017099597104
transition 15 0 96 -0.47028799561602086 0.1680232325330321
transition 15 0 53 0.5550314153561435 0.3216374312093149
transition 15 0 63 0.42185881744313014 0.16777390710015685
transition 15 0 9 -0.5686173190163744 0.29060858180436105
transition 15 0 31 -0.6310270052363074 0.05195684735313515
transition 15 1 49 -0.4027703532326814 0.23361043918320326
transition 15 1 45 0.8065820309984968 0.22345374580997882
transition 15 1 1 0.7144464955295742 0.5429358150068179
transition 15 2 80 -0.6744993651587883 0.1579700652350102
transition 15 2 48 0.3497091067836178 0.18605925165408824
transition 15 2 67 0.8479730793003766 0.19584225152650198
transition 15 2 99 0.7291839458279801 0.19776932829355207
transition 15 2 93 0.461569884328922 0.2623591032908475
transition 15 3 52 0.060854959527271824 0.22138463052483318
transition 15 3 25 0.3984206321536574 0.23993660835616312
transition 15 3 78 -0.41010893404555304 0.32119968066118176
transition 15 3 75 0.43086257799143346 0.21747908045782194
transition 15 4 87 -0.13117411628734632 1.0
transition 15 5 43 -0.7620118264339799 0.476809203643945
transition 15 5 33 0.06307993161059167 0.523190796356055
transition 15 6 12 0.7825600122885201 1.0
transition 15 7 53 0.8044965268840838 0.1911746453480537
transition 15 7 10 -0.7789825241279702 0.2803620459146997
transition 15 7 51 -0.9159213027817525 0.042860165837696355
transition 15 7 11 -0.10618109916864871 0.2960720104110632
transition 15 7 81 -0.9636756511985967 0.18953113248848708
transition 15 8 49 0.9075121269511603 1.0
transition 15 9 44 0.44190890672690997 0.5036405298189404
transition 15 9 74 -0.5145818033564298 0.03903124740955301
transition 15 9 67 0.8569909623049949 0.45732822277150664
transition 15 10 76 -0.6508975670949273 0.011367627426954111
transition 15 10 48 -0.568234047346194 0.536754152583103
transition 15 10 28 -0.9090886186140361 0.45187821998994293
transition 15 11 97 -0.8945802733138506 0.3835142120880769
transition 15 11 83 0.17330949182424904 0.03842832542179797
transition 15 11 33 -0.2828791582143686 0.23886506348837908
transition 15 11 7 -0.23295374676602987 0.339192399001746
transition 15 12 83 -0.6928275583378503 0.5354784558651602
transition 15 12 0 0.7310456241028012 0.46452154413483976
transition 15 13 0 0.8540330258999786 0.11696056467423512
transition 15 13 6 -0.3476642654452644 0.28555078899181485
transition 15 13 27 -0.30557969680381025 0.3302257447993052
transition 15 13 64 0.586973406987547 0.19273552397955335
transition 15 13 70 0.026875177979929665 0.0745273775550914
transition 15 14 30 0.2975572886074205 0.30954334012523743
transition 15 14 94 -0.19508235563598042 0.6904566598747626
transition 15 15 9 0.49735133666567255 0.24664594370171875
transition 15 15 33 -0.7818104772228485 0.1432990628177488
transition 15 15 60 0.6559396279795393 0.6100549934805324
transition 15 16 65 -0.48779032862969496 0.20577670600052453
transition 15 16 59 -0.9256810759917753 0.18064198681760965
transition 15 16 55 -0.8254353434182502 0.25975733520965233
transition 15 16 25 -0.4335475460449336 0.21349572588591728
transition 15 16 44 0.7355408979663556 0.14032824608629624
transition 15 17 91 -0.31767806710769797 0.23772064030178675
transition 15 17 44 -0.10357326992486082 0.3448159070250638
transition 15 17 3 0.7005580337219244 0.09813524883723031
transition 15 17 19 -0.6168238437960611 0.06190549352745877
transition 15 17 36 -0.2454369233939544 0.25742271030846037
transition 15 18 57 -0.4359474884003811 0.07737164459704986
transition 15 18 58 0.1721255755091824 0.5201153236684877
transition 15 18 37 -0.7467944142781482 0.40251303173446246
transition 15 19 86 -0.2400878092134353 0.8834837870288272
transition 15 19 47 -0.568358562827594 0.1165162129711728
transition 15 20 71 -0.3500404103569035 0.42835231328662826
transition 15 20 48 0.6432534756289172 0.5716476867133718
transition 15 21 88 0.5995674188873881 1.0
transition 15 22 12 0.3269819172923274 0.054245177287406174
transition 15 22 93 0.49300693022905073 0.42662340078610783
transition 15 22 20 -0.993655847560468 0.09390482927850254
transition 15 22 72 0.5619270520492963 0.4252265926479835
transition 15 23 49 0.5837843802139504 0.1970596245652001
transition 15 23 92 -0.17684271235035443 0.3366447035445861
transition 15 23 87 0.3163734021390636 0.46629567189021387
transition 15 24 18 0.8904188595505378 0.4212322041354128
transition 15 24 74 0.47103141705577745 0.5787677958645872
transition 16 0 35 -0.519198280949182 0.43198385557789704
transition 16 0 40 -0.3791812787294391 0.15131459809028808
transition 16 0 48 -0.24526071511393144 0.10454255687886072
transition 16 0 62 0.276936309815788 0.3121589894529542
transition 16 1 74 -0.8970275666073544 1.0
transition 16 2 77 0.23114931316701548 0.3426719405533028
transition 16 2 0 -0.7107204368817002 0.26491369230225337
transition 16 2 51 0.9761675566144179 0.07960065664210342
transition 16 2 79 -0.8541319036106076 0.3128137105023404
transition 16 3 45 -0.3387920233673052 0.28640496135832244
transition 16 3 89 0.30629525202275687 0.7135950386416775
transition 16 4 43 0.921744191116076 0.21814081953411507
transition 16 4 27 0.7420207482707544 0.18615363750375544
transition 16 4 31 -0.40980795901789047 0.2655107135081506
transition 16 4 0 -0.9604357923106333 0.3222045186389273
transition 16 4 80 -0.19540094901911376 0.007990310815051641
transition 16 5 54 -0.9354306794563669 0.28250340474996544
transition 16 5 88 -0.5087660984128928 0.23901920231152401
transition 16 5 57 -0.6219712537404798 0.011408476207382088
transition 16 5 69 -0.4604880273148675 0.3628169353528736
transition 16 5 11 0.44119064921968576 0.10425198137825487
transition 16 6 42 -0.8646303879859083 0.16489234598413471
transition 16 6 10 -0.8835050355874676 0.14607145628425158
transition 16 6 7 -0.6709220477516289 0.12307714289861905
transition 16 6 78 0.917108445747308 0.23572184497624948
transition 16 6 52 -0.37045806756999 0.3302372098567452
transition 16 7 13 -0.7630157545008494 0.0573028140032248
transition 16 7 56 -0.3224771546677514 0.403850634182578
transition 16 7 48 0.8540498150087275 0.11811256085976327
transition 16 7 85 -0.8478083252070863 0.34953091802635883
transition 16 7 7 -0.11706738686047213 0.07120307292807515
transition 16 8 84 -0.13435493070501492 1.0
transition 16 9 81 0.9011420351849266 0.35422823026303446
transition 16 9 79 0.9807279971249179 0.2602022239177397
transition 16 9 7 0.8188360033885835 0.38556954581922587
transition 16 10 35 -0.8790589074695856 1.0
transition 16 11 80 -0.5547212649795132 0.1968339043299418
transition 16 11 60 -0.7157263932575935 0.06911824376801218
transition 16 11 0 0.717091811893348 0.38385958304040874
transition 16 11 98 0.7758847820170496 0.35018826886163734
transition 16 12 52 -0.4615382332642295 0.18121309973748329
transition 16 12 92 0.3333625545155168 0.2809017819774359
transition 16 12 22 0.6965207888434832 0.16593518629105317
transition 16 12 59 0.011893454884058796 0.12838826996387057
transition 16 12 47 -0.3483934729497433 0.24356166203015706
transition 16 13 29 0.9793700942857124 1.0
transition 16 14 43 0.7631504086791261 0.41573909925398994
transition 16 14 94 -0.031895719866189554 0.11259761275625858
transition 16 14 92 0.0373823657650636 0.2608793373104543
transition 16 14 33 0.1708364252151291 0.21078395067929728
transition 16 15 16 -0.30274386670551556 0.12235006340747595
transition 16 15 80 0.38415705609422557 0.784574631151667
transition 16 15 5 -0.16025133033606598 0.07820419053735288
transition 16 15 45 -0.2653636173346554 0.014871114903504101
transition 16 16 61 0.41597715839093574 0.2530633176564473
transition 16 16 31 0.7306248817552525 0.05332904292368688
transition 16 16 52 0.12043897476875953 0.01121943160461198
transition 16 16 3 0.6923587464194743 0.21884130738132596
transition 16 16 27 -0.6933260769513541 0.4635469004339279
transition 16 17 50 -0.19289425682435146 0.250299863743104
transition 16 17 27 0.6880445039473819 0.3991501269632957
transition 16 17 31 -0.9632884755689066 0.2736611722354991
transition 16 17 64 0.949300455907161 0.07688883705810134
transition 16 18 60 0.9787097259256794 0.9605957403856755
transition 16 18 61 0.604896254846107 0.03940425961432443
transition 16 19 99 0.46140516247720287 0.7053970307228026
transition 16 19 27 0.7912192443153894 0.2946029692771974
transition 16 20 78 -0.451532718647095 0.33069493992829524
transition 16 20 18 0.11416294774506452 0.6693050600717048
transition 16 21 41 0.8510086849200638 0.1886673654332321
transition 16 21 92 0.2523635178066701 0.08159613627120475
transition 16 21 72 -0.6648767052541402 0.2527148047731528
transition 16 21 91 0.49157785427120726 0.29321583535353385
transition 16 21 58 -0.0659115779946231 0.18380585816887646
transition 16 22 50 0.7562117703147695 0.08643631774298369
transition 16 22 66 0.7301441346525308 0.3477629353627157
transition 16 22 18 -0.3964463430496614 0.3226516969885585
transition 16 22 29 0.07087393090055771 0.058928800799399814
transition 16 22 25 -0.9816019548958985 0.18422024910634233
transition 16 23 83 -0.11423799584039274 0.6844821147327452
transition 16 23 54 0.8998424987148281 0.31551788526725477
transition 16 24 56 -0.2617530340133356 1.0
transition 17 0 82 -0.3234892021097733 1.0
transition 17 1 48 -0.35318504189035105 0.7071381988146526
transition 17 1 83 -0.36792053570354466 0.05509662665343687
transition 17 1 95 0.3916481882914118 0.23776517453191048
transition 17 2 81 -0.2475214462625146 0.04310019899903921
transition 17 2 11 -0.8158107492843731 0.3556888116862097
transition 17 2 56 -0.3526091761528636 0.2330460158850126
transition 17 2 57 -0.03390376268959572 0.14450893002434928
transition 17 2 9 -0.3628989694398068 0.2236560434053892
transition 17 3 33 -0.3867484912491126 0.31520354819701496
transition 17 3 25 0.21374032706361867 0.21117082058123351
transition 17 3 94 0.8487690638647092 0.34134565343938567
transition 17 3 8 0.45322229558067173 0.1322799777823659
transition 17 4 33 -0.40485859348603137 0.5343628695173667
transition 17 4 51 -0.002167459073300737 0.4656371304826334
transition 17 5 93 -0.8572513850920713 0.275227458577332
transition 17 5 36 -0.18085579509853544 0.19688062271130136
transition 17 5 11 -0.5492350409381639 0.15493342861762086
transition 17 5 97 0.33106290530751226 0.37295849009374593
transition 17 6 56 0.9919643913863918 1.0
transition 17 7 20 -0.6552250033694449 0.2446530972484898
transition 17 7 62 0.46512273642472923 0.42536258481906275
transition 17 7 5 -0.8794676014632992 0.3299843179324475
transition 17 8 10 0.565788464947214 0.37746508602871537
transition 17 8 21 0.25000958059419753 0.47350108743127717
transition 17 8 28 0.4769284473560933 0.1490338265400074
transition 17 9 63 0.48934825058440623 0.011005739751087719
transition 17 9 79 0.7355654188184324 0.40863543812068037
transition 17 9 90 0.19532105708618652 0.5803588221282319
transition 17 10 18 0.871325757509186 0.20184208970176853
transition 17 10 77 0.30188762545426573 0.44012160590275395
transition 17 10 78 -0.5601231687509831 0.008142718283064997
transition 17 10 62 -0.39824834863455205 0.3498935861124125
transition 17 11 7 0.4761232819826129 0.003680812613185671
transition 17 11 0 0.7807163995864914 0.4932401925046479
transition 17 11 70 -0.7368328220021669 0.5030789948821665
transition 17 12 7 0.41208032275736106 0.21589584220249033
transition 17 12 30 0.840925263251886 0.3316321309893444
transition 17 12 73 0.49991398561405176 0.4524720268081653
transition 17 13 0 -0.3754455149299616 0.5314561643911541
transition 17 13 87 0.7316282309879321 0.46854383560884594
transition 17 14 29 0.7288990001279194 0.16098643281094413
transition 17 14 39 -0.4172722600175185 0.49477940291445954
transition 17 14 56 0.1653688688190842 0.3442341642745964
transition 17 15 19 -0.7182755833274532 0.038429353337627814
transition 17 15 29 0.6084405484220103 0.46814577988673317
transition 17 15 39 0.5349267719959607 0.493424866775639
transition 17 16 67 0.47232233574312565 0.09312689813827517
transition 17 16 55 -0.7141044793426594 0.9068731018617249
transition 17 17 1 0.43668818659208597 0.42466402669414666
transition 17 17 84 -0.06070502464738459 0.14033451091790744
transition 17 17 40 0.35507985712737833 0.19890262752505652
transition 17 17 51 0.44770187769631975 0.2360988348628894
transition 17 18 57 0.34238828234866836 1.0
transition 17 19 95 -0.0022002348523646464 0.38139479793755665
transition 17 19 56 -0.5769691519395053 0.6186052020624433
transition 17 20 47 0.039488423821584684 0.22199755985580188
transition 17 20 13 0.8120049838769237 0.1032557578690858
transition 17 20 31 0.18093222910997198 0.15618141089594656
transition 17 20 98 0.7151118920213002 0.4558885132541331
transition 17 20 64 0.10003996392716719 0.06267675812503268
transition 17 21 50 -0.28236297560658796 0.8037735137897184
transition 17 21 86 0.41409556989654117 0.1962264862102816
transition 17 22 12 -0.5406270994803581 0.5077944508378529
transition 17 22 75 -0.997870981209825 0.49220554916214715
transition 17 23 98 0.359856578507491 0.03593318769322209
transition 17 23 27 -0.7891655375071915 0.6359122708073747
transition 17 23 82 -0.42923887994302024 0.32815454149940326
transition 17 24 60 0.9127856073346772 0.7437809742278659
transition 17 24 80 -0.5778134133976127 0.25621902577213407
transition 18 0 4 -0.9201837442824232 0.053192655630412894
transition 18 0 29 -0.3083484685113784 0.5998933940341107
transition 18 0 14 -0.8934947603702905 0.34691395033547645
transition 18 1 93 -0.711975764711964 0.3955114857713964
transition 18 1 12 -0.8578289028331736 0.26069678423497217
transition 18 1 42 0.8152625446359352 0.34379172999363133
transition 18 2 35 0.9923395973095959 0.13614154322691396
transition 18 2 42 0.900142846719391 0.17441758461984525
transition 18 2 20 0.18026823027049943 0.28826604611271284
transition 18 2 5 -0.9803183370418158 0.016817257082590294
transition 18 2 83 -0.1584033468911481 0.3843575689579377
transition 18 3 40 0.10178209376145331 0.4264184573243574
transition 18 3 25 0.364316965149049 0.22452338595980678
transition 18 3 63 0.6450830198073261 0.010537761390179545
transition 18 3 80 0.6877475589723836 0.3327930303436921
transition 18 3 52 -0.6585918735472489 0.005727364981964213
transition 18 4 65 0.2606999426636398 1.0
transition 18 5 48 -0.9038877296180288 0.4112167275063808
transition 18 5 73 0.7505355418999291 0.11114738854827996
transition 18 5 88 0.9025145247263306 0.2961490801015517
transition 18 5 91 0.24691120811505063 0.0830801912059418
transition 18 5 54 0.9965127365863098 0.09840661263784575
transition 18 6 76 0.5010688404299026 0.2651080168249104
transition 18 6 44 -0.7632292011489177 0.2305532371902607
transition 18 6 13 0.8068321181951164 0.14901789628059536
transition 18 6 29 0.7620706769092414 0.1213792690135463
transition 18 6 39 0.6890130889293458 0.23394158069068716
transition 18 7 53 -0.08901635173966671 0.2630394490583298
transition 18 7 47 0.25148723984617916 0.21090013349647244
transition 18 7 91 0.8203311387708156 0.34739660256866706
transition 18 7 6 0.8668287308120184 0.016048842079203995
transition 18 7 54 0.800041932848166 0.1626149727973267
transition 18 8 23 0.8069503101175601 0.0943806174466561
transition 18 8 14 -0.6028340061741457 0.33297706542443084
transition 18 8 49 -0.8930443101546677 0.2063646693905953
transition 18 8 54 0.8820461429676412 0.3417131068425747
transition 18 8 59 -0.7919747675159363 0.024564540895742993
transition 18 9 7 0.6772936077792435 1.0
transition 18 10 55 0.6531317836433732 1.0
transition 18 11 22 -0.6364088014564429 0.5133667826371645
transition 18 11 51 -0.9338930394169704 0.48663321736283555
transition 18 12 56 0.4432084727643535 0.7064995096884183
transition 18 12 91 0.8430647831734666 0.2935004903115817
transition 18 13 18 0.34027533548303945 0.7259964892761835
transition 18 13 74 -0.3265878286300623 0.2740035107238165
transition 18 14 32 -0.6379358921143088 0.2622112189265728
transition 18 14 76 -0.5045290399344617 0.3222269634252603
transition 18 14 10 0.2772529026872099 0.38330966033681796
transition 18 14 88 -0.261903653730029 0.03225215731134893
transition 18 15 8 0.09252570561134754 0.4007677545480384
transition 18 15 99 -0.8176392289378769 0.18620512851182838
transition 18 15 24 -0.564676215835689 0.39573546178826907
transition 18 15 63 -0.8088703716065062 0.01729165515186421
transition 18 16 61 -0.5740748136003981 0.26083670037869666
transition 18 16 24 0.5270559293094306 0.236392624410178
transition 18 16 39 -0.4879041125162975 0.19042299610283384
transition 18 16 86 -0.04380804743386535 0.08223844486326393
transition 18 16 79 0.6281805497565851 0.2301092342450276
transition 18 17 37 -0.6510091020512496 0.28603501419126454
transition 18 17 54 0.5636769774390422 0.20667860886764933
transition 18 17 1 0.18935585353032724 0.5072863769410862
transition 18 18 33 0.23096113996967227 0.4652580498853806
transition 18 18 69 0.5945247193709486 0.5347419501146194
transition 18 19 76 -0.6672439924790936 1.0
transition 18 20 40 -0.0830761233158166 0.5656810146900304
transition 18 20 61 -0.07303537906656832 0.43431898530996954
transition 18 21 90 0.2320007542989968 0.3980528751581609
transition 18 21 51 0.9888359191941287 0.601947124841839
transition 18 22 38 -0.48569432396982215 0.333681906362976
transition 18 22 40 -0.1707317124552361 0.2835900733442096
transition 18 22 44 -0.028294788832620155 0.2172679151406865
transition 18 22 82 0.28087527546647606 0.16546010515212803
transition 18 23 5 -0.44934539233264026 0.5890422473495499
transition 18 23 81 0.18789557059119688 0.14880099639085598
transition 18 23 21 0.11724331377758368 0.10277760990633651
transition 18 23 15 -0.7886931970075375 0.15937914635325764
transition 18 24 81 0.941689737872643 0.793713150373684
transition 18 24 74 -0.45877256967347035 0.20628684962631608
transition 19 0 79 0.5343557814771804 0.04261234805568711
transition 19 0 17 -0.8366831434557054 0.9573876519443129
transition 19 1 37 0.5051911742612736 0.4060855399363115
transition 19 1 83 -0.14399160663608646 0.5939144600636885
transition 19 2 63 -0.09814568306752891 1.0
transition 19 3 7 -0.923376665478205 1.0
transition 19 4 14 0.3099172978640097 0.6017773272242388
transition 19 4 43 -0.3168370230181339 0.13319696672572384
transition 19 4 27 0.354759745555991 0.26502570605003745
transition 19 5 66 -0.6008131364530835 1.0
transition 19 6 43 -0.8644015252478652 0.19817481446479254
transition 19 6 0 -0.5346728968384291 0.28326465462084144
transition 19 6 59 -0.3328337102136467 0.28230557708448434
transition 19 6 44 0.22297136671608597 0.05351078836023391
transition 19 6 88 0.5294246092360249 0.1827441654696478
transition 19 7 70 -0.08950503248867703 0.5891035591914084
transition 19 7 62 0.5920443658260088 0.41089644080859156
transition 19 8 47 -0.8671986866425003 1.0
transition 19 9 54 0.607488872348082 0.46543928619346003
transition 19 9 0 0.13966524632902444 0.36694279122802925
transition 19 9 41 0.6363402578191806 0.1676179225785107
transition 19 10 42 -0.278640776271843 1.0
transition 19 11 7 -0.09657793162486827 0.5623636237666763
transition 19 11 45 -0.12650851898895477 0.43763637623332374
transition 19 12 47 0.5148480613441224 0.15473734981101225
transition 19 12 32 0.4049243373573952 0.23498232114562573
transition 19 12 53 0.7397995461467688 0.610280329043362
transition 19 13 56 -0.9169470011015677 0.13679300348727283
transition 19 13 94 -0.19333671413693088 0.569777460898686
transition 19 13 18 0.4129363193172275 0.26804922002023585
transition 19 13 99 0.25909159030766626 0.025380315593805363
transition 19 14 65 -0.260792215896138 0.5888320226894905
transition 19 14 57 0.341499027222129 0.08336670611512505
transition 19 14 30 0.8889543336382029 0.32780127119538455
transition 19 15 2 0.37262452528790657 0.3198844803348361
transition 19 15 28 0.7037596391324514 0.055409794323292884
transition 19 15 26 0.6797096035060834 0.624705725341871
transition 19 16 42 0.12386960206027431 0.04048350930234352
transition 19 16 21 0.8800484253199246 0.18066667737687173
transition 19 16 38 -0.73290866759012 0.00841309850485609
transition 19 16 47 0.2757431052820447 0.28667108115088974
transition 19 16 9 -0.3146563860684166 0.48376563366503894
transition 19 17 88 -0.6537766984012789 0.1266845351847566
transition 19 17 65 0.8813058949882546 0.8733154648152434
transition 19 18 88 -0.250911223952186 0.32588512191257546
transition 19 18 40 0.7314710823646904 0.20024365877193737
transition 19 18 61 0.03555517444722023 0.36665247032063225
transition 19 18 85 0.16662669090369797 0.10721874899485498
transition 19 19 85 0.6955702694180104 0.25713947878303495
transition 19 19 84 -0.48508367867578706 0.16884447433594205
transition 19 19 53 0.9523650609610912 0.10672976898277174
transition 19 19 58 0.36576862595647075 0.32371926996702094
transition 19 19 35 -0.6656757091720631 0.14356700793123028
transition 19 20 19 -0.9887783287759919 0.4596353553463299
transition 19 20 52 -0.6581100927011607 0.33143918152581425
transition 19 20 88 0.8976606484739607 0.20892546312785593
transition 19 21 75 -0.7384013270270182 0.8730639280095288
transition 19 21 4 -0.5108870716591765 0.12693607199047113
transition 19 22 85 0.9487879433470665 0.6977961984398964
transition 19 22 5 0.24707864632529453 0.3022038015601036
transition 19 23 53 -0.4575412735363469 0.16327333634881788
transition 19 23 45 0.3585308030698593 0.4582494191126529
transition 19 23 76 0.1410221552219859 0.3784772445385292
transition 19 24 19 0.6949892313899488 0.29892114835817263
transition 19 24 56 -0.34558951721182574 0.3406478504550363
transition 19 24 37 -0.04096100451353979 0.36043100118679106
transition 20 0 8 0.9729824296144571 0.2277620642155218
transition 20 0 44 -0.7152133492767985 0.14736614182340643
transition 20 0 26 0.9550203150202545 0.1949678466212529
transition 20 0 81 0.5830037378282837 0.002749163450472524
transition 20 0 34 -0.3961343217768254 0.42715478388934625
transition 20 1 43 0.016096204046458507 0.3488455803044278
transition 20 1 23 0.4752708315901859 0.06976263300700833
transition 20 1 18 -0.41063941957495076 0.35356833218177
transition 20 1 91 0.6447973291441256 0.22782345450679395
transition 20 2 98 0.6580336785854128 0.5525156197475174
transition 20 2 72 -0.9326636791684308 0.44748438025248255
transition 20 3 13 -0.4781980167063078 0.3825448398817312
transition 20 3 18 -0.7452146123170365 0.6174551601182687
transition 20 4 88 0.09599736221878241 1.0
transition 20 5 31 -0.42767929810906913 0.3826248604513435
transition 20 5 33 0.9031406584476849 0.3237881795980435
transition 20 5 40 0.14851449316129717 0.29358695995061307
transition 20 6 53 0.9039814194664078 0.3083364131710945
transition 20 6 11 0.937151338658663 0.6916635868289056
transition 20 7 28 -0.8243218004316113 0.2191764937379923
transition 20 7 27 -0.011761973879385046 0.30437126156377087
transition 20 7 55 0.7145561611109517 0.014943958787184033
transition 20 7 22 0.6711127728717041 0.25726459095562487
transition 20 7 71 0.4151126041926776 0.20424369495542785
transition 20 8 34 0.1924158058291774 0.0877118390686196
transition 20 8 79 0.5435168927357283 0.2592948680906008
transition 20 8 15 -0.6704974895287796 0.23544695223946913
transition 20 8 42 0.5530034727862991 0.2545019518710179
transition 20 8 14 0.9181339273186746 0.16304438873029262
transition 20 9 88 -0.2393747641900139 0.22690027297232943
transition 20 9 59 -0.7911419158865518 0.15586364200959504
transition 20 9 92 0.8898576123177286 0.04356227604941818
transition 20 9 37 0.2663276132456478 0.14604619044221484
transition 20 9 2 -0.6782776602061558 0.4276276185264424
transition 20 10 40 -0.8240070682326699 0.2611629967786703
transition 20 10 91 -0.807973542527475 0.3712941126319314
transition 20 10 92 -0.8720617258546768 0.36754289058939826
transition 20 11 24 -0.5448744212784788 1.0
transition 20 12 14 -0.4712081701534063 1.0
transition 20 13 22 0.7093742499984812 0.2570094542877127
transition 20 13 24 0.3814087009837068 0.7429905457122873
transition 20 14 30 0.872635610034483 0.6470193428603995
transition 20 14 98 0.017069178238744875 0.23529888390852058
transition 20 14 64 0.40042729152293344 0.1176817732310799
transition 20 15 4 -0.1218210458614164 0.5995193496680296
transition 20 15 55 0.1950653199057959 0.2388047917230808
transition 20 15 47 -0.5092653189675629 0.16167585860888978
transition 20 16 1 -0.6771365030126051 0.053328182778665675
transition 20 16 24 -0.950974186511675 0.2851740841848441
transition 20 16 20 -0.5928973479143136 0.16743809834954385
transition 20 16 28 0.8978046716133226 0.20839019122527733
transition 20 16 68 0.258200001042852 0.28566944346166917
transition 20 17 52 -0.8745501858084797 0.32616679482427663
transition 20 17 94 -0.6484339227266334 0.19224680095921867
transition 20 17 91 -0.5638193749119453 0.38538913972040423
transition 20 17 14 0.17715521238778287 0.0961972644961005
transition 20 18 4 -0.009662067932934004 0.30007734561880445
transition 20 18 79 0.40462151662073453 0.34369813822225653
transition 20 18 5 -0.4969763655554149 0.3056667110444957
transition 20 18 81 0.8747959841134951 0.05055780511444328
transition 20 19 46 -0.20285433292342825 0.052361668949274943
transition 20 19 71 -0.16909213683057622 0.20142961650168126
transition 20 19 90 -0.8611251870521697 0.394912564360926
transition 20 19 13 0.8348299523229608 0.35129615018811794
transition 20 20 14 -0.6901354184879411 1.0
transition 20 21 49 0.35724787573858974 0.37961175596617874
transition 20 21 86 0.9222161500206361 0.6203882440338213
transition 20 22 99 0.7666330110335811 0.622477338130041
transition 20 22 39 0.5294244229071883 0.0515168124270919
transition 20 22 40 0.097788298706325 0.3260058494428669
transition 20 23 38 -0.2949436971232575 0.6806946455444288
transition 20 23 78 -0.05497034419909874 0.0886139972579147
transition 20 23 85 0.9354024700400227 0.23069135719765654
transition 20 24 39 -0.5327331967119495 1.0
transition 21 0 93 0.3554215272145902 0.7014293676789607
transition 21 0 52 -0.41249266611736224 0.16989032219748804
transition 21 0 22 -0.45472799505108985 0.12868031012355127
transition 21 1 44 -0.7818838641855428 0.11107664299959238
transition 21 1 54 0.43628537297580117 0.5227350184359805
transition 21 1 52 0.8624048049400843 0.04574478883850939
transition 21 1 98 -0.7249634488438661 0.32044354972591776
transition 21 2 33 -0.3939147029974652 0.2719283109112067
transition 21 2 21 -0.6943479201518779 0.7280716890887933
transition 21 3 81 0.6847284546156995 0.7008099009637555
transition 21 3 44 0.5956702004839565 0.29919009903624444
transition 21 4 44 -0.11603393616059998 0.4859882549121295
transition 21 4 39 0.44834902365285334 0.34351215739192964
transition 21 4 33 -0.9607772835891115 0.17049958769594087
transition 21 5 33 0.9547739909142041 0.459710772989607
transition 21 5 39 0.03515209714838119 0.5242470022704673
transition 21 5 23 -0.9915509611895934 0.01604222473992581
transition 21 6 92 0.3652247843177592 0.33896131374930644
transition 21 6 2 -0.5207710500946847 0.04951840730812702
transition 21 6 51 -0.3529996504968991 0.3582696060187073
transition 21 6 35 -0.9420192529560201 0.2532506729238593
transition 21 7 69 -0.7566505830296653 1.0
transition 21 8 43 0.8427209764009547 0.24841543764083107
transition 21 8 29 0.37982329129998527 0.23516593979550074
transition 21 8 41 0.6816712750207823 0.3037054581340286
transition 21 8 87 -0.3406609930676059 0.21271316442963956
transition 21 9 61 0.5202605986338817 0.13397632248123234
transition 21 9 60 0.355262901251 0.25798570809418564
transition 21 9 97 0.3444458662751595 0.292868620186157
transition 21 9 16 -0.9414630873488108 0.31516934923842505
transition 21 10 69 0.18101306759991753 1.0
transition 21 11 88 -0.9076442103020812 0.19126149261175873
transition 21 11 52 0.8451819600781543 0.220566683913352
transition 21 11 40 -0.4519483585391668 0.23634070539770213
transition 21 11 57 -0.42570456947348245 0.17116070960170163
transition 21 11 6 -0.6763777282445316 0.18067040847548557
transition 21 12 92 -0.8451113534307453 0.42629149642046943
transition 21 12 55 0.005093497329798469 0.20110044946040018
transition 21 12 78 0.08399526459238138 0.37260805411913045
transition 21 13 81 0.49097828687590916 0.23161080726646976
transition 21 13 0 -0.7126050755352435 0.008218035941181876
transition 21 13 33 -0.8045569939333168 0.2153381471556335
transition 21 13 35 -0.625085143373012 0.5448330096367149
transition 21 14 36 0.7455984953786858 0.8826967660331367
transition 21 14 41 -0.4012822270983518 0.11730323396686332
transition 21 15 83 0.9819510415920942 0.2753770482909232
transition 21 15 99 0.8257545373397663 0.11541578375969624
transition 21 15 78 0.18126692369077801 0.018168700941462904
transition 21 15 74 -0.4422504346080329 0.29714050322208047
transition 21 15 25 -0.10261770408457571 0.2938979637858371
transition 21 16 28 0.4977322523441998 0.3699194762719826
transition 21 16 44 0.379337346219474 0.3524386030440805
transition 21 16 83 0.10981704767000755 0.27764192068393706
transition 21 17 92 -0.5407594961253639 1.0
transition 21 18 94 -0.7427630582266123 0.23324590551367985
transition 21 18 99 0.558318699470606 0.4359045081962414
transition 21 18 81 -0.5703239425113726 0.3308495862900788
transition 21 19 69 -0.629675156236206 0.42016632171510215
transition 21 19 58 -0.153303059644341 0.17078932667313487
transition 21 19 79 0.8970929604477345 0.11300939879512624
transition 21 19 6 -0.5575826893121019 0.056458729586482
transition 21 19 60 -0.1536716868314041 0.23957622323015476
transition 21 20 39 -0.9609157377045316 0.6622539381013094
transition 21 20 14 -0.13600276030165181 0.33774606189869066
transition 21 21 6 0.39077425260863885 0.5113706726289063
transition 21 21 20 -0.7534630547325292 0.47696610417717633
transition 21 21 18 0.2648951350412314 0.011663223193917202
transition 21 22 60 0.6293372472642504 0.6338331969483469
transition 21 22 73 -0.46794176306123303 0.22643328043060146
transition 21 22 90 0.8398434646487394 0.1397335226210516
transition 21 23 57 -0.1382608739534512 0.7244071936791624
transition 21 23 14 0.1404667488973319 0.24395792708263428
transition 21 23 60 -0.16810089100151027 0.03163487923820328
transition 21 24 70 -0.08062023195603141 0.5567564915182542
transition 21 24 0 0.45611987645428753 0.44324350848174576
transition 22 0 51 0.5243666053627261 0.09798019760505793
transition 22 0 71 0.46078354872147753 0.9020198023949421
transition 22 1 59 -0.18450555371578625 0.20474442433746215
transition 22 1 4 -0.14616830912300438 0.03546219350588684
transition 22 1 64 0.15216261011680055 0.34409859139142007
transition 22 1 22 0.08632834211416984 0.1704101358075439
transition 22 1 75 0.21414792171583752 0.24528465495768698
transition 22 2 48 0.7868953838634802 0.4160910945229971
transition 22 2 28 0.005613900581210585 0.5839089054770029
transition 22 3 43 -0.8898407759379332 0.4110953648366443
transition 22 3 80 -0.6304185661100492 0.5889046351633557
transition 22 4 75 0.1761678718477424 1.0
transition 22 5 25 0.13338823720906334 0.3786531265848843
transition 22 5 16 -0.6819349125977652 0.0007124335568396173
transition 22 5 37 0.33451103961448236 0.3964182110134117
transition 22 5 93 -0.9430592784111855 0.18376426535373774
transition 22 5 80 -0.5446727982986099 0.040451963491126765
transition 22 6 29 -0.9723167475198653 0.42480138723768635
transition 22 6 57 -0.08873960784272028 0.021185035398826588
transition 22 6 42 -0.38883524543802195 0.12999618407649452
transition 22 6 90 -0.2303251148055303 0.4240173932869926
transition 22 7 88 0.47340509717968304 0.6589775413458947
transition 22 7 73 -0.6902962136408006 0.3410224586541053
transition 22 8 72 0.11354409681163857 0.22545016139550952
transition 22 8 64 0.5624872107901482 0.1861283986300132
transition 22 8 83 0.41879595784849544 0.012715408647231521
transition 22 8 99 0.6702878066512279 0.1904689806491285
transition 22 8 20 -0.42955747327355276 0.3852370506781171
transition 22 9 88 0.9479410656120664 0.058063847487797984
transition 22 9 22 0.46303615132692943 0.28742919939467976
transition 22 9 27 -0.29900014267100383 0.1879899404430163
transition 22 9 16 -0.049446351729999005 0.2671003430760774
transition 22 9 25 -0.5603804272405619 0.19941666959842852
transition 22 10 53 0.43851531216433637 0.5896863931464529
transition 22 10 40 -0.48052221936346595 0.3079778164875075
transition 22 10 82 -0.6535141222129797 0.10233579036603958
transition 22 11 81 0.9194691360591132 1.0
transition 22 12 42 -0.841805534593034 0.6830490737256067
transition 22 12 5 -0.9786873731370034 0.31695092627439314
transition 22 13 15 0.05113311154028888 1.0
transition 22 14 43 -0.7605932668290067 1.0
transition 22 15 74 0.9070394785556302 0.104744651192011
transition 22 15 97 -0.030254141188019945 0.1306065542579101
transition 22 15 63 0.3871241870904203 0.5878944814365937
transition 22 15 87 0.564626089370101 0.10190628783796087
transition 22 15 10 -0.7955334153609872 0.07484802527552441
transition 22 16 89 -0.18678537162718878 0.49893179125296494
transition 22 16 72 -0.41155934946629613 0.5010682087470351
transition 22 17 27 0.23575328283067165 0.2577549477823614
transition 22 17 16 0.8269850943067667 0.006388815238842398
transition 22 17 60 -0.04467236728363755 0.30966118353077426
transition 22 17 79 -0.21642259704305622 0.02660360731125351
transition 22 17 74 -0.18295619671486185 0.39959144613676845
transition 22 18 58 -0.464004231817714 1.0
transition 22 19 38 -0.8927636750658448 0.16000767831847248
transition 22 19 77 0.6584876448459567 0.23173145297620548
transition 22 19 58 0.5886402046896637 0.3944552512902023
transition 22 19 64 -0.8785180939960595 0.06887447803076838
transition 22 19 91 0.2578026248887253 0.14493113938435137
transition 22 20 95 -0.18076721185915434 1.0
transition 22 21 48 0.0369358602433687 0.5268461793483137
transition 22 21 71 0.015263186561600417 0.21172387205396936
transition 22 21 38 -0.03288691389513798 0.26142994859771695
transition 22 22 77 0.22913494642633814 0.24982135392858942
transition 22 22 97 0.249815340162167 0.13626795679764508
transition 22 22 12 0.045616823819599084 0.2462763449673716
transition 22 22 18 0.577271890219963 0.1442111639192234
transition 22 22 68 0.6529963703213741 0.22342318038717043
transition 22 23 95 0.012401525169579486 0.49357903751844795
transition 22 23 41 -0.7532915958354054 0.506420962481552
transition 22 24 38 0.7062686759176071 0.36821475206384185
transition 22 24 6 -0.9838479163295384 0.3594646863535577
transition 22 24 35 0.07122658278718541 0.2723205615826004
transition 23 0 79 -0.6917999271865662 0.12047409611319099
transition 23 0 93 0.9249799340037177 0.08586558778283916
transition 23 0 22 -0.08855930506079512 0.3560949039418283
transition 23 0 36 0.992357065521493 0.43756541216214156
transition 23 1 50 0.5921773297644437 0.12883221767664188
transition 23 1 63 0.20291291116783317 0.04156002660288984
transition 23 1 13 0.49258076716133425 0.5056072682664418
transition 23 1 11 -0.8193233607451285 0.3240004874540265
transition 23 2 79 0.4414570057663849 0.11151835411754987
transition 23 2 88 0.025373092958710597 0.27679881742829016
transition 23 2 69 0.29907863331432893 0.2880256093586185
transition 23 2 75 0.7880046790694306 0.32365721909554146
transition 23 3 44 -0.4885355733858574 0.2039437384638327
transition 23 3 9 -0.07644922167063051 0.12048154932023995
transition 23 3 55 -0.9367563233206557 0.03730106115662937
transition 23 3 51 0.2774418287325062 0.008937224803247101
transition 23 3 42 -0.767300457053099 0.6293364262560509
transition 23 4 96 -0.8145408170138426 0.4899411113100461
transition 23 4 13 -0.825073132941545 0.37327728495182255
transition 23 4 51 -0.9366205379560173 0.13678160373813134
transition 23 5 27 -0.4092005782003263 0.31943419574641096
transition 23 5 34 -0.7964173886920267 0.11797429256590532
transition 23 5 93 -0.9167723109000254 0.10749708705790006
transition 23 5 31 0.8903903475957404 0.1148786364735116
transition 23 5 67 0.9183281417183038 0.340215788156272
transition 23 6 9 0.2758508742394763 0.6049207627507636
transition 23 6 13 0.4504928564978319 0.3950792372492364
transition 23 7 88 0.05024955212922588 0.024770199383728687
transition 23 7 73 -0.8940676358530095 0.37566307425786577
transition 23 7 32 0.5688122036582555 0.38333501703029627
transition 23 7 36 0.7818345802389497 0.18023017954911646
transition 23 7 22 -0.8510937053289598 0.036001529778992826
transition 23 8 24 -0.0715582066041125 0.11299165227336447
transition 23 8 55 -0.32760585265233555 0.15919601609296674
transition 23 8 35 -0.9895018738932904 0.07650256329553165
transition 23 8 41 -0.783774010196512 0.30122971452121816
transition 23 8 61 0.5622918773303338 0.35008005381691903
transition 23 9 56 -0.9482063995825305 0.5630096922570803
transition 23 9 59 0.7576188021780577 0.43699030774291964
transition 23 10 57 -0.38073143140807564 0.2515697309334546
transition 23 10 78 -0.8824379484406379 0.4424015279128239
transition 23 10 6 0.19408507489573656 0.09562061738999998
transition 23 10 37 -0.6899626984812484 0.21040812376372162
transition 23 11 32 0.012450035282138172 1.0
transition 23 12 14 -0.6942539539763679 0.40185140981961437
transition 23 12 99 0.04542223080613739 0.3624164509015072
transition 23 12 85 0.5022649705561639 0.20713584068964283
transition 23 12 28 0.9050808747973327 0.02859629858923566
transition 23 13 85 0.7948681624804466 0.569037213676551
transition 23 13 33 0.6302087429653416 0.07902862516492308
transition 23 13 39 -0.3064182198433907 0.35193416115852594
transition 23 14 45 -0.6744398159537535 0.7589104805587796
transition 23 14 13 -0.7569710659158577 0.24108951944122023
transition 23 15 3 -0.8824401853578403 1.0
transition 23 16 88 0.8434857267470326 0.11305762669224462
transition 23 16 6 -0.20013354658295568 0.8869423733077554
transition 23 17 12 0.7675909782767616 0.2074187364002418
transition 23 17 18 -0.9487404022477528 0.7925812635997582
transition 23 18 51 0.5600052570379681 0.23706004515413392
transition 23 18 17 0.716148224969891 0.3018825058567322
transition 23 18 34 0.541577719453167 0.09187974331156468
transition 23 18 58 0.8959509993219696 0.36917770567756913
transition 23 19 31 -0.337265031134808 0.2652385644244313
transition 23 19 6 -0.07184016518254555 0.09230740731726293
transition 23 19 61 -0.8283146502858472 0.21227002772177062
transition 23 19 7 0.6840405768104623 0.20295812972413635
transition 23 19 36 -0.07856775725968346 0.22722587081239884
transition 23 20 15 0.8311977021899204 0.23374977794911359
transition 23 20 11 -0.14662234880134517 0.2136807944707323
transition 23 20 24 -0.3184136085908713 0.27503238646158146
transition 23 20 46 -0.2725905534502917 0.27753704111857264
transition 23 21 12 0.642760498596072 0.10068163178385635
transition 23 21 94 -0.21830264220466722 0.3213872028930459
transition 23 21 5 -0.545199689133228 0.5219655521347627
transition 23 21 47 -0.6762063569693195 0.055965613188335026
transition 23 22 68 -0.2174419702880499 1.0
transition 23 23 17 0.5012521139544939 0.27124357631858004
transition 23 23 38 -0.6416638943071642 0.3028747369569447
transition 23 23 86 -0.899239746990022 0.05222232408244913
transition 23 23 16 -0.49059204397691536 0.373659362642026
transition 23 24 26 0.01985936316582748 0.21421535593759694
transition 23 24 53 -0.7164584380265022 0.08791693956332222
transition 23 24 55 0.32238525570474574 0.26413070936369587
transition 23 24 75 -0.8178571873464429 0.29861716392711846
transition 23 24 19 0.7412702030086491 0.13511983120826657
transition 24 0 24 0.774547615375152 0.046418934677020095
transition 24 0 96 0.005521413130149977 0.07304175053580497
transition 24 0 9 -0.7140797846240368 0.8441173914219812
transition 24 0 0 -0.45748535091491105 0.036421923365193766
transition 24 1 80 0.5171020181020141 0.5137259941309041
transition 24 1 78 -0.44920715769262576 0.48627400586909586
transition 24 2 40 0.7837327033976427 0.3705693511793926
transition 24 2 9 -0.8870665719920954 0.021395491173607773
transition 24 2 91 -0.8842549381053675 0.3708534759655235
transition 24 2 29 -0.2240610099055318 0.23718168168147621
transition 24 3 41 0.6086300570968994 0.05103273905285642
transition 24 3 37 0.45973035001523765 0.9489672609471436
transition 24 4 7 -0.6883544031431696 0.762017885454254
transition 24 4 39 0.527362738002416 0.23798211454574597
transition 24 5 51 -0.03984654011450495 0.17808273597628851
transition 24 5 75 0.3281627030026282 0.23788680095556916
transition 24 5 24 -0.18527240773431108 0.15668318234530584
transition 24 5 99 -0.242341528825758 0.42734728072283645
transition 24 6 25 -0.15615941263608524 0.5133927919744304
transition 24 6 44 0.036290467508313995 0.4375429588814049
transition 24 6 15 -0.31637599762163027 0.049064249144164636
transition 24 7 91 0.007213807086774882 0.06172794405579432
transition 24 7 73 0.8040622348303232 0.2887428608751606
transition 24 7 57 -0.3139257523600161 0.649529195069045
transition 24 8 73 -0.4177998902097877 0.48352795236629703
transition 24 8 78 0.42795637977970724 0.10909930473304298
transition 24 8 21 0.15380006812526203 0.2386878961365033
transition 24 8 40 -0.15033226010315737 0.1686848467641568
transition 24 9 28 0.12026850748141271 1.0
transition 24 10 85 0.6863998721652462 0.27717202325163803
transition 24 10 4 -0.4567428798717308 0.1550966565635183
transition 24 10 45 0.7857058686996943 0.19755141273372917
transition 24 10 3 0.7086025863800147 0.1379463442365624
transition 24 10 86 -0.711390498008367 0.23223356321455202
transition 24 11 30 0.3328264745691847 0.25548750495460376
transition 24 11 9 0.382407879194679 0.3039539033203027
transition 24 11 43 -0.45420676334169996 0.13254349527721518
transition 24 11 12 -0.8680872025130082 0.014365149079875053
transition 24 11 17 0.9068071636595654 0.2936499473680033
transition 24 12 13 -0.6128349479464921 0.24712170406862496
transition 24 12 51 -0.9019437057055049 0.09920952596316542
transition 24 12 87 -0.03334044273967374 0.10583771576528397
transition 24 12 45 0.6983322371533378 0.28318702976725024
transition 24 12 80 0.518346047124645 0.2646440244356755
transition 24 13 99 0.06885591385528023 0.06202467044453787
transition 24 13 20 0.11250470432122994 0.12769510720949442
transition 24 13 0 0.2195877979695704 0.500278366834796
transition 24 13 94 0.5601468318248428 0.3100018555111717
transition 24 14 6 -0.8756528921691389 0.528534651938836
transition 24 14 78 -0.5045272509963514 0.4714653480611641
transition 24 15 92 -0.17608934696394596 0.025220178960002882
transition 24 15 41 -0.7303762716767841 0.20872359645739633
transition 24 15 61 0.7846128827348715 0.1728342689646219
transition 24 15 66 -0.11395508808027266 0.2603326515879906
transition 24 15 15 -0.2185043942058673 0.3328893040299883
transition 24 16 76 -0.44517771749698065 1.0
transition 24 17 18 0.640678312680256 0.07499800853121401
transition 24 17 66 -0.9439355878733744 0.04152903333535499
transition 24 17 1 -0.08655667033169046 0.31072097259922743
transition 24 17 82 0.7110058982623353 0.31439016817528254
transition 24 17 48 -0.46252648584769385 0.2583618173589211
transition 24 18 62 0.4785290648001237 1.0
transition 24 19 85 -0.1766032302318774 0.20859027858005594
transition 24 19 25 0.9615185356901785 0.45025025619481635
transition 24 19 18 -0.6598344874380981 0.3411594652251278
transition 24 20 10 0.41202222581817005 0.26909770731988353
transition 24 20 11 -0.05190343121782948 0.08900568357384601
transition 24 20 49 0.3536391668242016 0.24555868005828677
transition 24 20 38 0.27446180928485964 0.3963379290479837
transition 24 21 96 0.36826222861456626 0.7375093073800684
transition 24 21 61 -0.8614319339902035 0.2624906926199317
transition 24 22 95 0.7844693140286627 0.41289442095779044
transition 24 22 52 -0.9957606791051055 0.5871055790422095
transition 24 23 12 0.8872006260221919 1.0
transition 24 24 92 -0.7950602502926281 0.818423093220584
transition 24 24 85 -0.7649565972772938 0.1815769067794159
transition 25 0 93 -0.817123404617494 1.0
transition 25 1 52 -0.32836311115291594 0.5612672204912776
transition 25 1 99 -0.05394553372138877 0.4387327795087223
transition 25 2 68 -0.1545967080989079 0.11970359568946462
transition 25 2 59 -0.6385782105610882 0.22880966644247583
transition 25 2 92 -0.4231528534803124 0.22002818337973426
transition 25 2 46 0.6321843477737239 0.05587210360986835
transition 25 2 57 -0.44155888807236554 0.37558645087845693
transition 25 3 57 0.00697035116333411 0.11731408310372116
transition 25 3 93 -0.6106633130722923 0.44391389798629466
transition 25 3 36 0.8281328164649777 0.4387720189099842
transition 25 4 93 -0.05684211358193991 0.1501376531709855
transition 25 4 88 -0.8836227377332404 0.09098590387391807
transition 25 4 75 -0.12833326781764254 0.4055892229883559
transition 25 4 62 0.338069385836677 0.14106224987455748
transition 25 4 70 -0.8890218050784289 0.212224970092183
transition 25 5 45 -0.45992700821878163 0.2681753623530733
transition 25 5 87 0.7498413234179728 0.08969704656997629
transition 25 5 63 -0.5116624461639891 0.18396340150041424
transition 25 5 58 -0.27697366168297366 0.23290003804753615
transition 25 5 23 -0.8641793786854479 0.225264151529
transition 25 6 11 0.43787914803656514 0.06591596487363653
transition 25 6 29 -0.43831754040078885 0.0486953378335099
transition 25 6 90 -0.6486709359358529 0.5251837416451425
transition 25 6 48 -0.6784856116871112 0.36020495564771104
transition 25 7 60 -0.5910176646223539 0.12736244323763934
transition 25 7 77 0.9580614856292777 0.36757128635958447
transition 25 7 23 -0.008958355845355204 0.5050662704027762
transition 25 8 91 0.9973897818451278 0.5105333196862485
transition 25 8 14 -0.22701691135552204 0.421776572770294
transition 25 8 27 0.38301258885926526 0.06769010754345747
transition 25 9 7 0.7380504924128075 0.3890616495478058
transition 25 9 49 -0.3106600349028943 0.20373851522343367
transition 25 9 48 -0.38394516284056124 0.23984258655243748
transition 25 9 4 -0.1581459765746378 0.1673572486763231
transition 25 10 82 -0.2601067423824994 0.26747323464172357
transition 25 10 19 -0.26699168639266957 0.2661612934058865
transition 25 10 4 -0.094399850818502 0.18542508851728368
transition 25 10 34 0.22756808821236585 0.28094038343510624
transition 25 11 28 -0.04834668005803944 1.0
transition 25 12 48 0.1504768627989792 1.0
transition 25 13 64 -0.1876357170463887 0.09128700611662971
transition 25 13 27 0.40882322726791 0.3603912261681514
transition 25 13 36 0.5943548258815661 0.3646177676265168
transition 25 13 77 -0.9342612239684271 0.183704000088702
transition 25 14 16 0.9044302045498747 0.3928173838195785
transition 25 14 31 0.38073744341272864 0.04683635613332867
transition 25 14 59 0.17513956619002968 0.19115398688158378
transition 25 14 83 0.7497200484227944 0.36919227316550907
transition 25 15 90 -0.08346301456994709 0.40724211219766104
transition 25 15 92 0.07192106625018546 0.0837990594119547
transition 25 15 17 0.8062939861842344 0.5089588283903842
transition 25 16 82 0.25812123983200297 1.0
transition 25 17 87 0.8084231208647183 0.4666253332395409
transition 25 17 5 0.9329340752845883 0.2871626039314146
transition 25 17 39 -0.5354310079508173 0.21155224805372128
transition 25 17 58 -0.9688554316906686 0.034659814775323206
transition 25 18 41 -0.6189127196044268 0.4292550124271001
transition 25 18 9 -0.19988913914003392 0.44423962283450513
transition 25 18 31 0.99267522893315 0.12650536473839472
transition 25 19 57 -0.864597463974178 0.3201145593972356
transition 25 19 63 -0.9886140443057851 0.403346461671415
transition 25 19 10 0.7664130020662898 0.27653897893134943
transition 25 20 73 -0.6667752280397532 0.12845018852913187
transition 25 20 97 0.5258353602822627 0.06506778588674404
transition 25 20 3 0.5517896238069411 0.3221677343692346
transition 25 20 57 -0.4257209717158188 0.34066672117875324
transition 25 20 36 -0.9584145172402674 0.1436475700361362
transition 25 21 17 0.28275361605035476 0.16498072674227854
transition 25 21 88 -0.9017910316302709 0.27096125749226957
transition 25 21 89 -0.5564218204599818 0.16143399969802877
transition 25 21 4 -0.4968920712893006 0.2274332558140345
transition 25 21 8 0.0881409419524748 0.17519076025338864
transition 25 22 49 -0.5473304753815398 0.17390205346336393
transition 25 22 58 0.11756881117634865 0.826097946536636
transition 25 23 8 0.4551890951060602 0.47282692768258955
transition 25 23 61 -0.9267752782452607 0.5271730723174104
transition 25 24 45 0.05364777383877262 0.2788094747451478
transition 25 24 61 -0.806725703588163 0.15809874621447093
transition 25 24 43 -0.488371500075204 0.026210398085673103
transition 25 24 10 0.8637480594257807 0.23562485745631542
transition 25 24 60 0.050982920211233296 0.3012565234983928
transition 26 0 96 0.32028821192956825 0.3288386760802859
transition 26 0 6 0.5028208534205714 0.46604871880920856
transition 26 0 90 -0.8731611508768811 0.04642249465852886
transition 26 0 27 -0.4626125944395836 0.1586901104519767
transition 26 1 69 0.9455141508107603 0.5788813623139647
transition 26 1 83 -0.0595722502622813 0.4211186376860353
transition 26 2 50 -0.05331795320382815 1.0
transition 26 3 7 -0.15417425105394078 0.1113828083527285
transition 26 3 62 -0.9956765574884867 0.3809972924033839
transition 26 3 54 -0.9479706494117766 0.16697536484973016
transition 26 3 25 -0.10528837594675955 0.34064453439415737
transition 26 4 81 0.036073312426178505 0.2256761664349174
transition 26 4 87 0.925149631580038 0.3053346927775492
transition 26 4 58 -0.21944256873579615 0.4689891407875334
transition 26 5 82 0.39488226101424884 1.0
transition 26 6 20 0.22648385849406494 1.0
transition 26 7 95 -0.5539470073874437 0.31325991441292816
transition 26 7 14 -0.41800173013040354 0.10155318642465909
transition 26 7 92 -0.40701409981238834 0.2673200394366065
transition 26 7 39 -0.5384074793547076 0.3178668597258062
transition 26 8 88 0.9195748355818798 0.3323532667530906
transition 26 8 63 -0.5240022882028001 0.32376151802941455
transition 26 8 24 0.19893197371247062 0.014362853033194227
transition 26 8 64 -0.5030396643585358 0.3295223621843006
transition 26 9 2 -0.048152783907839725 0.12849695303653022
transition 26 9 86 -0.9707137275419364 0.28268510400233854
transition 26 9 7 0.7791610313091395 0.38735161068404644
transition 26 9 84 -0.24980449727449572 0.03371299287377036
transition 26 9 62 -0.0737709373043054 0.16775333940331438
transition 26 10 58 0.8217584809531986 0.48699047588625877
transition 26 10 7 0.6183050528242304 0.2771905787762919
transition 26 10 6 0.3782063094825754 0.23581894533744935
transition 26 11 6 0.41565518809399116 0.004241754739654541
transition 26 11 12 -0.37975323991756893 0.46422583668440004
transition 26 11 96 0.5863070103224042 0.4625345733532682
transition 26 11 45 0.9224979001829869 0.06899783522267719
transition 26 12 85 0.2421416061445707 0.44782707844794434
transition 26 12 12 -0.45147492634169195 0.5521729215520557
transition 26 13 88 0.7879047254791209 0.32248803337324855
transition 26 13 95 0.3552702016538165 0.3806036882115626
transition 26 13 43 -0.11467905093102071 0.07984259138539485
transition 26 13 52 0.35055774126804073 0.2170656870297939
transition 26 14 86 0.71621480272244 0.031943369632395184
transition 26 14 66 0.20606934890740636 0.4896539338284709
transition 26 14 72 0.7008616294490353 0.24107715154789106
transition 26 14 46 0.70552102458016 0.2373255449912429
transition 26 15 92 0.37387183175327454 0.2127131962312177
transition 26 15 43 0.5966738905786377 0.35209351277311696
transition 26 15 14 -0.7843268575214786 0.4117095197838962
transition 26 15 2 0.04283257393381734 0.023483771211769176
transition 26 16 44 -0.5222572306546323 1.0
transition 26 17 83 0.7595434449265952 1.0
transition 26 18 92 -0.22775962756327206 0.3265652108717017
transition 26 18 17 -0.8010458232156883 0.005909148303785434
transition 26 18 49 0.8184345402501696 0.09974553029433733
transition 26 18 71 0.25400517014672475 0.23620632638136074
transition 26 18 43 0.8158712578097282 0.3315737841488148
transition 26 19 80 0.1528380711324797 0.5879845408194226
transition 26 19 97 -0.9402256990216427 0.2453740171976663
transition 26 19 95 -0.7250026085908376 0.1666414419829111
transition 26 20 83 -0.83033563887844 0.18697222730550184
transition 26 20 35 0.5674156999002726 0.33756026641884657
transition 26 20 94 -0.38784213912216736 0.12371666605655396
transition 26 20 7 -0.8399692854662526 0.29099284519508894
transition 26 20 10 -0.9458631803694857 0.060757995024008714
transition 26 21 28 -0.1483235095066182 0.4105911534479432
transition 26 21 64 -0.34046233952289207 0.16049619607941112
transition 26 21 12 -0.03337048969189893 0.42891265047264554
transition 26 22 9 0.5424466362793485 0.24876439077439413
transition 26 22 73 0.4385680956431388 0.1639105597506247
transition 26 22 22 0.3699023076018366 0.26816224868791166
transition 26 22 49 -0.4153750858418841 0.213416266372484
transition 26 22 31 0.3883075822761157 0.10574653441458552
transition 26 23 14 0.6508990006267081 0.5906280131397457
transition 26 23 65 0.1978067123388103 0.40937198686025433
transition 26 24 8 0.6043246469334391 1.0
transition 27 0 28 0.18617117488485602 1.0
transition 27 1 53 -0.12571387407584167 0.1694420545434606
transition 27 1 71 0.9974136273951266 0.26263292270637273
transition 27 1 24 -0.047617682915090276 0.13317027194674158
transition 27 1 77 0.8936483052941591 0.4129808494227498
transition 27 1 32 -0.09558410192126399 0.021773901380675302
transition 27 2 54 0.19851837651033355 1.0
transition 27 3 8 0.19719552390123796 1.0
transition 27 4 45 -0.04874538408588114 0.7537052997341879
transition 27 4 8 0.3200688061893544 0.24629470026581218
transition 27 5 62 0.24301276182821274 1.0
transition 27 6 60 0.4354097874426819 0.29513380961792757
transition 27 6 91 -0.7600606537924384 0.18916683196638348
transition 27 6 82 0.3397433010316169 0.11435660084754992
transition 27 6 78 0.5670702159436027 0.1974598918792218
transition 27 6 35 0.36402026344701754 0.20388286568891723
transition 27 7 51 0.1714618417296545 0.13341203216808104
transition 27 7 45 0.9445602547315175 0.20226686729927634
transition 27 7 90 -0.27272689812506634 0.6643211005326426
transition 27 8 12 0.528982836543638 0.33353255497531425
transition 27 8 41 -0.9201265841366384 0.6664674450246857
transition 27 9 27 0.08134007806319765 0.10692540705486986
transition 27 9 99 0.8046236492563001 0.029199283393351958
transition 27 9 69 -0.74811880695617 0.3923121031227434
transition 27 9 46 0.0690759232442737 0.29195587137151446
transition 27 9 10 0.5396278515728494 0.17960733505752033
transition 27 10 3 -0.3951228234535811 0.548504700354464
transition 27 10 75 -0.5746624354287437 0.006683965528938533
transition 27 10 33 -0.3663018278465664 0.4448113341165976
transition 27 11 36 -0.7835479842258743 0.06940590480152026
transition 27 11 71 0.27944926839249895 0.23318154119869017
transition 27 11 28 -0.7915066338459098 0.1748977591045172
transition 27 11 98 0.08801601603515197 0.22750885214215097
transition 27 11 6 -0.7763201293594197 0.2950059427531215
transition 27 12 46 0.6734608435301046 0.5175405122976112
transition 27 12 40 -0.25720368023855933 0.4824594877023887
transition 27 13 51 -0.9545839068581397 0.272119530322293
transition 27 13 16 -0.8551238890253463 0.09815077599452662
transition 27 13 64 0.9960675624523474 0.6297296936831804
transition 27 14 37 0.6580895917728864 1.0
transition 27 15 5 0.15085626052743173 0.20432978476000685
transition 27 15 91 0.5403401886188395 0.17660983844210917
transition 27 15 29 0.8054481703581129 0.10974758696954111
transition 27 15 22 0.18920885341633498 0.378052433056024
transition 27 15 76 -0.5318748608346044 0.1312603567723189
transition 27 16 60 0.5559326527561206 0.2297745783428546
transition 27 16 10 -0.4363651337790757 0.085552611291576
transition 27 16 25 0.4722681725040214 0.5958593072289955
transition 27 16 79 0.5742746163465127 0.08881350313657393
transition 27 17 89 0.01572234889350721 0.2658065538736165
transition 27 17 34 0.3326309916819752 0.7341934461263835
transition 27 18 0 0.3764391211739935 0.49266206229044296
transition 27 18 91 0.8664472730141073 0.04576173801620442
transition 27 18 97 -0.7653607166575906 0.38293780782259523
transition 27 18 32 -0.6648600922233863 0.07863839187075741
transition 27 19 42 -0.04133339567542005 1.0
transition 27 20 92 -0.3520694016255628 0.6473475426924462
transition 27 20 88 -0.22519839348197568 0.35265245730755373
transition 27 21 73 -0.5016957219596172 0.03249337496057899
transition 27 21 43 0.18871250901666436 0.8023753726926317
transition 27 21 44 0.848768966926474 0.16513125234678927
transition 27 22 85 -0.13867648584229642 1.0
transition 27 23 98 -0.24895183542330956 0.3204338275203048
transition 27 23 78 0.5796123758518557 0.47237150414206497
transition 27 23 92 -0.4428093367267969 0.20719466833763023
transition 27 24 96 0.21747833659098226 0.41365784126078736
transition 27 24 52 0.9821181847886307 0.3590450239280773
transition 27 24 75 0.41999903274719297 0.2272971348111353
transition 28 0 63 -0.22856245104475814 0.09290728042964636
transition 28 0 72 -0.6882809372524483 0.15420685420631713
transition 28 0 5 0.623627831729874 0.1657922859910985
transition 28 0 31 0.7277149491276074 0.15852606982449546
transition 28 0 8 -0.43094701124534573 0.4285675095484425
transition 28 1 46 0.1370606312731888 1.0
transition 28 2 94 0.4658429052263171 0.9418213442348716
transition 28 2 10 -0.8727250714382817 0.058178655765128345
transition 28 3 85 0.2706222437506851 0.9816979762230407
transition 28 3 92 -0.8445617373734158 0.018302023776959383
transition 28 4 81 0.957821726504251 1.0
transition 28 5 9 -0.9668760112829382 0.024516332407145857
transition 28 5 48 0.5815034787834847 0.03366001282599706
transition 28 5 0 -0.44710226299950806 0.42046964634088596
transition 28 5 91 0.4239271485761813 0.2923918265405552
transition 28 5 18 -0.5374254629263946 0.22896218188541598
transition 28 6 85 -0.921155826647927 0.17809605683326027
transition 28 6 73 0.5093715436622672 0.37062449461689234
transition 28 6 42 0.3496714682046296 0.10980523041169851
transition 28 6 6 -0.11369858533244948 0.2002581825368595
transition 28 6 34 0.23532811255212005 0.14121603560128934
transition 28 7 96 -0.7813352736386723 0.011622534152694106
transition 28 7 92 -0.494250624995924 0.2961798137281855
transition 28 7 37 -0.13465745917492788 0.34143733140154153
transition 28 7 67 -0.8000669024886058 0.26441144100532976
transition 28 7 50 0.2824038910015205 0.08634887971224914
transition 28 8 75 -0.7075448628880194 0.052921315219654014
transition 28 8 17 -0.4065344136987572 0.3112468611191607
transition 28 8 71 0.09930194187368868 0.2529792593724805
transition 28 8 60 0.06557990133317104 0.38285256428870484
transition 28 9 54 -0.6023149955895977 0.6360556425403189
transition 28 9 90 0.2291972520225305 0.3639443574596811
transition 28 10 71 -0.1573620995237619 0.3285968898246702
transition 28 10 64 0.7810982135690399 0.32888927820962804
transition 28 10 92 0.4336336601763089 0.11592069790690546
transition 28 10 11 -0.7032292091023356 0.08925963290948605
transition 28 10 61 -0.12308313806231141 0.1373335011493103
transition 28 11 34 -0.460538436095312 1.0
transition 28 12 52 -0.3946374357028115 0.06766384646393711
transition 28 12 99 -0.45342007792539163 0.9323361535360629
transition 28 13 32 0.0928523141806834 0.12119334245794017
transition 28 13 41 -0.35147577203393254 0.638663276742749
transition 28 13 61 -0.8625899654213942 0.2401433807993108
transition 28 14 31 -0.5605085522074358 0.4641151635462082
transition 28 14 11 0.4705648149829895 0.5229911013850995
transition 28 14 30 0.49114769536697245 0.012893735068692338
transition 28 15 97 -0.6362183803110544 0.12000605064105782
transition 28 15 68 -0.8699029590706016 0.3588042388915868
transition 28 15 23 0.6902244092902732 0.5211897104673554
transition 28 16 79 0.2723104063886892 0.492374124269747
transition 28 16 69 -0.041855967191192445 0.06512521152477585
transition 28 16 75 0.657451296577209 0.28320231987045547
transition 28 16 8 -0.78709648311896 0.15929834433502155
transition 28 17 3 0.8516875595660991 0.5923824348297084
transition 28 17 4 -0.12909996476405206 0.4076175651702915
transition 28 18 14 0.10665879834779468 0.09148946179551912
transition 28 18 77 -0.5654769307209355 0.2450507611574054
transition 28 18 94 0.2006719506357284 0.31836610002284976
transition 28 18 49 0.7562172347393996 0.17692968133794712
transition 28 18 65 -0.2974136937230354 0.16816399568627854
transition 28 19 29 0.08256690409884881 0.4968967797768817
transition 28 19 75 0.0380110396520017 0.5031032202231183
transition 28 20 41 -0.20210655971974845 0.12907014064527486
transition 28 20 26 -0.17509826982342003 0.2658047065801008
transition 28 20 53 -0.08066922764140538 0.26056868181035014
transition 28 20 87 -0.704512523202693 0.25365355492411057
transition 28 20 24 0.45041683972225366 0.09090291604016366
transition 28 21 64 0.9366866403390812 0.2145867549434872
transition 28 21 68 -0.230916708598512 0.18806748173662727
transition 28 21 98 -0.07525070890103547 0.18469065824120065
transition 28 21 16 -0.9965753240866757 0.1513992778225605
transition 28 21 25 0.5454960318357489 0.26125582725612445
transition 28 22 61 -0.007359675284831946 0.2756985548329237
transition 28 22 17 -0.6079621765148433 0.15670270642330095
transition 28 22 48 0.011031606283455009 0.11769377777030494
transition 28 22 45 -0.19830545398348276 0.26956399029630207
transition 28 22 63 0.14040592686844078 0.18034097067716837
transition 28 23 72 -0.7563754661715407 0.08806595413380289
transition 28 23 38 0.05421734777937992 0.9119340458661971
transition 28 24 84 -0.8497433585590712 0.36431674702319716
transition 28 24 13 -0.5337263048427212 0.5954603912982228
transition 28 24 52 0.3106376799016175 0.04022286167857991
transition 29 0 9 -0.6862348743425977 0.21547619892437178
transition 29 0 15 0.2409247220688986 0.1959448275734653
transition 29 0 36 0.40346507434792334 0.5223213731846472
transition 29 0 84 -0.24728710736802095 0.06625760031751571
transition 29 1 96 -0.9892991511389622 0.8052125282280967
transition 29 1 64 -0.812276380978777 0.1947874717719032
transition 29 2 82 0.8176167087759876 0.41960696597325625
transition 29 2 22 -0.11728248290806365 0.22376248677304814
transition 29 2 40 0.8782125491792081 0.3566305472536957
transition 29 3 78 0.2288159052525116 0.41577905859402126
transition 29 3 53 -0.4086916538725427 0.5842209414059787
transition 29 4 50 -0.5349597804174877 0.16895831276413317
transition 29 4 75 0.15045816917720312 0.6383567266085609
transition 29 4 90 0.9504382594553329 0.192684960627306
transition 29 5 8 0.4764146745814386 0.40628887636230726
transition 29 5 23 0.899413639443736 0.5937111236376927
transition 29 6 3 -0.9284442804235811 0.4025279530630625
transition 29 6 36 0.24046103669830443 0.42901889007219585
transition 29 6 38 -0.738735358521657 0.11617966006274914
transition 29 6 66 -0.6766543882353364 0.05227349680199246
transition 29 7 70 -0.41855761695137206 1.0
transition 29 8 45 -0.6073677616575834 1.0
transition 29 9 74 -0.5220198135912952 0.34682202292070324
transition 29 9 3 -0.06680844745826642 0.18680093678769918
transition 29 9 91 0.8909804592245263 0.14373220697455724
transition 29 9 83 -0.2185889410119366 0.3226448333170404
transition 29 10 31 -0.4093001032699426 0.3459235121348379
transition 29 10 40 -0.1934527155462049 0.07477284482014072
transition 29 10 88 -0.21665658332305138 0.37827201335888083
transition 29 10 4 0.33670974534905684 0.20103162968614038
transition 29 11 6 0.5347404775945752 0.42265603607696955
transition 29 11 82 -0.8417147676017229 0.3827648974216811
transition 29 11 7 0.43460827614214637 0.17387327845298708
transition 29 11 66 -0.9725979806479423 0.020705788048362303
transition 29 12 69 -0.8353592821692652 0.09451019145202989
transition 29 12 52 0.7723021894044575 0.06722231736387542
transition 29 12 25 0.5653838094330303 0.1911068762223797
transition 29 12 29 -0.21771551079414975 0.32225186479909257
transition 29 12 15 0.044033314042214666 0.32490875016262244
transition 29 13 81 0.6151828905832781 1.0
transition 29 14 76 -0.6226835086952438 0.11255361611879756
transition 29 14 24 -0.996432381748833 0.08194920828463965
transition 29 14 68 0.17712388548962377 0.36089628016319697
transition 29 14 95 0.8040089127273227 0.4446008954333658
transition 29 15 23 -0.944656383729878 1.0
transition 29 16 36 0.6317374383715599 1.0
transition 29 17 57 0.24755729761330447 1.0
transition 29 18 92 0.8272943469105547 0.4675196735772339
transition 29 18 64 0.47173079919063743 0.5324803264227661
transition 29 19 60 -0.758503391446617 0.0424413626720916
transition 29 19 23 0.8984428324986251 0.4204711720984433
transition 29 19 53 -0.6059561322219817 0.26986748938364274
transition 29 19 9 0.12187880360291414 0.26721997584582236
transition 29 20 20 -0.7091770821520718 1.0
transition 29 21 66 0.4437538844703346 1.0
transition 29 22 89 -0.34400623648255446 0.8382754182477761
transition 29 22 99 0.25298633093833334 0.16172458175222393
transition 29 23 40 -0.964642717624649 1.0
transition 29 24 59 0.3935990694448561 0.8618357023668669
transition 29 24 67 -0.7172287455854183 0.13816429763313295
transition 30 0 65 -0.026956479616439433 1.0
transition 30 1 30 -0.2782634765454419 0.324811049971501
transition 30 1 5 0.7154119373660681 0.1621690502760036
transition 30 1 3 0.7869829924087444 0.3304425917537692
transition 30 1 16 -0.23892242126995722 0.18257730799872626
transition 30 2 26 0.7522905449207213 0.47910072540684534
transition 30 2 41 -0.8337157120966654 0.5208992745931547
transition 30 3 0 0.3440684195811934 0.11188929095291038
transition 30 3 17 0.9651627100095832 0.11923961464279136
transition 30 3 88 0.8199392037160549 0.20656670060602275
transition 30 3 82 -0.3479365384400004 0.26912457839052206
transition 30 3 6 0.4952920773034033 0.2931798154077534
transition 30 4 29 0.7636458149831893 0.06725819004853985
transition 30 4 44 0.41242254424955505 0.1111891271093782
transition 30 4 88 0.05610202644580453 0.3467761842925305
transition 30 4 10 -0.8976701906612943 0.33439825016419816
transition 30 4 71 0.40758445576751967 0.14037824838535323
transition 30 5 88 -0.42214943169095687 0.7495308632695694
transition 30 5 49 -0.31590268633700935 0.25046913673043053
transition 30 6 90 0.8363593779639535 0.4343308416563884
transition 30 6 31 0.44636340031150823 0.12756075575406714
transition 30 6 81 0.3762069666515504 0.4381084025895444
transition 30 7 94 0.31867558221909476 1.0
transition 30 8 93 0.646952956940894 0.47553729873439515
transition 30 8 7 -0.7991761235032373 0.04681221884890483
transition 30 8 46 0.431412928986197 0.4776504824167
transition 30 9 9 -0.06109406714437382 0.24369187427336023
transition 30 9 1 -0.6873509866077145 0.1313317121805509
transition 30 9 90 0.7127157343745376 0.4995545260241585
transition 30 9 88 -0.6147443521184814 0.10036565977853724
transition 30 9 14 -0.9174368490778213 0.025056227743393097
transition 30 10 83 -0.4594562625687548 0.03458823193435986
transition 30 10 56 0.7134706123062773 0.6963827572252361
transition 30 10 52 0.8474687180193343 0.13323162838952946
transition 30 10 60 -0.7456571660138418 0.13579738245087455
transition 30 11 93 0.040438434926590716 0.24892042683260673
transition 30 11 74 -0.8837078724126861 0.045775066335471425
transition 30 11 83 -0.3808720546440665 0.7053045068319218
transition 30 12 64 0.24315247321034938 0.09994186944990299
transition 30 12 79 -0.9348586315776173 0.03782793252480097
transition 30 12 8 -0.2820759583735244 0.3702970568264277
transition 30 12 65 0.26426383968428024 0.3052931883987177
transition 30 12 76 0.402723136504491 0.1866399528001507
transition 30 13 93 0.9506102076920204 0.21747547253289276
transition 30 13 34 0.06249726945157552 0.7825245274671072
transition 30 14 93 0.2651047944275231 1.0
transition 30 15 45 -0.6843233528546171 0.09664694792689478
transition 30 15 71 -0.10632451818936994 0.2711209328744814
transition 30 15 97 -0.012814985308586824 0.3018344428657263
transition 30 15 4 0.020923234002208302 0.21119311436242405
transition 30 15 21 0.6893189577656658 0.1192045619704735
transition 30 16 79 0.5486292838097502 0.4841286429454222
transition 30 16 59 0.4987057206538308 0.07218524823272457
transition 30 16 90 -0.6550955940638286 0.4436861088218532
transition 30 17 28 0.47898521321504806 0.7013960151985911
transition 30 17 36 -0.5362286542587913 0.2986039848014089
transition 30 18 36 0.1873401751706505 1.0
transition 30 19 54 0.21561313968066798 0.5326555200889614
transition 30 19 7 0.7199386458291697 0.46734447991103845
transition 30 20 92 0.2337097560768473 0.3748843639208463
transition 30 20 71 0.23862220824790503 0.12233243038223601
transition 30 20 29 -0.46598637963233025 0.36077954851055033
transition 30 20 32 -0.9517387103933603 0.09103214911555263
transition 30 20 64 0.9002786481213703 0.05097150807081482
transition 30 21 7 -0.1140918673664073 0.04360371905297018
transition 30 21 36 -0.18224462929128582 0.36157100712353996
transition 30 21 31 0.2766717835199801 0.36294454149879063
transition 30 21 59 0.7878313642999795 0.23188073232469925
transition 30 22 72 -0.9740536865531846 1.0
transition 30 23 4 -0.665955739930028 0.44004788637680725
transition 30 23 3 0.09442981297492725 0.048325837222931566
transition 30 23 30 -0.8328165152185405 0.5116262764002613
transition 30 24 60 0.3621964590045721 0.27645306298575206
transition 30 24 59 0.12677778219829183 0.6056127182235169
transition 30 24 69 -0.9583605881971862 0.11793421879073107
transition 31 0 74 -0.6172567760741663 1.0
transition 31 1 80 0.4049472410151316 0.01465334323402073
transition 31 1 38 0.7875264376854825 0.28378486484871773
transition 31 1 6 -0.36337640963565354 0.1300395651011656
transition 31 1 33 0.038037078102078015 0.5715222268160959
transition 31 2 29 -0.6939415051258842 0.16869168672890827
transition 31 2 90 0.7904487826977509 0.15773322987989397
transition 31 2 38 -0.45959860317075196 0.06786399902085233
transition 31 2 95 -0.819058117093797 0.3228518826791223
transition 31 2 72 -0.08651636362010406 0.28285920169122325
transition 31 3 20 -0.6569233189760793 0.07192925323661782
transition 31 3 74 0.30332680632565645 0.20050313911007067
transition 31 3 13 -0.3217354764600926 0.5638541474712953
transition 31 3 45 -0.46457867425497645 0.1343064606606399
transition 31 3 60 0.13857871445886194 0.02940699952137637
transition 31 4 8 -0.18760844705419344 0.6241741071073722
transition 31 4 84 0.7081412418418005 0.3758258928926279
transition 31 5 31 0.7753411030240298 0.05153769757337602
transition 31 5 61 -0.8958551333205076 0.29139907058324316
transition 31 5 30 -0.9917779987199176 0.6570632318433809
transition 31 6 10 0.10782884301610962 1.0
transition 31 7 59 -0.9015857437176973 1.0
transition 31 8 58 0.029104694457984692 0.05835986178126835
transition 31 8 56 0.7499006292012016 0.46154374925737873
transition 31 8 66 -0.27441002162036554 0.006742881585061094
transition 31 8 27 0.9891087767854274 0.17979737332969034
transition 31 8 49 0.8304808692327321 0.2935561340466014
transition 31 9 64 -0.18535417940374166 1.0
transition 31 10 61 0.873279913512127 0.24496288865431262
transition 31 10 96 -0.1865691322757319 0.1590486058193357
transition 31 10 26 -0.3851995969254436 0.28687729136643186
transition 31 10 93 -0.5512904482982028 0.3091112141599199
transition 31 11 76 0.658160639114501 0.36050436871628816
transition 31 11 20 -0.0673730079012842 0.212871076512793
transition 31 11 72 -0.5837992665701563 0.3296178531401732
transition 31 11 74 0.7621837811032597 0.09700670163074566
transition 31 12 32 0.6069371845278 0.10729608074694014
transition 31 12 56 -0.05603034641364979 0.31461496680298623
transition 31 12 76 0.4665964437102019 0.056394479179477854
transition 31 12 43 0.041032211259173446 0.5216944732705958
transition 31 13 71 -0.26972497293845143 0.11728160158092077
transition 31 13 7 -0.08142156934196065 0.2590813530427288
transition 31 13 23 -0.455880623915204 0.5474657382760947
transition 31 13 14 0.8246109489220166 0.07617130710025573
transition 31 14 84 0.8605867706497474 0.2613447963171422
transition 31 14 1 0.3371616985100314 0.23427147515463195
transition 31 14 58 -0.9819511085220831 0.41797074282191615
transition 31 14 79 -0.59116949551244 0.08641298570630981
transition 31 15 19 -0.9424752201227413 0.31413040832684624
transition 31 15 45 0.05739494092776476 0.5901093258043318
transition 31 15 86 0.6726590954003557 0.09576026586882197
transition 31 16 77 0.8824818161267667 0.1302767846711229
transition 31 16 35 -0.8546895784969293 0.3210676867477602
transition 31 16 90 0.3799546120570858 0.05110761633722521
transition 31 16 76 -0.6626711496836832 0.18690955748316654
transition 31 16 13 0.5770448756322535 0.31063835476072504
transition 31 17 97 -0.9727616967702932 0.27440875448940466
transition 31 17 63 -0.753625800292993 0.37513159050032047
transition 31 17 46 -0.6727500389588585 0.3504596550102748
transition 31 18 40 -0.7572479567803356 0.21466013863747666
transition 31 18 3 0.6822356583131097 0.3501683654881732
transition 31 18 60 -0.5536504531768229 0.126834352009722
transition 31 18 52 0.7788257164748125 0.05349273528670135
transition 31 18 22 0.9476588633895917 0.2548444085779267
transition 31 19 67 -0.7981367658748861 0.3933408179860683
transition 31 19 43 -0.6994601515526504 0.002781541620927506
transition 31 19 37 0.2542319188140252 0.24408310255126847
transition 31 19 75 0.024042270962910672 0.3597945378417358
transition 31 20 44 -0.8587171314820397 1.0
transition 31 21 81 -0.2961625041574143 0.10538182431360546
transition 31 21 96 0.31882223326173986 0.36853806623710417
transition 31 21 33 -0.14384931884169472 0.11112366550156164
transition 31 21 40 -0.3635683498742621 0.4149564439477288
transition 31 22 61 0.8336074403417868 0.41442032382608873
transition 31 22 81 0.40238881074175503 0.13288821286946473
transition 31 22 72 0.006801061738139991 0.4502241829064294
transition 31 22 25 0.5517355282021348 0.002467280398017033
transition 31 23 51 -0.9112382837787596 0.15280955518363235
transition 31 23 96 -0.8371224533142319 0.24783723832440438
transition 31 23 67 0.08229781934501501 0.30607857310725134
transition 31 23 56 0.22132661281366484 0.2932746333847119
transition 31 24 2 0.42262992833234425 0.17062350165877715
transition 31 24 39 -0.8643022422897788 0.8293764983412227
transition 32 0 16 -0.9377011233113446 0.175777908391497
transition 32 0 0 0.48143651783021224 0.3011963147490147
transition 32 0 19 0.5566257230431428 0.26734777969990914
transition 32 0 58 0.044092350665495106 0.2556779971595791
transition 32 1 20 0.2122925864016203 1.0
transition 32 2 33 -0.7703772205328034 0.3977582080505304
transition 32 2 51 -0.17835437333917303 0.6022417919494697
transition 32 3 62 -0.5287895681152495 0.41343667760753455
transition 32 3 95 -0.10521564408667827 0.39306269108487274
transition 32 3 76 -0.9196585987802757 0.19350063130759274
transition 32 4 47 0.44015563574565153 1.0
transition 32 5 8 -0.7004400362798775 0.34212215332184054
transition 32 5 15 0.6630039774911973 0.6578778466781594
transition 32 6 47 -0.9513232019582631 0.45839293527642905
transition 32 6 8 -0.29602533995536495 0.541607064723571
transition 32 7 29 -0.09857091726348144 0.19306001018162747
transition 32 7 44 -0.08572356360956368 0.37081084221280225
transition 32 7 5 0.6507173332703737 0.43612914760557026
transition 32 8 85 -0.37013576349449573 0.06343215140617746
transition 32 8 60 0.44966988286263154 0.17437129836764556
transition 32 8 64 -0.6824472272993332 0.16809697309752827
transition 32 8 56 0.47937658186513943 0.26721076089549095
transition 32 8 90 0.16342628496348377 0.3268888162331578
transition 32 9 58 -0.2139373638385853 1.0
transition 32 10 20 -0.5118996101919342 0.36858220369889994
transition 32 10 92 0.9627337257011517 0.3840041874462383
transition 32 10 82 0.6164357876730275 0.24741360885486172
transition 32 11 39 0.8850897350812519 0.19862411549099002
transition 32 11 5 0.456938923464981 0.27274364481569724
transition 32 11 98 0.8679802998161175 0.21879628730034897
transition 32 11 15 0.6187973694976434 0.3098359523929638
transition 32 12 86 0.05485780537573581 1.0
transition 32 13 60 -0.5211308217521426 0.10375992959653839
transition 32 13 97 -0.9557262644292976 0.3304524806488324
transition 32 13 76 -0.7572558594113878 0.5657875897546292
transition 32 14 21 -0.8010591444831248 1.0
transition 32 15 17 0.2352092237722705 0.43852258890324336
transition 32 15 6 0.8652028046953564 0.5614774110967566
transition 32 16 33 -0.638550737021836 0.5343858397928833
transition 32 16 90 0.5955818772333992 0.2114451891849047
transition 32 16 96 0.3202114636480893 0.254168971022212
transition 32 17 79 0.7546683926069715 0.17057485046660276
transition 32 17 80 -0.38002282279945665 0.1323762383693313
transition 32 17 99 -0.22274622541700717 0.22746620223702033
transition 32 17 26 -0.7343106944798912 0.24029471266054822
transition 32 17 41 0.08310015767934509 0.22928799626649746
transition 32 18 16 -0.2719607073789374 0.2640232480488801
transition 32 18 24 -0.2534814193769006 0.30273688691982514
transition 32 18 82 -0.8687605008896331 0.2888032499066785
transition 32 18 56 0.3858242939190337 0.14443661512461628
transition 32 19 36 0.38288688043303987 1.0
transition 32 20 34 0.46199805095991464 0.20928364580021303
transition 32 20 40 0.923270885346388 0.16330264093117855
transition 32 20 64 -0.7435644673254034 0.21522799637986892
transition 32 20 88 -0.9345905273805684 0.2324928509397107
transition 32 20 48 0.5688389265897416 0.1796928659490288
transition 32 21 92 -0.28001770088170463 0.3239712114852241
transition 32 21 55 -0.6718844966227575 0.1858595989858267
transition 32 21 80 0.3606501205281416 0.1874827629634084
transition 32 21 91 -0.04885286948593004 0.19336641443167543
transition 32 21 3 -0.17103695847060862 0.10932001213386532
transition 32 22 47 0.575281782766426 0.30133535847423465
transition 32 22 59 -0.8636553748144136 0.2887311956984068
transition 32 22 6 -0.9090157653301574 0.2448051220754691
transition 32 22 96 -0.6359325709868666 0.16512832375188952
transition 32 23 5 -0.5351360027746399 0.08966468542946941
transition 32 23 69 -0.6078263158625077 0.366943239385999
transition 32 23 99 0.4799911598208009 0.006513555074461259
transition 32 23 12 -0.4767389350086044 0.17906154118631462
transition 32 23 45 0.8055268309680563 0.3578169789237557
transition 32 24 77 0.9504630573255846 0.4222191513740499
transition 32 24 37 0.46409979809891255 0.5199166968992752
transition 32 24 66 0.007362860990934861 0.05786415172667483
transition 33 0 4 -0.78555053068298 0.21715336226899615
transition 33 0 25 0.082411432964415 0.32525609137428074
transition 33 0 35 0.8390321209871434 0.457590546356723
transition 33 1 59 -0.29841826090480983 1.0
transition 33 2 79 0.2836615643407454 0.02494892418139484
transition 33 2 6 0.47915389257644314 0.9750510758186052
transition 33 3 89 0.2750683297521159 1.0
transition 33 4 30 -0.14984206564662084 0.5201673026401412
transition 33 4 51 0.42290807312960665 0.47983269735985873
transition 33 5 40 0.17197542706827718 1.0
transition 33 6 75 -0.3655813498908289 0.6052289918534336
transition 33 6 40 -0.28927844870444597 0.39477100814656635
transition 33 7 3 0.49823153651182794 0.6390867037493498
transition 33 7 68 0.19898959589000498 0.3609132962506501
transition 33 8 33 -0.4746026093857776 1.0
transition 33 9 38 -0.6623572697041811 0.1246207433997933
transition 33 9 78 -0.6478393547264587 0.48926873641144714
transition 33 9 30 -0.3799431935027 0.38611052018875963
transition 33 10 76 -0.9823554252760192 0.2811863775434451
transition 33 10 68 -0.4393709658597653 0.18482571035892084
transition 33 10 36 -0.04294259520175703 0.13140596366390764
transition 33 10 93 -0.1668010082553273 0.18377084831161644
transition 33 10 0 -0.834247515977095 0.2188111001221099
transition 33 11 80 0.9109377087835424 1.0
transition 33 12 36 0.8292554960580265 0.08389062280702188
transition 33 12 45 0.8928050818481796 0.7492192991509807
transition 33 12 25 0.12360849248221739 0.1668900780419975
transition 33 13 78 0.588670519791902 0.39752822047072905
transition 33 13 47 0.2677153586301926 0.129084174179548
transition 33 13 88 -0.4045546653909373 0.17211320566456165
transition 33 13 27 0.2404706268371044 0.138524509647792
transition 33 13 25 0.47285238171571375 0.16274989003736934
transition 33 14 52 -0.21492496110838566 0.30847614465336914
transition 33 14 25 0.4682261447586047 0.6915238553466309
transition 33 15 8 0.4419805588761698 0.1384542708786296
transition 33 15 84 -0.35805554111275995 0.8615457291213704
transition 33 16 91 -0.8186241551358386 1.0
transition 33 17 4 -0.3271541660915329 0.33065007794009466
transition 33 17 80 0.8948561040343936 0.31526418380369126
transition 33 17 93 -0.806462003581065 0.19464736565437327
transition 33 17 11 0.7229933965215323 0.06994741773379859
transition 33 17 59 0.4199619715419247 0.08949095486804215
transition 33 18 90 0.22792076955921958 0.595600374650584
transition 33 18 94 -0.6146911859584572 0.40439962534941604
transition 33 19 75 0.3064510142153165 1.0
transition 33 20 6 -0.9276933658063642 0.42040390700675145
transition 33 20 75 0.7828442693558404 0.1682385818029376
transition 33 20 69 0.04264423521821348 0.4113575111903109
transition 33 21 60 -0.1371914040056461 0.303883940620987
transition 33 21 10 0.4759979277314359 0.15089145215177743
transition 33 21 93 0.4263732294001348 0.4238836226950211
transition 33 21 74 0.39208104859276727 0.025856733193345683
transition 33 21 6 0.4800514509432303 0.09548425133886873
transition 33 22 37 0.8844701564348134 1.0
transition 33 23 91 -0.12806796407785326 0.18704663852533146
transition 33 23 59 0.3331745550555265 0.6694839429735333
transition 33 23 4 0.29698346793665875 0.14346941850113526
transition 33 24 83 0.5780416267507775 0.5941856077013083
transition 33 24 30 0.21337334460819113 0.40581439229869165
transition 34 0 54 -0.7720923958130612 0.09884758956837739
transition 34 0 28 -0.5479765075139695 0.0007200348739884551
transition 34 0 90 0.8731670559041984 0.6533581820444384
transition 34 0 22 0.08597893984592075 0.13336191871163264
transition 34 0 47 -0.21856853172142499 0.11371227480156317
transition 34 1 90 -0.9374034967030496 0.21894453553999854
transition 34 1 30 0.5357451612148705 0.26339998730856773
transition 34 1 33 0.45723794639410364 0.18837147298633403
transition 34 1 15 -0.3822807971184057 0.15486004464447678
transition 34 1 85 -0.8076648831464981 0.17442395952062287
transition 34 2 3 0.18603225297314174 0.15735276774825985
transition 34 2 10 -0.3221107947673394 0.26328717663286616
transition 34 2 7 0.16053410637805987 0.24366578992046056
transition 34 2 17 0.10305079135080808 0.15937720356390878
transition 34 2 80 -0.8194332924014562 0.1763170621345046
transition 34 3 11 0.9921953821024676 1.0
transition 34 4 86 0.47440842542466655 0.5955757150676301
transition 34 4 34 -0.6050436878604888 0.40442428493237
transition 34 5 85 0.7949766643891818 0.2051770870258302
transition 34 5 93 0.18292521357239022 0.2734421945472618
transition 34 5 37 -0.8859568682944035 0.07781710227579934
transition 34 5 59 -0.28704052742144803 0.4435636161511085
transition 34 6 43 -0.9846381942062967 0.31724015758646845
transition 34 6 40 0.8297350543335846 0.14697258949346448
transition 34 6 32 0.18386849977192843 0.09100960857626508
transition 34 6 66 0.7684495038327535 0.444777644343802
transition 34 7 65 -0.4446494299121668 0.2986161664822224
transition 34 7 19 0.5851008414936629 0.23096156764331105
transition 34 7 35 0.38195694468653385 0.47042226587446656
transition 34 8 15 -0.130507642761591 0.4657517290006657
transition 34 8 31 -0.26604225823556704 0.21715384616194136
transition 34 8 30 -0.39898252417616575 0.07283497605629716
transition 34 8 85 -0.18039133752115255 0.004213153498747678
transition 34 8 98 0.8688551194267453 0.2400462952823481
transition 34 9 31 -0.7643060101804773 0.391270263430373
transition 34 9 58 -0.748804438440293 0.41909108060214934
transition 34 9 69 -0.7390279768489476 0.03790283141889308
transition 34 9 93 0.2704632779483558 0.15173582454858453
transition 34 10 77 0.34841267687926414 0.4625997409982541
transition 34 10 60 0.8795232013270009 0.5374002590017459
transition 34 11 40 -0.017804387021574497 0.8210320094673309
transition 34 11 30 -0.40064744879407344 0.17896799053266904
transition 34 12 37 0.06738585311326517 0.22018672454865454
transition 34 12 97 -0.058771243679601515 0.38027152127005687
transition 34 12 38 -0.7690163283622702 0.22521565095783508
transition 34 12 72 0.946797876051138 0.17432610322345352
transition 34 13 54 -0.8858088052939423 0.7919330918725667
transition 34 13 80 0.10282501915319409 0.0766416916906595
transition 34 13 66 0.3984721827794786 0.1314252164367738
transition 34 14 49 0.4199893519879494 0.3895176056624058
transition 34 14 16 0.11585827804325888 0.6104823943375942
transition 34 15 93 -0.7440624284429422 0.23975458064927616
transition 34 15 83 -0.972184792249758 0.26135032216870896
transition 34 15 79 -0.5666964853529339 0.4988950971820149
transition 34 16 10 0.6858065500388593 1.0
transition 34 17 55 0.2372112666497379 0.16341306457851917
transition 34 17 15 -0.02205003706142361 0.270444509523539
transition 34 17 90 0.7148630746444236 0.04803607388136655
transition 34 17 46 -0.9581611510252657 0.19901732450987591
transition 34 17 43 -0.08901250538638239 0.3190890275066995
transition 34 18 14 -0.19968263307074996 0.22525554714811485
transition 34 18 67 0.42729982059920424 0.08222897022381054
transition 34 18 92 -0.025147358196889513 0.40162536050487085
transition 34 18 78 -0.43511406911525574 0.29089012212320375
transition 34 19 58 -0.47543480777952496 0.26414784852337253
transition 34 19 74 0.5410282335019656 0.5365712154963226
transition 34 19 65 0.118231814216053 0.19928093598030494
transition 34 20 53 -0.03186953079114874 0.41848521095260693
transition 34 20 56 -0.5955028268599436 0.01804310017164062
transition 34 20 48 -0.8154631131427572 0.5634716888757525
transition 34 21 16 -0.7854739564642039 0.0800874072631733
transition 34 21 69 -0.07849884948326635 0.025110065638677452
transition 34 21 43 0.14289786514839076 0.4715052377212923
transition 34 21 27 0.2781709978840312 0.1939030836301945
transition 34 21 0 -0.09464942144432054 0.22939420574666236
transition 34 22 87 -0.6537485771665912 0.27752715233364256
transition 34 22 10 0.0019344365774482952 0.5038965706270364
transition 34 22 36 0.32894536713286904 0.014983565306359949
transition 34 22 55 -0.04785715312708616 0.20359271173296115
transition 34 23 27 -0.4635970785506893 0.8726118711205846
transition 34 23 59 -0.14617099076531126 0.12738812887941545
transition 34 24 2 -0.6480524339241784 0.24873910572788577
transition 34 24 87 0.7639152813802836 0.20563193126823434
transition 34 24 98 -0.17859182174215293 0.5456289630038799
transition 35 0 61 -0.3695053045951313 0.6057214378078033
transition 35 0 92 0.020198782174179142 0.27626250543927655
transition 35 0 58 0.2583878239759829 0.1180160567529202
transition 35 1 62 0.13872166692129873 0.2762410776675973
transition 35 1 83 -0.9391486970436036 0.11007783044132324
transition 35 1 23 -0.9215266642205786 0.30976511866774253
transition 35 1 51 -0.41119675974745395 0.30391597322333697
transition 35 2 90 0.20068693445902985 0.12193877833457524
transition 35 2 49 0.7069886557014797 0.10572625781094434
transition 35 2 76 0.25705998770382954 0.4008315932456136
transition 35 2 63 0.29786188685099724 0.3437044941485668
transition 35 2 57 0.13561245205999328 0.027798876460299927
transition 35 3 68 0.3316385622462481 0.032683375506555416
transition 35 3 8 -0.2226529836791622 0.2126916850439258
transition 35 3 52 -0.613379201413081 0.5062713107649155
transition 35 3 9 0.8250030737108383 0.10526177962174298
transition 35 3 40 -0.24377947838141956 0.1430918490628604
transition 35 4 57 0.35372994299002447 1.0
transition 35 5 42 -0.35006622737918147 0.18866467702495976
transition 35 5 20 -0.6408615182515354 0.39728380722919937
transition 35 5 6 0.08023509475433488 0.41405151574584087
transition 35 6 7 -0.5984083335616373 0.6128839277291303
transition 35 6 24 -0.8676510179646328 0.3871160722708697
transition 35 7 42 -0.8063383232648869 1.0
transition 35 8 4 0.04945338159239654 1.0
transition 35 9 81 -0.9276414880399138 0.4608833478376112
transition 35 9 82 -0.9540810750882076 0.5391166521623888
transition 35 10 75 0.22203526417977115 0.3793161404543093
transition 35 10 74 0.7510334103643681 0.33539142755336876
transition 35 10 31 -0.9035723252491943 0.28529243199232196
transition 35 11 81 -0.5999780841629316 0.03052742302571822
transition 35 11 45 -0.01521570303126496 0.21043900205820418
transition 35 11 61 0.6583662562319528 0.7590335749160775
transition 35 12 15 0.06345605145348943 0.1814332990475628
transition 35 12 76 0.5165016491374887 0.3917371652395829
transition 35 12 29 0.4213805720403372 0.3958478905340751
transition 35 12 19 -0.7515258294153111 0.030981645178779254
transition 35 13 98 0.842358212326991 1.0
transition 35 14 80 -0.7040509928588741 0.13358559279166726
transition 35 14 30 0.04196039262261975 0.1901853377280962
transition 35 14 29 0.6019994379186255 0.3408095272721449
transition 35 14 56 -0.4566610950274197 0.3354195422080916
transition 35 15 84 0.2695710712912218 0.2913272182636075
transition 35 15 78 0.5747808075731882 0.10821963642223119
transition 35 15 90 0.18531234332920543 0.18327546414748638
transition 35 15 21 -0.3812393312568856 0.31417718421489005
transition 35 15 73 -0.28675260788218093 0.10300049695178483
transition 35 16 2 -0.8084252879841722 0.21924933944042432
transition 35 16 52 -0.37870586228073067 0.43156780433834546
transition 35 16 49 0.6550399283262127 0.133412269183408
transition 35 16 61 0.4429921148196512 0.21485602375311574
transition 35 16 75 0.05721514038953379 0.0009145632847063822
transition 35 17 26 0.16602576425601123 0.1163826230554876
transition 35 17 65 0.9831419730702335 0.33564240570192555
transition 35 17 74 -0.04252196516203122 0.15151770733032083
transition 35 17 40 -0.05207243983660481 0.039293441887506074
transition 35 17 70 -0.9725689629625212 0.3571638220247599
transition 35 18 76 -0.1683921600335776 0.3046986082699103
transition 35 18 67 -0.4385341453088032 0.3117183621521055
transition 35 18 91 -0.8557070460635869 0.247007925954803
transition 35 18 48 -0.12047758386827123 0.13657510362318123
transition 35 19 13 -0.7422597246432829 0.14879293223133555
transition 35 19 38 0.3124343813182078 0.4319139363434292
transition 35 19 44 -0.9806106126162941 0.41929313142523533
transition 35 20 82 0.023159811706378042 0.4095648860212289
transition 35 20 38 -0.5262279801715162 0.28112531723467105
transition 35 20 73 0.6649891705419209 0.3093097967441001
transition 35 21 16 -0.024843722067373175 0.5252891138000216
transition 35 21 67 0.3055261949936525 0.3541998667753574
transition 35 21 48 0.8898176701342955 0.12051101942462104
transition 35 22 75 -0.7945058882132991 0.5050934232244518
transition 35 22 38 -0.027569978666631467 0.1500633164101092
transition 35 22 1 -0.8855261738711389 0.34484326036543905
transition 35 23 43 -0.286510664027815 1.0
transition 35 24 48 -0.85555003619178 0.5451166024634942
transition 35 24 79 -0.8751839089279805 0.4548833975365057
transition 36 0 32 -0.4816271290016656 0.35055273746850496
transition 36 0 6 -0.5752854819899311 0.4692799506984879
transition 36 0 92 -0.3850045725674702 0.18016731183300708
transition 36 1 76 0.7084895594806213 0.6807080847441176
transition 36 1 23 -0.5695820837738605 0.22699648991788177
transition 36 1 34 0.37064326449117124 0.09229542533800064
transition 36 2 88 0.47987932840173886 1.0
transition 36 3 56 -0.9317807564303551 0.08530967683043927
transition 36 3 16 0.4274769137875436 0.11605488793485902
transition 36 3 97 0.02623920241142841 0.19092338148416502
transition 36 3 75 -0.29307557874552415 0.33704022051065435
transition 36 3 26 0.6883536126212115 0.2706718332398823
transition 36 4 63 -0.010763629388233387 1.0
transition 36 5 70 0.3352104852949531 0.42172791357094247
transition 36 5 63 0.2429072190796573 0.13962148109849565
transition 36 5 26 0.17108558877980062 0.41367867136580877
transition 36 5 23 -0.8270961415677351 0.024971933964753022
transition 36 6 60 0.4530141027188377 1.0
transition 36 7 8 -0.29837333566789015 1.0
transition 36 8 60 -0.5348380892154228 0.1864733060501263
transition 36 8 22 0.8118276240329807 0.8135266939498736
transition 36 9 66 -0.300618023323991 0.22300788040462907
transition 36 9 35 0.12489530585567077 0.16629962869457027
transition 36 9 15 -0.7420005604408333 0.14815154522010412
transition 36 9 16 0.9188909771410321 0.22896183849304932
transition 36 9 41 -0.13749877409269362 0.2335791071876472
transition 36 10 93 -0.8434847377873265 0.37517872479624237
transition 36 10 96 0.5930614682135107 0.5594486766861518
transition 36 10 3 -0.5057478807963698 0.06537259851760568
transition 36 11 51 -0.34656640166712793 1.0
transition 36 12 98 -0.3996932429147575 1.0
transition 36 13 13 -0.6296643295304443 0.2102452370116254
transition 36 13 85 0.2798944842569029 0.2504384547866515
transition 36 13 60 0.7450631409641297 0.11809505098661348
transition 36 13 37 -0.9678506633306152 0.15211579614688084
transition 36 13 19 0.8402436775888595 0.2691054610682287
transition 36 14 42 -0.9334340162101142 0.313096699388681
transition 36 14 49 0.18377573561249183 0.33198087554632183
transition 36 14 57 -0.39363705248732606 0.07084136711668723
transition 36 14 4 -0.6200532423396616 0.28408105794831
transition 36 15 75 -0.7210194651729522 0.449881306067868
transition 36 15 53 0.6676710904979328 0.13362745705571116
transition 36 15 68 0.15544039439726354 0.41649123687642076
transition 36 16 59 -0.8337493985334155 0.47580116649783305
transition 36 16 8 0.6600954359996536 0.5241988335021669
transition 36 17 34 -0.6469623562619493 0.332726054584968
transition 36 17 94 -0.7392294802091324 0.30341943648634584
transition 36 17 12 0.06563348086546483 0.0722045026742188
transition 36 17 25 0.6365374852360843 0.22601900363750507
transition 36 17 27 -0.8247721857983725 0.06563100261696225
transition 36 18 37 -0.8350768665053054 0.22883115129740847
transition 36 18 2 -0.34280918454594755 0.13625725406203099
transition 36 18 98 -0.17391175280417137 0.47045373549207375
transition 36 18 20 0.5828963501739934 0.16445785914848676
transition 36 19 26 -0.6161815479235271 0.4347272382148976
transition 36 19 99 -0.6953751161683379 0.46395273501881973
transition 36 19 68 0.7951013842378865 0.10132002676628263
transition 36 20 31 -0.31075312270906297 0.8703266396251415
transition 36 20 40 0.9051007361138002 0.11608764022949163
transition 36 20 47 0.7357918267587651 0.013585720145366907
transition 36 21 14 0.9218622761478401 1.0
transition 36 22 52 0.8689874849076555 0.4654773254412321
transition 36 22 14 -0.0882505464302501 0.15808497965700924
transition 36 22 1 -0.8104828962613178 0.37643769490175866
transition 36 23 71 0.03582416268628941 0.2451606868546514
transition 36 23 43 -0.7445249705953687 0.25869671894830476
transition 36 23 33 -0.8912829292677249 0.10073577346923927
transition 36 23 76 -0.3023501196654319 0.30425591951308295
transition 36 23 66 -0.6972705286242331 0.09115090121472169
transition 36 24 28 -0.16542712721887698 0.09705704355211814
transition 36 24 18 0.7007645441223678 0.18955053373128444
transition 36 24 5 0.10092540519599114 0.23274198873810864
transition 36 24 95 0.4232694062447597 0.2437852608942175
transition 36 24 1 0.41376006173277147 0.23686517308427127
transition 37 0 81 -0.16514898408272471 0.5585127687577811
transition 37 0 2 -0.11359873366225992 0.4414872312422189
transition 37 1 39 0.1706436084667966 0.12987950865549328
transition 37 1 61 -0.02317016213058465 0.17622527363887824
transition 37 1 80 -0.8216742362751708 0.2861780361205749
transition 37 1 87 0.42055698012547005 0.126482054912977
transition 37 1 47 -0.2672210782224904 0.2812351266720765
transition 37 2 20 0.5051591045803674 1.0
transition 37 3 75 0.6077887981476304 0.3893719006061319
transition 37 3 36 -0.779497871777679 0.6106280993938681
transition 37 4 48 0.08986331853745777 0.00473913575819689
transition 37 4 11 0.3614384281491878 0.9952608642418032
transition 37 5 15 -0.5582481128222581 0.3704875141589723
transition 37 5 81 0.8878298824782549 0.16974587471716723
transition 37 5 9 -0.7780076925819219 0.04523758013834478
transition 37 5 13 0.25190571122438943 0.13369706033040504
transition 37 5 66 0.9721451321525918 0.28083197065511073
transition 37 6 91 0.4825339083886697 0.2967306556628932
transition 37 6 59 -0.0720190731158179 0.35735766447074335
transition 37 6 22 0.23174670042149637 0.21840881275980822
transition 37 6 6 0.7080504071494311 0.1275028671065552
transition 37 7 28 -0.16133415856451516 0.13825035832837926
transition 37 7 80 -0.7705284723312624 0.6949313009199042
transition 37 7 53 -0.8546909871025239 0.000375281561401819
transition 37 7 86 0.8174622678817502 0.10141734588363012
transition 37 7 12 -0.08225911364486627 0.0650257133066846
transition 37 8 98 0.2321487321738689 0.5713137077778888
transition 37 8 69 -0.3981744232383213 0.25449971816802974
transition 37 8 26 0.33906530718738304 0.06721917968592142
transition 37 8 75 -0.010613074069980133 0.10696739436816013
transition 37 9 86 -0.4854945789686702 1.0
transition 37 10 49 -0.571494655998303 0.6765973300190787
transition 37 10 14 0.5339903473801872 0.3234026699809212
transition 37 11 30 -0.7933908277927724 0.28797197592214324
transition 37 11 4 0.23126429568835682 0.16930479170031176
transition 37 11 27 -0.8565392865144965 0.22719970970833
transition 37 11 9 0.6556399031239106 0.31552352266921496
transition 37 12 81 0.6452551207811474 0.4338474500670219
transition 37 12 98 0.2168886843759792 0.1919053572204631
transition 37 12 19 -0.3352022435264974 0.37424719271251494
transition 37 13 90 0.5219095382930075 0.20773654506115516
transition 37 13 39 0.509608423691609 0.7922634549388449
transition 37 14 34 -0.6223711492686443 0.20388885787662553
transition 37 14 57 0.6231382502335885 0.15544816918373328
transition 37 14 73 0.8156159046621592 0.13354363143270812
transition 37 14 37 -0.7608312353996796 0.20320610146348414
transition 37 14 20 0.7816531503054891 0.303913240043449
transition 37 15 93 -0.8048496368494782 0.067911430109211
transition 37 15 24 0.7635434846721738 0.038678622686277815
transition 37 15 25 0.5824397634567933 0.8934099472045112
transition 37 16 20 -0.3734224095650647 0.8421366510350847
transition 37 16 21 -0.6004558951064418 0.15786334896491533
transition 37 17 26 -0.428076415163378 1.0
transition 37 18 4 0.5281872835550447 0.27922280461016136
transition 37 18 58 0.6585035508161585 0.24235140212388404
transition 37 18 1 -0.933312575697586 0.21018153009905793
transition 37 18 67 0.4968952753433431 0.18307156878168127
transition 37 18 53 0.984301961667235 0.08517269438521546
transition 37 19 81 0.49933445121748665 0.5987332850952702
transition 37 19 10 -0.8841835383579146 0.4012667149047298
transition 37 20 54 0.6006017189006712 0.7201866687982741
transition 37 20 25 -0.10953101590936298 0.27981333120172586
transition 37 21 69 0.43621800655982224 0.36542209813977183
transition 37 21 43 0.3284449596319483 0.26151344762143575
transition 37 21 81 0.18749026839923655 0.3730644542387925
transition 37 22 56 0.09660737719977508 1.0
transition 37 23 31 0.4785360032487731 0.10173102100050452
transition 37 23 10 -0.055665463700932616 0.3980350429867719
transition 37 23 47 -0.302685980461769 0.15358527263360977
transition 37 23 68 0.7951957845741304 0.34664866337911393
transition 37 24 83 -0.13810270336573738 1.0
transition 38 0 67 -0.914178457996988 0.2291993335581344
transition 38 0 17 0.2698099656254067 0.30792238101213154
transition 38 0 79 0.9856269483958706 0.17122869890438133
transition 38 0 42 -0.031823024701742364 0.06763642941351286
transition 38 0 86 -0.7229188867876435 0.22401315711183983
transition 38 1 67 -0.5428110033143514 0.7604038538523021
transition 38 1 8 0.058107304575468754 0.23959614614769792
transition 38 2 52 0.1523206745555865 1.0
transition 38 3 8 -0.18159320183030947 0.11804997470700551
transition 38 3 58 0.011914222173419198 0.14222692800743544
transition 38 3 38 0.7500752861066291 0.22039198206015795
transition 38 3 44 0.37629810848536316 0.052298135465159976
transition 38 3 5 0.688938350535677 0.46703297976024105
transition 38 4 55 0.05400844004520611 0.055737891140407655
transition 38 4 1 0.7993193922081097 0.3941257014776963
transition 38 4 25 -0.28058801838033753 0.550136407381896
transition 38 5 98 0.5412670575931462 0.7518236056417388
transition 38 5 34 0.5838291246809004 0.0825265357286096
transition 38 5 58 -0.38570024514290013 0.16564985862965165
transition 38 6 27 0.7641828241264546 1.0
transition 38 7 18 0.8252874987655239 0.36400559200310345
transition 38 7 75 -0.3075609050089667 0.24523127239437448
transition 38 7 20 0.7587341581587064 0.07985662650373328
transition 38 7 30 0.02052996099751514 0.1132476238205293
transition 38 7 1 -0.39739742601655337 0.19765888527825953
transition 38 8 62 -0.6846531168414243 1.0
transition 38 9 56 0.5063973934089592 0.5076661715462928
transition 38 9 40 -0.8493017833810927 0.4923338284537073
transition 38 10 2 -0.5418097084536595 0.6106510399300801
transition 38 10 89 0.06432271581644211 0.38934896006992004
transition 38 11 4 -0.6233324123402355 1.0
transition 38 12 5 -0.15324914975827242 0.25625423256047736
transition 38 12 96 0.7062039607586101 0.15795200540589155
transition 38 12 40 0.8660488140077338 0.2629497599202049
transition 38 12 95 -0.8048161340545243 0.26514498399645636
transition 38 12 12 -0.12100933287494908 0.05769901811696988
transition 38 13 90 0.6194360793066667 0.2624034763152901
transition 38 13 49 -0.7556547994227851 0.37450359289536517
transition 38 13 1 -0.5705793906248224 0.3630929307893448
transition 38 14 6 0.1882270888759483 0.1725710704198622
transition 38 14 84 -0.8046578129153665 0.4444299676055536
transition 38 14 40 -0.8359697707683238 0.3829989619745842
transition 38 15 89 0.2608575071798944 1.0
transition 38 16 52 0.4175485379546362 0.5117036128784814
transition 38 16 69 0.5446681973637082 0.4882963871215186
transition 38 17 22 0.8864887296138069 0.24930838078990195
transition 38 17 47 -0.7633337072096207 0.236339954848921
transition 38 17 6 -0.7135461541625858 0.13273607734250056
transition 38 17 29 -0.007908493947348383 0.12552633929891543
transition 38 17 77 0.989150831725736 0.25608924771976105
transition 38 18 5 -0.7210978499804124 1.0
transition 38 19 11 -0.7201427077003015 0.07815335942832714
transition 38 19 94 0.6112028578791244 0.403198194411008
transition 38 19 42 -0.765612222429302 0.1615221213874875
transition 38 19 60 -0.4940714825454451 0.35712632477317724
transition 38 20 19 0.05124978048399664 0.34821593462336703
transition 38 20 95 0.4403254936952288 0.23266510574971122
transition 38 20 82 0.8110638829229955 0.10948805252454548
transition 38 20 16 -0.9140020526427757 0.30963090710237623
transition 38 21 21 0.4164783136659975 0.511838584997289
transition 38 21 92 0.5126463269652339 0.48816141500271093
transition 38 22 56 0.3292314900624014 0.02151733538360422
transition 38 22 49 0.2110528781237746 0.07190564348475115
transition 38 22 93 0.40439827136798345 0.1583041527735487
transition 38 22 0 -0.7026325961466071 0.3301944724428731
transition 38 22 38 -0.8919404638818977 0.4180783959152229
transition 38 23 47 0.013580476223899574 0.47660791855844603
transition 38 23 51 -0.662801711153352 0.0007640766987721535
transition 38 23 72 0.07382384808937781 0.12378347203067556
transition 38 23 40 -0.262228691814522 0.12558507476938213
transition 38 23 7 0.7682821646340716 0.2732594579427241
transition 38 24 43 -0.1606883251777913 0.10955317783677196
transition 38 24 48 0.09910769346342252 0.3297663468590791
transition 38 24 57 0.972663346183346 0.35838233439126044
transition 38 24 91 0.8002941086568913 0.15757993500138578
transition 38 24 56 0.7162977818687926 0.04471820591150279
transition 39 0 68 -0.7402674230772901 1.0
transition 39 1 17 -0.4655288560942261 0.4744577476522786
transition 39 1 85 0.4941082249115283 0.5255422523477215
transition 39 2 2 0.25157992654818506 1.0
transition 39 3 40 -0.9393426087840437 1.0
transition 39 4 18 -0.13137584799763746 0.10670988158313051
transition 39 4 45 0.6159310757969298 0.5550013077429561
transition 39 4 77 -0.01736491571740051 0.3382888106739135
transition 39 5 74 -0.00966834620620971 0.14848211155713162
transition 39 5 15 0.4995660438319469 0.27492700687772975
transition 39 5 99 0.7999289674212022 0.30045740257668596
transition 39 5 90 -0.25223529256066235 0.2761334789884527
transition 39 6 81 -0.1911751477686816 0.3356318856764037
transition 39 6 88 -0.28234742811116953 0.6356547491586926
transition 39 6 72 -0.2293466361166845 0.02871336516490375
transition 39 7 41 -0.5962118043278839 0.595005358934033
transition 39 7 79 0.9864289020639994 0.3160535123293235
transition 39 7 37 0.9852389061110369 0.08894112873664353
transition 39 8 13 0.6830415400783956 0.1486903639085436
transition 39 8 12 0.7763157731643804 0.41584907878184135
transition 39 8 75 -0.5911127621093821 0.16983081399042163
transition 39 8 41 0.03934213226945493 0.26562974331919337
transition 39 9 36 -0.7338136645636744 0.5851026342224005
transition 39 9 11 -0.5361304037869925 0.14832302967175667
transition 39 9 79 0.837553970138827 0.26657433610584286
transition 39 10 90 0.10949930085025583 1.0
transition 39 11 4 0.07230519545757619 0.49174073295725546
transition 39 11 17 -0.3813563280544081 0.2397148449612656
transition 39 11 46 0.20665629556006415 0.26854442208147894
transition 39 12 80 0.2775248689676142 0.4168256790788025
transition 39 12 4 0.2553529798143688 0.1630616839683726
transition 39 12 19 -0.9883334390772893 0.29971280909225145
transition 39 12 70 0.2935043526905443 0.12039982786057342
transition 39 13 80 -0.7700047694071164 0.11854361840072185
transition 39 13 22 0.303119872862998 0.10346361757391612
transition 39 13 58 -0.5710813329105591 0.40935475763979884
transition 39 13 18 -0.7497857541555999 0.3686380063855631
transition 39 14 59 -0.6243418222032417 0.7662574657421687
transition 39 14 78 -0.940520063798306 0.07476085292145715
transition 39 14 10 0.7257494746271671 0.1589816813363741
transition 39 15 6 0.5786790274064206 1.0
transition 39 16 49 -0.8030209259933498 0.8669633933688701
transition 39 16 24 -0.12823431735778157 0.13303660663112996
transition 39 17 44 -0.3584249052237565 0.27964207373174926
transition 39 17 24 0.0802086366550987 0.1489915572335118
transition 39 17 31 -0.7453211145534522 0.18590752174434022
transition 39 17 53 -0.3394875884563353 0.3854588472903987
transition 39 18 4 0.6492738617781397 0.11989515411102827
transition 39 18 56 0.6657365662450372 0.17253679855900733
transition 39 18 51 0.6227195556894358 0.20690877530425184
transition 39 18 74 0.9224103191499018 0.18541387719765304
transition 39 18 77 0.5381171795629354 0.31524539482805947
transition 39 19 51 -0.18934593821500534 0.3537178237561867
transition 39 19 19 -0.14693081459882684 0.31396966190589537
transition 39 19 69 -0.09716697685816844 0.3323125143379179
transition 39 20 14 0.7854197076078606 1.0
transition 39 21 1 -0.3203349718779467 0.05968486039983202
transition 39 21 84 -0.4953204239379607 0.2681458597291408
transition 39 21 16 -0.998538859474386 0.2304203805584065
transition 39 21 43 0.13107862626096312 0.22017905822366615
transition 39 21 41 -0.17742190134812486 0.22156984108895453
transition 39 22 35 0.6080536648503589 1.0
transition 39 23 73 -0.8334329687940185 1.0
transition 39 24 28 -0.33467250686319283 0.1997708692043089
transition 39 24 46 0.6078127130933069 0.07368123182931635
transition 39 24 16 -0.22834332899377907 0.3115215131229093
transition 39 24 70 0.6652422401558968 0.19304553083069836
transition 39 24 38 -0.12774127733910468 0.22198085501276701
transition 40 0 5 0.7388272389507973 0.1135740088120574
transition 40 0 83 0.016046365635360882 0.8864259911879426
transition 40 1 18 -0.30821629769183323 0.6844084906607285
transition 40 1 76 0.3544391837342715 0.3155915093392715
transition 40 2 2 -0.2819314197488696 0.33006012508802157
transition 40 2 75 0.4812350236952023 0.3633412521125222
transition 40 2 69 -0.3706999263435691 0.014453897723922778
transition 40 2 36 0.6601123151638495 0.2921447250755334
transition 40 3 87 0.2934269474223281 0.055548249166133955
transition 40 3 10 -0.728030958208556 0.13222144762370688
transition 40 3 48 -0.15356528405206937 0.19239048912976395
transition 40 3 18 -0.28014253193722216 0.320859649271828
transition 40 3 78 -0.8620669410330144 0.2989801648085672
transition 40 4 41 -0.8626218981708695 0.3852145057950905
transition 40 4 29 -0.7228253463670322 0.5079463996847462
transition 40 4 13 -0.5549282364376051 0.10683909452016334
transition 40 5 78 0.8083339853944949 0.3869137249608751
transition 40 5 19 -0.4614450357961217 0.6130862750391248
transition 40 6 33 0.86608132854392 1.0
transition 40 7 43 0.8691202620890022 1.0
transition 40 8 65 -0.2636146439076894 0.47282602711085664
transition 40 8 27 -0.23571386151334628 0.5271739728891434
transition 40 9 30 0.22149655509228072 0.28523440481588574
transition 40 9 79 0.5479208295111375 0.22370908270796597
transition 40 9 87 0.5094147913320632 0.4910565124761483
transition 40 10 68 -0.24615360962308008 0.039703107995527696
transition 40 10 99 0.08909151215460187 0.3418977830700701
transition 40 10 39 -0.5426978198989818 0.03845684936585532
transition 40 10 95 0.8125062448605223 0.318263087816508
transition 40 10 94 0.30180604231797936 0.2616791717520388
transition 40 11 32 -0.33724896857411846 1.0
transition 40 12 17 0.02607998070355677 0.4031186979766001
transition 40 12 43 0.2742868860047978 0.5034390657052421
transition 40 12 2 0.438147957378171 0.024896402501295888
transition 40 12 96 -0.40355722195280874 0.06854583381686184
transition 40 13 16 0.9681794773330159 1.0
transition 40 14 6 0.6345679801829462 1.0
transition 40 15 89 -0.24051365466733787 0.20145467265705588
transition 40 15 75 -0.8773209918800045 0.25338039479354607
transition 40 15 58 -0.6996024963193981 0.2841472926402561
transition 40 15 97 -0.7145601534964574 0.1226926891937633
transition 40 15 53 0.6599677663664534 0.13832495071537876
transition 40 16 89 0.1358098404588457 0.3338240657076036
transition 40 16 65 -0.4252377569694612 0.574677236924493
transition 40 16 80 -0.09079282501157104 0.09149869736790328
transition 40 17 28 -0.5992596473295397 0.22753590096799955
transition 40 17 56 0.9231272259578294 0.7724640990320005
transition 40 18 1 -0.7511405283582637 0.3774255910508716
transition 40 18 32 0.8835142234128011 0.6225744089491284
transition 40 19 6 0.67800483090694 0.2637544858262251
transition 40 19 1 0.7620895622015138 0.6747661519687529
transition 40 19 0 -0.5847357921398846 0.061479362205021884
transition 40 20 13 -0.8872115613799623 0.044131288889091465
transition 40 20 79 0.1260196880537281 0.3358732490163301
transition 40 20 27 -0.1914711544955976 0.18207419113606635
transition 40 20 56 0.9309213559662914 0.3216073612075046
transition 40 20 31 -0.29795367391050775 0.11631390975100747
transition 40 21 5 -0.9944796838375143 0.1863710481096239
transition 40 21 92 0.6640024532137832 0.3220156684808273
transition 40 21 39 0.6787725059022163 0.09555907973823455
transition 40 21 22 0.6153643540398961 0.39164466472833437
transition 40 21 50 -0.6643792793743044 0.004409538942979804
transition 40 22 61 0.6102483978606255 0.05508992343809536
transition 40 22 23 -0.9760388565971714 0.2665175881847123
transition 40 22 37 0.5440351954525562 0.230473889166073
transition 40 22 78 -0.227639910832804 0.21143323513032874
transition 40 22 24 -0.020477351986929904 0.23648536408079068
transition 40 23 95 0.2688580485452474 1.0
transition 40 24 5 0.05370202700034632 0.0024786279982572743
transition 40 24 53 0.5686778846135523 0.3518468668573244
transition 40 24 51 -0.19658947084357026 0.20629479756052843
transition 40 24 25 0.09168383905818756 0.3890745294328777
transition 40 24 94 0.9002419124572962 0.05030517815101215
transition 41 0 44 -0.6098640463185026 0.39526247589668184
transition 41 0 70 0.3892277869441283 0.0008138163389061665
transition 41 0 57 -0.6183247966229837 0.0072355302199518644
transition 41 0 20 -0.8863362308066685 0.22480639733663346
transition 41 0 18 0.727046329599919 0.3718817802078267
transition 41 1 64 -0.30673770377937815 0.7059102798867521
transition 41 1 54 -0.8190140383076203 0.2940897201132479
transition 41 2 75 0.17522686834291878 0.23466247713632954
transition 41 2 37 0.46783104678566034 0.7653375228636704
transition 41 3 12 0.4500101364257203 0.06515041795116512
transition 41 3 77 0.22808084004842843 0.02268164729226486
transition 41 3 55 -0.24958551996151335 0.45304628474686603
transition 41 3 0 0.6769912376770715 0.18891716118689977
transition 41 3 78 -0.01910454260696448 0.27020448882280423
transition 41 4 79 0.9118246185859826 0.27805582681682534
transition 41 4 75 0.20233519824490198 0.7219441731831746
transition 41 5 68 -0.917613718585037 0.3589661156925192
transition 41 5 35 0.4674911294363353 0.6410338843074808
transition 41 6 6 -0.009094464914339406 0.4571547750981988
transition 41 6 12 0.056603704585164616 0.024800941483570267
transition 41 6 54 0.04717627256179102 0.5180442834182308
transition 41 7 84 0.06643443696747786 0.6057693384501591
transition 41 7 12 -0.7521819674453969 0.3942306615498408
transition 41 8 60 0.41161033933833546 0.5855757447865306
transition 41 8 49 0.5194816494517644 0.1623355614355188
transition 41 8 28 -0.4183388106595114 0.04632305743724312
transition 41 8 24 -0.5960706958298019 0.2057656363407075
transition 41 9 92 0.08734176520680204 0.2651647849119559
transition 41 9 42 -0.03278908177848039 0.38858791104116297
transition 41 9 44 0.67710174668413 0.008545945429662081
transition 41 9 60 -0.5921025657559666 0.156869810356309
transition 41 9 8 0.9447816128715751 0.18083154826091
transition 41 10 33 -0.5724225998855246 0.07807639341092083
transition 41 10 14 0.13154801791221948 0.4834073475576105
transition 41 10 36 -0.19146205753557433 0.390152546376386
transition 41 10 7 -0.6308746571568575 0.04836371265508265
transition 41 11 30 0.3963509147298496 1.0
transition 41 12 86 -0.4159192677838113 0.055207457119847266
transition 41 12 78 -0.0829362610645501 0.300843729428909
transition 41 12 51 0.5413298342036246 0.21114368160514968
transition 41 12 24 -0.8307739579772571 0.1809420828970988
transition 41 12 69 0.43239681428682886 0.25186304894899525
transition 41 13 60 0.2929310264976659 0.2351869545689665
transition 41 13 8 -0.08831586374546885 0.7648130454310335
transition 41 14 95 0.8343281648727257 0.25011531708518187
transition 41 14 61 0.9576160701833087 0.35325034724269366
transition 41 14 37 0.6422785402132207 0.39663433567212447
transition 41 15 25 -0.7885797120493379 0.11257106883660985
transition 41 15 33 0.7317808215949302 0.8874289311633902
transition 41 16 17 0.9140062169102432 1.0
transition 41 17 33 -0.8314887478492472 0.054928611112982216
transition 41 17 97 -0.0927400095680957 0.22368312400973525
transition 41 17 98 0.26176814499509193 0.3573286856655728
transition 41 17 67 0.22329232995550652 0.3640595792117097
transition 41 18 13 -0.3152993795461392 1.0
transition 41 19 40 0.8584321030056683 0.8057471494185166
transition 41 19 4 0.9525458304060985 0.19425285058148342
transition 41 20 49 0.6861641362015571 1.0
transition 41 21 18 0.7701818817552788 0.21518934899047418
transition 41 21 35 0.7005575748779866 0.09510208852770077
transition 41 21 88 0.8960955526663428 0.15978097628722798
transition 41 21 40 0.08629798950051004 0.285811152689441
transition 41 21 39 -0.2098414314757635 0.244116433505156
transition 41 22 29 -0.6879138896953658 0.16420812084026482
transition 41 22 95 -0.37587857685773685 0.3944139813094254
transition 41 22 28 -0.05172041401967786 0.4407904647682966
transition 41 22 4 0.8043488217400898 0.0005874330820131925
transition 41 23 0 -0.3509825691565611 0.17781319028442127
transition 41 23 17 -0.6870861427661994 0.4126219002265566
transition 41 23 22 -0.29991073647108424 0.28882749142902153
transition 41 23 3 -0.8875962805295472 0.1207374180600006
transition 41 24 89 0.9551241793589866 1.0
transition 42 0 15 -0.013430820381130859 1.0
transition 42 1 66 -0.8592298109006482 0.14255879466721721
transition 42 1 37 0.8639700674170687 0.8574412053327827
transition 42 2 38 -0.9108292123013155 0.1862954429959924
transition 42 2 65 0.3868237861135744 0.31048430323621073
transition 42 2 71 -0.7196275341824725 0.5032202537677969
transition 42 3 75 -0.8940134434906397 0.7090775636917779
transition 42 3 0 -0.7859704360891457 0.006320474728027352
transition 42 3 58 -0.6588709012134031 0.2846019615801948
transition 42 4 13 -0.5041920083776907 1.0
transition 42 5 81 -0.8147180057505323 0.15752357686054952
transition 42 5 85 -0.811839568231387 0.24386946454376932
transition 42 5 82 -0.024286499400114403 0.5986069585956811
transition 42 6 43 0.022843019049020086 0.08035493566251975
transition 42 6 83 0.4941850389664315 0.271558753014527
transition 42 6 27 0.6659273272426849 0.005444655710556099
transition 42 6 90 -0.9183972549239401 0.36394880205829555
transition 42 6 63 -0.8767697100860719 0.27869285355410156
transition 42 7 98 -0.686694549624765 0.2583919113795892
transition 42 7 69 -0.5845818370011768 0.026123341376933066
transition 42 7 57 0.4177791849513175 0.0698068272304234
transition 42 7 26 -0.4909096689943808 0.28974472547412694
transition 42 7 25 0.9112363756010622 0.3559331945389273
transition 42 8 50 -0.2196718368806041 0.37359620886784645
transition 42 8 58 0.8245111070565934 0.6264037911321536
transition 42 9 46 0.7123851600709106 1.0
transition 42 10 70 0.6125494579124544 1.0
transition 42 11 66 0.3583465593899502 0.2613475963466615
transition 42 11 41 0.16624369969119224 0.31850983020122625
transition 42 11 42 0.9509989567859101 0.4201425734521123
transition 42 12 58 -0.816621376123347 0.40185851319062516
transition 42 12 3 -0.23598531862792016 0.2917044664210653
transition 42 12 55 0.695694499931214 0.30643702038830967
transition 42 13 0 -0.33370873934605894 0.004325996842393444
transition 42 13 2 -0.04824276027205676 0.297178614828601
transition 42 13 33 -0.43748738313361923 0.2425624823093924
transition 42 13 62 -0.061462739514577924 0.45593290601961317
transition 42 14 15 -0.5185342216075806 0.5394528683006421
transition 42 14 81 -0.33008051336449795 0.460547131699358
transition 42 15 70 0.7581471298493383 0.07817778711579518
transition 42 15 53 -0.06715381665452536 0.24169032996082376
transition 42 15 37 -0.7059876803570517 0.22657340495784162
transition 42 15 57 0.3220657094406141 0.19591820622655598
transition 42 15 68 0.6385198997452093 0.25764027173898346
transition 42 16 72 -0.04104706773505318 0.11957951875891694
transition 42 16 43 0.5534748488231882 0.4782421206208881
transition 42 16 67 0.8013409325938716 0.0308365392557934
transition 42 16 85 -0.12114688841809995 0.3713418213644016
transition 42 17 38 0.29318946958268377 0.10897873232776709
transition 42 17 7 -0.7295631600349641 0.4968851621962296
transition 42 17 57 0.6710770937095873 0.11334788525112809
transition 42 17 1 0.07164729689739957 0.28078822022487526
transition 42 18 85 0.7034338514337404 0.39408094164968416
transition 42 18 38 0.5889740038670186 0.6059190583503158
transition 42 19 1 -0.5680300658245074 0.07732705367784361
transition 42 19 32 -0.779956668897767 0.15781227573336462
transition 42 19 8 -0.06470032339293019 0.37654102343119267
transition 42 19 84 -0.22256063257216474 0.14835639394726935
transition 42 19 72 -0.605853393891556 0.2399632532103298
transition 42 20 29 0.964039012928001 0.1497613932022909
transition 42 20 76 0.5674574834123818 0.2817163188627748
transition 42 20 95 -0.5824371854689847 0.2096953951447859
transition 42 20 0 0.3309973479685262 0.22255113703217416
transition 42 20 90 -0.6421792152489438 0.13627575575797418
transition 42 21 18 -0.3681557986281727 1.0
transition 42 22 45 0.7457877745351766 1.0
transition 42 23 79 -0.7598540234877544 0.09491608501965587
transition 42 23 33 0.6178313580092141 0.5426810361834412
transition 42 23 91 -0.5022617248526622 0.2860409626042183
transition 42 23 96 -0.7870534634777275 0.07636191619268458
transition 42 24 32 -0.2922305509545031 0.2788087427332956
transition 42 24 85 0.8828687120601186 0.391395612277001
transition 42 24 86 0.7670413428915457 0.3297956449897034
transition 43 0 86 -0.4444997577456704 0.07646924305053442
transition 43 0 84 0.5559432249983987 0.04497812232258103
transition 43 0 7 0.10885517817195778 0.3477531040388521
transition 43 0 33 0.04144729652300172 0.42099629702311586
transition 43 0 43 -0.5054997879159362 0.10980323356491657
transition 43 1 42 0.6268332930242766 0.0206294534809385
transition 43 1 44 0.744811486350045 0.4632110849592626
transition 43 1 76 -0.5715028798697166 0.2169342362005571
transition 43 1 69 -0.7165663171196011 0.2992252253592418
transition 43 2 47 -0.43257057910772123 0.30074488049260034
transition 43 2 81 -0.30863783404021605 0.32863869201294305
transition 43 2 91 -0.24974747627150506 0.37061642749445656
transition 43 3 83 0.0935909630928764 0.24108876119355893
transition 43 3 69 -0.9074433823331758 0.10498512312353868
transition 43 3 93 -0.20390409593294878 0.5150983619203843
transition 43 3 54 -0.06197789654690089 0.13882775376251807
transition 43 4 81 -0.362798707599274 1.0
transition 43 5 97 0.040585411065085175 0.40541489559662247
transition 43 5 39 -0.2783452079512292 0.0913458054774173
transition 43 5 23 0.6468916528084776 0.2386440850258748
transition 43 5 45 0.17750056269001813 0.2645952139000855
transition 43 6 22 -0.44577380366194275 0.8006801575541184
transition 43 6 48 0.3308936006572212 0.19931984244588166
transition 43 7 97 0.862542467099298 1.0
transition 43 8 41 0.7623591069027615 0.02688460627493611
transition 43 8 54 0.8090832786837696 0.9731153937250638
transition 43 9 69 -0.38890639713857533 0.021526076331971646
transition 43 9 72 -0.048275705073898445 0.3771004908038581
transition 43 9 13 -0.3504793376658166 0.1886075956508251
transition 43 9 20 0.1850118407680046 0.0007009744269540326
transition 43 9 94 0.7168044677259393 0.4120648627863911
transition 43 10 10 0.28501176541089523 1.0
transition 43 11 21 -0.013392289607225605 1.0
transition 43 12 24 -0.5269390303931827 0.0007385458553258772
transition 43 12 64 0.11276460277392242 0.09369941449481452
transition 43 12 9 -0.4194370264026275 0.6891478930265205
transition 43 12 52 -0.5318315068010886 0.2164141466233391
transition 43 13 44 0.42092591824428105 1.0
transition 43 14 35 0.11416859350422781 1.0
transition 43 15 23 0.8227742250711509 0.46460545453777036
transition 43 15 99 -0.10288697158663584 0.15915653044602224
transition 43 15 42 -0.5411034085444741 0.37623801501620735
transition 43 16 89 0.316684243746026 0.45051139474185176
transition 43 16 21 0.9522607085942165 0.5494886052581482
transition 43 17 31 -0.008663246248760803 0.5449713267856794
transition 43 17 86 -0.47525283290936304 0.45502867321432056
transition 43 18 70 -0.9334549357789799 0.2084730130177049
transition 43 18 34 0.8855145813237566 0.12411692659884249
transition 43 18 39 -0.8225323698118958 0.14259924307087699
transition 43 18 2 -0.6575986612190823 0.2116214613309456
transition 43 18 90 -0.908327168683102 0.31318935598162995
transition 43 19 54 0.5651122687497181 0.396840231672752
transition 43 19 72 0.9394652834999178 0.2960132322382272
transition 43 19 27 -0.7857702326415619 0.10933206165029505
transition 43 19 70 0.13835153297914937 0.19781447443872588
transition 43 20 71 -0.7409595938024638 0.09190369487641456
transition 43 20 49 0.7343336958676545 0.3327354964807478
transition 43 20 42 0.430645679270941 0.5753608086428377
transition 43 21 98 0.13239550003152267 0.36196829314592505
transition 43 21 3 -0.08825086369073198 0.20669856090183694
transition 43 21 58 -0.27623390448107665 0.19329401021817605
transition 43 21 47 0.1428481562550501 0.13572012157146007
transition 43 21 56 -0.6553803363603752 0.10231901416260179
transition 43 22 56 -0.2719797348404469 0.23460397054211682
transition 43 22 19 -0.8742009872619942 0.23040043891543088
transition 43 22 16 0.6394160049846649 0.07022080939307809
transition 43 22 80 -0.34019860473135277 0.18175682374403102
transition 43 22 94 -0.7679541930052327 0.2830179574053432
transition 43 23 21 0.1282605910232344 0.403232800384688
transition 43 23 76 0.6933778906396246 0.2616730582559106
transition 43 23 92 -0.6325911283995087 0.02994593007757532
transition 43 23 94 -0.370104580341843 0.3051482112818261
transition 43 24 14 0.13593013950609656 0.2624578339869885
transition 43 24 24 -0.7966612937221573 0.3168060546438702
transition 43 24 70 -0.025991653670132342 0.4207361113691413
transition 44 0 37 -0.5946238357797335 0.07085066061839007
transition 44 0 52 -0.9718173228309355 0.38221501513479267
transition 44 0 21 -0.8315028920089245 0.17631189171799574
transition 44 0 87 -0.24130565808685622 0.3706224325288215
transition 44 1 23 -0.49106037079115405 0.33010870721645663
transition 44 1 13 0.65268840835555 0.48962248004173253
transition 44 1 93 0.8354679551336235 0.18026881274181084
transition 44 2 47 -0.28869873193911877 0.31504840304167536
transition 44 2 97 -0.9225568707074414 0.05965175034682946
transition 44 2 28 0.3428222822674962 0.2317000113962902
transition 44 2 94 -0.9160988102735301 0.3109630817671456
transition 44 2 89 0.3993696983857906 0.08263675344805933
transition 44 3 20 -0.17882641347696904 0.2340409152011387
transition 44 3 27 0.5942986976631914 0.6026041611592615
transition 44 3 9 0.49782851589087884 0.16335492363959983
transition 44 4 77 0.034139532662042615 0.33794359251804473
transition 44 4 47 0.46774762351353316 0.6620564074819554
transition 44 5 36 -0.11782887202911674 1.0
transition 44 6 5 -0.06907468547789719 0.5315108898798604
transition 44 6 79 0.5250880943427554 0.45330988712307724
transition 44 6 90 -0.2684069721563045 0.015179222997062375
transition 44 7 86 0.7434598657381137 1.0
transition 44 8 13 -0.669487898400092 0.2856260439604235
transition 44 8 77 0.09683520118554534 0.30964626746621393
transition 44 8 3 0.5355107564555015 0.2543860927292973
transition 44 8 71 0.543800293883625 0.15034159584406526
transition 44 9 32 0.9991141632782585 0.371090392018496
transition 44 9 82 -0.9878817801481159 0.6289096079815041
transition 44 10 27 0.24410518298508932 1.0
transition 44 11 5 -0.21653785251872004 0.17445335694150801
transition 44 11 79 -0.16800339043577095 0.35381527875187996
transition 44 11 68 -0.8228421212353851 0.3385675241741165
transition 44 11 44 0.6020672738032047 0.1331638401324955
transition 44 12 20 -0.6936920345702571 0.050082310307351385
transition 44 12 13 0.9385557315864197 0.1985380017707765
transition 44 12 62 -0.36645008827036785 0.3259156136277652
transition 44 12 40 -0.8336141676028737 0.14574049565622654
transition 44 12 9 -0.6851098978828969 0.27972357863788033
transition 44 13 41 -0.16142644849855015 0.2417577683049706
transition 44 13 22 -0.10179356462578415 0.368531967760362
transition 44 13 99 0.02069116990858122 0.12807763915560857
transition 44 13 53 -0.4298775844462406 0.26163262477905874
transition 44 14 87 0.7430464147866136 0.20539740014684663
transition 44 14 90 0.7043988629466476 0.3429308459186056
transition 44 14 10 0.2699947717408413 0.41557587647340055
transition 44 14 37 0.47081118044170345 0.03609587746114718
transition 44 15 65 0.5366902374641054 0.09565270625073466
transition 44 15 80 0.7702899305438582 0.3029669462516324
transition 44 15 45 0.9605638049358163 0.12061333265834785
transition 44 15 66 -0.4314868316761433 0.23821836268691218
transition 44 15 54 0.49450062177908505 0.24254865215237298
transition 44 16 7 -0.8085467885302584 0.37623471967500133
transition 44 16 65 -0.8209451868787219 0.36772262501678604
transition 44 16 85 -0.14803855949431122 0.25604265530821263
transition 44 17 98 0.23861154566532683 0.35152258144434567
transition 44 17 68 0.07355765347976062 0.17050493063481809
transition 44 17 38 0.8544525783266603 0.11307645669818746
transition 44 17 83 0.3663687059223324 0.3648960312226488
transition 44 18 61 -0.9539651405815541 0.29353056942467765
transition 44 18 63 -0.8575702777997716 0.25342204247704175
transition 44 18 65 0.8576706901646953 0.11174903112237518
transition 44 18 29 0.73444645843538 0.3412983569759054
transition 44 19 67 0.005434418390264151 0.024832994810788506
transition 44 19 47 0.374322789286468 0.37212717897425196
transition 44 19 51 -0.44675897325800284 0.6030398262149597
transition 44 20 40 0.7296666133221201 1.0
transition 44 21 31 -0.5891886701955131 0.41205670381329135
transition 44 21 51 -0.471681239706768 0.29118169015614237
transition 44 21 43 -0.6192368026865329 0.20146886846676335
transition 44 21 69 -0.25820256063164826 0.0952927375638029
transition 44 22 4 0.15390743575199783 0.30335368995925155
transition 44 22 59 0.6591072628976695 0.12365903159424817
transition 44 22 6 0.8617996069433942 0.060489998954410935
transition 44 22 73 0.49059582800067414 0.30141702143978877
transition 44 22 76 -0.43303785621465973 0.2110802580523006
transition 44 23 65 0.05640562883675626 1.0
transition 44 24 20 0.01481615229497768 0.293239546553672
transition 44 24 0 0.94527967618301 0.29621865895530275
transition 44 24 63 -0.9512809879992286 0.4105417944910253
transition 45 0 92 0.9061181884741101 0.5585556952275516
transition 45 0 96 0.36199713644803255 0.08125883948890873
transition 45 0 74 -0.24953410017197863 0.3601854652835396
transition 45 1 54 0.0948175277832406 0.32980861842929676
transition 45 1 55 -0.2655731519284703 0.6701913815707032
transition 45 2 27 0.07368665653326945 0.18067444117043238
transition 45 2 99 -0.77660682601425 0.16064295442300405
transition 45 2 75 0.932191135770204 0.42880482686403354
transition 45 2 12 0.15301302137125994 0.22987777754253005
transition 45 3 3 -0.4147823134425215 0.42369078866771487
transition 45 3 59 -0.06322484358236258 0.2019048849811203
transition 45 3 78 0.1703538900744317 0.10428990991075276
transition 45 3 28 0.701755120675744 0.23107527174661796
transition 45 3 72 -0.9749334871476796 0.03903914469379396
transition 45 4 41 0.7951290688434349 0.24541820728728897
transition 45 4 2 0.42800277994091274 0.08822022543480348
transition 45 4 42 0.8930039703365915 0.08114750557476809
transition 45 4 39 -0.8420556193593525 0.5402809866618397
transition 45 4 72 0.43716748697867436 0.044933075041299765
transition 45 5 0 0.7681371088754181 0.049980503621588956
transition 45 5 60 -0.8456820445555395 0.4364944196027461
transition 45 5 31 0.09144817155742224 0.4761225129329912
transition 45 5 82 -0.4975330043365609 0.03740256384267383
transition 45 6 3 0.46551295292144523 0.5435910908303625
transition 45 6 97 0.11365425134533957 0.4564089091696375
transition 45 7 37 -0.6931682682713709 0.8710065495346325
transition 45 7 40 -0.4937212524007617 0.12899345046536748
transition 45 8 96 0.29072083773776325 0.5184670089873299
transition 45 8 63 0.4543249652511414 0.2834443661694721
transition 45 8 61 0.13874295149372906 0.198088624843198
transition 45 9 18 0.2028923688196882 0.03336298059361071
transition 45 9 46 -0.6274534013627471 0.2926151388077803
transition 45 9 30 -0.2314790962758222 0.1616388264965499
transition 45 9 65 -0.425828744554531 0.5123830541020591
transition 45 10 9 -0.49680412933881013 0.5518446856513968
transition 45 10 79 -0.8936269786609208 0.44815531434860323
transition 45 11 1 -0.8751039554828663 0.19454726849767423
transition 45 11 54 -0.5097584421159171 0.274844581108902
transition 45 11 2 0.7070618621166902 0.34135866342176124
transition 45 11 77 0.9147249505709905 0.1892494869716625
transition 45 12 91 -0.017499747630286944 0.5845799102818857
transition 45 12 96 -0.7380193538380837 0.4154200897181143
transition 45 13 12 0.8847282185707515 1.0
transition 45 14 18 0.6803670570785039 0.8781108004280533
transition 45 14 44 -0.564043489711411 0.12188919957194665
transition 45 15 82 0.5163509561348467 0.4606358024439899
transition 45 15 26 -0.6041387401477296 0.026363799772349292
transition 45 15 36 -0.044726810617141455 0.5130003977836608
transition 45 16 47 -0.640550712013346 0.25285186117184877
transition 45 16 86 0.3283954912940228 0.3579545959749913
transition 45 16 32 0.13811189252207923 0.12594798528122986
transition 45 16 39 -0.22350192048646722 0.23517495661648996
transition 45 16 0 0.2152338555638289 0.028070600955440155
transition 45 17 88 0.30403237680480544 0.2735104305550052
transition 45 17 19 0.8478762320504201 0.14552013113577608
transition 45 17 89 0.6971780499021691 0.2592623411789815
transition 45 17 7 -0.9483945750870739 0.18422091524685397
transition 45 17 69 -0.6064787933124072 0.1374861818833833
transition 45 18 57 -0.5730246647272099 0.01941912440714274
transition 45 18 41 -0.7756921515597184 0.6604380840960496
transition 45 18 78 -0.3561248951406262 0.13446869335471962
transition 45 18 85 0.6169875320616374 0.14950737511424103
transition 45 18 40 -0.18444747801875083 0.03616672302784691
transition 45 19 77 -0.14395949203719272 0.15558048008383432
transition 45 19 42 -0.27808575872225605 0.37647592433687227
transition 45 19 13 -0.1964017844103798 0.16443633409085345
transition 45 19 83 0.5523499296373171 0.036462687573357605
transition 45 19 12 0.5248755856785572 0.26704457391508235
transition 45 20 87 0.6956490020052475 1.0
transition 45 21 87 -0.284926451479097 0.1676263522584455
transition 45 21 41 -0.042906499091695194 0.30400078606327446
transition 45 21 45 0.6106420852279026 0.14156808403333943
transition 45 21 2 -0.19158180474054132 0.12073353477956401
transition 45 21 12 0.17889239785337185 0.26607124286537653
transition 45 22 61 0.657490209047302 1.0
transition 45 23 6 0.3681479693427465 1.0
transition 45 24 34 0.9939720468807554 0.18081750549437386
transition 45 24 39 0.09261700845941445 0.38969678750905057
transition 45 24 66 -0.5603776477207987 0.13405470097883473
transition 45 24 7 0.21471373648044634 0.2954310060177408
transition 46 0 3 -0.6757020344377853 0.6572303491863993
transition 46 0 80 -0.9453752664443786 0.3427696508136006
transition 46 1 63 0.2549764458276662 0.22273306142471724
transition 46 1 20 0.26667042234565796 0.18956098264284393
transition 46 1 86 -0.3604484523928293 0.09904610272879767
transition 46 1 73 -0.794965136741157 0.24511350625188283
transition 46 1 2 0.27555376913650487 0.24354634695175836
transition 46 2 69 -0.7579477393827614 0.8920683395865803
transition 46 2 66 0.18147079825178936 0.1079316604134197
transition 46 3 35 0.3258022119613444 0.22397471325312815
transition 46 3 45 -0.026617783471183154 0.15362678618614503
transition 46 3 4 0.82440627952694 0.1510823969972099
transition 46 3 97 0.22066383490726205 0.28534628793255873
transition 46 3 5 0.6814586132873539 0.1859698156309581
transition 46 4 90 0.36474488061417887 0.17386312311756372
transition 46 4 98 0.45169233380234 0.1208278683227732
transition 46 4 10 -0.002024287778630285 0.2089147613997359
transition 46 4 46 0.37507716293134297 0.18721804009944426
transition 46 4 13 0.37372579123535465 0.3091762070604829
transition 46 5 30 0.21921233313974353 0.24651907534920603
transition 46 5 17 -0.265667838336598 0.029345061380462476
transition 46 5 13 0.33411375527941733 0.04188252259982256
transition 46 5 84 -0.4024250308234427 0.11065157556056149
transition 46 5 42 0.7447614130896865 0.5716017651099474
transition 46 6 59 -0.07027539412576811 0.0654105737685271
transition 46 6 20 0.750803409750674 0.35137625696237246
transition 46 6 63 -0.525783823101609 0.1221792784718784
transition 46 6 81 -0.3295782624843231 0.12985333621327655
transition 46 6 23 -0.21632908437495457 0.33118055458394546
transition 46 7 12 -0.931818561790901 0.14753594612691062
transition 46 7 84 0.8341772951797208 0.6218334554137138
transition 46 7 2 0.17353748513800182 0.2306305984593756
transition 46 8 72 0.9113170735636369 1.0
transition 46 9 96 -0.9661396686486547 0.5248903163084098
transition 46 9 86 0.6974473399049979 0.4279730346774141
transition 46 9 31 0.2728329338221924 0.04713664901417612
transition 46 10 14 0.08475145791377714 0.25545196939368686
transition 46 10 28 -0.4519957324196815 0.5518556264655884
transition 46 10 43 0.3608514854573823 0.19269240414072478
transition 46 11 5 -0.555469382165658 1.0
transition 46 12 91 -0.15361266949935382 0.21973890945435398
transition 46 12 37 -0.48117295078022293 0.03878268042640142
transition 46 12 53 -0.5630632583279307 0.7414784101192445
transition 46 13 30 0.14431540920291552 0.337847876915046
transition 46 13 69 0.6708084481073009 0.21781104853347938
transition 46 13 4 0.6960137601313288 0.4443410745514746
transition 46 14 19 -0.04359059211484961 1.0
transition 46 15 94 0.4743969211521193 1.0
transition 46 16 45 -0.9888913752544448 0.22925119443778777
transition 46 16 17 -0.610891047468967 0.24548827969215045
transition 46 16 46 0.5649027815546424 0.20656911443701345
transition 46 16 24 0.21118909527267582 0.14216049213115153
transition 46 16 26 -0.10692747361334787 0.17653091930189685
transition 46 17 98 0.14654237455112362 0.34680907743091743
transition 46 17 86 0.2550068741495142 0.6531909225690826
transition 46 18 84 -0.1796665400705253 0.12906911199591284
transition 46 18 74 -0.3489306028498971 0.015932141742058134
transition 46 18 21 0.25469666318583273 0.5027618000410289
transition 46 18 46 0.2688019474185195 0.3463395631787008
transition 46 18 75 0.09625229134991709 0.0058973830422992994
transition 46 19 29 -0.5936970003016302 0.27115543470970144
transition 46 19 81 0.878176323293193 0.5078051163414705
transition 46 19 20 -0.6886206885259676 0.06574355394469486
transition 46 19 48 0.021556169070686915 0.1552958950041332
transition 46 20 67 -0.5527037269220763 1.0
transition 46 21 17 -0.8925673395350036 0.3001131876234197
transition 46 21 22 0.04251875264759719 0.16269650337057337
transition 46 21 75 0.7157224408626413 0.2896253341578789
transition 46 21 36 0.09478405934778245 0.1470092026311976
transition 46 21 60 -0.255522174310562 0.10055577221693042
transition 46 22 98 0.1635508691541807 0.01238162816454678
transition 46 22 3 0.9627652805064519 0.32696104271679477
transition 46 22 45 0.6191929258915665 0.32137268996611423
transition 46 22 37 0.947719146078299 0.33928463915254425
transition 46 23 63 0.907422700727744 0.11734993092546608
transition 46 23 23 -0.9631155097362856 0.04133592594303895
transition 46 23 84 -0.17007465066952032 0.3131427611073564
transition 46 23 99 -0.42442070967366297 0.12813366637994852
transition 46 23 92 -0.29023026980050304 0.40003771564419005
transition 46 24 43 0.11901348108039067 0.20934623838553992
transition 46 24 53 -0.2664558050266168 0.23280795823149664
transition 46 24 99 -0.7241592683468838 0.1558345517066739
transition 46 24 78 0.2864246854658401 0.23786667236720477
transition 46 24 86 0.9351300676496968 0.16414457930908485
transition 47 0 49 -0.557527926776989 0.3412674966653764
transition 47 0 43 -0.1398923180152667 0.44977226566373407
transition 47 0 89 -0.9451511031076243 0.20896023767088956
transition 47 1 23 0.16005582361570925 0.6104549924212294
transition 47 1 83 -0.16690704123694933 0.3167842996925185
transition 47 1 37 0.3754615286316252 0.07276070788625218
transition 47 2 65 -0.4957604493517389 0.7234563543289909
transition 47 2 62 -0.04646684086775421 0.2765436456710091
transition 47 3 72 0.18913700380533927 1.0
transition 47 4 20 0.36341795041144476 0.0456717130650392
transition 47 4 48 0.6548638424747855 0.23906146643845266
transition 47 4 86 0.5154811701147479 0.1016245173572967
transition 47 4 9 0.8074707970572914 0.24466454858966347
transition 47 4 5 -0.9526361365870339 0.368977754549548
transition 47 5 51 -0.14891921000547592 0.35552741437734653
transition 47 5 94 -0.8855937423561728 0.54051760977685
transition 47 5 61 -0.19329012702845505 0.10395497584580347
transition 47 6 87 0.25898387551755175 0.20886403021184438
transition 47 6 54 -0.6846660168602139 0.39437930443191627
transition 47 6 17 0.3645815588668315 0.39675666535623944
transition 47 7 44 0.17377340028422772 0.20441821607063596
transition 47 7 3 0.9969729276742063 0.06143270966296472
transition 47 7 21 -0.4071466438055833 0.07122433866541268
transition 47 7 61 -0.9192261619571338 0.3570051075574876
transition 47 7 27 -0.910058054638476 0.3059196280434991
transition 47 8 26 -0.7641440444026908 0.4662390823001176
transition 47 8 77 0.2479908730592697 0.5337609176998823
transition 47 9 66 -0.04917560350316408 0.4488975533192551
transition 47 9 74 0.2085241691591082 0.3443666345646071
transition 47 9 36 0.10423840289347974 0.20673581211613773
transition 47 10 88 -0.026711471683648513 0.3367644299256113
transition 47 10 78 0.5368809497119389 0.2614841324824058
transition 47 10 77 -0.8826936989696132 0.256866767172066
transition 47 10 4 0.34877605209434104 0.14488467041991682
transition 47 11 66 -0.049961419749234404 0.7223652415597783
transition 47 11 94 0.21794071398903214 0.27763475844022156
transition 47 12 9 -0.21322144355673345 0.1953184818286685
transition 47 12 66 0.45657147027388434 0.03588727322322322
transition 47 12 36 0.8583596687027406 0.7317959723652364
transition 47 12 8 -0.6119977632564655 0.03699827258287189
transition 47 13 6 0.9320425856752326 0.6203135888168546
transition 47 13 42 0.35528038837527953 0.04676292308854039
transition 47 13 46 -0.5462342775030076 0.332923488094605
transition 47 14 79 1.3979952627529713e-05 0.6026922599040272
transition 47 14 69 0.3402670974414266 0.39730774009597286
transition 47 15 25 0.7153557459895701 0.25466991711688886
transition 47 15 97 0.7412094104020432 0.20563962392330795
transition 47 15 63 0.047669679432077894 0.2133421000006377
transition 47 15 42 -0.5766247563219311 0.08006827934358962
transition 47 15 71 0.554365011621281 0.24628007961557585
transition 47 16 87 0.17941199876115976 0.22760690919251297
transition 47 16 11 0.21565875507405852 0.007759523266468585
transition 47 16 99 0.40359711895545813 0.2723810936674806
transition 47 16 89 -0.917663498324937 0.34977398619372274
transition 47 16 39 -0.08057819329920957 0.14247848767981514
transition 47 17 27 0.07683713168403195 1.0
transition 47 18 25 -0.3188219431951558 0.2391154138693809
transition 47 18 59 -0.8481612341816664 0.43597329946084323
transition 47 18 91 -0.9654420350731705 0.3249112866697759
transition 47 19 76 0.600528934279239 0.20723579394076683
transition 47 19 26 0.03369936591932188 0.531282788019472
transition 47 19 6 0.13605170069826933 0.26148141803976116
transition 47 20 65 -0.20996658647704614 1.0
transition 47 21 9 -0.47847199222519476 0.23248519266797144
transition 47 21 80 0.07692774034352068 0.188994485070875
transition 47 21 20 -0.014580924615545277 0.5785203222611537
transition 47 22 44 -0.2728160603968892 0.06156745972850875
transition 47 22 22 0.8631776477874471 0.2503622360505152
transition 47 22 31 -0.7016568827134511 0.003465576641158643
transition 47 22 50 -0.5392308890964927 0.3602073175135469
transition 47 22 48 0.6597572587689995 0.3243974100662705
transition 47 23 71 0.5210904611751013 0.09448806666587864
transition 47 23 16 0.31362188737492436 0.276503363900133
transition 47 23 83 0.24386815923723804 0.23593646965705029
transition 47 23 91 0.4477597833764093 0.11059248113132124
transition 47 23 53 0.8966828632581452 0.28247961864561677
transition 47 24 46 -0.8174400253859109 0.10887574288035975
transition 47 24 42 -0.1310977169205656 0.19371925338596735
transition 47 24 43 -0.8159170567442744 0.20797461508546347
transition 47 24 9 -0.33136266992041463 0.2716006767027487
transition 47 24 67 0.30686388728351566 0.2178297119454607
transition 48 0 13 -0.6473201918796678 0.31587351924312
transition 48 0 57 -0.563603748258845 0.3636670790687697
transition 48 0 89 0.6059280268087488 0.20714664711795183
transition 48 0 1 0.4163188290969786 0.11331275457015837
transition 48 1 66 0.885052196250935 0.4206779853429659
transition 48 1 89 0.20742270292767828 0.5793220146570341
transition 48 2 98 0.3495194657396601 0.4226074483151938
transition 48 2 73 0.42673921431244 0.45979498628328197
transition 48 2 33 0.3590011652706733 0.11759756540152419
transition 48 3 33 -0.48917300239269923 0.17553733243625655
transition 48 3 75 0.9037453385030914 0.8244626675637433
transition 48 4 4 0.6475824425817387 0.23406706377272482
transition 48 4 29 -0.7047533756037376 0.07033481788709176
transition 48 4 34 0.7468757303835099 0.2703467192711143
transition 48 4 97 -0.8369873919275215 0.10199050908207061
transition 48 4 46 -0.39978632124547886 0.3232608899869986
transition 48 5 66 0.11257880724229552 0.5773360899294396
transition 48 5 21 0.08825014983828505 0.24950374392305918
transition 48 5 7 0.7034678049600533 0.17316016614750113
transition 48 6 58 -0.7601711283589017 1.0
transition 48 7 94 0.9398956194054049 0.2908218583579071
transition 48 7 9 -0.24513406087455203 0.08697933661396352
transition 48 7 41 -0.701492991389068 0.16153657343810165
transition 48 7 86 -0.0710453099442756 0.14858587841926874
transition 48 7 15 -0.24144981446972036 0.31207635317075905
transition 48 8 79 -0.6955903978482232 0.5446362930966577
transition 48 8 1 -0.9361693464185619 0.45536370690334227
transition 48 9 24 0.1463343725007853 0.5739921267794649
transition 48 9 44 0.6346117478507292 0.10480261639022519
transition 48 9 93 0.7107719872424993 0.32120525683031004
transition 48 10 75 -0.10398909537673218 0.2620772642287915
transition 48 10 27 0.6310352408930031 0.3808864083872254
transition 48 10 68 0.9338181747177161 0.13531646409522735
transition 48 10 40 0.5430607122536917 0.2217198632887558
transition 48 11 3 -0.26764637987009054 1.0
transition 48 12 34 0.5637678385815195 0.5865393381810302
transition 48 12 12 -0.19843041817847906 0.22768945065671434
transition 48 12 42 -0.2796960624125864 0.18577121116225542
transition 48 13 75 0.3066375976767777 1.0
transition 48 14 99 0.6016359944811867 0.03480107596552975
transition 48 14 26 0.9187431132575556 0.31678698274686934
transition 48 14 91 -0.41525032435765863 0.10562096616116647
transition 48 14 24 -0.9974706885075895 0.5427909751264345
transition 48 15 37 0.207773869260794 0.42160426930574224
transition 48 15 34 0.6053741560664085 0.39175826105594724
transition 48 15 88 0.9482054571863126 0.06548812398024968
transition 48 15 40 -0.918644846531961 0.12114934565806075
transition 48 16 16 -0.41976314953539684 0.2914614449117923
transition 48 16 57 -0.9769535811677521 0.1471722403063007
transition 48 16 4 0.3912759578823768 0.29375338044278904
transition 48 16 47 -0.873801988299294 0.2676129343391179
transition 48 17 13 0.669476452972174 0.035939797746363834
transition 48 17 62 0.6761427769072228 0.2716828409928181
transition 48 17 93 -0.8181824872691201 0.053463085520334686
transition 48 17 1 0.42860226372806776 0.26924803106515616
transition 48 17 98 -0.3641914813381142 0.3696662446753273
transition 48 18 52 -0.19771168016060958 0.4143112994562487
transition 48 18 61 0.6865770868297008 0.5410351164369834
transition 48 18 51 -0.5507163367898347 0.0208535851617011
transition 48 18 57 -0.4504108918988514 0.023799998945066778
transition 48 19 16 -0.9655940131959857 1.0
transition 48 20 62 0.2845307391649965 1.0
transition 48 21 63 0.06290606864366 0.346340980670376
transition 48 21 4 0.057547425539570485 0.12740171006345546
transition 48 21 66 0.48478663402368727 0.5262573092661685
transition 48 22 39 0.8843891452786421 0.28321336898923916
transition 48 22 86 -0.8429757917523153 0.28841789390045086
transition 48 22 12 0.7208403496202975 0.24972032370129946
transition 48 22 0 0.1059287221944869 0.1786484134090106
transition 48 23 68 0.12142989412430816 1.0
transition 48 24 94 -0.852999788645864 0.1541082451893273
transition 48 24 43 0.020698174603410502 0.11786723702633281
transition 48 24 18 0.8303225598139845 0.31140206812507776
transition 48 24 14 -0.2709489449991964 0.416622449659262
transition 49 0 24 0.525677512039467 0.4652885835759181
transition 49 0 69 0.9520717949980728 0.41952382632288115
transition 49 0 1 -0.5362769611744653 0.11518759010120075
transition 49 1 13 -0.8844759435096776 1.0
transition 49 2 88 -0.15663507605851978 0.2977982544950666
transition 49 2 67 -0.9396197162022288 0.5210342766521847
transition 49 2 86 -0.4898493371983923 0.18116746885274865
transition 49 3 23 0.574674577440613 0.5830065511703503
transition 49 3 33 -0.7193630121247527 0.41699344882964967
transition 49 4 76 0.08938834873430634 0.10714629633572637
transition 49 4 80 -0.06280639735962357 0.7597813686940298
transition 49 4 89 -0.4054458450160019 0.13307233497024382
transition 49 5 98 0.7502057574343952 0.3237774828614692
transition 49 5 41 -0.9560368671945669 0.16629932475804277
transition 49 5 65 0.30304037479458446 0.3696612584916443
transition 49 5 86 0.9387904265498412 0.14026193388884373
transition 49 6 9 0.5072155810561003 1.0
transition 49 7 11 0.09668421784507486 0.3360468003937452
transition 49 7 96 0.420399642477135 0.2144298816787967
transition 49 7 90 0.892672917920756 0.02078095538798801
transition 49 7 79 0.6932521564847458 0.4287423625394701
transition 49 8 27 0.8708840972528931 0.17504004647875557
transition 49 8 36 -0.31979484343029196 0.07421597237867915
transition 49 8 58 0.6284394286563089 0.6954926013926865
transition 49 8 87 -0.3960484144127341 0.05525137974987871
transition 49 9 91 0.1344075432329972 0.008977600197756801
transition 49 9 6 0.05410137753248456 0.8115055741500085
transition 49 9 0 -0.3715902454892337 0.17951682565223473
transition 49 10 36 0.7630724486100005 0.41889664668090304
transition 49 10 91 0.05669164406617222 0.2969917915259545
transition 49 10 42 -0.2575891682717131 0.28411156179314234
transition 49 11 82 0.5333350184468961 0.35777086922320306
transition 49 11 69 0.8507646971348242 0.5526208978105844
transition 49 11 34 0.7864864705770864 0.08960823296621252
transition 49 12 55 0.6695661285557515 0.3041356433781473
transition 49 12 10 -0.5466804825511937 0.5047507169826683
transition 49 12 15 -0.3010034793554366 0.1911136396391845
transition 49 13 85 0.7904074176763776 0.04017432752580715
transition 49 13 26 0.7444374714903326 0.5833270132133291
transition 49 13 69 -0.6002890234110885 0.3764986592608638
transition 49 14 88 0.7563066176252866 0.21595549492570987
transition 49 14 52 0.25224413426684555 0.005811155731794394
transition 49 14 53 0.8055727223989233 0.0985486083281469
transition 49 14 32 0.02731330930629805 0.6796847410143488
transition 49 15 90 -0.8904819194645581 0.4149197412628817
transition 49 15 68 -0.9398035120369268 0.35417956657150085
transition 49 15 66 0.860043785867632 0.2309006921656174
transition 49 16 96 0.7959132457336795 0.09522303259759665
transition 49 16 20 0.4179896818239599 0.3976442497364111
transition 49 16 16 0.829483031787088 0.33177589749736436
transition 49 16 12 -0.16276338947082758 0.025408664666781898
transition 49 16 92 -0.9443951950301495 0.14994815550184593
transition 49 17 38 -0.951808227738633 0.37759354798015343
transition 49 17 87 0.41968486550038264 0.1248410053101305
transition 49 17 70 -0.2675690371626147 0.07857181719607183
transition 49 17 28 0.7946446614634468 0.09785552927409896
transition 49 17 29 0.04813325125632639 0.3211381002395452
transition 49 18 56 0.5477728158217599 0.32388137589799215
transition 49 18 87 -0.9089237858575447 0.05017693323243213
transition 49 18 18 0.14543608072492065 0.6259416908695757
transition 49 19 27 -0.32154886268431304 0.10830288549700277
transition 49 19 21 -0.08949216051181708 0.14278318813917873
transition 49 19 18 0.3064509636950925 0.24905994691310165
transition 49 19 16 -0.6905794614185399 0.18402837327280125
transition 49 19 96 -0.33155045157715435 0.31582560617791555
transition 49 20 71 -0.3360595913586233 0.20988139577799708
transition 49 20 15 0.801040445680296 0.30875498549299624
transition 49 20 43 -0.07108337674559873 0.09787875137937811
transition 49 20 23 -0.3363885571279812 0.21025397532718482
transition 49 20 81 -0.9449030127127023 0.17323089202244368
transition 49 21 43 0.5425713359847062 0.37667146399450296
transition 49 21 81 0.9317259599044825 0.6233285360054971
transition 49 22 27 -0.12333966226616644 0.4311301059170619
transition 49 22 91 -0.4722751546417949 0.3583662452787231
transition 49 22 43 -0.21814952508001917 0.05730763151814371
transition 49 22 44 -0.16497352283005218 0.04937026163847568
transition 49 22 59 -0.3206896148793952 0.10382575564759554
transition 49 23 77 0.6016345660373688 0.0943583360098282
transition 49 23 20 -0.6617327402062507 0.06914452861116822
transition 49 23 11 -0.9993371676122977 0.32502251702044144
transition 49 23 12 -0.3419914998892346 0.44582937366055575
transition 49 23 34 0.6842827498046335 0.06564524469800645
transition 49 24 72 0.6484305433247637 0.34838087631346965
transition 49 24 40 0.5227702509978993 0.05600199800630531
transition 49 24 71 0.7560830523275435 0.04260918120832864
transition 49 24 77 0.8739273474674973 0.20644447278414443
transition 49 24 93 0.311708219737439 0.3465634716877521
transition 50 0 59 0.6287478894612326 1.0
transition 50 1 13 0.028794826427151365 1.0
transition 50 2 46 0.38029007150584704 0.4679143845478337
transition 50 2 45 0.696008640911163 0.5320856154521664
transition 50 3 11 0.6895754412378341 0.3432533115876299
transition 50 3 21 -0.6010140046072792 0.3371450244732621
transition 50 3 75 0.34968692663618284 0.2727446617733619
transition 50 3 63 -0.6321911426686715 0.04685700216574606
transition 50 4 38 -0.7386824425488066 0.5242844438559299
transition 50 4 84 0.01843087530851828 0.3629489593417985
transition 50 4 19 -0.28411118634088206 0.05437075264991818
transition 50 4 56 -0.5957125777962289 0.05839584415235354
transition 50 5 78 -0.7545153928690358 0.3304470740720734
transition 50 5 80 -0.9013950766335561 0.07164631938136094
transition 50 5 88 -0.16248994740257627 0.2846617104120707
transition 50 5 42 0.45871212094453884 0.3132448961344949
transition 50 6 35 -0.5750419445684456 1.0
transition 50 7 59 0.8991926536090298 0.5563856703092259
transition 50 7 16 -0.8269929773094018 0.04195102713765546
transition 50 7 63 0.8293277886743149 0.40166330255311866
transition 50 8 24 -0.003307677664144526 0.43587014371173055
transition 50 8 94 0.36072778208098955 0.16437036212678927
transition 50 8 37 -0.40150607635408764 0.3997594941614801
transition 50 9 66 0.22922968437802438 1.0
transition 50 10 6 0.23152716171639431 0.4334934313944138
transition 50 10 87 -0.22241888168769108 0.41186449323383884
transition 50 10 52 0.6888827995678237 0.15464207537174732
transition 50 11 76 0.7869024527895019 0.6222409217067562
transition 50 11 63 0.13482183703700046 0.16217387703233813
transition 50 11 67 0.2460077264515239 0.21558520126090572
transition 50 12 72 -0.1311488013482156 0.02849222816824946
transition 50 12 65 0.055381530735940654 0.8090939202093933
transition 50 12 49 -0.5770971325804575 0.1624138516223572
transition 50 13 59 -0.42266753256441136 0.18878095405130893
transition 50 13 90 -0.4069295852292527 0.29029847780293927
transition 50 13 6 0.4611555645550087 0.23985875048603106
transition 50 13 31 -0.8376914102120394 0.28106181765972066
transition 50 14 47 0.14342693127140071 0.024279501601719943
transition 50 14 54 0.6241050756368876 0.05501621270427603
transition 50 14 33 0.26819752222666615 0.2989263195611509
transition 50 14 16 0.7706095829882462 0.40897407947073594
transition 50 14 94 0.716693983520863 0.21280388666211722
transition 50 15 36 0.6645267744073775 1.0
transition 50 16 97 -0.08009411101141262 1.0
transition 50 17 50 -0.21386708417333278 0.19009222908400247
transition 50 17 10 0.8254061137475761 0.19346630102447904
transition 50 17 21 -0.4967852481197057 0.0745748513728886
transition 50 17 99 -0.6283880035277318 0.19642854311457575
transition 50 17 0 -0.4315182418286554 0.3454380754040542
transition 50 18 58 0.7247181959225553 0.05384117232913178
transition 50 18 16 0.08447455128500692 0.9461588276708682
transition 50 19 20 -0.5431017822430002 0.6567536921760665
transition 50 19 8 -0.8861652974873788 0.1685718324663052
transition 50 19 64 -0.7059175120795946 0.06461963588838356
transition 50 19 23 0.3943638055604908 0.11005483946924476
transition 50 20 21 -0.07065216120879403 0.16606223229984263
transition 50 20 23 -0.5933699484353285 0.22534312202191203
transition 50 20 78 0.6478874851425962 0.11964935363476856
transition 50 20 66 -0.5607504307158397 0.2174591116715259
transition 50 20 22 -0.06271759399468113 0.27148618037195094
transition 50 21 23 0.0619591415851839 0.24244541920907803
transition 50 21 93 0.5706775971153832 0.13228304296477508
transition 50 21 73 0.05762581272324052 0.11741312148424772
transition 50 21 5 -0.35944930113078577 0.0837757399800414
transition 50 21 28 0.5505766105728287 0.42408267636185776
transition 50 22 48 -0.44249483551118085 0.021189791283015912
transition 50 22 47 -0.5885430754637022 0.24844139975102225
transition 50 22 6 0.8148878974864908 0.1317066427666669
transition 50 22 56 0.7062957779464509 0.320552112081159
transition 50 22 84 0.007420670409062247 0.2781100541181359
transition 50 23 19 -0.18499486727255898 0.6900525803356383
transition 50 23 14 -0.396014264591001 0.30994741966436173
transition 50 24 74 0.7876612025397141 1.0
transition 51 0 42 -0.5788133996390279 0.24960370906984305
transition 51 0 66 0.21794529134213403 0.3786871569325634
transition 51 0 6 -0.13005477145780797 0.19158808840286679
transition 51 0 19 0.7917814854275484 0.18012104559472686
transition 51 1 22 -0.26477782516253545 0.10717271457703902
transition 51 1 69 -0.532146551201363 0.2586176661689972
transition 51 1 91 -0.38950335414869786 0.23643508002282515
transition 51 1 71 0.287350113783857 0.14238543281667576
transition 51 1 2 0.5125845028252791 0.2553891064144629
transition 51 2 71 0.07726495381592935 0.2628800825161271
transition 51 2 69 -0.5806685232152637 0.14830796496674342
transition 51 2 80 0.19439767806862673 0.2773144443838186
transition 51 2 61 0.46287070863430224 0.011898436868246312
transition 51 2 49 -0.932113500034677 0.29959907126506463
transition 51 3 16 -0.46742010259145794 0.5936931836815531
transition 51 3 34 -0.8249051203697537 0.40630681631844695
transition 51 4 70 -0.24965885309132907 0.1939941475530583
transition 51 4 40 -0.5538004995050485 0.47910202327015416
transition 51 4 9 0.9477242161735471 0.26152657710078847
transition 51 4 39 0.17058961328412803 0.06537725207599905
transition 51 5 36 0.9638024129391858 1.0
transition 51 6 94 -0.625756932495642 0.38691167742282423
transition 51 6 1 -0.9750438750570773 0.6130883225771758
transition 51 7 44 -0.7776090323326226 1.0
transition 51 8 97 -0.11238211869913362 0.03357358067926715
transition 51 8 22 0.023426174119744125 0.7028543291886719
transition 51 8 50 -0.7370067354649643 0.038027555543945483
transition 51 8 88 -0.1878985128717121 0.09916412340225034
transition 51 8 98 -0.26872829045597224 0.12638041118586515
transition 51 9 83 0.43174264520710004 0.6407486500921403
transition 51 9 64 -0.0986839987764574 0.3592513499078597
transition 51 10 90 0.7436021836311073 0.36832030553535994
transition 51 10 85 -0.36613480786153985 0.63167969446464
transition 51 11 87 -0.12246896590368217 0.13399194554283464
transition 51 11 90 0.7405261816581767 0.5357863283554085
transition 51 11 66 -0.8642861735127267 0.33022172610175676
transition 51 12 97 0.04314145766912447 1.0
transition 51 13 45 0.29589142479025465 0.6798100594800943
transition 51 13 82 -0.6391338961320348 0.1774568763566702
transition 51 13 18 -0.03974105803410888 0.14273306416323545
transition 51 14 33 -0.7331617765699989 1.0
transition 51 15 33 0.021623106420337823 0.8228031855021868
transition 51 15 60 0.6521848168040518 0.17719681449781316
transition 51 16 28 -0.8302873361628704 1.0
transition 51 17 41 -0.8095153963605912 0.9523254372918729
transition 51 17 73 0.4852675691713695 0.04767456270812705
transition 51 18 69 -0.8827180086127493 0.5388254044445995
transition 51 18 21 -0.8270350911347155 0.46117459555540047
transition 51 19 11 0.8061879170381698 0.18244747313806448
transition 51 19 24 0.849224999367491 0.24221218725048918
transition 51 19 78 -0.437518960370183 0.3942673842901172
transition 51 19 27 0.5031344266832698 0.008930091922845084
transition 51 19 62 -0.4476754649088657 0.1721428633984841
transition 51 20 68 -0.3511187740503492 1.0
transition 51 21 20 0.4747341910505587 0.1682894080479525
transition 51 21 30 0.22458374285446392 0.23458024966987212
transition 51 21 15 0.6796736172856739 0.19517586834130657
transition 51 21 53 -0.8990774111450097 0.3043274030298968
transition 51 21 45 -0.16247880562938333 0.09762707091097197
transition 51 22 2 0.8614417204321598 0.11763392660202471
transition 51 22 35 0.012184991036304993 0.2800431296240673
transition 51 22 78 -0.47417017058806943 0.602322943773908
transition 51 23 96 -0.09135799939831402 0.44648349098294676
transition 51 23 39 -0.8685259544977615 0.5535165090170533
transition 51 24 46 0.6300837864019317 0.1211629080075557
transition 51 24 20 0.08378526242965156 0.5056612951769633
transition 51 24 43 0.43545909918890824 0.15113020018203913
transition 51 24 80 -0.09233018665915704 0.22204559663344178
transition 52 0 71 -0.3715964966551093 0.6133785082717064
transition 52 0 61 0.47928799381672915 0.3866214917282935
transition 52 1 46 0.01371595589581931 1.0
transition 52 2 22 -0.948129014001603 0.36730192452657584
transition 52 2 19 0.007066541954705574 0.46260321974745205
transition 52 2 42 0.03842065038190734 0.17009485572597222
transition 52 3 31 0.08123744786550247 1.0
transition 52 4 99 0.26386059146360896 0.4041720293325046
transition 52 4 18 -0.5419702953272674 0.22600835647752102
transition 52 4 84 0.629498488041238 0.23385860260428634
transition 52 4 20 0.09203905500998855 0.10031217690464424
transition 52 4 85 0.17227644627532346 0.035648834681043795
transition 52 5 11 0.8248604996483402 0.23600146605575303
transition 52 5 41 -0.5533226309373649 0.19969474934381692
transition 52 5 8 -0.2858460937571685 0.1815920036837259
transition 52 5 73 -0.9280518600819834 0.16951838345807982
transition 52 5 51 0.49007749587269633 0.2131933974586244
transition 52 6 37 0.9664719637216497 0.4624845083058826
transition 52 6 22 0.8609152171546122 0.5375154916941174
transition 52 7 96 0.35972713841396153 0.14265895509022078
transition 52 7 91 0.4220616824482428 0.11095135193415548
transition 52 7 68 -0.06569610769516876 0.19190420591504442
transition 52 7 47 0.15463371560960537 0.3089301589753686
transition 52 7 71 0.24531291344985173 0.24555532808521066
transition 52 8 42 0.527304905773601 0.1094789604084224
transition 52 8 30 -0.5783930123617125 0.33952374370890015
transition 52 8 61 -0.20442932314202045 0.27146314813324685
transition 52 8 3 -0.5726126310716797 0.2795341477494306
transition 52 9 1 -0.5667589763922185 0.3206714902768354
transition 52 9 91 0.682871128030359 0.4002739283878275
transition 52 9 6 0.7513769189330612 0.2790545813353371
transition 52 10 5 0.044247653716259716 0.41316022503602146
transition 52 10 9 0.3139940125535656 0.2557742911581134
transition 52 10 47 -0.4687276654190369 0.2292007526211754
transition 52 10 23 0.48814811820724735 0.10186473118468976
transition 52 11 67 0.34447773517783586 1.0
transition 52 12 80 -0.46176133731455193 0.12027162087313203
transition 52 12 20 0.3800824278288548 0.17926467264235665
transition 52 12 14 -0.7825169281290703 0.34188983817028035
transition 52 12 81 0.57374868517778 0.358573868314231
transition 52 13 93 0.4404809127017577 0.07766663156057202
transition 52 13 16 0.7302043211099432 0.6821703903645963
transition 52 13 49 -0.7857820036957024 0.24016297807483175
transition 52 14 86 0.948437821331956 1.0
transition 52 15 27 -0.32604127695390894 0.3214876252316724
transition 52 15 61 0.2745300083739195 0.16780647833738294
transition 52 15 42 -0.7399303014366319 0.5107058964309447
transition 52 16 26 0.9374444253027796 0.013383046146416935
transition 52 16 18 -0.8408587991740826 0.41173500292467446
transition 52 16 39 0.713147444819481 0.04476554333893585
transition 52 16 29 0.007923712350626388 0.4848903570879378
transition 52 16 4 -0.22260368899929062 0.04522605050203498
transition 52 17 39 -0.21728800816785165 0.26365664094935276
transition 52 17 83 0.08815063566103687 0.7363433590506471
transition 52 18 71 -0.5802551574756003 0.36066509390459645
transition 52 18 46 0.6385911054639142 0.35093060241517027
transition 52 18 43 0.009745294081199507 0.28840430368023323
transition 52 19 84 0.1386166647725251 1.0
transition 52 20 38 -0.672717971482516 0.6866464822588102
transition 52 20 14 -0.4450333898602463 0.03222555347453748
transition 52 20 88 -0.4408523794282011 0.14508764718987913
transition 52 20 94 0.938148363912062 0.1160453736264883
transition 52 20 40 0.956930965554726 0.019994943450284925
transition 52 21 44 0.9428734907792329 0.12533389004904513
transition 52 21 33 0.603199472680217 0.02292517659790922
transition 52 21 28 -0.31032485929629794 0.4414171912713715
transition 52 21 47 -0.1323699781728338 0.41032374208167405
transition 52 22 78 0.2425517239682209 0.701651986191489
transition 52 22 83 -0.9855549831445605 0.2983480138085109
transition 52 23 13 -0.8024793729025077 0.8330684329331589
transition 52 23 93 0.5889022633047398 0.16693156706684112
transition 52 24 82 0.6294512149398857 0.13184845775725965
transition 52 24 70 -0.5842119488536504 0.17127557258062062
transition 52 24 65 -0.3636051677896459 0.24184750870660238
transition 52 24 75 -0.4267716364445162 0.10376996401574932
transition 52 24 98 0.1862202532366608 0.35125849693976796
transition 53 0 24 0.25024629901482776 0.183900716393951
transition 53 0 52 0.8144968994497803 0.2263566403533464
transition 53 0 82 -0.3999329831181464 0.26908690398158397
transition 53 0 17 0.29260225744351853 0.3206557392711187
transition 53 1 28 0.9420431986069167 0.24137973390595752
transition 53 1 46 -0.6801419799530137 0.7586202660940425
transition 53 2 55 0.9304157578550027 0.36134738447940573
transition 53 2 36 -0.0116914143512723 0.1377420159848511
transition 53 2 96 0.6059261875198363 0.500910599535743
transition 53 3 94 0.9832971290846859 0.4219358028402668
transition 53 3 81 0.10253472643970896 0.5780641971597332
transition 53 4 99 -0.2544514874507371 0.3637750000035003
transition 53 4 19 -0.7055409593965525 0.2046993914747119
transition 53 4 91 -0.713545914352361 0.4315256085217878
transition 53 5 21 -0.299532713528343 0.00084662225386162
transition 53 5 45 -0.985706968185383 0.24376451117835649
transition 53 5 70 -0.4561843206015601 0.033945625243273006
transition 53 5 79 0.14287815738102339 0.7214432413245089
transition 53 6 32 0.39799018225561333 0.09751119218195846
transition 53 6 66 0.3082300718515032 0.10210209241721838
transition 53 6 23 0.1770242895193037 0.41483661415839207
transition 53 6 52 0.7877844714330089 0.2535454040246099
transition 53 6 27 0.7608971703594782 0.1320046972178212
transition 53 7 36 0.604099467746585 0.47342959051967975
transition 53 7 59 0.8030512799467369 0.5265704094803203
transition 53 8 93 -0.9349346173358108 1.0
transition 53 9 61 0.7875032378850135 0.14534584872338963
transition 53 9 2 0.7330805126479758 0.5420797903162957
transition 53 9 71 -0.5254873711791015 0.3125743609603147
transition 53 10 51 -0.3243707824166553 0.34552246416772525
transition 53 10 41 0.0031013287945460544 0.295653281922803
transition 53 10 19 -0.9049134954819873 0.29681221948829045
transition 53 10 25 0.5621412952094562 0.06201203442118139
transition 53 11 18 -0.22055262706714163 1.0
transition 53 12 61 0.048675035318519466 1.0
transition 53 13 3 -0.7037923152781504 0.3773663522223071
transition 53 13 74 -0.9167043091405538 0.6226336477776929
transition 53 14 27 0.33079234814425496 0.7666990561850149
transition 53 14 37 0.6144017989288599 0.23330094381498512
transition 53 15 10 0.3152743242175835 0.3361046624716449
transition 53 15 0 0.9476632563428082 0.06403211886079611
transition 53 15 17 -0.1611494709143495 0.04672961425122764
transition 53 15 47 -0.31458765644499853 0.1100648031550874
transition 53 15 92 0.6423868749667532 0.443068801261244
transition 53 16 75 -0.8597719529463039 1.0
transition 53 17 91 -0.8477830340611876 0.16009356953056714
transition 53 17 6 -0.14963731521250323 0.21893391463870457
transition 53 17 78 -0.13310379331803857 0.07739194469526853
transition 53 17 77 -0.35354720904839754 0.36631187159267414
transition 53 17 38 -0.7073267574336191 0.17726869954278568
transition 53 18 52 -0.5913067328796635 1.0
transition 53 19 53 -0.7868518902151174 1.0
transition 53 20 39 0.7623426355052714 0.19443139532772769
transition 53 20 45 -0.33184531182813215 0.21296967417853113
transition 53 20 52 -0.5414682404240165 0.17151354125156587
transition 53 20 69 0.024940071235491246 0.20796098887955203
transition 53 20 18 0.7338972254405307 0.2131244003626233
transition 53 21 3 0.6466830725089783 1.0
transition 53 22 83 0.909296806703938 0.21815381980688314
transition 53 22 46 0.6469458540008355 0.7818461801931169
transition 53 23 98 0.9801443122001365 1.0
transition 53 24 33 -0.19236966936571975 0.20586862051529162
transition 53 24 25 0.36227398023564317 0.19312376955045807
transition 53 24 80 -0.38017214094095375 0.12010337170976589
transition 53 24 65 -0.8810173757526141 0.24566649494326864
transition 53 24 34 0.9047772709646542 0.2352377432812158
transition 54 0 9 0.545592505479928 0.15995845617218965
transition 54 0 95 -0.3480388724484136 0.19785472859666212
transition 54 0 11 -0.44374736719907215 0.32036700462656126
transition 54 0 4 0.524682828077593 0.04334121690581373
transition 54 0 37 -0.014390863313767932 0.2784785936987732
transition 54 1 34 0.6968512773312769 0.5901470657890401
transition 54 1 20 -0.45868367730787996 0.34611321890762353
transition 54 1 99 0.8233581866930546 0.06373971530333634
transition 54 2 98 0.5384587055579615 0.15199898824362995
transition 54 2 66 -0.15914293468893814 0.16867568452150292
transition 54 2 36 -0.5099120054918884 0.28469252897790565
transition 54 2 81 0.4086982340293648 0.27884904226624097
transition 54 2 96 0.07232286872434002 0.11578375599072048
transition 54 3 57 -0.3414330429889485 0.4083849308588485
transition 54 3 11 -0.9291907482102206 0.15184802422316734
transition 54 3 94 0.021828556452430536 0.43976704491798424
transition 54 4 22 -0.7345544025677939 0.3819926836669055
transition 54 4 23 0.8962952245461713 0.18714264799122085
transition 54 4 2 -0.6950138722692325 0.43086466834187365
transition 54 5 18 0.19904180171410446 0.3610209955801853
transition 54 5 93 0.8366975996719377 0.6389790044198148
transition 54 6 0 0.7611445127682477 0.006561612651317636
transition 54 6 25 -0.010305765282426771 0.084359208210764
transition 54 6 63 0.7711726007621729 0.4110922629073004
transition 54 6 11 0.3150406246230275 0.209508046390514
transition 54 6 95 0.5160283687536629 0.28847886984010385
transition 54 7 94 0.010291392272163247 0.3310408532572103
transition 54 7 95 0.758821396426226 0.3365059362108885
transition 54 7 6 0.557410753004433 0.17279412725045254
transition 54 7 83 0.8993645229476077 0.1596590832814488
transition 54 8 37 -0.3318068431071135 0.13359390108521257
transition 54 8 47 0.0993556397188049 0.3275956138920745
transition 54 8 2 -0.23984874718345917 0.25134921202728666
transition 54 8 48 0.7683215093303712 0.28746127299542623
transition 54 9 94 -0.22695361699937489 1.0
transition 54 10 25 0.9964226603519948 0.43619678858343214
transition 54 10 54 0.9894254450474096 0.03333949529340141
transition 54 10 59 -0.7396369305558417 0.28932163735632016
transition 54 10 31 0.8574668790989921 0.2411420787668463
transition 54 11 18 -0.14104585796470936 0.37529902987109365
transition 54 11 1 0.009018655711906964 0.6247009701289064
transition 54 12 75 0.5888391889756515 0.3586646611574913
transition 54 12 1 0.5383324479949112 0.23799778075936567
transition 54 12 55 0.352772086881858 0.2542169151496098
transition 54 12 8 0.4622282619530351 0.013369179999317795
transition 54 12 57 0.3747701325795689 0.13575146293421547
transition 54 13 8 -0.30295583338443266 0.3000319864798299
transition 54 13 4 0.743411404796605 0.27636237057349794
transition 54 13 10 0.3363242920527032 0.31337757565537677
transition 54 13 99 0.7433197134194625 0.11022806729129528
transition 54 14 94 0.32072477528012744 0.3802667209696065
transition 54 14 73 -0.21168414402287228 0.2649110552673663
transition 54 14 19 0.9917784984093301 0.35482222376302724
transition 54 15 65 0.3540799482992436 0.2273699927626924
transition 54 15 33 -0.1800062068764594 0.31237567544980094
transition 54 15 38 0.7038358342487687 0.27620367352333597
transition 54 15 1 0.2525393833675731 0.18405065826417072
transition 54 16 59 0.05656335721098005 0.09067615134493758
transition 54 16 53 0.9668064898145425 0.14305107418297794
transition 54 16 80 -0.7579546396137806 0.4272338958052904
transition 54 16 5 0.856899574244979 0.05032764280763169
transition 54 16 52 -0.367497657357607 0.2887112358591625
transition 54 17 69 0.3241761297782275 1.0
transition 54 18 16 -0.9647362985569092 0.04190154097906424
transition 54 18 4 -0.04021365617855732 0.15408520157125963
transition 54 18 43 -0.5726601503168485 0.4427781751678563
transition 54 18 47 0.4947886969705302 0.36123508228181994
transition 54 19 70 0.9969806244234194 0.05958979765605629
transition 54 19 18 0.8237963850807064 0.49014669821448215
transition 54 19 11 0.6040900103424471 0.4502635041294615
transition 54 20 71 0.5132442498016931 0.39466942759004714
transition 54 20 93 0.2323076036670575 0.4005589535384225
transition 54 20 98 0.718020661560852 0.09077347347251544
transition 54 20 45 -0.24183080899194165 0.11399814539901484
transition 54 21 62 -0.8714300379626934 0.17212189712309167
transition 54 21 88 0.7673098463772465 0.33549758954133063
transition 54 21 75 -0.9073990528502227 0.19153731390017611
transition 54 21 31 0.09178650483322581 0.2811942269261736
transition 54 21 7 -0.336486268038487 0.019648972509228105
transition 54 22 56 0.30869556029985823 0.40415224025020485
transition 54 22 31 -0.6630837590547423 0.15459226410639657
transition 54 22 39 -0.27656185008504264 0.4412554956433986
transition 54 23 77 -0.9404779733151634 0.3748485388604892
transition 54 23 45 0.6095585013456417 0.016867577929982152
transition 54 23 11 0.034437337486210584 0.2594876570731338
transition 54 23 51 -0.085580607172423 0.28822893015036144
transition 54 23 62 -0.1832702880102075 0.06056729598603337
transition 54 24 68 -0.48588077397289386 0.23624404019747364
transition 54 24 96 0.8043019941619325 0.7637559598025263
transition 55 0 30 0.2793530001301323 0.8474036048104809
transition 55 0 39 -0.8822492007019822 0.1525963951895191
transition 55 1 77 0.3700823280644443 0.19121641296123754
transition 55 1 20 0.6313196380366015 0.3977994413664381
transition 55 1 66 -0.11519590837768301 0.23414033120671005
transition 55 1 6 0.8326693831494907 0.17684381446561434
transition 55 2 31 0.2722988419364145 0.9051656017995321
transition 55 2 21 0.3489661266704269 0.09483439820046806
transition 55 3 57 0.578418992609216 0.481824178390344
transition 55 3 39 0.9953845515698487 0.03247129547873772
transition 55 3 31 -0.3743696374190413 0.48570452613091825
transition 55 4 20 0.9635033035815173 0.44762396854256337
transition 55 4 47 -0.9772535909995883 0.5523760314574366
transition 55 5 32 0.7254129056626362 0.18135356017814697
transition 55 5 92 -0.6764481901612505 0.07267256203877558
transition 55 5 42 -0.8988677103607019 0.34647347275343565
transition 55 5 18 0.49840170217345214 0.298440152516836
transition 55 5 50 -0.27874803023200534 0.10106025251280583
transition 55 6 60 0.5586807021945832 0.06093901443286818
transition 55 6 49 -0.9547121873063775 0.09498581433547519
transition 55 6 23 0.7550521939223989 0.41852361094639595
transition 55 6 88 0.5317596423986093 0.4255515602852606
transition 55 7 93 -0.021505541378193715 0.17656022825069762
transition 55 7 12 0.01375103870997818 0.2809049132650307
transition 55 7 83 -0.025089205688726635 0.26058515276059147
transition 55 7 31 0.6224357657986108 0.2819497057236803
transition 55 8 12 0.034568981487932415 0.1082570103985288
transition 55 8 94 0.30783656003247484 0.2644308028212047
transition 55 8 56 0.1662453297885853 0.19644492885103437
transition 55 8 57 -0.4139868817895993 0.3156398281300502
transition 55 8 4 0.6378405386733959 0.11522742979918202
transition 55 9 15 -0.8413497420983407 0.26957201921880997
transition 55 9 56 -0.926914557089255 0.26222064202206347
transition 55 9 21 0.3397355012929222 0.4465633757142712
transition 55 9 32 -0.02682679002464683 0.021643963044855344
transition 55 10 49 -0.33988136269741975 0.268147223789028
transition 55 10 45 -0.37861440233750865 0.008023001852790992
transition 55 10 18 -0.458950599678531 0.3215583057878006
transition 55 10 87 0.8140950812342143 0.3556566785858827
transition 55 10 79 0.3327528036349381 0.046614789984497786
transition 55 11 94 -0.7854194504135865 1.0
transition 55 12 89 -0.8324446778514139 0.06798375358228521
transition 55 12 29 -0.4998359816633604 0.35585958593402506
transition 55 12 61 0.5970618984002753 0.3589699293758061
transition 55 12 38 -0.9097574546327145 0.2171867311078837
transition 55 13 39 0.06319230425169708 0.3992455262293899
transition 55 13 41 0.7664841673340077 0.6007544737706101
transition 55 14 60 -0.6622412169221195 0.38469880775138704
transition 55 14 71 0.24529595135123072 0.34443134159694855
transition 55 14 12 -0.9771997140114554 0.2708698506516644
transition 55 15 41 0.49614697792915496 0.18336596187501025
transition 55 15 9 0.5290412458361184 0.1559520037174907
transition 55 15 84 -0.8824124286631445 0.6606820344074991
transition 55 16 75 0.5427414378245399 1.0
transition 55 17 93 0.7306671402530915 0.23115498387116842
transition 55 17 88 0.35736277634151614 0.7688450161288317
transition 55 18 16 -0.8646410486328402 0.3025893371612145
transition 55 18 92 -0.9650462827196569 0.2883937558119022
transition 55 18 63 -0.45741223578163726 0.2421753167274838
transition 55 18 24 0.3641877536886584 0.1668415902993996
transition 55 19 83 0.9592416869147236 0.5831552073556782
transition 55 19 92 -0.2623111764997581 0.12505505687581103
transition 55 19 30 -0.3338402118308199 0.29178973576851075
transition 55 20 92 0.8761441444744795 0.47253109913752067
transition 55 20 7 0.0694734084919526 0.15524817960384224
transition 55 20 9 -0.9193899985451643 0.3722207212586371
transition 55 21 93 -0.760065470350102 0.3656836585330171
transition 55 21 86 -0.42251208055387 0.2131975880548305
transition 55 21 3 0.7653979003157503 0.42111875341215244
transition 55 22 21 -0.3312887236265316 0.461055482458995
transition 55 22 81 0.8752272141516124 0.5359069709686883
transition 55 22 66 -0.6319456936282366 0.0030375465723166883
transition 55 23 14 0.689917924215691 1.0
transition 55 24 98 0.9277564744614872 0.24538556913512874
transition 55 24 37 0.23974982924632293 0.10055284618013105
transition 55 24 27 0.4921281347890527 0.28795850321367417
transition 55 24 44 0.9498767839734039 0.366103081471066
transition 56 0 29 -0.6834389895754307 1.0
transition 56 1 80 0.6919830310306208 0.9176994867338019
transition 56 1 43 0.052198575254889246 0.0823005132661981
transition 56 2 32 0.3890914514414112 1.0
transition 56 3 0 -0.661231287142924 0.09561750327764758
transition 56 3 92 -0.16031844336980616 0.23921259442030787
transition 56 3 22 0.4572806470137847 0.23822192538992207
transition 56 3 73 0.5317206554379328 0.06065653814400429
transition 56 3 39 0.9244993480386552 0.36629143876811815
transition 56 4 98 0.4469876405404132 0.3023256610901027
transition 56 4 41 0.04502102923897211 0.14757963168695895
transition 56 4 18 0.22974162099149398 0.34424856071256693
transition 56 4 54 -0.6659590440429404 0.2058461465103714
transition 56 5 20 0.14458586003817686 1.0
transition 56 6 80 -0.16109031863899692 0.7147068551295213
transition 56 6 36 0.8521978961347587 0.2852931448704788
transition 56 7 91 -0.07839962247333432 1.0
transition 56 8 22 0.46323704369525176 0.5035791921154407
transition 56 8 47 -0.6421261536535996 0.4964208078845592
transition 56 9 88 0.9648146116330201 0.8968635855926546
transition 56 9 67 0.038878081209197335 0.10313641440734547
transition 56 10 98 -0.8336795741045662 1.0
transition 56 11 39 -0.34811551741035873 0.07595457602217091
transition 56 11 7 -0.4674556369713827 0.21849722957368123
transition 56 11 92 0.20722786663473491 0.4042325482362781
transition 56 11 58 0.8140510414580571 0.04652354317776753
transition 56 11 94 0.780073228765441 0.25479210299010224
transition 56 12 60 -0.7928125376466388 0.07703043822725474
transition 56 12 81 0.7675771447247952 0.4827586342786392
transition 56 12 1 0.9667127088698915 0.44021092749410606
transition 56 13 33 0.1110808822772602 0.3600325813574384
transition 56 13 85 0.8638023345202632 0.23271906751742463
transition 56 13 2 0.8922191591990851 0.12496888576567074
transition 56 13 22 0.3329935373514965 0.2205332527946605
transition 56 13 21 0.1557250711378768 0.061746212564805725
transition 56 14 63 0.11262713731099394 0.3374255780532961
transition 56 14 91 0.4070764758808645 0.6625744219467039
transition 56 15 7 0.19210336058806043 1.0
transition 56 16 48 0.3722412960616781 0.20519977618504984
transition 56 16 24 -0.6922905048909382 0.26077320467948406
transition 56 16 82 -0.021070037743512016 0.15491967518429461
transition 56 16 25 0.4775219829857822 0.2941340723398116
transition 56 16 1 0.3524748231588992 0.08497327161135988
transition 56 17 8 -0.3690367243519477 0.6310407126532539
transition 56 17 26 -0.8453419397006956 0.18343306901454803
transition 56 17 41 0.9739224837941498 0.18552621833219804
transition 56 18 41 0.8392399582018468 0.49476118924492524
transition 56 18 12 0.1713929524497042 0.007078894163962974
transition 56 18 83 0.3559702640122937 0.49815991659111175
transition 56 19 65 -0.475564153232926 0.14635798251566176
transition 56 19 45 0.6450426767364459 0.4761111592295044
transition 56 19 4 0.4654085548778115 0.37753085825483385
transition 56 20 32 -0.9044354142311093 0.521139882280583
transition 56 20 20 -0.5067625169384478 0.4788601177194171
transition 56 21 55 -0.986300219433278 0.03538762166759711
transition 56 21 16 -0.9151634020753556 0.2451616398769123
transition 56 21 35 0.7065998462873802 0.27897726087706914
transition 56 21 50 -0.4424360510575551 0.26262152115381354
transition 56 21 17 -0.263887217036054 0.17785195642460785
transition 56 22 94 -0.44373970559377174 0.19008719796054213
transition 56 22 5 0.2936712062340818 0.22893627112229134
transition 56 22 87 0.5365847243058739 0.3756361031549656
transition 56 22 51 -0.2501061394883277 0.205340427762201
transition 56 23 27 0.0791642596500517 0.5449372956327674
transition 56 23 67 0.092991609057824 0.05066424612097594
transition 56 23 93 0.35063060137986346 0.1974420103766599
transition 56 23 63 0.49938418705050136 0.10710711517686099
transition 56 23 90 -0.5384839646341735 0.09984933269273581
transition 56 24 84 -0.2195542945303035 0.069748488858085
transition 56 24 83 0.13781222520394132 0.34571155986584506
transition 56 24 99 0.05109179495503735 0.39397827996548657
transition 56 24 8 0.1601229514076412 0.17572110862094406
transition 56 24 85 0.21701092722004556 0.01484056268963936
transition 57 0 89 0.31495190473535706 1.0
transition 57 1 27 0.38262871822698985 0.09285175346754823
transition 57 1 37 0.14809228942243302 0.3204113373066909
transition 57 1 33 0.915880553161476 0.5867369092257609
transition 57 2 40 -0.08095151960293356 0.19700970407189197
transition 57 2 9 0.9649575293090866 0.14407029953853767
transition 57 2 87 -0.4117755110568839 0.3370097373619874
transition 57 2 31 -0.8498476382163429 0.321910259027583
transition 57 3 55 -0.15553918263300126 0.5065674050737391
transition 57 3 81 0.5370024785806462 0.4934325949262609
transition 57 4 41 0.9808610298027611 0.3747764157012126
transition 57 4 37 -0.050114608639036495 0.6252235842987873
transition 57 5 2 0.13917251302517397 0.23732529316124407
transition 57 5 1 0.8315699726788384 0.2768165292540695
transition 57 5 91 -0.7616730444662276 0.30794719378081825
transition 57 5 73 -0.3817172227386805 0.10541714850517252
transition 57 5 48 0.27455204551749746 0.07249383529869559
transition 57 6 72 0.5215225921954632 1.0
transition 57 7 94 0.7178049262500155 0.2206867312573672
transition 57 7 5 0.7772172604975729 0.7793132687426327
transition 57 8 17 0.041362004434249755 0.2337496601649913
transition 57 8 61 -0.7231766068079579 0.22865893953811278
transition 57 8 58 0.6299388896047129 0.007738528256706282
transition 57 8 52 -0.8343658823148472 0.3252269333828438
transition 57 8 81 0.27119320195202623 0.20462593865734596
transition 57 9 99 0.8305453904383937 0.8911616485933801
transition 57 9 10 0.5586548078061011 0.10883835140661992
transition 57 10 21 0.07662122659346693 0.23353569774219632
transition 57 10 62 0.8761251364877514 0.07455050122951967
transition 57 10 1 -0.23433447944312769 0.18040170501954153
transition 57 10 13 0.7246399406598034 0.24426680519549618
transition 57 10 40 -0.009674842673359274 0.26724529081324633
transition 57 11 22 -0.6436958177124228 0.3630770277741859
transition 57 11 23 -0.4797661502092847 0.35195095934773646
transition 57 11 37 0.13748302723271166 0.28497201287807766
transition 57 12 55 -0.4423731747049351 0.2127324904499615
transition 57 12 66 0.4697434243968093 0.21915609407839395
transition 57 12 73 -0.34500823699284955 0.4054434170678734
transition 57 12 70 0.33957378557632056 0.16266799840377116
transition 57 13 38 0.00806003405739264 1.0
transition 57 14 17 0.09376447251235787 0.3667814785374569
transition 57 14 96 0.37281958293821016 0.08901863440332879
transition 57 14 1 0.2782534738139537 0.13753412249996358
transition 57 14 35 -0.4065326429095373 0.40666576455925074
transition 57 15 38 0.5234930729158025 1.0
transition 57 16 65 -0.22068098981578088 0.543470596490334
transition 57 16 96 0.002528428876568123 0.26728605840873154
transition 57 16 87 -0.27857062085223805 0.1892433451009343
transition 57 17 37 -0.3215627221024837 0.5466594744679518
transition 57 17 65 0.3694525162577811 0.1919350346195464
transition 57 17 88 0.4029325237165682 0.10023990305069279
transition 57 17 34 -0.1978689547409238 0.16116558786180898
transition 57 18 37 0.8791841153567503 0.16286967727754212
transition 57 18 4 -0.5313587561521289 0.24276583188903764
transition 57 18 75 -0.8344690652314386 0.33160433726512367
transition 57 18 84 -0.20468421231801193 0.044677505537516
transition 57 18 48 0.3924522108725379 0.21808264803078056
transition 57 19 60 0.7795229537831714 0.41956425383794943
transition 57 19 43 -0.6183387572852084 0.12920854098686196
transition 57 19 77 -0.6867901599842994 0.43926114104437797
transition 57 19 25 0.4049271167158923 0.0119660641308107
transition 57 20 53 -0.9868071133061858 0.08647412572124645
transition 57 20 51 -0.8251037358030275 0.30867508304252933
transition 57 20 54 -0.4242685307285001 0.17183745837686443
transition 57 20 16 -0.7711186569254336 0.21323294569465193
transition 57 20 18 0.23250118370288408 0.21978038716470788
transition 57 21 86 -0.27450991115459744 0.1410892141095283
transition 57 21 90 -0.9545428361637811 0.014114175582201738
transition 57 21 63 -0.7949451139636496 0.3126832031549723
transition 57 21 15 0.10417764434382581 0.23601934792752202
transition 57 21 70 -0.07426039449145039 0.29609405922577575
transition 57 22 95 -0.06287966221214836 0.27477460520805275
transition 57 22 56 0.8148916491423033 0.23725360793951192
transition 57 22 26 0.09487101924154984 0.2906760657221173
transition 57 22 4 -0.5567937186182106 0.14396025327329634
transition 57 22 33 0.9427808804898818 0.05333546785702173
transition 57 23 38 -0.7288914999847549 1.0
transition 57 24 60 0.4247333417447867 0.05370888494904255
transition 57 24 26 0.0506712172564201 0.22667155036465453
transition 57 24 80 0.17324526138037122 0.069748866929758
transition 57 24 69 0.831554017610961 0.6498706977565449
transition 58 0 20 -0.9013186537324438 0.47837056246710663
transition 58 0 55 -0.8579005648707276 0.35462961378100266
transition 58 0 16 -0.23293274608859615 0.1669998237518906
transition 58 1 89 0.0003349958271881004 0.39913577243551257
transition 58 1 52 0.9645543800674838 0.23466962218987023
transition 58 1 79 -0.5622693564843488 0.36619460537461723
transition 58 2 21 -0.8860536073480663 0.42717224690982175
transition 58 2 46 0.10584265807896998 0.5728277530901783
transition 58 3 66 0.1476629916544574 1.0
transition 58 4 7 0.4386961688973934 1.0
transition 58 5 50 -0.8408313285083802 1.0
transition 58 6 23 0.4359932466125549 0.26460476181388165
transition 58 6 65 -0.8313663480495976 0.11907418051910049
transition 58 6 37 -0.343863475482425 0.24051634074091882
transition 58 6 28 -0.8077976858093949 0.37580471692609896
transition 58 7 44 -0.5815423862032023 0.21268979445873787
transition 58 7 31 0.6365061989614866 0.05746376164243327
transition 58 7 6 -0.7384595998440013 0.4117595007943262
transition 58 7 8 -0.7936943186313472 3.162313577517283e-05
transition 58 7 52 0.34048401520424143 0.31805531996872755
transition 58 8 9 -0.7315634946033096 0.3082246506221183
transition 58 8 95 0.2212330711880801 0.4759305501508966
transition 58 8 84 -0.6994097278193376 0.11536093981641668
transition 58 8 72 0.9946201744772074 0.10048385941056855
transition 58 9 70 0.8315583668954356 0.13358839645679807
transition 58 9 27 0.09808647493942013 0.3241974541581027
transition 58 9 79 0.40036162099787553 0.048538063766003475
transition 58 9 2 -0.12380493055645414 0.007324388106551516
transition 58 9 99 -0.3593172937168665 0.4863516975125443
transition 58 10 65 -0.04993674447359364 0.5863013605835365
transition 58 10 94 0.47261130790618 0.41369863941646356
transition 58 11 43 0.09822727229290451 0.08032249683409584
transition 58 11 90 0.4458488769532709 0.2509984344479074
transition 58 11 3 -0.4747493053898939 0.2717239637583425
transition 58 11 61 -0.9093224082933942 0.39695510495965425
transition 58 12 1 0.26052240243449654 0.660912809542311
transition 58 12 91 -0.34403762760667167 0.22659142143511163
transition 58 12 45 0.2655020822341052 0.11249576902257731
transition 58 13 55 0.19460613461785292 0.6044042390419011
transition 58 13 68 -0.42436871954867983 0.29466998046219767
transition 58 13 61 -0.8021485645972828 0.10092578049590119
transition 58 14 38 -0.3409161818834967 0.2357281781320634
transition 58 14 8 -0.8827176047266929 0.3015304827168049
transition 58 14 4 -0.045770621876641826 0.22274381710677058
transition 58 14 23 0.2904662446828594 0.22130481620280532
transition 58 14 71 0.6368355567255499 0.018692705841555853
transition 58 15 96 0.7563941129517524 0.3994710163547928
transition 58 15 88 0.8666881065492262 0.3426716897739409
transition 58 15 44 0.3514340295933407 0.08572888705242203
transition 58 15 5 0.13009760717836283 0.17212840681884417
transition 58 16 39 0.7298351161226799 0.3014043976552022
transition 58 16 68 -0.8464919009627743 0.39259679374421186
transition 58 16 24 -0.7873894329187119 0.30599880860058587
transition 58 17 18 -0.19095126257559758 0.27501340096120863
transition 58 17 57 -0.6675265937086998 0.0030763789277667383
transition 58 17 56 0.883354980170328 0.2573847334547475
transition 58 17 51 0.8106911476389889 0.18556572713892353
transition 58 17 38 -0.29370592199060175 0.2789597595173537
transition 58 18 91 0.690168885927118 0.9996194900410035
transition 58 18 44 -0.06853551089800969 0.00038050995899653394
transition 58 19 37 -0.6272278405455698 0.6165385747491418
transition 58 19 36 -0.9219468946560752 0.08882737903690237
transition 58 19 17 0.1822555507886483 0.294634046213956
transition 58 20 99 -0.8673511017165088 0.4502426186033431
transition 58 20 63 0.14570872011408498 0.549757381396657
transition 58 21 63 0.04950092592810629 0.9655624971867546
transition 58 21 55 -0.027924789466995392 0.03443750281324538
transition 58 22 43 0.08460087805169181 0.25084135809099606
transition 58 22 44 0.7631356480605778 0.19472018511706787
transition 58 22 53 -0.8392039387120387 0.24137772708933453
transition 58 22 96 -0.7048739209563721 0.20554935278342965
transition 58 22 14 0.6652253643345747 0.10751137691917183
transition 58 23 58 0.766273489197703 0.5272121200635085
transition 58 23 84 -0.22125674591358568 0.44100167254553707
transition 58 23 30 -0.08085597451720394 0.03178620739095436
transition 58 24 64 -0.8954865974446837 0.20269004003937213
transition 58 24 46 -0.9741107528273123 0.3394889815014822
transition 58 24 67 0.6286353306358727 0.3128884726253535
transition 58 24 65 -0.006959660475583718 0.1449325058337921
transition 59 0 59 -0.8978703507810921 0.09558440349135534
transition 59 0 26 -0.23431401915225902 0.38498224379405294
transition 59 0 87 -0.6658253529101021 0.2848360355181733
transition 59 0 23 0.2931580954719817 0.23459731719641838
transition 59 1 81 -0.5232487112062674 0.8294524597526765
transition 59 1 31 0.9338462031444223 0.17054754024732358
transition 59 2 78 -0.6263847928263924 0.18091270944909152
transition 59 2 77 -0.7069993450502405 0.8190872905509083
transition 59 3 31 -0.8601425693747273 0.30543743589623623
transition 59 3 23 -0.15945523261902017 0.3687381709536267
transition 59 3 26 0.5072041465978658 0.32582439315013706
transition 59 4 48 0.726441957469359 1.0
transition 59 5 16 0.7034907089778293 0.27573922561497927
transition 59 5 22 -0.4451829852604716 0.14246702994049304
transition 59 5 70 -0.09528729142807513 0.27382961720761334
transition 59 5 35 0.3135490305803814 0.30796412723691435
transition 59 6 94 0.026586494093876256 0.2414630021124442
transition 59 6 40 0.858417875463904 0.29557263165782593
transition 59 6 63 0.12737809013285406 0.19554819627537284
transition 59 6 32 0.5550369552402599 0.267416169954357
transition 59 7 49 -0.650723701129039 0.014400104599070781
transition 59 7 58 -0.2805855365483707 0.4979081085445494
transition 59 7 88 -0.0026259040097651454 0.216862368994472
transition 59 7 82 -0.6862145844145442 0.2708294178619078
transition 59 8 85 0.8260325069953323 0.17429368448702168
transition 59 8 16 -0.6171154015407412 0.43468774576781044
transition 59 8 1 -0.9740756696011192 0.002837929344043271
transition 59 8 6 0.05630474138571029 0.2988271117748764
transition 59 8 18 -0.18707594380592485 0.08935352862624808
transition 59 9 73 0.5978248650511824 0.2637980704049867
transition 59 9 53 0.6322607998074024 0.04055698915377007
transition 59 9 50 0.548061112827696 0.36226816238331677
transition 59 9 59 -0.8952608542840024 0.3333767780579264
transition 59 10 95 0.24946033594645645 0.416995289501549
transition 59 10 86 0.6686905189331882 0.583004710498451
transition 59 11 83 -0.8843337480269495 0.37605650299497745
transition 59 11 41 0.4618260211327503 0.4801418916418961
transition 59 11 50 -0.8823820369494615 0.14380160536312644
transition 59 12 0 0.5623259001706504 0.8018735232590298
transition 59 12 51 -0.19240294057310803 0.19812647674097023
transition 59 13 23 -0.28575047823830557 0.274896031639339
transition 59 13 65 0.2726549422093909 0.3542136367133829
transition 59 13 39 -0.38610618127753393 0.14426269764041635
transition 59 13 41 0.1179690582554278 0.04126569297155495
transition 59 13 85 -0.7676787960895768 0.18536194103530673
transition 59 14 45 -0.23201776978788824 0.3529897700309991
transition 59 14 11 0.5081688783724936 0.3125337371473065
transition 59 14 3 -0.7847464368905579 0.24168560250376672
transition 59 14 70 0.5923421059469856 0.09279089031792769
transition 59 15 45 -0.128670282780752 0.17863955375597484
transition 59 15 77 0.22862699112227358 0.4088210811914201
transition 59 15 8 0.07421631306502685 0.412539365052605
transition 59 16 16 0.15664478561824247 0.3503550774133318
transition 59 16 53 -0.26154413330313275 0.2101512886580452
transition 59 16 1 -0.45862250809058014 0.3807755423765361
transition 59 16 65 0.973091411968682 0.05871809155208702
transition 59 17 20 0.8312988029461854 0.08696006167800652
transition 59 17 6 0.13500079545842514 0.11546326618689191
transition 59 17 97 -0.9746268025069598 0.08885111756226367
transition 59 17 4 0.7412021316354118 0.4165918641909847
transition 59 17 69 0.36326250390395187 0.29213369038185316
transition 59 18 67 -0.7105908442861095 1.0
transition 59 19 86 -0.4665101772669653 1.0
transition 59 20 14 -0.3168708402898677 0.40842795984170344
transition 59 20 99 0.9387843905346247 0.5915720401582966
transition 59 21 87 0.5560564978499476 0.3644627295162208
transition 59 21 45 0.5069474497104736 0.29920763189890087
transition 59 21 40 -0.9844507548616268 0.3363296385848783
transition 59 22 48 0.24250959432904629 1.0
transition 59 23 61 0.526374693169289 0.31528160912373165
transition 59 23 72 -0.2170071333664758 0.21720335746418032
transition 59 23 16 0.5202567247848375 0.03447030587424309
transition 59 23 30 -0.06502515754886695 0.022395846712574764
transition 59 23 56 0.12498046166915411 0.4106488808252701
transition 59 24 97 0.765542247458848 0.036253097369886626
transition 59 24 92 -0.26811148835700194 0.20125179172878896
transition 59 24 59 0.5376703622431629 0.3429742965347841
transition 59 24 68 -0.09903262915824462 0.07267863089362658
transition 59 24 95 0.9397848251440721 0.3468421834729137
transition 60 0 57 -0.09921885615640846 0.30050426649805234
transition 60 0 54 0.37440648041002556 0.23400735371279033
transition 60 0 22 0.8445880010032927 0.035154794945078664
transition 60 0 7 -0.9777439926739879 0.3428458799396269
transition 60 0 28 -0.2191816499074264 0.08748770490445179
transition 60 1 16 -0.2009540475688112 0.22750083705347038
transition 60 1 35 -0.1821253199881725 0.2308274422339774
transition 60 1 49 -0.9967981751712711 0.21793887716545976
transition 60 1 41 -0.7654129433256744 0.24510377046770715
transition 60 1 75 -0.5584116686884357 0.07862907307938531
transition 60 2 97 -0.25254876134668414 0.419580160447767
transition 60 2 76 -0.8973676867598932 0.02044158610215957
transition 60 2 52 0.05649514195404537 0.2670585876245513
transition 60 2 74 0.8396726791876965 0.06563204033407902
transition 60 2 42 0.9565488361861343 0.22728762549144296
transition 60 3 51 0.4389442183332708 0.43338008431295993
transition 60 3 76 -0.12660628850957356 0.10586920989571362
transition 60 3 57 -0.11414247941851885 0.23449865526673574
transition 60 3 25 0.848425034123871 0.22625205052459071
transition 60 4 31 -0.9741701426152911 0.236499714392431
transition 60 4 9 0.7949271019870905 0.06938937789462524
transition 60 4 46 -0.37574376099082296 0.3287724888230681
transition 60 4 75 0.25126769117343595 0.17946155544294018
transition 60 4 71 -0.8028423054321674 0.18587686344693546
transition 60 5 38 0.46888649977636376 1.0
transition 60 6 14 -0.8134072435333182 0.5908464110928366
transition 60 6 77 -0.1475377653938552 0.18062095829338706
transition 60 6 29 -0.6197195568589711 0.20741439710771045
transition 60 6 56 0.08604722785266028 0.012808083413036603
transition 60 6 2 -0.46415427371314566 0.008310150093029116
transition 60 7 78 0.6204640677008286 0.19797930789162171
transition 60 7 67 -0.3916948880722473 0.8020206921083782
transition 60 8 40 -0.32981665617917577 0.5675906377080702
transition 60 8 26 -0.6850081570371322 0.027810132410418683
transition 60 8 15 -0.9011314206959846 0.4045992298815112
transition 60 9 94 0.7516128094397676 1.0
transition 60 10 3 -0.9444697491871674 0.2530655980192818
transition 60 10 69 0.013529683392703218 0.23784874088395971
transition 60 10 76 -0.028779176142113005 0.083423844961397
transition 60 10 32 0.5414699626208201 0.12668920329517552
transition 60 10 35 -0.7841902953307367 0.29897261284018595
transition 60 11 82 0.9929971762674539 0.25386762909955324
transition 60 11 50 0.6444329324006048 0.21334505056388778
transition 60 11 5 -0.9975138331649431 0.532787320336559
transition 60 12 95 -0.6456251302097555 1.0
transition 60 13 39 -0.6349169589792572 1.0
transition 60 14 26 0.5124868715856661 0.29026235914829235
transition 60 14 24 0.5573155057482264 0.29110180180969286
transition 60 14 62 0.3873668024213661 0.28950238124974054
transition 60 14 96 -0.8309351363118322 0.1291334577922742
transition 60 15 2 0.15052322384422845 0.4204201811475442
transition 60 15 76 0.3985988951744097 0.5795798188524558
transition 60 16 75 -0.5522600030691311 0.7357967764698247
transition 60 16 25 0.7966123884693088 0.11635115330041872
transition 60 16 98 -0.06805094824018276 0.14785207022975666
transition 60 17 96 0.21517770964241123 1.0
transition 60 18 87 -0.11810519197081715 1.0
transition 60 19 4 -0.5804723236587017 0.15806595508593044
transition 60 19 22 -0.5606839517367972 0.002345758932420903
transition 60 19 57 0.6992415695105076 0.28195902975382103
transition 60 19 70 -0.7424302014457262 0.19519242394940314
transition 60 19 85 0.3328454385761852 0.3624368322784244
transition 60 20 53 -0.7385409641814533 1.0
transition 60 21 1 0.03502028159914916 0.33273157951448984
transition 60 21 90 -0.6372048524725318 0.6672684204855102
transition 60 22 4 -0.3749524510600406 1.0
transition 60 23 33 0.9416741014148922 0.17109349973279459
transition 60 23 77 -0.9450523046399173 0.19879859339505437
transition 60 23 27 -0.44010087455507696 0.18286266246992408
transition 60 23 48 -0.11546609825881538 0.08465318421621526
transition 60 23 99 0.878783108080593 0.3625920601860118
transition 60 24 47 -0.3730898100120117 0.24694885740292122
transition 60 24 31 -0.39326855077139955 0.2877952575504208
transition 60 24 53 -0.10630219642468308 0.465255885046658
transition 61 0 34 -0.5992119408496623 0.018682170074034124
transition 61 0 65 0.5769234298526844 0.9813178299259658
transition 61 1 15 0.9504241829971698 0.372949373171922
transition 61 1 91 -0.8921672904585041 0.326280802392119
transition 61 1 74 -0.9750898581810865 0.30076982443595895
transition 61 2 96 0.1402695362105555 0.10397538398395667
transition 61 2 27 -0.9471044719615138 0.253717441649979
transition 61 2 92 -0.6362967064308387 0.28871270136459015
transition 61 2 64 0.8161113769011359 0.20524592966163197
transition 61 2 67 -0.6820857149497872 0.1483485433398423
transition 61 3 18 -0.12027249702900278 0.3828580802611151
transition 61 3 77 -0.9691793060220844 0.12537888776020206
transition 61 3 5 -0.5778957173248622 0.4917630319786828
transition 61 4 72 -0.14136590210719802 0.5555356972323193
transition 61 4 34 -0.21647233653170983 0.30101779423857045
transition 61 4 62 -0.47362963461413354 0.14344650852911012
transition 61 5 75 0.8860623058603878 0.1227504637345314
transition 61 5 94 0.029679036162457484 0.6531453383202591
transition 61 5 76 -0.6444123783769877 0.2241041979452096
transition 61 6 34 0.7719343794841711 1.0
transition 61 7 10 0.9875231957778281 0.294840258056823
transition 61 7 52 0.7411552861549662 0.2514442427518903
transition 61 7 4 0.32876430270841217 0.27990436446826344
transition 61 7 43 0.5499838842252247 0.17381113472302318
transition 61 8 37 -0.6131791051427886 0.4707298032958449
transition 61 8 45 -0.7396876221045263 0.5292701967041551
transition 61 9 75 0.42878091600360246 0.7910377991937153
transition 61 9 41 0.1166423747152503 0.2089622008062847
transition 61 10 30 -0.817933930657599 0.11122350094586625
transition 61 10 59 -0.7820082542438627 0.10721423101161477
transition 61 10 54 0.7513841348309414 0.2183643212107392
transition 61 10 28 0.8476624182010293 0.44042856436063305
transition 61 10 64 -0.5478184287816665 0.12276938247114663
transition 61 11 54 0.36076698917744787 0.2209935701720267
transition 61 11 87 0.35174833109956527 0.2738371330858627
transition 61 11 82 -0.01236854815498556 0.10617606178514824
transition 61 11 25 -0.44123223849180837 0.2112916494601914
transition 61 11 34 0.1539238128201661 0.187701585496771
transition 61 12 99 -0.17697489001199296 0.3082538247229652
transition 61 12 60 0.19751152515373072 0.30131533073234806
transition 61 12 40 0.739624668081523 0.39043084454468674
transition 61 13 84 0.7808093685774657 0.3321849316922764
transition 61 13 78 -0.49188234509596973 0.5884787127259071
transition 61 13 7 -0.9554299231592971 0.07933635558181636
transition 61 14 47 -0.8749211011689773 1.0
transition 61 15 0 0.4626795461989981 0.4475357762025838
transition 61 15 8 0.6118228260903154 0.1007126373162325
transition 61 15 31 -0.9467977597745949 0.4517515864811838
transition 61 16 38 0.7015635466907855 0.21717551656224562
transition 61 16 62 -0.856258886808194 0.7828244834377543
transition 61 17 43 -0.43730040219250244 0.6663973375159405
transition 61 17 77 0.2861715108052407 0.3336026624840594
transition 61 18 69 0.7393162223709835 0.23725544673778814
transition 61 18 76 0.20413255832031219 0.5831316673476507
transition 61 18 92 -0.18407790192576234 0.17961288591456118
transition 61 19 14 -0.5717603704025784 0.2892059300860871
transition 61 19 96 0.7316704171499384 0.48813231359456477
transition 61 19 42 0.9152398200242298 0.2226617563193481
transition 61 20 37 -0.2064031281526617 0.27861682350626293
transition 61 20 90 0.8679292902363172 0.2982043404062929
transition 61 20 81 -0.8292239130195447 0.10607570555075195
transition 61 20 36 0.627685863729111 0.31710313053669226
transition 61 21 99 0.8967419138986068 0.22994298614681952
transition 61 21 69 0.2513859073114548 0.08786084108871176
transition 61 21 31 0.12213449671067966 0.046852032992256695
transition 61 21 28 -0.47644167545826765 0.3904150928403513
transition 61 21 13 0.2649127288418953 0.24492904693186068
transition 61 22 18 0.33677450434888256 0.28350492542795797
transition 61 22 96 0.2091379595518068 0.04967958461892772
transition 61 22 74 0.6059509483568624 0.29117907343737315
transition 61 22 45 0.9875128388088792 0.37563641651574114
transition 61 23 23 -0.22951617578286432 1.0
transition 61 24 68 0.31544237683779164 0.3298729390569493
transition 61 24 90 -0.07557968377691315 0.3839679552900938
transition 61 24 95 -0.1515359483415586 0.05609170150850338
transition 61 24 50 -0.3518659986029886 0.23006740414445354
transition 62 0 40 -0.8587306292637815 0.4573911058267458
transition 62 0 38 -0.47791357001436063 0.2521655400072612
transition 62 0 34 -0.24574092648694434 0.290443354165993
transition 62 1 20 -0.26940719246785805 0.15492370526253132
transition 62 1 37 0.46128481078574834 0.2842428225477395
transition 62 1 62 0.20742816881192883 0.36580523385376856
transition 62 1 49 -0.9289093965276207 0.1950282383359605
transition 62 2 27 -0.030029641875949142 0.6107832303625729
transition 62 2 70 -0.16303511184742603 0.3888586598994376
transition 62 2 71 -0.6342995878362179 0.0003581097379895135
transition 62 3 70 0.14681503120719652 0.055486069701007126
transition 62 3 11 -0.38673462916999024 0.39331998553506076
transition 62 3 36 -0.2829517204237533 0.38843470534092994
transition 62 3 1 -0.8743840223103907 0.16275923942300224
transition 62 4 30 -0.3402149343597134 1.0
transition 62 5 1 -0.12070131163095965 0.4354545172167432
transition 62 5 92 -0.08157784895103193 0.08902619969114209
transition 62 5 88 0.4092090754282729 0.06612505838182155
transition 62 5 48 -0.2224962116586311 0.40939422471029324
transition 62 6 98 0.03856485890871264 0.10663114224492162
transition 62 6 28 0.6468728327756765 0.23142307268515364
transition 62 6 30 0.9692275264786789 0.2790410182735913
transition 62 6 7 -0.7892076369058569 0.28682325346048315
transition 62 6 60 -0.9385387366463973 0.09608151333585035
transition 62 7 18 0.2222990261742448 1.0
transition 62 8 74 0.314076816919731 0.11230308757565081
transition 62 8 89 0.8762812694691442 0.17201722261453728
transition 62 8 5 -0.2006744862238754 0.2041093577793959
transition 62 8 54 0.05319312800683473 0.28485241337151407
transition 62 8 2 0.39672753696368357 0.22671791865890203
transition 62 9 23 0.40891068015052623 0.08278254069213987
transition 62 9 69 -0.22486109351489691 0.3188960023952521
transition 62 9 26 0.4143601171409146 0.36176592950850733
transition 62 9 43 0.29866166575791486 0.23655552740410074
transition 62 10 37 -0.6579407401401962 0.6760636048505474
transition 62 10 57 -0.0721504655939258 0.002191246943640969
transition 62 10 12 -0.86362775142441 0.04773804798451855
transition 62 10 31 -0.9491108362539413 0.2740071002212931
transition 62 11 38 0.9933614356914837 0.7784549327400777
transition 62 11 74 -0.955998987820889 0.11462726405176767
transition 62 11 93 -0.19940938199939762 0.10691780320815451
transition 62 12 11 -0.7879118741580153 0.19224911635051756
transition 62 12 93 -0.6457638353928925 0.6921687345063771
transition 62 12 58 -0.19289918461687616 0.11558214914310547
transition 62 13 76 0.04378836970144051 1.0
transition 62 14 75 -0.45203677915500373 0.04386266789780732
transition 62 14 1 0.9349468809101948 0.13419433732599692
transition 62 14 67 -0.8240938956965294 0.4450781298220159
transition 62 14 79 0.8591645943708881 0.35423177058728667
transition 62 14 6 0.49697299001557527 0.022633094366893227
transition 62 15 90 -0.06023720475614125 0.27911988737900706
transition 62 15 77 -0.6644663996728475 0.2699609984235387
transition 62 15 0 -0.22636613363230929 0.0188058914702079
transition 62 15 94 -0.45959087628938433 0.2612601876552088
transition 62 15 45 -0.509946920402498 0.17085303507203747
transition 62 16 21 0.3563834520436493 0.22040010067729088
transition 62 16 25 0.9794160188689833 0.38008367236198703
transition 62 16 20 0.14391081220711288 0.39951622696072214
transition 62 17 94 0.6675424922770232 0.48498216262508986
transition 62 17 75 -0.3999067107826333 0.4861373652232225
transition 62 17 42 -0.26288307364746677 0.028880472151687604
transition 62 18 29 0.3362433902155155 1.0
transition 62 19 26 0.48779283872370094 0.04711660082015708
transition 62 19 1 0.6503712765698664 0.2967283964911793
transition 62 19 55 0.9525321475332689 0.24360147333396046
transition 62 19 20 0.0339949093832681 0.2983364961316347
transition 62 19 66 0.20906260684693123 0.1142170332230684
transition 62 20 95 -0.7662549128252869 0.3176068366152484
transition 62 20 52 0.3288747635546032 0.3026595837689339
transition 62 20 34 0.6011581268378139 0.03705199096713455
transition 62 20 88 -0.9511968584679789 0.3426815886486831
transition 62 21 9 0.957530828605083 1.0
transition 62 22 36 -0.9811746209812415 0.369539541046713
transition 62 22 19 0.24926831534260452 0.16572138764098784
transition 62 22 56 -0.4001559163255526 0.13836581564581968
transition 62 22 7 0.6635955541997751 0.10313835453430809
transition 62 22 73 0.21221930606328465 0.22323490113217132
transition 62 23 31 0.4767281178906244 1.0
transition 62 24 45 0.04104711701306485 1.0
transition 63 0 44 0.804288471641331 0.5641718577942321
transition 63 0 20 -0.2244173126733886 0.435828142205768
transition 63 1 80 0.2614832790447561 1.0
transition 63 2 8 0.29489898921044055 0.0810978212306469
transition 63 2 67 0.08931041719283273 0.18007161998045476
transition 63 2 0 -0.21987722810561539 0.41360670866731924
transition 63 2 32 -0.12777622951996048 0.3252238501215791
transition 63 3 67 0.28661791988926 0.21575225211624283
transition 63 3 13 -0.6739571996050304 0.21622888467514262
transition 63 3 75 0.17272527232777057 0.16863008035694418
transition 63 3 89 -0.200156988850674 0.22577887065149313
transition 63 3 85 0.4977954225942962 0.1736099122001772
transition 63 4 78 0.16452495364977837 0.10586054730615126
transition 63 4 75 -0.6770594193426758 0.772829672159872
transition 63 4 25 0.923380514566702 0.12130978053397673
transition 63 5 25 -0.12996372944316148 0.21824925613667637
transition 63 5 36 -0.8757261409672494 0.028277418289653123
transition 63 5 33 -0.3411130256290149 0.33001783480060354
transition 63 5 64 -0.09398654045190513 0.423455490773067
transition 63 6 49 0.5219902377046284 0.28675251940675645
transition 63 6 86 -0.7648993525817309 0.5627666973799514
transition 63 6 90 -0.6711839988399839 0.1504807832132922
transition 63 7 7 -0.49565375245667176 0.22929528274940633
transition 63 7 21 -0.32465913814391456 0.17514726087374813
transition 63 7 72 0.6770759103010826 0.22639507079959814
transition 63 7 6 -0.8292475257384455 0.1884703662505169
transition 63 7 16 -0.702045389260237 0.18069201932673054
transition 63 8 11 -0.7420674778065983 0.09330279906956393
transition 63 8 99 0.3289469611626208 0.02764171051963069
transition 63 8 5 0.28404851956809285 0.8790554904108053
transition 63 9 9 -0.4715220342253905 0.4192504550305322
transition 63 9 20 0.051094768720074235 0.016584519368893876
transition 63 9 4 -0.591087834354721 0.08145388097609584
transition 63 9 34 -0.06482270326212292 0.48271114462447806
transition 63 10 10 -0.5615116254935835 0.4685836039331921
transition 63 10 12 0.504299746353694 0.08658243517759104
transition 63 10 63 0.020593764069387177 0.28296695226102664
transition 63 10 92 -0.6936934123369962 0.1618670086281902
transition 63 11 73 -0.7057809514098978 1.0
transition 63 12 95 -0.8952572314386225 0.3671348366553518
transition 63 12 88 -0.5668111245235445 0.20107112383919054
transition 63 12 61 -0.043719015750826484 0.2506894584401164
transition 63 12 92 -0.8887041009259657 0.023383153013413493
transition 63 12 27 0.6728766469446761 0.1577214280519277
transition 63 13 8 -0.6058481305541643 0.12930990228537345
transition 63 13 80 -0.8722837833163657 0.1711678356398343
transition 63 13 64 0.36896823275483825 0.21607946567051434
transition 63 13 14 0.5707664072411693 0.15105769426648422
transition 63 13 37 0.6524284588847837 0.3323851021377937
transition 63 14 6 0.14399374618016014 0.3978828222825636
transition 63 14 69 0.9537248876538083 0.1398969059001036
transition 63 14 28 -0.27715055270275246 0.4622202718173327
transition 63 15 27 0.2969760171092146 0.10927267929669192
transition 63 15 62 0.4170122221235313 0.019383430644936833
transition 63 15 28 0.4853558411799874 0.41921561553079834
transition 63 15 43 0.3677320667059547 0.050157809941405784
transition 63 15 70 -0.33536691746343616 0.4019704645861672
transition 63 16 30 0.9549750598425124 0.25657281021526723
transition 63 16 6 -0.8795208243204309 0.3887003675378464
transition 63 16 36 0.5142489947623452 0.16098534058753797
transition 63 16 90 0.7738170813560465 0.19374148165934849
transition 63 17 98 -0.5309711377004271 0.3595526998433547
transition 63 17 38 0.40254497428391844 0.17159141850760837
transition 63 17 30 0.8889265743148382 0.46885588164903685
transition 63 18 58 0.6326411176784408 0.10639284665993166
transition 63 18 49 0.24032797448089882 0.8936071533400685
transition 63 19 1 0.05067631778599235 0.42568740089183854
transition 63 19 86 -0.16312083038287462 0.0675760653418078
transition 63 19 28 0.43771663081696266 0.2848934599611208
transition 63 19 49 0.3650209888394156 0.22184307380523285
transition 63 20 65 0.423003209281378 0.3300038632376522
transition 63 20 51 0.5031522503817067 0.4158720223005334
transition 63 20 10 -0.6401389127681198 0.25412411446181443
transition 63 21 5 -0.9067289351635444 0.15470847936000925
transition 63 21 9 -0.11214765142420968 0.8452915206399908
transition 63 22 9 -0.3475613631082488 0.5462486637661434
transition 63 22 68 -0.5862595313241801 0.03337978201528527
transition 63 22 31 0.6627490282285653 0.2815527742986995
transition 63 22 61 0.794592148163165 0.1388187799198718
transition 63 23 56 -0.6848273915695573 0.26421739186264226
transition 63 23 98 -0.20448441477689405 0.3887638516837517
transition 63 23 42 0.8471633715962799 0.34701875645360614
transition 63 24 71 -0.35135558285650714 0.08798705470236501
transition 63 24 64 0.31003888011994474 0.15412789500510124
transition 63 24 49 0.022304986073670374 0.15752250876878823
transition 63 24 1 -0.21744993986670247 0.25706641570279626
transition 63 24 47 -0.6044354591788383 0.34329612582094937
transition 64 0 0 0.38101213779109644 1.0
transition 64 1 79 -0.9529816193003957 1.0
transition 64 2 64 0.9788637524127675 0.23201714976044666
transition 64 2 13 0.2114397117191722 0.17279127380700676
transition 64 2 15 0.12725355015649864 0.5951915764325466
transition 64 3 46 -0.5653870150880764 0.255585561817328
transition 64 3 54 0.61197708745873 0.08951072490005421
transition 64 3 9 0.20703186981725752 0.1760060151914592
transition 64 3 75 -0.6059263712483001 0.47889769809115856
transition 64 4 15 0.6024970568282089 0.3892108322996204
transition 64 4 73 -0.6009089982224542 0.6107891677003796
transition 64 5 23 -0.986298790926806 0.4614439827421353
transition 64 5 13 -0.5559960556917547 0.5385560172578647
transition 64 6 62 -0.06102767526675246 0.3035973449906255
transition 64 6 73 0.19281705450419317 0.2773464118203137
transition 64 6 13 0.16179919911781382 0.24296447199293242
transition 64 6 55 0.4401224304659701 0.17609177119612832
transition 64 7 23 0.9197459704019106 0.40505967102360135
transition 64 7 19 -0.41809688964829195 0.4405524950747077
transition 64 7 32 -0.9426865029248752 0.15438783390169092
transition 64 8 46 -0.29146883521921474 0.8140115009080775
transition 64 8 65 -0.5556437414334936 0.18598849909192247
transition 64 9 21 -0.2621096076560776 0.3401113568849513
transition 64 9 4 -0.9557149920371966 0.6598886431150488
transition 64 10 83 0.08786488111894131 0.31763101944620675
transition 64 10 31 0.8939861312571347 0.5455175168459503
transition 64 10 30 0.6968339596299635 0.1368514637078429
transition 64 11 16 -0.2261050855965392 0.387105773454254
transition 64 11 77 0.09601238638440024 0.612894226545746
transition 64 12 93 0.5833629766625499 0.4216032343198078
transition 64 12 37 -0.6695841861802765 0.5783967656801923
transition 64 13 29 0.6865136597987078 0.5078373429170416
transition 64 13 43 0.49890313446602796 0.07016851113632677
transition 64 13 45 0.13196700725950228 0.42199414594663165
transition 64 14 85 0.1169222094769935 0.17366194479298974
transition 64 14 30 -0.03807575172201805 0.2210287991293027
transition 64 14 17 0.09035786818962777 0.2897625210566909
transition 64 14 72 0.721080162381603 0.2733534670287136
transition 64 14 26 -0.052922254482448805 0.042193267992303024
transition 64 15 84 0.49574394285273815 0.3517044526680284
transition 64 15 39 -0.9328324656347879 0.16489436034632304
transition 64 15 10 -0.5363227664184298 0.21555930176132337
transition 64 15 81 0.2652171547913189 0.2678418852243252
transition 64 16 38 -0.294668470633493 0.39399327443874965
transition 64 16 1 0.9394751308657199 0.005206033353451522
transition 64 16 46 0.944048458206538 0.1134504352936908
transition 64 16 39 -0.5250044167660934 0.3855663392115254
transition 64 16 87 0.9696798024871702 0.1017839177025826
transition 64 17 71 -0.2421568433965633 0.3202672797766635
transition 64 17 86 -0.37224461069761183 0.3043164092468949
transition 64 17 15 -0.5464342934761457 0.37541631097644157
transition 64 18 40 0.049751705408003 1.0
transition 64 19 2 0.938653177983996 0.025828867326364486
transition 64 19 3 0.3722796605468046 0.28373970340541127
transition 64 19 73 -0.11763850041607804 0.26706983985154154
transition 64 19 29 -0.739941750059927 0.32540392070401697
transition 64 19 91 0.04110224682649344 0.09795766871266581
transition 64 20 81 -0.4868953233214528 0.6200064574464291
transition 64 20 77 0.22716773398955503 0.3799935425535709
transition 64 21 56 0.11649918105088797 0.32078142090354655
transition 64 21 96 -0.4608558962128555 0.30981692824254026
transition 64 21 7 -0.8698035480576247 0.07583081072336442
transition 64 21 50 -0.09399147789439444 0.29357084013054874
transition 64 22 99 -0.7183990910990652 0.1986033201120315
transition 64 22 95 0.31172260613888714 0.2300342255804188
transition 64 22 71 -0.04337086993602757 0.5713624543075496
transition 64 23 21 0.40032132410272925 0.05064066741307985
transition 64 23 54 -0.39777229275342707 0.43740966239361295
transition 64 23 95 -0.0705222990539307 0.5119496701933072
transition 64 24 97 0.13021745229996218 0.12607562189544264
transition 64 24 60 0.9861520351346067 0.45831692047234124
transition 64 24 85 0.582523051689839 0.18314074043580877
transition 64 24 13 0.7553718845321729 0.2324667171964073
transition 65 0 11 0.5866428639632575 0.5771820179527325
transition 65 0 83 -0.5015283849440819 0.3584877867822578
transition 65 0 14 -0.44483681766508787 0.06433019526500972
transition 65 1 73 -0.7062109207012197 1.0
transition 65 2 9 0.4826090110214485 0.06539976285851287
transition 65 2 73 0.09823439452317695 0.45793538837289244
transition 65 2 12 -0.8741309374149384 0.3035531033245054
transition 65 2 94 0.07286035956352666 0.07613739275360835
transition 65 2 63 0.13578782960083524 0.09697435269048099
transition 65 3 5 -0.3538990279022396 1.0
transition 65 4 14 -0.9942675224810349 0.24064726751102
transition 65 4 74 0.5061456644153417 0.19114085694248842
transition 65 4 12 0.7191231251494046 0.2113645407163007
transition 65 4 30 -0.4216322004912607 0.24824131494152446
transition 65 4 44 -0.5472174278448463 0.10860601988866649
transition 65 5 22 0.9072957678958884 0.36883319443314455
transition 65 5 25 0.9573370420213727 0.12337038588979184
transition 65 5 61 0.30960943291545795 0.045196110756963136
transition 65 5 48 0.40719234604923815 0.3928110581358226
transition 65 5 17 -0.10809489183493826 0.0697892507842779
transition 65 6 10 -0.23084889822890742 0.3167434790026066
transition 65 6 95 0.9994142799865207 0.15268870095654513
transition 65 6 28 0.6574941412023358 0.2247668638444915
transition 65 6 80 -0.2176283092996485 0.3058009561963568
transition 65 7 0 0.7560828670996966 0.13967057969684296
transition 65 7 80 -0.6995415407994259 0.26099077919498265
transition 65 7 32 0.4139907836760761 0.1874604816537949
transition 65 7 26 -0.6670686837317572 0.17953551159212142
transition 65 7 41 0.42426949703118555 0.23234264786225814
transition 65 8 68 -0.06616213499261803 0.23840253062183067
transition 65 8 71 0.23767317709074542 0.3472744045795436
transition 65 8 10 -0.985521300372092 0.38009859714651695
transition 65 8 94 -0.2716025025683979 0.03422446765210888
transition 65 9 3 -0.2522217401344147 0.4981456795739031
transition 65 9 91 -0.015417837522653466 0.1104720655449952
transition 65 9 63 0.5734601378729063 0.18690122741107437
transition 65 9 19 0.4321538140962595 0.20448102747002733
transition 65 10 61 0.5217011764685808 0.17622936478547083
transition 65 10 74 0.13128100063112025 0.24408548922050013
transition 65 10 21 -0.9084796704759759 0.5796851459940291
transition 65 11 73 0.03164293083021086 0.21075150494692252
transition 65 11 50 0.4986361326771116 0.2694739528400927
transition 65 11 55 -0.25883942750380995 0.23055209595507495
transition 65 11 88 0.9975688443787472 0.012111415862079032
transition 65 11 45 -0.48557154701252614 0.27711103039583074
transition 65 12 31 0.8366748632951315 1.0
transition 65 13 11 0.9648724590916495 0.17301785312264029
transition 65 13 0 0.17509913014173506 0.27756432023088207
transition 65 13 96 0.4483578377547628 0.3378898800887885
transition 65 13 3 -0.572577956118113 0.21152794655768922
transition 65 14 66 0.3803041457989149 0.481990373520946
transition 65 14 98 -0.1858930179677707 0.2988553683003
transition 65 14 84 0.30860305472322835 0.21915425817875397
transition 65 15 30 0.3782157431889628 0.7774196785454986
transition 65 15 28 0.9333408264205048 0.22258032145450132
transition 65 16 63 -0.8967207159152022 1.0
transition 65 17 35 0.8450906375371192 0.34140000063217263
transition 65 17 45 0.42669409909915945 0.6585999993678273
transition 65 18 74 0.05230004334002314 0.1353399046782611
transition 65 18 38 0.08660572632325048 0.3563142751151701
transition 65 18 31 0.10959709932311634 0.0027332769343546273
transition 65 18 47 0.37692456588893997 0.5056125432722142
transition 65 19 75 -0.20024326583243535 0.11811002832334459
transition 65 19 94 0.01758023117912977 0.2625336132562877
transition 65 19 77 -0.12878466909192676 0.007766796920552815
transition 65 19 25 -0.8860428377946874 0.2726558612449718
transition 65 19 24 -0.3463717497541767 0.3389337002548431
transition 65 20 19 0.495903923400133 1.0
transition 65 21 8 0.5639781383952602 0.1565260019905159
transition 65 21 59 -0.2572385341999017 0.39566410730941814
transition 65 21 76 -0.03734179632795809 0.05598208460847774
transition 65 21 40 -0.576466918532718 0.06289689613489204
transition 65 21 55 -0.30578097171998375 0.32893090995669627
transition 65 22 28 -0.20356563776374892 1.0
transition 65 23 23 -0.6202554984482087 0.20757788093168308
transition 65 23 34 -0.156188500688202 0.7924221190683169
transition 65 24 62 -0.28668403602466763 1.0
transition 66 0 91 -0.6617468106880064 0.27427873989357593
transition 66 0 33 -0.6344854099784749 0.725721260106424
transition 66 1 68 0.6604284675719825 0.15937740245856133
transition 66 1 37 0.6323058369977355 0.38500119392552457
transition 66 1 12 -0.03505996419693158 0.4556214036159141
transition 66 2 35 -0.8829532764194763 0.359328565362436
transition 66 2 81 -0.8469577155197283 0.27121179776135945
transition 66 2 96 -0.6452793341223182 0.18781228470600375
transition 66 2 58 0.526575540139125 0.1816473521702008
transition 66 3 49 -0.692472355697114 0.4855503961965394
transition 66 3 31 -0.9758982886910033 0.5144496038034606
transition 66 4 52 -0.5822911508376136 0.18000831802965603
transition 66 4 67 -0.3239658327900474 0.12874946492750536
transition 66 4 0 -0.20064255524800512 0.3301565636296884
transition 66 4 29 0.11316914508773412 0.36108565341315024
transition 66 5 82 0.49468354166190176 1.0
transition 66 6 90 -0.028397515486890068 0.2569316661088578
transition 66 6 95 -0.32275300410828733 0.14528960817748124
transition 66 6 36 -0.3173594882153863 0.02128682474683334
transition 66 6 16 -0.27595246235197246 0.32863637138970425
transition 66 6 46 -0.3969042681424926 0.2478555295771234
transition 66 7 57 -0.9877597532369085 0.5607942202410213
transition 66 7 50 -0.7466017384793524 0.4392057797589788
transition 66 8 66 0.9248979044409675 0.01562140419342807
transition 66 8 4 -0.5876715169221278 0.3285114860681955
transition 66 8 43 0.09879640051507899 0.2557744400458076
transition 66 8 92 0.12124919076413732 0.2420493040353431
transition 66 8 23 -0.5049193621955723 0.1580433656572256
transition 66 9 25 0.5549535652631508 0.43114615398315814
transition 66 9 91 -0.3865442281249116 0.31348791592435843
transition 66 9 2 0.05831902282373047 0.25536593009248343
transition 66 10 91 -0.556371934425379 0.43948988192055033
transition 66 10 93 0.323095581548972 0.2552842916209444
transition 66 10 99 0.8651793545818796 0.3052258264585054
transition 66 11 39 -0.19830215394544126 1.0
transition 66 12 51 -0.6346811711961662 1.0
transition 66 13 79 0.26200380980756566 0.3856765146158381
transition 66 13 71 -0.6402671759336112 0.45192336968941016
transition 66 13 21 0.2711047030325078 0.1624001156947517
transition 66 14 57 0.8459916070976083 0.2650169677493093
transition 66 14 13 0.26874745331871286 0.2878542865125011
transition 66 14 80 0.8321699172949037 0.16297650278250556
transition 66 14 86 0.9083436634303852 0.030878567170074547
transition 66 14 65 -0.6801140120943994 0.2532736757856095
transition 66 15 5 -0.6423674382309839 0.20614542094505564
transition 66 15 25 -0.46906559931994174 0.3437594787652844
transition 66 15 22 -0.4315340001797936 0.05640287465447715
transition 66 15 59 0.27842522578597917 0.39369222563518286
transition 66 16 22 -0.7024286428255817 1.0
transition 66 17 78 -0.46662387093797575 0.2068841077925523
transition 66 17 79 0.25433237701787226 0.2797252477617446
transition 66 17 35 -0.9560749405754401 0.36778369424081087
transition 66 17 27 0.1790002154167034 0.1456069502048922
transition 66 18 47 0.19630526454235042 0.2873958165370327
transition 66 18 85 0.05698308841640398 0.5385015165800701
transition 66 18 90 -0.6840094180492666 0.17410266688289733
transition 66 19 16 0.16782929643576527 0.4441961188718091
transition 66 19 61 -0.840972633013289 0.2991808953983258
transition 66 19 10 0.3549464064628154 0.25662298572986514
transition 66 20 65 0.13874457357918968 0.15384302939353206
transition 66 20 69 -0.9533693849933573 0.07673898486997205
transition 66 20 78 -0.33131037311847056 0.12828406930319336
transition 66 20 38 0.0008809417616155724 0.6411339164333026
transition 66 21 63 0.4187088558182084 0.520206748968551
transition 66 21 80 -0.795708111836718 0.47979325103144904
transition 66 22 68 0.40316838144812595 0.1905463481933581
transition 66 22 22 0.07440458010325868 0.2529903968233203
transition 66 22 17 0.732591460823887 0.23886989947145956
transition 66 22 58 -0.8758926532889628 0.3175933555118619
transition 66 23 51 0.5506761320987599 0.28268824355275934
transition 66 23 30 -0.9984095565877027 0.47998571394642764
transition 66 23 2 -0.09552033474463939 0.237326042500813
transition 66 24 11 -0.0688388586559685 0.3262158436333827
transition 66 24 38 0.6180729150785922 0.375772151459341
transition 66 24 62 -0.7700923826902795 0.2882635630505503
transition 66 24 72 -0.5062744415839167 0.00974844185672616
transition 67 0 99 0.8623872918779274 0.4174300080369641
transition 67 0 93 -0.17181031178235373 0.5825699919630358
transition 67 1 92 0.7395834084388597 0.17621753495552814
transition 67 1 60 -0.9444007932894085 0.8237824650444718
transition 67 2 70 -0.4985745954649661 0.010935210694761704
transition 67 2 74 0.3390546983885525 0.44802142849773785
transition 67 2 75 -0.44707830639072066 0.49021511914029015
transition 67 2 47 -0.7504397421137325 0.05082824166721037
transition 67 3 62 0.9279406250013584 0.5248669802219871
transition 67 3 3 0.3540487764099991 0.07251355420998017
transition 67 3 1 0.024418447233466978 0.4026194655680327
transition 67 4 2 0.7499128673435258 0.3977749494949685
transition 67 4 6 0.18889062575421844 0.6022250505050314
transition 67 5 5 -0.32282922122253943 0.29928876413470795
transition 67 5 75 0.1263342960483287 0.17942317073082123
transition 67 5 2 -0.8895128127345415 0.5212880651344708
transition 67 6 99 -0.8117341715129038 0.2810273361110063
transition 67 6 6 -0.4968234654316539 0.2807607886317213
transition 67 6 58 -0.09833182021960907 0.43821187525727245
transition 67 7 61 0.8726057779833134 0.27824433860405756
transition 67 7 83 0.8296934282558206 0.7217556613959424
transition 67 8 43 0.8229606775732417 0.8457558889640523
transition 67 8 19 0.4332034907089637 0.062303609437113425
transition 67 8 68 0.8611851142402118 0.012892910879257568
transition 67 8 1 0.9787452986792335 0.07904759071957676
transition 67 9 22 0.9247349076890108 0.2938705328663289
transition 67 9 16 -0.7032082058237497 0.10419925881318838
transition 67 9 36 -0.13874034529642332 0.2511898300807305
transition 67 9 73 0.2579277970355591 0.1414125951850872
transition 67 9 18 -0.5178915196606446 0.209327783054665
transition 67 10 48 0.5210688700674964 1.0
transition 67 11 62 0.31784660516751506 0.5115209458263664
transition 67 11 74 -0.7874688667791796 0.48847905417363363
transition 67 12 70 -0.5866158713611107 1.0
transition 67 13 29 -0.1642400376278097 1.0
transition 67 14 15 -0.9441247514736837 1.0
transition 67 15 63 0.49355256315607776 1.0
transition 67 16 30 0.023320367381763907 1.0
transition 67 17 77 0.13072580677072265 1.0
transition 67 18 75 -0.09076759404103885 0.36096396220987526
transition 67 18 87 0.1000867028390453 0.2836770314007883
transition 67 18 43 -0.720197909001042 0.06909650767742535
transition 67 18 78 -0.5060560762287059 0.28564760914264137
transition 67 18 6 0.13076942274669667 0.0006148895692697926
transition 67 19 21 0.750536103324285 0.13490086129564785
transition 67 19 59 -0.059237814284350376 0.27490342398182377
transition 67 19 92 0.7585910147371158 0.5901957147225284
transition 67 20 87 -0.15055551869569217 0.6276234887999217
transition 67 20 73 -0.7408610070760735 0.3723765112000783
transition 67 21 91 0.4082805913043308 0.4455419559835138
transition 67 21 87 0.07729837424574626 0.5544580440164862
transition 67 22 92 0.6927426493575168 0.3241556855042701
transition 67 22 28 0.48488961404179043 0.015927260692813316
transition 67 22 95 -0.05007471878166769 0.31935944784573733
transition 67 22 0 -0.7798357167239189 0.3405576059571793
transition 67 23 5 -0.7198373785442644 1.0
transition 67 24 26 -0.6482093380681286 0.04039349755467609
transition 67 24 50 -0.8412404741603949 0.37488920436119094
transition 67 24 92 -0.5808926119772202 0.2745136290678828
transition 67 24 7 0.6228505103855511 0.22066298660107242
transition 67 24 97 -0.4199433712325382 0.08954068241517775
transition 68 0 72 -0.44678912296587336 0.6185484945827397
transition 68 0 23 0.2183763865918542 0.20478339541517376
transition 68 0 98 0.668366175630565 0.1766681100020865
transition 68 1 95 -0.14927810469913538 0.3345033613855412
transition 68 1 3 -0.7085195328883809 0.0005460074958386408
transition 68 1 53 0.5348345158620997 0.13800568995752008
transition 68 1 63 -0.14000816975402453 0.3491237541914456
transition 68 1 36 -0.6013692067860767 0.17782118696965452
transition 68 2 4 -0.0846241302289481 0.17984954290901134
transition 68 2 6 -0.3209722445745664 0.33650071267601755
transition 68 2 68 -0.20738503174639233 0.02439268032968357
transition 68 2 53 -0.3703233894446587 0.45925706408528755
transition 68 3 2 0.0488293582973216 1.0
transition 68 4 1 0.41843743080392404 0.8700449152737019
transition 68 4 62 0.38716986824757904 0.1299550847262982
transition 68 5 21 0.05817946398710894 0.09069941851419114
transition 68 5 48 -0.31945675749280067 0.21626310814810404
transition 68 5 68 0.024951052952719932 0.5642616356758156
transition 68 5 65 0.03506689416904796 0.12877583766188921
transition 68 6 93 -0.9446064900156328 1.0
transition 68 7 67 -0.483475474610886 0.3698008059600486
transition 68 7 50 0.40778705734095877 0.6301991940399515
transition 68 8 65 -0.10148309092918795 0.010909303046684441
transition 68 8 70 0.11798098342332497 0.0914953366191016
transition 68 8 96 0.32808908303822126 0.5298466940961545
transition 68 8 63 0.7880501449055068 0.2133435028026398
transition 68 8 42 -0.8482316654001612 0.1544051634354197
transition 68 9 54 -0.5000977386776644 1.0
transition 68 10 48 -0.4697963302013124 0.19852205020871702
transition 68 10 63 0.19776710466446268 0.008177789322629086
transition 68 10 28 0.5369932782271507 0.31104285645962193
transition 68 10 14 0.14170544189691303 0.3164303511787723
transition 68 10 77 -0.030082048616133505 0.16582695283025978
transition 68 11 26 -0.4186097476833579 0.1995416571125363
transition 68 11 57 -0.8309066236671037 0.20389928279517638
transition 68 11 92 -0.21588650854114544 0.2474774917246599
transition 68 11 97 -0.9315168714493844 0.1832839204750377
transition 68 11 62 0.9463163850068514 0.1657976478925898
transition 68 12 76 0.998127831088776 1.0
transition 68 13 69 0.6426842334237299 1.0
transition 68 14 0 -0.08333662645635131 1.0
transition 68 15 91 0.5956450503805744 0.5364063407116219
transition 68 15 46 0.25651049042554375 0.3676522453568202
transition 68 15 42 -0.600743823977463 0.09594141393155804
transition 68 16 3 -0.4352044537726685 0.68416911254512
transition 68 16 72 -0.6824995094210038 0.26893177506200816
transition 68 16 41 -0.28869292271702407 0.04689911239287172
transition 68 17 46 0.09253587909705563 0.2727886135346743
transition 68 17 83 -0.09863560960448159 0.09641127861674983
transition 68 17 75 0.1392374346560108 0.6308001078485758
transition 68 18 56 0.4638067134764756 0.9620795482013139
transition 68 18 4 0.3182278691363971 0.03792045179868604
transition 68 19 26 -0.5955411250434188 0.041504424485285074
transition 68 19 33 -0.4847194124604324 0.2921197471308619
transition 68 19 84 -0.48916059085271724 0.292572379429093
transition 68 19 35 -0.6366389564791053 0.3738034489547599
transition 68 20 62 -0.7563981427484974 1.0
transition 68 21 53 -0.4951210377360482 1.0
transition 68 22 93 -0.6103429071440412 0.22093919099119863
transition 68 22 87 0.7766874459036832 0.45915898347543566
transition 68 22 63 0.004881167519755314 0.31990182553336566
transition 68 23 91 0.09135084771863844 0.349446732636214
transition 68 23 87 0.25773168385406753 0.44622621398699563
transition 68 23 24 -0.3317941640675446 0.14269261865585797
transition 68 23 37 -0.9776241639050547 0.06163443472093229
transition 68 24 78 -0.8644821846745812 1.0
transition 69 0 88 -0.5845594323883538 0.4777596242911689
transition 69 0 94 -0.6550881316856221 0.4621887879717582
transition 69 0 38 0.9498875952616066 0.06005158773707296
transition 69 1 48 0.11412293075336488 0.13799836140786048
transition 69 1 77 0.2890841709187928 0.3219627046088259
transition 69 1 12 0.7176068433056548 0.2664519617337164
transition 69 1 2 0.04034164777299076 0.14504582608374228
transition 69 1 79 -0.5081249375810095 0.12854114616585485
transition 69 2 0 0.17700299879934467 0.6636887917108982
transition 69 2 69 -0.6751433595708651 0.2733234581374131
transition 69 2 51 0.28117211254179497 0.06298775015168873
transition 69 3 22 0.16636957588617451 0.2896465256526967
transition 69 3 29 0.8512848002988171 0.09382388717145593
transition 69 3 55 -0.2691640556749928 0.3621658650631011
transition 69 3 27 0.25733434241584874 0.01377141844244512
transition 69 3 1 -0.8945740027431786 0.24059230367030118
transition 69 4 58 0.9375467595957288 0.8268300229971765
transition 69 4 87 -0.31441860046475867 0.1731699770028235
transition 69 5 92 0.732095709802784 0.18887529938953673
transition 69 5 81 0.815265386738804 0.18249386233805118
transition 69 5 48 -0.9841767233624323 0.6286308382724121
transition 69 6 35 0.2520980117153655 0.4103271421428096
transition 69 6 51 0.36953217596520505 0.3236505324616437
transition 69 6 14 0.8919561807999441 0.2660223253955467
transition 69 7 45 -0.7403515679970023 0.5073059451195384
transition 69 7 23 -0.8448718354246068 0.07784971847082518
transition 69 7 80 0.49101374097742934 0.027352144416158086
transition 69 7 33 0.5226804327446248 0.38749219199347834
transition 69 8 55 -0.1019223904520068 1.0
transition 69 9 37 0.3199247451821108 1.0
transition 69 10 93 -0.7131320841212845 0.39389975063973426
transition 69 10 34 -0.4603957073028173 0.6061002493602657
transition 69 11 78 0.31587621571175895 0.4224207655787104
transition 69 11 26 0.842284110847783 0.3945052394603365
transition 69 11 85 0.7248095188299577 0.1830739949609531
transition 69 12 15 -0.08566560011176327 0.017820871386694446
transition 69 12 18 0.10120304801029723 0.3449481479835546
transition 69 12 4 -0.42113386222837135 0.6372309806297509
transition 69 13 72 0.9096319140982068 0.23320284301076738
transition 69 13 67 0.6157022314539566 0.1861794515597782
transition 69 13 81 -0.4426697882185071 0.22082012077585142
transition 69 13 33 0.773733646237712 0.13605472281948763
transition 69 13 68 0.06762953893674584 0.2237428618341154
transition 69 14 26 0.5674496695556499 1.0
transition 69 15 11 0.8538789939328162 0.7988232499915229
transition 69 15 86 0.6501384310188323 0.20117675000847707
transition 69 16 99 -0.21145025382325922 0.5205162190664054
transition 69 16 45 -0.4190094488346223 0.12957939214482198
transition 69 16 8 -0.23217342363997306 0.34990438878877256
transition 69 17 85 0.27638654171630517 0.36790990767437903
transition 69 17 20 0.041579769495140306 0.3728060367750905
transition 69 17 49 -0.32151819426274586 0.17592156590435143
transition 69 17 27 -0.28130817510258654 0.08336248964617907
transition 69 18 7 -0.749560332045905 1.0
transition 69 19 18 0.7614992059770556 1.0
transition 69 20 83 -0.3328688019292625 0.3939142889422615
transition 69 20 78 0.3873432430395256 0.3855732559268897
transition 69 20 75 -0.34678952278727726 0.22051245513084883
transition 69 21 30 0.9921423918297467 0.16072766277250874
transition 69 21 86 0.010322852064596377 0.34647889145338173
transition 69 21 52 0.2478874475243118 0.36141475692748143
transition 69 21 83 -0.5531569184714529 0.13137868884662818
transition 69 22 36 0.14389013808481343 0.4404299907354398
transition 69 22 31 -0.07100549127912337 0.5595700092645601
transition 69 23 15 0.9060941071711877 0.27336317942252575
transition 69 23 43 0.2421294317425784 0.2136455991543839
transition 69 23 23 -0.05624233484986685 0.19750273572853716
transition 69 23 46 0.7578348553923839 0.12186786545467493
transition 69 23 92 -0.06948299486866749 0.19362062023987828
transition 69 24 11 0.8611685917447132 0.38286467982421135
transition 69 24 41 -0.8175916284444118 0.3355353754533266
transition 69 24 1 -0.8529853084385266 0.24820271424074655
transition 69 24 9 -0.5105374265289861 0.0333972304817155
transition 70 0 59 -0.25417170482758267 1.0
transition 70 1 81 0.03116827984600623 0.13401665647632988
transition 70 1 96 0.5173361953259683 0.3792689246895753
transition 70 1 75 0.03390510864392127 0.4867144188340949
transition 70 2 32 -0.9042876174677077 0.6548690464661479
transition 70 2 2 0.9902874768223195 0.34513095353385215
transition 70 3 43 0.17219512386198588 0.1545927801327186
transition 70 3 94 -0.8229766785749024 0.15498391490805263
transition 70 3 76 -0.08121641016163017 0.5963539008066662
transition 70 3 69 -0.10822356994401394 0.09406940415256262
transition 70 4 16 -0.8937431540190086 0.35362329481297283
transition 70 4 11 0.48918943240424073 0.6463767051870272
transition 70 5 3 -0.24572084408608097 0.3511776641043057
transition 70 5 13 -0.7356194932590379 0.6488223358956944
transition 70 6 42 -0.3505347843084068 0.08591172166681905
transition 70 6 4 0.5295036977880436 0.026386598268816334
transition 70 6 38 0.9040031347863389 0.3390407619829493
transition 70 6 95 0.932401371104959 0.18212165759138296
transition 70 6 37 0.8438950542788706 0.36653926049003244
transition 70 7 82 -0.9860763660002905 0.5998525681517265
transition 70 7 15 -0.04076914496905104 0.40014743184827345
transition 70 8 18 0.7566179474881043 0.35358675284906466
transition 70 8 87 -0.5913124820819069 0.17909507094023444
transition 70 8 10 -0.9298424032563839 0.4673181762107009
transition 70 9 67 0.3075905559785024 1.0
transition 70 10 83 0.5285208043138934 0.40449110266099886
transition 70 10 23 0.3560766464801042 0.2920627413226399
transition 70 10 77 0.6268855682271106 0.3034461560163614
transition 70 11 36 -0.3045694012355018 0.6544635131158341
transition 70 11 11 -0.7399453154409217 0.3455364868841659
transition 70 12 92 -0.23869253784776379 0.10110394631103219
transition 70 12 79 -0.5165229510206906 0.2889690304183386
transition 70 12 81 0.4395437345819422 0.09309134810719974
transition 70 12 88 0.08249253821670388 0.08728294307355056
transition 70 12 94 0.9970592596879695 0.4295527320898788
transition 70 13 16 -0.11589959039149655 0.17318526195136633
transition 70 13 32 -0.7432122044239078 0.18177287444153276
transition 70 13 24 -0.27530056726034124 0.1958330904440847
transition 70 13 44 0.41835454718332854 0.44920877316301616
transition 70 14 98 -0.39644938915507155 1.0
transition 70 15 10 0.09275255113612757 0.2910604956120486
transition 70 15 78 0.2979399836857526 0.30943582410755976
transition 70 15 36 -0.6840301538136473 0.09971505871213557
transition 70 15 51 -0.5523128863141666 0.29978862156825614
transition 70 16 11 -0.12858333065352778 0.525820442798751
transition 70 16 32 -0.16174024130535836 0.47417955720124894
transition 70 17 16 -0.8002491186393588 0.3637961756142167
transition 70 17 99 -0.42517665258187987 0.46183610804121417
transition 70 17 41 0.02464237604305919 0.17436771634456916
transition 70 18 28 -0.09224615637290623 0.344466318912066
transition 70 18 44 -0.9250245480787838 0.6166096888022828
transition 70 18 40 0.6683270794024516 0.038923992285651174
transition 70 19 72 0.139089943793691 0.27931070647213796
transition 70 19 60 -0.0872025438080013 0.22865948743044145
transition 70 19 3 0.8271507381712142 0.02629261125461096
transition 70 19 46 -0.7116745952451102 0.2664198196940071
transition 70 19 92 -0.06088149496341 0.19931737514880257
transition 70 20 56 -0.900306156822946 0.387738368129463
transition 70 20 14 -0.35274607723514095 0.2135375459946469
transition 70 20 95 0.311077352477241 0.36684455641472663
transition 70 20 66 -0.278200745449831 0.031879529461163486
transition 70 21 48 -0.29428561450747504 0.38140025710284914
transition 70 21 78 -0.8578199988311286 0.09900375614276972
transition 70 21 49 -0.32929014585151317 0.519595986754381
transition 70 22 37 -0.7274672518410483 0.2227578138545276
transition 70 22 34 0.779938191244784 0.2925901772602961
transition 70 22 52 0.6075982191604246 0.0826689283685506
transition 70 22 58 -0.38946801569529765 0.4019830805166258
transition 70 23 71 0.278747885912215 0.013757203187215988
transition 70 23 33 -0.6566197964750351 0.986242796812784
transition 70 24 52 0.6292234820685141 1.0
transition 71 0 9 0.254955337136346 0.144699882864508
transition 71 0 62 -0.6075142260535416 0.5042085580079811
transition 71 0 50 0.18782576906591708 0.3510915591275108
transition 71 1 10 -0.9795106559106157 0.16090289115926143
transition 71 1 57 0.45429254928189744 0.12119914541795998
transition 71 1 96 0.7588915281270703 0.17252817741624143
transition 71 1 80 0.05811494696516584 0.3120297436616614
transition 71 1 34 0.32807516714688667 0.23334004234487574
transition 71 2 47 -0.2734039468059757 0.5961929071340754
transition 71 2 44 -0.52516109746423 0.4038070928659246
transition 71 3 16 0.7306606646790699 0.09794918678814214
transition 71 3 19 0.6177336283188566 0.5467710071542873
transition 71 3 17 -0.28347103990731126 0.28763348634750463
transition 71 3 33 -0.29982645909644146 0.06764631971006584
transition 71 4 52 -0.3044259499081243 0.21508693696654801
transition 71 4 35 -0.21201220512347008 0.784913063033452
transition 71 5 20 0.27966143099180973 0.7134835580777499
transition 71 5 55 -0.03552512079325765 0.2865164419222501
transition 71 6 67 -0.3063505479003028 0.4984760895354683
transition 71 6 39 -0.9419672949860023 0.4121149195150387
transition 71 6 8 0.18956981061337652 0.08940899094949294
transition 71 7 16 0.3953939443174477 0.15774902099072277
transition 71 7 68 -0.6938602155822182 0.2744165934279837
transition 71 7 48 -0.45257664532916975 0.115380963129605
transition 71 7 34 -0.1254854025901484 0.06555559594046075
transition 71 7 45 0.1219940595779041 0.3868978265112278
transition 71 8 60 -0.6262174691498443 1.0
transition 71 9 35 -0.26338423582561843 0.03744334560798033
transition 71 9 28 0.10599251550458799 0.29960806500331605
transition 71 9 19 0.16108009714101557 0.0013282095734446374
transition 71 9 45 -0.22041653203841483 0.3614448838989728
transition 71 9 99 -0.9312901705755607 0.3001754959162861
transition 71 10 72 -0.34958350120028014 1.0
transition 71 11 97 -0.9059583846206245 0.08103607353085447
transition 71 11 56 0.4776169422621084 0.3331222824148886
transition 71 11 91 0.09909162517526826 0.3225699402557457
transition 71 11 35 -0.5292401970066389 0.20153440038874823
transition 71 11 21 0.31247055179357575 0.06173730340976304
transition 71 12 66 0.05904473647258679 0.2518312826073509
transition 71 12 69 -0.8172881881096792 0.04388907607885736
transition 71 12 30 -0.30205526227299573 0.0712934999121016
transition 71 12 38 -0.302396838436759 0.2007563536055923
transition 71 12 17 -0.5900284151251636 0.4322297877960979
transition 71 13 58 -0.2791653076937102 0.20963413776281337
transition 71 13 95 -0.3239959402783157 0.5010363462287886
transition 71 13 90 -0.018127081931802902 0.2893295160083982
transition 71 14 37 0.49601225972804275 0.046019980637310234
transition 71 14 63 -0.9939010964287074 0.29816239847968123
transition 71 14 96 -0.7834261846129194 0.25425851643430963
transition 71 14 12 -0.6720039007954057 0.20634989631122164
transition 71 14 56 0.6074926417392137 0.19520920813747725
transition 71 15 9 0.3835821991806181 0.05790017308558058
transition 71 15 20 -0.2237416442070741 0.38190545377642704
transition 71 15 87 0.18858748786103274 0.1337206137723717
transition 71 15 69 -0.012186552455605515 0.42647375936562076
transition 71 16 93 -0.31745914696655464 1.0
transition 71 17 72 0.2545997684247763 0.29843100431912917
transition 71 17 20 0.13174312133993427 0.016753474701928665
transition 71 17 66 -0.6808408238422332 0.32927089696103423
transition 71 17 21 -0.3146092004688701 0.35554462401790793
transition 71 18 71 -0.39719042317159614 0.9422045709134449
transition 71 18 29 0.5550736032780323 0.05779542908655511
transition 71 19 42 -0.8208959310548896 1.0
transition 71 20 56 -0.21108487170554158 0.3260702733609199
transition 71 20 76 -0.8324509852405166 0.36851074857599175
transition 71 20 72 0.44691627646505494 0.12492371671225097
transition 71 20 31 -0.9625320854841284 0.13089607308595627
transition 71 20 41 0.8104983629114435 0.04959918826488119
transition 71 21 71 0.45304682267571517 0.3590366753745418
transition 71 21 54 -0.44958259821647206 0.6409633246254581
transition 71 22 9 0.511569885376685 1.0
transition 71 23 32 -0.996437851605827 1.0
transition 71 24 0 0.007182365746229102 0.7664660578343908
transition 71 24 35 -0.8326919784509408 0.23353394216560922
transition 72 0 33 0.29774309416031985 0.3316554348209906
transition 72 0 4 0.6105334161474454 0.6683445651790093
transition 72 1 97 0.7218739486299999 0.39923489737430334
transition 72 1 20 -0.3975531798483596 0.2004435938808716
transition 72 1 71 -0.43153859986540266 0.40032150874482514
transition 72 2 58 -0.06628127950860474 0.11708841793327013
transition 72 2 69 -0.20483142298536783 0.3762975823096305
transition 72 2 24 -0.8844595036539438 0.33280516532031035
transition 72 2 60 -0.33205058890495254 0.09606555200748332
transition 72 2 57 -0.5829060236853505 0.07774328242930566
transition 72 3 31 -0.5549241446249107 1.0
transition 72 4 40 0.6851709796094814 1.0
transition 72 5 74 0.4140068166588242 0.789957122774935
transition 72 5 61 -0.497306669493365 0.19975727921607453
transition 72 5 10 0.7658938808278832 0.01028559800899044
transition 72 6 4 0.2506117550840741 0.32794373614847355
transition 72 6 46 -0.841856921650701 0.2496642912650474
transition 72 6 40 0.9430061582583154 0.14073797949546127
transition 72 6 15 0.7010741619849099 0.28165399309101774
transition 72 7 39 -0.7601830483553025 0.14109670417151718
transition 72 7 62 0.9350759035089391 0.30137528941409847
transition 72 7 37 -0.19328997420893934 0.274755738284292
transition 72 7 94 -0.5995864950302858 0.11727850539088305
transition 72 7 82 -0.6014326217375721 0.16549376273920927
transition 72 8 32 0.09924784583843804 0.27696153919309197
transition 72 8 22 -0.5907721584620746 0.049597279484228464
transition 72 8 14 0.34187131562076734 0.22083360452027942
transition 72 8 5 -0.5904097867827074 0.1867235831385212
transition 72 8 42 -0.47618189415004486 0.26588399366387894
transition 72 9 39 0.653283547352379 0.5762693051676216
transition 72 9 32 -0.32840513637117774 0.4237306948323783
transition 72 10 58 0.4849336549397776 0.5727914984069246
transition 72 10 69 -0.06041387460161851 0.4143299913842186
transition 72 10 40 -0.12537252638472363 0.012878510208856808
transition 72 11 86 -0.07260553144452642 0.31053716958166194
transition 72 11 23 -0.20874686153773903 0.5744703645978138
transition 72 11 94 -0.1910521614811309 0.11499246582052425
transition 72 12 59 -0.7001091894804687 0.015101232610401461
transition 72 12 58 0.4990918301281333 0.42245704512520044
transition 72 12 41 -0.16816050351116751 0.22927873110812794
transition 72 12 23 0.4932191280080547 0.3331629911562702
transition 72 13 18 -0.31732021516729936 0.9286799479884313
transition 72 13 77 -0.69888963809623 0.07132005201156862
transition 72 14 36 -0.03530587664471985 0.44571701561036536
transition 72 14 75 0.6146240376647065 0.5542829843896346
transition 72 15 79 0.7086966196308222 0.17764836158870004
transition 72 15 52 -0.9099266811820352 0.3418821886704679
transition 72 15 2 0.5735972433818768 0.480469449740832
transition 72 16 4 -0.7635004154467562 0.2768049470371001
transition 72 16 70 -0.35357621457136323 0.15287879856837475
transition 72 16 20 0.07197258827180186 0.570316254394525
transition 72 17 9 0.8441250689684523 0.4602019617787984
transition 72 17 16 -0.817628359364694 0.04407036232560336
transition 72 17 59 -0.7691843156295486 0.46508695608261513
transition 72 17 29 0.871452922750976 0.03064071981298314
transition 72 18 17 0.25127377918268246 1.0
transition 72 19 52 -0.6561991300218892 0.3370087151961531
transition 72 19 80 -0.07343803585900921 0.662991284803847
transition 72 20 64 -0.4532124974957421 1.0
transition 72 21 98 -0.5149810659231404 1.0
transition 72 22 30 -0.22208538884284446 0.043252504202407706
transition 72 22 26 -0.7663582159008562 0.9567474957975923
transition 72 23 93 -0.3830315448469581 1.0
transition 72 24 98 0.8414924946962332 1.0
transition 73 0 10 0.5063829951486032 0.6430180950876203
transition 73 0 58 -0.0950427154048945 0.2871079736406559
transition 73 0 80 0.8594571512174329 0.06987393127172377
transition 73 1 72 0.14267673017546678 0.6309980497968257
transition 73 1 35 -0.3506341238461237 0.36900195020317433
transition 73 2 36 -0.44015716842821595 0.36936008784245683
transition 73 2 72 -0.35170489923203374 0.0952024119409801
transition 73 2 54 0.3751729318067669 0.324033729445261
transition 73 2 28 0.7165912962419907 0.21140377077130204
transition 73 3 37 -0.7526672422509628 0.2764168024356432
transition 73 3 16 0.7334155539862122 0.30066112816025936
transition 73 3 69 0.07371372729724368 0.08778688173132868
transition 73 3 24 0.31108572854886685 0.13923719345523072
transition 73 3 58 -0.007114711454019096 0.195897994217538
transition 73 4 13 0.008383435869825373 1.0
transition 73 5 11 0.4896601947420356 0.672797296111853
transition 73 5 75 -0.8448628677430956 0.32720270388814704
transition 73 6 59 -0.21807973465992903 0.07410876859724536
transition 73 6 6 0.5130385287435975 0.9258912314027546
transition 73 7 19 0.8514021011791311 0.5917230249597868
transition 73 7 78 0.5177477884715616 0.08322421327834133
transition 73 7 35 -0.9353230822802892 0.32505276176187187
transition 73 8 92 0.33397344202605406 0.04556174344590595
transition 73 8 66 0.5080742233684543 0.3672517231389527
transition 73 8 63 -0.14555460934752018 0.2568892110785882
transition 73 8 83 -0.015991701940959446 0.1395508399150931
transition 73 8 17 0.28085143999999507 0.19074648242145997
transition 73 9 91 -0.2976998506072206 1.0
transition 73 10 36 0.6232262162939366 1.0
transition 73 11 6 0.7295480227899214 0.28320431514959443
transition 73 11 96 -0.11803579926638053 0.17684001889128587
transition 73 11 74 -0.18641456534368417 0.22602927310619203
transition 73 11 49 -0.4428238852629647 0.224855975796789
transition 73 11 47 -0.27717706484349036 0.08907041705613865
transition 73 12 98 -0.18477974821883425 0.5948464163200216
transition 73 12 45 0.883026081521415 0.4051535836799784
transition 73 13 66 -0.2584799020002979 0.10318686860372545
transition 73 13 35 -0.9266529185847905 0.5644212672870579
transition 73 13 41 0.7265204312358327 0.3323918641092166
transition 73 14 60 0.08469700036512107 0.3040189607509753
transition 73 14 5 -0.31778609671934066 0.34860140089477376
transition 73 14 73 0.44269058159297536 0.34737963835425095
transition 73 15 73 -0.4900751757232471 0.13613567998244822
transition 73 15 53 0.360493408645574 0.09017176472648128
transition 73 15 90 0.9771064765376871 0.3111355196391712
transition 73 15 56 -0.5649931851557002 0.12061876773449158
transition 73 15 11 -0.17952276350886298 0.3419382679174076
transition 73 16 90 -0.15218968048526715 0.7407699529189624
transition 73 16 71 -0.1466927898918433 0.2592300470810376
transition 73 17 22 0.7853252282724461 0.2691249650220761
transition 73 17 92 0.5056483299774703 0.7208000449376296
transition 73 17 29 0.8985577530212323 0.010074990040294279
transition 73 18 39 -0.42416899772250627 0.5016064659474248
transition 73 18 14 -0.03151596848300553 0.45748058817975573
transition 73 18 15 0.7028908701160939 0.013317227811327924
transition 73 18 7 0.9176817552324352 0.027595718061491567
transition 73 19 25 -0.48352235778825525 0.5223045006362963
transition 73 19 82 0.43248421752986954 0.47769549936370376
transition 73 20 89 0.04594256018344334 0.4127522103269256
transition 73 20 15 -0.7957876757850448 0.42190604102930723
transition 73 20 71 0.8994836278029248 0.13396397106849076
transition 73 20 16 -0.9482880651286381 0.03137777757527642
transition 73 21 38 -0.0450028284908357 0.2577707479521548
transition 73 21 47 0.8966336607672285 0.2249374003541182
transition 73 21 10 0.5183196117193223 0.15104692378697818
transition 73 21 3 0.8751625669456167 0.15144556154504304
transition 73 21 65 0.1437237306794663 0.21479936636170574
transition 73 22 11 0.42275997053095593 1.0
transition 73 23 27 0.8355415340546748 1.0
transition 73 24 83 -0.23536378284866943 0.638772370014764
transition 73 24 64 -0.9578961314521246 0.36122762998523616
transition 74 0 93 0.6472521279088193 0.21890891070481638
transition 74 0 98 0.8562038496753097 0.601026539527951
transition 74 0 46 0.24146404938142108 0.04379526882581566
transition 74 0 28 -0.5582925135826238 0.13626928094141688
transition 74 1 93 0.659664033263841 0.16651132175810307
transition 74 1 69 0.37640929977774906 0.1330483671290928
transition 74 1 10 0.8785592595922911 0.3705542215330332
transition 74 1 60 -0.6606444468121351 0.28107483196704824
transition 74 1 27 0.15938891878889638 0.0488112576127227
transition 74 2 99 0.4167691428572484 0.3394804587867972
transition 74 2 36 0.9288889331727312 0.2545118336032542
transition 74 2 53 -0.6989219321819324 0.12659544969668798
transition 74 2 47 0.7593786583570514 0.16578504181416964
transition 74 2 7 -0.5680702799250446 0.113627216099091
transition 74 3 79 -0.9689159280570079 0.7185758171361899
transition 74 3 26 0.08108853108132008 0.2571918864887787
transition 74 3 9 0.06142868618969599 0.0242322963750315
transition 74 4 98 0.4960277994105111 0.09179294221216175
transition 74 4 74 0.7912268357231658 0.5513811772686367
transition 74 4 39 -0.7286564925841255 0.35682588051920167
transition 74 5 70 -0.08851144553200263 0.33474088615858855
transition 74 5 98 0.4407236414365645 0.32741363703301585
transition 74 5 95 -0.19638323264446367 0.3378454768083956
transition 74 6 43 0.3540958939893588 0.19751379007515546
transition 74 6 53 -0.008397261378816134 0.30563847746857836
transition 74 6 65 0.8954765029704657 0.0525038969820468
transition 74 6 80 0.6856376637981894 0.1377862989723012
transition 74 6 79 0.6258079744149236 0.30655753650191814
transition 74 7 55 0.32665729463724347 0.46352427705387067
transition 74 7 91 0.9966841114905067 0.5364757229461293
transition 74 8 76 -0.09821375550130473 0.07897817612645855
transition 74 8 14 -0.9444812150885873 0.5441655015089707
transition 74 8 35 0.5708449269806317 0.3768563223645706
transition 74 9 83 -0.36832961161461286 0.3108460126932535
transition 74 9 34 -0.18445381409694694 0.28031334613268644
transition 74 9 28 -0.7728293728778592 0.40884064117406
transition 74 10 48 0.989935590942469 0.4111164393874897
transition 74 10 90 -0.5022469021115956 0.05632776798806718
transition 74 10 15 0.2763730686379269 0.12473889893357157
transition 74 10 34 -0.3469775165400748 0.40781689369087154
transition 74 11 9 0.6444928985149991 0.18498808570697792
transition 74 11 87 0.11543172753367603 0.2787278795135808
transition 74 11 91 0.07423249273594923 0.3318523025661906
transition 74 11 14 -0.40384762524308737 0.033757739100897494
transition 74 11 5 0.6601969102117278 0.1706739931123533
transition 74 12 85 -0.3010625748633471 1.0
transition 74 13 68 0.803705480256067 1.0
transition 74 14 66 -0.5961692999795392 1.0
transition 74 15 5 -0.797989564543047 0.26714603145400606
transition 74 15 78 0.5194594706059441 0.13134312675565518
transition 74 15 63 0.9962514840496437 0.6015108417903389
transition 74 16 94 0.7280339859473393 0.24248639178712458
transition 74 16 97 -0.22519593229730428 0.3628803851703557
transition 74 16 92 0.6903968861882686 0.39463322304251963
transition 74 17 18 0.9859372632863157 0.03383211270093053
transition 74 17 51 -0.21718260780614296 0.29141549996169475
transition 74 17 66 0.8517357975357704 0.2539100814648565
transition 74 17 42 0.12185063966965681 0.15731152052057423
transition 74 17 92 0.6230660802500894 0.263530785351944
transition 74 18 5 0.5640476306408662 0.5569554159120085
transition 74 18 75 -0.7939009765432243 0.04693293152729165
transition 74 18 87 0.8936452517000397 0.39611165256069986
transition 74 19 66 -0.3450332674555028 1.0
transition 74 20 17 -0.22016384910591147 0.44666570102091957
transition 74 20 97 0.7969810256090011 0.08219502526345344
transition 74 20 32 0.5420874743355266 0.47113927371562697
transition 74 21 0 -0.3161864474992331 0.17405395748123934
transition 74 21 4 0.6148185206615939 0.8259460425187607
transition 74 22 11 0.8263192348852408 0.2557406072261786
transition 74 22 98 -0.17247853512623768 0.435031105061352
transition 74 22 24 0.39437820803310886 0.30922828771246946
transition 74 23 81 -0.6262737493124833 0.27231025106755036
transition 74 23 84 0.9931696228568871 0.38184616062920473
transition 74 23 83 0.565465868105373 0.345843588303245
transition 74 24 70 -0.09454222127896039 0.2376702803622666
transition 74 24 35 -0.3450436729212736 0.2540897686070231
transition 74 24 28 0.43569260109077645 0.25931817918603484
transition 74 24 90 0.8514221156003461 0.2489217718446755
transition 75 0 26 -0.18311840536380508 0.7380991591568145
transition 75 0 21 0.620248186887403 0.2619008408431855
transition 75 1 4 -0.026485943970465886 0.31818152298379443
transition 75 1 88 0.14930775144898956 0.018973886465900435
transition 75 1 1 0.626630783443368 0.349821425243709
transition 75 1 57 -0.6112052350236383 0.31216946965451703
transition 75 1 8 -0.6296529153677131 0.0008536956520791515
transition 75 2 94 0.851385587461597 0.2563190844460266
transition 75 2 52 0.9300098677278563 0.2781468725208025
transition 75 2 32 0.8332112256765385 0.465534043033171
transition 75 3 20 0.4847841367140877 0.10438005168792464
transition 75 3 8 0.7640646358260967 0.03963571207021888
transition 75 3 94 -0.5516746993274444 0.8559842362418565
transition 75 4 85 -0.13631316129971993 0.27122432197526924
transition 75 4 8 0.4407007101904301 0.3960431487468646
transition 75 4 87 -0.016111172116145545 0.3327325292778662
transition 75 5 89 -0.5619595192534896 0.3938332145751921
transition 75 5 83 -0.10467124071512557 0.3592075917066229
transition 75 5 26 -0.2967161517461794 0.20172147685625047
transition 75 5 22 0.6509460931332791 0.04523771686193444
transition 75 6 37 0.05065575886034934 0.361506692614724
transition 75 6 16 -0.0023212494774376147 0.09071438811406128
transition 75 6 32 0.7814422443704934 0.3463175516047729
transition 75 6 36 0.8897551156375492 0.03685189098924084
transition 75 6 69 -0.650836642503823 0.16460947667720097
transition 75 7 21 0.6170992961867106 0.7681585061142097
transition 75 7 34 -0.7943169641193935 0.23184149388579037
transition 75 8 51 0.802662104247122 0.5936691533509594
transition 75 8 87 0.09425748268010481 0.40633084664904057
transition 75 9 45 -0.8727628291309202 0.2784504745079162
transition 75 9 43 -0.11481961851902667 0.2846436084818624
transition 75 9 9 0.4797202236360467 0.1327124089437686
transition 75 9 93 -0.8569815300667301 0.18522956394979448
transition 75 9 47 0.11588346532068883 0.11896394411665834
transition 75 10 88 0.5926514699412035 0.12035441127563146
transition 75 10 83 -0.37207565787219665 0.37266492279346847
transition 75 10 84 0.425511447541957 0.5069806659309002
transition 75 11 35 0.681369496011891 0.2815803844096291
transition 75 11 37 0.24645183677866012 0.2175634770727578
transition 75 11 38 0.5034364736378054 0.09112840937633018
transition 75 11 22 0.8007475133587445 0.1477005004692119
transition 75 11 4 -0.7502801261130423 0.262027228672071
transition 75 12 83 0.38103473962766876 0.2816984128480977
transition 75 12 87 -0.8002802509346503 0.3817965174653044
transition 75 12 73 0.5630488816547914 0.33650506968659794
transition 75 13 13 0.6297141977130161 0.0798577764588027
transition 75 13 89 -0.8341678050621943 0.49227720149523774
transition 75 13 50 -0.05839828552449311 0.204608895354152
transition 75 13 24 0.9315691027707038 0.18924067644302658
transition 75 13 46 -0.6853007449361781 0.034015450248781005
transition 75 14 33 -0.9782617529839344 0.16618171930390208
transition 75 14 1 -0.6338766170862997 0.23588196046220405
transition 75 14 28 0.8710106192025218 0.25386956584527703
transition 75 14 24 -0.9755355602014479 0.34406675438861684
transition 75 15 87 0.6664257827883207 0.32847005668225376
transition 75 15 86 -0.18059806848935933 0.16570687655517294
transition 75 15 21 0.5783282921012982 0.07267990837859814
transition 75 15 90 0.5403999216271751 0.15979082600385777
transition 75 15 41 -0.8491028046100275 0.27335233238011736
transition 75 16 28 -0.6866547251917694 0.29459775802744764
transition 75 16 23 0.18171714558702234 0.18640388793124923
transition 75 16 22 0.9724385604800738 0.3805711386340629
transition 75 16 43 0.4027493149473633 0.09326863190358085
transition 75 16 3 0.1577012333904133 0.045158583503659484
transition 75 17 95 0.3748634608578112 0.4202552189829946
transition 75 17 7 -0.1884773065366434 0.5797447810170052
transition 75 18 61 0.9114381974897745 0.7189931236467244
transition 75 18 33 0.21715997747992088 0.07497247213806603
transition 75 18 78 0.5154840135897143 0.023689897324904136
transition 75 18 42 -0.48173827821572446 0.18234450689030543
transition 75 19 84 -0.19900026110037494 0.13429148635431218
transition 75 19 98 -0.694939877889772 0.8657085136456878
transition 75 20 6 0.8605243489677228 1.0
transition 75 21 13 0.9614561102804413 1.0
transition 75 22 23 -0.2759266494632673 0.6852526813436483
transition 75 22 69 0.40206178958548455 0.31474731865635175
transition 75 23 37 -0.6805555078310435 0.1367411669179983
transition 75 23 93 -0.25152729149047204 0.08388905909554681
transition 75 23 55 -0.7416345166603473 0.41552261247797223
transition 75 23 34 0.7854702938484 0.3638471615084827
transition 75 24 34 -0.5675763796993669 0.35764468340132044
transition 75 24 16 -0.277152952373553 0.1057705704882733
transition 75 24 43 0.3533988847773717 0.18874832202446365
transition 75 24 29 -0.12873429680667048 0.16171170812142907
transition 75 24 48 -0.6353715045984365 0.18612471596451352
transition 76 0 11 -0.9745393231389814 0.3985537354055662
transition 76 0 23 -0.1919620075676669 0.34177355570362083
transition 76 0 17 0.8731504962409193 0.19649930257852324
transition 76 0 69 0.021518894829783308 0.055822437907643255
transition 76 0 67 -0.4592615941494298 0.007350968404646353
transition 76 1 29 0.2267674828729176 0.3813333212739572
transition 76 1 84 0.19867983147432966 0.27691680525529594
transition 76 1 61 -0.07420672870507694 0.17043542122857896
transition 76 1 82 -0.09791794290179046 0.17131445224216788
transition 76 2 49 0.7845113135132757 0.10361532339247248
transition 76 2 9 -0.5160581562530591 0.40695695593949477
transition 76 2 15 -0.8337330074617892 0.22389319834883062
transition 76 2 89 -0.5284803103906672 0.26553452231920216
transition 76 3 89 0.1596023795417314 0.4578695661938087
transition 76 3 48 -0.30118390014116647 0.35351952329986797
transition 76 3 51 0.14797365501128534 0.02883510158055716
transition 76 3 19 0.06103655703941513 0.15977580892576618
transition 76 4 60 -0.1327778953301637 0.3797529858828129
transition 76 4 11 0.05387158474073006 0.17437433711122302
transition 76 4 83 0.8299914109359869 0.20071058169386743
transition 76 4 64 -0.0906096091777071 0.24516209531209668
transition 76 5 2 -0.08955283794193325 0.3636676119799594
transition 76 5 15 0.3592475862489233 0.11185323628777027
transition 76 5 69 -0.8433860571169753 0.12928848869519782
transition 76 5 60 0.685688552824012 0.39519066303707245
transition 76 6 51 -0.6215225332253729 0.4070957599722154
transition 76 6 47 0.7448352326965368 0.5929042400277845
transition 76 7 55 -0.9142749471847598 0.47587946250317203
transition 76 7 24 0.05131145826099992 0.524120537496828
transition 76 8 4 0.8716944930783301 1.0
transition 76 9 37 -0.8171779437758577 0.07483071863160651
transition 76 9 63 -0.7509776455408101 0.34998176663493746
transition 76 9 33 0.6333102449893806 0.38241231602136255
transition 76 9 99 -0.7799219167631479 0.19277519871209348
transition 76 10 32 -0.7238148404276861 0.4142941056551844
transition 76 10 24 0.8907056928540897 0.4851467073781174
transition 76 10 40 -0.26052675045687534 0.10055918696669813
transition 76 11 18 0.479016701068552 0.24852866894363343
transition 76 11 39 -0.21454569520880273 0.3065106715731442
transition 76 11 6 -0.6099608601688331 0.4388323888061396
transition 76 11 83 -0.5548795743412187 0.006128270677082745
transition 76 12 76 -0.9858782294321113 0.41459019862351454
transition 76 12 47 -0.6288250887657763 0.27112059133645466
transition 76 12 4 0.576262253301463 0.31428921004003074
transition 76 13 80 -0.6108376263798818 0.13098239083409646
transition 76 13 92 -0.48753354208417776 0.6750635356442419
transition 76 13 6 0.6926837202310487 0.19395407352166158
transition 76 14 55 -0.1981082686481641 0.5219513881022496
transition 76 14 75 -0.6151335705982541 0.47804861189775033
transition 76 15 90 0.7178262876368144 0.9885327906641549
transition 76 15 66 -0.22977185430643932 0.011467209335845115
transition 76 16 13 0.21113395185937311 0.17675975592253354
transition 76 16 60 0.7326959207290269 0.42363142678073934
transition 76 16 58 0.8401282127972909 0.2530941148803936
transition 76 16 31 0.5925940141013037 0.14651470241633366
transition 76 17 95 0.44284745001506476 1.0
transition 76 18 31 -0.36575828643765895 0.4204894206142905
transition 76 18 42 0.12384517901246106 0.40459653591038003
transition 76 18 96 -0.10538219512203306 0.16929751900785261
transition 76 18 83 -0.33639218149490135 0.00561652446747689
transition 76 19 89 -0.6336720717126623 0.2236856622767751
transition 76 19 66 0.6198141744750925 0.6453968969044889
transition 76 19 10 -0.3029874062956013 0.13091744081873607
transition 76 20 54 -0.09085196024598474 0.34494189884854987
transition 76 20 36 0.08302180555959149 0.5384103702847919
transition 76 20 25 -0.46246331639683125 0.11664773086665818
transition 76 21 60 0.788560373115953 0.08288815063909748
transition 76 21 78 -0.9001146355703393 0.23985340402844998
transition 76 21 49 0.6299965629004531 0.03833767156365829
transition 76 21 94 -0.6088733048224546 0.6389207737687942
transition 76 22 78 0.09656147196552722 0.14225931871261244
transition 76 22 40 -0.4486825162445265 0.8577406812873877
transition 76 23 51 -0.7191780206044316 0.20353836625317148
transition 76 23 0 -0.4888087396259413 0.3174918232119619
transition 76 23 14 -0.28658748919735455 0.20240242599860286
transition 76 23 89 0.5518996916494332 0.2765673845362636
transition 76 24 96 -0.9075021950095248 0.38911996021346645
transition 76 24 51 -0.37700854090752656 0.6108800397865335
transition 77 0 36 -0.21583704193951103 0.18374328387645067
transition 77 0 9 -0.38612806482260376 0.46310878120528687
transition 77 0 35 -0.5634113706170483 0.35314793491826246
transition 77 1 9 -0.5566733495138649 0.2259542893863782
transition 77 1 46 0.304403266111374 0.36744306446526886
transition 77 1 26 0.6254548034174643 0.406602646148353
transition 77 2 32 0.1240083845852693 0.46492216968963646
transition 77 2 5 0.30853400730605673 0.5350778303103635
transition 77 3 18 -0.2666569961503473 0.12726608136308565
transition 77 3 48 0.06091850574069402 0.16708530243448394
transition 77 3 61 -0.16723667685341304 0.03998447446239053
transition 77 3 53 0.5274889619400069 0.1914698837040393
transition 77 3 10 -0.5056624910812229 0.4741942580360007
transition 77 4 96 0.6169482801283788 0.24063498304119055
transition 77 4 36 -0.06680105810791259 0.29791491381178237
transition 77 4 39 0.1697086716650622 0.09371490682849618
transition 77 4 15 0.5345456116663669 0.36773519631853085
transition 77 5 29 0.8286724186853349 0.2830710337447414
transition 77 5 88 0.8257284897754944 0.20523205962627133
transition 77 5 72 0.40387782551634976 0.19942945388056324
transition 77 5 8 -0.4811385314820884 0.3122674527484241
transition 77 6 62 -0.14893928693064606 0.022238373924148708
transition 77 6 93 0.48929301519963597 0.9777616260758513
transition 77 7 68 0.6374599604018729 0.2915214007079716
transition 77 7 12 0.1657238304351376 0.40707668202475905
transition 77 7 50 0.9364600266846403 0.30140191726726945
transition 77 8 54 0.1194189622910311 1.0
transition 77 9 49 0.28164864008222357 0.3008966945318735
transition 77 9 38 -0.13841312845042308 0.3858247848432783
transition 77 9 86 -0.17295921640204748 0.1116944813882228
transition 77 9 94 0.660689606907604 0.07237951019526155
transition 77 9 52 0.4203523951996051 0.12920452904136387
transition 77 10 2 -0.5017525154007849 0.3009312023241125
transition 77 10 47 0.8592601901489045 0.028752849794082137
transition 77 10 20 -0.31607787112487284 0.19850679527582873
transition 77 10 93 0.6503119574061411 0.2799215949266723
transition 77 10 37 -0.714880296918496 0.19188755767930435
transition 77 11 87 -0.009588911134142508 0.23226796204741296
transition 77 11 26 0.2180812262987608 0.767732037952587
transition 77 12 97 0.4650661658743338 0.11191018530533303
transition 77 12 75 0.3298641063027761 0.38222873815015934
transition 77 12 86 -0.5723371666635979 0.39815669668350817
transition 77 12 67 0.20909226663768754 0.10770437986099941
transition 77 13 48 -0.8607732047733525 0.30235182499212976
transition 77 13 90 -0.8321311405477523 0.2916805554238083
transition 77 13 76 0.17254293511043461 0.21673811291778505
transition 77 13 51 0.15909830541937953 0.18922950666627691
transition 77 14 97 -0.3324058148660849 1.0
transition 77 15 51 -0.9125146400471169 0.9983238606568731
transition 77 15 66 -0.25533328252357346 0.0016761393431269167
transition 77 16 16 0.7612615494409347 1.0
transition 77 17 46 -0.35313135527036144 0.25133925784329436
transition 77 17 41 -0.49194779035384206 0.37564651713359015
transition 77 17 10 -0.5440740449004835 0.3730142250231154
transition 77 18 78 0.9941571937314946 0.13952921653932573
transition 77 18 55 0.42287471721664804 0.22229216190158
transition 77 18 62 0.5881427979472382 0.31042235788930383
transition 77 18 65 -0.5884105618640705 0.3277562636697905
transition 77 19 90 -0.2616225827756671 1.0
transition 77 20 37 0.061186450971008055 0.19368855327614062
transition 77 20 20 -0.7791228432101243 0.2565861970278738
transition 77 20 64 0.7660227324287869 0.2426368236950307
transition 77 20 11 0.10227108835767384 0.30708842600095493
transition 77 21 50 -0.503482090520418 0.6010143192417913
transition 77 21 52 0.0724734727022931 0.3989856807582088
transition 77 22 85 -0.6584705657161205 0.2201608925705807
transition 77 22 18 0.626075836367523 0.370178965838625
transition 77 22 29 -0.37942958044754627 0.4096601415907944
transition 77 23 4 -0.7235045882415376 1.0
transition 77 24 2 -0.9142919603547881 0.6636879573267811
transition 77 24 46 0.5946136244395397 0.3235108406475996
transition 77 24 5 0.605780681614092 0.012801202025619336
transition 78 0 35 -0.8840008069465737 0.4613998534574957
transition 78 0 29 -0.19318374902947166 0.5386001465425043
transition 78 1 67 0.11353087996402511 0.4854662700726903
transition 78 1 20 0.15886224977900354 0.006237052968075864
transition 78 1 35 -0.3893700880094224 0.48598193495778796
transition 78 1 60 0.7061089816983799 0.022314742001445842
transition 78 2 54 0.6661285647674235 0.690701208553771
transition 78 2 99 0.277773945869908 0.30929879144622885
transition 78 3 8 0.44129305194877766 0.39890911219830444
transition 78 3 85 -0.4431292729973699 0.15671715264507913
transition 78 3 15 -0.4667876539153053 0.034861316781705426
transition 78 3 98 0.7548335876343619 0.4095124183749111
transition 78 4 34 -0.5168501440152584 0.16596520027840672
transition 78 4 77 -0.2542302919587507 0.8340347997215933
transition 78 5 76 0.8513556641516118 0.39117336877537906
transition 78 5 42 0.11226997857283894 0.2385513733357845
transition 78 5 35 -0.36935303206716075 0.3592522191476416
transition 78 5 13 -0.5594878417541189 0.011023038741194893
transition 78 6 60 -0.3711106353815381 0.2452610310194075
transition 78 6 95 0.9248203204319909 0.5160581313798153
transition 78 6 19 -0.3228255899571475 0.009437878129886806
transition 78 6 38 0.585660413573263 0.22924295947089046
transition 78 7 6 0.673677393166692 0.22905128420184653
transition 78 7 46 -0.053973305924631454 0.7709487157981535
transition 78 8 78 -0.358530854929757 0.0899572082073807
transition 78 8 81 -0.7467842476694897 0.026224220170056416
transition 78 8 15 0.6874169823651168 0.2930218383120631
transition 78 8 93 -0.7816929941820943 0.2942412925353115
transition 78 8 71 0.7923708027655763 0.2965554407751883
transition 78 9 61 0.4968560083922591 0.15755800789317
transition 78 9 27 -0.6586081225888842 0.1982570352611009
transition 78 9 35 0.5011976447655124 0.05578186636116524
transition 78 9 77 0.2804524465115523 0.05236320619302658
transition 78 9 63 0.3202191152137077 0.5360398842915373
transition 78 10 47 -0.7579207471513447 0.100691124372148
transition 78 10 6 -0.9224379752639413 0.29089989950652045
transition 78 10 76 0.7785213986470447 0.19412126608543018
transition 78 10 77 -0.45216573017693307 0.24934440682556763
transition 78 10 4 -0.029888853432063378 0.16494330321033382
transition 78 11 83 0.21355389504642686 0.06438110483257749
transition 78 11 98 -0.916137528816986 0.9356188951674225
transition 78 12 3 -0.6631635141910899 0.0636296530199881
transition 78 12 58 -0.145202050020524 0.4676816084788337
transition 78 12 36 -0.9875354518719228 0.08640264660145278
transition 78 12 74 0.7485952448653248 0.375056662169079
transition 78 12 30 -0.8977919067938167 0.007229429730646378
transition 78 13 34 -0.23279437305098116 1.0
transition 78 14 21 0.5260148765053909 0.2793024642789074
transition 78 14 85 -0.9423351952714458 0.14825568574314607
transition 78 14 33 -0.4943676986288119 0.05273906397291081
transition 78 14 79 -0.5503207815207849 0.5197027860050358
transition 78 15 55 0.5811256545908483 0.6109791879958518
transition 78 15 84 -0.2458943882907758 0.3890208120041482
transition 78 16 39 -0.3933238451675487 0.34604165201160725
transition 78 16 44 0.3580616625138413 0.6539583479883927
transition 78 17 38 0.9087441638895652 0.09071612450364566
transition 78 17 2 -0.28908103651394934 0.3849481715926512
transition 78 17 57 0.2798970097747129 0.14820838107343307
transition 78 17 25 0.9861359167479449 0.37612732283026995
transition 78 18 36 -0.043486475639554545 0.5888239427083698
transition 78 18 55 -0.3829898515829866 0.41117605729163015
transition 78 19 30 0.4294802843654828 0.377891706969507
transition 78 19 46 -0.08834179665268094 0.1768254302617267
transition 78 19 97 -0.8093825185004486 0.2577841112659944
transition 78 19 32 -0.036619650703613615 0.18749875150277195
transition 78 20 12 0.14782445666320165 1.0
transition 78 21 78 0.05129277844704094 0.3688063186894619
transition 78 21 72 0.5126479694521262 0.4192843691758048
transition 78 21 95 -0.5397589728937509 0.21190931213473324
transition 78 22 56 -0.9120084743817651 0.7904023583101425
transition 78 22 86 -0.4905147040695155 0.2095976416898575
transition 78 23 14 0.7659850725803834 1.0
transition 78 24 4 0.7088469571641649 0.17156255400120393
transition 78 24 84 -0.3089005920495924 0.15593109213855558
transition 78 24 0 0.5879670368945706 0.10466669740422972
transition 78 24 48 -0.9524292957302745 0.3130750470447585
transition 78 24 22 0.3815381962943487 0.25476460941125223
transition 79 0 39 -0.28178015382767274 1.0
transition 79 1 65 -0.7967685074106035 0.21945342001303192
transition 79 1 78 0.504605100813234 0.2680231259069906
transition 79 1 59 0.6190595108190442 0.25910076650391367
transition 79 1 29 0.19387777148553553 0.25342268757606373
transition 79 2 9 0.9479989658851555 0.17355264939282747
transition 79 2 6 0.9054847857008619 0.8264473506071726
transition 79 3 48 0.4863357716384369 0.42799108368976
transition 79 3 9 0.5930881386660103 0.3360899373847651
transition 79 3 65 -0.41579849645880507 0.23591897892547484
transition 79 4 62 0.7929410935057268 0.4513798715301467
transition 79 4 97 0.13013481484829614 0.5486201284698533
transition 79 5 46 0.5763400341966769 0.7805011321319225
transition 79 5 11 0.9036280364706919 0.21949886786807749
transition 79 6 68 0.04119860598382252 0.19762233527088255
transition 79 6 65 0.34502893061345996 0.10190218793595072
transition 79 6 62 -0.9154795929311261 0.11611901348088788
transition 79 6 11 -0.21814716130295597 0.24218503255757584
transition 79 6 60 -0.04755749250822294 0.34217143075470297
transition 79 7 30 -0.07526187655894301 1.0
transition 79 8 11 0.4776771866487315 0.43216576815461033
transition 79 8 91 -0.6707128397230553 0.5678342318453897
transition 79 9 6 -0.6670974354352341 0.6719209328557233
transition 79 9 27 0.9111384872894728 0.1988179356035788
transition 79 9 73 0.03629432147825584 0.08532102159035902
transition 79 9 20 -0.22167704637891195 0.04394010995033883
transition 79 10 27 0.6257524424983094 0.37196869185820036
transition 79 10 12 0.9233396152694295 0.017301827628929404
transition 79 10 48 -0.5842372002483938 0.2302550396654192
transition 79 10 57 -0.41387434733045536 0.3235971330412581
transition 79 10 39 0.4334329700479085 0.05687730780619285
transition 79 11 13 0.7815474875378592 0.3725526174333753
transition 79 11 45 -0.029643656177693156 0.45686639698541526
transition 79 11 83 0.26869759119963255 0.1705809855812095
transition 79 12 31 -0.9247754015101215 0.20068712480077516
transition 79 12 95 0.4782392966111495 0.038125005660435606
transition 79 12 66 -0.15643840868895809 0.7267827542617342
transition 79 12 49 0.4806466913792311 0.034405115277055066
transition 79 13 61 -0.5505571451134672 0.4536433469728597
transition 79 13 54 -0.05719326436758698 0.4357577752437357
transition 79 13 81 -0.7416342440828687 0.1105988777834046
transition 79 14 35 -0.7841690282196458 0.08618248142274061
transition 79 14 15 0.09246941909360262 0.7254897790850566
transition 79 14 13 -0.22729593891227884 0.1883277394922028
transition 79 15 67 -0.4665941567679419 0.4477149686957155
transition 79 15 0 -0.3259085394366805 0.5522850313042845
transition 79 16 43 0.5303777216139831 0.22169040707340315
transition 79 16 99 -0.31014540883994735 0.18397743626903673
transition 79 16 77 0.7009239927518875 0.18753134396866447
transition 79 16 33 -0.2816703246594714 0.4068008126888956
transition 79 17 76 -0.6105651306796396 1.0
transition 79 18 31 -0.041268886487342726 1.0
transition 79 19 88 0.3063772779032252 0.22900800157989218
transition 79 19 16 0.7708544221823517 0.1740521969892794
transition 79 19 59 0.7545862936485668 0.2531276152771935
transition 79 19 12 0.16607993157062895 0.17742072973578885
transition 79 19 62 0.8942510691741228 0.16639145641784603
transition 79 20 57 0.8682853325005897 0.08754359241995262
transition 79 20 55 -0.6125905850863191 0.03782575944790896
transition 79 20 46 0.6496276837182493 0.4642412303641439
transition 79 20 41 -0.28514427386196317 0.1568043341969102
transition 79 20 78 0.8065656996872712 0.25358508357108445
transition 79 21 30 -0.178390014160424 0.5654723534388406
transition 79 21 59 0.8941993819414882 0.4345276465611593
transition 79 22 20 -0.8032045002557331 0.5282552871864936
transition 79 22 26 -0.5860763269878315 0.4717447128135064
transition 79 23 81 -0.733216494471477 1.0
transition 79 24 0 0.337001667457522 0.12524224494499211
transition 79 24 15 0.5619180077805377 0.2880719851198361
transition 79 24 72 -0.444427208824677 0.1745665485178236
transition 79 24 27 -0.2959941023240149 0.4121192214173482
transition 80 0 73 -0.6698266960203862 0.15308240386770663
transition 80 0 67 0.6248242759384932 0.1702946030124813
transition 80 0 5 0.10627327836903233 0.676622993119812
transition 80 1 49 0.690157651610082 0.46775064345376477
transition 80 1 53 -0.41084044313851686 0.05976948012221022
transition 80 1 28 0.3969998769195062 0.4724798764240251
transition 80 2 78 -0.7282197850809164 0.3221923248981247
transition 80 2 7 -0.12560414804894005 0.5235917166828651
transition 80 2 18 -0.9942211447825404 0.15421595841901023
transition 80 3 11 0.43457699117746373 0.9988733227208042
transition 80 3 88 -0.805386623709716 0.001126677279195778
transition 80 4 59 0.6016731162507589 1.0
transition 80 5 79 0.7212536955233069 0.21554975361240356
transition 80 5 85 0.5165470919326816 0.20181709813079657
transition 80 5 87 0.8335108179989552 0.21075815818490526
transition 80 5 59 0.5725707170389951 0.1727279837373783
transition 80 5 17 -0.045459836824914834 0.19914700633451637
transition 80 6 45 0.9514390881594403 0.3399656316911482
transition 80 6 61 0.32552059560027535 0.12075590750790872
transition 80 6 73 -0.9733487457090579 0.31791563565421
transition 80 6 88 -0.7509492434079612 0.22136282514673306
transition 80 7 27 0.3255448117240016 0.260422644524404
transition 80 7 49 -0.9244207137965832 0.739577355475596
transition 80 8 61 0.9520721638810177 0.3682589667595829
transition 80 8 53 0.20084895895613708 0.631741033240417
transition 80 9 55 -0.7559073346356457 0.18645194125528525
transition 80 9 69 0.693329037587264 0.15385759001464228
transition 80 9 22 0.813950287433888 0.23328255800283465
transition 80 9 80 0.44505817348447807 0.21531828085093194
transition 80 9 56 0.4293513706554779 0.21108962987630586
transition 80 10 10 -0.883185021541129 0.19446247697247177
transition 80 10 44 0.9772345070582646 0.16190812379226374
transition 80 10 89 0.9114326699296063 0.2569467722809437
transition 80 10 55 -0.10184339650071306 0.18284038966516522
transition 80 10 82 -0.37095979039795623 0.2038422372891556
transition 80 11 81 -0.9350020584513639 0.390268649361708
transition 80 11 6 -0.40463505497589547 0.27274380329090153
transition 80 11 84 0.7166254046809228 0.3369875473473906
transition 80 12 95 0.5669215907346641 0.22627044062206922
transition 80 12 26 0.7125251725967232 0.1996339544141537
transition 80 12 11 0.22624967663902185 0.1875619436980517
transition 80 12 87 -0.31783309139859406 0.3865336612657253
transition 80 13 42 0.26725922754576703 0.2067287662748135
transition 80 13 11 -0.8425621669632719 0.37606644649672744
transition 80 13 30 -0.22806667669485403 0.0356318116909323
transition 80 13 80 0.4841188640113647 0.3815729755375267
transition 80 14 21 -0.8308648998912431 0.057482880344933776
transition 80 14 65 0.8120614216060706 0.3095446008378598
transition 80 14 89 0.44842795055176254 0.1838599303709714
transition 80 14 56 -0.16562427844888084 0.3026946681392509
transition 80 14 96 0.7532388679834692 0.1464179203069842
transition 80 15 25 0.6270101148297527 0.5030438196269488
transition 80 15 2 -0.2073774385992193 0.4969561803730512
transition 80 16 75 -0.3504422501489388 0.055114990982189124
transition 80 16 12 0.41463378800749395 0.48852089120047787
transition 80 16 26 -0.1871046383275956 0.45636411781733305
transition 80 17 9 0.3546236829677589 0.10763640113005195
transition 80 17 64 -0.08671983241592485 0.8236722485523387
transition 80 17 68 0.6459953805612377 0.06869135031760944
transition 80 18 71 0.16299515685151067 1.0
transition 80 19 14 0.5650741942106097 0.076540098144347
transition 80 19 85 0.932154899407136 0.13447108287200082
transition 80 19 89 0.28993682239762975 0.13547128683308765
transition 80 19 98 -0.9909468001834842 0.30964244172369654
transition 80 19 57 -0.837756447782855 0.34387509042686804
transition 80 20 90 -0.23796714160405297 0.2960295889555117
transition 80 20 41 -0.2200808108743133 0.7039704110444883
transition 80 21 43 -0.3355289847896099 0.36755991231624696
transition 80 21 9 0.5025437490673543 0.29877403435250904
transition 80 21 91 0.10494313043566916 0.333666053331244
transition 80 22 56 -0.036437236526874583 0.25039655435014896
transition 80 22 32 0.9393042268005767 0.21949922702033886
transition 80 22 58 0.30878859962331306 0.10110868468871884
transition 80 22 13 0.14423480277666045 0.061459231048250594
transition 80 22 86 0.28403365932149893 0.36753630289254274
transition 80 23 80 -0.5632192845110464 0.3692344195018467
transition 80 23 13 0.45708404910494504 0.22950654794582734
transition 80 23 21 0.23842706269604852 0.40125903255232587
transition 80 24 11 -0.8885809519225354 0.44694466475910916
transition 80 24 65 -0.3547590383206418 0.27250842411493276
transition 80 24 77 0.5882624749833905 0.22109677609266193
transition 80 24 76 -0.16794157411893385 0.05945013503329614
transition 81 0 6 -0.9816976130504784 1.0
transition 81 1 42 0.9206328424862689 0.9281322472036431
transition 81 1 83 -0.8107605301179377 0.07186775279635696
transition 81 2 80 -0.228735749636934 0.1706060990485594
transition 81 2 67 0.36504020352437094 0.2655811932761012
transition 81 2 5 0.15026598074265296 0.2241335842771005
transition 81 2 24 -0.9489897835164454 0.17900956895234013
transition 81 2 82 0.8787641342634793 0.16066955444589878
transition 81 3 23 -0.5410657340496619 1.0
transition 81 4 82 -0.1808367120841794 1.0
transition 81 5 52 -0.095073680208283 0.6153782727324881
transition 81 5 11 -0.12582850256192457 0.38462172726751187
transition 81 6 48 -0.7001652618976051 0.23127673003359606
transition 81 6 75 -0.7495960567561804 0.15061869534346112
transition 81 6 60 -0.759117170776092 0.22578070464217628
transition 81 6 62 -0.4664002709475441 0.15384784109711178
transition 81 6 30 -0.007248855720978442 0.2384760288836547
transition 81 7 69 0.1737609671631346 0.07304214691747676
transition 81 7 67 -0.10057580514233755 0.1919522798265581
transition 81 7 91 -0.6642978471351646 0.39018142726463817
transition 81 7 74 -0.9225536479044973 0.344824145991327
transition 81 8 41 0.7508070586770719 1.0
transition 81 9 27 0.45862443408141895 1.0
transition 81 10 4 -0.0732638965389707 0.22999360723914006
transition 81 10 55 -0.12917806295087786 0.28941879860331476
transition 81 10 79 0.45467958789178575 0.10761509602385509
transition 81 10 6 -0.9051489099573398 0.15940555320996805
transition 81 10 52 0.7975635375254906 0.21356694492372202
transition 81 11 93 0.17534961578649 1.0
transition 81 12 36 -0.9897346789840533 0.07565767697039173
transition 81 12 72 0.8422813916844818 0.7873000135511593
transition 81 12 40 -0.9840995670429771 0.13704230947844898
transition 81 13 89 0.8847118723766934 0.2695626012406867
transition 81 13 83 -0.09919866402402011 0.20059496260696288
transition 81 13 25 0.3697842695315341 0.007765669320626012
transition 81 13 87 -0.6054104096039443 0.2862820332046951
transition 81 13 16 0.08815456632496499 0.23579473362702935
transition 81 14 19 0.3269102400560058 0.02695932118829527
transition 81 14 41 0.9098222395524558 0.3575142929636729
transition 81 14 49 0.24673080794520263 0.6155263858480319
transition 81 15 0 -0.0036998722809367113 0.1582820510050586
transition 81 15 1 0.8627817407648455 0.10024438126814017
transition 81 15 9 0.13872434622194607 0.45237071027791753
transition 81 15 33 -0.07079871192935183 0.2891028574488837
transition 81 16 33 0.24066830615461332 0.6341638179595271
transition 81 16 68 -0.7623678227211439 0.3658361820404728
transition 81 17 17 0.988526398332412 1.0
transition 81 18 68 -0.916785643680204 1.0
transition 81 19 35 -0.1732582524326962 0.21054798786073625
transition 81 19 14 0.2720564983904161 0.13556157831837312
transition 81 19 20 0.2993248513378113 0.15968406862157164
transition 81 19 44 0.9945907107301772 0.11676105438125153
transition 81 19 92 -0.5048868500400348 0.3774453108180673
transition 81 20 45 0.19339930256634008 0.12631166882504122
transition 81 20 27 0.8096584183109705 0.41178453070646115
transition 81 20 18 -0.5656866097600046 0.20089719216494564
transition 81 20 43 0.798309751919732 0.2094756798831944
transition 81 20 96 -0.6956697722145881 0.05153092842035754
transition 81 21 9 -0.4945040192166754 0.9579148520074955
transition 81 21 10 -0.6101817855619023 0.042085147992504554
transition 81 22 58 0.9012972381974964 1.0
transition 81 23 88 -0.34534201388196517 0.3893978264409093
transition 81 23 35 0.26046877229003673 0.09527966542422196
transition 81 23 37 0.8692991854069716 0.5153225081348687
transition 81 24 64 0.5759275706675366 0.3947225708347096
transition 81 24 93 0.0937801689773694 0.6052774291652905
transition 82 0 48 0.5158228674513015 0.2568245382100857
transition 82 0 18 0.30206163098121763 0.10360663591703746
transition 82 0 26 -0.9511423250016955 0.45573114286820715
transition 82 0 23 -0.5081560672814427 0.18383768300466966
transition 82 1 43 0.19054847512992956 0.37778868862091575
transition 82 1 11 0.9710640591301396 0.10955669867390641
transition 82 1 2 0.44919935249406606 0.5126546127051778
transition 82 2 83 0.895157810673612 0.30325180230315607
transition 82 2 44 -0.9101971609701665 0.18932841211040066
transition 82 2 27 0.5943637129681991 0.3163105367970339
transition 82 2 75 -0.5023399626297482 0.1911092487894094
transition 82 3 98 -0.6236609483104663 1.0
transition 82 4 1 -0.3015236993167232 0.7096060828374194
transition 82 4 61 -0.3492875648034721 0.29039391716258056
transition 82 5 99 -0.8282458782166675 0.24657441760154714
transition 82 5 93 -0.5204361739099619 0.21921174300204163
transition 82 5 55 -0.07034999879162074 0.5342138393964112
transition 82 6 73 -0.13920251961853936 0.41154698707602044
transition 82 6 75 -0.6550158854397528 0.4222981429034319
transition 82 6 42 0.45136893569435377 0.1661548700205476
transition 82 7 46 0.12365014177744182 0.23954331368709977
transition 82 7 64 0.7728098792470561 0.40965190731025897
transition 82 7 4 0.2805694362456459 0.35080477900264134
transition 82 8 70 -0.16260586876267213 0.21916225595444233
transition 82 8 39 -0.6533728531725951 0.2444221585549661
transition 82 8 73 -0.3848185929998589 0.2843359418683194
transition 82 8 0 0.6997520000639943 0.25207964362227225
transition 82 9 3 -0.2018127686132858 0.11701394794665994
transition 82 9 15 0.638882760290558 0.0764534983771261
transition 82 9 67 -0.5588784930069488 0.3108142683032643
transition 82 9 63 -0.937142620556386 0.17196922854244023
transition 82 9 64 0.18165611278548766 0.3237490568305095
transition 82 10 91 -0.7611343423154058 0.18823066488108267
transition 82 10 49 -0.5446929676786836 0.1570780881749579
transition 82 10 85 0.09255791381312828 0.13105593919220784
transition 82 10 43 0.8852984774220336 0.2922225199084516
transition 82 10 53 -0.44487177136983513 0.23141278784329997
transition 82 11 67 0.6629141961633187 0.462214004702189
transition 82 11 10 -0.18338525284984164 0.3553467724442987
transition 82 11 69 0.6806673342607223 0.18243922285351236
transition 82 12 77 -0.5750866564352692 1.0
transition 82 13 7 -0.6251966845027452 0.06116574957615588
transition 82 13 92 -0.7299881176665024 0.4772356444268317
transition 82 13 93 0.30785298311010045 0.46159860599701247
transition 82 14 3 0.07502980714546381 0.448395399292383
transition 82 14 86 -0.9086184187124255 0.47642963023244506
transition 82 14 69 -0.9111502032980276 0.07517497047517198
transition 82 15 7 -0.3852166046483674 0.4395426277485215
transition 82 15 92 -0.46847438810442843 0.0846339471007035
transition 82 15 39 -0.44540876273563024 0.475823425150775
transition 82 16 15 -0.7056157966928955 1.0
transition 82 17 56 0.3537533501359065 0.288871698260396
transition 82 17 2 0.026638136084794706 0.27038074145595103
transition 82 17 55 0.13791551524353807 0.2809625585352521
transition 82 17 52 0.19562036868469468 0.15978500174840088
transition 82 18 66 -0.21776889252660947 1.0
transition 82 19 0 -0.8730332270554473 0.33185796781175825
transition 82 19 62 -0.0939322090960295 0.3054853492782397
transition 82 19 64 -0.806888895837661 0.3626566829100019
transition 82 20 87 0.5993609733020362 0.32458603630212374
transition 82 20 26 0.01969446596940161 0.04824185762073902
transition 82 20 22 0.20690772086391562 0.18166263269403513
transition 82 20 83 0.5539581878510869 0.3922034895512916
transition 82 20 67 0.48088969579197394 0.05330598383181054
transition 82 21 20 0.4977682555969716 0.2607288038139845
transition 82 21 82 0.9908571904835428 0.6513573108652388
transition 82 21 86 -0.4066037330095382 0.08791388532077664
transition 82 22 63 0.6103222353798428 0.4614142615740165
transition 82 22 89 -0.7820317027454429 0.04832434290986459
transition 82 22 86 0.6292345579352792 0.0890298502196371
transition 82 22 6 0.3127004245177114 0.28967165255274036
transition 82 22 70 -0.44049940465047377 0.11155989274374144
transition 82 23 56 -0.526878170341416 0.24659440487198034
transition 82 23 91 -0.1993616727058367 0.4191102435425899
transition 82 23 81 -0.22327392024409543 0.2734858214545748
transition 82 23 51 -0.7516988966669149 0.060809530130854994
transition 82 24 25 0.8066200419708054 0.26555901057715414
transition 82 24 64 -0.7526303925788498 0.300927853907933
transition 82 24 52 -0.9574642738599479 0.43351313551491283
transition 83 0 61 -0.5014602702053197 0.48348604477180795
transition 83 0 96 0.2385323927434595 0.006518263703614161
transition 83 0 68 -0.3756269660306759 0.5099956915245778
transition 83 1 33 -0.27521366095964006 0.5751327208132209
transition 83 1 41 -0.25730860415712087 0.42486727918677925
transition 83 2 30 -0.3320530253542575 0.1594563284049596
transition 83 2 65 0.38518264731305285 0.2843962057378649
transition 83 2 29 -0.22565688715514964 0.27632154700398115
transition 83 2 47 0.542354705305385 0.10412734577298878
transition 83 2 40 0.4034870289271191 0.17569857308020548
transition 83 3 11 0.5221311070992212 0.27371237158449685
transition 83 3 90 0.36372761918074925 0.08265565262329369
transition 83 3 91 -0.47227228846963354 0.3135172782712152
transition 83 3 56 0.3551813971025648 0.27136266313350954
transition 83 3 35 0.47081430188766493 0.058752034387484775
transition 83 4 77 -0.6061255258027369 0.3438095292755009
transition 83 4 66 -0.049665746640551234 0.3167686044205752
transition 83 4 50 -0.041913718940975064 0.05900516930080845
transition 83 4 49 0.19768612844056221 0.25384947642998285
transition 83 4 89 -0.8761487354573192 0.02656722057313265
transition 83 5 83 0.42271086750809994 0.5610954786939587
transition 83 5 75 0.8763487702493946 0.26635428956364154
transition 83 5 65 0.03727590131501435 0.17255023174239978
transition 83 6 20 0.4725651925483281 0.21089771477935412
transition 83 6 44 -0.30342956469573945 0.18373386255610033
transition 83 6 97 -0.921836644001133 0.6053684226645455
transition 83 7 79 -0.7283782349504031 0.30646572602212
transition 83 7 19 -0.500091842226509 0.33264319186105307
transition 83 7 99 0.748239138999907 0.36089108211682697
transition 83 8 84 0.32013424850828076 1.0
transition 83 9 65 0.0936452216535173 0.1750891484387783
transition 83 9 19 -0.0754618518374437 0.19176209428075677
transition 83 9 95 0.9871315286153628 0.23178843710649352
transition 83 9 7 -0.09018502647843962 0.05896463863142243
transition 83 9 54 0.9680701648005232 0.3423956815425491
transition 83 10 33 -0.012010264136450566 0.52153907167173
transition 83 10 68 -0.7157267185164282 0.4784609283282701
transition 83 11 14 0.83123968762993 0.8680184168406854
transition 83 11 78 0.9069398340449559 0.13198158315931463
transition 83 12 56 -0.07765277682232674 0.349067800332521
transition 83 12 3 0.26137634896925355 0.6509321996674791
transition 83 13 60 0.14947532490218096 0.43166178366334945
transition 83 13 52 -0.5483204140534788 0.39665905774464205
transition 83 13 66 -0.744538104517876 0.1716791585920085
transition 83 14 96 0.9672089132621562 0.06988746279552673
transition 83 14 47 0.4419930744331646 0.3339074833258398
transition 83 14 40 -0.7820754965281542 0.2629010002080026
transition 83 14 4 0.3189458300052177 0.3333040536706309
transition 83 15 39 -0.25649021813896367 0.13422795348456992
transition 83 15 93 -0.24429073214332542 0.2509920114218284
transition 83 15 84 0.4099536685622902 0.26881025545419374
transition 83 15 89 -0.5175921266793138 0.23177609187414477
transition 83 15 2 -0.42647323028731177 0.11419368776526316
transition 83 16 21 -0.45542085762474627 0.22135368267637806
transition 83 16 12 -0.8649665063071161 0.26956370196906065
transition 83 16 36 0.6263750443504463 0.0192544518849443
transition 83 16 40 0.25000761776778035 0.4151506781150001
transition 83 16 24 -0.924321671439672 0.07467748535461681
transition 83 17 58 -0.291998234170334 1.0
transition 83 18 27 -0.11590148168374115 0.07093069479870831
transition 83 18 62 -0.7870713954085726 0.7636897597339105
transition 83 18 28 0.8998833628579177 0.10382308722298571
transition 83 18 54 -0.5520036408274711 0.06155645824439551
transition 83 19 6 0.860905955743041 0.02352461282240171
transition 83 19 40 -0.5607644967535577 0.10465646894389782
transition 83 19 70 -0.43259327485587296 0.39852604189114227
transition 83 19 89 0.3984684466446968 0.4732928763425582
transition 83 20 39 0.05860829951174695 0.27045736216062705
transition 83 20 63 -0.9373040591104069 0.03789146788912353
transition 83 20 37 0.4982962283502961 0.36773107743267697
transition 83 20 99 0.43705933310585054 0.32392009251757237
transition 83 21 90 0.5021526777765395 0.6082318813091129
transition 83 21 57 0.457680973677838 0.3917681186908872
transition 83 22 62 0.12828802714552556 1.0
transition 83 23 1 0.9170259470269857 0.02948737385818614
transition 83 23 48 0.10043397207912874 0.1779944938398525
transition 83 23 56 -0.045265081156361964 0.37095071112536104
transition 83 23 36 -0.9824760275757809 0.4215674211766003
transition 83 24 48 0.43062537911884213 0.18730359335930788
transition 83 24 69 0.3367763152342249 0.12136115941213929
transition 83 24 30 0.6241163713056932 0.1380823771820415
transition 83 24 36 0.014352195266705614 0.3279079498469963
transition 83 24 97 -0.3403107002860861 0.22534492019951505
transition 84 0 27 0.05068472101339139 0.29460354396695804
transition 84 0 91 0.9230034406701744 0.4095808298597477
transition 84 0 18 -0.02482912114792546 0.1313180448260641
transition 84 0 6 -0.1530896327423934 0.06773936017256366
transition 84 0 15 -0.5528732485743317 0.09675822117466652
transition 84 1 96 0.8135533059592557 0.4815124246688927
transition 84 1 11 0.052087780256007354 0.19851100999688706
transition 84 1 81 0.395526509338197 0.31997656533422025
transition 84 2 9 -0.14067545572435747 0.4395160019950993
transition 84 2 85 0.7394806063972599 0.5604839980049007
transition 84 3 81 -0.5483340323194021 0.2735514423676117
transition 84 3 84 0.5778379922935839 0.23798215861884855
transition 84 3 15 0.8089516112773865 0.03436774417206793
transition 84 3 76 -0.5236850385735241 0.04065021656625616
transition 84 3 48 0.25439453706773896 0.4134484382752157
transition 84 4 80 -0.7235479386464196 0.15857424521737393
transition 84 4 35 0.8917009146852188 0.15137904419700196
transition 84 4 99 -0.3376572218487881 0.26088742246817703
transition 84 4 87 -0.5384811494698205 0.21927319161622444
transition 84 4 77 -0.9623893868150126 0.20988609650122264
transition 84 5 85 0.7039032985194495 0.006038744753540939
transition 84 5 64 0.04038949434130146 0.47695854312609764
transition 84 5 9 -0.4945551474162144 0.3909861226787177
transition 84 5 72 -0.0910296394615786 0.1260165894416437
transition 84 6 83 -0.3987605369335827 0.40112011259874225
transition 84 6 67 0.9231378079578674 0.5988798874012577
transition 84 7 25 0.49234684909142823 0.3038074214642171
transition 84 7 33 0.2706676741999663 0.26472872656909396
transition 84 7 85 0.36839424686473965 0.13827240409900976
transition 84 7 66 0.25390934151253464 0.2931914478676791
transition 84 8 82 -0.04830494417759823 0.04626724765324717
transition 84 8 64 0.5842960883720454 0.20345300556253162
transition 84 8 40 -0.7914214403033615 0.5170391103280787
transition 84 8 46 -0.15943693164124606 0.23324063645614243
transition 84 9 82 -0.8118496372170534 0.3906169322667157
transition 84 9 77 -0.5776924198822904 0.27252685251102493
transition 84 9 76 -0.17140441343463997 0.33685621522225945
transition 84 10 64 -0.5322411175394415 0.17887913021620383
transition 84 10 98 0.38361235927808046 0.2352297168982408
transition 84 10 35 0.12180046744341189 0.20061702145832216
transition 84 10 0 0.4423600420116489 0.11994907454299442
transition 84 10 7 0.3211452445692822 0.26532505688423885
transition 84 11 45 -0.8223546768295915 0.09206357041303787
transition 84 11 14 -0.36929561922915854 0.4271823688448
transition 84 11 91 -0.8014999312320648 0.24912222739577297
transition 84 11 88 0.24326975135841744 0.2233304081087056
transition 84 11 48 0.6098488442623127 0.008301425237683588
transition 84 12 66 0.5960991215672466 0.08788994373938858
transition 84 12 13 0.5467367238899068 0.682188068504133
transition 84 12 84 -0.9483783414417384 0.22992198775647826
transition 84 13 3 -0.9444586585502173 0.6744815657042482
transition 84 13 26 0.8196247035432662 0.32551843429575184
transition 84 14 58 -0.9567233203487377 0.19294271710190092
transition 84 14 91 -0.47841168064678685 0.23932424224977633
transition 84 14 30 0.35407747730411376 0.2707086243131348
transition 84 14 63 0.9538406349134871 0.09522975296636506
transition 84 14 70 -0.7381466637537131 0.20179466336882285
transition 84 15 51 0.6178781870841952 0.08435210407603659
transition 84 15 3 0.3441632977912359 0.39850403954810815
transition 84 15 52 0.6556973206163572 0.5171438563758552
transition 84 16 74 0.3947172355350961 0.2918899488876807
transition 84 16 73 -0.24847712691924917 0.20165235466160703
transition 84 16 62 0.8274093238096276 0.19383447229650952
transition 84 16 55 -0.388023508294868 0.3126232241542027
transition 84 17 7 -0.6798219857611245 0.3150274078369408
transition 84 17 33 -0.9963197931649941 0.46262899797679036
transition 84 17 12 -0.4508608850536775 0.22234359418626884
transition 84 18 44 -0.8878328250027196 0.16212133064183587
transition 84 18 88 0.6136794062118451 0.3558130301472205
transition 84 18 68 -0.5318126773770928 0.23371768809182272
transition 84 18 39 -0.2027690027393172 0.1031502062406366
transition 84 18 15 -0.7273332419596634 0.14519774487848439
transition 84 19 94 -0.1624736000581566 0.03439166140186
transition 84 19 64 0.18912198423468984 0.3490913786234329
transition 84 19 71 -0.5619734657974171 0.2593221483612751
transition 84 19 99 0.9219591611398257 0.06374313420317014
transition 84 19 12 0.8126670268024503 0.29345167741026174
transition 84 20 80 -0.8328156332632568 0.7649501834600354
transition 84 20 66 0.22867498867726233 0.23504981653996465
transition 84 21 21 0.6697330149703862 0.18219281815922925
transition 84 21 18 -0.9528379348375016 0.8178071818407707
transition 84 22 43 -0.6718221757673426 0.7494223704757894
transition 84 22 51 0.3188578745696178 0.2505776295242106
transition 84 23 54 -0.8365651041596318 0.4799176250995269
transition 84 23 52 -0.9409566259481743 0.520082374900473
transition 84 24 50 0.09284173235058124 1.0
transition 85 0 69 0.8900445225199318 0.526952617558124
transition 85 0 28 0.5338549283175027 0.4730473824418761
transition 85 1 29 0.6588569311753263 0.6399240600849351
transition 85 1 38 0.5998316251101112 0.3600759399150649
transition 85 2 54 -0.4723997625648171 0.5257848539040717
transition 85 2 18 0.1594360431440358 0.40365562517189363
transition 85 2 17 -0.9520238125436677 0.07055952092403481
transition 85 3 11 0.6371210624763486 0.34218789005724015
transition 85 3 92 0.724337509518487 0.3657310861868888
transition 85 3 97 -0.7805723438665346 0.12501368106613164
transition 85 3 7 0.6475439486578531 0.10526236615175354
transition 85 3 73 -0.5783415619361547 0.06180497653798582
transition 85 4 73 -0.7952410149214706 0.3888617536055609
transition 85 4 29 0.053201556716092835 0.611138246394439
transition 85 5 99 -0.15159512094055816 0.11893972368843435
transition 85 5 87 0.936874073874755 0.46407859925890366
transition 85 5 23 -0.30796582959737195 0.4169816770526621
transition 85 6 8 -0.2803092302559682 0.20287909299164456
transition 85 6 14 -0.10622034411647818 0.190205853190741
transition 85 6 49 0.44789964216271283 0.38603583925679075
transition 85 6 73 -0.9427721353933505 0.22087921456082377
transition 85 7 7 -0.850905466343838 1.0
transition 85 8 83 -0.5637394900105439 0.2612648190810839
transition 85 8 4 -0.49788024836068256 0.5240903865309746
transition 85 8 9 -0.5720186411583563 0.03843835170875226
transition 85 8 62 0.17270761437090743 0.028579523197967003
transition 85 8 8 -0.162457122897399 0.1476269194812223
transition 85 9 66 0.8777986688348829 1.0
transition 85 10 88 -0.6078860074954644 0.5464373089024736
transition 85 10 86 0.9516019220859455 0.45356269109752634
transition 85 11 21 0.504583344949501 0.3678176205712198
transition 85 11 74 -0.9112951262591453 0.021090527066406597
transition 85 11 8 -0.03495904677774431 0.09661314957292971
transition 85 11 82 -0.2958746936012231 0.5144787027894439
transition 85 12 47 0.34477299121878335 0.16636862474721784
transition 85 12 97 -0.8578004705841242 0.3193755723174302
transition 85 12 89 0.14651089708076404 0.054800008800572966
transition 85 12 58 -0.07353625390372898 0.45945579413477894
transition 85 13 80 0.04749128859658103 0.41135775568047983
transition 85 13 36 -0.6610306127474692 0.5886422443195202
transition 85 14 0 -0.4522565438911965 0.4590536251932002
transition 85 14 42 0.7439632815258825 0.5409463748067997
transition 85 15 37 -0.424739676605989 1.0
transition 85 16 74 -0.8551946274913917 1.0
transition 85 17 16 -0.43623341628525614 0.16857481018965537
transition 85 17 28 0.8129244698105438 0.6025762746631419
transition 85 17 23 0.013712195554142603 0.2288489151472028
transition 85 18 54 -0.8519645288894868 0.338202808719956
transition 85 18 38 0.8727907239550894 0.42032587304008096
transition 85 18 15 -0.35442025290230994 0.24147131823996304
transition 85 19 15 0.9064595033684091 0.12358634193794439
transition 85 19 99 0.38267805350549056 0.30156701675528863
transition 85 19 97 -0.27505483327832825 0.2820252576026377
transition 85 19 20 -0.01959645793924203 0.25968608867230425
transition 85 19 78 -0.645711178006867 0.03313529503182496
transition 85 20 52 -0.49532962902417244 0.27997396026507243
transition 85 20 24 -0.052424556398234845 0.29266337905962486
transition 85 20 80 0.5338441192218715 0.4273626606753028
transition 85 21 11 -0.6709574799037268 0.24309136196475198
transition 85 21 48 -0.30465800884295535 0.11181575833451525
transition 85 21 1 0.2647960947673118 0.2478173404081551
transition 85 21 25 -0.03472042260148411 0.20295329761779943
transition 85 21 27 -0.4136746839022396 0.19432224167477818
transition 85 22 75 0.5832584088819244 1.0
transition 85 23 25 -0.08755001162007181 0.5252632477822038
transition 85 23 41 0.767987473012548 0.4747367522177963
transition 85 24 56 -0.6342572314364898 0.21871699950151965
transition 85 24 89 0.6880139298081285 0.1957145491224732
transition 85 24 63 0.7637199197113742 0.17903166471467935
transition 85 24 37 -0.9542611670405481 0.19671295387230048
transition 85 24 15 0.02671348204422541 0.2098238327890273
transition 86 0 60 0.032754260094700394 0.26781957367597486
transition 86 0 4 0.4091402501074237 0.7252045951065159
transition 86 0 28 -0.23547733895170087 0.00697583121750917
transition 86 1 28 0.3476021884928848 1.0
transition 86 2 5 -0.3539153318593553 1.0
transition 86 3 53 -0.8408896799853758 0.14929663577168864
transition 86 3 81 0.47165931760841007 0.3604111691887963
transition 86 3 82 -0.11108168826959175 0.041252896761740605
transition 86 3 3 -0.25529623201938945 0.34218774618110864
transition 86 3 67 0.4361548402303823 0.10685155209666575
transition 86 4 60 0.06518206252614589 0.4158198357661837
transition 86 4 24 -0.03319490466916708 0.06421114447048912
transition 86 4 90 -0.9541890072401202 0.3162227374584424
transition 86 4 46 0.22472356743970967 0.2037462823048848
transition 86 5 52 0.2570829309180893 0.5406002480247115
transition 86 5 57 -0.7947157125563851 0.23011079536684165
transition 86 5 61 -0.27194272969619404 0.2292889566084469
transition 86 6 70 -0.13434317147675912 0.6778300543738535
transition 86 6 14 0.48642949989201845 0.014433784015632348
transition 86 6 35 0.46165128892067253 0.3077361616105142
transition 86 7 83 0.2662713457299912 0.8649002888063875
transition 86 7 80 0.21487197349245557 0.13509971119361258
transition 86 8 0 0.6050009913360144 0.3166614966839542
transition 86 8 2 -0.9388938992423475 0.16311993567491864
transition 86 8 65 -0.9195341662284451 0.22410627339000752
transition 86 8 34 0.40123238155180974 0.08818593177649765
transition 86 8 99 -0.05580975928194709 0.20792636247462196
transition 86 9 95 0.5681505969193048 0.1297569813895099
transition 86 9 6 -0.3792229030148164 0.4167283707717732
transition 86 9 78 -0.8169176371105418 0.09525154063476603
transition 86 9 47 0.09720618081909027 0.35826310720395077
transition 86 10 35 0.991126159888474 1.0
transition 86 11 72 0.43780293580238316 0.1638193630566474
transition 86 11 70 -0.522381935197842 0.28795836525829915
transition 86 11 21 0.4058438582822572 0.5482222716850534
transition 86 12 61 0.9108051565161561 0.35874897661091
transition 86 12 83 -0.04833719955775795 0.33849286381637805
transition 86 12 63 0.323479871330703 0.035308229120816645
transition 86 12 47 0.23996387739388858 0.06298200414818088
transition 86 12 88 -0.5241787230976866 0.20446792630371458
transition 86 13 55 0.7796247810088304 1.0
transition 86 14 45 -0.44740826435172965 0.006742644522954291
transition 86 14 42 -0.03291971839201713 0.16893319350844518
transition 86 14 2 -0.23479224788217512 0.23711868838798608
transition 86 14 10 0.9401667600096806 0.3917624740714952
transition 86 14 48 -0.4700333935716845 0.1954429995091192
transition 86 15 45 -0.402441640661656 0.46810395595410675
transition 86 15 53 0.24952261208572524 0.03317915953522928
transition 86 15 61 -0.2543191244384908 0.4987168845106641
transition 86 16 60 0.3825238709909915 0.27957616995152157
transition 86 16 39 -0.10739167817722461 0.06481050142781139
transition 86 16 37 0.11733785283479392 0.2924014965458896
transition 86 16 93 0.6384059343617909 0.06399707119632245
transition 86 16 21 -0.9664222429883107 0.29921476087845505
transition 86 17 60 -0.4418712345502549 0.5856124614008928
transition 86 17 27 -0.6947158532161926 0.4143875385991071
transition 86 18 13 -0.7768151911842502 0.2916979730932029
transition 86 18 2 -0.8975333267199128 0.2007212744286328
transition 86 18 73 -0.6892257870631711 0.29974045310304964
transition 86 18 29 0.8692098290641939 0.2078402993751147
transition 86 19 98 -0.1890597145070696 0.06859119322490788
transition 86 19 31 0.6880575833855007 0.0036774357323511677
transition 86 19 48 0.5533497810903929 0.3278836474124863
transition 86 19 76 -0.5520829796892026 0.3487823896218765
transition 86 19 14 0.8281289874817277 0.25106533400837816
transition 86 20 94 0.35780484427419834 0.15905137827595822
transition 86 20 55 -0.2344340071104698 0.04622413354048195
transition 86 20 59 -0.9508153172782585 0.41327611751165594
transition 86 20 50 0.5884113904014496 0.323221002293897
transition 86 20 0 0.24952072527499602 0.05822736837800692
transition 86 21 51 0.19823064718639927 0.5372306204940261
transition 86 21 65 -0.6887759620843483 0.4102532720156003
transition 86 21 39 0.6184446457876254 0.05251610749037357
transition 86 22 17 -0.6238932718132946 1.0
transition 86 23 59 0.6414627793150915 0.7601768458774198
transition 86 23 13 0.7274164080805765 0.2398231541225801
transition 86 24 48 -0.14243957730396728 0.14764262255722665
transition 86 24 37 0.9933411686853797 0.49618951133118083
transition 86 24 96 -0.718426326279151 0.3561678661115925
transition 87 0 15 -0.8138051022988781 0.19550974493387913
transition 87 0 20 0.9346384164356616 0.8044902550661208
transition 87 1 34 -0.9343053840835565 0.3534817407872519
transition 87 1 6 0.050649579815461365 0.10968603769712956
transition 87 1 47 0.29551100641581174 0.5368322215156186
transition 87 2 28 0.20788742461096477 0.25321736398284683
transition 87 2 5 -0.07776174637817124 0.1801148288314332
transition 87 2 25 0.4340254721503869 0.06260341156922719
transition 87 2 73 -0.07346116740951558 0.2835532429601205
transition 87 2 18 0.518423457999968 0.22051115265637225
transition 87 3 14 0.28398596470086424 1.0
transition 87 4 81 0.7628897580675844 0.21025576246805147
transition 87 4 69 0.3369150037847337 0.10272686947738342
transition 87 4 97 0.5089036224350818 0.3097555796824666
transition 87 4 87 0.39040713374947433 0.33224037169198534
transition 87 4 80 0.09121037675968635 0.04502141668011322
transition 87 5 7 -0.6823210021075039 0.805602790243826
transition 87 5 62 -0.7472676663249525 0.19439720975617406
transition 87 6 64 0.7272842573597411 0.4481549191036812
transition 87 6 16 -0.877156723821807 0.006182789076181939
transition 87 6 83 -0.9948001588840414 0.5456622918201369
transition 87 7 57 -0.5959571254621128 0.3001476729968141
transition 87 7 95 0.7494691288565369 0.2746951136505986
transition 87 7 69 -0.3030703229043008 0.025416665085381714
transition 87 7 16 -0.8235620869734226 0.39974054826720545
transition 87 8 29 0.6441628150127376 0.7662593391906389
transition 87 8 27 -0.06952014847517374 0.23374066080936093
transition 87 9 94 -0.33680586123583955 0.5981884970280473
transition 87 9 53 0.3321122405676957 0.09439205718635615
transition 87 9 66 0.43594052737301436 0.3074194457855966
transition 87 10 31 -0.43419479303548636 0.9648926281353415
transition 87 10 11 0.7007997183539125 0.03510737186465853
transition 87 11 20 0.4193534553060225 0.5711323997264636
transition 87 11 73 -0.9038233225932542 0.42886760027353643
transition 87 12 64 0.3024765877718443 0.4056055249933412
transition 87 12 48 -0.7878333889062574 0.1316883488743439
transition 87 12 80 0.10973473048522431 0.46270612613231493
transition 87 13 33 0.6945034019504874 0.18508176843836205
transition 87 13 64 -0.6724147666530427 0.2952040020802373
transition 87 13 29 0.9326645305351986 0.1457407065281813
transition 87 13 6 -0.8735634205150253 0.28826069613052513
transition 87 13 88 0.4056604781798716 0.0857128268226943
transition 87 14 62 -0.02265685948263374 0.27624705991850496
transition 87 14 69 -0.6586361321837362 0.7068091071133736
transition 87 14 65 0.9793513290174969 0.016943832968121245
transition 87 15 95 0.3103135787000242 0.4882201292977759
transition 87 15 67 -0.13760775798061986 0.5117798707022241
transition 87 16 7 -0.3219538649209812 0.5794089311202377
transition 87 16 17 0.39515003110238656 0.4205910688797622
transition 87 17 75 0.8873207274759083 0.2586628262177411
transition 87 17 53 -0.8707032439090363 0.18366490908479352
transition 87 17 86 0.7899426985184606 0.1670810146412382
transition 87 17 60 -0.5388597697737851 0.22418184350492643
transition 87 17 73 0.8865491474064802 0.1664094065513008
transition 87 18 64 0.6330301422709306 0.4173669538629514
transition 87 18 81 0.050689402108258896 0.27652713942079277
transition 87 18 91 0.17107576567478722 0.30610590671625576
transition 87 19 45 -0.9202483532196335 0.28209905324718443
transition 87 19 12 0.4789762594040199 0.24990757692310156
transition 87 19 4 -0.893364496977394 0.467993369829714
transition 87 20 5 0.16764224313731413 0.3293903320838691
transition 87 20 0 -0.9972797175780044 0.2596637226724281
transition 87 20 23 0.5211356702689891 0.4109459452437028
transition 87 21 74 0.48232673490388867 0.4199677540405693
transition 87 21 34 -0.09858813665195787 0.5800322459594306
transition 87 22 9 -0.8729597806057179 0.0005849212419485959
transition 87 22 10 0.10844367064336624 0.3079217279459503
transition 87 22 94 -0.6826049547072401 0.6914933508121011
transition 87 23 86 -0.6904470647977072 0.5388288561204987
transition 87 23 10 0.812934881788836 0.4611711438795013
transition 87 24 18 -0.13342258573824783 0.11374188478653864
transition 87 24 48 0.798858143645883 0.11148335848890768
transition 87 24 58 -0.13588480146249582 0.33249376143197484
transition 87 24 41 -0.1604314024723823 0.23209506004225855
transition 87 24 73 -0.8047191584712536 0.2101859352503203
transition 88 0 85 0.22702284522137028 0.13002231884469095
transition 88 0 90 0.3729938696459649 0.5469552608446925
transition 88 0 7 -0.8790445550035741 0.3230224203106165
transition 88 1 30 0.6778363763372179 0.13245929357535163
transition 88 1 47 0.19221241928577215 0.39964677419684896
transition 88 1 70 0.38988664802236195 0.43445382623023326
transition 88 1 51 -0.23787804703702586 0.008255337988737909
transition 88 1 9 0.8018538336037859 0.02518476800882814
transition 88 2 36 0.9224565860956289 0.36477175435638504
transition 88 2 2 -0.8536042968770929 0.0827059451989814
transition 88 2 23 0.3672455250451361 0.5525223004446336
transition 88 3 61 -0.7656316843193962 0.23901306302267525
transition 88 3 13 -0.7782414589563529 0.2582558776160902
transition 88 3 59 0.6707666719736953 0.20372866000056158
transition 88 3 40 0.16765930074549185 0.05238151247250124
transition 88 3 42 -0.7786187557940363 0.2466208868881717
transition 88 4 97 0.020185576857218557 0.43876505839903684
transition 88 4 22 -0.4153936483806475 0.5612349416009631
transition 88 5 77 -0.6374015213363997 1.0
transition 88 6 46 0.07486334689848295 1.0
transition 88 7 89 -0.9542431440726149 0.8939418549192882
transition 88 7 29 0.4930745319907315 0.10605814508071179
transition 88 8 14 0.8932460944427207 0.17062043439579352
transition 88 8 7 -0.9413076691772102 0.14126830327461543
transition 88 8 65 0.9435015186301172 0.3462285676930205
transition 88 8 29 -0.8215770319320672 0.3418826946365706
transition 88 9 31 -0.9439313306065593 0.5186587477347058
transition 88 9 65 0.29195100414703945 0.48134125226529423
transition 88 10 18 0.033154441651531474 0.5886182359730134
transition 88 10 28 -0.7414891374635855 0.19068231747703002
transition 88 10 0 0.9684735267763895 0.22069944654995666
transition 88 11 31 -0.17277090050352384 0.2809060359322809
transition 88 11 16 0.8381911166348048 0.1839866086931375
transition 88 11 98 0.6803476040581347 0.13901984424602812
transition 88 11 69 0.1627063695039752 0.3960875111285535
transition 88 12 94 0.544921916095493 0.37557028820029714
transition 88 12 38 0.9911964022839839 0.26076869589055474
transition 88 12 26 0.8627661163479645 0.36366101590914807
transition 88 13 5 0.12515665291479694 0.6636889111837421
transition 88 13 92 0.18361654351128665 0.3363110888162579
transition 88 14 30 -0.8713384792257559 0.25401608110507623
transition 88 14 46 -0.11028840163848219 0.24845175146389567
transition 88 14 19 0.0904171678906538 0.07822508216793382
transition 88 14 59 0.4601521167060927 0.2353722195700291
transition 88 14 26 -0.7172159333398214 0.1839348656930652
transition 88 15 86 0.5083978576145767 0.20130517104834023
transition 88 15 42 0.8706660953143734 0.35030765556903876
transition 88 15 92 -0.08540535616250766 0.3120353645561027
transition 88 15 98 -0.8962404930908703 0.01795497421143084
transition 88 15 72 0.9844291618262675 0.11839683461508738
transition 88 16 72 0.4535930170045259 0.08910240441326668
transition 88 16 78 -0.2625236917045546 0.16009728147059468
transition 88 16 98 0.4193342523914132 0.24546668396071655
transition 88 16 12 -0.313492450022153 0.4254950022633272
transition 88 16 17 -0.27813930339287607 0.0798386278920949
transition 88 17 38 -0.9030906492124646 0.1910738851713991
transition 88 17 98 0.8721870409966512 0.20084759544106418
transition 88 17 17 0.16039082087247247 0.2818154603663733
transition 88 17 54 -0.7146269314651537 0.3262630590211634
transition 88 18 42 0.070112001033513 1.0
transition 88 19 54 -0.7827645415155575 0.36877673241603554
transition 88 19 69 0.03798921043743708 0.2645516317078619
transition 88 19 34 -0.30843453483013383 0.0859008065597598
transition 88 19 65 -0.8685656882485278 0.28077082931634273
transition 88 20 51 -0.9065098814783963 0.3614584387643402
transition 88 20 59 0.8815208973805377 0.2939027468072475
transition 88 20 30 0.9973775444336477 0.3446388144284123
transition 88 21 21 0.015189128688390507 0.00826849624461286
transition 88 21 27 0.831392222627739 0.9917315037553871
transition 88 22 85 -0.22655588969903762 0.32530620958243234
transition 88 22 0 0.18858869201039985 0.6746937904175677
transition 88 23 71 -0.542793156104334 1.0
transition 88 24 2 0.764411672121269 1.0
transition 89 0 46 -0.1847755559516937 0.3014883465537987
transition 89 0 73 -0.6022775095675683 0.43675400671900233
transition 89 0 21 0.29762528890496176 0.2617576467271989
transition 89 1 80 0.2626721571872146 0.33954223556793955
transition 89 1 96 -0.2027367479633706 0.09842981913620791
transition 89 1 81 0.04698480232436708 0.5386337549641498
transition 89 1 78 0.1866221992681154 0.023394190331702612
transition 89 2 96 0.6386191603949893 0.417077542901083
transition 89 2 70 -0.37066537633504115 0.1771530337131934
transition 89 2 65 -0.347295225640629 0.4057694233857236
transition 89 3 25 0.5148567997393725 0.04207466421315805
transition 89 3 31 0.22046736983308257 0.21925559885672377
transition 89 3 40 0.03609797165102324 0.33748570162816965
transition 89 3 12 0.739615016250635 0.40062031074991683
transition 89 3 44 0.9527882572646362 0.0005637245520317308
transition 89 4 96 -0.6820821999338991 0.29965885314934915
transition 89 4 12 -0.8907292179628461 0.11806229379388229
transition 89 4 49 0.13754133343708363 0.14336026997878065
transition 89 4 40 0.6411941183513388 0.4389185830779878
transition 89 5 48 -0.7044267236570945 1.0
transition 89 6 40 -0.7685450882484077 0.4940452261372275
transition 89 6 42 0.8107777584968767 0.2887373165475992
transition 89 6 3 0.9105839016634705 0.2172174573151733
transition 89 7 3 -0.6580285870272851 1.0
transition 89 8 9 -0.73804991379957 0.2678685285568988
transition 89 8 75 -0.20279892499150098 0.11552406053537503
transition 89 8 86 -0.5326286489122893 0.1186840326981946
transition 89 8 95 0.7978511064778977 0.2568130893876801
transition 89 8 15 -0.4074831308703699 0.24111028882185154
transition 89 9 32 -0.18871536783615306 0.10456726153864031
transition 89 9 36 0.8214281397685443 0.5024992854804435
transition 89 9 83 0.7764045916402094 0.042301532497186295
transition 89 9 99 -0.5135228357356598 0.089020483108301
transition 89 9 26 0.4620668857622581 0.2616114373754289
transition 89 10 35 -0.8025076819951737 0.1295335647128209
transition 89 10 34 0.021508248943597597 0.4703080940672858
transition 89 10 49 -0.7427940523051253 0.2822388022113061
transition 89 10 90 -0.18370922296046643 0.11791953900858711
transition 89 11 82 -0.2504018292613972 0.032863804951625865
transition 89 11 70 -0.45722203045039644 0.1217243384806379
transition 89 11 87 0.3282706894684906 0.33467007152801
transition 89 11 49 -0.39215778735465534 0.41336951366114644
transition 89 11 30 0.6378495961171327 0.09737227137857977
transition 89 12 76 -0.9029926228187763 0.18030663280476142
transition 89 12 82 0.7296983038753673 0.2042079959026107
transition 89 12 49 -0.803084411636978 0.5344297278358349
transition 89 12 62 -0.2646016553455499 0.08105564345679289
transition 89 13 81 -0.090473416165336 0.30290313167581423
transition 89 13 23 0.7987040485906911 0.019597882982979986
transition 89 13 57 -0.28986918347505997 0.2551056165823413
transition 89 13 42 0.8471456833169473 0.2645024048848182
transition 89 13 69 -0.7177805300097346 0.15789096387404633
transition 89 14 87 0.48412113848475147 0.3845784046143957
transition 89 14 7 0.469169439149582 0.39846693183787735
transition 89 14 63 0.9340022925432521 0.21695466354772697
transition 89 15 25 0.09257731115676826 0.23500112862968114
transition 89 15 45 0.8733198945379719 0.45450281155638966
transition 89 15 88 -0.2875108787884777 0.31049605981392914
transition 89 16 0 0.9531623919985586 0.14435564342155938
transition 89 16 61 0.5620294293110333 0.09742403400783951
transition 89 16 35 -0.9310679918696778 0.4031451606704845
transition 89 16 50 0.012526261463626565 0.3550751619001167
transition 89 17 49 0.3200256524008005 1.0
transition 89 18 49 0.6845967308766323 0.04859364695893726
transition 89 18 44 0.6463305838803062 0.38610056137515514
transition 89 18 17 -0.27533654785299744 0.5653057916659076
transition 89 19 94 0.22442048798581693 0.008984697271857744
transition 89 19 13 0.9811653012805224 0.9856551438334593
transition 89 19 44 0.8608501282829357 0.005360158894682907
transition 89 20 86 0.2767154160880072 0.2700533259027261
transition 89 20 89 0.7725178502023786 0.47892640824828847
transition 89 20 74 0.21522837896744762 0.2510202658489854
transition 89 21 67 0.5035148190156973 0.06946972811047189
transition 89 21 80 0.30561672484294844 0.4600024977422869
transition 89 21 75 0.27082573626617124 0.4705277741472413
transition 89 22 91 0.7624623921263372 0.577027905344155
transition 89 22 61 0.9521710241770251 0.21854108509171236
transition 89 22 76 -0.7513535902285402 0.20443100956413263
transition 89 23 76 -0.23168959395181932 0.4782340610566214
transition 89 23 31 0.12780591101691874 0.5217659389433785
transition 89 24 91 -0.6067003168731164 0.27214685383295206
transition 89 24 48 -0.4444069616938928 0.727853146167048
transition 90 0 67 -0.32806985284190926 1.0
transition 90 1 79 -0.3392284667317451 0.12337596670148183
transition 90 1 46 -0.5590943971977707 0.45284551652920074
transition 90 1 91 0.5514905570664117 0.1264662620113169
transition 90 1 7 -0.01689424148251084 0.29731225475800044
transition 90 2 27 0.14854019910244043 0.18083315864021812
transition 90 2 25 -0.5417238265925601 0.17246173526729874
transition 90 2 5 0.11328861158599701 0.24799125086816173
transition 90 2 75 -0.1148735603173543 0.39688337037756616
transition 90 2 51 0.6840565966288374 0.0018304848467552513
transition 90 3 3 0.17329680416716609 1.0
transition 90 4 84 -0.4028174917426737 0.14430684571449778
transition 90 4 58 0.6352904968652955 0.11382263134591344
transition 90 4 52 0.469608650719306 0.320749774995292
transition 90 4 99 -0.48399307973842154 0.21834214403384725
transition 90 4 41 -0.3804799557972285 0.20277860391044958
transition 90 5 29 0.1910765207592553 0.081100380102215
transition 90 5 42 -0.011194292420677598 0.1270057513537034
transition 90 5 38 0.07177817590362068 0.6069262231169219
transition 90 5 60 -0.5794820880995266 0.18496764542715974
transition 90 6 66 0.31027625833915073 1.0
transition 90 7 13 0.8446052132658606 1.0
transition 90 8 4 0.3115471897327684 0.10962394503901683
transition 90 8 89 0.27766579892037546 0.18457636171652447
transition 90 8 82 0.970225104800924 0.6169145697715842
transition 90 8 41 0.20541370808744763 0.05096618132667987
transition 90 8 61 -0.9002478150484174 0.037918942146194644
transition 90 9 64 0.858249889677513 0.36194785519246
transition 90 9 96 0.3864089355110296 0.44862962920663857
transition 90 9 33 -0.7776270127080778 0.1894225156009015
transition 90 10 83 0.33853113508891264 0.4802860894017985
transition 90 10 99 -0.7920178164202001 0.08004837271960016
transition 90 10 95 0.9392471925122778 0.06130843029003718
transition 90 10 84 0.6937182482051614 0.37835710758856417
transition 90 11 82 -0.682375328252208 0.24741218691478856
transition 90 11 61 -0.46488224311036097 0.5033670715849325
transition 90 11 69 0.8363057399348746 0.2014626334715113
transition 90 11 89 0.7513463697084868 0.04775810802876773
transition 90 12 0 -0.41535949157941876 1.0
transition 90 13 57 0.752793251275341 1.0
transition 90 14 22 -0.166530875817549 0.2504776362638958
transition 90 14 26 0.19771408777789357 0.126127784200179
transition 90 14 74 -0.8326476216948209 0.26589506861667833
transition 90 14 39 0.8427929088849626 0.35749951091924675
transition 90 15 75 0.24646853382993594 0.5610991960342104
transition 90 15 76 -0.34880523344920666 0.3970945527351346
transition 90 15 44 0.9703326947254223 0.04180625123065484
transition 90 16 59 0.9462910514167235 1.0
transition 90 17 42 0.36423734962051135 0.25997646655476336
transition 90 17 5 -0.11514648458324461 0.29528948122409565
transition 90 17 98 -0.8984400918026638 0.4447340522211411
transition 90 18 53 0.394560343654643 1.0
transition 90 19 14 0.7944374477949099 0.3861782053411687
transition 90 19 0 -0.8474233385557086 0.3422351757443243
transition 90 19 79 0.030377835467122027 0.2715866189145069
transition 90 20 59 -0.3684820745990278 0.22049160783996483
transition 90 20 95 0.5437503130729819 0.39544302939473175
transition 90 20 93 0.17482549241416256 0.38406536276530334
transition 90 21 17 0.2689668882352607 0.1314128404352083
transition 90 21 18 -0.6139556744314709 0.2666243734707502
transition 90 21 55 -0.3547832505691766 0.1024575868684955
transition 90 21 20 -0.47842368606157315 0.2310072438593077
transition 90 21 56 0.3282319518252137 0.26849795536623833
transition 90 22 36 0.2438190957461419 1.0
transition 90 23 3 -0.8404808933425845 1.0
transition 90 24 55 0.5797314436827388 0.14305005721081732
transition 90 24 93 0.7472550709494654 0.27325614258420916
transition 90 24 89 0.8821568391033261 0.2524727348111211
transition 90 24 15 -0.9741786292272794 0.27358098004175463
transition 90 24 95 0.7850107042099106 0.05764008535209787
transition 91 0 16 -0.6552642799199309 0.7480292328951018
transition 91 0 38 0.8189842174064659 0.25197076710489813
transition 91 1 97 0.8369328344681295 0.44306093193256213
transition 91 1 6 0.18350299542329784 0.1553057450255551
transition 91 1 64 -0.7573595647114144 0.3954488441698177
transition 91 1 54 0.08329009972708334 0.006184478872065007
transition 91 2 30 -0.4090018102731656 0.1266623857262386
transition 91 2 31 -0.5828775174949692 0.326253907488749
transition 91 2 4 -0.9931209127931304 0.16477858636085316
transition 91 2 41 -0.23963145127381202 0.09072928553420162
transition 91 2 13 0.8330484591322107 0.2915758348899576
transition 91 3 82 0.8012498670405881 1.0
transition 91 4 69 0.4706786771532645 0.19702637683286825
transition 91 4 43 -0.4782955666743809 0.21663053738922503
transition 91 4 78 0.5627674790534629 0.13454249106075203
transition 91 4 63 -0.3936563435599143 0.18134801422367056
transition 91 4 79 0.7408283931114834 0.2704525804934842
transition 91 5 75 0.7517016076578151 0.4334959061437215
transition 91 5 71 -0.7357366828686958 0.23027739948940318
transition 91 5 29 -0.23140060738471213 0.08430386356512728
transition 91 5 85 -0.04999560376409384 0.25192283080174793
transition 91 6 0 -0.9555319895732048 0.26307269745145717
transition 91 6 52 -0.3402276234591948 0.06882869113961552
transition 91 6 92 0.779681794048432 0.2896930741064174
transition 91 6 75 0.7481359666895842 0.2784653345280477
transition 91 6 80 -0.30646003619864315 0.09994020277446208
transition 91 7 28 0.5633365159259542 0.1981124348156522
transition 91 7 49 0.3660939828721126 0.3661732128265803
transition 91 7 40 -0.6714747657135711 0.06468112056873487
transition 91 7 20 0.8539822070651337 0.3710332317890327
transition 91 8 91 0.34150997221964596 0.21773330186109716
transition 91 8 92 -0.8886025557648578 0.25717394508976277
transition 91 8 82 -0.8840014362707114 0.16246242917948447
transition 91 8 65 -0.7964635435882159 0.3626303238696556
transition 91 9 84 -0.8560978414452811 0.16345341520831622
transition 91 9 52 -0.6422873448204125 0.25673881288171524
transition 91 9 37 0.849069024358303 0.24040693454069675
transition 91 9 34 0.35522079706601506 0.038256354495062934
transition 91 9 20 0.28616014459416284 0.30114448287420886
transition 91 10 84 -0.5717377634665095 0.9838036508547505
transition 91 10 86 -0.17213152957560296 0.01619634914524945
transition 91 11 84 0.12203023650719769 0.3833234326444676
transition 91 11 90 -0.23770995018176122 0.330728817484276
transition 91 11 58 0.12435838960805712 0.2859477498712564
transition 91 12 88 -0.4896802018775779 1.0
transition 91 13 12 0.5267959569595373 1.0
transition 91 14 21 0.7388530147822325 1.0
transition 91 15 48 -0.2509463262679439 0.4428586544583329
transition 91 15 45 -0.7215663136311292 0.13819782417214155
transition 91 15 75 0.6783536234974121 0.336329231667088
transition 91 15 66 -0.026461888081662055 0.08261428970243748
transition 91 16 39 0.8863113325047103 0.2614186548231593
transition 91 16 82 -0.3776151453021326 0.19404396227728404
transition 91 16 67 0.5635191783114664 0.23745774199410813
transition 91 16 92 -0.9175302647179429 0.05684836485378975
transition 91 16 59 -0.5542799129334577 0.2502312760516588
transition 91 17 13 -0.8550479754085332 0.3572890069644455
transition 91 17 94 -0.4356816904969225 0.289579656040546
transition 91 17 4 -0.37422261697291814 0.10303484604230108
transition 91 17 36 -0.5466767672451798 0.08345168930368792
transition 91 17 27 -0.9971528045028784 0.16664480164901954
transition 91 18 18 -0.7261664159427648 0.2979954025449264
transition 91 18 96 0.7320329862082855 0.1467326832961029
transition 91 18 43 0.2193009038215019 0.277189242680788
transition 91 18 69 0.4769762790792087 0.2102693717804154
transition 91 18 86 0.928989795098002 0.06781329969776732
transition 91 19 34 -0.9466636948076701 1.0
transition 91 20 87 0.49805495334958416 0.7855318935499098
transition 91 20 5 0.11979630354738191 0.21446810645009023
transition 91 21 52 -0.25995178257725815 0.29791155697165245
transition 91 21 51 -0.46841238625684456 0.18260891073809718
transition 91 21 50 0.3915845618311973 0.12812846528746624
transition 91 21 5 -0.8692119214402856 0.22603918490147046
transition 91 21 55 0.2475052698548177 0.1653118821013136
transition 91 22 59 0.9394276350366682 0.7151350281574007
transition 91 22 47 0.20151751216972635 0.28486497184259935
transition 91 23 95 -0.7631405497849022 0.5848339792145896
transition 91 23 30 0.16770689085918078 0.4151660207854104
transition 91 24 77 0.7505510433115903 0.25932040481788066
transition 91 24 72 0.5673318319182719 0.1715026225099188
transition 91 24 27 0.5448089619573153 0.3041011514288158
transition 91 24 2 -0.32023398512346146 0.2650758212433848
transition 92 0 30 0.27645720770339643 0.10624026526174217
transition 92 0 53 0.9000605742996586 0.2978292584656381
transition 92 0 42 0.23128708143089383 0.005046810523039959
transition 92 0 73 -0.40035800029712565 0.1329690830108658
transition 92 0 67 0.6276629878456643 0.4579145827387138
transition 92 1 58 0.09052294093005098 0.34342713946444925
transition 92 1 64 0.6786569165748197 0.6565728605355506
transition 92 2 47 -0.19096867404221562 0.3169983665232304
transition 92 2 10 -0.466748682693527 0.372170344236
transition 92 2 76 -0.6687311792931967 0.039252212808593485
transition 92 2 28 0.9752566473657807 0.1968771629938258
transition 92 2 12 -0.2704899659181912 0.0747019134383503
transition 92 3 97 0.8185717902517775 0.17637671772964542
transition 92 3 49 -0.6131943766761392 0.2547742996581373
transition 92 3 64 0.6244245350570139 0.015972937210921415
transition 92 3 44 -0.009369649356256504 0.2553607463483291
transition 92 3 56 -0.9013157677745176 0.29751529905296675
transition 92 4 17 0.640347867222111 0.792660821356486
transition 92 4 28 0.7241320054389937 0.2073391786435141
transition 92 5 80 -0.07678732837737612 1.0
transition 92 6 19 0.8046002917135953 0.08615794860999941
transition 92 6 42 0.5872703390038028 0.1408232147201189
transition 92 6 60 -0.9390971082058484 0.36830007873112774
transition 92 6 64 -0.03482942070073802 0.404718757938754
transition 92 7 59 0.07806247316451098 0.14999620454948584
transition 92 7 60 0.5753575874378754 0.06778316558966144
transition 92 7 24 -0.6993715400715488 0.413589340452451
transition 92 7 44 -0.6054983923677211 0.24628715918845417
transition 92 7 65 0.2595532494939605 0.12234413021994758
transition 92 8 4 0.9057011946422013 0.30029152360837374
transition 92 8 2 0.8390123038374115 0.11228035410516317
transition 92 8 46 0.026356202111732507 0.36942856134394886
transition 92 8 20 -0.6543751465595786 0.10181682408400224
transition 92 8 88 0.5092492205291981 0.11618273685851195
transition 92 9 79 -0.5512454857497555 0.16391537307250853
transition 92 9 26 0.43849933457847534 0.8360846269274915
transition 92 10 55 -0.7154961610588564 0.42639069017942366
transition 92 10 79 -0.09949681963522883 0.5736093098205763
transition 92 11 13 0.5583529226076536 0.5623212277484219
transition 92 11 11 -0.5543261181487846 0.03263132779723016
transition 92 11 46 -0.26984103857033204 0.2383679707714384
transition 92 11 58 -0.6351476180752227 0.16667947368290958
transition 92 12 60 0.330901128518555 0.4036339347322584
transition 92 12 25 0.904790853643672 0.5963660652677416
transition 92 13 70 -0.6537516933892669 0.05581310407341008
transition 92 13 26 -0.7753987225140502 0.018381557553688612
transition 92 13 5 0.27822962744290747 0.29710935086153634
transition 92 13 90 0.7772880094484063 0.5765283479546894
transition 92 13 9 0.9203872189140658 0.05216763955667557
transition 92 14 99 -0.05213653836820753 0.20703010143618703
transition 92 14 72 -0.7201993366801316 0.13208835670912952
transition 92 14 32 0.8843760320934708 0.4325077770846046
transition 92 14 89 0.6244015279305779 0.22837376477007887
transition 92 15 83 -0.8349979017185121 0.3507793871274277
transition 92 15 39 0.5084772545906389 0.1920374095521452
transition 92 15 42 0.2140747243775989 0.012041414943098759
transition 92 15 20 0.7654450457733266 0.3351496429520871
transition 92 15 8 0.2874044790038275 0.10999214542524138
transition 92 16 85 -0.6798530555658779 0.32951318808572694
transition 92 16 39 0.2986368503608521 0.2700682741754928
transition 92 16 14 -0.43198563202343077 0.03242301960315538
transition 92 16 61 0.5335760514239372 0.367995518135625
transition 92 17 57 -0.9125110959539433 0.2095765489741849
transition 92 17 96 -0.043330020932816016 0.3237135338919585
transition 92 17 18 0.03754788376060603 0.4667099171338566
transition 92 18 53 -0.14507600990871472 0.3044636345370001
transition 92 18 48 0.26778823032603505 0.0118281592352371
transition 92 18 80 0.23575905763025218 0.3412311533302428
transition 92 18 82 -0.08275540185940367 0.2619159868808715
transition 92 18 27 0.4836844838102057 0.08056106601664853
transition 92 19 36 0.6949406137473084 0.11988225145748828
transition 92 19 72 -0.0013023758562265009 0.15100617037571362
transition 92 19 11 0.8188373329200893 0.08557200484815111
transition 92 19 83 0.2224341897553106 0.4185327710213504
transition 92 19 58 -0.014683068548970946 0.2250068022972966
transition 92 20 87 0.5635165171789283 0.294763916084947
transition 92 20 10 0.6812885110479863 0.1278912580142229
transition 92 20 71 -0.6201931042973938 0.4080650609189119
transition 92 20 2 0.7554472081476205 0.16927976498191824
transition 92 21 74 -0.75624343450686 0.24476065928931343
transition 92 21 92 0.3268605187325331 0.3997878431485519
transition 92 21 36 0.6297710394224179 0.06132954793095221
transition 92 21 43 0.4434932350642693 0.09411842238834742
transition 92 21 75 0.5237152612456528 0.20000352724283507
transition 92 22 9 0.7522666504194548 0.2504176611450946
transition 92 22 45 -0.2335372893981913 0.15235945841782944
transition 92 22 93 -0.7976938576465753 0.20003844569565238
transition 92 22 27 0.8698323119232512 0.1265110434419256
transition 92 22 82 0.6660127874275739 0.270673391299498
transition 92 23 44 0.43168674623999803 0.12889382899318041
transition 92 23 18 -0.7846859928065686 0.2264929662350732
transition 92 23 72 -0.620200449868334 0.14073185149873657
transition 92 23 85 -0.9657700103924338 0.2593803898906264
transition 92 23 66 -0.5248132473246483 0.24450096338238336
transition 92 24 54 0.4628695012838786 0.017147452253053752
transition 92 24 22 -0.8336185357113661 0.2758112811209726
transition 92 24 13 0.3595108365509396 0.6438283584427358
transition 92 24 66 0.44064437271201795 0.06321290818323791
transition 93 0 52 0.9723517537144861 1.0
transition 93 1 7 0.22120865838244463 0.6970828319500494
transition 93 1 38 -0.023080156956714504 0.3029171680499506
transition 93 2 3 0.041800923150670855 0.0072695169764664495
transition 93 2 65 0.9346337820038906 0.9927304830235335
transition 93 3 10 0.062183387239637344 0.2406645581064374
transition 93 3 6 -0.7031568706051945 0.03594169519921986
transition 93 3 97 0.3045865588244141 0.7233937466943428
transition 93 4 34 0.15453458861619795 1.0
transition 93 5 65 -0.29479317554818607 1.0
transition 93 6 63 -0.09177650824208716 1.0
transition 93 7 74 -0.6188000227375114 1.0
transition 93 8 76 0.9848990171164631 1.0
transition 93 9 8 -0.11294741407793651 0.2567334574700715
transition 93 9 53 0.0010177648095313074 0.04052941694121788
transition 93 9 18 0.6627067919923699 0.22677235680104418
transition 93 9 83 -0.5119097283993395 0.2359137529098371
transition 93 9 4 0.0953837966504596 0.24005101587782932
transition 93 10 93 -0.25436487048123846 0.8670989692540624
transition 93 10 10 0.7097887949636339 0.13290103074593762
transition 93 11 62 0.5652351636506221 0.39751652212845784
transition 93 11 94 0.48998992702108013 0.16021701137501818
transition 93 11 41 0.5922120218719207 0.2190255925600889
transition 93 11 96 0.38271297277382543 0.057969027528203876
transition 93 11 48 -0.8361791529529665 0.16527184640823128
transition 93 12 40 0.9263878727635462 1.0
transition 93 13 91 0.6510458559928225 0.04460207292601208
transition 93 13 9 0.7839553659135772 0.32384677695597697
transition 93 13 24 -0.47585956500594473 0.28729026265202123
transition 93 13 45 -0.6674466054826584 0.3442608874659897
transition 93 14 27 -0.9348828057854115 0.46435118668608205
transition 93 14 13 0.7354315000156451 0.02834170028686946
transition 93 14 83 0.5361807180557088 0.15476201547791002
transition 93 14 43 -0.6479691247426975 0.35254509754913854
transition 93 15 73 0.12289336695717457 0.2831168770389271
transition 93 15 38 -0.20151113472352122 0.1679672908762016
transition 93 15 83 0.4718274893327421 0.0950883538361358
transition 93 15 9 -0.8822408398254455 0.26413207676241074
transition 93 15 49 0.4382174149850231 0.18969540148632474
transition 93 16 24 0.134912452756643 0.27769264397494625
transition 93 16 74 0.4646967054510762 0.2777167378165624
transition 93 16 7 0.9556418378724705 0.08410318265648101
transition 93 16 25 -0.8442904114866208 0.32430399998465936
transition 93 16 73 -0.2059590729864622 0.036183435567350895
transition 93 17 10 -0.7649239490808801 0.01125950036302657
transition 93 17 15 0.3206949038472673 0.3120216039155472
transition 93 17 44 0.2178356533256971 0.10471648887266137
transition 93 17 80 -0.8649867252450947 0.36895438260042646
transition 93 17 58 0.48458183177243996 0.2030480242483385
transition 93 18 91 -0.6797809004702409 0.6667347572869807
transition 93 18 40 0.10180257675609172 0.33326524271301927
transition 93 19 37 0.07065140376061518 0.35078012679952736
transition 93 19 23 -0.20503382657194802 0.3478229546585031
transition 93 19 0 0.10890775408782516 0.05749910627616485
transition 93 19 64 0.19222140099823237 0.24389781226580462
transition 93 20 92 0.182672215885338 1.0
transition 93 21 94 -0.07967103038600776 0.3408077075583711
transition 93 21 53 -0.5950572338439994 0.3951661781948644
transition 93 21 6 0.9155033798095809 0.009268431656414907
transition 93 21 11 -0.48277697022612265 0.24336224637160508
transition 93 21 87 -0.7218855501378698 0.01139543621874449
transition 93 22 95 0.9897087850395705 0.9737574826409201
transition 93 22 29 0.04320477212508722 0.0262425173590799
transition 93 23 99 0.19976118989510616 0.37031030752916544
transition 93 23 45 -0.0573883156740127 0.03661588759019093
transition 93 23 78 0.8147335926831873 0.20487174264581526
transition 93 23 28 0.7928268725328504 0.3882020622348283
transition 93 24 77 0.0715787434202888 0.14272155515185952
transition 93 24 25 -0.13610055286954403 0.5684584136098696
transition 93 24 43 0.8522245439968354 0.07859426112469203
transition 93 24 66 0.35963608422900073 0.2102257701135788
transition 94 0 71 0.7423584646306203 1.0
transition 94 1 45 -0.48387622311031175 1.0
transition 94 2 48 0.8877572954652455 0.1752388549194841
transition 94 2 31 0.7368169406439138 0.14913195026377035
transition 94 2 83 -0.09807978568295539 0.008536389401558934
transition 94 2 7 -0.18718472063536096 0.3896639547253475
transition 94 2 78 0.2646372373299313 0.2774288506898391
transition 94 3 25 -0.40757203808799813 1.0
transition 94 4 47 0.5485768332266105 0.3276125829663338
transition 94 4 58 -0.3553935569615463 0.5961834096712056
transition 94 4 4 -0.33872757815416565 0.0762040073624606
transition 94 5 73 0.14980623310919716 0.27965762692540913
transition 94 5 16 -0.508946376985443 0.1292643468941754
transition 94 5 24 -0.41416777867217514 0.36609568717609187
transition 94 5 5 -0.4750215957429975 0.21784152839762616
transition 94 5 14 0.5770222562912231 0.007140810606697417
transition 94 6 25 0.03574494016011487 0.43902303456962244
transition 94 6 94 0.5464260544828612 0.5178076693917114
transition 94 6 65 -0.5611670893604577 0.04316929603866616
transition 94 7 25 0.5897602313039663 0.35761125581821906
transition 94 7 69 0.7894417136169714 0.16618126339853515
transition 94 7 26 0.9109281874192381 0.4762074807832459
transition 94 8 8 -0.7544331028226052 0.41213449000224484
transition 94 8 66 0.01040235424823055 0.5878655099977553
transition 94 9 95 -0.8426532359546128 1.0
transition 94 10 7 0.6132638112400757 0.3927971285655334
transition 94 10 39 0.9945543782196824 0.528482678038703
transition 94 10 27 -0.970243864817556 0.07872019339576371
transition 94 11 69 0.5101409830971191 0.5310356624215485
transition 94 11 13 -0.4929922827614506 0.4689643375784514
transition 94 12 80 0.307590464065 1.0
transition 94 13 99 -0.04687705085226135 0.8505886997272235
transition 94 13 22 0.9830107091485469 0.14941130027277652
transition 94 14 41 0.7143850214182872 0.4062471674446658
transition 94 14 71 0.2307243020370484 0.5489759016953332
transition 94 14 70 0.5696900965502336 0.044776930860001035
transition 94 15 24 0.9851700245909263 0.37162743170897283
transition 94 15 91 0.9640197260645085 0.08630573161601568
transition 94 15 4 0.9268743959112655 0.19856550361185396
transition 94 15 54 0.2809579310340842 0.3249288161988159
transition 94 15 94 0.41158852342374375 0.018572516864341634
transition 94 16 10 -0.776210360548929 0.22511822730605507
transition 94 16 45 -0.8326353759936878 0.1133443235053762
transition 94 16 21 0.6130412527947862 0.4658985860803884
transition 94 16 93 0.7223906537209563 0.13679605501370348
transition 94 16 80 0.13709373497610033 0.0588428080944769
transition 94 17 10 0.6151369118124261 0.0632797626070029
transition 94 17 75 -0.7140429031864477 0.2988456773986768
transition 94 17 11 -0.6829833959976896 0.26283439539844633
transition 94 17 92 0.7988232276598701 0.16529359598098783
transition 94 17 90 -0.2634628873460674 0.2097465686148862
transition 94 18 70 0.32900172447143183 1.0
transition 94 19 75 -0.15383481988853243 0.302390141329876
transition 94 19 58 0.44656230964258903 0.3418872152706011
transition 94 19 71 0.5730380692551778 0.35572264339952286
transition 94 20 91 -0.6212776737217265 0.4524879431742911
transition 94 20 78 0.5350174230812017 0.3776814153477425
transition 94 20 75 0.6055671331142187 0.16983064147796648
transition 94 21 66 0.30986259340100375 0.37292195214118357
transition 94 21 51 0.9889376829906029 0.40933723022427027
transition 94 21 14 -0.4335313779370229 0.21774081763454614
transition 94 22 83 -0.2495518798019749 0.34776272271760134
transition 94 22 85 -0.24349763374714017 0.2738715966163331
transition 94 22 78 0.8874027565847302 0.22095517398584125
transition 94 22 29 0.67902352777004 0.13461852399194052
transition 94 22 84 -0.1766832788547843 0.022791982688283762
transition 94 23 49 -0.7586762058972676 1.0
transition 94 24 54 0.19049009684753648 1.0
transition 95 0 13 0.7960965040820767 0.4888126575429847
transition 95 0 47 -0.49686169251757994 0.5111873424570152
transition 95 1 29 0.36749430309595055 0.018761505536659236
transition 95 1 66 -0.3380700716164575 0.1948950105616906
transition 95 1 60 -0.42754289225508524 0.22687213254737842
transition 95 1 2 0.6368405327847164 0.18362340561303028
transition 95 1 68 -0.3493879002529525 0.3758479457412415
transition 95 2 8 -0.5649971472026087 0.30330091912910057
transition 95 2 59 0.8627562619266269 0.2091360181023301
transition 95 2 49 0.860291982252011 0.14830025175587042
transition 95 2 93 0.945549533467817 0.33926281101269884
transition 95 3 88 0.17597548226138238 1.0
transition 95 4 72 -0.38742779045738684 0.4295505998642224
transition 95 4 12 0.8050923167090285 0.5704494001357776
transition 95 5 6 -0.7365437444530447 0.12830977931979515
transition 95 5 49 -0.1749224314515898 0.5017806861002652
transition 95 5 46 -0.537803386934931 0.3699095345799397
transition 95 6 24 -0.13385518486163295 0.38150638856771724
transition 95 6 96 -0.3374456227158491 0.14856382794090678
transition 95 6 80 0.18061299256448549 0.10902878666483025
transition 95 6 12 -0.9905711027205577 0.36090099682654564
transition 95 7 81 0.6473005474807008 0.31196641648196644
transition 95 7 67 -0.8490802708982301 0.46462405711901933
transition 95 7 87 0.7460099626325654 0.22340952639901418
transition 95 8 36 0.10663372759521184 0.007731902540458939
transition 95 8 8 0.541892200977536 0.526693314025642
transition 95 8 98 0.1981666501922732 0.4655747834338991
transition 95 9 82 0.7016459733515756 0.40915502421511074
transition 95 9 8 0.45113826947097135 0.45228296994623735
transition 95 9 1 -0.7885374261833096 0.002739387205731017
transition 95 9 55 -0.03369177873350426 0.13582261863292094
transition 95 10 30 -0.6244204757246614 0.40618918138671256
transition 95 10 51 -0.9424814747944006 0.33743436370411384
transition 95 10 41 0.3457692037178175 0.09112205295656654
transition 95 10 70 0.3835458843918347 0.1652544019526071
transition 95 11 23 -0.1630448270727296 0.6391935527841329
transition 95 11 27 -0.3132936442192187 0.360806447215867
transition 95 12 50 0.3825623683394255 0.6347277604494641
transition 95 12 16 -0.2080923409939237 0.16401756597459244
transition 95 12 22 0.9322047975185057 0.20125467357594348
transition 95 13 83 0.09997916671870244 0.4473870172732444
transition 95 13 46 -0.022672094111585217 0.2958771284267865
transition 95 13 43 0.25349849762404375 0.25673585429996904
transition 95 14 99 0.5633940419411416 0.1824214667426899
transition 95 14 25 -0.25617767036697625 0.6231872112190782
transition 95 14 41 0.5872973802864143 0.19439132203823192
transition 95 15 7 0.507004964649725 0.08184371409973584
transition 95 15 37 -0.23713973721234227 0.176003906768813
transition 95 15 17 0.5909846414928384 0.26656355772801366
transition 95 15 38 0.5692617388345282 0.22727877101323798
transition 95 15 42 0.7022211837110062 0.24831005039019946
transition 95 16 25 0.46504517394803657 0.061018565944046095
transition 95 16 49 -0.016766220066016357 0.3693335466512313
transition 95 16 55 0.435501793487552 0.2761224529899559
transition 95 16 71 0.014855409267277464 0.2935254344147667
transition 95 17 79 0.9105099455417256 1.0
transition 95 18 13 0.7480611588578281 0.23962636776772228
transition 95 18 95 0.9877120328833111 0.10231490364621715
transition 95 18 16 0.3826504031953504 0.21461519771768692
transition 95 18 28 0.7823779273320544 0.2891584541822885
transition 95 18 41 -0.773158831352684 0.15428507668608507
transition 95 19 97 -0.6930277643251608 1.0
transition 95 20 42 0.46565593488722223 1.0
transition 95 21 5 -0.21159283608525858 0.34259917708104326
transition 95 21 35 -0.4669804762989871 0.3163986247117968
transition 95 21 53 -0.05889933925593982 0.3410021982071599
transition 95 22 3 -0.06735627476839845 0.3705301791404882
transition 95 22 55 0.7184281265671983 0.37288141214048304
transition 95 22 18 0.05559915115123326 0.25658840871902877
transition 95 23 33 0.8844564518995339 0.18775392634337035
transition 95 23 99 -0.5513653129365834 0.3398460452300092
transition 95 23 75 -0.7564047873971083 0.47240002842662043
transition 95 24 47 -0.2623610543396766 0.4143512446826989
transition 95 24 18 -0.5375278742552081 0.2961739590074353
transition 95 24 97 0.28064851937988067 0.07731690640534507
transition 95 24 87 -0.6039947601221434 0.004507677965403017
transition 95 24 51 0.8015327564673709 0.20765021193911778
transition 96 0 59 -0.13160500157485755 0.15453065574410882
transition 96 0 33 -0.9991807177211738 0.018534399731138827
transition 96 0 1 0.05359590350760923 0.2297572215967182
transition 96 0 56 -0.27187103542861313 0.3515573813901585
transition 96 0 89 -0.23786104181084733 0.2456203415378756
transition 96 1 92 0.5775829620712847 0.43405605711490824
transition 96 1 73 -0.23121631740393678 0.5659439428850918
transition 96 2 4 0.9815328494655045 1.0
transition 96 3 53 -0.19515389329145627 0.05819416724770563
transition 96 3 56 -0.17292846158066366 0.2616918606423717
transition 96 3 52 -0.031104860677543256 0.40340481295630004
transition 96 3 73 -0.4474029451743333 0.27670915915362254
transition 96 4 48 0.8869825624509151 0.6049324439320458
transition 96 4 67 0.98805011035374 0.2260049394186282
transition 96 4 87 0.5103268836183785 0.16906261664932598
transition 96 5 50 -0.3821658797572949 0.01752704939533962
transition 96 5 23 -0.4638137377801259 0.13311595948894678
transition 96 5 83 -0.9697334144890202 0.35744044481076326
transition 96 5 9 0.8030396826297106 0.15340951709787945
transition 96 5 3 0.1966923853881266 0.3385070292070709
transition 96 6 75 -0.18961974519295466 0.18939289388292443
transition 96 6 94 0.21412634896244898 0.35624677147532263
transition 96 6 98 0.8946868797227112 0.07781579572291393
transition 96 6 30 0.5603052057601616 0.06343489446679934
transition 96 6 96 0.16822513798670746 0.31310964445203965
transition 96 7 35 -0.5956072511153423 1.0
transition 96 8 19 -0.10085664217538937 0.3670656629376818
transition 96 8 97 0.7619229322707892 0.0063158242267406135
transition 96 8 7 -0.24549108897870098 0.4844831641921896
transition 96 8 30 0.2424803953185688 0.07360804960481954
transition 96 8 58 0.6932385229136282 0.06852729903856838
transition 96 9 83 -0.06480936357298028 0.3584810672802842
transition 96 9 63 0.35589886884300936 0.3377836361313884
transition 96 9 65 0.07163833440521583 0.3037352965883273
transition 96 10 94 0.1332932951803758 1.0
transition 96 11 31 0.5083151614512365 0.3290048713436149
transition 96 11 73 0.6472609697080327 0.2745814804334889
transition 96 11 5 -0.19469912059920547 0.39641364822289626
transition 96 12 1 -0.1383838589735844 0.1986165377561736
transition 96 12 56 -0.31827094362077046 0.12005310066775175
transition 96 12 50 0.8645184416918907 0.22402839813395978
transition 96 12 26 0.4235369055510003 0.27457793819482307
transition 96 12 46 0.6457492128011195 0.18272402524729187
transition 96 13 79 0.44372842793178946 0.23288777932932406
transition 96 13 85 -0.012613619312588531 0.14295749271154265
transition 96 13 15 0.25211259202077274 0.10316471859940014
transition 96 13 98 0.33008641116443815 0.16490130519574267
transition 96 13 78 0.9602789674435797 0.3560887041639906
transition 96 14 90 0.43854407785321947 0.21233821794675634
transition 96 14 67 0.15787145275900394 0.13656789792049792
transition 96 14 5 0.47635579096188985 0.1289758032883071
transition 96 14 9 0.6648702645502071 0.5221180808444387
transition 96 15 78 -0.011449087126005564 0.11514231056686361
transition 96 15 58 -0.349398679663699 0.16554043884793565
transition 96 15 7 -0.9100058078139168 0.34670552153781653
transition 96 15 46 4.824271409376024e-05 0.3726117290473842
transition 96 16 14 -0.1173726591819606 0.08782002207581056
transition 96 16 55 0.42642398201647724 0.3255970691049184
transition 96 16 5 0.7395392468602904 0.21664180744940514
transition 96 16 8 -0.006027945524955891 0.17670398745838922
transition 96 16 19 0.37286792721051154 0.19323711391147666
transition 96 17 3 -0.01333659903574036 1.0
transition 96 18 74 -0.7013441145978001 0.9276951999941614
transition 96 18 99 -0.10303338826564334 0.07230480000583861
transition 96 19 74 -0.5156584354655953 0.2692245138426699
transition 96 19 90 -0.5188591880349298 0.7307754861573301
transition 96 20 34 -0.4490785430694173 0.4008211488817428
transition 96 20 35 0.16432652124464808 0.5991788511182572
transition 96 21 49 -0.17192644853088468 0.5581717340794004
transition 96 21 62 0.35665551679978535 0.37518915682012355
transition 96 21 72 0.6994249688157346 0.06663910910047602
transition 96 22 19 0.5165744876604057 0.37004912793700173
transition 96 22 53 0.19506528025599268 0.4122120019558418
transition 96 22 49 0.1705675201716308 0.11165256620948517
transition 96 22 74 0.12069107005231783 0.07197412930111621
transition 96 22 51 0.7894790184857714 0.034112174596555155
transition 96 23 92 0.8479480700969979 0.5004136848478974
transition 96 23 84 -0.6906707336655722 0.20626650199368401
transition 96 23 75 -0.956988260840798 0.21905220928930816
transition 96 23 87 -0.9179571707406755 0.0742676038691105
transition 96 24 7 -0.7246428868980404 0.043552914862932515
transition 96 24 10 0.08295685142836873 0.5846194010891663
transition 96 24 90 -0.6962928811854521 0.3718276840479013
transition 97 0 42 0.8210266818346379 0.3601822375759781
transition 97 0 45 -0.8151350563457667 0.6398177624240219
transition 97 1 96 -0.5451119415403949 0.22477030326786243
transition 97 1 43 0.1784817143299522 0.6870666846359965
transition 97 1 0 -0.1187794678022811 0.08816301209614094
transition 97 2 1 0.8227820309781022 0.32417362791269405
transition 97 2 4 0.4196680353591231 0.26674089300040443
transition 97 2 73 -0.6340675085960019 0.057881939305547206
transition 97 2 37 0.35622274629855943 0.3512035397813543
transition 97 3 95 0.2319963201672579 0.03298479406155469
transition 97 3 77 -0.2883723688009996 0.31663816810744294
transition 97 3 89 -0.8062445716077873 0.18043596657649322
transition 97 3 53 -0.6827107570700861 0.12694332949562323
transition 97 3 55 -0.3169712625360419 0.34299774175888603
transition 97 4 39 -0.21059143345549103 0.2344586410121707
transition 97 4 35 -0.5072026012577027 0.2651889042544242
transition 97 4 48 0.83079881661029 0.1961950034111967
transition 97 4 7 0.005394624112117219 0.14152825583162
transition 97 4 60 0.04843809862009163 0.16262919549058835
transition 97 5 71 -0.35344141038872245 1.0
transition 97 6 90 0.6952281458049174 1.0
transition 97 7 73 0.6385329081493551 0.45131002535890824
transition 97 7 21 -0.8138518023452481 0.5486899746410918
transition 97 8 60 -0.060162434762977446 0.7984436208414222
transition 97 8 13 -0.5062065480079483 0.2015563791585778
transition 97 9 93 0.1824832744125493 0.2635555041863623
transition 97 9 87 -0.4294261317007122 0.17703614359816733
transition 97 9 80 0.5780872185742529 0.2242814342432927
transition 97 9 34 0.79404755725728 0.33512691797217764
transition 97 10 29 0.33253244440782836 0.09662836767959349
transition 97 10 80 -0.38499110637994827 0.16532680353677476
transition 97 10 51 0.7787815552150066 0.32644806506357454
transition 97 10 0 -0.8074881665379499 0.13581569948674246
transition 97 10 32 -0.5230407867089286 0.27578106423331467
transition 97 11 60 0.06844157844927423 0.2399402560081983
transition 97 11 35 -0.9293100149547502 0.04843839330091668
transition 97 11 7 0.6102251331270845 0.4149055522818933
transition 97 11 48 0.6611107929254008 0.2967157984089917
transition 97 12 38 0.6350233625360984 0.4119862815652531
transition 97 12 67 -0.7047059394114443 0.5690396130878241
transition 97 12 91 0.8783361407047874 0.018974105346922822
transition 97 13 99 -0.6035187199578105 1.0
transition 97 14 78 0.3783506063840347 0.5900552743786623
transition 97 14 16 -0.7046128833792931 0.40994472562133766
transition 97 15 60 0.2206583023451032 0.3301484232400472
transition 97 15 39 0.147956411737725 0.33181567223146274
transition 97 15 4 -0.6132293733810028 0.15027799411884327
transition 97 15 70 0.7673142434330471 0.1877579104096468
transition 97 16 23 0.5929195270287966 0.2249546184584278
transition 97 16 81 -0.5222748758812248 0.16895912866579205
transition 97 16 60 0.01525502452518146 0.60608625287578
transition 97 17 55 -0.30974737835433075 0.31614096500881905
transition 97 17 62 -0.6061039022041466 0.2685846544154089
transition 97 17 14 0.701116758327502 0.11228046041201624
transition 97 17 85 -0.4335528745430799 0.2592564497600799
transition 97 17 2 -0.7929739644456382 0.043737470403675885
transition 97 18 30 0.5822168196897914 0.3561480194099082
transition 97 18 84 -0.5321169215831818 0.35692743193331694
transition 97 18 32 0.7773718537354584 0.28692454865677486
transition 97 19 9 0.4296458746196743 0.988811946735522
transition 97 19 60 -0.8086768329652803 0.011188053264478073
transition 97 20 77 0.8881219499750375 0.2892627794944132
transition 97 20 8 -0.6658481335382389 0.25569989880625815
transition 97 20 53 0.34465893401764225 0.17881536393772773
transition 97 20 43 -0.8530923521086213 0.2762219577616009
transition 97 21 83 -0.6119503745961421 0.024438839106411356
transition 97 21 49 -0.034576137674854124 0.3578045239186368
transition 97 21 43 -0.4129224733298513 0.32114517653841584
transition 97 21 87 -0.7484638088711111 0.11490176472345702
transition 97 21 20 0.024529720081839512 0.1817096957130789
transition 97 22 36 -0.3564187817598612 0.09685980581284394
transition 97 22 65 0.9273265259204526 0.17357770017373558
transition 97 22 0 0.5610375231643645 0.3627945443134434
transition 97 22 58 -0.5240552702893013 0.36676794969997717
transition 97 23 24 0.9714054316769978 0.29907961753406764
transition 97 23 79 -0.3093021713535755 0.14341756126617877
transition 97 23 63 0.1906490657432207 0.05599005597616451
transition 97 23 92 -0.6583318777116469 0.2918519171780119
transition 97 23 90 0.28351987617088525 0.2096608480455772
transition 97 24 93 -0.34487603018821966 1.0
transition 98 0 6 -0.9912489796838428 0.6573073901653196
transition 98 0 80 0.25675172103804655 0.34269260983468036
transition 98 1 3 0.7418621338464091 0.4365019019967985
transition 98 1 1 -0.642306364544649 0.4287663021273549
transition 98 1 30 0.6897537677885572 0.1347317958758467
transition 98 2 71 -0.425250530219768 0.5595530015357078
transition 98 2 6 -0.08600503201899001 0.4404469984642922
transition 98 3 0 0.19744419149597747 0.34334017418622503
transition 98 3 11 -0.30532509182230694 0.6566598258137749
transition 98 4 63 -0.07576904112110983 0.29454554177121
transition 98 4 22 0.7036415088232966 0.70545445822879
transition 98 5 82 0.5419849848315754 0.06581355580985603
transition 98 5 28 -0.7311514224011781 0.025130235492670454
transition 98 5 81 0.9408696253023714 0.7638364467974498
transition 98 5 76 0.1987961966875056 0.1452197619000238
transition 98 6 76 -0.42633743337046415 0.16858250288132143
transition 98 6 85 -0.2623901155752433 0.4117369494999121
transition 98 6 66 0.5017031627074724 0.41968054761876655
transition 98 7 56 -0.06585472125358671 0.2675122674054594
transition 98 7 80 0.7769204266904433 0.2675576487185936
transition 98 7 40 -0.23867378577380283 0.2766643885447113
transition 98 7 75 0.029573912553886972 0.03647311562476195
transition 98 7 39 0.8327671108048154 0.15179257970647367
transition 98 8 60 0.7847904207133731 0.6013735348498279
transition 98 8 98 -0.48522253999872245 0.398626465150172
transition 98 9 86 -0.9014460564895914 0.10545252431079956
transition 98 9 22 -0.49825117677209474 0.4692719118432319
transition 98 9 26 -0.6270254405726154 0.18891043743102903
transition 98 9 5 0.8655506373009036 0.06412557446313996
transition 98 9 77 -0.7604397168624524 0.1722395519517996
transition 98 10 38 -0.6222470705949266 0.5673189463290274
transition 98 10 74 -0.4106579581301746 0.43268105367097265
transition 98 11 25 -0.1258580071319506 0.4163213642061645
transition 98 11 59 -0.1835364036998226 0.27662899443424066
transition 98 11 30 -0.5768140265318309 0.24592278958493935
transition 98 11 8 0.4997213650221146 0.06112685177465553
transition 98 12 68 0.12783968213961705 1.0
transition 98 13 73 0.13174535360341721 1.0
transition 98 14 52 -0.3994651271405383 0.3788037167570678
transition 98 14 93 -0.431859730257971 0.4378086069902422
transition 98 14 47 -0.9123703832903456 0.1833876762526901
transition 98 15 89 0.05373656787968173 0.456837859389161
transition 98 15 91 -0.11506555015390463 0.5084523678041739
transition 98 15 38 -0.732957896717797 0.034709772806665054
transition 98 16 47 -0.7706962128037869 1.0
transition 98 17 2 0.7292655992614623 1.0
transition 98 18 28 -0.6062697470528557 0.14507615770959245
transition 98 18 98 -0.722836440728647 0.43620995885503416
transition 98 18 66 -0.08377312220718625 0.4187138834353733
transition 98 19 57 -0.54072010216203 0.2181188930035845
transition 98 19 12 0.07314400326468506 0.2621672988761574
transition 98 19 22 -0.8729778497731231 0.07358287609978412
transition 98 19 9 -0.9385045728039076 0.26245024534086275
transition 98 19 88 0.12224667932557609 0.18368068667961124
transition 98 20 33 -0.5049341154480458 0.08286361197319309
transition 98 20 70 0.11963845456288169 0.9171363880268069
transition 98 21 37 0.3653576478045384 0.18472311670291527
transition 98 21 0 0.5933553811512751 0.10938136494741998
transition 98 21 90 -0.7870626041635831 0.7058955183496648
transition 98 22 63 -0.9278023144667338 0.1882863983861848
transition 98 22 44 0.020216978494568716 0.5513763918954917
transition 98 22 67 0.9863390535952317 0.2603372097183236
transition 98 23 2 0.9533915860992339 0.3191713253447814
transition 98 23 13 -0.20365149829093254 0.5322359542161498
transition 98 23 1 -0.7140728171853723 0.14859272043906882
transition 98 24 63 0.6078800750777649 0.5155232619216151
transition 98 24 58 -0.2874710123897761 0.48447673807838487
transition 99 0 50 0.93785385373478 1.0
transition 99 1 22 0.1769256175686431 0.7858479673561248
transition 99 1 50 0.6926286651735272 0.2141520326438752
transition 99 2 15 0.9505815374294171 0.6882988003359608
transition 99 2 63 0.31011480590507867 0.31170119966403925
transition 99 3 85 -0.20497152049975353 0.2824160093850883
transition 99 3 5 -0.10215549498096 0.2377977660485814
transition 99 3 42 0.620794830919557 0.10384347811593701
transition 99 3 35 -0.7649061981462593 0.15633916327724492
transition 99 3 0 0.7305551280722207 0.21960358317314838
transition 99 4 84 -0.7220845508022689 1.0
transition 99 5 27 0.5878458000080529 0.32711483948580306
transition 99 5 11 -0.3226029990800461 0.015114509237190965
transition 99 5 15 0.7988441017681409 0.3151024309455454
transition 99 5 35 0.3875189192052755 0.19729229269140594
transition 99 5 59 0.5914952557514914 0.14537592764005475
transition 99 6 49 -0.9908378021613036 1.0
transition 99 7 12 -0.44771453128343386 1.0
transition 99 8 96 -0.7567559488904052 0.1993726292169737
transition 99 8 75 0.8050234578159841 0.08721531510399072
transition 99 8 34 -0.2419730823505981 0.14868389068060317
transition 99 8 64 -0.3077919408753178 0.3215664537528637
transition 99 8 46 -0.6566918026156201 0.2431617112455688
transition 99 9 88 -0.46659217861570723 0.3886447994804713
transition 99 9 70 0.8944781311831729 0.5226423890277507
transition 99 9 37 -0.45963408122658467 0.08871281149177795
transition 99 10 69 0.499142322612647 0.8527701695340747
transition 99 10 34 -0.452047200635479 0.14722983046592536
transition 99 11 35 -0.6387574374489502 0.3333134937624811
transition 99 11 99 -0.17525505845411038 0.1938183688061135
transition 99 11 54 0.9415775218148175 0.26821601251789595
transition 99 11 45 0.30756133286424947 0.20465212491350948
transition 99 12 89 0.6383774609181143 0.15185116005496158
transition 99 12 95 0.12465852641742026 0.002190837072941675
transition 99 12 24 0.8382104702600235 0.2567889295162825
transition 99 12 14 -0.8731194087173557 0.3527518467515561
transition 99 12 32 0.6309058027784429 0.23641722660425818
transition 99 13 59 -0.054492913756767125 0.026681075750631597
transition 99 13 54 -0.6271918282035052 0.20447662123964844
transition 99 13 4 -0.8395776601179776 0.368672431876457
transition 99 13 8 0.17649023495984384 0.03786630659914849
transition 99 13 5 -0.9716965938000124 0.36230356453411444
transition 99 14 32 0.2687245380157526 0.07047978773334765
transition 99 14 41 0.1458095008956164 0.4648084172813581
transition 99 14 66 -0.537139281725006 0.35358239333063035
transition 99 14 37 -0.9636711158380018 0.0068728015800423575
transition 99 14 0 0.10092183377836328 0.10425660007462158
transition 99 15 31 -0.8079742111414849 0.2959982373016081
transition 99 15 94 0.6897232034422647 0.3223600404720747
transition 99 15 14 0.009553161861967308 0.031446284081521725
transition 99 15 69 0.8681257494804313 0.11514223758600023
transition 99 15 70 -0.6844921677644007 0.23505320055879522
transition 99 16 16 0.025472852380411748 0.5983127027399536
transition 99 16 14 0.32697234225559324 0.4016872972600464
transition 99 17 84 0.9515717286549119 0.6825718572574372
transition 99 17 83 -0.084026494817393 0.3174281427425628
transition 99 18 18 0.9755383606108261 0.1728716467066766
transition 99 18 0 -0.40197766477850894 0.19921373296118544
transition 99 18 14 -0.8077259002521076 0.20564791972016072
transition 99 18 83 0.9063432920961434 0.2710345542653802
transition 99 18 59 0.3001885786702334 0.1512321463465971
transition 99 19 71 0.28030643352904594 0.5730873828139291
transition 99 19 20 -0.29413260737870517 0.4269126171860709
transition 99 20 44 0.887961664970961 1.0
transition 99 21 94 -0.9900267103322145 0.39954634400478317
transition 99 21 42 0.4471810604607873 0.3882667610280397
transition 99 21 32 0.4735896393207859 0.20268160012380576
transition 99 21 25 0.11663455757649932 0.009505294843371355
transition 99 22 41 -0.6853112421708705 0.30774362833669244
transition 99 22 68 -0.17979443451548782 0.4288041341021222
transition 99 22 60 -0.7196361187513898 0.26345223756118535
transition 99 23 74 0.5539682523670173 1.0
transition 99 24 76 -0.8713885991772929 0.03472258569451506
transition 99 24 24 -0.7682943510507805 0.007142980912088007
transition 99 24 32 0.633295535554605 0.010873231838883179
transition 99 24 17 -0.8261305387592119 0.6421115085287376
transition 99 24 8 -0.19760195261873692 0.30514969302577616
mdptype continuing
discount  0.1
