numStates 100
numActions 25
end 10 82 61 22 67 0 47 48 79
transition 1 0 44 0.35681099089624135 0.14107395195478098
transition 1 0 89 0.21471465034856196 0.10456900612341027
transition 1 0 63 -0.6145963871510771 0.17263306641544984
transition 1 0 13 -0.8912907890549082 0.18699952896844088
transition 1 0 45 -0.20193939571399455 0.39472444653791805
transition 1 1 9 0.6458048413816713 0.21257580593680178
transition 1 1 24 -0.5227347305801706 0.2052345994254708
transition 1 1 72 -0.1622141477873822 0.23045004787743376
transition 1 1 38 0.06075010529048486 0.07149696776252792
transition 1 1 45 -0.7331557963019506 0.2802425789977657
transition 1 2 45 0.3742120225952512 1.0
transition 1 3 36 -0.39983273424417654 0.16803953871499178
transition 1 3 78 0.9190966805653062 0.4546952224052718
transition 1 3 45 -0.935745383710771 0.3772652388797364
transition 1 4 86 -0.23659720623195124 0.22607849497242946
transition 1 4 85 -0.2013494789844239 0.31041193642555953
transition 1 4 45 -0.15574225080411974 0.46350956860201104
transition 1 5 45 -0.9754746491387523 1.0
transition 1 6 45 0.6057174683955118 1.0
transition 1 7 69 0.2751182505394698 0.4497011952191235
transition 1 7 94 0.03086918323582144 0.09860557768924302
transition 1 7 74 -0.7566568376386393 0.08764940239043825
transition 1 7 45 -0.9917584269024671 0.36404382470119523
transition 1 8 1 0.6061178136094998 0.3087540864511442
transition 1 8 82 0.5351913548419267 0.1482019614965492
transition 1 8 81 0.4314745968708016 0.16999636759898293
transition 1 8 45 -0.43548472968130025 0.37304758445332364
transition 1 9 36 0.5252906299896662 0.8333333333333334
transition 1 9 45 -0.39970859945423176 0.16666666666666666
transition 1 10 29 0.35367932398949975 0.2966542750929368
transition 1 10 11 0.4055033712190683 0.21412639405204462
transition 1 10 51 -0.947171643079507 0.06468401486988848
transition 1 10 45 0.05527041203851413 0.4245353159851301
transition 1 11 45 -0.19452584674189 1.0
transition 1 12 23 0.5779516803103648 0.17701953922426364
transition 1 12 68 -0.33854434263349154 0.11198600174978128
transition 1 12 12 0.709128182131388 0.27267424905220183
transition 1 12 45 -0.539861456045484 0.43832020997375326
transition 1 13 42 0.732946065560889 0.2694541231126597
transition 1 13 96 -0.9824723573348983 0.3143631436314363
transition 1 13 45 0.600885769455701 0.416182733255904
transition 1 14 87 0.8282327725588323 0.4364012409513961
transition 1 14 8 -0.6155128132050962 0.11220268872802482
transition 1 14 16 -0.3408609384325927 0.06980351602895553
transition 1 14 45 -0.5927815727539321 0.3815925542916236
transition 1 15 93 -0.13832495470553696 0.17462311557788945
transition 1 15 59 -0.9242671906719915 0.5408291457286433
transition 1 15 45 0.28882691772562197 0.28454773869346733
transition 1 16 43 0.5586749702370399 0.6679841897233202
transition 1 16 45 0.2151136261683746 0.33201581027667987
transition 1 17 92 -0.7582810524963899 0.09741644939559137
transition 1 17 35 -0.2912418710914788 0.15975349608912065
transition 1 17 37 -0.0895943428241075 0.15406494429959705
transition 1 17 42 0.5726675846537581 0.1772931974401517
transition 1 17 45 -0.19859797309112714 0.41147191277553924
transition 1 18 45 0.09580088076612014 1.0
transition 1 19 12 0.7204031427847419 0.5413533834586466
transition 1 19 45 -0.3039774378034483 0.45864661654135336
transition 1 20 37 0.22092592421459845 0.12782540919719407
transition 1 20 34 0.760015947823693 0.37879968823070925
transition 1 20 94 -0.35256725194717276 0.09469992205767731
transition 1 20 45 0.4653486663059341 0.39867498051441935
transition 1 21 31 -0.5671736906627858 0.6152882205513784
transition 1 21 45 -0.9351091500533428 0.38471177944862156
transition 1 22 90 -0.7660148293189084 0.25778766687857596
transition 1 22 71 0.7201539465052644 0.3003814367450731
transition 1 22 11 0.8379474031938032 0.04990464081373172
transition 1 22 45 -0.32410206216022774 0.3919262555626192
transition 1 23 52 -0.4743923045534535 0.02591792656587473
transition 1 23 95 0.6476750456658762 0.16803455723542116
transition 1 23 64 0.45341267454698686 0.40259179265658745
transition 1 23 53 0.20889310407252548 0.13347732181425487
transition 1 23 45 -0.7653112969551674 0.26997840172786175
transition 1 24 30 -0.6441260286892208 0.14119091467157766
transition 1 24 77 -0.48360136913996365 0.23695518723143033
transition 1 24 62 -0.7160375844630862 0.28698588090853283
transition 1 24 32 0.5145323580465335 0.010742786985880909
transition 1 24 45 -0.044245101845862056 0.3241252302025783
transition 2 0 5 -0.6782473435019034 0.08177379983726607
transition 2 0 10 0.6780575230728478 0.33319772172497963
transition 2 0 27 -0.42955459760896164 0.10618388934092758
transition 2 0 91 -0.09049027554694367 0.4788445890968267
transition 2 1 60 -0.9778864068626427 0.007896221094190638
transition 2 1 94 0.14971771886661855 0.14156796390298929
transition 2 1 83 -0.9274389896698141 0.4263959390862944
transition 2 1 91 -0.621249333048465 0.4241398759165257
transition 2 2 17 0.4681303714574012 0.016216216216216217
transition 2 2 66 -0.11916739340753546 0.2959459459459459
transition 2 2 2 0.5360792603262088 0.27297297297297296
transition 2 2 91 -0.09093593677974132 0.41486486486486485
transition 2 3 22 0.4555241228979994 0.5655737704918032
transition 2 3 91 0.08052475918748003 0.4344262295081967
transition 2 4 97 -0.43685777765182654 0.14548238897396631
transition 2 4 2 0.5827127345202296 0.14739663093415006
transition 2 4 23 -0.8678518668626369 0.11562021439509954
transition 2 4 37 -0.01294613043355164 0.23545176110260338
transition 2 4 91 0.6239660939953648 0.3560490045941807
transition 2 5 94 0.8005278961230464 0.29459827507943714
transition 2 5 24 -0.8523078572798484 0.3259192010894235
transition 2 5 91 -0.917722026938447 0.37948252383113934
transition 2 6 96 0.9552271921438189 0.5247148288973384
transition 2 6 91 0.8944649405487355 0.4752851711026616
transition 2 7 11 -0.740759594068465 0.7120253164556962
transition 2 7 91 0.7865565330199409 0.2879746835443038
transition 2 8 89 -0.9995194524899835 0.07818930041152264
transition 2 8 98 -0.9721408107492007 0.24732510288065843
transition 2 8 15 0.7651056181664184 0.07901234567901234
transition 2 8 51 -0.5443351551421656 0.3950617283950617
transition 2 8 91 0.18118912876273008 0.20041152263374484
transition 2 9 91 -0.06981842982632691 1.0
transition 2 10 55 0.1843466620915768 0.2059674905366288
transition 2 10 21 0.9912534976167318 0.11623246492985972
transition 2 10 22 -0.4403172192993057 0.1066577599643732
transition 2 10 79 0.0754158076950624 0.20240480961923848
transition 2 10 91 -0.17110263320222519 0.3687374749498998
transition 2 11 81 -0.41262624238520496 0.19569835369091876
transition 2 11 23 -0.629188396126233 0.2527881040892193
transition 2 11 38 -0.7116726505998865 0.24030801911842803
transition 2 11 91 -0.9793025035014147 0.3112055231014339
transition 2 12 37 -0.1027859433483087 0.505700871898055
transition 2 12 12 0.9415817838937288 0.07981220657276995
transition 2 12 91 -0.18426554986641652 0.41448692152917505
transition 2 13 29 -0.3765788606345286 0.5747663551401869
transition 2 13 91 0.15987775033608265 0.4252336448598131
transition 2 14 91 -0.409503130800543 1.0
transition 2 15 36 0.401543327303586 0.47558386411889597
transition 2 15 77 0.16009050200053854 0.21231422505307856
transition 2 15 91 0.4479008658336088 0.31210191082802546
transition 2 16 53 -0.6288697899986004 0.796692607003891
transition 2 16 91 0.24183615402370284 0.20330739299610895
transition 2 17 90 -0.05058777941111092 0.5724876441515651
transition 2 17 91 -0.832384215250658 0.42751235584843494
transition 2 18 70 0.8983170491149104 0.2108095985647006
transition 2 18 26 -0.5700649586324695 0.184794797039695
transition 2 18 71 0.8334566950214402 0.14420273603947073
transition 2 18 91 -0.7779826614907521 0.46019286835613366
transition 2 19 45 -0.453053834651153 0.23769287288758267
transition 2 19 4 0.20721258354662564 0.07127112417340191
transition 2 19 20 -0.8271555255625358 0.112417340191036
transition 2 19 44 -0.06758245048646727 0.16127847171197648
transition 2 19 91 -0.6396272641123601 0.41734019103600295
transition 2 20 79 0.10340220436809089 0.023861766319253977
transition 2 20 95 -0.6554896191505821 0.22956664838178825
transition 2 20 53 0.5416350837765052 0.2723532638507954
transition 2 20 83 -0.6972409135406823 0.24026330224904005
transition 2 20 91 0.7785199383998327 0.23395501919912232
transition 2 21 9 0.7412283860584239 0.11996458610004426
transition 2 21 86 -0.7527047978946453 0.40239043824701193
transition 2 21 91 -0.13703436075714714 0.4776449756529438
transition 2 22 91 0.6140311133211214 1.0
transition 2 23 19 -0.9537096624687862 0.012179065174456879
transition 2 23 57 -0.5111688145192663 0.22876892692560896
transition 2 23 43 0.3911449643475484 0.2965766951942067
transition 2 23 91 -0.6694824577608574 0.46247531270572745
transition 2 24 20 0.8734723436225893 0.18723872387238724
transition 2 24 31 -0.8966011724716616 0.2143014301430143
transition 2 24 68 -0.647895915241435 0.12981298129812982
transition 2 24 91 0.7632367185156166 0.46864686468646866
transition 3 0 38 0.18965015849598021 0.20156514382402707
transition 3 0 39 0.30296891461846975 0.18697123519458544
transition 3 0 28 -0.8253903989672047 0.09538917089678511
transition 3 0 65 0.5701804620662689 0.07973773265651438
transition 3 0 41 0.010229410389083649 0.436336717428088
transition 3 1 57 -0.3354000277029774 0.07416563658838071
transition 3 1 96 0.00641073119772706 0.47404202719406674
transition 3 1 41 -0.9292587227297762 0.45179233621755255
transition 3 2 58 0.7400417199268967 0.564453125
transition 3 2 41 0.42449745540042727 0.435546875
transition 3 3 41 0.817026223999421 1.0
transition 3 4 96 0.4165452517012209 0.2860738255033557
transition 3 4 62 -0.11989312072327696 0.34941275167785235
transition 3 4 41 -0.8314665642892125 0.36451342281879195
transition 3 5 41 -0.44291979649151747 1.0
transition 3 6 40 0.5188079471697193 0.08564814814814815
transition 3 6 85 0.042108970858928396 0.7399691358024691
transition 3 6 41 0.3808584107504269 0.1743827160493827
transition 3 7 41 -0.7843212607985075 1.0
transition 3 8 0 -0.659931479360174 0.058855291576673865
transition 3 8 80 -0.6406459163854752 0.5032397408207343
transition 3 8 41 -0.3843990771698864 0.4379049676025918
transition 3 9 24 0.6104638886154639 0.220873786407767
transition 3 9 37 -0.5404298683649991 0.4320388349514563
transition 3 9 41 0.5759846800250765 0.3470873786407767
transition 3 10 28 0.07305710051512637 0.7708333333333334
transition 3 10 41 -0.5023815348144718 0.22916666666666666
transition 3 11 93 0.4333349604106609 0.28635778635778636
transition 3 11 56 0.22110730956130453 0.2953667953667954
transition 3 11 41 -0.9130455157612243 0.41827541827541825
transition 3 12 93 -0.8079819787184168 0.7032863849765258
transition 3 12 41 -0.695747863248475 0.29671361502347415
transition 3 13 95 -0.9931677413257862 0.6026962727993656
transition 3 13 41 -0.7661768158803006 0.3973037272006344
transition 3 14 55 -0.7499338038688901 0.6484893146647015
transition 3 14 85 -0.7736249684003675 0.08106116433308769
transition 3 14 41 0.815540429299829 0.27044952100221076
transition 3 15 80 0.9988042284652725 0.0066469719350073855
transition 3 15 47 0.7554864399587089 0.43870014771048743
transition 3 15 34 -0.5431306184748115 0.17429837518463812
transition 3 15 41 -0.5385569469290465 0.3803545051698671
transition 3 16 50 0.4177918936678344 0.006097560975609756
transition 3 16 31 -0.20971551597876825 0.15853658536585366
transition 3 16 11 -0.9394926981066358 0.49796747967479676
transition 3 16 99 0.6493738973647347 0.052845528455284556
transition 3 16 41 -0.6875394398881083 0.2845528455284553
transition 3 17 55 -0.11213425265541832 0.3983050847457627
transition 3 17 54 0.5132068885135748 0.2576271186440678
transition 3 17 41 0.6705035205960719 0.3440677966101695
transition 3 18 80 -0.5223043555651481 0.13187680968675966
transition 3 18 34 0.20540764485195506 0.17004474861805738
transition 3 18 18 0.655420088380843 0.06712292708607528
transition 3 18 29 -0.08456033843028488 0.26006843906291127
transition 3 18 41 0.42358345328061 0.3708870755461964
transition 3 19 76 0.8129275247584178 0.3935389133627019
transition 3 19 13 -0.8410493476806364 0.2922173274596182
transition 3 19 41 0.3441160606810518 0.3142437591776799
transition 3 20 29 0.8432360837146684 0.11202013845185652
transition 3 20 12 0.2600601376810139 0.46507237256135936
transition 3 20 80 -0.016719736610492975 0.015103838892385148
transition 3 20 41 0.11018567082411646 0.407803650094399
transition 3 21 73 0.20805666691643565 0.26226993865030673
transition 3 21 70 0.31312918813800006 0.07924335378323108
transition 3 21 31 -0.894848553629271 0.3773006134969325
transition 3 21 41 -0.17284467507430756 0.28118609406952966
transition 3 22 31 -0.9894463945067538 0.18166758696852567
transition 3 22 46 0.09835237889664628 0.3379348426283821
transition 3 22 41 0.42573279119846363 0.4803975704030922
transition 3 23 15 0.28189906651214347 0.674074074074074
transition 3 23 34 -0.047976838470346506 0.012345679012345678
transition 3 23 41 0.4289806475380842 0.3135802469135803
transition 3 24 36 0.2924359398732399 0.37156825874388866
transition 3 24 98 -0.33896752267329777 0.08762692741632193
transition 3 24 67 0.9675337530432029 0.03121474238435502
transition 3 24 87 0.17628701886472142 0.30913877397517864
transition 3 24 41 -0.7329442850814314 0.20045129748025572
transition 4 0 70 0.07207207432163587 0.12025924147863658
transition 4 0 28 -0.2297443002002726 0.14954392702832453
transition 4 0 13 0.6270193243851085 0.23235717714834372
transition 4 0 86 -0.2450628487365356 0.4978396543446951
transition 4 1 89 -0.20670322352921433 0.7975077881619937
transition 4 1 86 -0.3352432827354441 0.20249221183800623
transition 4 2 86 0.6885471271379799 1.0
transition 4 3 48 -0.5917758331253444 0.01843884449907806
transition 4 3 7 -0.21823668894657122 0.49846342962507684
transition 4 3 94 0.5340271140223232 0.10694529809465274
transition 4 3 86 -0.34948512465843584 0.3761524277811924
transition 4 4 86 0.013601796992625204 1.0
transition 4 5 46 0.6881261137550192 0.8244274809160306
transition 4 5 86 -0.8248463377482247 0.17557251908396945
transition 4 6 77 -0.08219640358884006 0.16885964912280702
transition 4 6 79 -0.6859523742468419 0.12116228070175439
transition 4 6 87 0.46367513210739375 0.31140350877192985
transition 4 6 93 -0.8082437325575553 0.09046052631578948
transition 4 6 86 -0.6532818188548588 0.3081140350877193
transition 4 7 28 -0.648868087136846 0.08065821418937145
transition 4 7 75 -0.36917602682423367 0.18964121931480982
transition 4 7 54 -0.9513788402822376 0.25735095764769356
transition 4 7 86 0.05870386561674312 0.47234960884812516
transition 4 8 86 0.13013269380437853 1.0
transition 4 9 70 0.22463531755343924 0.0017497812773403325
transition 4 9 80 -0.39239165296666156 0.5266841644794401
transition 4 9 86 0.8069351229294299 0.4715660542432196
transition 4 10 86 0.9656226892942312 1.0
transition 4 11 30 0.21959411450318167 0.23275544079675398
transition 4 11 62 -0.8975191025643747 0.18701586130579123
transition 4 11 96 -0.6273741292049351 0.01217263002582073
transition 4 11 50 0.3463559774896423 0.23607524898561416
transition 4 11 86 -0.4463851635809395 0.33198081888601993
transition 4 12 39 -0.40507103172491554 0.28362877997914493
transition 4 12 42 -0.52410128846699 0.17587765033020508
transition 4 12 77 0.14630410320188014 0.18387208898157803
transition 4 12 50 0.6671001581377574 0.13069169273548836
transition 4 12 86 -0.6562248560337849 0.2259297879735836
transition 4 13 67 0.2385051947197876 0.16825396825396827
transition 4 13 59 0.13252133218531026 0.41523809523809524
transition 4 13 5 -0.29825074850055056 0.1949206349206349
transition 4 13 86 -0.04150437868183299 0.22158730158730158
transition 4 14 50 0.6689399216695266 0.1589639410868461
transition 4 14 64 0.7510258794663656 0.441340782122905
transition 4 14 86 -0.14386811130294097 0.39969527679024885
transition 4 15 40 0.2919016734638953 0.5714285714285714
transition 4 15 86 -0.5988782662857972 0.42857142857142855
transition 4 16 72 -0.593469393564404 0.5408805031446541
transition 4 16 86 0.7157952303977893 0.4591194968553459
transition 4 17 86 -0.049161834781033864 1.0
transition 4 18 86 0.0655224274740307 1.0
transition 4 19 75 0.24168565044037993 0.19022869022869024
transition 4 19 33 0.15211758469756642 0.1340956340956341
transition 4 19 43 0.23425368613703568 0.367983367983368
transition 4 19 86 0.22371147773229105 0.3076923076923077
transition 4 20 18 0.81501078051587 0.7801484230055659
transition 4 20 86 0.6747886186690255 0.21985157699443414
transition 4 21 82 0.5512026931947658 0.14753015033867503
transition 4 21 78 0.5466641508623753 0.13629605154468857
transition 4 21 53 -0.6663855108542605 0.13844374690236247
transition 4 21 31 0.5003114241467499 0.11118453659342475
transition 4 21 86 -0.42807702317719665 0.46654551462084914
transition 4 22 79 -0.9417153414680042 0.20145247868645405
transition 4 22 90 -0.13737155663378253 0.24250078939059047
transition 4 22 56 -0.8635253592650185 0.210925165772024
transition 4 22 91 -0.05053484338413616 0.02368171771392485
transition 4 22 86 0.39758073515777004 0.3214398484370066
transition 4 23 85 0.729924987259694 0.37996031746031744
transition 4 23 5 -0.9812102191348646 0.03968253968253968
transition 4 23 96 0.677637986107346 0.09126984126984126
transition 4 23 86 -0.9752563797866836 0.48908730158730157
transition 4 24 3 -0.2946071436252098 0.0921409214092141
transition 4 24 37 0.5476991636944062 0.29132791327913277
transition 4 24 5 -0.5061835377541362 0.4254742547425474
transition 4 24 86 -0.17306206098681387 0.1910569105691057
transition 5 0 6 0.10344945385671944 0.5145228215767634
transition 5 0 70 -0.9038235686434815 0.4854771784232365
transition 5 1 98 0.8450441530886608 0.25894988066825775
transition 5 1 13 -0.7269725967313456 0.0879077167859984
transition 5 1 31 -0.44721131956001603 0.2617342879872713
transition 5 1 70 -0.0767890639465374 0.3914081145584726
transition 5 2 55 -0.3312469880348903 0.1456574185765983
transition 5 2 15 0.8857299256324289 0.14641133896260555
transition 5 2 80 0.7007174656605 0.08036791314837154
transition 5 2 61 -0.3514001602954906 0.14264173703256935
transition 5 2 70 -0.40009877174152786 0.48492159227985526
transition 5 3 47 -0.2814213917940669 0.7343976777939042
transition 5 3 70 0.8320321653781868 0.2656023222060958
transition 5 4 73 0.4722238174610056 0.5704845814977973
transition 5 4 70 -0.33896113622346347 0.42951541850220265
transition 5 5 67 -0.5961926198633887 0.6022012578616353
transition 5 5 70 -0.8579377754642648 0.3977987421383648
transition 5 6 10 0.29778212860498554 0.2322689075630252
transition 5 6 12 -0.6793740156308326 0.0826890756302521
transition 5 6 73 -0.6164509276342307 0.19294117647058823
transition 5 6 21 -0.49262165245286216 0.14319327731092438
transition 5 6 70 0.19336729375064188 0.3489075630252101
transition 5 7 93 0.02741123425786096 0.6792452830188679
transition 5 7 70 0.5138231635697599 0.32075471698113206
transition 5 8 87 -0.3251383587400485 0.6666666666666666
transition 5 8 70 0.715141941831507 0.3333333333333333
transition 5 9 55 -0.027567378511414997 0.19892952720785012
transition 5 9 62 0.5788847139023714 0.29408266428783825
transition 5 9 69 -0.27397034213510096 0.27534939042521556
transition 5 9 70 -0.1854570052835094 0.23163841807909605
transition 5 10 15 0.11696321236548468 0.11223880597014925
transition 5 10 34 0.9292222483792707 0.2128358208955224
transition 5 10 23 0.23821064196557296 0.25791044776119404
transition 5 10 70 -0.3065141125989459 0.41701492537313434
transition 5 11 73 -0.2904593990173765 0.18
transition 5 11 40 0.185584908866945 0.17185185185185184
transition 5 11 71 0.3322242397995907 0.48148148148148145
transition 5 11 70 -0.0706862763484073 0.16666666666666666
transition 5 12 82 0.8105760532632791 0.5409582689335394
transition 5 12 70 0.17348407987416037 0.45904173106646057
transition 5 13 67 0.8174623255499374 0.21107580571947346
transition 5 13 92 0.8506320131061891 0.3990013617793917
transition 5 13 41 -0.8569979706620408 0.05628688152519292
transition 5 13 72 0.916894816564056 0.08851566046300499
transition 5 13 70 -0.27283188268716163 0.2451202905129369
transition 5 14 66 -0.23265194362910213 0.6207565470417071
transition 5 14 70 0.5158585105020426 0.3792434529582929
transition 5 15 78 -0.29289175292468017 0.16837782340862423
transition 5 15 26 0.9943969341394612 0.2464065708418891
transition 5 15 46 0.13658960379442253 0.21492128678986996
transition 5 15 70 -0.8076619300015238 0.3702943189596167
transition 5 16 85 0.309463006625847 0.5181286549707602
transition 5 16 70 0.09978640700093866 0.4818713450292398
transition 5 17 70 -0.678746892093788 1.0
transition 5 18 62 0.2999416531904837 0.08496732026143791
transition 5 18 41 0.9133068029432512 0.20764203117144295
transition 5 18 23 0.10328913166975662 0.42835595776772245
transition 5 18 70 -0.9984007217766833 0.2790346907993967
transition 5 19 82 0.2548985121568419 0.5536723163841808
transition 5 19 70 0.879988763274379 0.4463276836158192
transition 5 20 75 0.9940802214455824 0.5988779803646563
transition 5 20 70 0.6136699343782634 0.4011220196353436
transition 5 21 34 -0.16590386146617142 0.19767441860465115
transition 5 21 51 0.7942262226569101 0.01065891472868217
transition 5 21 19 -0.1815052043649994 0.11337209302325581
transition 5 21 4 0.22772409643679148 0.23804909560723514
transition 5 21 70 -0.3841779144614388 0.4402454780361757
transition 5 22 89 0.5890745637468111 0.1929740134744947
transition 5 22 41 0.5232339192938065 0.18864292589027912
transition 5 22 2 -0.44903138584601754 0.05582290664100096
transition 5 22 24 0.7823465477618909 0.35418671799807505
transition 5 22 70 -0.4187850587045838 0.20837343599615016
transition 5 23 54 -0.8226122836552536 0.5508100147275405
transition 5 23 70 -0.4305542650440417 0.4491899852724595
transition 5 24 2 -0.9893748809388827 0.26009389671361505
transition 5 24 82 -0.028441055432160134 0.13802816901408452
transition 5 24 1 0.33376101646835554 0.4084507042253521
transition 5 24 70 -0.4259316403099209 0.19342723004694837
transition 6 0 22 0.5253950690390792 0.5865992414664981
transition 6 0 14 0.03851611274125899 0.4134007585335019
transition 6 1 14 0.14122352637536073 1.0
transition 6 2 64 0.8092133291742145 0.20728126834997063
transition 6 2 56 -0.46617413783540096 0.21550205519671167
transition 6 2 1 -0.5416948151169345 0.04022313564298297
transition 6 2 2 -0.9618692996044573 0.180857310628303
transition 6 2 14 -0.267459252691264 0.3561362301820317
transition 6 3 41 0.220120976139341 0.1292014302741359
transition 6 3 31 0.6975143991906767 0.15566150178784266
transition 6 3 77 0.9113734329954681 0.15256257449344457
transition 6 3 68 0.41484202226143374 0.07437425506555423
transition 6 3 14 0.936945020137409 0.48820023837902266
transition 6 4 31 -0.37951936793813923 0.157498552403011
transition 6 4 37 0.7025605397432126 0.44643891140706427
transition 6 4 14 -0.2616298288321619 0.3960625361899247
transition 6 5 58 0.9215386781590256 0.3481363996827914
transition 6 5 73 0.6857576726707084 0.32355273592386996
transition 6 5 14 0.8969442307864341 0.3283108643933386
transition 6 6 14 0.6312015361250796 1.0
transition 6 7 19 0.7597789125350793 0.027510316368638238
transition 6 7 26 -0.6703281201393279 0.10068775790921596
transition 6 7 51 0.7304390080659762 0.20522696011004127
transition 6 7 82 0.3972716589409937 0.18046767537826686
transition 6 7 14 -0.7861437012674419 0.4861072902338377
transition 6 8 81 0.19056556141916636 0.40651965484180247
transition 6 8 48 -0.2399569155793555 0.41323106423777567
transition 6 8 14 -0.5667881110453465 0.18024928092042186
transition 6 9 86 -0.1901132550268232 0.6684210526315789
transition 6 9 14 0.700947773411108 0.33157894736842103
transition 6 10 95 -0.22113206997850288 0.38598088302230316
transition 6 10 56 0.889461183924235 0.11788802913063268
transition 6 10 14 -0.21958053552428702 0.49613108784706417
transition 6 11 14 0.35838594418721414 1.0
transition 6 12 14 0.8132937420844142 1.0
transition 6 13 14 0.3940419353270366 1.0
transition 6 14 16 0.44937698948185467 0.556282722513089
transition 6 14 14 0.7589667569801897 0.443717277486911
transition 6 15 14 -0.6376211310005091 1.0
transition 6 16 46 0.5279452538540066 0.21080817916260955
transition 6 16 75 -0.40610535356779276 0.024829600778967866
transition 6 16 62 0.11700198961703201 0.373904576436222
transition 6 16 34 -0.3599348871319248 0.10077896786757547
transition 6 16 14 0.09280802294992174 0.28967867575462514
transition 6 17 14 0.81500835477411 1.0
transition 6 18 36 -0.6932518711205693 0.39475839475839475
transition 6 18 11 -0.8170191866499357 0.3104013104013104
transition 6 18 14 -0.7198366645243344 0.29484029484029484
transition 6 19 77 0.9326054303483347 0.04600171969045572
transition 6 19 5 0.5968961841130638 0.22656921754084264
transition 6 19 53 0.4225441918429844 0.3585554600171969
transition 6 19 14 0.5835775374164585 0.3688736027515047
transition 6 20 75 -0.5155835923475789 0.0031496062992125984
transition 6 20 21 0.7986254582911954 0.7889763779527559
transition 6 20 14 -0.4828167635550191 0.2078740157480315
transition 6 21 52 0.7113508395580526 0.11609498680738786
transition 6 21 74 0.7469766709676107 0.5203166226912929
transition 6 21 53 0.6801691328184245 0.08601583113456464
transition 6 21 14 0.21018620020011225 0.2775725593667546
transition 6 22 69 0.3175180784693581 0.0433589462129528
transition 6 22 16 0.959085647805854 0.4725576289791438
transition 6 22 14 -0.5037858971103626 0.4840834248079034
transition 6 23 16 0.9831969871651829 0.708904109589041
transition 6 23 14 -0.942115128543831 0.2910958904109589
transition 6 24 40 -0.16880433280894613 0.55622009569378
transition 6 24 14 -0.6244401870728962 0.4437799043062201
transition 7 0 44 -0.5008389820622954 0.13835263835263836
transition 7 0 54 0.015107165621911056 0.01716001716001716
transition 7 0 81 0.9775441926656221 0.19755469755469757
transition 7 0 21 -0.28638854461927266 0.14993564993564992
transition 7 0 57 -0.12798994068997827 0.496996996996997
transition 7 1 1 0.40485823709078916 0.23835368611488014
transition 7 1 41 0.39508523264691653 0.41971958389868835
transition 7 1 57 -0.2988326695813832 0.3419267299864315
transition 7 2 89 -0.03930345723224993 0.12919389978213508
transition 7 2 68 0.40609628335105197 0.20827886710239651
transition 7 2 95 -0.30301990106932286 0.19041394335511982
transition 7 2 57 0.31955405095857237 0.4721132897603486
transition 7 3 34 0.32937206594484203 0.15344908493664947
transition 7 3 1 -0.47305702416600015 0.3542937587986861
transition 7 3 35 0.423041549280297 0.09432191459408729
transition 7 3 57 -0.7366614400277443 0.3979352416705772
transition 7 4 57 -0.8744695694119984 1.0
transition 7 5 46 0.011058337635580173 0.08825424092763581
transition 7 5 55 0.38396837856184507 0.17028129697229977
transition 7 5 44 0.9600443493853907 0.213442130126691
transition 7 5 90 0.9518978289984066 0.11724286021043591
transition 7 5 57 0.7390534565698841 0.4107794717629375
transition 7 6 57 -0.16138754778579067 1.0
transition 7 7 82 0.26695933195834254 0.8262108262108262
transition 7 7 57 0.19465088021320875 0.1737891737891738
transition 7 8 57 0.7200176335505728 1.0
transition 7 9 63 -0.12208030803364145 0.23643054277828887
transition 7 9 56 -0.060836367722840734 0.37580496780128797
transition 7 9 57 0.9150900829594573 0.3877644894204232
transition 7 10 60 0.5645708357001828 0.7369942196531792
transition 7 10 41 -0.30336742206919487 0.001445086705202312
transition 7 10 57 -0.005312056510955676 0.2615606936416185
transition 7 11 70 -0.35470903264187403 0.09199205823957644
transition 7 11 27 0.19222143173348072 0.4771674387822634
transition 7 11 57 -0.6663763266503007 0.4308405029781602
transition 7 12 57 0.6136300080632393 1.0
transition 7 13 43 0.5507131983295295 0.7120115774240231
transition 7 13 75 0.4009582893670409 0.02604920405209841
transition 7 13 57 0.9675969010992966 0.2619392185238784
transition 7 14 9 0.6524790278947319 0.5492424242424242
transition 7 14 57 -0.6133851763285187 0.45075757575757575
transition 7 15 87 0.08847372435441381 0.7146263910969793
transition 7 15 57 -0.3547136493124745 0.28537360890302066
transition 7 16 69 0.4948232446680849 0.28782547501759326
transition 7 16 84 0.9972520374460643 0.029556650246305417
transition 7 16 77 0.11390616929264352 0.28501055594651653
transition 7 16 57 0.7548227275361512 0.3976073187895848
transition 7 17 37 -0.792925467267467 0.17266744096012387
transition 7 17 98 0.9395405726201744 0.15853658536585366
transition 7 17 72 0.5661819523996603 0.19337979094076654
transition 7 17 88 0.23254214691915132 0.13801780874951608
transition 7 17 57 -0.8699395965693553 0.33739837398373984
transition 7 18 58 -0.24470788272360933 0.11823719097097814
transition 7 18 60 0.3289297526643984 0.07918308849874597
transition 7 18 6 0.0015730794195369935 0.2887853815836618
transition 7 18 97 0.5132046819915033 0.12647796488713722
transition 7 18 57 -0.5134236042385081 0.3873163740594769
transition 7 19 53 -0.391854479298815 0.1926558055340057
transition 7 19 87 0.8884632581355096 0.2503232479958624
transition 7 19 52 -0.10927102163071334 0.14274631497284718
transition 7 19 57 -0.538776495615316 0.4142746314972847
transition 7 20 13 -0.8509525814711503 0.5103092783505154
transition 7 20 57 -0.17893217447634258 0.4896907216494845
transition 7 21 47 0.6816019505225603 0.03543543543543543
transition 7 21 21 0.04840454392901572 0.5735735735735735
transition 7 21 57 0.09828081369375563 0.390990990990991
transition 7 22 57 0.5074572755968578 1.0
transition 7 23 98 -0.38320726437240005 0.2037193575655114
transition 7 23 8 0.3086803173016679 0.12087912087912088
transition 7 23 16 -0.7292951287218008 0.23837700760777683
transition 7 23 57 -0.029921370532648428 0.4370245139475909
transition 7 24 91 -0.2623031850043349 0.1827050997782705
transition 7 24 12 0.14037348856420784 0.33348115299334813
transition 7 24 10 0.9342403674394646 0.19911308203991132
transition 7 24 57 0.2509249799337039 0.2847006651884701
transition 8 0 95 0.43441627295316665 0.3286924939467312
transition 8 0 50 0.8115159199986022 0.036924939467312345
transition 8 0 53 -0.4455909319630864 0.3008474576271186
transition 8 0 70 0.4784659903211108 0.14648910411622276
transition 8 0 15 -0.5987505852846466 0.18704600484261502
transition 8 1 44 -0.8655999143010606 0.23723821989528796
transition 8 1 68 -0.38488896091351954 0.2588350785340314
transition 8 1 11 -0.5617885327720593 0.1799738219895288
transition 8 1 15 -0.3163627767463306 0.3239528795811518
transition 8 2 93 0.15290252436107576 0.5534351145038168
transition 8 2 88 -0.741170735157594 0.10305343511450382
transition 8 2 15 -0.23630058744450255 0.3435114503816794
transition 8 3 80 0.4845981245287556 0.5378346915017462
transition 8 3 83 0.47279647366448985 0.052968568102444706
transition 8 3 15 -0.2821109691611554 0.40919674039580906
transition 8 4 23 0.2564519735156874 0.2684187850064627
transition 8 4 39 0.08816720415065338 0.2641102972856527
transition 8 4 57 -0.8220573428358737 0.25075398535114174
transition 8 4 15 -0.8511932006685843 0.21671693235674278
transition 8 5 15 0.06920118498162364 1.0
transition 8 6 20 -0.1990948693085417 0.7629310344827587
transition 8 6 15 -0.9357909690696509 0.23706896551724138
transition 8 7 15 0.694319822872417 1.0
transition 8 8 38 0.5258369882435652 0.3276566757493188
transition 8 8 86 0.9938664800967147 0.45708446866485014
transition 8 8 15 0.7395810985990063 0.21525885558583105
transition 8 9 50 0.15966024098063225 0.2520808561236623
transition 8 9 73 -0.9360302414098223 0.5434007134363853
transition 8 9 15 0.2162383976444564 0.20451843043995244
transition 8 10 79 0.4454507103021972 0.65625
transition 8 10 15 0.9951197439340238 0.34375
transition 8 11 59 0.9581204919701443 0.14187866927592954
transition 8 11 60 0.875866518882505 0.4432485322896282
transition 8 11 15 -0.22086609239714972 0.41487279843444225
transition 8 12 33 -0.46600692966575075 0.14907532701849346
transition 8 12 75 0.32917361250389465 0.2000451059990979
transition 8 12 93 0.46738375831705414 0.08434821831303563
transition 8 12 95 0.5556196235172028 0.1930536761389265
transition 8 12 15 0.040293373820497136 0.37347767253044656
transition 8 13 15 -0.9616890577152963 1.0
transition 8 14 93 -0.0685021663998695 0.519453207150368
transition 8 14 15 -0.27575968976064913 0.480546792849632
transition 8 15 27 0.5852478884265984 0.6146272855133614
transition 8 15 15 0.12090716273285884 0.3853727144866385
transition 8 16 29 -0.07574714082648537 0.0976116303219107
transition 8 16 76 -0.7312566735349548 0.3291796469366563
transition 8 16 35 -0.15625244407491756 0.112668743509865
transition 8 16 91 -0.9182840209377827 0.07372793354101766
transition 8 16 15 0.34055135163126393 0.3868120456905504
transition 8 17 72 -0.7493236258826088 0.1012216404886562
transition 8 17 4 0.29358244541917 0.4572425828970332
transition 8 17 74 0.19322353920598356 0.04013961605584642
transition 8 17 15 0.07924092142321082 0.4013961605584642
transition 8 18 20 -0.63022738206582 0.686046511627907
transition 8 18 15 -0.14628862353239547 0.313953488372093
transition 8 19 88 0.6100359396687793 0.8222222222222222
transition 8 19 15 0.6021305712257099 0.17777777777777778
transition 8 20 40 -0.7160280113833255 0.1956341530809616
transition 8 20 85 0.5443701994387258 0.2379110251450677
transition 8 20 18 -0.913741673976173 0.1038961038961039
transition 8 20 15 0.06673257832495572 0.4625587178778668
transition 8 21 90 -0.9752200234095929 0.3948100092678406
transition 8 21 72 0.381999456128447 0.12418906394810009
transition 8 21 15 -0.3884129756673427 0.4810009267840593
transition 8 22 15 -0.8811826888679333 1.0
transition 8 23 15 -0.2505671308463153 1.0
transition 8 24 74 0.8679025186532021 0.17637856863511928
transition 8 24 35 0.43974604864688205 0.19045756746186937
transition 8 24 73 -0.7500063788086424 0.3464998044583496
transition 8 24 15 0.8001094029189213 0.2866640594446617
transition 9 0 84 0.7344029618745684 0.2823107049608355
transition 9 0 5 -0.17048538786214906 0.020561357702349868
transition 9 0 60 -0.1868783980940214 0.14360313315926893
transition 9 0 42 0.21415407459590186 0.2424934725848564
transition 9 0 32 -0.18719468056360622 0.3110313315926893
transition 9 1 16 -0.28595719809662845 0.2591786782703291
transition 9 1 76 0.40888778629914735 0.13734022300788687
transition 9 1 74 0.26920219954028934 0.09545825401142236
transition 9 1 71 -0.38553926253737947 0.14250747892303509
transition 9 1 32 0.35363519375136176 0.36551536578732663
transition 9 2 41 0.45206086170224613 0.49673202614379086
transition 9 2 39 -0.300000603949963 0.12287581699346405
transition 9 2 32 -0.6406983969880433 0.3803921568627451
transition 9 3 97 0.7891010976337485 0.09686064318529862
transition 9 3 57 0.053395383732667945 0.28177641653905056
transition 9 3 26 0.9916102740159538 0.1833843797856049
transition 9 3 36 0.61216430254012 0.1826186830015314
transition 9 3 32 0.8959485747089249 0.2553598774885146
transition 9 4 32 -0.07461459583554197 1.0
transition 9 5 34 -0.6183958658752706 0.7758899676375405
transition 9 5 32 0.4653062827803658 0.22411003236245955
transition 9 6 41 0.6078436527964104 0.024163568773234202
transition 9 6 4 0.16108977541465452 0.6468401486988847
transition 9 6 32 0.17771320882915087 0.32899628252788105
transition 9 7 7 -0.9283825411980304 0.3264751552795031
transition 9 7 65 0.7564955511984308 0.36335403726708076
transition 9 7 75 -0.7630063025507912 0.13198757763975155
transition 9 7 32 0.8477361835111241 0.1781832298136646
transition 9 8 94 -0.7348489548122878 0.17802197802197803
transition 9 8 43 -0.5934313829768525 0.46007326007326005
transition 9 8 32 -0.4187781581848733 0.3619047619047619
transition 9 9 45 -0.13019382119821543 0.023076923076923078
transition 9 9 3 0.8270999561034746 0.48102564102564105
transition 9 9 32 -0.548098251594628 0.4958974358974359
transition 9 10 76 -0.4244559451783869 0.35707762557077627
transition 9 10 16 0.0549972971335162 0.17442922374429223
transition 9 10 32 0.22189708105746697 0.4684931506849315
transition 9 11 32 0.546498424006842 1.0
transition 9 12 43 -0.9368650809910177 0.5693311582381729
transition 9 12 32 0.38476996752964543 0.43066884176182707
transition 9 13 22 -0.4008631131155733 0.023307436182019976
transition 9 13 2 -0.16201199161617863 0.25157232704402516
transition 9 13 58 0.07680269347303881 0.32482426933037367
transition 9 13 7 0.9959694081992843 0.18756936736958935
transition 9 13 32 -0.06280646115040622 0.21272660007399186
transition 9 14 32 0.9165211016295773 1.0
transition 9 15 79 0.3169447618147576 0.1615497076023392
transition 9 15 46 -0.7839915727909801 0.06286549707602339
transition 9 15 98 -0.067698000625253 0.2916666666666667
transition 9 15 32 0.15596167058003907 0.48391812865497075
transition 9 16 31 -0.10410594480456226 0.47736873868436935
transition 9 16 76 0.5060981335378327 0.19855159927579963
transition 9 16 32 -0.05582890204668356 0.324079662039831
transition 9 17 32 0.7596763150873465 1.0
transition 9 18 60 0.5498935396740241 0.4563824544110399
transition 9 18 25 0.8243837294059151 0.1882700837851158
transition 9 18 58 -0.8842890443858928 0.030064070970921637
transition 9 18 32 0.6745610634144306 0.3252833908329226
transition 9 19 33 -0.2031666594962176 0.22058047493403693
transition 9 19 57 -0.7963581480414044 0.17097625329815302
transition 9 19 1 -0.9366214637199761 0.41635883905013193
transition 9 19 32 -0.48736299850426446 0.1920844327176781
transition 9 20 3 -0.20897396425050463 0.2773627801234167
transition 9 20 24 -0.691137848300998 0.26144852224748294
transition 9 20 31 -0.023041352238187818 0.02273465410847678
transition 9 20 32 0.5231109779975263 0.43845404352062356
transition 9 21 59 -0.8605763006433345 0.6707021791767555
transition 9 21 32 -0.7420366770750126 0.32929782082324455
transition 9 22 53 -0.08042746799561584 0.14936847885777046
transition 9 22 37 0.7274435936161383 0.2185612300933553
transition 9 22 44 -0.5449693374422722 0.054365733113673806
transition 9 22 55 -0.626325581654628 0.2663371773750686
transition 9 22 32 -0.42652190973804527 0.3113673805601318
transition 9 23 32 0.495267222993514 1.0
transition 9 24 32 -0.8795894792089178 1.0
transition 11 0 66 -0.7824813993721591 0.6844396082698585
transition 11 0 21 0.1266322868800822 0.31556039173014144
transition 11 1 57 -0.14303950770609508 0.061490683229813665
transition 11 1 84 0.19401428731565384 0.5962732919254659
transition 11 1 78 -0.5630566064462275 0.10186335403726708
transition 11 1 21 -0.47902788826687126 0.24037267080745342
transition 11 2 78 -0.4192322128159831 0.16085372201978138
transition 11 2 61 0.07882668740102039 0.3623112961998959
transition 11 2 31 0.4171893276548979 0.15096304008328995
transition 11 2 21 0.912269760117246 0.3258719416970328
transition 11 3 94 0.532715277937345 0.5924170616113744
transition 11 3 21 0.8372743952398511 0.4075829383886256
transition 11 4 95 -0.8626935019626816 0.24324324324324326
transition 11 4 76 -0.6128532711411214 0.20033435497353022
transition 11 4 34 -0.3701963154995638 0.2340484814711619
transition 11 4 21 -0.35875480450404407 0.32237392031206463
transition 11 5 94 -0.8013177394236188 0.5122470713525027
transition 11 5 21 0.04174270266942415 0.48775292864749736
transition 11 6 11 0.8877670283846879 0.33040201005025127
transition 11 6 45 0.9603183156198041 0.22613065326633167
transition 11 6 21 -0.4786480734555485 0.4434673366834171
transition 11 7 2 -0.23021753096138586 0.09449838187702266
transition 11 7 46 -0.3664888705676357 0.3067961165048544
transition 11 7 54 -0.034609718853037874 0.06601941747572816
transition 11 7 96 0.7372309475586136 0.10032362459546926
transition 11 7 21 0.040017764694490365 0.4323624595469256
transition 11 8 96 -0.32446744822248985 0.5735735735735735
transition 11 8 21 0.8670399967420748 0.4264264264264264
transition 11 9 59 0.40660375665475157 0.4594192107222636
transition 11 9 76 -0.12498803957902793 0.3484735666418466
transition 11 9 21 -0.6847977074496341 0.1921072226358898
transition 11 10 56 -0.7409405186359432 0.22178988326848248
transition 11 10 59 0.5746684284546602 0.0943579766536965
transition 11 10 29 0.9336361240957771 0.37013618677042803
transition 11 10 21 0.7962183564317862 0.313715953307393
transition 11 11 21 0.3521387195653618 1.0
transition 11 12 89 0.6196334156818106 0.2232196289646918
transition 11 12 64 0.07755112809057207 0.17863554757630162
transition 11 12 35 0.6616210129086859 0.1687612208258528
transition 11 12 21 0.22091677471120308 0.4293836026331538
transition 11 13 91 0.7380639166988312 0.0306558013193636
transition 11 13 11 -0.5638046035020072 0.2467986030267753
transition 11 13 5 0.6549445139660206 0.13698098564221964
transition 11 13 74 -0.4035922608228808 0.19053162592161427
transition 11 13 21 -0.15924130977467477 0.3950329840900272
transition 11 14 21 0.14087907701317803 1.0
transition 11 15 89 0.10579775206056308 0.07267037552155772
transition 11 15 64 0.6746327263884997 0.26495132127955495
transition 11 15 74 -0.7142297796171688 0.22739916550764952
transition 11 15 21 -0.5311803150913843 0.4349791376912378
transition 11 16 53 0.26980858948239894 0.2330848623853211
transition 11 16 87 0.3116270641329 0.1823394495412844
transition 11 16 25 0.787804352369097 0.19495412844036697
transition 11 16 21 0.09582528069850271 0.3896215596330275
transition 11 17 90 -0.26959515022664693 0.5043263288009888
transition 11 17 21 0.5458927637593269 0.4956736711990111
transition 11 18 21 -0.5875541830434274 1.0
transition 11 19 21 -0.5580678544883921 1.0
transition 11 20 21 0.9001900576509514 1.0
transition 11 21 78 0.7957145046410994 0.2816813048933501
transition 11 21 86 0.32097023401145974 0.312107904642409
transition 11 21 66 0.3868865515698807 0.11637390213299875
transition 11 21 16 0.24901651487714704 0.1028858218318695
transition 11 21 21 0.3910653985556052 0.18695106649937265
transition 11 22 4 -0.22481925376387224 0.5777400169923534
transition 11 22 21 0.5180221767839801 0.42225998300764656
transition 11 23 83 -0.42439908721171316 0.7148659626320065
transition 11 23 21 -0.7954542205336597 0.2851340373679935
transition 11 24 91 -0.5770629664480222 0.1936824605153782
transition 11 24 84 0.060761112432000886 0.2310889443059019
transition 11 24 26 0.4152226138113819 0.3345802161263508
transition 11 24 21 -0.7264464142467526 0.24064837905236908
transition 12 0 52 0.2942870665654487 0.06344086021505377
transition 12 0 97 0.029343693156457018 0.47096774193548385
transition 12 0 60 -0.5979701446248302 0.46559139784946235
transition 12 1 68 0.3049476660367496 0.2783094098883573
transition 12 1 72 -0.08809565332400382 0.20095693779904306
transition 12 1 70 -0.034530159430076424 0.1463317384370016
transition 12 1 8 -0.9119001677131957 0.12240829346092504
transition 12 1 60 -0.3312425528795879 0.25199362041467305
transition 12 2 84 -0.7832968534218994 0.17713511070944418
transition 12 2 18 0.10776330955001723 0.35381834613646634
transition 12 2 83 0.7675270362706634 0.2842295526434704
transition 12 2 60 -0.3397778747961453 0.18481699051061906
transition 12 3 17 -0.08497690875911612 0.248375812093953
transition 12 3 20 0.6454147071166236 0.36731634182908546
transition 12 3 14 0.5456264491221783 0.063968015992004
transition 12 3 60 0.018485524332982894 0.32033983008495753
transition 12 4 52 0.17297982712976423 0.57166392092257
transition 12 4 54 0.35858451796715585 0.029654036243822075
transition 12 4 98 0.7610230014392165 0.008237232289950576
transition 12 4 60 -0.029928840845496074 0.3904448105436573
transition 12 5 35 0.6383114304322905 0.14951677089255258
transition 12 5 20 -0.9137323408735774 0.08783399658897101
transition 12 5 54 -0.2842524867995042 0.15605457646389995
transition 12 5 97 -0.20976603247907977 0.1372939169982945
transition 12 5 60 0.7084075319289418 0.469300739056282
transition 12 6 47 0.5363756970555213 0.2837958818263205
transition 12 6 40 0.4584306341949931 0.02864816472694718
transition 12 6 1 -0.00753930173582118 0.21307072515666964
transition 12 6 60 -0.09954398544199239 0.4744852282900627
transition 12 7 31 -0.9198905673090028 0.6115107913669064
transition 12 7 60 -0.719369360870741 0.38848920863309355
transition 12 8 53 -0.22519563193728231 0.2743668457405986
transition 12 8 77 0.07704137489585117 0.37221795855717577
transition 12 8 29 0.058712476718773 0.0997697620874904
transition 12 8 60 0.9814180044025793 0.25364543361473524
transition 12 9 41 0.7852216547728512 0.12468434343434344
transition 12 9 95 -0.09950841096448793 0.25315656565656564
transition 12 9 57 0.40946359909720353 0.1351010101010101
transition 12 9 60 0.03254376316972207 0.48705808080808083
transition 12 10 83 -0.07487376575751181 0.15208194166109998
transition 12 10 20 0.7559489449843566 0.18147405922957024
transition 12 10 36 -0.5663957220770395 0.2019594745045647
transition 12 10 60 0.06497093181252356 0.4644845246047651
transition 12 11 76 -0.037902091847076935 0.18320209973753282
transition 12 11 78 0.7777864631138915 0.5249343832020997
transition 12 11 60 0.4319980729243713 0.29186351706036745
transition 12 12 72 0.13455290998041214 0.10011709601873536
transition 12 12 94 0.7072948719076346 0.13056206088992975
transition 12 12 6 -0.8518383016267974 0.32435597189695553
transition 12 12 60 0.297542166707206 0.4449648711943794
transition 12 13 61 -0.8022638159357742 0.23866446826051113
transition 12 13 25 0.02356815143690083 0.314921681780709
transition 12 13 60 0.7073844920556227 0.44641384995877986
transition 12 14 60 0.5940038870447413 1.0
transition 12 15 60 -0.8533631648128435 1.0
transition 12 16 93 -0.9931892253252637 0.12810707456978968
transition 12 16 64 0.6054740906010319 0.08795411089866156
transition 12 16 92 0.6174126463840539 0.3049713193116635
transition 12 16 60 0.9233763039873317 0.4789674952198853
transition 12 17 36 0.12630931659475841 0.7843691148775894
transition 12 17 60 0.3838017313795634 0.21563088512241055
transition 12 18 21 0.5225732848734497 0.28181041844577287
transition 12 18 1 0.4618998271518959 0.3151152860802733
transition 12 18 34 -0.05693516370171747 0.05038428693424424
transition 12 18 60 -0.34513846547130433 0.35269000853970967
transition 12 19 55 -0.1141169818144041 0.16845151953690304
transition 12 19 80 0.048173709194122116 0.2451519536903039
transition 12 19 96 0.6314139888055532 0.21331403762662807
transition 12 19 60 -0.8718937111320455 0.373082489146165
transition 12 20 18 0.6962992366923646 0.232713981114834
transition 12 20 80 0.964198234538044 0.08559244593359731
transition 12 20 28 0.18529305320054412 0.19220225403594274
transition 12 20 60 -0.016800230880607225 0.489491318915626
transition 12 21 49 -0.8480673434991062 0.3457814661134163
transition 12 21 59 0.38572946133820696 0.33229598893499307
transition 12 21 63 0.09962998332847528 0.12828492392807744
transition 12 21 85 -0.6818973632853484 0.012793914246196404
transition 12 21 60 0.07037344206672791 0.18084370677731673
transition 12 22 90 0.5429927729650732 0.40320962888665995
transition 12 22 71 0.6142444519291266 0.3370110330992979
transition 12 22 60 -0.5890168287643127 0.2597793380140421
transition 12 23 98 0.101083383169567 0.01358695652173913
transition 12 23 56 -0.5255069726863666 0.22327898550724637
transition 12 23 94 0.667843591308511 0.2246376811594203
transition 12 23 10 0.9996337365673778 0.06068840579710145
transition 12 23 60 0.18973054240777687 0.47780797101449274
transition 12 24 37 -0.3335370025667592 0.18100890207715134
transition 12 24 5 0.8451000150420718 0.5548961424332344
transition 12 24 60 -0.6903410486105543 0.26409495548961426
transition 13 0 71 -0.26256243284018677 0.15658816040738383
transition 13 0 94 0.6410646125976611 0.4054742202418842
transition 13 0 39 0.8388620053719804 0.437937619350732
transition 13 1 89 -0.7318701955238736 0.21265704979060027
transition 13 1 75 -0.24165113087007217 0.2003257328990228
transition 13 1 76 0.7387621589334166 0.149139134481154
transition 13 1 54 0.9310292289244126 0.05351326198231736
transition 13 1 39 0.935330111285658 0.38436482084690554
transition 13 2 16 -0.16659239904703793 0.041022908897176344
transition 13 2 75 0.8868814751147747 0.21949920085242408
transition 13 2 89 -0.10010779120094071 0.5189131592967501
transition 13 2 39 -0.8378662410653901 0.22056473095364945
transition 13 3 39 -0.009032920486177876 1.0
transition 13 4 39 -0.7336133774256735 1.0
transition 13 5 5 -0.9086777537982811 0.11985688729874776
transition 13 5 13 -0.7211065469867959 0.18655762841809354
transition 13 5 61 0.5796161602565455 0.11551239458216202
transition 13 5 0 -0.8719348587503286 0.10247891643240481
transition 13 5 39 0.9263613936683897 0.4755941732685919
transition 13 6 22 0.4610892728880731 0.01570964247020585
transition 13 6 85 0.1751060539227185 0.24214517876489708
transition 13 6 31 -0.41782694898648964 0.5384615384615384
transition 13 6 39 -0.16147834213955115 0.20368364030335862
transition 13 7 90 -0.642351512521004 0.2947686116700201
transition 13 7 36 -0.001626862949428487 0.15325285043594902
transition 13 7 99 0.48240228713993205 0.1529175050301811
transition 13 7 39 -0.41677741574919724 0.39906103286384975
transition 13 8 14 -0.8141179206083591 0.09347326992456544
transition 13 8 90 0.1540624580260035 0.23089537553296163
transition 13 8 65 0.7629645118605326 0.02361429977041653
transition 13 8 57 -0.5525838129204967 0.2882912430305018
transition 13 8 39 -0.1371373673346281 0.3637258117415546
transition 13 9 86 0.2503761568569438 0.2125
transition 13 9 35 0.2245514411667513 0.53125
transition 13 9 39 0.08447037202708563 0.25625
transition 13 10 57 0.3462593739835156 0.6416938110749185
transition 13 10 39 0.41503654531508194 0.3583061889250814
transition 13 11 54 -0.41185504648874494 0.6784313725490196
transition 13 11 39 0.8965627443517512 0.3215686274509804
transition 13 12 39 -0.6146566015082653 1.0
transition 13 13 4 0.3344689372547347 0.18160054719562244
transition 13 13 91 0.6865432406920957 0.18433652530779754
transition 13 13 53 0.23969688598875893 0.1381668946648427
transition 13 13 39 -0.7575410149368031 0.49589603283173733
transition 13 14 50 0.3301456043862583 0.009234828496042216
transition 13 14 44 -0.8020802033829526 0.33509234828496043
transition 13 14 61 0.12981133118654298 0.31266490765171506
transition 13 14 34 -0.4411409694730526 0.15699208443271767
transition 13 14 39 0.17456732735936908 0.18601583113456466
transition 13 15 56 -0.09276160172327508 0.7190812720848057
transition 13 15 39 0.5715858468867265 0.28091872791519434
transition 13 16 12 -0.8897284521480133 0.10195893320745811
transition 13 16 80 0.4780350007656986 0.16025489733301865
transition 13 16 25 -0.3902644792396903 0.20675005900401228
transition 13 16 27 -0.9551833623714274 0.08378569742742506
transition 13 16 39 0.6802848380362585 0.44725041302808594
transition 13 17 9 0.6001300276313088 0.07687991021324354
transition 13 17 37 -0.49034659207874953 0.5123456790123457
transition 13 17 6 0.294478861452276 0.1717171717171717
transition 13 17 39 -0.9354417924886633 0.23905723905723905
transition 13 18 30 0.9084178100092672 0.1951219512195122
transition 13 18 59 0.6113325533451177 0.1573170731707317
transition 13 18 7 -0.7687170485496329 0.27195121951219514
transition 13 18 99 -0.3033020710143768 0.20213414634146343
transition 13 18 39 0.8277102370211429 0.17347560975609755
transition 13 19 52 -0.722202940517086 0.324959914484233
transition 13 19 1 -0.28647326749763313 0.13201496525921966
transition 13 19 29 0.7585142846383628 0.12399786210582577
transition 13 19 39 0.5127074729350998 0.41902725815072156
transition 13 20 67 -0.9283354297457489 0.3892744479495268
transition 13 20 41 -0.21778444628812665 0.1861198738170347
transition 13 20 39 -0.9873293956062439 0.4246056782334385
transition 13 21 1 -0.256221809370051 0.1882745471877979
transition 13 21 57 0.8419250810303665 0.20448045757864633
transition 13 21 7 -0.933783988696516 0.08412774070543375
transition 13 21 27 -0.20284227381015074 0.048141086749285036
transition 13 21 39 -0.8944829152108094 0.474976167778837
transition 13 22 28 -0.23271122506926223 0.3480453972257251
transition 13 22 46 0.6565059686328962 0.2717528373266078
transition 13 22 39 0.13298103690715402 0.3802017654476671
transition 13 23 39 -0.763302719219143 1.0
transition 13 24 39 -0.5731383465758868 1.0
transition 14 0 20 -0.5871567023888631 0.7347310847766636
transition 14 0 56 0.661977128738285 0.2652689152233364
transition 14 1 22 -0.11666673587947662 0.22093862815884477
transition 14 1 64 -0.9649563992290493 0.08303249097472924
transition 14 1 10 -0.07153705118362641 0.49314079422382673
transition 14 1 56 -0.12522934349482284 0.20288808664259927
transition 14 2 0 -0.9576511327283588 0.04576561163387511
transition 14 2 49 -0.3262378617787596 0.21086398631308811
transition 14 2 61 0.276687101366482 0.24935842600513258
transition 14 2 56 -0.7864764290603221 0.4940119760479042
transition 14 3 56 -0.25464793999292956 1.0
transition 14 4 90 0.7147243165033215 0.5040091638029782
transition 14 4 56 0.5328010230974303 0.4959908361970218
transition 14 5 7 -0.6812753419692203 0.737093690248566
transition 14 5 56 -0.004434593431337452 0.26290630975143403
transition 14 6 36 -0.6589979260005305 0.1570634688505411
transition 14 6 91 -0.6142024462298774 0.09330213512723018
transition 14 6 29 0.01703840329196482 0.285756069026031
transition 14 6 26 -0.9906010234931748 0.08862240421175782
transition 14 6 56 -0.27018365153693713 0.3752559227844399
transition 14 7 56 -0.33665723787415214 1.0
transition 14 8 79 -0.9005180370515753 0.5659192825112107
transition 14 8 56 0.8064283517504687 0.43408071748878924
transition 14 9 54 0.8179130206462297 0.397834274952919
transition 14 9 41 -0.25142135561010637 0.08804143126177025
transition 14 9 45 -0.1487988458609446 0.029661016949152543
transition 14 9 56 0.8064977722266538 0.4844632768361582
transition 14 10 74 0.9908832549826878 0.49362174154187466
transition 14 10 20 0.6534397272528178 0.004991680532445923
transition 14 10 94 0.7641040315389642 0.09151414309484193
transition 14 10 25 0.6380658795498582 0.07875762617859124
transition 14 10 56 -0.33698495159403397 0.33111480865224624
transition 14 11 59 0.9396230875990832 0.3391787852865697
transition 14 11 53 0.35886086668157513 0.003421727972626176
transition 14 11 17 -0.9972177758883205 0.21343028229255775
transition 14 11 36 -0.7045900037769748 0.01283147989734816
transition 14 11 56 0.38083220869001533 0.4311377245508982
transition 14 12 88 -0.60757864523283 0.6214470284237726
transition 14 12 75 -0.36103668597582184 0.005813953488372093
transition 14 12 56 -0.8227350417567247 0.3727390180878553
transition 14 13 1 -0.9793199423572823 0.37573033707865167
transition 14 13 4 0.32535421107766993 0.33348314606741575
transition 14 13 87 -0.9415017072490255 0.1047191011235955
transition 14 13 56 -0.9472500476039767 0.18606741573033708
transition 14 14 41 -0.7257966781137581 0.5043177892918825
transition 14 14 56 0.6864855302382449 0.49568221070811747
transition 14 15 17 0.20662900611454016 0.05067064083457526
transition 14 15 42 -0.8052808850342057 0.31693989071038253
transition 14 15 74 0.6954465303888633 0.3740685543964232
transition 14 15 56 -0.08988529911511978 0.25832091405861896
transition 14 16 90 -0.18496681530474324 0.019949066213921902
transition 14 16 2 -0.7910743019021427 0.01867572156196944
transition 14 16 25 -0.6650340845556197 0.3128183361629881
transition 14 16 62 -0.7262874722704138 0.36120543293718166
transition 14 16 56 0.14826888473472177 0.2873514431239389
transition 14 17 95 0.20068031440483058 0.5498802873104549
transition 14 17 56 0.612398615530841 0.4501197126895451
transition 14 18 72 -0.027818227270105966 0.1664504971897968
transition 14 18 41 0.4429567158374883 0.07263294422827497
transition 14 18 33 0.7481610049527583 0.29701686121919585
transition 14 18 56 -0.6658867975906531 0.4638996973627324
transition 14 19 35 -0.8447918920505069 0.15338882282996433
transition 14 19 31 0.4112608915513474 0.3971462544589774
transition 14 19 56 0.6656605523331676 0.44946492271105826
transition 14 20 3 0.026201227736424526 0.09936452917388792
transition 14 20 75 -0.1414823844005646 0.23801270941652225
transition 14 20 91 -0.04999197789498466 0.2463893703061814
transition 14 20 12 0.05808217297278806 0.07423454650491046
transition 14 20 56 -0.4281778812944619 0.341998844598498
transition 14 21 22 -0.7832618617285527 0.23624338624338626
transition 14 21 38 0.6756866414121847 0.14047619047619048
transition 14 21 67 0.9520458979529074 0.15793650793650793
transition 14 21 5 0.09418738602773047 0.2261904761904762
transition 14 21 56 -0.07232858040677392 0.23915343915343915
transition 14 22 88 0.7576500844830982 0.7589641434262948
transition 14 22 56 -0.8211148811084206 0.2410358565737052
transition 14 23 67 0.07105581136526551 0.5351787773933102
transition 14 23 56 -0.4176359019781901 0.46482122260668973
transition 14 24 75 0.3331893163920836 0.0907258064516129
transition 14 24 66 0.9127854709267467 0.4415322580645161
transition 14 24 56 0.71865187410346 0.46774193548387094
transition 15 0 7 0.47441207293811183 0.7291242362525459
transition 15 0 28 0.4602529946501941 0.2708757637474542
transition 15 1 28 0.12727626750478804 1.0
transition 15 2 65 -0.3048338285910299 0.41089108910891087
transition 15 2 37 -0.774412903855785 0.3333333333333333
transition 15 2 28 0.12977336401918693 0.25577557755775576
transition 15 3 97 -0.7125219745983695 0.4284597341673182
transition 15 3 54 0.1337419480738895 0.07584050039093042
transition 15 3 28 -0.7924527366387 0.49569976544175137
transition 15 4 9 0.6441872861130695 0.5163147792706334
transition 15 4 28 0.05003231588423129 0.4836852207293666
transition 15 5 60 -0.016114403782009123 0.3420933393747168
transition 15 5 93 0.3213011884358663 0.19030357951971003
transition 15 5 87 0.9963032143933186 0.028545536927956503
transition 15 5 28 -0.8115483002036701 0.43905754417761667
transition 15 6 28 0.16503854833825682 1.0
transition 15 7 79 -0.18757781482969915 0.04296455424274973
transition 15 7 80 -0.019508173514346527 0.07518796992481203
transition 15 7 94 -0.2362030821603891 0.47422126745435017
transition 15 7 28 -0.6566640446856744 0.40762620837808805
transition 15 8 81 -0.9111682024010246 0.0651986183074266
transition 15 8 66 0.6593904679211904 0.30958549222797926
transition 15 8 49 0.6335672864731905 0.3324697754749568
transition 15 8 28 -0.9029310555474159 0.2927461139896373
transition 15 9 13 0.04586100194556986 0.2372393961179008
transition 15 9 70 0.7771254569306707 0.32854061826024444
transition 15 9 28 -0.223854645417904 0.43421998562185476
transition 15 10 24 -0.6464118688766927 0.37639877924720244
transition 15 10 83 -0.2029140007748016 0.2950152594099695
transition 15 10 28 -0.24490995924325665 0.3285859613428281
transition 15 11 32 0.5454802130806005 0.4047138047138047
transition 15 11 39 0.2042201490532165 0.42154882154882156
transition 15 11 28 -0.6174300975691105 0.17373737373737375
transition 15 12 71 -0.9539243881691812 0.2866043613707165
transition 15 12 46 0.5620573059340217 0.0017801513128615932
transition 15 12 33 -0.6941892589560836 0.3052959501557632
transition 15 12 28 -0.09241435435434209 0.40631953716065866
transition 15 13 17 0.35568388904643733 0.16192560175054704
transition 15 13 53 0.031331841707783914 0.29190371991247266
transition 15 13 85 0.553474038192056 0.053391684901531726
transition 15 13 3 -0.9583921771670596 0.2774617067833698
transition 15 13 28 -0.886039616179803 0.21531728665207878
transition 15 14 28 -0.7450931808039039 1.0
transition 15 15 17 -0.03133864225534433 0.5225505443234837
transition 15 15 28 -0.7670495840467417 0.4774494556765163
transition 15 16 28 -0.6693699175964714 1.0
transition 15 17 54 0.012940771099373638 0.25139873181648636
transition 15 17 50 0.2861992116950005 0.2525177172696755
transition 15 17 28 -0.6490410817832251 0.4960835509138381
transition 15 18 61 0.8881554199739299 0.1666229336132249
transition 15 18 97 -0.9455396327252839 0.2589871424822881
transition 15 18 81 -0.6800757228779812 0.11624245604828129
transition 15 18 28 0.5373712242203326 0.45814746785620575
transition 15 19 74 0.08953156712950916 0.19683089873731122
transition 15 19 80 -0.2930132088357722 0.19138400594206487
transition 15 19 66 0.703952132560653 0.22282743253280515
transition 15 19 28 0.25897803617946225 0.3889576627878188
transition 15 20 16 -0.7700560264100349 0.2389937106918239
transition 15 20 47 0.9463208061686279 0.22641509433962265
transition 15 20 88 0.8689997054153771 0.15894797026872498
transition 15 20 72 -0.8859594487867326 0.1538021726700972
transition 15 20 28 -0.5091385597076317 0.22184105202973128
transition 15 21 28 0.2323957847172935 1.0
transition 15 22 57 0.7766345621060589 0.04215456674473068
transition 15 22 93 0.43573923501812817 0.1049960967993755
transition 15 22 41 -0.33561964911235886 0.11436377829820453
transition 15 22 22 -0.42805799233475184 0.24551131928181108
transition 15 22 28 0.7927343187242806 0.4929742388758782
transition 15 23 67 0.595901671479953 0.06751054852320675
transition 15 23 68 -0.9650665636176794 0.17336268574573474
transition 15 23 60 0.5406569360077533 0.17721518987341772
transition 15 23 51 -0.02093763545537386 0.13447073931388737
transition 15 23 28 0.6478350834053079 0.44744083654375344
transition 15 24 44 0.6899009543442274 0.07480951281459247
transition 15 24 11 -0.6236157625299255 0.10090048487647195
transition 15 24 34 -0.3567725501547254 0.2258138997921958
transition 15 24 55 -0.17811293307348164 0.194874163010852
transition 15 24 28 -0.18403769392408176 0.4036019395058878
transition 16 0 21 0.5576321277691474 0.5032894736842105
transition 16 0 78 0.7614642964922391 0.4967105263157895
transition 16 1 94 0.5764249257602534 0.3955992509363296
transition 16 1 17 0.18185665679021845 0.02153558052434457
transition 16 1 47 -0.1396120564308474 0.3955992509363296
transition 16 1 78 -0.17863520410132971 0.18726591760299627
transition 16 2 78 -0.899055888713137 1.0
transition 16 3 4 -0.9080778507716265 0.12030075187969924
transition 16 3 52 0.40400754777667824 0.5321637426900585
transition 16 3 78 -0.6224360747732416 0.34753550543024225
transition 16 4 0 -0.41571332968235564 0.38100263852242744
transition 16 4 31 0.3005133032251772 0.23535620052770448
transition 16 4 62 0.15267082323616732 0.03218997361477573
transition 16 4 78 0.5570898722398367 0.35145118733509234
transition 16 5 44 -0.0014981327137313372 0.14516129032258066
transition 16 5 31 -0.8765109161344391 0.04880066170388751
transition 16 5 92 -0.20932411231346437 0.3217535153019024
transition 16 5 78 -0.007169310535476203 0.48428453267162946
transition 16 6 90 -0.5385082196656437 1.0
transition 16 6 78 -0.487515562012955 0.0
transition 16 7 12 -0.005289760278086142 0.17145044010715652
transition 16 7 17 -0.363573571915063 0.18025258323765786
transition 16 7 62 -0.10257805635707506 0.2200535782625335
transition 16 7 78 -0.08423384248279797 0.42824339839265213
transition 16 8 78 0.40429516861100323 1.0
transition 16 9 16 -0.6121119617649535 0.7232472324723247
transition 16 9 78 0.941619492877793 0.2767527675276753
transition 16 10 43 0.9023831102338116 0.6829268292682927
transition 16 10 78 -0.8917207010141754 0.3170731707317073
transition 16 11 81 0.18253838466135663 0.5
transition 16 11 78 -0.2627405950463655 0.5
transition 16 12 50 -0.2840359686125631 0.0799023028611305
transition 16 12 11 -0.4588989294456818 0.1503838101884159
transition 16 12 43 0.15554342676582156 0.22854152128401953
transition 16 12 47 0.736915731178023 0.1870202372644801
transition 16 12 78 -0.04759266681504548 0.3541521284019539
transition 16 13 16 -0.9625776416401528 0.5693215339233039
transition 16 13 78 -0.2556101200765897 0.4306784660766962
transition 16 14 92 0.05690309449714537 0.02588597842835131
transition 16 14 4 -0.6509383573123122 0.21879815100154082
transition 16 14 63 0.587229251092201 0.28382126348228043
transition 16 14 78 0.22748406740615512 0.4714946070878274
transition 16 15 78 -0.9260263154518942 1.0
transition 16 16 25 -0.6154511165770444 0.22322775263951736
transition 16 16 44 0.7056273785882943 0.583710407239819
transition 16 16 78 -0.16571276782633815 0.19306184012066366
transition 16 17 77 -0.8025103755215495 0.25809128630705397
transition 16 17 17 0.7162174535377528 0.4074688796680498
transition 16 17 13 -0.6118857907990576 0.12697095435684647
transition 16 17 78 0.1596684051262791 0.2074688796680498
transition 16 18 40 0.9118269086218664 0.23308270676691728
transition 16 18 79 -0.0049667795324739306 0.21410669530970283
transition 16 18 63 -0.6310761421798421 0.1861797350519155
transition 16 18 39 -0.07822432342373542 0.01217329036877909
transition 16 18 78 0.10338528859668994 0.3544575725026853
transition 16 19 33 -0.4595527328077338 0.3670505758637957
transition 16 19 19 -0.6158569845331923 0.4616925388082123
transition 16 19 78 -0.979575400111725 0.171256885327992
transition 16 20 78 -0.33260515309488414 1.0
transition 16 21 16 0.7300202649495318 0.25445173383317715
transition 16 21 29 -0.11877078315884515 0.1387066541705717
transition 16 21 0 -0.0800392953096376 0.13355201499531397
transition 16 21 58 0.8135457515631856 0.06232427366447985
transition 16 21 78 0.6184541569162316 0.41096532333645736
transition 16 22 78 0.992497132578434 1.0
transition 16 23 94 -0.7446311073763732 0.6404109589041096
transition 16 23 78 0.9076938850564853 0.3595890410958904
transition 16 24 93 -0.3326320835114074 0.6293592862935928
transition 16 24 78 0.39238426280016103 0.3706407137064071
transition 17 0 61 0.31159601399777026 0.5352112676056338
transition 17 0 6 0.15116677253245991 0.4647887323943662
transition 17 1 70 0.39831124883625546 0.6856810244470314
transition 17 1 6 0.8479499063123552 0.31431897555296856
transition 17 2 73 0.7036305663536209 0.22391991570073763
transition 17 2 39 -0.03668403148173227 0.24973656480505796
transition 17 2 67 0.6343553850499732 0.303477344573235
transition 17 2 6 -0.6649476528829918 0.22286617492096944
transition 17 3 32 0.13420274597258786 0.31314878892733566
transition 17 3 91 0.036818991958036396 0.3313148788927336
transition 17 3 6 -0.4317243904455774 0.3555363321799308
transition 17 4 6 -0.5148063152467117 1.0
transition 17 5 39 0.8040426709927042 0.1477650535648319
transition 17 5 85 -0.20577104090884513 0.13852973771702992
transition 17 5 90 -0.7476466613328916 0.12633912079793128
transition 17 5 75 -0.6641281269503592 0.33431843369043224
transition 17 5 6 0.8758817334962685 0.25304765422977465
transition 17 6 37 0.46065707326862615 0.18907708261320427
transition 17 6 85 -0.280220337253964 0.16280677497407536
transition 17 6 79 0.017764430975540924 0.10819218804009678
transition 17 6 38 -0.48356453731265536 0.2284825440718977
transition 17 6 6 0.9384688016481986 0.31144141030072586
transition 17 7 76 -0.332092925217798 0.15083682008368202
transition 17 7 84 0.6947237091357346 0.20920502092050208
transition 17 7 96 0.1769611461667553 0.1803347280334728
transition 17 7 6 -0.5506020302173236 0.4596234309623431
transition 17 8 41 -0.3776284221752544 0.30991911451681564
transition 17 8 89 -0.5738055587032544 0.0034057045551298426
transition 17 8 3 0.2422643206852224 0.0940825883354619
transition 17 8 92 -0.47028799561602086 0.29246487867177523
transition 17 8 6 0.5550314153561435 0.3001277139208174
transition 17 9 12 0.3450320227925989 0.1746788230418566
transition 17 9 1 0.4705681466257281 0.1819312059676751
transition 17 9 21 -0.9529486090213295 0.14939908827186074
transition 17 9 98 -0.5921437695828853 0.07832573559883962
transition 17 9 6 -0.7166479244337827 0.41566514711976793
transition 17 10 32 0.909064410608204 0.31739572736520855
transition 17 10 13 -0.6414943869088978 0.37538148524923703
transition 17 10 6 -0.8045736635219343 0.3072227873855544
transition 17 11 6 0.6094664765208044 1.0
transition 17 12 63 -0.7291952148821861 0.11293436293436293
transition 17 12 76 -0.793946554132716 0.4527027027027027
transition 17 12 73 -0.7525238560955645 0.09266409266409266
transition 17 12 15 0.5196128663376158 0.029922779922779922
transition 17 12 6 0.13945397533393455 0.31177606177606176
transition 17 13 6 0.841361482892728 1.0
transition 17 14 78 0.6573743418501541 0.13872340425531915
transition 17 14 23 -0.11332497500637762 0.6587234042553192
transition 17 14 6 0.5889264179922038 0.2025531914893617
transition 17 15 37 -0.1220984313306317 0.635427394438723
transition 17 15 6 -0.5065913802622688 0.364572605561277
transition 17 16 6 -0.30128710552343674 1.0
transition 17 17 76 0.35372160462041213 0.09751108080463688
transition 17 17 66 0.30332491511004167 0.31946812137742925
transition 17 17 63 0.19905124002553243 0.17217865666553017
transition 17 17 5 0.33416200578017174 0.23320831912717355
transition 17 17 6 0.6314447726653076 0.17763382202523015
transition 17 18 6 -0.617660953416233 1.0
transition 17 19 83 -0.5047665302856941 0.2145118091064037
transition 17 19 84 0.6383955088631579 0.17068419771122473
transition 17 19 69 -0.8152524034989308 0.20769418066715364
transition 17 19 44 -0.5708647873700075 0.012904796688580472
transition 17 19 6 -0.9999320740411608 0.3942050158266375
transition 17 20 69 -0.6714512777968169 0.14802809292274446
transition 17 20 84 -0.7001976065139301 0.4991896272285251
transition 17 20 10 -0.3676661471817999 0.09454349000540249
transition 17 20 6 -0.8209806257005152 0.25823878984332793
transition 17 21 6 -0.5189692642829675 1.0
transition 17 22 2 -0.5797141051395498 0.2227324913892078
transition 17 22 37 -0.8401133317702709 0.21641791044776118
transition 17 22 1 0.16251830946773893 0.22158438576349024
transition 17 22 83 0.15062384892328118 0.10677382319173363
transition 17 22 6 -0.4859622887362314 0.23249138920780713
transition 17 23 70 0.44861745985924983 0.1646090534979424
transition 17 23 0 0.4907499169820435 0.1748971193415638
transition 17 23 5 0.521215971873044 0.4890260631001372
transition 17 23 6 0.14350337915811306 0.17146776406035666
transition 17 24 62 -0.2622536969322373 0.1963453959154425
transition 17 24 47 -0.12120347278345855 0.34324614833393047
transition 17 24 6 -0.033347357272982325 0.460408455750627
transition 18 0 77 -0.2496450295723962 0.17680881648298993
transition 18 0 38 0.36237591249285783 0.4556780067081936
transition 18 0 54 0.5643689199234079 0.3675131768088165
transition 18 1 66 -0.2386613681046823 0.0768251273344652
transition 18 1 42 -0.3594149081513638 0.12478777589134125
transition 18 1 30 -0.9841314522203433 0.18102716468590832
transition 18 1 83 -0.505603479410881 0.18123938879456705
transition 18 1 54 0.849836569012405 0.4361205432937182
transition 18 2 54 -0.42083753866959395 1.0
transition 18 3 54 -0.8251934624727937 1.0
transition 18 4 45 0.7782513137987346 0.17327365728900257
transition 18 4 58 0.08545152238503717 0.16176470588235295
transition 18 4 94 -0.048875774581204956 0.06777493606138107
transition 18 4 4 0.6277574642791164 0.13618925831202047
transition 18 4 54 -0.9939638708262486 0.460997442455243
transition 18 5 78 -0.18919135149170452 0.6106666666666667
transition 18 5 54 0.9438031994568925 0.3893333333333333
transition 18 6 71 0.8388006143965823 0.7916666666666666
transition 18 6 54 0.46836645628383433 0.20833333333333334
transition 18 7 85 0.04448042383608897 0.5538098978790259
transition 18 7 47 0.17437393165846093 0.07227022780832679
transition 18 7 54 -0.3855417333595954 0.3739198743126473
transition 18 8 54 -0.7205843909206597 1.0
transition 18 9 54 0.7750063059616148 1.0
transition 18 10 20 0.8369063239481309 0.6587771203155819
transition 18 10 18 -0.8449356722350954 0.08185404339250493
transition 18 10 54 0.6017445415791354 0.2593688362919132
transition 18 11 54 0.038970717714449155 1.0
transition 18 12 68 -0.3387920233673052 0.5994623655913979
transition 18 12 54 0.30629525202275687 0.40053763440860213
transition 18 13 42 0.921744191116076 0.1315855810436098
transition 18 13 27 0.7420207482707544 0.15603730778926142
transition 18 13 31 -0.40980795901789047 0.11217544744139148
transition 18 13 0 -0.9604357923106333 0.16712881270481472
transition 18 13 54 -0.19540094901911376 0.43307285102092263
transition 18 14 28 -0.9354306794563669 0.2753319357092942
transition 18 14 38 -0.5087660984128928 0.11949685534591195
transition 18 14 42 -0.6219712537404798 0.23305380852550664
transition 18 14 56 -0.4604880273148675 0.1872816212438854
transition 18 14 54 0.44119064921968576 0.1848357791754018
transition 18 15 54 -0.8646303879859083 1.0
transition 18 16 54 -0.38843996872177966 1.0
transition 18 17 20 -0.4097152689449659 0.1179842369238118
transition 18 17 82 0.137948213626907 0.05660377358490566
transition 18 17 75 0.830148190625484 0.1409123477430141
transition 18 17 77 0.45274187797618404 0.2362073083353236
transition 18 17 54 0.10103996297785711 0.44829233341294483
transition 18 18 34 0.13437758861883609 0.8264462809917356
transition 18 18 54 0.0046060265894316554 0.17355371900826447
transition 18 19 67 -0.9609341329576362 0.15821578345406023
transition 18 19 18 0.3378867162272867 0.18204346168509342
transition 18 19 15 -0.7782670057305052 0.18280594738848646
transition 18 19 54 0.017219664533306034 0.4769348074723599
transition 18 20 96 0.6954246897617662 0.2237960339943343
transition 18 20 83 -0.173462071292533 0.26817752596789424
transition 18 20 2 0.9503929163252749 0.18508026440037773
transition 18 20 95 -0.4115628738486292 0.06610009442870633
transition 18 20 54 -0.8026385369445546 0.25684608120868746
transition 18 21 5 -0.21612027282241097 0.24608775698066893
transition 18 21 79 0.1263945394971282 0.2730899048787972
transition 18 21 54 -0.8711115044562197 0.48082233814053393
transition 18 22 88 0.9976204986816111 0.1469964664310954
transition 18 22 32 0.6087809394002597 0.2021201413427562
transition 18 22 8 -0.36540653881315066 0.4756183745583039
transition 18 22 54 0.5375389618939976 0.17526501766784452
transition 18 23 19 0.03921790900587374 0.02168337607833994
transition 18 23 70 0.3053315530120848 0.08626719515038471
transition 18 23 61 -0.4151674296913217 0.20564234087199815
transition 18 23 28 0.5059316433968692 0.22079738866868734
transition 18 23 54 0.6782291741238449 0.46560969923058987
transition 18 24 72 0.2038512738994216 0.1057116953762466
transition 18 24 79 0.5455744031948326 0.157207615593835
transition 18 24 2 0.7980702756567377 0.157207615593835
transition 18 24 7 0.8911949551040308 0.12257479601087942
transition 18 24 54 -0.4094445064067176 0.457298277425204
transition 19 0 81 0.17129116147308343 0.35946462715105165
transition 19 0 65 -0.5695425191619135 0.15487571701720843
transition 19 0 90 0.3901172186269264 0.48565965583174
transition 19 1 89 -0.7860486250680327 0.44116122343182995
transition 19 1 32 -0.513929092177809 0.08138932089165371
transition 19 1 90 -0.5048373139938431 0.4774494556765163
transition 19 2 87 0.20053030078262624 0.1504675545480306
transition 19 2 26 0.5545523109825994 0.2731652026069708
transition 19 2 15 0.8918730105683053 0.0320204023802777
transition 19 2 25 -0.6137988042360556 0.1839047888920374
transition 19 2 90 0.25062977372219697 0.3604420515726835
transition 19 3 83 -0.6463678022575998 0.19521589296574093
transition 19 3 59 0.9393173431519664 0.1654165822015001
transition 19 3 22 0.8073880276871637 0.11129130346645044
transition 19 3 97 0.03407735743247753 0.15305088181633894
transition 19 3 90 -0.25715869476268516 0.3750253395499696
transition 19 4 90 0.2322871838834275 1.0
transition 19 5 38 0.7824642277522069 0.16276754604280735
transition 19 5 54 0.1663860365759655 0.4425087108013937
transition 19 5 90 0.039791224043252305 0.3947237431557989
transition 19 6 84 0.2710429133419894 0.15262860373092144
transition 19 6 75 0.6064162221636282 0.5149802148106275
transition 19 6 90 0.8491250190972066 0.3323911814584511
transition 19 7 10 -0.6706780101455472 0.022745098039215685
transition 19 7 61 0.6483211858949796 0.18588235294117647
transition 19 7 93 0.7788885182084442 0.11294117647058824
transition 19 7 11 0.7238547410819525 0.3290196078431373
transition 19 7 90 0.34129864288582357 0.34941176470588237
transition 19 8 73 0.8907512192228257 0.2517985611510791
transition 19 8 54 0.12554298855245638 0.17985611510791366
transition 19 8 19 0.23905528410131693 0.20503597122302158
transition 19 8 90 0.003032754209523203 0.36330935251798563
transition 19 9 3 -0.13118325611025372 0.25287034444133294
transition 19 9 99 -0.993082362955432 0.13105572668720247
transition 19 9 16 0.2853816897277073 0.08821058527023243
transition 19 9 24 0.8186751367639533 0.10361243349201904
transition 19 9 90 -0.009628291612437279 0.4242509101092131
transition 19 10 90 -0.6074885077902681 1.0
transition 19 11 78 0.8795209336831775 0.1755034936292643
transition 19 11 22 0.21774736020620922 0.27003699136868065
transition 19 11 48 0.935714892364742 0.35552815454171804
transition 19 11 90 0.3160432149900321 0.19893136046033702
transition 19 12 13 -0.8597342880595658 0.45285714285714285
transition 19 12 12 0.6533479213016491 0.17
transition 19 12 90 0.002605556034990908 0.37714285714285717
transition 19 13 95 -0.2152557718117143 0.09595453025743898
transition 19 13 51 -0.9056719498646173 0.27148110999665664
transition 19 13 56 -0.17455633806998772 0.1905717151454363
transition 19 13 90 0.13047363826910363 0.44199264460046805
transition 19 14 5 -0.3308306047233005 0.14855801475519786
transition 19 14 61 -0.19297165571400532 0.2605633802816901
transition 19 14 85 -0.1231912535039621 0.15828303152246814
transition 19 14 91 -0.4216209575647949 0.03286384976525822
transition 19 14 90 0.8712538514735844 0.3997317236753856
transition 19 15 9 -0.5533259799121566 0.746268656716418
transition 19 15 90 -0.8956047342606432 0.2537313432835821
transition 19 16 58 -0.3467250834658866 0.5366242038216561
transition 19 16 21 -0.7517905716218325 0.044585987261146494
transition 19 16 90 -0.9250248036073365 0.41878980891719747
transition 19 17 32 0.08023311344442918 0.1738544474393531
transition 19 17 62 0.07510901063028186 0.32929020664869724
transition 19 17 1 0.5559105949162997 0.026954177897574125
transition 19 17 2 -0.9800595719635576 0.23674752920035938
transition 19 17 90 -0.8650948265111651 0.23315363881401618
transition 19 18 4 0.8785300327421 0.26610169491525426
transition 19 18 3 0.4992966821286915 0.38305084745762713
transition 19 18 90 -0.7335174203767434 0.35084745762711866
transition 19 19 24 0.24512737051112854 0.02680565897244974
transition 19 19 5 -0.16743505345183274 0.1526433358153388
transition 19 19 58 -0.9148382669638548 0.20215934475055844
transition 19 19 80 -0.9962497448556433 0.16232315711094564
transition 19 19 90 0.6340417460409504 0.45606850335070737
transition 19 20 90 -0.5797197076207099 1.0
transition 19 21 2 -0.10062775114629363 0.5555555555555556
transition 19 21 90 -0.41073467142023734 0.4444444444444444
transition 19 22 65 -0.7747856051121282 0.02493765586034913
transition 19 22 32 0.5472548004769886 0.21321695760598502
transition 19 22 76 0.3985243110783756 0.5673316708229427
transition 19 22 90 -0.6586398775243596 0.19451371571072318
transition 19 23 39 -0.8170213201192724 0.17303771661569828
transition 19 23 86 0.48437347147772214 0.023955147808358817
transition 19 23 19 0.1643355134821196 0.18246687054026503
transition 19 23 12 0.39815307894468477 0.2321610601427115
transition 19 23 90 -0.2981997827354861 0.38837920489296635
transition 19 24 90 0.5995060885704706 1.0
transition 20 0 27 -0.5445389348674459 0.5973864343497199
transition 20 0 49 -0.8560055030668094 0.40261356565028
transition 20 1 49 -0.4645241118465395 1.0
transition 20 2 49 -0.6191566047440402 1.0
transition 20 3 26 0.799764261878855 0.15112540192926044
transition 20 3 85 -0.523852846977765 0.19843821773082224
transition 20 3 87 -0.7579796738881919 0.056729444189251264
transition 20 3 23 0.7694295682635464 0.1157556270096463
transition 20 3 49 0.2862223334698044 0.47795130914101974
transition 20 4 17 0.4738476070503692 0.19430051813471502
transition 20 4 81 -0.3178361883510159 0.16968911917098445
transition 20 4 73 0.7953678437630964 0.22279792746113988
transition 20 4 49 0.5449221188113804 0.41321243523316065
transition 20 5 4 -0.0347245427156726 0.25327510917030566
transition 20 5 26 0.8976477601579858 0.2614628820960699
transition 20 5 49 0.8545311001090434 0.48526200873362446
transition 20 6 49 0.3143484360637294 1.0
transition 20 7 30 -0.8577605456805846 0.10701754385964912
transition 20 7 32 0.8146106464564637 0.22894736842105262
transition 20 7 39 0.7558939072694872 0.008771929824561403
transition 20 7 5 -0.6213060559193708 0.3140350877192982
transition 20 7 49 -0.9609488002751347 0.3412280701754386
transition 20 8 95 -0.7993202440725542 0.6636125654450262
transition 20 8 49 0.47035461669805856 0.33638743455497383
transition 20 9 74 -0.7987045041275564 0.3046594982078853
transition 20 9 20 0.5128075456456607 0.07228195937873358
transition 20 9 97 0.3825776193101522 0.061529271206690564
transition 20 9 62 -0.3349771201074614 0.33811230585424135
transition 20 9 49 0.5179562839332483 0.22341696535244923
transition 20 10 89 -0.6537297344270092 0.5094339622641509
transition 20 10 49 -0.6736196067164346 0.49056603773584906
transition 20 11 61 -0.3123143822238832 0.3876177658142665
transition 20 11 94 -0.7552470653852448 0.25257963212202783
transition 20 11 49 0.671927750836864 0.3598026020637057
transition 20 12 16 -0.5460749331900681 0.2669194865810969
transition 20 12 22 0.4270398724897362 0.1750291715285881
transition 20 12 41 -0.5892269527152392 0.07001166861143523
transition 20 12 49 -0.4596229001188512 0.4880396732788798
transition 20 13 37 0.8192951297015514 0.34218077474892394
transition 20 13 74 0.7566966097259464 0.11944045911047346
transition 20 13 76 -0.16346524286507003 0.22309899569583932
transition 20 13 49 0.20110864271701168 0.3152797704447633
transition 20 14 21 -0.5471431158852127 0.5550239234449761
transition 20 14 49 0.5764913150483104 0.4449760765550239
transition 20 15 49 -0.9162343201394878 1.0
transition 20 16 2 -0.3214627071706049 0.2156095014356565
transition 20 16 32 0.781575990930726 0.23362046463064473
transition 20 16 20 -0.16981955104311508 0.139389193422083
transition 20 16 49 0.3583587695255779 0.4113808405116158
transition 20 17 45 0.43300147892725227 0.18844677842860028
transition 20 17 27 -0.4480450086600001 0.17107655019188042
transition 20 17 98 -0.4870403788165478 0.19309230458493234
transition 20 17 49 0.5146531108877601 0.44738436679458693
transition 20 18 43 0.5592601654965312 0.2248435243139143
transition 20 18 8 -0.7489886533265577 0.44583533943187287
transition 20 18 49 0.3675485635093543 0.32932113625421283
transition 20 19 49 0.4840135906045766 1.0
transition 20 20 84 -0.30848215392351497 0.5864077669902913
transition 20 20 48 -0.7814987446945421 0.18155339805825244
transition 20 20 49 -0.5694497151621152 0.2320388349514563
transition 20 21 22 -0.4460726585678021 0.44756756756756755
transition 20 21 94 -0.8838735742342547 0.1308108108108108
transition 20 21 49 0.08578815900991454 0.42162162162162165
transition 20 22 67 0.4432084727643535 0.12474713418745785
transition 20 22 31 0.8430647831734666 0.33715441672285906
transition 20 22 51 0.8193265049356964 0.014160485502360081
transition 20 22 55 -0.24419873770191725 0.09103169251517194
transition 20 22 49 0.5987941194413122 0.43290627107215107
transition 20 23 18 -0.23466727954952726 0.7148936170212766
transition 20 23 49 -0.9386162608564477 0.2851063829787234
transition 20 24 68 -0.4500247144903773 0.23540609137055837
transition 20 24 9 -0.3199175839267945 0.5317258883248731
transition 20 24 49 -0.35854319236761545 0.23286802030456852
transition 21 0 8 0.38611921125791127 0.23190184049079754
transition 21 0 72 -0.6084989376923018 0.27361963190184047
transition 21 0 18 0.9887519343373237 0.49447852760736194
transition 21 1 18 0.11838539475469934 1.0
transition 21 2 7 -0.22798318834122355 0.10164835164835165
transition 21 2 13 0.6206310233300665 0.16689560439560439
transition 21 2 54 0.3655455437711512 0.22664835164835165
transition 21 2 65 -0.15301111808594925 0.021291208791208792
transition 21 2 18 -0.8703041898598303 0.4835164835164835
transition 21 3 84 -0.4224711989514578 0.0420353982300885
transition 21 3 5 0.965975789043481 0.14380530973451328
transition 21 3 4 -0.23457305869859657 0.13053097345132744
transition 21 3 59 0.1256527641716163 0.2459439528023599
transition 21 3 18 -0.9026402651619525 0.43768436578171094
transition 21 4 65 0.13001417869316234 0.5663716814159292
transition 21 4 18 -0.0829679092666038 0.4336283185840708
transition 21 5 43 0.6331195299752035 0.6268436578171092
transition 21 5 18 -0.7070566588487579 0.37315634218289084
transition 21 6 82 -0.5145986239104066 0.5807453416149069
transition 21 6 18 0.010848302389701026 0.4192546583850932
transition 21 7 39 0.35238992428440885 0.7303370786516854
transition 21 7 18 0.7380192108250243 0.2696629213483146
transition 21 8 31 -0.3536921796028174 0.2749383151216073
transition 21 8 78 -0.532348667086058 0.16531547409235106
transition 21 8 29 0.03635875049130077 0.30842439196334154
transition 21 8 91 0.2872543014201592 0.02079661614381389
transition 21 8 18 0.028591813782277153 0.23052520267888615
transition 21 9 16 -0.7021626782573502 0.19748559455212153
transition 21 9 82 0.5329238560190919 0.4326872708224201
transition 21 9 18 -0.560479518667566 0.36982713462545835
transition 21 10 18 0.06007997795544551 1.0
transition 21 11 75 -0.8765875992709504 0.07597801487229228
transition 21 11 92 0.3456863865171891 0.18461041060459102
transition 21 11 53 -0.687382977559849 0.16682832201745879
transition 21 11 73 0.5164586328547662 0.1975428386679599
transition 21 11 18 -0.010539836179626727 0.37504041383769804
transition 21 12 98 0.03301692160982328 0.17919422730006013
transition 21 12 97 -0.815982901578076 0.3433553818400481
transition 21 12 18 -0.9662811750864704 0.47745039085989177
transition 21 13 34 0.5632658719874843 0.0346309403437816
transition 21 13 44 -0.11183876000575643 0.1385237613751264
transition 21 13 81 0.948775117217834 0.11678463094034378
transition 21 13 89 0.88606200642608 0.22295247724974723
transition 21 13 18 -0.10666432558730232 0.48710819009100104
transition 21 14 18 -0.7962534183960275 1.0
transition 21 15 18 0.29313541917446906 1.0
transition 21 16 6 0.34499602162426335 0.5263500325309044
transition 21 16 20 -0.5626628568011849 0.0494469746258946
transition 21 16 28 -0.31394820782657473 0.01626545217957059
transition 21 16 18 -0.4354112647915922 0.40793754066363047
transition 21 17 64 -0.13786970172164836 0.46936936936936935
transition 21 17 32 -0.1066666643863825 0.26666666666666666
transition 21 17 18 -0.6494800022510547 0.263963963963964
transition 21 18 18 -0.8871372869375043 1.0
transition 21 19 25 -0.3287082651758053 0.8214285714285714
transition 21 19 18 -0.09206017878723172 0.17857142857142858
transition 21 20 3 -0.987201119044322 0.2949061662198391
transition 21 20 17 0.6031410026832202 0.21045576407506703
transition 21 20 18 0.13168505606099656 0.49463806970509383
transition 21 21 17 -0.41702988851005673 0.6559633027522935
transition 21 21 57 -0.04026412446808614 0.06995412844036697
transition 21 21 18 0.5105654441152998 0.27408256880733944
transition 21 22 18 0.7135719224140677 1.0
transition 21 23 57 0.7833197614055929 0.21235356762513313
transition 21 23 59 0.8886051073693764 0.004259850905218318
transition 21 23 70 0.7252318788892589 0.21043663471778487
transition 21 23 1 -0.18640520132666172 0.13631522896698617
transition 21 23 18 0.690644358218208 0.4366347177848775
transition 21 24 92 -0.6847837788062969 0.10561797752808989
transition 21 24 17 0.9583762450104938 0.298876404494382
transition 21 24 69 0.49099171537317154 0.41292134831460675
transition 21 24 18 -0.2901179530824718 0.18258426966292135
transition 23 0 88 -0.22090828488082215 0.5628342245989305
transition 23 0 13 0.13146078350576618 0.43716577540106955
transition 23 1 13 -0.494133330171751 1.0
transition 23 2 39 -0.05378210291186902 0.3464894058994599
transition 23 2 61 -0.5546532691664781 0.20398836726215205
transition 23 2 79 -0.9929639548475506 0.18820108018280016
transition 23 2 13 0.28794962102365784 0.26132114665558787
transition 23 3 20 0.8191458691586422 0.24072289156626506
transition 23 3 57 -0.23988046714358902 0.15469879518072288
transition 23 3 37 0.32409234776474727 0.15325301204819278
transition 23 3 33 -0.08580861464336209 0.007951807228915662
transition 23 3 13 -0.640267714406513 0.4433734939759036
transition 23 4 23 0.2969451083901471 0.1992772328342798
transition 23 4 55 0.0279972636629231 0.11977284460505937
transition 23 4 9 0.18556271949984526 0.4775425916365514
transition 23 4 13 -0.2696446176481555 0.20340733092410945
transition 23 5 29 0.004175676359261304 0.11857707509881422
transition 23 5 6 -0.6469369889664209 0.4308300395256917
transition 23 5 13 -0.613707693862279 0.4505928853754941
transition 23 6 50 -0.754691478068857 0.14581734458940906
transition 23 6 10 -0.7325528854139975 0.3572524942440522
transition 23 6 35 -0.602848610015865 0.026477359938603222
transition 23 6 51 -0.36421472607269756 0.22908672294704527
transition 23 6 13 -0.6347743499529841 0.24136607828089024
transition 23 7 43 -0.7195963619097776 0.1911983348201011
transition 23 7 82 0.43075832154222304 0.22925958965209633
transition 23 7 27 -0.5894635770454126 0.1641391614629795
transition 23 7 13 -0.879332275452541 0.41540291406482305
transition 23 8 13 -0.23600866514977858 1.0
transition 23 9 83 0.9463820678595498 0.13734658094681473
transition 23 9 80 -0.9546621021651953 0.11513734658094682
transition 23 9 66 -0.14274250574169378 0.146697837521917
transition 23 9 96 0.833575159622963 0.12857977790765635
transition 23 9 13 -0.8984183744959979 0.4722384570426651
transition 23 10 68 0.46484352637649273 0.04884237234379955
transition 23 10 82 -0.9577131519046338 0.14176974310180782
transition 23 10 10 -0.3641774082328475 0.2949571836346337
transition 23 10 15 0.12487507499291839 0.2055185537583254
transition 23 10 13 0.4812572924589318 0.30891214716143356
transition 23 11 68 -0.7843238727018833 0.1092184368737475
transition 23 11 50 -0.046393845329901984 0.5350701402805611
transition 23 11 13 0.06301227232284856 0.3557114228456914
transition 23 12 34 0.17526336998720238 0.8235294117647058
transition 23 12 13 0.7324343136658029 0.17647058823529413
transition 23 13 39 0.6580336785854128 0.722488038277512
transition 23 13 13 -0.9326636791684308 0.27751196172248804
transition 23 14 7 -0.1083727682947091 0.09464394400486914
transition 23 14 2 -0.777714084671423 0.2641509433962264
transition 23 14 57 -0.3364266734213728 0.19628727936701157
transition 23 14 56 0.8624065754308321 0.002434570906877663
transition 23 14 13 0.25967503996905705 0.4424832623250152
transition 23 15 90 0.09599736221878241 0.25619335347432026
transition 23 15 63 0.22305273858491814 0.2948640483383686
transition 23 15 28 -0.35502142404920534 0.11722054380664652
transition 23 15 13 0.968012851269298 0.33172205438066465
transition 23 16 56 -0.42767929810906913 0.4262125902992776
transition 23 16 94 0.9031406584476849 0.32920536635706915
transition 23 16 13 0.14851449316129717 0.24458204334365324
transition 23 17 24 0.6931896559599657 0.033507604562737645
transition 23 17 29 -0.258206298807963 0.23574144486692014
transition 23 17 26 0.9283171972885018 0.17870722433460076
transition 23 17 38 -0.4828002639820568 0.10812737642585551
transition 23 17 13 -0.3667295284272625 0.4439163498098859
transition 23 18 29 -0.8243218004316113 0.225645813881108
transition 23 18 28 -0.011761973879385046 0.0955493308434485
transition 23 18 56 0.7145561611109517 0.20199190787426083
transition 23 18 13 0.6711127728717041 0.4768129474011827
transition 23 19 28 -0.557664864976581 0.5561861520998865
transition 23 19 83 -0.20036367882038908 0.02894438138479001
transition 23 19 13 0.5558778195027445 0.41486946651532347
transition 23 20 26 0.49706859806063086 0.08530805687203792
transition 23 20 41 -0.11114773410988898 0.053712480252764615
transition 23 20 18 -0.5412926196935028 0.49447077409162715
transition 23 20 13 0.8853964281172759 0.3665086887835703
transition 23 21 61 0.01065439163575399 0.07307525010874293
transition 23 21 77 -0.21512910438530053 0.4336668116572423
transition 23 21 87 0.2454436326125924 0.2553284036537625
transition 23 21 70 -0.7574282174535323 0.050456720313179645
transition 23 21 13 0.9944323888436732 0.18747281426707263
transition 23 22 46 0.8597965708798012 0.16790336496980154
transition 23 22 38 0.5919720647109845 0.044693701466781706
transition 23 22 9 -0.9355111273359613 0.13994823123382227
transition 23 22 49 -0.9210165895442575 0.15185504745470232
transition 23 22 13 -0.1553926958574816 0.49559965487489216
transition 23 23 29 -0.48603511812822586 0.2769556025369979
transition 23 23 20 -0.632084214756472 0.20577871740662437
transition 23 23 42 0.09985409873055007 0.05567300916138125
transition 23 23 13 -0.26333623294004505 0.4615926708949965
transition 23 24 29 -0.29483665937905346 0.5292425695110259
transition 23 24 92 -0.1639844629651308 0.032598274209012464
transition 23 24 13 0.5537133490796715 0.43815915627996166
transition 24 0 31 -0.6903764176116942 0.18919772583701833
transition 24 0 61 0.10578584896322796 0.08528111181301326
transition 24 0 77 -0.81327877578834 0.302905874921036
transition 24 0 2 0.6826450373659216 0.4226152874289324
transition 24 1 58 0.04118452160125097 0.13617810760667903
transition 24 1 98 0.8378766500855497 0.03562152133580705
transition 24 1 87 -0.9608332811109268 0.09090909090909091
transition 24 1 57 0.05881684202951076 0.2938775510204082
transition 24 1 2 0.8701039315321322 0.44341372912801486
transition 24 2 55 0.8929906868251996 0.7723756906077348
transition 24 2 2 -0.38606451448650203 0.2276243093922652
transition 24 3 32 -0.4367782362531252 0.08236411108473772
transition 24 3 0 0.16543836699045666 0.1597436506052694
transition 24 3 98 0.10679046804939141 0.18609067173035843
transition 24 3 96 -0.4970340841369445 0.12342748635176834
transition 24 3 2 -0.736266086307688 0.4483740802278661
transition 24 4 2 -0.7540864760838699 1.0
transition 24 5 15 -0.48245191831471423 0.24103419516263552
transition 24 5 88 0.4096334394138794 0.09674728940783987
transition 24 5 22 -0.25778964373820124 0.05699193772588268
transition 24 5 16 -0.28639225529370016 0.10592160133444536
transition 24 5 2 -0.6821294375630349 0.4993049763691966
transition 24 6 73 -0.27201572628965986 0.5061728395061729
transition 24 6 2 -0.7428552418123919 0.49382716049382713
transition 24 7 2 -0.7957371405591753 1.0
transition 24 8 2 0.09452429535000206 1.0
transition 24 9 40 0.4719529217967382 0.5704971475142624
transition 24 9 2 -0.2212568773272987 0.42950285248573755
transition 24 10 79 -0.12668649778209384 0.5040214477211796
transition 24 10 2 0.31520934178644033 0.4959785522788204
transition 24 11 85 0.11498078172565962 0.11776348342404751
transition 24 11 3 -0.4637721326919886 0.1350816427511133
transition 24 11 75 -0.08933339717966238 0.44235526966848093
transition 24 11 2 -0.13098999527617483 0.30479960415635826
transition 24 12 27 0.06238631070966716 0.08656330749354005
transition 24 12 0 0.018778449772162142 0.43733850129198965
transition 24 12 2 0.7349447378591674 0.4760981912144703
transition 24 13 2 0.9484429953302185 1.0
transition 24 14 33 0.860929773568466 0.6354679802955665
transition 24 14 2 0.7522940576919839 0.3645320197044335
transition 24 15 1 0.3668793523693661 0.6281800391389433
transition 24 15 8 -0.8297857690632515 0.12720156555772993
transition 24 15 2 -0.8815282167467307 0.2446183953033268
transition 24 16 50 0.4021381644762476 0.5435435435435435
transition 24 16 2 -0.5426993806608258 0.45645645645645644
transition 24 17 46 0.6627729522755823 0.271721084670725
transition 24 17 3 -0.9378141723666218 0.040398450470392915
transition 24 17 92 -0.7903789470775886 0.16214720531267293
transition 24 17 73 -0.6958277269176474 0.18483674598782512
transition 24 17 2 0.05066359912532836 0.3408965135583841
transition 24 18 2 0.23449262746057564 1.0
transition 24 19 82 -0.5164239852751484 0.17638920913073552
transition 24 19 38 -0.5222154888331747 0.11390362001383444
transition 24 19 88 0.25434891589539044 0.03135808162324187
transition 24 19 16 0.44864051130545035 0.19575743601567905
transition 24 19 2 -0.5388388384709029 0.4825916532165091
transition 24 20 91 0.1973682960864247 0.5521013241220495
transition 24 20 68 0.8319017968184039 0.20898100172711573
transition 24 20 2 -0.09357164169320065 0.23891767415083479
transition 24 21 63 -0.3241407545378836 0.3362509117432531
transition 24 21 26 -0.8755639012923571 0.20277169948942378
transition 24 21 2 0.13135358521675888 0.46097738876732314
transition 24 22 50 -0.19371611291553337 0.5798319327731093
transition 24 22 59 0.43556521174720086 0.251500600240096
transition 24 22 2 -0.32360894862811285 0.16866746698679472
transition 24 23 29 0.3006924332900305 0.028528528528528527
transition 24 23 98 0.04696955409204473 0.13588588588588588
transition 24 23 60 -0.7718879913307788 0.43093093093093093
transition 24 23 2 -0.5515994037131358 0.40465465465465467
transition 24 24 36 -0.5944200563567725 0.31852551984877125
transition 24 24 48 0.06404997990511196 0.3643667296786389
transition 24 24 2 -0.6112047637058367 0.31710775047258977
transition 25 0 64 -0.09624899956717203 0.0379979035639413
transition 25 0 3 0.8367357511019315 0.07520964360587003
transition 25 0 14 -0.5918587233154176 0.23322851153039834
transition 25 0 17 0.4750503032675213 0.1878930817610063
transition 25 0 66 -0.8741880455661875 0.46567085953878407
transition 25 1 66 -0.8063699638272603 1.0
transition 25 2 51 0.1878395314539223 0.02011263073209976
transition 25 2 41 -0.4895300459319556 0.5422365245374094
transition 25 2 66 -0.10175978384118944 0.43765084473049076
transition 25 3 54 0.7009844362378612 0.5151943462897527
transition 25 3 66 0.1333188058640229 0.48480565371024736
transition 25 4 12 -0.22913651283971403 0.5586592178770949
transition 25 4 35 -0.46088716824422216 0.018156424581005588
transition 25 4 66 -0.3104074758878177 0.4231843575418994
transition 25 5 0 -0.7703776297013514 0.7646544181977253
transition 25 5 66 0.7331510010635003 0.23534558180227472
transition 25 6 61 -0.5676340172503969 0.1742756804214223
transition 25 6 16 -0.2903540642482032 0.19885864793678665
transition 25 6 22 0.4356920359250902 0.35776997366110624
transition 25 6 66 -0.17421817669933537 0.26909569798068483
transition 25 7 39 0.03815381521967276 0.6342592592592593
transition 25 7 66 -0.6936552420440247 0.36574074074074076
transition 25 8 27 0.3085856308400332 0.18718381112984822
transition 25 8 62 -0.9069223157393693 0.23383923552557617
transition 25 8 20 0.5392213077287595 0.17987633501967398
transition 25 8 63 0.467170795875246 0.19421023046655425
transition 25 8 66 -0.11684395146553084 0.20489038785834737
transition 25 9 25 -0.6182605688513811 0.1495661051556917
transition 25 9 34 0.4720650400188926 0.4941296579887698
transition 25 9 66 -0.4521502802053321 0.3563042368555385
transition 25 10 32 0.5655813740792575 0.016613730759833863
transition 25 10 79 -0.3181653708399106 0.17200097727827998
transition 25 10 13 -0.6127732634978722 0.16882482286831174
transition 25 10 17 -0.08380171225687949 0.2325922306376741
transition 25 10 66 -0.5348921368788628 0.4099682384559003
transition 25 11 67 -0.33825556564427117 0.7493112947658402
transition 25 11 66 -0.34171412273813884 0.25068870523415976
transition 25 12 70 -0.7223423516500553 0.22735743570629893
transition 25 12 90 -0.3524706612383903 0.22735743570629893
transition 25 12 42 0.11665012514602813 0.10324263883712262
transition 25 12 99 -0.8454074184748834 0.05516213194185613
transition 25 12 66 -0.5473281235016356 0.3868803578084234
transition 25 13 13 0.7518459905700752 0.2571428571428571
transition 25 13 79 -0.7880320172369659 0.05627705627705628
transition 25 13 8 -0.14594902487552264 0.258008658008658
transition 25 13 66 -0.9986636977259575 0.42857142857142855
transition 25 14 66 -0.12367503094482424 1.0
transition 25 15 66 0.6028557718481256 1.0
transition 25 16 80 0.22352040560209407 0.4096551724137931
transition 25 16 38 -0.4817314602790259 0.3896551724137931
transition 25 16 66 0.2620680562583255 0.2006896551724138
transition 25 17 71 -0.22123206028814502 0.061256961018297536
transition 25 17 85 -0.031609353359593584 0.37788385043754974
transition 25 17 68 0.03282032895029374 0.12410501193317422
transition 25 17 66 0.13346469287133544 0.43675417661097854
transition 25 18 82 -0.8856751732694477 0.17065792790521805
transition 25 18 53 0.4155487193075156 0.22132593899672295
transition 25 18 8 -0.953137353169542 0.15780186538946306
transition 25 18 66 0.8779815060477167 0.4502142677085959
transition 25 19 13 0.5066369876640582 0.5328859060402684
transition 25 19 66 0.5540910351765138 0.4671140939597315
transition 25 20 62 -0.9547581668603817 0.21056149732620322
transition 25 20 43 0.6714607389062324 0.19618983957219252
transition 25 20 37 0.7196280036332938 0.10528074866310161
transition 25 20 66 0.4480987567312562 0.4879679144385027
transition 25 21 66 -0.049446351729999005 1.0
transition 25 22 28 -0.07422282369612065 0.5185185185185185
transition 25 22 66 0.8085131239743821 0.48148148148148145
transition 25 23 70 -0.28352029536847234 0.24521651560926486
transition 25 23 98 0.07855453656218403 0.17245720040281973
transition 25 23 29 -0.8874490145777585 0.17598187311178248
transition 25 23 17 0.4782537024928577 0.05840886203423968
transition 25 23 66 0.849509951519833 0.34793554884189326
transition 25 24 61 0.5197135356501954 0.19621822690638563
transition 25 24 69 0.988008062636123 0.03440793552386857
transition 25 24 97 -0.013550755219423172 0.273093614383137
transition 25 24 66 -0.9167382157425632 0.4962802231866088
transition 26 0 38 0.2705654821281531 1.0
transition 26 1 0 0.1699494986503396 0.3005148005148005
transition 26 1 1 -0.09263689778388784 0.2979407979407979
transition 26 1 38 0.670678453109127 0.4015444015444015
transition 26 2 82 0.23622345578056292 0.5274878218510787
transition 26 2 91 -0.8505373981030653 0.020180932498260265
transition 26 2 92 0.680153538265529 0.1684064022268615
transition 26 2 97 0.511427001511181 0.03409881697981907
transition 26 2 38 -0.13800358942675728 0.24982602644398053
transition 26 3 37 -0.6646217960275205 0.18817005545286505
transition 26 3 49 0.9517485438939761 0.11534195933456562
transition 26 3 85 0.7840006543548212 0.08576709796672828
transition 26 3 41 0.6107963158378307 0.26247689463955637
transition 26 3 38 0.9654578662483906 0.34824399260628464
transition 26 4 71 0.4232359151323515 0.22102747909199522
transition 26 4 39 -0.6219704453237562 0.2861409796893668
transition 26 4 38 -0.9334311909390907 0.492831541218638
transition 26 5 57 0.024525619130395526 0.0156818818258191
transition 26 5 73 -0.18276370055954683 0.16661999439932793
transition 26 5 55 -0.5471003556101874 0.2710725287034444
transition 26 5 97 0.5084387054931108 0.056286754410529265
transition 26 5 38 0.8789820095356811 0.4903388406608793
transition 26 6 38 -0.9680346115193099 1.0
transition 26 7 32 -0.4851463666909066 0.41187384044526903
transition 26 7 20 0.1849631053851688 0.08858998144712431
transition 26 7 15 -0.9912793158534783 0.03525046382189239
transition 26 7 38 -0.32667997007874816 0.4642857142857143
transition 26 8 62 -0.15314576180282002 0.5162162162162162
transition 26 8 38 0.6102473140912739 0.4837837837837838
transition 26 9 57 -0.21144582735378692 0.22794358806165957
transition 26 9 69 0.35366986706169934 0.09937684486716956
transition 26 9 61 0.25808969591824993 0.20236142997704165
transition 26 9 38 -0.3077393844008174 0.47031813709412923
transition 26 10 25 0.8168372939171404 0.06010171058714748
transition 26 10 52 -0.14141343392803307 0.16435506241331485
transition 26 10 24 0.03966198465471504 0.1703652334720296
transition 26 10 55 0.7425268311393713 0.2045769764216366
transition 26 10 38 0.1541722449648344 0.4006010171058715
transition 26 11 98 -0.8675757194350726 0.06273062730627306
transition 26 11 74 -0.6644805285160096 0.038130381303813035
transition 26 11 70 0.3302831324038604 0.5485854858548586
transition 26 11 38 0.14938452665455637 0.3505535055350554
transition 26 12 50 -0.27761677502547144 0.017361111111111112
transition 26 12 54 0.21503427921787965 0.5319444444444444
transition 26 12 38 -0.24875747771219747 0.45069444444444445
transition 26 13 38 0.8927311746392188 1.0
transition 26 14 38 0.38289255634062225 1.0
transition 26 15 24 -0.44964996645044963 0.09775374376039933
transition 26 15 51 0.7080670025714644 0.39891846921797003
transition 26 15 97 0.5779170088910144 0.018302828618968387
transition 26 15 35 0.6866417787281798 0.08693843594009984
transition 26 15 38 0.7090069106545469 0.3980865224625624
transition 26 16 6 -0.245790828765452 0.3954356846473029
transition 26 16 20 0.7955490843738093 0.395850622406639
transition 26 16 38 0.9767060262954168 0.2087136929460581
transition 26 17 43 -0.20005131329215153 0.4115853658536585
transition 26 17 68 0.3533070822102562 0.11280487804878049
transition 26 17 38 0.6275741003595656 0.47560975609756095
transition 26 18 78 0.5681169240496298 0.2765714285714286
transition 26 18 94 -0.6419887468613317 0.41085714285714287
transition 26 18 38 -0.11397001052065048 0.31257142857142856
transition 26 19 97 0.8593210268447569 0.5069637883008357
transition 26 19 95 0.7279536979356638 0.31824512534818944
transition 26 19 38 -0.3299451912800271 0.17479108635097493
transition 26 20 26 -0.9725808074713576 0.3928719436386241
transition 26 20 19 0.6897343409406975 0.21715706589307915
transition 26 20 38 0.14827789970242544 0.38997099046829675
transition 26 21 38 0.1216184300063321 1.0
transition 26 22 38 0.30087716086757044 1.0
transition 26 23 10 0.9895743259260781 0.25600873998543333
transition 26 23 3 -0.32954257450824653 0.3641660597232338
transition 26 23 18 -0.12410799551995888 0.004369992716678805
transition 26 23 38 0.3414780332196299 0.37545520757465406
transition 26 24 32 0.012450035282138172 0.20055489496630996
transition 26 24 25 0.2474590273545174 0.380499405469679
transition 26 24 38 0.5140426372208413 0.4189456995640111
transition 27 0 88 0.5022649705561639 0.5833333333333334
transition 27 0 97 0.9050808747973327 0.4166666666666667
transition 27 1 96 -0.8778309275614746 0.7072135785007072
transition 27 1 97 0.6309547845662395 0.2927864214992928
transition 27 2 73 -0.7598146156897723 0.03891820580474934
transition 27 2 43 -0.309609680776034 0.04122691292875989
transition 27 2 41 -0.09955146856363051 0.23153034300791556
transition 27 2 18 -0.8742425159105482 0.3186015831134565
transition 27 2 97 -0.7218531047883616 0.3697229551451187
transition 27 3 3 -0.8824401853578403 0.25667090216010163
transition 27 3 91 -0.40129763966023013 0.29669631512071154
transition 27 3 97 -0.6138178720354845 0.44663278271918677
transition 27 4 89 0.8434857267470326 0.6467661691542289
transition 27 4 97 -0.20013354658295568 0.35323383084577115
transition 27 5 12 0.7675909782767616 0.6996047430830039
transition 27 5 97 -0.9487404022477528 0.30039525691699603
transition 27 6 46 0.5600052570379681 0.19143654979832453
transition 27 6 17 0.716148224969891 0.2745888923363326
transition 27 6 86 0.541577719453167 0.24387216878684456
transition 27 6 97 0.8959509993219696 0.2901023890784983
transition 27 7 80 -0.337265031134808 0.554983922829582
transition 27 7 6 -0.07184016518254555 0.026366559485530548
transition 27 7 97 -0.8283146502858472 0.41864951768488745
transition 27 8 97 0.3234552398528181 1.0
transition 27 9 97 0.7044717917617824 1.0
transition 27 10 87 -0.39577886368165593 0.25630252100840334
transition 27 10 61 -0.6992765072962213 0.3897058823529412
transition 27 10 97 0.6013104898439319 0.3539915966386555
transition 27 11 57 -0.258678985275246 0.09026548672566372
transition 27 11 92 -0.598989383187079 0.05097345132743363
transition 27 11 30 0.28357955221627296 0.1079646017699115
transition 27 11 25 0.6441497614967546 0.35150442477876104
transition 27 11 97 0.14376633112104686 0.3992920353982301
transition 27 12 26 0.6339757614306858 0.6321311475409837
transition 27 12 97 0.6123803624193078 0.3678688524590164
transition 27 13 97 -0.7501731800260267 1.0
transition 27 14 97 0.21222518665247248 1.0
transition 27 15 67 -0.4191348692209087 0.12039158508644032
transition 27 15 31 -0.8151968836333388 0.025619662570297855
transition 27 15 8 -0.20693636282690964 0.199541762132889
transition 27 15 43 -0.9175082710816485 0.20516559050197875
transition 27 15 97 -0.792604762804157 0.4492813997083941
transition 27 16 20 -0.003989225417709186 0.5069659442724458
transition 27 16 37 -0.9793238212267958 0.15479876160990713
transition 27 16 97 -0.09381517821483909 0.3382352941176471
transition 27 17 24 0.6800438859668236 0.32422844980489535
transition 27 17 89 0.9789214665890995 0.18871940404398724
transition 27 17 27 -0.6959298179629927 0.20113515431003903
transition 27 17 43 0.5301670067176829 0.10642071656615822
transition 27 17 97 0.8704212130647062 0.17949627527492018
transition 27 18 97 0.03726835808385687 1.0
transition 27 19 50 0.6509293127670102 0.13541666666666666
transition 27 19 53 -0.03760766517841696 0.39503205128205127
transition 27 19 38 -0.15845829167501302 0.17267628205128205
transition 27 19 97 0.7964483871728159 0.296875
transition 27 20 35 0.0037504088023656568 0.17713004484304934
transition 27 20 70 -0.18480462595423797 0.2042850024912805
transition 27 20 42 0.7754297013676301 0.10164424514200299
transition 27 20 4 0.4160149428409867 0.242152466367713
transition 27 20 97 -0.2858352623173366 0.2747882411559542
transition 27 21 83 -0.7355218214887038 0.3041509433962264
transition 27 21 6 0.6225259335857556 0.019622641509433963
transition 27 21 92 -0.5395277410634911 0.11132075471698114
transition 27 21 5 -0.6477111688242405 0.1
transition 27 21 97 -0.07918354731684252 0.4649056603773585
transition 27 22 97 -0.27260674904325355 1.0
transition 27 23 56 -0.9871585862354346 0.06903765690376569
transition 27 23 64 -0.4373314636948873 0.30073221757322177
transition 27 23 60 -0.7160012796581054 0.22541841004184102
transition 27 23 97 0.030932458514443262 0.40481171548117156
transition 27 24 68 0.12051784580479175 0.14806246385193753
transition 27 24 51 0.9087820920574032 0.5488721804511278
transition 27 24 97 -0.9376893631271388 0.30306535569693466
transition 28 0 75 0.2600887124565905 0.26607602172049155
transition 28 0 95 0.2358386360246485 0.2835095741640469
transition 28 0 11 0.06285317939233614 0.17862246356101744
transition 28 0 16 -0.8933405724738845 0.2717919405544441
transition 28 1 5 -0.5782058700219548 0.10567771578601903
transition 28 1 11 0.26753195179903844 0.1834591401378405
transition 28 1 9 0.6395191610341746 0.25139481457170987
transition 28 1 16 -0.7360427840450787 0.45946832950443056
transition 28 2 66 -0.8405367162775941 0.4880952380952381
transition 28 2 36 -0.3390673482747628 0.04497354497354497
transition 28 2 27 0.6755520582498309 0.0205026455026455
transition 28 2 16 0.1570489182474235 0.44642857142857145
transition 28 3 16 -0.09741257364657319 1.0
transition 28 4 30 0.6990750720615286 0.016048502139800285
transition 28 4 57 0.3173592636194029 0.2161198288159772
transition 28 4 98 0.9598571193628382 0.3152639087018545
transition 28 4 16 -0.13942343406516255 0.45256776034236806
transition 28 5 45 0.7981584145543204 0.30429128738621586
transition 28 5 33 -0.2734374264036519 0.46553966189856955
transition 28 5 16 0.1442719064536906 0.23016905071521457
transition 28 6 51 -0.7039451515437514 0.7282229965156795
transition 28 6 16 0.6176169686296735 0.27177700348432055
transition 28 7 48 0.5823329368240611 0.15205271160669032
transition 28 7 28 -0.2774484272965432 0.10567663456664977
transition 28 7 72 -0.02093136139508478 0.025342118601115054
transition 28 7 9 -0.43173047585445956 0.2417638114546376
transition 28 7 16 -0.13629017546175137 0.47516472377090724
transition 28 8 67 0.5233861991330664 0.10148415563578018
transition 28 8 21 -0.19934814669331846 0.37103890894504615
transition 28 8 26 0.10206186616358637 0.05856397914159647
transition 28 8 94 -0.4834316650340307 0.26674689129562773
transition 28 8 16 -0.6924990639023969 0.20216606498194944
transition 28 9 43 -0.38331913041790977 0.6992269852424455
transition 28 9 16 -0.11244245180919421 0.30077301475755447
transition 28 10 16 -0.090680049379958 1.0
transition 28 11 91 0.7844693140286627 0.2724180581323438
transition 28 11 13 -0.9957606791051055 0.2683982683982684
transition 28 11 75 0.12003019883203558 0.26159554730983303
transition 28 11 16 0.5926007837661393 0.19758812615955473
transition 28 12 16 0.8872006260221919 1.0
transition 28 13 97 -0.7950602502926281 0.6341463414634146
transition 28 13 16 -0.7649565972772938 0.36585365853658536
transition 28 14 16 0.960031066355973 1.0
transition 28 15 16 -0.1771138267189971 1.0
transition 28 16 45 0.8031781947095193 0.41321044546851
transition 28 16 6 0.20909201740312655 0.3602150537634409
transition 28 16 16 0.8929519996664448 0.22657450076804916
transition 28 17 10 -0.6554712302612433 0.32177373507674817
transition 28 17 72 0.8480818310245106 0.4599204093234793
transition 28 17 16 -0.906397915039542 0.21830585559977259
transition 28 18 27 -0.4320841921937715 0.23319327731092437
transition 28 18 9 -0.49840337173649485 0.17016806722689076
transition 28 18 75 -0.0841099389437705 0.01995798319327731
transition 28 18 18 0.5774126916789108 0.13760504201680673
transition 28 18 16 -0.9926814907527624 0.43907563025210083
transition 28 19 97 -0.46873683185188075 0.5329512893982808
transition 28 19 16 0.6371523125423628 0.4670487106017192
transition 28 20 88 -0.7218443049979602 0.25174337517433754
transition 28 20 0 -0.22465428339009552 0.3138075313807531
transition 28 20 16 0.025166360937692422 0.43444909344490934
transition 28 21 16 -0.15051826221800924 1.0
transition 28 22 67 -0.2702744655353071 0.306044376434583
transition 28 22 24 -0.9690592069203223 0.2815608263198164
transition 28 22 16 -0.26797677782010476 0.41239479724560063
transition 28 23 87 -0.3741981509737826 0.04460966542750929
transition 28 23 47 -0.5140599329646272 0.40190004130524576
transition 28 23 20 -0.33865590891919384 0.2432878975629905
transition 28 23 16 0.11563187908160244 0.31020239570425445
transition 28 24 39 0.6746652382441933 0.13221844787039458
transition 28 24 78 -0.3259866254856756 0.25163313300235174
transition 28 24 40 -0.49092443092587046 0.21296054350666319
transition 28 24 16 -0.5763263608043538 0.40318787562059055
transition 29 0 90 0.4432198930651756 0.04392764857881137
transition 29 0 20 -0.017156169675113908 0.2729328165374677
transition 29 0 79 0.40311257262681766 0.21124031007751937
transition 29 0 1 -0.23907082285750447 0.47189922480620156
transition 29 1 14 0.129571004578253 0.548526863084922
transition 29 1 42 -0.8210574526269498 0.13258232235701906
transition 29 1 1 -0.36132749503121686 0.3188908145580589
transition 29 2 47 -0.2109657100222031 0.3164400494437577
transition 29 2 12 0.3693448129449848 0.13679439637412444
transition 29 2 3 0.7518508844399374 0.055212196126905644
transition 29 2 23 0.7865175363145442 0.011124845488257108
transition 29 2 1 0.5330733861657524 0.48042851256695507
transition 29 3 2 -0.11284996273919057 0.12573629361123698
transition 29 3 24 0.8857460760307287 0.18146805618486633
transition 29 3 25 -0.8556066829746705 0.10353420933393748
transition 29 3 4 0.01725476233517531 0.16130493883099228
transition 29 3 1 -0.388035720578745 0.4279565020389669
transition 29 4 1 -0.619134583482083 1.0
transition 29 5 95 -0.299784685662571 0.7762512266928361
transition 29 5 1 -0.7340719911564519 0.2237487733071639
transition 29 6 77 0.9579736689439382 0.07802222726241778
transition 29 6 72 0.8389273679893541 0.03969154003175323
transition 29 6 63 0.6957368167844611 0.22680880018144703
transition 29 6 58 -0.6790614565051076 0.17146745293717397
transition 29 6 1 -0.2518185048345394 0.484009979587208
transition 29 7 69 0.10059608409688492 0.5553571428571429
transition 29 7 1 0.37690918055330447 0.4446428571428571
transition 29 8 10 -0.4696721773162973 0.057304785894206546
transition 29 8 93 -0.4982455815223412 0.27896725440806047
transition 29 8 25 -0.6044515360705891 0.4238035264483627
transition 29 8 1 0.9636598425035909 0.23992443324937027
transition 29 9 36 0.5277326373489033 0.3341804320203304
transition 29 9 20 -0.742130834214294 0.17280813214739518
transition 29 9 1 -0.3181296020784934 0.49301143583227447
transition 29 10 46 0.6973156269951961 0.30666666666666664
transition 29 10 74 -0.28429972684567817 0.3115151515151515
transition 29 10 1 0.1088972165654607 0.38181818181818183
transition 29 11 1 0.1303360543261538 1.0
transition 29 12 69 0.9571961620271143 0.14396551724137932
transition 29 12 27 -0.004482026465298272 0.1482758620689655
transition 29 12 62 0.08597881825974674 0.4370689655172414
transition 29 12 1 0.8131016104636173 0.2706896551724138
transition 29 13 1 -0.6531287918820341 1.0
transition 29 14 33 0.6722546235962306 0.0035949670461354103
transition 29 14 54 -0.19808802415242832 0.035949670461354104
transition 29 14 31 0.9852493865289107 0.5811863391252247
transition 29 14 47 -0.20972843996881663 0.014979029358897543
transition 29 14 1 0.24158429127630754 0.36428999400838824
transition 29 15 94 -0.9015163881780006 0.5034602076124568
transition 29 15 1 0.4431926696598407 0.49653979238754326
transition 29 16 1 -0.3842707947572699 1.0
transition 29 17 78 0.3507373603251951 0.6923076923076923
transition 29 17 1 -0.4104638111688559 0.3076923076923077
transition 29 18 64 0.8221458836180862 0.28975826972010177
transition 29 18 74 0.39950904966674194 0.23950381679389313
transition 29 18 1 -0.8663322790520807 0.4707379134860051
transition 29 19 38 0.6855168425471214 0.37412935323383084
transition 29 19 51 0.12693590292289691 0.061691542288557215
transition 29 19 36 0.8443988479908275 0.33134328358208953
transition 29 19 1 0.7892529366001066 0.23283582089552238
transition 29 20 3 -0.42180950744340273 0.28665632273079905
transition 29 20 61 0.5291013025342628 0.23196276183087663
transition 29 20 66 0.46343184447188945 0.212955779674166
transition 29 20 1 -0.6025316880744367 0.2684251357641583
transition 29 21 1 0.795170048177563 1.0
transition 29 22 96 -0.066792691827958 0.019740259740259742
transition 29 22 45 -0.9046796093380098 0.4477922077922078
transition 29 22 43 0.6933973942100022 0.21246753246753247
transition 29 22 54 0.5301594568882999 0.04415584415584416
transition 29 22 1 0.7368314462651784 0.27584415584415584
transition 29 23 97 0.1151769392204256 0.27723146747352495
transition 29 23 22 -0.3470338983183574 0.2927382753403933
transition 29 23 1 -0.18368962132917743 0.4300302571860817
transition 29 24 1 0.9118097973603787 1.0
transition 30 0 7 -0.1755384746903199 0.12121212121212122
transition 30 0 87 -0.661860093077905 0.23534041715859896
transition 30 0 51 -0.8204759836983655 0.3254624163715073
transition 30 0 17 -0.3132673871298117 0.31798504525777255
transition 30 1 2 -0.1304330149799704 0.7934362934362934
transition 30 1 17 0.5365868525643607 0.20656370656370657
transition 30 2 17 -0.03393978981514745 1.0
transition 30 3 73 0.4053133821833803 0.3784511784511784
transition 30 3 39 0.7670041100429286 0.39730639730639733
transition 30 3 17 0.44150136722553346 0.22424242424242424
transition 30 4 17 0.8735873903170255 1.0
transition 30 5 63 -0.3696613955972474 0.2453151618398637
transition 30 5 31 -0.23721274247480406 0.33560477001703576
transition 30 5 17 -0.9344927171738417 0.4190800681431005
transition 30 6 4 -0.5585949277239088 0.20294599018003273
transition 30 6 86 -0.018152187362707073 0.4762684124386252
transition 30 6 17 0.9072538520638125 0.32078559738134205
transition 30 7 17 0.1901309043469248 1.0
transition 30 8 72 -0.28146619011707497 0.38919582565991406
transition 30 8 12 -0.02066137682842717 0.15837937384898712
transition 30 8 17 -0.23505524699346148 0.45242480049109884
transition 30 9 88 0.8936183845704655 0.07552083333333333
transition 30 9 39 0.8142376467066113 0.5546875
transition 30 9 17 -0.863549108256229 0.3697916666666667
transition 30 10 17 -0.12205532260730134 1.0
transition 30 11 72 0.02160843384226574 0.5125553914327917
transition 30 11 17 0.8444151844009624 0.4874446085672083
transition 30 12 29 -0.1483235095066182 0.088865836791148
transition 30 12 80 -0.34046233952289207 0.2119640387275242
transition 30 12 12 -0.03337048969189893 0.237551867219917
transition 30 12 17 0.2827167057708615 0.4616182572614108
transition 30 13 74 0.46458241862194827 0.1612691466083151
transition 30 13 69 0.8933258058094125 0.1536105032822757
transition 30 13 4 0.526160816904425 0.1536105032822757
transition 30 13 90 0.5726565492624294 0.14660831509846828
transition 30 13 17 0.5424466362793485 0.3849015317286652
transition 30 14 68 -0.23427725098357355 0.15981630309988518
transition 30 14 74 0.021587350948204742 0.056716417910447764
transition 30 14 27 0.5132646996044792 0.1547646383467279
transition 30 14 51 0.8168028539252639 0.1632606199770379
transition 30 14 17 -0.5630768835235316 0.4654420206659013
transition 30 15 17 0.29974158130514117 1.0
transition 30 16 17 0.18617117488485602 1.0
transition 30 17 54 -0.12571387407584167 0.1270878721859114
transition 30 17 71 0.9974136273951266 0.2694262890341322
transition 30 17 25 -0.047617682915090276 0.19716775599128541
transition 30 17 77 0.8936483052941591 0.07371096586782862
transition 30 17 17 -0.09558410192126399 0.33260711692084244
transition 30 18 21 -0.8624864690264455 0.3268970189701897
transition 30 18 7 -0.11422142983586814 0.23678861788617886
transition 30 18 99 0.46146554720080313 0.2611788617886179
transition 30 18 17 0.585683326102576 0.17513550135501355
transition 30 19 17 0.19719552390123796 1.0
transition 30 20 17 -0.04874538408588114 1.0
transition 30 21 17 -0.2918909045627729 1.0
transition 30 22 81 0.784806632903122 0.5063291139240507
transition 30 22 17 0.004436643129753781 0.4936708860759494
transition 30 23 17 0.30051091602132485 1.0
transition 30 24 63 -0.8662677018075942 0.7962962962962963
transition 30 24 17 -0.7571281901063986 0.2037037037037037
transition 31 0 19 -0.21018228666711547 1.0
transition 31 1 88 -0.49021975944508567 0.564935064935065
transition 31 1 19 -0.7405710407882806 0.43506493506493504
transition 31 2 14 0.7590280977629036 0.29873339511893726
transition 31 2 87 -0.3552009725299685 0.09978375038616003
transition 31 2 34 0.915730270907182 0.10534445474204511
transition 31 2 40 -0.8981191119245266 0.1235712079085573
transition 31 2 19 0.4809755083871323 0.37256719184430026
transition 31 3 60 -0.39849376658204005 0.6078191814294441
transition 31 3 19 -0.9961989120494135 0.3921808185705559
transition 31 4 60 -0.8912847415085428 0.5237529691211401
transition 31 4 19 0.9616511977045812 0.47624703087885983
transition 31 5 81 0.04694788088270019 0.18576748034753826
transition 31 5 83 0.6412161335133624 0.34960695076541165
transition 31 5 19 0.051360619966006826 0.4646255688870501
transition 31 6 43 -0.2175615481272022 0.14366595895258316
transition 31 6 57 0.37081324758476675 0.5930644019815995
transition 31 6 19 0.8102061438257608 0.2632696390658174
transition 31 7 25 -0.41689294196612137 0.11724608043626449
transition 31 7 32 0.37184530441518704 0.13701431492842536
transition 31 7 92 0.26487325237741133 0.17024539877300612
transition 31 7 49 -0.1816512456672421 0.13428766189502386
transition 31 7 19 -0.8240398861013292 0.44120654396728015
transition 31 8 19 0.9080558494217468 1.0
transition 31 9 45 -0.5547127307781796 0.21892515661061654
transition 31 9 5 -0.2969578051442414 0.06791955159907682
transition 31 9 2 -0.4555606505277663 0.29508737223870757
transition 31 9 74 0.5440925920781083 0.10583580613254204
transition 31 9 19 -0.6816400244966407 0.31223211341905704
transition 31 10 34 -0.9005617723626165 0.02169811320754717
transition 31 10 90 0.09402340975731871 0.048113207547169815
transition 31 10 37 0.8929548585541482 0.14481132075471698
transition 31 10 80 -0.41554176135904863 0.3268867924528302
transition 31 10 19 0.516141536938326 0.45849056603773586
transition 31 11 83 0.11381170139428409 0.058999572466866185
transition 31 11 0 0.4909607623112524 0.0008550662676357417
transition 31 11 29 -0.317560986168677 0.41214194100042756
transition 31 11 8 0.8305944174678039 0.06327490380504489
transition 31 11 19 0.10058017609434167 0.46472851646002566
transition 31 12 19 0.8798812916729157 1.0
transition 31 13 38 -0.12880707265088032 0.6899128268991283
transition 31 13 19 0.33257810774980623 0.31008717310087175
transition 31 14 7 0.06154901403726987 0.03114754098360656
transition 31 14 57 0.6883054411008924 0.5092896174863388
transition 31 14 19 -0.03054491943457749 0.45956284153005467
transition 31 15 96 0.6092847339923335 0.717391304347826
transition 31 15 19 0.026347608757505192 0.2826086956521739
transition 31 16 34 0.46449541911215975 0.09651110104213866
transition 31 16 77 -0.473325007992935 0.4209333937471681
transition 31 16 19 0.0344422733712908 0.48255550521069324
transition 31 17 91 0.16427936689528422 0.10902896081771721
transition 31 17 71 0.38830702160087327 0.14285714285714285
transition 31 17 82 -0.20864530256794112 0.18520321246045265
transition 31 17 78 -0.8490329383383177 0.10781211973716233
transition 31 17 19 0.6499925392120915 0.4550985641275249
transition 31 18 86 -0.33315363999802017 0.6431718061674009
transition 31 18 19 -0.08824145477742129 0.3568281938325991
transition 31 19 24 -0.8166608199962706 0.23490813648293962
transition 31 19 78 -0.7029876031342772 0.1225721784776903
transition 31 19 49 0.9132293037394401 0.1251968503937008
transition 31 19 55 0.448207279264206 0.18451443569553805
transition 31 19 19 -0.6345093778200541 0.33280839895013126
transition 31 20 4 0.9142366124251626 0.07815552950371239
transition 31 20 11 0.16993602362342686 0.15670183665494333
transition 31 20 34 -0.37592312758131885 0.32004689331770225
transition 31 20 43 -0.009227576596635867 0.2082844861273935
transition 31 20 19 0.021707040847356973 0.23681125439624853
transition 31 21 55 0.6412848663558899 0.17216721672167218
transition 31 21 22 0.5056590172824154 0.14356435643564355
transition 31 21 0 0.6856651260397622 0.43564356435643564
transition 31 21 19 -0.6330964439633837 0.24862486248624863
transition 31 22 4 -0.6158941111373835 0.3885949441504997
transition 31 22 17 0.9600234096562332 0.339212228101117
transition 31 22 19 0.8543791814636212 0.2721928277483833
transition 31 23 84 0.023517733738917634 0.2658788774002954
transition 31 23 58 -0.27824613758480266 0.2791728212703102
transition 31 23 19 0.19175158553275495 0.4549483013293944
transition 31 24 47 -0.23404088239558507 0.7621848739495798
transition 31 24 19 -0.9495329047341456 0.23781512605042016
transition 32 0 79 -0.5066431003828846 1.0
transition 32 1 1 -0.09486591222885421 0.20806241872561768
transition 32 1 44 -0.014672964495704655 0.0247074122236671
transition 32 1 74 -0.08604506297978642 0.2904204594711747
transition 32 1 79 -0.06814413970015676 0.47680970957954055
transition 32 2 15 -0.1920954480535526 0.08071025020177562
transition 32 2 43 -0.8155304793669191 0.08837772397094432
transition 32 2 95 -0.9433327636197593 0.18058918482647296
transition 32 2 56 0.9542164921282992 0.200363196125908
transition 32 2 79 -0.5223408541413175 0.4499596448748991
transition 32 3 14 -0.3727817188653424 0.19908062234794907
transition 32 3 72 0.37759412464291797 0.28677510608203677
transition 32 3 23 0.7412022717954829 0.2903111739745403
transition 32 3 79 0.2257467017405499 0.22383309759547385
transition 32 4 79 -0.3686122079919625 1.0
transition 32 5 79 -0.6090111379253356 1.0
transition 32 6 48 0.9102653642223792 0.5539340101522843
transition 32 6 3 0.259182183659066 0.03362944162436548
transition 32 6 79 -0.49585347402710567 0.41243654822335024
transition 32 7 25 0.20901585474479 0.738544474393531
transition 32 7 79 -0.32711957240066436 0.261455525606469
transition 32 8 79 0.18400177855945943 1.0
transition 32 9 55 0.9424049212971093 0.27423674343867166
transition 32 9 32 -0.37787815276946746 0.4113551151580075
transition 32 9 79 0.43727227121404555 0.31440814140332085
transition 32 10 79 -0.3473527181304974 1.0
transition 32 11 19 0.7114155328533058 0.5279547062986554
transition 32 11 79 -0.7070041960958933 0.4720452937013447
transition 32 12 29 0.08256690409884881 0.34040404040404043
transition 32 12 78 0.0380110396520017 0.2308080808080808
transition 32 12 79 0.29948962583293315 0.4287878787878788
transition 32 13 41 -0.20210655971974845 0.7359375
transition 32 13 79 -0.17509826982342003 0.2640625
transition 32 14 97 -0.8258051231102732 0.2452316076294278
transition 32 14 41 0.5087265524555802 0.042915531335149866
transition 32 14 58 0.3004766456347028 0.33787465940054495
transition 32 14 79 -0.7015843185509849 0.3739782016348774
transition 32 15 24 0.30480665657166073 0.5949535192563081
transition 32 15 68 0.965178118235188 0.07569721115537849
transition 32 15 27 0.21355543469833171 0.008632138114209827
transition 32 15 79 -0.44743768298982367 0.3207171314741036
transition 32 16 40 -0.032355561589801685 0.20246593121349774
transition 32 16 60 -0.35574088150180616 0.09344581440622972
transition 32 16 57 -0.12899452970850733 0.26865671641791045
transition 32 16 79 -0.15209117313414167 0.4354315379623621
transition 32 17 55 -0.40012769653063307 0.8105263157894737
transition 32 17 79 0.3565532494528032 0.18947368421052632
transition 32 18 18 0.3136781388457943 0.36402701043585023
transition 32 18 44 -0.2628239635648246 0.41375076734192756
transition 32 18 79 0.029925290016669992 0.2222222222222222
transition 32 19 74 -0.9387399127361877 0.025423728813559324
transition 32 19 69 -0.01271740663491916 0.2830508474576271
transition 32 19 54 -0.7154922482900787 0.5220338983050847
transition 32 19 79 -0.13974726771973534 0.1694915254237288
transition 32 20 23 0.25984670216549377 0.06681190994916485
transition 32 20 73 0.45835644840792633 0.7189542483660131
transition 32 20 79 -0.0162855830300348 0.21423384168482207
transition 32 21 79 0.7524623846079452 1.0
transition 32 22 79 0.029737497371455035 1.0
transition 32 23 6 -0.8380638220390906 0.4495548961424332
transition 32 23 11 0.6055304516466309 0.06231454005934718
transition 32 23 79 0.3552525523757153 0.48813056379821956
transition 32 24 82 -0.4801971486534835 0.45089285714285715
transition 32 24 89 0.9483564313586552 0.29017857142857145
transition 32 24 79 0.1049375115820419 0.25892857142857145
transition 33 0 72 0.42589210033458147 0.07132667617689016
transition 33 0 94 0.11571404842085475 0.550641940085592
transition 33 0 75 0.968371119542611 0.3780313837375178
transition 33 1 58 0.4703752267864605 0.30112087246289004
transition 33 1 26 0.9933136588123312 0.08754922750681611
transition 33 1 11 0.08154561508720426 0.2820357467434111
transition 33 1 75 -0.34485300326357926 0.3292941532868828
transition 33 2 36 -0.6622615744516551 0.106993591529674
transition 33 2 69 -0.6105127662755334 0.1529674003900808
transition 33 2 68 -0.487064516060175 0.2672053496795765
transition 33 2 75 -0.8717162941130618 0.4728336584006687
transition 33 3 75 0.45434250346239513 1.0
transition 33 4 36 0.4098640802066633 0.11166897506925208
transition 33 4 74 0.9212190520098029 0.17209141274238227
transition 33 4 13 -0.13269653134507653 0.15270083102493076
transition 33 4 79 0.033563855872396076 0.16170360110803325
transition 33 4 75 0.5671992559622314 0.40183518005540164
transition 33 5 47 -0.19147353971224024 0.263669164585068
transition 33 5 73 -0.31529117320164524 0.18900915903413823
transition 33 5 66 -0.11321257748573332 0.15542603386067166
transition 33 5 36 -0.060440542595077806 0.1579239522620039
transition 33 5 75 0.17389643999732285 0.23397169025811823
transition 33 6 31 -0.7532562619615955 0.23430702299564948
transition 33 6 96 -0.10587756908924684 0.4648850217526414
transition 33 6 75 0.7265385846889356 0.3008079552517091
transition 33 7 21 0.1536362355223122 0.13160277693932992
transition 33 7 46 -0.0971027845306136 0.29308783579837006
transition 33 7 74 -0.9759949475373331 0.13220645940235437
transition 33 7 75 0.7030040889113478 0.44310292785994565
transition 33 8 92 0.8494004840323659 0.3722924187725632
transition 33 8 44 -0.030169134267423958 0.30415162454873645
transition 33 8 75 -0.38573215319555887 0.32355595667870035
transition 33 9 77 0.5524449825495434 0.27230046948356806
transition 33 9 42 -0.19559527685633937 0.26324614352783365
transition 33 9 75 0.20531594762037964 0.4644533869885983
transition 33 10 0 0.8171834387626626 0.325139146567718
transition 33 10 20 -0.25860003353852434 0.08534322820037106
transition 33 10 91 0.48935566377545814 0.12569573283858998
transition 33 10 75 0.9221058822125199 0.46382189239332094
transition 33 11 75 0.17342536297356292 1.0
transition 33 12 66 -0.3682467502726965 0.5200909780136467
transition 33 12 97 0.17631852995964414 0.16300227445034116
transition 33 12 75 0.861163734253054 0.3169067475360121
transition 33 13 15 -0.30794090458448986 0.4410112359550562
transition 33 13 59 -0.12690659236381419 0.16292134831460675
transition 33 13 75 -0.6102708100671532 0.3960674157303371
transition 33 14 15 -0.579809714016742 0.33969631236442516
transition 33 14 68 0.7156234054752897 0.16919739696312364
transition 33 14 79 -0.6442828263816645 0.11670281995661605
transition 33 14 75 -0.5950355663624249 0.37440347071583513
transition 33 15 80 0.43455331475341197 0.1186861716809274
transition 33 15 44 -0.2737534659793257 0.26718189345845983
transition 33 15 85 -0.4813053267429561 0.20839083632348882
transition 33 15 75 -0.6658180380096839 0.4057410985371239
transition 33 16 8 0.45883982713875304 0.7452054794520548
transition 33 16 75 -0.2051201313795019 0.2547945205479452
transition 33 17 2 -0.6024853476484238 0.3456930975470622
transition 33 17 40 -0.9141617126358121 0.3051911009697661
transition 33 17 75 -0.3768699976499106 0.34911580148317173
transition 33 18 16 0.10888126370491436 0.1377072819033886
transition 33 18 12 -0.1801065903209269 0.1900985340062485
transition 33 18 65 -0.579192672739665 0.03508771929824561
transition 33 18 13 -0.7764130581189739 0.20571977889930304
transition 33 18 75 -0.2681888528567522 0.4313866858928142
transition 33 19 72 0.6916129090124468 0.5069637883008357
transition 33 19 75 -0.6436833848595835 0.49303621169916434
transition 33 20 11 -0.2966242915721671 0.1760590750097163
transition 33 20 47 0.004360086861278534 0.29420909444228527
transition 33 20 95 0.13320433236857543 0.08317139525845317
transition 33 20 70 -0.47047457600533904 0.12903225806451613
transition 33 20 75 -0.8982253384539052 0.31752817722502913
transition 33 21 67 -0.6846612001131296 0.09343200740055504
transition 33 21 99 -0.8173419768099814 0.2345050878815911
transition 33 21 74 -0.5609986705363956 0.2488436632747456
transition 33 21 22 0.6923038382517919 0.03145235892691952
transition 33 21 75 0.3133554710886053 0.39176688251618874
transition 33 22 75 -0.1562180033531413 1.0
transition 33 23 97 -0.9161486570774313 0.5040058266569556
transition 33 23 75 0.327086365690348 0.4959941733430444
transition 33 24 43 -0.6895469188890617 0.13963480128893663
transition 33 24 32 -0.22112635826642846 0.1736484067311135
transition 33 24 17 0.05487741207955499 0.1041890440386681
transition 33 24 30 0.8749934430343835 0.2699606158252775
transition 33 24 75 -0.4499377830961282 0.3125671321160043
transition 34 0 94 -0.9385718743836569 0.027768255056564963
transition 34 0 68 0.33731525480893265 0.13849845731916352
transition 34 0 16 0.24719425726996436 0.2067192320877614
transition 34 0 87 0.153481010891388 0.18512170037709977
transition 34 0 69 0.0066404625091120995 0.44189235515941033
transition 34 1 96 -0.10702174718758961 0.21517412935323382
transition 34 1 42 0.6886682720491972 0.47139303482587064
transition 34 1 79 0.1528110933189759 0.14116915422885573
transition 34 1 69 0.5375935916944898 0.1722636815920398
transition 34 2 33 -0.4549818801289989 0.7903494176372712
transition 34 2 69 -0.7711903881048121 0.2096505823627288
transition 34 3 64 -0.9217428788093813 0.1039671682626539
transition 34 3 58 -0.7383349585668968 0.2240082079343365
transition 34 3 77 0.0014123758334512182 0.006155950752393981
transition 34 3 93 -0.659117758912825 0.33549931600547195
transition 34 3 69 0.8896255807699709 0.33036935704514364
transition 34 4 77 -0.733696295333679 0.7835051546391752
transition 34 4 69 -0.49911398549052355 0.21649484536082475
transition 34 5 71 -0.03705694410020377 0.018907563025210083
transition 34 5 52 0.5015420807597828 0.5136554621848739
transition 34 5 69 -0.5978974887147874 0.46743697478991597
transition 34 6 21 0.3112133411342035 0.2904068682344158
transition 34 6 29 0.9429340001557551 0.3221351250466592
transition 34 6 69 0.28025763754256583 0.387458006718925
transition 34 7 57 0.6335046851289057 0.40317312179188053
transition 34 7 47 -0.6469516471129686 0.2594493700419972
transition 34 7 1 -0.5859064686539626 0.0018665422305179655
transition 34 7 30 -0.25762640910419554 0.10499300046663555
transition 34 7 69 -0.4435957081902677 0.23051796546896874
transition 34 8 69 0.8548552514944527 1.0
transition 34 9 18 -0.45954147170065607 0.10663265306122449
transition 34 9 9 0.027112587060907245 0.5045918367346939
transition 34 9 69 -0.17841103427348948 0.38877551020408163
transition 34 10 73 0.2650209773372001 0.1050978497221551
transition 34 10 93 -0.18584903576321232 0.22203430780381736
transition 34 10 12 -0.7312749571886763 0.14327132157525974
transition 34 10 11 0.9198545307619868 0.05266972698719497
transition 34 10 69 0.375889862409426 0.47692679391157283
transition 34 11 41 0.4762990383366099 0.07717115871918913
transition 34 11 43 -0.6905679956045077 0.17645703754895187
transition 34 11 66 -0.81149228197908 0.1971895876526146
transition 34 11 84 0.9154922063132507 0.07763188205482607
transition 34 11 69 0.4346738311012792 0.4715503340244183
transition 34 12 92 0.4534210336334499 0.6215686274509804
transition 34 12 69 0.9404948071701535 0.3784313725490196
transition 34 13 69 0.7523102481003916 1.0
transition 34 14 69 0.0727396342686677 1.0
transition 34 15 69 0.7878313642999795 1.0
transition 34 16 69 -0.507876956980075 1.0
transition 34 17 69 -0.665955739930028 1.0
transition 34 18 2 0.9865751760599475 0.16157938952674322
transition 34 18 28 -0.3007200101733061 0.27079249509941195
transition 34 18 51 -0.4328158504308195 0.006160739288714646
transition 34 18 57 -0.03716536857649699 0.17894147297675722
transition 34 18 69 0.3621964590045721 0.382525903108373
transition 34 19 95 0.28984737097815705 0.1524693404043752
transition 34 19 73 -0.7321267118452559 0.11103745442492542
transition 34 19 6 -0.42111861642820014 0.16257872058336095
transition 34 19 21 0.4727768157057963 0.1552867086509778
transition 34 19 69 -0.6172567760741663 0.41862777593636064
transition 34 20 81 0.4049472410151316 0.12226640159045726
transition 34 20 38 0.7875264376854825 0.23682902584493043
transition 34 20 6 -0.36337640963565354 0.05616302186878728
transition 34 20 33 0.038037078102078015 0.16650099403578528
transition 34 20 69 -0.9504010319185197 0.4182405566600398
transition 34 21 29 -0.6939415051258842 0.3673469387755102
transition 34 21 91 0.7904487826977509 0.09654631083202511
transition 34 21 38 -0.45959860317075196 0.2817896389324961
transition 34 21 69 -0.819058117093797 0.2543171114599686
transition 34 22 52 -0.3294058674501392 0.0646900269541779
transition 34 22 28 0.1838309078955258 0.4389038634321653
transition 34 22 69 -0.7965550731602198 0.4964061096136568
transition 34 23 69 -0.6523877728185055 1.0
transition 34 24 69 0.4648403198966904 1.0
transition 35 0 71 -0.5905102512279292 0.534082923401265
transition 35 0 29 0.5236015694864784 0.46591707659873505
transition 35 1 2 0.12586798610136274 0.1209775967413442
transition 35 1 79 -0.1858418542711573 0.13075356415478614
transition 35 1 59 0.22320348761830955 0.27128309572301423
transition 35 1 29 0.07848969534890249 0.4769857433808554
transition 35 2 75 -0.042146657925048014 0.7089618456078084
transition 35 2 29 -0.6775316054886835 0.29103815439219166
transition 35 3 64 -0.47834207524575545 0.14949374627754616
transition 35 3 63 -0.7488901052229284 0.4538415723645027
transition 35 3 23 0.9911126872953802 0.016676593210244194
transition 35 3 29 -0.6958437500447558 0.37998808814770696
transition 35 4 32 0.9247961351610492 0.05324459234608985
transition 35 4 77 0.16506616573858457 0.141846921797005
transition 35 4 99 -0.34032162632895013 0.3161397670549085
transition 35 4 29 0.038873543284404066 0.4887687188019967
transition 35 5 25 0.8681789994961409 0.18745595489781536
transition 35 5 49 -0.6330082474914638 0.2151750058726803
transition 35 5 30 -0.9994005870865545 0.09819121447028424
transition 35 5 15 -0.18539847019134315 0.06929762743716232
transition 35 5 29 -0.8671218939052319 0.4298801973220578
transition 35 6 29 -0.4476873402284045 1.0
transition 35 7 43 0.3304754928564111 0.1408983451536643
transition 35 7 38 0.8223522834475754 0.05390070921985816
transition 35 7 88 0.7500365211170392 0.324822695035461
transition 35 7 12 0.23427883107998815 0.018912529550827423
transition 35 7 29 0.11000608165708936 0.4614657210401891
transition 35 8 65 0.6357300012178273 0.2907801418439716
transition 35 8 41 0.38348624769032225 0.1822695035460993
transition 35 8 81 0.8087324840373205 0.0574468085106383
transition 35 8 58 -0.5531050031957783 0.12624113475177304
transition 35 8 29 0.6320239695992507 0.3432624113475177
transition 35 9 58 0.7769419817200265 0.6310904872389791
transition 35 9 29 0.5373038009873499 0.3689095127610209
transition 35 10 44 -0.9177817538040067 0.3813868613138686
transition 35 10 8 -0.6649733388801997 0.27463503649635035
transition 35 10 29 -0.13324714613745758 0.34397810218978103
transition 35 11 66 0.2836069996276662 0.10475423045930701
transition 35 11 94 -0.44837922314671785 0.1361804995970991
transition 35 11 56 -0.607995717053369 0.3815471394037067
transition 35 11 29 -0.42897853474049286 0.3775181305398872
transition 35 12 78 -0.6379011545505346 0.6318373071528752
transition 35 12 29 -0.42236115607377434 0.36816269284712483
transition 35 13 90 0.8581660349392 0.47039740470397406
transition 35 13 71 -0.7441936498735118 0.20194647201946472
transition 35 13 29 0.9513440205057297 0.32765612327656124
transition 35 14 29 0.8816072905425771 1.0
transition 35 15 79 -0.9209151734082226 0.10124610591900311
transition 35 15 2 -0.7361758967686001 0.17623497997329773
transition 35 15 47 0.2579778391787535 0.14975522919448153
transition 35 15 44 0.5015280533572046 0.18847352024922118
transition 35 15 29 -0.6458548233838672 0.38429016466399646
transition 35 16 73 0.5137083669918339 0.22040971168437026
transition 35 16 33 -0.9589666512328812 0.11987860394537178
transition 35 16 52 0.1565652147906842 0.30728376327769347
transition 35 16 29 -0.6224032630695915 0.3524279210925645
transition 35 17 29 -0.7242791348793889 1.0
transition 35 18 87 0.7208679675812799 0.6288461538461538
transition 35 18 29 -0.7561997001883503 0.37115384615384617
transition 35 19 84 0.06243308198585784 0.032305978462681025
transition 35 19 59 -0.4607297184403467 0.298551800965466
transition 35 19 55 0.8911938566897861 0.22577051615298924
transition 35 19 29 -0.4139903338406543 0.4433717044188637
transition 35 20 97 -0.03889004840643473 0.24396008403361344
transition 35 20 67 0.9909163248563191 0.08455882352941177
transition 35 20 53 -0.738432668782206 0.0703781512605042
transition 35 20 92 -0.9306308526018607 0.25787815126050423
transition 35 20 29 -0.49928311950101745 0.3432247899159664
transition 35 21 29 -0.1836820398175012 1.0
transition 35 22 27 0.34093569980066385 0.1284722222222222
transition 35 22 46 0.9153074186059451 0.6620370370370371
transition 35 22 29 0.9718349141630116 0.20949074074074073
transition 35 23 94 0.8607066240437353 0.1597595697564062
transition 35 23 30 0.6307918036760942 0.26067700094906676
transition 35 23 78 -0.5132176516005817 0.22556153116102498
transition 35 23 29 0.45739068581415765 0.3540018981335021
transition 35 24 52 -0.8337730912267374 0.5833333333333334
transition 35 24 29 -0.11446636795325182 0.4166666666666667
transition 36 0 2 -0.6226955170555493 0.182988248461108
transition 36 0 66 -0.7914845563096145 0.4661443760492445
transition 36 0 18 0.6602459326501084 0.07162842753217684
transition 36 0 23 -0.6726171330538804 0.2792389479574706
transition 36 1 34 0.2098977843162959 0.37296747967479676
transition 36 1 78 0.19042297463520552 0.29827235772357724
transition 36 1 23 0.588872988536181 0.328760162601626
transition 36 2 54 0.4522319286330736 0.1395042194092827
transition 36 2 78 0.5626871257787258 0.010548523206751054
transition 36 2 51 -0.2602340534354839 0.23127637130801687
transition 36 2 70 0.7423590190222045 0.16508438818565402
transition 36 2 23 -0.222840706148822 0.45358649789029537
transition 36 3 66 -0.3721458936476696 0.4369789112309956
transition 36 3 86 -0.445882742783001 0.1844041196665032
transition 36 3 23 -0.6970085619257735 0.3786169691025012
transition 36 4 50 0.784766409911781 0.18596819457436856
transition 36 4 38 -0.8521626524758839 0.160710944808232
transition 36 4 87 -0.4879760865400624 0.12853133769878392
transition 36 4 75 0.3426712564827108 0.07633302151543499
transition 36 4 23 0.6584906485503459 0.44845650140318055
transition 36 5 94 -0.6377472818191101 0.08716707021791767
transition 36 5 40 -0.721224660986248 0.3692493946731235
transition 36 5 70 -0.30445753136565434 0.19915254237288135
transition 36 5 23 -0.4173336643898069 0.34443099273607747
transition 36 6 95 -0.2666585417093492 0.18161128812016386
transition 36 6 49 -0.560403379466561 0.17410104688211198
transition 36 6 66 0.18379881741068482 0.108329540282203
transition 36 6 12 0.6175827430270033 0.0839781520254893
transition 36 6 23 -0.45640696824306426 0.4519799726900319
transition 36 7 17 -0.14292432275393185 0.5508291276135544
transition 36 7 23 -0.8301471402936396 0.44917087238644554
transition 36 8 23 0.617802455605873 1.0
transition 36 9 23 -0.06913465594877488 1.0
transition 36 10 23 0.34468983166060974 1.0
transition 36 11 74 0.5511200264065979 0.5735150925024343
transition 36 11 23 0.47243775331573934 0.42648490749756574
transition 36 12 27 -0.7600903667658381 0.24331926863572434
transition 36 12 74 -0.8130053628012652 0.3717768401312705
transition 36 12 90 -0.9725646650297628 0.05250820440693858
transition 36 12 23 0.22609508884594143 0.33239568682606657
transition 36 13 23 0.31634790084924314 1.0
transition 36 14 28 0.3499861609013355 0.27668143374949655
transition 36 14 12 0.3919313801966722 0.21345146999597261
transition 36 14 1 -0.7343905235412107 0.2690293999194523
transition 36 14 49 0.8244969684330061 0.004027386226339106
transition 36 14 23 0.36108392214850715 0.23681031010873943
transition 36 15 94 -0.1618422853252952 0.16968325791855204
transition 36 15 80 -0.25256320836384405 0.2627262443438914
transition 36 15 77 0.9846677262379082 0.1668552036199095
transition 36 15 74 -0.04825211703872445 0.030260180995475113
transition 36 15 23 0.9881197007560183 0.37047511312217196
transition 36 16 23 -0.18147127392977302 1.0
transition 36 17 70 0.16094406613313783 0.34855027760641577
transition 36 17 46 0.7775553677542755 0.1011721159777915
transition 36 17 66 -0.3522163724583962 0.28809376927822333
transition 36 17 6 -0.12983843320223554 0.024059222702035782
transition 36 17 23 -0.45091568027869533 0.23812461443553362
transition 36 18 92 0.046591294977789355 0.3695652173913043
transition 36 18 62 -0.463283121353542 0.45393374741200826
transition 36 18 23 -0.4886489148651212 0.17650103519668736
transition 36 19 57 0.9504630573255846 0.3907815631262525
transition 36 19 38 0.46409979809891255 0.40531062124248496
transition 36 19 23 0.007362860990934861 0.20390781563126253
transition 36 20 23 -0.78555053068298 1.0
transition 36 21 65 0.5762715996396108 0.15073115860517436
transition 36 21 36 0.19752789238218704 0.07086614173228346
transition 36 21 73 0.3717556809669824 0.1889763779527559
transition 36 21 51 -0.29841826090480983 0.3543307086614173
transition 36 21 23 -0.24603295086445698 0.23509561304836896
transition 36 22 82 0.47915389257644314 0.6776685393258427
transition 36 22 23 -0.9518059247387396 0.3223314606741573
transition 36 23 23 0.2750683297521159 1.0
transition 36 24 89 0.5862009223856206 0.7009646302250804
transition 36 24 23 0.5593288403769459 0.2990353697749196
transition 37 0 16 -0.0897280229371753 0.6871123363197794
transition 37 0 90 0.3766884994487958 0.004824259131633356
transition 37 0 52 0.01684656641646587 0.30806340454858716
transition 37 1 16 -0.9182629162712308 0.7279693486590039
transition 37 1 52 -0.6598483963882358 0.2720306513409962
transition 37 2 1 -0.31269563780410214 0.15885684860968075
transition 37 2 85 -0.6964316321379094 0.1598867147270855
transition 37 2 5 -0.2566344738454438 0.23146240988671474
transition 37 2 52 0.31156960395690025 0.44979402677651903
transition 37 3 2 0.7399684318959021 0.3407489803485354
transition 37 3 50 -0.7983227041026848 0.08083055246570263
transition 37 3 24 -0.5730232805962732 0.036336670374490176
transition 37 3 76 -0.978342175459072 0.14905450500556172
transition 37 3 52 0.24658419145061927 0.39302929180571006
transition 37 4 80 -0.11790475919504106 0.042801556420233464
transition 37 4 9 -0.45086963166565397 0.554863813229572
transition 37 4 52 -0.6591107412736938 0.40233463035019457
transition 37 5 34 0.6478609458620765 0.4535279805352798
transition 37 5 0 -0.1654527456405661 0.14257907542579076
transition 37 5 52 0.7280081220844505 0.40389294403892945
transition 37 6 43 -0.1865837160329935 0.5
transition 37 6 52 0.7650052187588419 0.5
transition 37 7 98 0.3276128506383489 0.20182370820668694
transition 37 7 30 -0.9787041902662568 0.5665653495440729
transition 37 7 52 0.40660645877348545 0.23161094224924011
transition 37 8 60 0.04936282537912118 0.03786922494319616
transition 37 8 15 -0.5333946558747591 0.13052259530421612
transition 37 8 96 -0.908984602269717 0.2446351931330472
transition 37 8 7 0.39215163015380816 0.23579904064630144
transition 37 8 52 0.13036564036004794 0.3511739459732391
transition 37 9 54 0.20747647320766238 0.16568047337278108
transition 37 9 16 0.6839215852816019 0.22016765285996054
transition 37 9 14 0.4970327753463404 0.11538461538461539
transition 37 9 2 0.6010891401644183 0.21449704142011836
transition 37 9 52 0.19917681013468713 0.28427021696252464
transition 37 10 52 -0.7867460750973219 1.0
transition 37 11 52 -0.8512118396871537 1.0
transition 37 12 55 0.4754610263882475 0.014814814814814815
transition 37 12 28 0.6762005963937159 0.20185185185185187
transition 37 12 57 0.27931344538046443 0.35777777777777775
transition 37 12 87 0.7983126972304702 0.21888888888888888
transition 37 12 52 -0.46039643504129213 0.20666666666666667
transition 37 13 62 -0.06753094351176459 0.5023696682464455
transition 37 13 52 -0.5376627014354634 0.4976303317535545
transition 37 14 56 -0.3188280499567455 0.20227408737283065
transition 37 14 95 -0.6094058418660606 0.1687612208258528
transition 37 14 62 0.7576704075174561 0.17743865948533813
transition 37 14 52 0.9453815089083568 0.45152603231597843
transition 37 15 50 0.9473009153795378 0.36607142857142855
transition 37 15 47 -0.4957966877421065 0.0625
transition 37 15 48 -0.5457864441082751 0.22991071428571427
transition 37 15 52 0.6533370892160526 0.34151785714285715
transition 37 16 52 0.28143951531326716 1.0
transition 37 17 22 0.0780430213937886 0.4523250352278065
transition 37 17 15 0.7739813509118652 0.005166744950681071
transition 37 17 79 0.9605209989004082 0.25176139032409584
transition 37 17 40 0.4211099253943169 0.035227806481916396
transition 37 17 52 0.13347494919788438 0.2555190230155002
transition 37 18 72 0.6472535050358255 0.2505165289256198
transition 37 18 61 -0.4060515432921392 0.440599173553719
transition 37 18 52 -0.15932190689285997 0.30888429752066116
transition 37 19 61 0.9655202309690765 0.05816611633223266
transition 37 19 35 0.9232590407079806 0.2415544831089662
transition 37 19 32 0.09719258364562533 0.21031242062484126
transition 37 19 24 -0.5181670637180869 0.01397002794005588
transition 37 19 52 -0.6708335122226139 0.47599695199390396
transition 37 20 32 -0.8018527618442959 0.08203799654576857
transition 37 20 41 -0.9269456150408704 0.07081174438687392
transition 37 20 93 -0.37275553865263444 0.48272884283246975
transition 37 20 52 -0.714716290642381 0.3644214162348877
transition 37 21 52 0.2537449263235343 1.0
transition 37 22 5 0.05465457142744223 0.3048568950563747
transition 37 22 45 -0.9661685687074004 0.28924544666088464
transition 37 22 52 0.41499017832748475 0.40589765828274066
transition 37 23 28 0.2544117356268796 0.4891304347826087
transition 37 23 29 -0.5321741463686336 0.09394409937888198
transition 37 23 52 0.12155783456985225 0.4169254658385093
transition 37 24 69 0.12707936271854914 0.6298003072196621
transition 37 24 11 0.2932196964361742 0.027649769585253458
transition 37 24 52 -0.419676397853433 0.3425499231950845
transition 38 0 81 0.11560119817034575 1.0
transition 38 1 46 0.6150978956742199 0.6321243523316062
transition 38 1 81 0.7717455118389698 0.36787564766839376
transition 38 2 45 0.6042491801880747 0.5555555555555556
transition 38 2 81 -0.7712602401098985 0.4444444444444444
transition 38 3 81 -0.34184273041228197 1.0
transition 38 4 97 -0.7227866841161807 0.07510917030567686
transition 38 4 6 0.019681146681625572 0.5991266375545852
transition 38 4 81 0.7637790453689282 0.325764192139738
transition 38 5 29 0.8603352005471232 0.21600941730429665
transition 38 5 38 -0.5560636759227768 0.28958210712183635
transition 38 5 58 0.05274135409659464 0.14920541494997058
transition 38 5 97 -0.10125340464038479 0.057975279576221304
transition 38 5 81 -0.5607634790529037 0.2872277810476751
transition 38 6 5 0.4731032633401162 0.09666080843585237
transition 38 6 56 -0.4875890543744259 0.5061511423550088
transition 38 6 81 -0.5354785796218298 0.39718804920913886
transition 38 7 44 0.453471576317404 0.10999814505657578
transition 38 7 45 -0.8449734303174536 0.1626785383045817
transition 38 7 67 0.9718293938987244 0.1788165460953441
transition 38 7 66 0.39546145653101394 0.08588388054164348
transition 38 7 81 0.772239038269672 0.46262289000185497
transition 38 8 74 0.9976740782309266 0.352112676056338
transition 38 8 66 0.18312164536471087 0.00612369871402327
transition 38 8 77 -0.08421557205913399 0.3619105939987753
transition 38 8 59 -0.3228941940890644 0.08940600122473974
transition 38 8 81 -0.42074526476553564 0.1904470300061237
transition 38 9 15 0.3984721827794786 0.21925925925925926
transition 38 9 4 0.7360020398491596 0.4666666666666667
transition 38 9 81 -0.8319932144799362 0.31407407407407406
transition 38 10 81 0.4199893519879494 1.0
transition 38 11 6 -0.8674629853060778 0.0683583635422061
transition 38 11 15 -0.5155586663202114 0.36198860693940965
transition 38 11 55 0.5471344292055191 0.007767995857068877
transition 38 11 14 -0.08082061974071064 0.11496633868461936
transition 38 11 81 0.9685338441940905 0.446918694976696
transition 38 12 10 -0.32416611529880446 0.028016267510167194
transition 38 12 98 -0.17109389837230338 0.23271577044735653
transition 38 12 29 -0.006265981073168225 0.27745142340713963
transition 38 12 81 -0.24445541899966972 0.46181653863533667
transition 38 13 11 -0.8767000458027194 0.13033873343151695
transition 38 13 4 0.7098689380425127 0.28902798232695137
transition 38 13 17 0.25152397834500273 0.3287923416789396
transition 38 13 81 0.7634520152674817 0.25184094256259204
transition 38 14 14 -0.19968263307074996 0.06889632107023412
transition 38 14 66 0.42729982059920424 0.30301003344481603
transition 38 14 90 -0.025147358196889513 0.20869565217391303
transition 38 14 85 -0.43511406911525574 0.2431438127090301
transition 38 14 81 0.09824952097831274 0.17625418060200668
transition 38 15 56 -0.47543480777952496 0.29317507418397626
transition 38 15 73 0.5410282335019656 0.42492581602373886
transition 38 15 81 0.118231814216053 0.2818991097922849
transition 38 16 48 -0.19594268442928242 0.06320691949434465
transition 38 16 46 -0.03186953079114874 0.5748502994011976
transition 38 16 81 -0.5955028268599436 0.36194278110445777
transition 38 17 81 0.06703627632175935 1.0
transition 38 18 19 0.6302477513365092 0.2914046121593291
transition 38 18 59 -0.515175968069389 0.28343815513626835
transition 38 18 81 -0.5772633910726193 0.42515723270440253
transition 38 19 27 -0.5774733184235079 0.677570093457944
transition 38 19 78 0.35960943176691096 0.11214953271028037
transition 38 19 81 -0.2888911964088914 0.2102803738317757
transition 38 20 19 0.9136140491390383 0.5267584097859327
transition 38 20 81 0.5757654071411324 0.47324159021406725
transition 38 21 81 0.6753892276181612 1.0
transition 38 22 51 -0.21941086271701837 0.13215859030837004
transition 38 22 24 0.8732664157151269 0.125
transition 38 22 88 0.24538784588405527 0.5049559471365639
transition 38 22 89 0.819588901683679 0.06332599118942732
transition 38 22 81 -0.4773017009349818 0.17455947136563876
transition 38 23 80 -0.394677253291168 0.6293929712460063
transition 38 23 81 -0.22220926704890243 0.3706070287539936
transition 38 24 43 -0.354379043219305 0.5592105263157895
transition 38 24 26 -0.9423303266838863 0.23793859649122806
transition 38 24 81 0.5302146177296916 0.20285087719298245
transition 39 0 14 0.1917974775157789 0.5233082706766917
transition 39 0 31 -0.8511538034069368 0.4766917293233083
transition 39 1 10 0.9017309499881838 0.6714285714285714
transition 39 1 31 -0.5174311559314972 0.32857142857142857
transition 39 2 88 0.7888887734951382 0.3924581005586592
transition 39 2 85 0.6537185914938379 0.19925512104283055
transition 39 2 31 -0.029127516332632997 0.40828677839851024
transition 39 3 42 -0.4674292533963058 0.11491317671092952
transition 39 3 29 -0.05818058964822459 0.12997957099080695
transition 39 3 81 -0.15362461990425524 0.06230847803881512
transition 39 3 62 -0.7131127208691572 0.21910112359550563
transition 39 3 31 0.026688407366492584 0.4736976506639428
transition 39 4 75 -0.361287630912714 0.3488210818307906
transition 39 4 15 -0.12736570882061815 0.2843273231622746
transition 39 4 31 0.5474285297280872 0.3668515950069348
transition 39 5 31 0.7584976413787463 1.0
transition 39 6 0 0.6818067900333116 0.07781201848998459
transition 39 6 68 -0.4030146625377702 0.12249614791987673
transition 39 6 95 0.6995099901506947 0.31278890600924497
transition 39 6 32 0.5917034657318019 0.13713405238828968
transition 39 6 31 -0.3817052389536093 0.349768875192604
transition 39 7 38 0.5637829130635272 0.767833981841764
transition 39 7 31 -0.002910495438163796 0.23216601815823606
transition 39 8 31 0.060663085260016514 1.0
transition 39 9 18 0.4769736424741875 0.18040233614536016
transition 39 9 34 -0.15500946150993977 0.22388059701492538
transition 39 9 89 -0.808755375833417 0.18494484101232966
transition 39 9 31 -0.04407072715172866 0.4107722258273848
transition 39 10 51 -0.10469390304917114 0.57847533632287
transition 39 10 31 0.3776261149614011 0.42152466367713004
transition 39 11 87 0.3594276505063303 0.2708681135225376
transition 39 11 25 0.5935122437688207 0.33889816360601
transition 39 11 31 0.3949350685678197 0.3902337228714524
transition 39 12 74 0.5747808075731882 0.11439425918108907
transition 39 12 67 0.18531234332920543 0.16631490080202618
transition 39 12 7 -0.3812393312568856 0.1937526382439848
transition 39 12 91 -0.28675260788218093 0.17771211481637822
transition 39 12 31 0.4230170991401181 0.34782608695652173
transition 39 13 2 -0.8084252879841722 0.28082901554404144
transition 39 13 32 -0.37870586228073067 0.03989637305699482
transition 39 13 49 0.6550399283262127 0.21968911917098446
transition 39 13 31 0.4429921148196512 0.4595854922279793
transition 39 14 35 0.32705189629561304 0.3168642951251647
transition 39 14 33 -0.8326880302657893 0.4380764163372859
transition 39 14 31 -0.6481768701153114 0.2450592885375494
transition 39 15 31 -0.05094464319431635 1.0
transition 39 16 17 -0.2577986444406164 0.4114002478314746
transition 39 16 73 0.42266576363745156 0.1369268897149938
transition 39 16 31 -0.12098974313865951 0.4516728624535316
transition 39 17 31 0.6695574972076512 1.0
transition 39 18 50 0.2854169904985211 0.30838815789473684
transition 39 18 6 0.5195578994048524 0.32976973684210525
transition 39 18 31 0.9639495664202937 0.3618421052631579
transition 39 19 96 -0.4428984447432962 0.4121923937360179
transition 39 19 24 -0.19547528927966895 0.21420581655480983
transition 39 19 31 0.13807127130057673 0.37360178970917224
transition 39 20 21 -0.1658732542309742 0.011324470704086657
transition 39 20 81 -0.6702548036862597 0.08321024126046282
transition 39 20 67 0.41864992649853683 0.11915312653865091
transition 39 20 24 -0.4297850924080515 0.3663220088626292
transition 39 20 31 0.20972626767122216 0.41999015263417033
transition 39 21 16 0.19677057195272996 0.7363770250368189
transition 39 21 59 0.24196764386327896 0.047128129602356406
transition 39 21 31 -0.7932184476818893 0.21649484536082475
transition 39 22 14 -0.4816271290016656 0.21823334907888522
transition 39 22 5 -0.5752854819899311 0.2923948984411904
transition 39 22 31 -0.3850045725674702 0.4893717524799244
transition 39 23 74 0.7084895594806213 0.5480093676814989
transition 39 23 31 -0.5695820837738605 0.4519906323185012
transition 39 24 92 0.47987932840173886 0.33785310734463275
transition 39 24 51 -0.1901219906256726 0.24708097928436912
transition 39 24 31 0.03789910801712559 0.41506591337099813
transition 40 0 16 0.02623920241142841 0.1848808545603944
transition 40 0 6 -0.29307557874552415 0.44042728019720623
transition 40 0 93 0.6883536126212115 0.37469186524239934
transition 40 1 45 -0.5112513757742398 0.16752577319587628
transition 40 1 58 -0.48329481694770293 0.32667525773195877
transition 40 1 76 0.9109709809163862 0.039304123711340205
transition 40 1 93 0.02916399555829252 0.46649484536082475
transition 40 2 69 0.3352104852949531 0.18394415357766142
transition 40 2 70 0.2429072190796573 0.2879581151832461
transition 40 2 23 0.17108558877980062 0.06108202443280977
transition 40 2 93 -0.8270961415677351 0.46701570680628274
transition 40 3 93 -0.26990810054325176 1.0
transition 40 4 39 0.189211125782085 0.35417734495130704
transition 40 4 8 0.18721616855284706 0.009226037929267043
transition 40 4 84 -0.6747022055562362 0.34392619169656585
transition 40 4 93 -0.29837333566789015 0.2926704254228601
transition 40 5 60 -0.5348380892154228 0.2349869451697128
transition 40 5 22 0.8118276240329807 0.20481578183928054
transition 40 5 14 -0.8174721156030185 0.03249202204815782
transition 40 5 71 -0.20368598866786414 0.1847983753988976
transition 40 5 93 0.6293155936960146 0.3429068755439513
transition 40 6 92 -0.300618023323991 0.2190234264747389
transition 40 6 36 0.12489530585567077 0.18261360429014958
transition 40 6 15 -0.7420005604408333 0.1634208298052498
transition 40 6 16 0.9188909771410321 0.026248941574936496
transition 40 6 93 -0.13749877409269362 0.4086931978549252
transition 40 7 91 -0.8434847377873265 0.6920980926430518
transition 40 7 93 0.5930614682135107 0.3079019073569482
transition 40 8 84 -0.8418574179955454 0.2963746223564955
transition 40 8 60 0.04970020007779952 0.029003021148036254
transition 40 8 77 0.019919835184827095 0.17854984894259818
transition 40 8 68 -0.3598476301622868 0.14833836858006041
transition 40 8 93 -0.03289731685255903 0.3477341389728097
transition 40 9 48 -0.3996932429147575 0.12111801242236025
transition 40 9 63 0.9040611884379703 0.2998619737750173
transition 40 9 5 0.074443922296487 0.1538992408557626
transition 40 9 72 -0.760028957227959 0.14182194616977226
transition 40 9 93 0.454468703868143 0.2832988267770876
transition 40 10 84 0.39326467570372925 0.27314814814814814
transition 40 10 99 -0.3430016047046409 0.2692307692307692
transition 40 10 93 -0.15373393607404218 0.45762108262108264
transition 40 11 42 -0.9334340162101142 0.2106883659555751
transition 40 11 49 0.18377573561249183 0.18341763800307895
transition 40 11 57 -0.39363705248732606 0.04508467121178799
transition 40 11 4 -0.6200532423396616 0.0941279964811964
transition 40 11 93 0.7629605984522654 0.46668132834836157
transition 40 12 37 0.8847728418080147 0.262531328320802
transition 40 12 68 0.9158634173923592 0.37092731829573933
transition 40 12 39 -0.6770935186819693 0.18483709273182958
transition 40 12 93 0.5407112514054111 0.18170426065162906
transition 40 13 72 -0.8337493985334155 0.19191537589724217
transition 40 13 8 0.6600954359996536 0.3687193048734416
transition 40 13 93 -0.10003880252521213 0.4393653192293162
transition 40 14 63 0.06563348086546483 0.40839527765631833
transition 40 14 52 0.6365374852360843 0.27765631832094445
transition 40 14 93 -0.8247721857983725 0.3139484040227372
transition 40 15 86 0.9199698728923429 0.3924825174825175
transition 40 15 61 -0.6870522787593751 0.0743006993006993
transition 40 15 24 0.08571603929900817 0.12237762237762238
transition 40 15 93 -0.06963080788765397 0.41083916083916083
transition 40 16 93 0.39241281207307477 1.0
transition 40 17 15 -0.8089964308116016 0.6033057851239669
transition 40 17 93 0.42988162224730875 0.39669421487603307
transition 40 18 5 -0.38261603777068687 0.18957816377171216
transition 40 18 59 -0.9931407331228572 0.4486352357320099
transition 40 18 52 0.609967018599447 0.06352357320099256
transition 40 18 93 0.7557276085409115 0.29826302729528537
transition 40 19 93 0.7635239325830683 1.0
transition 40 20 88 0.3292098604954148 0.4976608187134503
transition 40 20 25 -0.7329801746868028 0.03274853801169591
transition 40 20 87 0.006564318542958025 0.291812865497076
transition 40 20 93 -0.08168927602008269 0.17777777777777778
transition 40 21 93 -0.4922109550768341 1.0
transition 40 22 72 0.26326683385134153 0.6967095851216023
transition 40 22 93 -0.7171955420174938 0.3032904148783977
transition 40 23 71 0.5939831375552205 0.20961412688031392
transition 40 23 95 -0.7485753958270258 0.32177894048397643
transition 40 23 93 -0.31000188375221405 0.4686069326357096
transition 40 24 65 -0.5291367854079849 0.42549289316827144
transition 40 24 21 0.22980010127310724 0.2590554791380101
transition 40 24 93 0.8571209373565047 0.3154516276937185
transition 41 0 85 -0.039215788376557814 0.4382267441860465
transition 41 0 90 -0.10275592699885716 0.11991279069767442
transition 41 0 92 -0.3586231461819287 0.4418604651162791
transition 41 1 92 -0.5366917180724018 1.0
transition 41 2 36 -0.4192106804273781 0.7689393939393939
transition 41 2 92 0.5800071653694918 0.23106060606060605
transition 41 3 92 0.3641109760680026 1.0
transition 41 4 13 0.3671270154642179 0.1836734693877551
transition 41 4 26 -0.08944711939986405 0.4743351886209029
transition 41 4 92 0.5015873579087793 0.341991341991342
transition 41 5 57 -0.6015981828951282 0.22432659932659932
transition 41 5 27 0.06494561757388984 0.19107744107744107
transition 41 5 63 0.9233807906611546 0.21717171717171718
transition 41 5 92 0.9934163215529077 0.36742424242424243
transition 41 6 6 -0.11332371879539349 0.2152953968829286
transition 41 6 1 0.10694970664055758 0.29539688292859734
transition 41 6 92 -0.1803985417880527 0.48930772018847407
transition 41 7 86 0.14257095905941886 0.28263380824027723
transition 41 7 14 -0.8752508895525162 0.25028879476318827
transition 41 7 97 0.5348709337360771 0.05737389295340778
transition 41 7 76 -0.9039588621730361 0.05929919137466307
transition 41 7 92 0.05022147570757829 0.3504043126684636
transition 41 8 17 0.5805849656256377 0.2556390977443609
transition 41 8 2 0.3663015958828031 0.24765037593984962
transition 41 8 92 0.4801456072181367 0.4967105263157895
transition 41 9 13 -0.1605399617418648 0.6412451361867705
transition 41 9 92 0.7804325912468755 0.3587548638132296
transition 41 10 87 -0.17996465000958106 0.18674136321195145
transition 41 10 29 -0.8502022639876567 0.4169000933706816
transition 41 10 92 0.2699034543657646 0.3963585434173669
transition 41 11 26 -0.9706413135257825 0.3032258064516129
transition 41 11 1 0.37015233527360447 0.2732718894009217
transition 41 11 92 0.5630773497786958 0.4235023041474654
transition 41 12 75 -0.6223711492686443 0.3145780051150895
transition 41 12 31 0.6231382502335885 0.2531969309462916
transition 41 12 92 0.8156159046621592 0.4322250639386189
transition 41 13 83 0.18076862513934744 0.2584045584045584
transition 41 13 43 0.017929001166972602 0.2831908831908832
transition 41 13 92 0.9046216318626092 0.4584045584045584
transition 41 14 82 -0.8135694151597381 0.07899216887980932
transition 41 14 86 0.9682745533692114 0.2233571671773919
transition 41 14 0 -0.9471361492956003 0.24514811031664965
transition 41 14 43 0.5572413685980873 0.1041879468845761
transition 41 14 92 -0.6759121436772686 0.34831460674157305
transition 41 15 91 -0.9162026048331888 0.07170172084130019
transition 41 15 18 0.6490674988998562 0.45506692160611856
transition 41 15 92 -0.6997144179647894 0.4732313575525813
transition 41 16 4 0.49567621421543073 0.12675397567820393
transition 41 16 87 -0.4797267680099362 0.05402245088868101
transition 41 16 18 0.6730324632429261 0.18311506080449017
transition 41 16 32 -0.2126825348082535 0.13868101028999064
transition 41 16 92 0.7873946817346091 0.49742750233863425
transition 41 17 86 0.08899251272041409 0.5724976613657624
transition 41 17 92 0.3357572942914868 0.4275023386342376
transition 41 18 30 -0.9226008214236137 0.5229007633587787
transition 41 18 92 -0.5366919987834939 0.4770992366412214
transition 41 19 47 -0.22804657637984382 0.24277456647398843
transition 41 19 68 -0.3937347456871081 0.3614939973321476
transition 41 19 92 -0.23599721770604054 0.3957314361938639
transition 41 20 92 0.6175961961892129 1.0
transition 41 21 87 0.37924390124570784 0.3402777777777778
transition 41 21 4 -0.2785848847082266 0.2604166666666667
transition 41 21 92 0.5945066340758678 0.3993055555555556
transition 41 22 92 -0.5757060223698347 1.0
transition 41 23 92 -0.5488104681841457 1.0
transition 41 24 36 0.7787091358434943 0.015885623510722795
transition 41 24 34 0.7370676998326549 0.6163621922160445
transition 41 24 92 0.6374091838602614 0.36775218427323275
transition 42 0 98 -0.6766922392616539 0.29421352893235536
transition 42 0 86 -0.9269012718015699 0.2404237978810106
transition 42 0 65 0.43477687382644103 0.46536267318663405
transition 42 1 55 0.3894735436825567 0.2215422276621787
transition 42 1 69 -0.46349126778011684 0.572827417380661
transition 42 1 65 -0.9185193918905765 0.20563035495716034
transition 42 2 90 -0.03885261693979136 0.07008086253369272
transition 42 2 18 0.0202194204008721 0.3926325247079964
transition 42 2 98 0.910960381625519 0.06019766397124888
transition 42 2 65 -0.7390489554755038 0.477088948787062
transition 42 3 17 -0.9909471308465199 0.21163575042158517
transition 42 3 70 0.3183807774394076 0.2692523889825745
transition 42 3 99 -0.8283750598207495 0.21528948847667229
transition 42 3 65 0.36476986745156403 0.30382237211916807
transition 42 4 67 -0.21239675798759516 0.6176470588235294
transition 42 4 65 -0.4160260417959476 0.38235294117647056
transition 42 5 15 -0.22710945327852694 0.32194244604316546
transition 42 5 55 -0.24044848414327014 0.08183453237410072
transition 42 5 48 -0.4453965468048737 0.2526978417266187
transition 42 5 65 0.6451194668917788 0.3435251798561151
transition 42 6 13 0.5506730778634945 0.13549198365293932
transition 42 6 70 0.8458397040373531 0.18233259981138006
transition 42 6 91 0.9923315097934198 0.2543225400817353
transition 42 6 20 -0.7045228755012258 0.24992140836215027
transition 42 6 65 0.04677743391408096 0.17793146809179503
transition 42 7 67 -0.5322065204820146 0.2691857059168131
transition 42 7 34 0.3301458039635561 0.14528412419449327
transition 42 7 76 -0.5911433375578539 0.09519625073227886
transition 42 7 68 0.21776807084958283 0.11042765084944346
transition 42 7 65 -0.7933259224218756 0.3799062683069713
transition 42 8 78 -0.9006594499434775 0.2767857142857143
transition 42 8 21 0.8657732378588985 0.2604166666666667
transition 42 8 65 0.5963197541094758 0.46279761904761907
transition 42 9 65 -0.5085070504318769 1.0
transition 42 10 85 -0.6504420490463698 0.7362086258776329
transition 42 10 65 -0.5704077140759716 0.2637913741223671
transition 42 11 24 -0.2291963921410043 0.027798933739527798
transition 42 11 46 -0.6027633761043882 0.20297029702970298
transition 42 11 16 0.656799782021465 0.138994668697639
transition 42 11 57 -0.5272989847369582 0.13632901751713633
transition 42 11 65 0.8230517806902247 0.4939070830159939
transition 42 12 4 0.8261131197527412 0.41102756892230574
transition 42 12 53 -0.656896941437815 0.32456140350877194
transition 42 12 65 0.33161107371228593 0.2644110275689223
transition 42 13 60 -0.703660161844331 0.1311180960933992
transition 42 13 54 -0.8858750028364757 0.09654243376740008
transition 42 13 32 0.5639727104094769 0.2599910193084867
transition 42 13 22 0.02277321383220432 0.03143242029636282
transition 42 13 65 -0.07770741362663114 0.48091603053435117
transition 42 14 43 -0.9854339044006801 0.41962524654832345
transition 42 14 50 -0.13421726829869618 0.14250493096646943
transition 42 14 65 0.44911732396926585 0.4378698224852071
transition 42 15 21 0.3285736600678426 0.4601542416452442
transition 42 15 19 -0.38431086342580456 0.10539845758354756
transition 42 15 65 -0.1449079196966363 0.43444730077120824
transition 42 16 12 0.4583021823739599 0.3165537270087125
transition 42 16 82 -0.3703056949522969 0.22168441432720232
transition 42 16 65 -0.7116182541936409 0.4617618586640852
transition 42 17 65 0.030662804929598053 1.0
transition 42 18 65 -0.25533096499018604 1.0
transition 42 19 14 0.510264955550491 0.5378398236590742
transition 42 19 65 0.7088716763405329 0.46216017634092577
transition 42 20 99 0.3105177665710812 0.1629056522673544
transition 42 20 38 -0.4783632482185405 0.21470019342359767
transition 42 20 85 0.5292419953287772 0.08854502471523748
transition 42 20 16 -0.1307639159510876 0.12787448957661723
transition 42 20 65 0.20981456735730153 0.4059746400171932
transition 42 21 22 -0.3955623326512856 0.832572298325723
transition 42 21 65 -0.6245030234840911 0.167427701674277
transition 42 22 8 0.3791514627129653 0.7341040462427746
transition 42 22 53 -0.3896228678846516 0.057803468208092484
transition 42 22 65 0.6441000459945732 0.20809248554913296
transition 42 23 39 0.5019268875444372 0.20116120218579234
transition 42 23 75 0.4250691711437251 0.04439890710382514
transition 42 23 28 -0.2730414507301009 0.32103825136612024
transition 42 23 65 0.8925148776513985 0.4334016393442623
transition 42 24 65 -0.1722609634722243 1.0
transition 43 0 96 -0.23664881161192253 0.7222222222222222
transition 43 0 58 0.3556719379579365 0.2777777777777778
transition 43 1 58 -0.5150615106738976 1.0
transition 43 2 89 0.7655703379190413 0.1795403165033911
transition 43 2 91 -0.8993365732868719 0.11341371514694801
transition 43 2 29 0.6278186016495368 0.18029389600602863
transition 43 2 11 0.9089579270608092 0.1060663149962321
transition 43 2 58 0.7646466849515468 0.42068575734740016
transition 43 3 10 0.4152407903533799 0.6019032513877874
transition 43 3 80 0.6058424558341826 0.02696272799365583
transition 43 3 87 -0.7290455705250187 0.09912767644726407
transition 43 3 58 -0.7757216303392984 0.2720063441712926
transition 43 4 34 -0.8647833813213281 0.14919628707267377
transition 43 4 29 -0.8253546058999823 0.15304505320353182
transition 43 4 84 -0.4582300424053747 0.0898800090559203
transition 43 4 36 -0.8272511644409548 0.19855105275073578
transition 43 4 58 -0.8095119950935838 0.40932759791713835
transition 43 5 89 0.8221563454917289 0.015436565364206465
transition 43 5 53 0.3345384078919915 0.13748191027496381
transition 43 5 54 0.3969708780583121 0.010612638687891944
transition 43 5 5 -0.7411705602747294 0.47081524360829713
transition 43 5 58 -0.4726920368983576 0.3656536420646406
transition 43 6 11 -0.8857023569238898 0.23217550274223034
transition 43 6 53 -0.8135722575638786 0.19987812309567338
transition 43 6 80 0.7641899678024282 0.14351005484460694
transition 43 6 58 -0.9799288492498899 0.4244363193174893
transition 43 7 83 -0.46344661860493774 0.12938271604938273
transition 43 7 87 0.24652060584505486 0.37580246913580245
transition 43 7 58 -0.9517710512138988 0.4948148148148148
transition 43 8 49 0.09678796839142412 0.7020057306590258
transition 43 8 58 0.7225742477205657 0.2979942693409742
transition 43 9 41 0.7797880815663683 0.25724828676858197
transition 43 9 34 0.3748615995094342 0.01845018450184502
transition 43 9 27 -0.8066936848275215 0.49973642593568796
transition 43 9 15 -0.3605558101308246 0.004744333157617291
transition 43 9 58 0.0018817636199781607 0.2198207696362678
transition 43 10 58 -0.1696331621916254 1.0
transition 43 11 45 -0.2864480119949775 0.6006655574043261
transition 43 11 58 0.9679173890103103 0.39933444259567386
transition 43 12 88 -0.9467296824838067 0.06918792143066549
transition 43 12 16 -0.04627705848494146 0.277338024039871
transition 43 12 36 0.8198225232522374 0.13133978305482263
transition 43 12 25 0.43745697513816517 0.24714160070360597
transition 43 12 58 0.37822681709358896 0.2749926707710349
transition 43 13 45 0.9542953106964678 0.6578349735049205
transition 43 13 58 0.3918560736957901 0.34216502649507946
transition 43 14 93 -0.7121328189064882 0.5202380952380953
transition 43 14 58 0.785040578743823 0.4797619047619048
transition 43 15 71 -0.8030209259933498 0.1761786600496278
transition 43 15 9 -0.12823431735778157 0.45409429280397023
transition 43 15 58 -0.10508871760401894 0.369727047146402
transition 43 16 44 -0.3584249052237565 0.35435435435435436
transition 43 16 24 0.0802086366550987 0.07457457457457457
transition 43 16 31 -0.7453211145534522 0.1891891891891892
transition 43 16 58 -0.3394875884563353 0.3818818818818819
transition 43 17 63 0.6492738617781397 0.32765072765072767
transition 43 17 48 0.6657365662450372 0.26403326403326405
transition 43 17 50 0.6227195556894358 0.16091476091476092
transition 43 17 58 0.9224103191499018 0.24740124740124741
transition 43 18 53 -0.18934593821500534 0.16849960722702279
transition 43 18 7 -0.14693081459882684 0.11822466614296936
transition 43 18 19 -0.09716697685816844 0.3413197172034564
transition 43 18 46 -0.10892500955271234 0.04320502749410841
transition 43 18 58 -0.20905734827664157 0.32875098193244306
transition 43 19 14 0.7854197076078606 0.13052631578947368
transition 43 19 98 0.9566250773068381 0.6182456140350877
transition 43 19 58 0.1252564916317489 0.2512280701754386
transition 43 20 1 -0.3203349718779467 0.2210581456259822
transition 43 20 78 -0.4953204239379607 0.4033525405971713
transition 43 20 16 -0.998538859474386 0.106862231534835
transition 43 20 58 0.13107862626096312 0.26872708224201153
transition 43 21 20 -0.2728492723317837 0.17447795823665893
transition 43 21 52 0.4980387425829007 0.3823665893271462
transition 43 21 58 -0.15190225488054465 0.4431554524361949
transition 43 22 43 -0.8334329687940185 0.6309963099630996
transition 43 22 88 -0.8127696761616092 0.0012300123001230013
transition 43 22 58 0.17825820946873638 0.3677736777367774
transition 43 23 73 -0.33467250686319283 0.5103092783505154
transition 43 23 58 0.6078127130933069 0.4896907216494845
transition 43 24 58 -0.47473395485346637 1.0
transition 44 0 1 -0.47655415798634126 0.5231788079470199
transition 44 0 99 0.15328146291403466 0.4768211920529801
transition 44 1 1 -0.3780921773187744 0.519298245614035
transition 44 1 99 -0.9225922452672735 0.4807017543859649
transition 44 2 1 0.8570043481030578 0.268099173553719
transition 44 2 38 -0.2187642876255509 0.21520661157024792
transition 44 2 35 -0.8459611101758109 0.05553719008264463
transition 44 2 99 0.2840822876022533 0.46115702479338844
transition 44 3 73 -0.021603559763624602 0.2886969042476602
transition 44 3 95 0.5717444312436157 0.36573074154067675
transition 44 3 99 0.03982809292111211 0.34557235421166305
transition 44 4 99 0.009367948882231358 1.0
transition 44 5 85 0.4446703121254729 0.1896551724137931
transition 44 5 2 0.7842825222984127 0.3651340996168582
transition 44 5 99 0.18949180700850032 0.4452107279693487
transition 44 6 26 0.7309147668027942 0.08796579108124618
transition 44 6 48 -0.3071718138184929 0.579108124618204
transition 44 6 99 -0.21959274872977597 0.33292608430054976
transition 44 7 27 -0.9767951392675762 0.1280022605255722
transition 44 7 34 -0.3696064244139745 0.16671376094942075
transition 44 7 14 0.9973701084726678 0.17632099463125175
transition 44 7 68 -0.7031982141211621 0.18084204577564283
transition 44 7 99 0.9167904428331848 0.34812093811811246
transition 44 8 77 0.8074607970145347 0.6868217054263566
transition 44 8 99 0.8573704895666916 0.31317829457364343
transition 44 9 99 -0.9188899332813663 1.0
transition 44 10 24 0.6454747663198397 0.2598350253807107
transition 44 10 43 0.3119044918517382 0.12785532994923857
transition 44 10 28 -0.3613051182124676 0.17290609137055837
transition 44 10 2 -0.1757779520878695 0.14276649746192893
transition 44 10 99 0.71960186160884 0.29663705583756345
transition 44 11 59 0.9216984470503513 0.5783365570599613
transition 44 11 99 0.20800216105351566 0.42166344294003866
transition 44 12 7 0.8053015632224199 0.476144578313253
transition 44 12 66 0.9257343862060607 0.12289156626506025
transition 44 12 93 0.8656836938858321 0.0163855421686747
transition 44 12 99 0.42451676350209144 0.38457831325301206
transition 44 13 99 0.5639200307578116 1.0
transition 44 14 12 -0.206195613559903 0.13944698627411975
transition 44 14 21 0.3404422242768306 0.10443604535508255
transition 44 14 0 0.4562192055179093 0.16729659836880845
transition 44 14 43 -0.9194368025831559 0.16411378555798686
transition 44 14 99 -0.1527350375050971 0.4247065844440024
transition 44 15 99 0.8751461147560828 1.0
transition 44 16 17 -0.07892779073236666 0.5586854460093896
transition 44 16 99 -0.894689898013052 0.4413145539906103
transition 44 17 53 -0.5063620153432227 0.794392523364486
transition 44 17 99 0.6241100400213326 0.205607476635514
transition 44 18 49 -0.31074862677834214 0.08293577981651376
transition 44 18 98 0.08184233104333427 0.1324770642201835
transition 44 18 40 0.6404703041537014 0.2326605504587156
transition 44 18 97 0.15163127651294972 0.052477064220183486
transition 44 18 99 -0.4783265239257284 0.49944954128440366
transition 44 19 28 -0.12908391750958148 0.5645933014354066
transition 44 19 99 -0.162116663140901 0.4354066985645933
transition 44 20 38 -0.39168676806064906 0.2439087610160705
transition 44 20 95 0.6523404692324797 0.257128045619492
transition 44 20 99 -0.2633883398029888 0.4989631933644375
transition 44 21 99 -0.29302266930326804 1.0
transition 44 22 61 -0.7399612867023027 0.23466221055144426
transition 44 22 10 -0.8525124187984905 0.21842921938410123
transition 44 22 30 0.7362857989353768 0.17426593459059442
transition 44 22 24 -0.5089233225191985 0.056576748627357364
transition 44 22 99 0.20435916324249326 0.3160658868465027
transition 44 23 50 0.12752554431859564 0.7678767876787679
transition 44 23 99 0.9113572638449368 0.23212321232123212
transition 44 24 79 -0.22907527940129135 0.4508816120906801
transition 44 24 50 -0.5612187128311261 0.22468513853904282
transition 44 24 99 -0.6966559072500131 0.32443324937027707
transition 45 0 23 -0.1429546346735484 0.024474023185916703
transition 45 0 59 -0.49035970890910874 0.40704164877629884
transition 45 0 16 -0.4836117624934697 0.3069987118935165
transition 45 0 58 0.5880943390430207 0.090167453842851
transition 45 0 20 -0.23740529180312575 0.17131816230141692
transition 45 1 20 -0.30673770377937815 1.0
transition 45 2 20 -0.4575449310492177 1.0
transition 45 3 70 0.7515691596160492 0.4053295932678822
transition 45 3 62 0.2501274965239164 0.3740065451145395
transition 45 3 20 0.7019168106266129 0.2206638616175783
transition 45 4 89 0.7366895192160852 0.2802721088435374
transition 45 4 65 0.7731474932765803 0.3187074829931973
transition 45 4 41 -0.9525324133289546 0.1727891156462585
transition 45 4 85 0.2476912818992023 0.008843537414965987
transition 45 4 20 -0.43632844059700426 0.2193877551020408
transition 45 5 99 -0.5318994467191804 0.4343290659080133
transition 45 5 89 0.17455569001988236 0.00948316737790422
transition 45 5 51 -0.8253674767526453 0.14035087719298245
transition 45 5 20 -0.9477743952461537 0.41583688952110004
transition 45 6 43 0.2941457331806483 0.4089285714285714
transition 45 6 93 -0.901418572147761 0.21071428571428572
transition 45 6 20 -0.4735686923680891 0.38035714285714284
transition 45 7 49 -0.4127517657090627 0.1389484094280534
transition 45 7 57 0.9836944088253063 0.12724575572770727
transition 45 7 86 0.8979697405978957 0.15938684687654525
transition 45 7 72 -0.4177059429202552 0.12444371188396242
transition 45 7 20 0.9880918503855347 0.44997527608373167
transition 45 8 97 0.47576861582203733 0.11436672967863894
transition 45 8 44 0.5818153048965875 0.22558286074354128
transition 45 8 45 -0.6560926563906422 0.23692501575299307
transition 45 8 93 -0.27579524749615825 0.15784499054820417
transition 45 8 20 0.19169348879222703 0.26528040327662256
transition 45 9 51 0.2929654808255524 0.595606183889341
transition 45 9 20 -0.290434890853809 0.40439381611065905
transition 45 10 14 -0.2550606284615362 0.3488533703961084
transition 45 10 58 -0.3862307447639368 0.02501737317581654
transition 45 10 23 -0.6039790005824219 0.14315496872828354
transition 45 10 20 0.00598735139140838 0.4829742876997915
transition 45 11 12 0.35580891510497104 0.6932989690721649
transition 45 11 20 -0.21687643985921934 0.30670103092783507
transition 45 12 6 0.9542695816769708 0.2773465067043049
transition 45 12 46 -0.8447496847437588 0.12526464361326747
transition 45 12 54 -0.9415726990579807 0.08645024700070572
transition 45 12 69 -0.7504241005209524 0.021524347212420608
transition 45 12 20 0.4742891110666203 0.48941425546930134
transition 45 13 77 0.2356100015223621 0.3282828282828283
transition 45 13 1 0.0029504895295155986 0.21885521885521886
transition 45 13 16 0.961284721091626 0.029292929292929294
transition 45 13 20 -0.1137321563583229 0.4235690235690236
transition 45 14 33 -0.2751392596164697 0.20768820074746397
transition 45 14 95 -0.734149409819596 0.24693005872931126
transition 45 14 81 0.5689629380182226 0.2530699412706887
transition 45 14 20 -0.8819875938995341 0.29231179925253603
transition 45 15 83 0.1334041555489447 0.5238095238095238
transition 45 15 20 -0.7196810947058778 0.47619047619047616
transition 45 16 73 0.779359495577653 0.3533834586466165
transition 45 16 47 -0.2686454337695683 0.31244778613199664
transition 45 16 20 0.19487206685866143 0.3341687552213868
transition 45 17 99 -0.27381664131504 0.09610291335603481
transition 45 17 53 -0.32742090904788723 0.06469920544835414
transition 45 17 27 -0.34353736789190914 0.13204691638289823
transition 45 17 86 -0.8140526308095017 0.26068861142640937
transition 45 17 20 0.6439372394132623 0.44646235338630347
transition 45 18 20 -0.004718527177391296 1.0
transition 45 19 98 0.5948490760937033 0.010704225352112675
transition 45 19 75 -0.2088050775187551 0.13802816901408452
transition 45 19 49 -0.9624593565727642 0.22422535211267605
transition 45 19 82 0.8213512238182259 0.19211267605633803
transition 45 19 20 0.42044757654700393 0.4349295774647887
transition 45 20 1 -0.7706982841599304 0.37249871729091844
transition 45 20 69 0.20501749211242526 0.3381221139045664
transition 45 20 63 0.9276157776041791 0.10518214468958441
transition 45 20 20 0.9982997501921953 0.18419702411493075
transition 45 21 20 0.2938887800077763 1.0
transition 45 22 20 -0.5146882517213558 1.0
transition 45 23 43 0.4459297855425055 0.11101585940848693
transition 45 23 58 0.8880533752361903 0.19759965709387056
transition 45 23 14 -0.3411777768588411 0.21903129018431206
transition 45 23 20 -0.9811249381854588 0.4723531933133305
transition 45 24 64 -0.9383973453721226 0.6267696267696268
transition 45 24 20 -0.6146699664886988 0.3732303732303732
transition 46 0 54 0.8731019043147172 0.1779573233892687
transition 46 0 0 -0.263998700608993 0.12119328775637042
transition 46 0 63 -0.20270637792141843 0.19929562875492024
transition 46 0 91 -0.39453249811195157 0.18479386782680754
transition 46 0 44 0.07807889806684165 0.3167598922726331
transition 46 1 48 0.8443620821112046 0.2222222222222222
transition 46 1 96 -0.4456583944756092 0.1500503524672709
transition 46 1 16 0.6777145293242779 0.3098355152735817
transition 46 1 44 -0.12038820743171286 0.31789191003692513
transition 46 2 81 0.09826821320438373 0.8043775649794802
transition 46 2 44 -0.8008023886218973 0.19562243502051985
transition 46 3 4 -0.29976864749479804 0.7515151515151515
transition 46 3 44 0.21003852380401544 0.24848484848484848
transition 46 4 44 0.7574751212373452 1.0
transition 46 5 6 -0.8235483470226812 0.6219054763690923
transition 46 5 72 -0.8567607201381131 0.047261815453863466
transition 46 5 44 0.4591275598418052 0.33083270817704424
transition 46 6 41 0.24436715347194138 0.1918649270913277
transition 46 6 8 -0.817450416485541 0.1834228702993093
transition 46 6 30 0.3305702419991876 0.43054489639293936
transition 46 6 44 -0.40557639190196015 0.19416730621642364
transition 46 7 83 0.43109570479020687 0.4081914404049701
transition 46 7 15 0.2033884397514949 0.007363092498849517
transition 46 7 36 -0.4337399144744667 0.34882650713299584
transition 46 7 44 -0.4845170639974057 0.23561895996318455
transition 46 8 83 -0.4701851372095891 0.11065573770491803
transition 46 8 73 0.91631891880762 0.5418032786885246
transition 46 8 44 0.09355187256382558 0.3475409836065574
transition 46 9 52 -0.2196718368806041 0.7531645569620253
transition 46 9 75 0.8245111070565934 0.029535864978902954
transition 46 9 44 0.16723715862509958 0.21729957805907174
transition 46 10 44 0.7123851600709106 1.0
transition 46 11 86 0.6125494579124544 0.5876288659793815
transition 46 11 44 -0.02396398215483786 0.41237113402061853
transition 46 12 51 0.3583465593899502 0.1920847491505097
transition 46 12 0 0.16624369969119224 0.15530681591045373
transition 46 12 90 0.9509989567859101 0.054767139716170296
transition 46 12 32 0.16710109678651675 0.1858884669198481
transition 46 12 44 0.42237073293016714 0.4119528283030182
transition 46 13 58 -0.816621376123347 0.4887599709934735
transition 46 13 3 -0.23598531862792016 0.05003625815808557
transition 46 13 44 0.695694499931214 0.4612037708484409
transition 46 14 0 -0.33370873934605894 0.5494296577946768
transition 46 14 44 -0.04824276027205676 0.4505703422053232
transition 46 15 47 0.7474589335008524 0.12424547283702213
transition 46 15 29 0.9432157925372848 0.2283702213279678
transition 46 15 26 -0.5625228871280059 0.17253521126760563
transition 46 15 44 0.9884679491382897 0.47484909456740443
transition 46 16 51 -0.31853889647764677 0.18282548476454294
transition 46 16 18 -0.996833686545767 0.15627885503231764
transition 46 16 33 -0.0025457012791401112 0.21144967682363805
transition 46 16 68 0.2580991903904539 0.19367497691597416
transition 46 16 44 0.3021010629386627 0.25577100646352724
transition 46 17 72 -0.48278902852803984 0.27291960507757407
transition 46 17 16 0.9014895990204026 0.346262341325811
transition 46 17 44 0.7671233209452535 0.38081805359661497
transition 46 18 1 0.29318946958268377 0.06995033112582781
transition 46 18 86 -0.7295631600349641 0.22806291390728478
transition 46 18 42 0.6710770937095873 0.31788079470198677
transition 46 18 44 0.07164729689739957 0.3841059602649007
transition 46 19 42 0.7683500355867672 0.6091205211726385
transition 46 19 44 -0.5704966452252256 0.39087947882736157
transition 46 20 36 -0.23871582934589863 0.0935430463576159
transition 46 20 37 0.8344586061222745 0.1837748344370861
transition 46 20 15 0.839606920538422 0.4793046357615894
transition 46 20 44 -0.981663157013841 0.2433774834437086
transition 46 21 99 -0.3352294139395746 0.007763975155279503
transition 46 21 80 -0.19821215654968327 0.6234472049689441
transition 46 21 33 -0.9320265055760244 0.06444099378881987
transition 46 21 44 0.16316138574224115 0.30434782608695654
transition 46 22 33 0.044555515056224904 0.5741626794258373
transition 46 22 44 0.6435352180970966 0.4258373205741627
transition 46 23 95 0.7457877745351766 0.1790946862016182
transition 46 23 28 0.6868808989110093 0.1417012901815001
transition 46 23 18 -0.15551336993199882 0.14388803848677018
transition 46 23 72 -0.881691800775392 0.14957358408047233
transition 46 23 44 0.9602709378253451 0.3857424010496392
transition 46 24 1 -0.571085451446872 0.4898688915375447
transition 46 24 7 -0.6825115507654502 0.15852205005959474
transition 46 24 36 0.41932736220892175 0.03575685339690107
transition 46 24 44 -0.2345411258048844 0.31585220500595945
transition 49 0 32 -0.2922305509545031 0.7228434504792333
transition 49 0 42 0.8828687120601186 0.2771565495207668
transition 49 1 66 -0.4444997577456704 0.1514360313315927
transition 49 1 44 0.5559432249983987 0.06266318537859007
transition 49 1 7 0.10885517817195778 0.08877284595300261
transition 49 1 1 0.04144729652300172 0.27067014795474326
transition 49 1 42 -0.5054997879159362 0.42645778938207135
transition 49 2 42 -0.37325323918075015 1.0
transition 49 3 20 -0.4648329309688801 0.22528916929547843
transition 49 3 50 0.3611025582680316 0.09305993690851735
transition 49 3 40 0.29790044760989876 0.15352260778128285
transition 49 3 61 -0.6553494610385209 0.1012092534174553
transition 49 3 42 -0.9110624449891642 0.42691903259726605
transition 49 4 54 0.3476574733599651 0.16582369942196531
transition 49 4 52 0.0935909630928764 0.08236994219653179
transition 49 4 61 -0.9074433823331758 0.07225433526011561
transition 49 4 47 -0.20390409593294878 0.3190028901734104
transition 49 4 42 -0.06197789654690089 0.36054913294797686
transition 49 5 11 0.055979350083153134 0.06887755102040816
transition 49 5 10 0.2007278402338648 0.5433673469387755
transition 49 5 42 -0.362798707599274 0.3877551020408163
transition 49 6 42 0.040585411065085175 1.0
transition 49 7 95 -0.17336728045080152 0.34973544973544973
transition 49 7 52 -0.3994428921176032 0.3423280423280423
transition 49 7 42 -0.12942401073207277 0.30793650793650795
transition 49 8 23 0.862542467099298 0.579033579033579
transition 49 8 90 -0.45730260771237186 0.23505323505323505
transition 49 8 42 -0.6497958279123863 0.18591318591318592
transition 49 9 45 0.7623591069027615 0.2594913380022116
transition 49 9 37 0.8090832786837696 0.20199041651308514
transition 49 9 11 -0.9724627580628324 0.10873571691854036
transition 49 9 42 -0.003261801353911409 0.42978252856616295
transition 49 10 89 -0.452616716552372 0.3117017604418364
transition 49 10 28 0.5875492929295587 0.059026579219882636
transition 49 10 20 -0.07902063640352752 0.15602347255781843
transition 49 10 42 0.07842490152002268 0.47324818778046257
transition 49 11 42 0.28501176541089523 1.0
transition 49 12 17 -0.013392289607225605 0.5368651010376844
transition 49 12 26 -0.31894213086147727 0.1223375204806117
transition 49 12 42 -0.23172994906430766 0.340797378481704
transition 49 13 9 0.47834135592945204 0.5506512301013025
transition 49 13 42 -0.2546170788726845 0.44934876989869754
transition 49 14 23 0.3350043315817737 0.5020718232044199
transition 49 14 42 -0.6141798056474745 0.4979281767955801
transition 49 15 42 0.11416859350422781 1.0
transition 49 16 23 0.8227742250711509 0.5900802334062728
transition 49 16 99 -0.10288697158663584 0.07585703865791393
transition 49 16 42 -0.5411034085444741 0.33406272793581326
transition 49 17 42 -0.8194537416600407 1.0
transition 49 18 78 0.9127983150195571 0.4775
transition 49 18 38 0.06359764049334116 0.325
transition 49 18 42 0.051310521195953696 0.1975
transition 49 19 3 0.965396874712495 0.45224719101123595
transition 49 19 52 -0.3651466152875771 0.2916666666666667
transition 49 19 96 0.9341547822662297 0.04260299625468165
transition 49 19 42 -0.9334549357789799 0.21348314606741572
transition 49 20 54 -0.5571124669396663 0.540734109221128
transition 49 20 42 -0.8116827656188861 0.459265890778872
transition 49 21 42 -0.14842178382266136 1.0
transition 49 22 12 -0.37079964929376663 0.10684089162182936
transition 49 22 85 0.30390264760662844 0.22598001537279017
transition 49 22 6 -0.5070111975131795 0.2890084550345888
transition 49 22 70 -0.21424253933372017 0.10069177555726365
transition 49 22 42 0.7059619167400482 0.27747886241352804
transition 49 23 54 -0.16183126958521243 0.5992779783393501
transition 49 23 42 -0.7395449000098446 0.4007220216606498
transition 49 24 50 0.0329789177025448 0.6103423160961399
transition 49 24 42 0.20031384918674777 0.3896576839038602
transition 50 0 21 0.35337821831808425 0.16566077003121749
transition 50 0 14 -0.6800942201324411 0.1619146722164412
transition 50 0 50 0.39100372200815503 0.19604578563995836
transition 50 0 94 -0.26114481283667756 0.2081165452653486
transition 50 0 64 0.004716737864355336 0.2682622268470343
transition 50 1 64 0.3150227965218433 1.0
transition 50 2 13 -0.6265635688294906 0.5676190476190476
transition 50 2 64 -0.6251286453092757 0.43238095238095237
transition 50 3 65 0.22843373502918607 0.36957605985037406
transition 50 3 51 -0.26977512971905315 0.3690773067331671
transition 50 3 8 0.5267551225042604 0.0713216957605985
transition 50 3 64 -0.16919482766972727 0.19002493765586034
transition 50 4 48 0.7247604200873143 0.08785332314744079
transition 50 4 79 0.029790146315897603 0.400305576776165
transition 50 4 31 -0.6385004264477199 0.1092436974789916
transition 50 4 64 -0.9609053985350364 0.4025974025974026
transition 50 5 61 0.5744501103464283 0.08166332665330661
transition 50 5 5 -0.780885835087209 0.11272545090180361
transition 50 5 9 0.5485644986216847 0.3001002004008016
transition 50 5 93 -0.5653575670960105 0.03557114228456914
transition 50 5 64 0.5003786069336442 0.46993987975951906
transition 50 6 93 0.1157630890835819 0.10405228758169935
transition 50 6 95 -0.054051638361961585 0.22379084967320262
transition 50 6 29 0.4264950741376574 0.10718954248366012
transition 50 6 87 -0.7773112102855304 0.11816993464052288
transition 50 6 64 -0.530266075925848 0.44679738562091503
transition 50 7 19 0.7540386894756814 0.4149630274032188
transition 50 7 12 -0.1495733145664333 0.18355806872553285
transition 50 7 64 -0.3003928011876864 0.40147890387124835
transition 50 8 8 0.8598902121420384 0.28703703703703703
transition 50 8 89 -0.09699679340914624 0.3345959595959596
transition 50 8 51 0.32242003362494165 0.1473063973063973
transition 50 8 64 0.08680761382560531 0.23106060606060605
transition 50 9 24 0.3195112601747614 0.23669923995656894
transition 50 9 92 0.10510484245453511 0.41042345276872966
transition 50 9 64 0.4165757597138757 0.3528773072747014
transition 50 10 60 -0.5734171811807163 0.1540084388185654
transition 50 10 46 0.25406306719017957 0.6244725738396625
transition 50 10 64 0.3735801881046119 0.22151898734177214
transition 50 11 64 0.21863170512664087 1.0
transition 50 12 92 -0.3753996961974073 0.20305676855895197
transition 50 12 84 -0.6230636605024142 0.11080786026200873
transition 50 12 36 0.13053768336569016 0.435589519650655
transition 50 12 64 -0.23152054664476585 0.25054585152838427
transition 50 13 64 -0.6886051497656334 1.0
transition 50 14 44 -0.6875101727383306 0.14807650977863743
transition 50 14 36 -0.24567286905911878 0.061680636148721255
transition 50 14 47 0.7445477141053936 0.0958521384053299
transition 50 14 49 0.05833419257375261 0.20932731571029442
transition 50 14 64 -0.8972362114782861 0.48506339995701697
transition 50 15 64 0.6927561689078341 1.0
transition 50 16 66 -0.7755112643143294 0.14953632148377125
transition 50 16 77 0.3901783008941442 0.2187017001545595
transition 50 16 96 -0.7659733963922439 0.15996908809891808
transition 50 16 64 0.9859735777861116 0.4717928902627512
transition 50 17 4 -0.9042620906578434 0.33275032794053344
transition 50 17 12 -0.24480850291708323 0.3139484040227372
transition 50 17 64 0.9610804011545928 0.35330126803672934
transition 50 18 32 -0.7750386064122592 0.30531784841075793
transition 50 18 40 -0.7642120766504814 0.242359413202934
transition 50 18 64 0.024082237460049116 0.45232273838630804
transition 50 19 64 -0.11142861642200419 1.0
transition 50 20 42 0.2827424107670622 0.5927152317880795
transition 50 20 64 -0.8800883873402157 0.40728476821192056
transition 50 21 64 0.21480522751935882 1.0
transition 50 22 16 0.611614407424862 0.30669546436285094
transition 50 22 59 -0.06291334244005209 0.4931605471562275
transition 50 22 64 0.3150488081331839 0.20014398848092152
transition 50 23 64 -0.2483417688002758 1.0
transition 50 24 64 0.5970541182776952 1.0
transition 51 0 91 0.8973676021344592 0.20796197266785502
transition 51 0 1 -0.5740506271564112 0.1265597147950089
transition 51 0 88 0.841633102670059 0.11942959001782531
transition 51 0 2 -0.9481480429323228 0.06327985739750445
transition 51 0 5 -0.9054320125705815 0.4827688651218063
transition 51 1 52 -0.1967806583936842 0.23166744511910323
transition 51 1 44 -0.4088823118189646 0.04016814572629612
transition 51 1 59 -0.52638733644391 0.43998131714152267
transition 51 1 64 -0.6569923930343591 0.033162073797290983
transition 51 1 5 0.42817353157121274 0.25502101821578704
transition 51 2 46 -0.3224413229719374 0.65625
transition 51 2 5 -0.07594957234431576 0.34375
transition 51 3 5 -0.40633506703444655 1.0
transition 51 4 88 0.5429322755528119 0.4480578139114724
transition 51 4 83 -0.3184795318198137 0.018970189701897018
transition 51 4 63 -0.7521968913639139 0.08672086720867209
transition 51 4 5 -0.4970580936534974 0.44625112917795845
transition 51 5 5 -0.4147823134425215 1.0
transition 51 6 87 0.8963568056651947 0.13298662704309064
transition 51 6 33 -0.12740211592245365 0.4524517087667162
transition 51 6 96 -0.7770783460650657 0.030460624071322436
transition 51 6 5 -0.7652182245817953 0.38410104011887075
transition 51 7 84 0.1574460775430726 0.6338028169014085
transition 51 7 5 0.39824790499536 0.36619718309859156
transition 51 8 91 0.6310098232856454 0.19337931034482758
transition 51 8 99 -0.9705908693761127 0.16882758620689656
transition 51 8 53 -0.37331520359322745 0.14924137931034484
transition 51 8 5 -0.2196282326523984 0.488551724137931
transition 51 9 34 0.6799150072524978 0.09570225963668587
transition 51 9 32 -0.13700947943358965 0.06778910057598582
transition 51 9 76 0.5478125535693936 0.1998227735932654
transition 51 9 55 0.23586422387805728 0.4142667257421356
transition 51 9 5 0.3099470337060546 0.22241914045192734
transition 51 10 14 0.3295767614091296 0.33685859772816296
transition 51 10 53 -0.9227654876302667 0.04308656482569526
transition 51 10 30 -0.9424145368064458 0.1707794751273012
transition 51 10 5 -0.0030884637769756917 0.4492753623188406
transition 51 11 81 -0.8383108537303308 0.45425361155698235
transition 51 11 54 -0.8320976485871721 0.36276083467094705
transition 51 11 5 -0.61072961272855 0.18298555377207062
transition 51 12 30 0.9656756895092622 0.727061556329849
transition 51 12 5 0.647468753162088 0.27293844367015097
transition 51 13 0 0.6995993690065807 0.3360745614035088
transition 51 13 90 -0.7836878371496456 0.31414473684210525
transition 51 13 68 -0.005721719428791072 0.010416666666666666
transition 51 13 72 -0.7478074189107562 0.16940789473684212
transition 51 13 5 0.14319636096959543 0.1699561403508772
transition 51 14 25 -0.9638132526294783 0.22745098039215686
transition 51 14 62 -0.49196445342256445 0.2872549019607843
transition 51 14 5 -0.21354078565114243 0.4852941176470588
transition 51 15 96 0.644123015683397 0.15820029027576196
transition 51 15 1 0.2661235706076972 0.24383164005805516
transition 51 15 9 0.6904875332369356 0.193033381712627
transition 51 15 5 0.243566215271954 0.40493468795355586
transition 51 16 59 -0.5275272069193042 0.11948717948717949
transition 51 16 7 0.5362017057231179 0.09230769230769231
transition 51 16 34 0.3782320328552682 0.13692307692307693
transition 51 16 78 0.031849719481833905 0.16384615384615384
transition 51 16 5 -0.40082361708968417 0.48743589743589744
transition 51 17 1 0.06942099995606932 0.3137254901960784
transition 51 17 31 -0.9301710496434084 0.14125650260104042
transition 51 17 3 -0.41317053661457237 0.10124049619847938
transition 51 17 5 -0.3239267190911128 0.44377751100440177
transition 51 18 45 -0.33654012835448155 0.19101123595505617
transition 51 18 29 -0.6544496932210477 0.26020106445890007
transition 51 18 0 -0.9041314104791778 0.16853932584269662
transition 51 18 5 -0.3442328794336824 0.38024837374334713
transition 51 19 29 0.8791926856999783 0.34167893961708395
transition 51 19 31 0.7679645871658232 0.12739322533136965
transition 51 19 95 -0.931810343224416 0.008468335787923416
transition 51 19 15 -0.022536136040439914 0.35014727540500734
transition 51 19 5 0.08469566738936463 0.1723122238586156
transition 51 20 61 -0.27862946441115866 0.03460410557184751
transition 51 20 43 0.25517809397499347 0.318475073313783
transition 51 20 89 0.6536622164628638 0.21173020527859238
transition 51 20 5 -0.7556291674155604 0.4351906158357771
transition 51 21 5 0.23445301886328584 1.0
transition 51 22 57 0.4476592956751262 0.458862247296662
transition 51 22 44 -0.7269237919024398 0.07992477668077104
transition 51 22 5 -0.6183551071927058 0.461212976022567
transition 51 23 85 -0.08910046757677637 0.07508073196986007
transition 51 23 66 -0.03737080441935969 0.19402583423035522
transition 51 23 51 0.4934145395293199 0.21743810548977396
transition 51 23 10 -0.6291123043560827 0.12701829924650163
transition 51 23 5 -0.3487155943128124 0.38643702906350913
transition 51 24 73 0.41447933082742683 0.19616858237547893
transition 51 24 60 0.8649674627681008 0.0210727969348659
transition 51 24 1 0.8811173148499509 0.37701149425287356
transition 51 24 5 0.24242408826538542 0.4057471264367816
transition 52 0 28 0.7363507770953732 0.24848484848484848
transition 52 0 35 0.8003334679683618 0.0696969696969697
transition 52 0 87 -0.4907228756292461 0.2946969696969697
transition 52 0 36 0.18901639008890037 0.38712121212121214
transition 52 1 87 0.6916793753936872 0.20400890868596883
transition 52 1 80 0.42927431264151994 0.12561247216035634
transition 52 1 66 -0.24389441407856682 0.032516703786191536
transition 52 1 25 0.3052871803327635 0.16837416481069042
transition 52 1 36 0.9445215653744845 0.46948775055679287
transition 52 2 23 0.9202685959742305 0.5776892430278885
transition 52 2 36 0.5690671573237469 0.42231075697211157
transition 52 3 55 0.9746825198565794 0.18985507246376812
transition 52 3 68 0.8313381634546619 0.10772946859903382
transition 52 3 96 0.5469515568625458 0.012801932367149759
transition 52 3 93 0.1459991455861287 0.23719806763285023
transition 52 3 36 -0.1771929470723259 0.4524154589371981
transition 52 4 36 -0.9162509515658128 1.0
transition 52 5 58 -0.05764893023627127 0.3882602545968883
transition 52 5 64 0.17518750750421042 0.30622347949080625
transition 52 5 36 -0.6605606541328097 0.3055162659123055
transition 52 6 26 -0.8086760070559436 0.565406976744186
transition 52 6 36 -0.4706219288565918 0.43459302325581395
transition 52 7 86 0.3957161246610381 0.3274336283185841
transition 52 7 64 0.888565474968364 0.19679730299199324
transition 52 7 50 -0.6749338368835227 0.08048883270122208
transition 52 7 36 0.21370485949568607 0.3952802359882006
transition 52 8 36 0.8754209417191519 1.0
transition 52 9 65 0.9049017183641979 0.5482142857142858
transition 52 9 36 0.49773806177637114 0.4517857142857143
transition 52 10 12 -0.931818561790901 0.13798111837327523
transition 52 10 85 0.8341772951797208 0.5170660856935366
transition 52 10 36 0.17353748513800182 0.3449527959331881
transition 52 11 50 0.9113170735636369 0.039133473095737246
transition 52 11 38 0.34206063814774645 0.037037037037037035
transition 52 11 79 -0.41670455453593025 0.6610761705101328
transition 52 11 36 0.9627738917883928 0.26275331935709295
transition 52 12 56 -0.043691002921209865 0.23702770780856422
transition 52 12 24 -0.7882769193543517 0.16826196473551638
transition 52 12 17 0.24836145062816195 0.20579345088161208
transition 52 12 6 0.08467521494176111 0.052141057934508815
transition 52 12 36 -0.6600806183787333 0.3367758186397985
transition 52 13 85 0.7326371607479507 0.3776325344952796
transition 52 13 91 -0.5260688172312022 0.09295570079883805
transition 52 13 9 0.27924478949799014 0.24473493100944083
transition 52 13 36 0.5700119957032743 0.28467683369644153
transition 52 14 15 -0.36336640650971286 0.43500948766603414
transition 52 14 63 -0.7991423521150192 0.10815939278937381
transition 52 14 36 0.9276394597871345 0.45683111954459205
transition 52 15 39 -0.35962978080890196 0.4143508917461634
transition 52 15 17 0.7067745610132599 0.2770634591455827
transition 52 15 36 0.23110414535187207 0.3085856491082538
transition 52 16 22 -0.4041216472056719 0.65244375484872
transition 52 16 36 0.22179991509606523 0.3475562451512801
transition 52 17 29 0.03970731988374698 0.22916666666666666
transition 52 17 9 0.5688795683308481 0.06295289855072464
transition 52 17 64 0.38219570328247077 0.1308876811594203
transition 52 17 6 0.6324536090035524 0.33152173913043476
transition 52 17 36 -0.4148949476868089 0.24547101449275363
transition 52 18 36 -0.866566786377194 1.0
transition 52 19 73 -0.5647939014021934 0.26640926640926643
transition 52 19 90 0.5077830787112234 0.2277992277992278
transition 52 19 86 0.7470975057770679 0.10081510081510081
transition 52 19 36 -0.8498680896278625 0.40497640497640497
transition 52 20 77 0.47357522313305145 0.2245268343271973
transition 52 20 54 0.6876185093142955 0.12678247342494167
transition 52 20 44 -0.36045701409625264 0.1861550427793622
transition 52 20 36 0.5111059363271924 0.46253564946849884
transition 52 21 97 0.020003087536093034 0.06881028938906752
transition 52 21 45 -0.7059557817869999 0.4887459807073955
transition 52 21 36 0.11521322205477413 0.442443729903537
transition 52 22 31 -0.7406160376823512 0.33398898505114083
transition 52 22 34 0.26126804777248136 0.024783634933123525
transition 52 22 63 -0.6157252350461091 0.029110936270653028
transition 52 22 68 0.1687305599762834 0.33634933123524785
transition 52 22 36 -0.5436468616123677 0.27576711250983477
transition 52 23 62 -0.8587914396997638 0.4520743919885551
transition 52 23 55 -0.9078275306148476 0.04864091559370529
transition 52 23 36 0.31523597108881907 0.49928469241773965
transition 52 24 9 0.9429263313469485 0.1349206349206349
transition 52 24 11 -0.2666458859112799 0.2280578898225957
transition 52 24 66 -0.6156134907544766 0.0403828197945845
transition 52 24 35 -0.8924609735701401 0.11367880485527544
transition 52 24 36 -0.6590746197113095 0.48295985060690944
transition 53 0 20 0.7886612611949309 0.6121212121212121
transition 53 0 9 0.260065528095081 0.3878787878787879
transition 53 1 34 -0.4094505130371304 0.10677578987438142
transition 53 1 41 0.2141886066274865 0.11058241339931481
transition 53 1 20 0.5746955357392185 0.18443090978302246
transition 53 1 69 -0.26960940324100346 0.12181195279786829
transition 53 1 9 -0.572652523193274 0.476398934145413
transition 53 2 44 0.11901348108039067 0.14429433745329118
transition 53 2 54 -0.2664558050266168 0.22995113538373096
transition 53 2 58 -0.7241592683468838 0.160678355849382
transition 53 2 81 0.2864246854658401 0.1195745903995401
transition 53 2 9 0.9351300676496968 0.34550158091405575
transition 53 3 84 0.18384938221028246 0.578343949044586
transition 53 3 9 0.7900568092013167 0.42165605095541403
transition 53 4 87 0.18613241774580125 0.4650053022269353
transition 53 4 30 -0.31551892215040356 0.2608695652173913
transition 53 4 39 0.254359530286862 0.02014846235418876
transition 53 4 9 -0.9172882724991012 0.2539766702014846
transition 53 5 49 -0.5192037147388993 0.7448979591836735
transition 53 5 9 0.11091654763916403 0.25510204081632654
transition 53 6 89 0.38551972828390935 0.64501312335958
transition 53 6 9 -0.11081358645703632 0.35498687664041995
transition 53 7 9 -0.9220038527195438 1.0
transition 53 8 61 0.021268987751932533 0.13069908814589665
transition 53 8 52 -0.47749499141191065 0.4447821681864235
transition 53 8 9 0.0774363452084732 0.42451874366767983
transition 53 9 31 -0.7854832844990796 0.6271186440677966
transition 53 9 9 -0.5443817523984977 0.3728813559322034
transition 53 10 34 0.4497525387863919 0.5
transition 53 10 9 0.8766659571147106 0.5
transition 53 11 26 -0.8045998133890258 0.8184306569343066
transition 53 11 9 0.529691356558442 0.18156934306569342
transition 53 12 47 -0.1030986459300971 0.0982360097323601
transition 53 12 43 -0.4729538570172038 0.14993917274939172
transition 53 12 70 -0.8951911559834127 0.1411192214111922
transition 53 12 38 -0.20691142982135124 0.25121654501216545
transition 53 12 9 -0.5475833242968431 0.3594890510948905
transition 53 13 25 -0.4513986032347235 0.3596080102258202
transition 53 13 34 0.6606546783458116 0.20792501065189603
transition 53 13 92 0.28875672371944394 0.1891776736259054
transition 53 13 9 0.9816067476442789 0.24328930549637837
transition 53 14 19 0.6886826697846198 0.09375933114362496
transition 53 14 3 -0.22520518360987518 0.25291131681098833
transition 53 14 55 -0.48101143067891683 0.27261869214690954
transition 53 14 9 -0.6534864418138211 0.38071065989847713
transition 53 15 68 -0.8768383041637677 0.17247969421882464
transition 53 15 62 0.6278808761608894 0.08838987099856666
transition 53 15 34 0.8403034086638723 0.16459627329192547
transition 53 15 3 -0.08002608041228809 0.15121834687052077
transition 53 15 9 0.5987350946518182 0.42331581462016243
transition 53 16 45 -0.3059218184092458 0.21771771771771772
transition 53 16 24 0.5463200760190583 0.12792792792792793
transition 53 16 80 0.5197047135066688 0.12702702702702703
transition 53 16 69 0.9211734444352331 0.17387387387387387
transition 53 16 9 0.7730094448380067 0.35345345345345347
transition 53 17 9 -0.9981675168056956 1.0
transition 53 18 9 -0.5292724828473578 1.0
transition 53 19 55 -0.45163833624524186 0.33561058923996584
transition 53 19 95 -0.3172049052176671 0.35354397950469685
transition 53 19 9 -0.5917119644048265 0.3108454312553373
transition 53 20 9 -0.7029961090595849 1.0
transition 53 21 9 -0.7593356338876449 1.0
transition 53 22 6 0.6943934461372296 0.5711974110032363
transition 53 22 49 0.0909484131427547 0.05825242718446602
transition 53 22 9 0.2879158755948046 0.3705501618122977
transition 53 23 41 0.8395459931486662 0.4612490594431904
transition 53 23 94 0.9543679621711507 0.1000752445447705
transition 53 23 9 -0.10522156208228317 0.43867569601203915
transition 53 24 70 0.7756148393619424 0.03553299492385787
transition 53 24 49 -0.9868473929320352 0.05768343331795108
transition 53 24 46 -0.03525323927011148 0.40839870789109367
transition 53 24 23 -0.805788336845175 0.14397784956160592
transition 53 24 9 -0.2017350449824089 0.3544070143054915
transition 54 0 0 0.9835392630785436 0.02321347291761493
transition 54 0 70 0.6083817123725248 0.18661811561219846
transition 54 0 62 0.43746656296363473 0.34774692762858445
transition 54 0 71 -0.8496036532303357 0.4424214838416022
transition 54 1 95 -0.9175443815042412 0.5907172995780591
transition 54 1 71 -0.4918464457170333 0.4092827004219409
transition 54 2 98 0.774269101205578 0.6943620178041543
transition 54 2 71 -0.666468771033282 0.3056379821958457
transition 54 3 90 0.6494651179509561 0.13108454312553372
transition 54 3 27 -0.1667968873833272 0.036293766011955594
transition 54 3 62 -0.9000242612397018 0.2403928266438941
transition 54 3 46 0.08141087897709354 0.16438941076003416
transition 54 3 71 0.6660415004128852 0.42783945345858243
transition 54 4 71 -0.39109083444775394 1.0
transition 54 5 65 0.885052196250935 0.7363636363636363
transition 54 5 71 0.20742270292767828 0.2636363636363636
transition 54 6 97 0.3495194657396601 0.4169819251786465
transition 54 6 13 0.42673921431244 0.12316099201345103
transition 54 6 33 0.3590011652706733 0.1067675493905002
transition 54 6 71 0.7799936711225888 0.3530895334174023
transition 54 7 33 -0.48917300239269923 0.6946564885496184
transition 54 7 71 0.9037453385030914 0.3053435114503817
transition 54 8 4 -0.4407075090715704 0.24814340588988476
transition 54 8 42 -0.6813700821430799 0.07887323943661972
transition 54 8 27 -0.8639885612186298 0.03636363636363636
transition 54 8 34 0.1261357199167885 0.15544174135723432
transition 54 8 71 0.6304152769074782 0.4811779769526248
transition 54 9 40 0.14783200214830794 0.562929061784897
transition 54 9 71 0.962371151813652 0.43707093821510296
transition 54 10 28 -0.6137207852778417 0.13815461346633418
transition 54 10 73 -0.855528161669707 0.12917705735660848
transition 54 10 52 0.1828824709209691 0.21546134663341646
transition 54 10 1 -0.4931875275720883 0.26932668329177056
transition 54 10 71 -0.8462339194996922 0.24788029925187033
transition 54 11 65 -0.0351096743762902 0.1545171339563863
transition 54 11 86 -0.8955118005647129 0.2035306334371755
transition 54 11 51 0.06802477887177516 0.19501557632398753
transition 54 11 97 -0.688678475286715 0.12980269989615784
transition 54 11 71 -0.4820892143091666 0.3171339563862928
transition 54 12 71 -0.970988736559971 1.0
transition 54 13 61 0.16357599185769356 0.7333333333333333
transition 54 13 71 0.2448659459164284 0.26666666666666666
transition 54 14 71 0.5195579573338436 1.0
transition 54 15 71 0.44457687340339613 1.0
transition 54 16 55 0.7434655227722098 0.1638888888888889
transition 54 16 12 0.21016435165966874 0.16166666666666665
transition 54 16 4 0.8729496887744665 0.4072222222222222
transition 54 16 80 0.08738390642790583 0.021666666666666667
transition 54 16 71 -0.7988037337315295 0.24555555555555555
transition 54 17 71 0.68886600552529 1.0
transition 54 18 26 -0.8991465934076963 0.20279720279720279
transition 54 18 65 -0.1026410490995524 0.3877233877233877
transition 54 18 71 0.20167024394284527 0.4094794094794095
transition 54 19 71 -0.6532742751309801 1.0
transition 54 20 26 -0.17720768410728405 0.2936708860759494
transition 54 20 78 0.16097309348923794 0.3037974683544304
transition 54 20 71 -0.3012809176022895 0.40253164556962023
transition 54 21 59 -0.7088616394574423 0.25603112840466924
transition 54 21 76 -0.9165139332346097 0.07911802853437094
transition 54 21 47 0.27426330850762004 0.018158236057068743
transition 54 21 79 -0.37557964667524146 0.15538261997405967
transition 54 21 71 -0.42978783218934313 0.49130998702983136
transition 54 22 26 0.007029969770213196 0.058057705840957076
transition 54 22 73 0.16182849363533802 0.30893736805066857
transition 54 22 58 -0.27373657736013834 0.11224489795918367
transition 54 22 20 0.8801003654245863 0.2072484166080225
transition 54 22 71 0.3202702839803284 0.3135116115411682
transition 54 23 11 0.5185094985495011 0.1115485564304462
transition 54 23 67 0.883514745475596 0.5721784776902887
transition 54 23 43 -0.12727504932240863 0.021653543307086614
transition 54 23 71 -0.7993192279714236 0.2946194225721785
transition 54 24 58 -0.45078693275474313 0.6571428571428571
transition 54 24 71 0.7507763901899258 0.34285714285714286
transition 55 0 7 0.0611688144336191 0.15990730011587487
transition 55 0 80 0.7122136824049281 0.40730011587485515
transition 55 0 98 -0.6528499932750951 0.43279258400927
transition 55 1 77 -0.165884821878723 0.363103953147877
transition 55 1 57 0.5597410266688894 0.3953147877013177
transition 55 1 98 -0.5367433227199987 0.24158125915080528
transition 55 2 10 -0.9879936068181325 0.11481291645310097
transition 55 2 40 -0.9300390879884644 0.39876986160943106
transition 55 2 27 -0.9929555080172419 0.019477191184008202
transition 55 2 98 0.22130769541923057 0.46694003075345974
transition 55 3 98 0.3205100716893883 1.0
transition 55 4 48 -0.09188779598733543 0.5852842809364549
transition 55 4 98 0.12102446114681431 0.41471571906354515
transition 55 5 56 0.2244811028767939 0.762987012987013
transition 55 5 98 -0.7506277845541003 0.237012987012987
transition 55 6 91 0.0047864629274774195 0.23539668700959024
transition 55 6 22 0.315759428431744 0.25675675675675674
transition 55 6 99 0.23965603828926363 0.1979075850043592
transition 55 6 98 0.8673713315869291 0.3099389712292938
transition 55 7 84 0.02053717126980903 0.358499095840868
transition 55 7 30 0.5661537339615708 0.4046112115732369
transition 55 7 98 0.4628893149434232 0.23688969258589512
transition 55 8 96 0.32619760911529494 0.14942528735632185
transition 55 8 33 -0.6205208651980318 0.5226860254083484
transition 55 8 9 0.9933277782155867 0.1119177253478524
transition 55 8 98 0.18781883057721283 0.2159709618874773
transition 55 9 61 0.7138359266058287 0.28431372549019607
transition 55 9 81 0.005959431859848374 0.214349376114082
transition 55 9 29 0.06525653111959673 0.0142602495543672
transition 55 9 98 0.6926406571820611 0.4870766488413547
transition 55 10 95 0.12130577257936603 0.14041994750656167
transition 55 10 55 0.6897617680769834 0.5249343832020997
transition 55 10 98 0.4113818907226259 0.3346456692913386
transition 55 11 88 -0.27773975840751786 0.4665271966527197
transition 55 11 99 -0.31604264496572165 0.15690376569037656
transition 55 11 98 -0.9098763183890592 0.37656903765690375
transition 55 12 98 0.541211262731325 1.0
transition 55 13 72 -0.7257636644564129 0.0903968642822146
transition 55 13 48 -0.4238632680356085 0.1795688388045076
transition 55 13 1 0.2499614695307819 0.1839784419402254
transition 55 13 69 0.35051431540551103 0.19402253797158256
transition 55 13 98 -0.24127759814648186 0.3520333170014699
transition 55 14 55 -0.4897238213572803 0.1196808510638298
transition 55 14 94 -0.7893948155609025 0.2429078014184397
transition 55 14 84 0.5648837442441474 0.004728132387706856
transition 55 14 56 -0.9168617990975614 0.20774231678486998
transition 55 14 98 0.7566302000677136 0.42494089834515364
transition 55 15 0 0.3809336803845833 0.17151826484018265
transition 55 15 78 -0.5411195274885012 0.2303082191780822
transition 55 15 48 -0.4082821447321252 0.2194634703196347
transition 55 15 39 0.3072577533145655 0.19406392694063926
transition 55 15 98 -0.5005194877717831 0.1846461187214612
transition 55 16 98 0.3993489450519141 1.0
transition 55 17 98 -0.15513198172455978 1.0
transition 55 18 15 0.46682338441363935 0.30303030303030304
transition 55 18 88 -0.6636644015547022 0.19696969696969696
transition 55 18 98 -0.1868867476494951 0.5
transition 55 19 72 -0.4792711705323023 0.6190476190476191
transition 55 19 98 0.7631572717593011 0.38095238095238093
transition 55 20 8 0.19225470847933268 0.026465028355387523
transition 55 20 16 -0.4702362234331885 0.265406427221172
transition 55 20 81 -0.9177325141784278 0.25633270321361057
transition 55 20 84 0.6722933288847854 0.2831758034026465
transition 55 20 98 0.9235632007075856 0.16862003780718338
transition 55 21 32 -0.0031341823183421713 0.01710081527142573
transition 55 21 80 -0.3318542464557297 0.1451580831179161
transition 55 21 16 -0.6567016940197612 0.1948697554185723
transition 55 21 10 -0.3554941899978168 0.1564923444024657
transition 55 21 98 -0.272528106738805 0.4863790017896202
transition 55 22 57 0.7097658141519287 0.8076923076923077
transition 55 22 98 0.3732033006582296 0.19230769230769232
transition 55 23 20 0.8476870200892948 0.17794253938832252
transition 55 23 51 0.7099041397161936 0.43836886005560705
transition 55 23 98 -0.20042493907714665 0.38368860055607046
transition 55 24 83 -0.881466124654843 0.26074600355239785
transition 55 24 45 -0.8683561919391705 0.30479573712255775
transition 55 24 47 -0.2641123665759961 0.05079928952042629
transition 55 24 98 -0.18432308764449923 0.3836589698046181
transition 56 0 96 -0.9449030127127023 0.28868778280542984
transition 56 0 34 0.3348812086872155 0.3257918552036199
transition 56 0 53 0.9637339779226988 0.38552036199095024
transition 56 1 91 -0.9812114965167691 0.0945945945945946
transition 56 1 88 -0.8755500797735802 0.4093799682034976
transition 56 1 52 0.9937919224182215 0.06677265500794913
transition 56 1 57 0.4569987393935562 0.06597774244833068
transition 56 1 53 -0.5455636469434284 0.36327503974562797
transition 56 2 85 -0.12333966226616644 0.35081967213114756
transition 56 2 69 -0.4722751546417949 0.2459016393442623
transition 56 2 53 -0.21814952508001917 0.40327868852459015
transition 56 3 11 -0.5231526745626356 0.6326530612244898
transition 56 3 53 -0.8810781686372084 0.3673469387755102
transition 56 4 59 -0.17147226241635094 0.4477987421383648
transition 56 4 43 0.6386063227133849 0.28679245283018867
transition 56 4 53 -0.6297243045079237 0.26540880503144654
transition 56 5 53 0.7347998923601495 1.0
transition 56 6 87 -0.5037827351747932 0.13900862068965517
transition 56 6 51 0.158925988075997 0.5366379310344828
transition 56 6 2 0.8795476745944604 0.14331896551724138
transition 56 6 53 0.47903730253452936 0.1810344827586207
transition 56 7 92 -0.11900714401082069 0.19442292796281951
transition 56 7 18 -0.19254429864677203 0.35243996901626645
transition 56 7 71 0.5913909627801197 0.15530596436870642
transition 56 7 53 -0.7380397704902679 0.2978311386522076
transition 56 8 34 -0.5180378772555567 0.6924882629107981
transition 56 8 53 0.6373089020789726 0.3075117370892019
transition 56 9 31 -0.33062964244122717 0.15922619047619047
transition 56 9 19 0.2651330586440763 0.11755952380952381
transition 56 9 93 -0.14957944020856018 0.3635912698412698
transition 56 9 20 -0.46616399709718825 0.09771825396825397
transition 56 9 53 0.7795781369641994 0.2619047619047619
transition 56 10 26 0.27897311038578176 0.2588943623426382
transition 56 10 91 0.24090568574110582 0.15216201423097975
transition 56 10 57 0.6143682432305277 0.03694581280788178
transition 56 10 99 -0.4172444236423729 0.210727969348659
transition 56 10 53 0.5413139875682542 0.3412698412698413
transition 56 11 86 -0.9168738441284838 0.24483068624513035
transition 56 11 96 -0.8529554460292292 0.014084507042253521
transition 56 11 12 -0.7838972190241269 0.2697033263410249
transition 56 11 53 -0.15893714280952653 0.4713814803715913
transition 56 12 53 0.9231686716647138 1.0
transition 56 13 70 -0.2597558360491654 0.09045226130653267
transition 56 13 78 0.2622120912518291 0.41457286432160806
transition 56 13 53 -0.892486772145068 0.4949748743718593
transition 56 14 27 -0.6687729050265472 0.26255293405928615
transition 56 14 81 -0.922925593536877 0.10859044162129462
transition 56 14 89 0.21456735371887703 0.15970961887477314
transition 56 14 53 -0.557677951866711 0.4691470054446461
transition 56 15 53 0.9391810114268264 1.0
transition 56 16 31 0.725129218080979 0.6436170212765957
transition 56 16 53 0.4292768808240981 0.35638297872340424
transition 56 17 0 0.6053118762201899 0.1798063623789765
transition 56 17 14 0.049115745413585765 0.5318118948824343
transition 56 17 56 -0.21983775756120028 0.12102351313969571
transition 56 17 53 0.47149870233200963 0.1673582295988935
transition 56 18 4 -0.05228416687278026 0.31194690265486724
transition 56 18 72 -0.21684383426045795 0.3613569321533923
transition 56 18 53 -0.18375564232774488 0.32669616519174044
transition 56 19 68 0.9043745915877417 0.5048543689320388
transition 56 19 27 0.25733651762175325 0.0691747572815534
transition 56 19 53 0.7068595750822364 0.42597087378640774
transition 56 20 9 0.05650502773157151 0.28858578607322327
transition 56 20 80 0.1567513639103777 0.2290021536252692
transition 56 20 53 0.49541517829002446 0.4824120603015075
transition 56 21 49 0.38808218080574597 0.5022261798753339
transition 56 21 53 0.3649181745086707 0.4977738201246661
transition 56 22 25 -0.5787302017327651 0.4628410159924741
transition 56 22 47 0.4132728572400446 0.08748824082784572
transition 56 22 42 0.08010340811820504 0.0658513640639699
transition 56 22 53 0.4510672157539153 0.38381937911571024
transition 56 23 53 -0.5578355537141013 1.0
transition 56 24 17 -0.8783837118001412 0.4300776914539401
transition 56 24 99 0.6365737883150306 0.03829078801331853
transition 56 24 70 0.6757440564716561 0.1609322974472808
transition 56 24 53 -0.9180767279571764 0.3706992230854606
transition 57 0 27 -0.56014275905176 0.2256203115983843
transition 57 0 29 -0.8370297347365083 0.33698788228505483
transition 57 0 94 0.6051909566183509 0.43739180611656087
transition 57 1 94 -0.9488173165836962 1.0
transition 57 2 80 0.565522257955551 0.6104651162790697
transition 57 2 94 0.8087273835584798 0.38953488372093026
transition 57 3 86 -0.17810651339589678 0.748015873015873
transition 57 3 94 -0.5784933583193506 0.251984126984127
transition 57 4 28 -0.8745353407596386 0.23523622047244094
transition 57 4 96 0.2938356403634139 0.4940944881889764
transition 57 4 94 -0.12076999356981655 0.2706692913385827
transition 57 5 0 0.14829957636767688 0.2482508421870951
transition 57 5 89 0.9733663021095038 0.002591344908007256
transition 57 5 1 -0.45443535508096766 0.14537444933920704
transition 57 5 76 -0.5088271725888895 0.15625809795283752
transition 57 5 94 -0.24846882363991019 0.44752526561285305
transition 57 6 12 -0.2858411025591867 0.030837004405286344
transition 57 6 80 -0.6784629780971694 0.16236626809314034
transition 57 6 13 0.737336639274708 0.45374449339207046
transition 57 6 94 0.5177146668824806 0.3530522341095028
transition 57 7 82 0.6835468357821926 0.7186311787072244
transition 57 7 94 0.8823242373187519 0.2813688212927757
transition 57 8 96 0.46287070863430224 0.8025793650793651
transition 57 8 94 -0.932113500034677 0.1974206349206349
transition 57 9 0 0.3168261481534118 0.37839171188949183
transition 57 9 14 -0.01498088207777526 0.246669955599408
transition 57 9 92 0.9944519985435427 0.13468179575727676
transition 57 9 94 0.8841165362837706 0.24025653675382339
transition 57 10 16 0.6913676554067574 0.1912568306010929
transition 57 10 53 -0.14272191299629267 0.1137605563835072
transition 57 10 3 -0.9394715709086929 0.30303030303030304
transition 57 10 94 0.8231449887356908 0.3919523099850969
transition 57 11 85 -0.7513986462486699 0.036544850498338874
transition 57 11 87 0.08076101039796502 0.11760797342192691
transition 57 11 17 0.24802653924977602 0.13089700996677742
transition 57 11 9 0.002609769320708555 0.3674418604651163
transition 57 11 94 0.38140997301729973 0.3475083056478405
transition 57 12 74 -0.625756932495642 0.2221563981042654
transition 57 12 1 -0.9750438750570773 0.5361374407582938
transition 57 12 94 -0.5378797797283421 0.24170616113744076
transition 57 13 44 -0.7776090323326226 0.18960107575078441
transition 57 13 6 0.6740558997741548 0.38054683998207084
transition 57 13 35 0.04629839773197353 0.01523980277902286
transition 57 13 94 -0.9981715248615877 0.4146122814881219
transition 57 14 4 -0.11238211869913362 0.7105263157894737
transition 57 14 94 0.023426174119744125 0.2894736842105263
transition 57 15 74 -0.9242781228993608 0.19506292352371732
transition 57 15 62 -0.9590555737532116 0.22991287512100678
transition 57 15 79 0.7779311461570764 0.18393030009680542
transition 57 15 94 -0.4575717152132357 0.3910939012584705
transition 57 16 15 0.8621392637807321 0.8043297252289758
transition 57 16 94 0.041875385445090174 0.19567027477102414
transition 57 17 14 0.45526205424897337 0.24845201238390094
transition 57 17 37 -0.8855192074513685 0.25541795665634676
transition 57 17 94 0.08843383635762136 0.49613003095975233
transition 57 18 49 -0.8655376150374057 0.3593073593073593
transition 57 18 37 -0.4167442206968528 0.19336219336219337
transition 57 18 94 0.18383618245831812 0.44733044733044736
transition 57 19 94 -0.35560360205685293 1.0
transition 57 20 5 -0.8162382588364401 0.2209794437726723
transition 57 20 2 -0.6042845171478226 0.1435912938331318
transition 57 20 7 0.9183599883132729 0.06831922611850061
transition 57 20 52 -0.14574294950103917 0.27660217654171704
transition 57 20 94 0.26472352943050415 0.29050785973397825
transition 57 21 73 0.30195886994177057 0.8242574257425742
transition 57 21 94 -0.4130774060717941 0.17574257425742573
transition 57 22 4 0.06564706338393433 0.5619469026548672
transition 57 22 94 -0.7457377909637533 0.43805309734513276
transition 57 23 94 -0.10929195222972776 1.0
transition 57 24 94 -0.8827180086127493 1.0
transition 58 0 35 -0.9933579092700944 1.0
transition 58 1 28 0.9268362984958756 0.4626038781163435
transition 58 1 45 -0.41978242468598426 0.12188365650969529
transition 58 1 35 -0.24815375575813392 0.4155124653739612
transition 58 2 35 -0.6421378679001526 1.0
transition 58 3 82 0.11488293644150116 0.7006172839506173
transition 58 3 35 -0.9099802739045226 0.2993827160493827
transition 58 4 58 0.828001457612368 0.5923566878980892
transition 58 4 35 -0.06690699018156376 0.40764331210191085
transition 58 5 35 0.32300276800901284 1.0
transition 58 6 35 -0.9345319437315294 1.0
transition 58 7 77 -0.6005102714230617 0.03991130820399113
transition 58 7 62 -0.05968301705131074 0.30155210643015523
transition 58 7 33 0.07021937392812228 0.09046563192904657
transition 58 7 72 0.3163369953019073 0.20532150776053215
transition 58 7 35 -0.45557177179393116 0.36274944567627493
transition 58 8 96 -0.7583443405157895 0.3550065019505852
transition 58 8 74 0.8727684383029644 0.25704377980060683
transition 58 8 42 -0.4381234061135637 0.025140875596012136
transition 58 8 35 -0.5875442420939747 0.36280884265279584
transition 58 9 35 -0.8884827698386404 1.0
transition 58 10 85 -0.0275656059999021 0.0576271186440678
transition 58 10 15 -0.7074479325459306 0.3055690072639225
transition 58 10 29 -0.6754896533728094 0.2261501210653753
transition 58 10 35 0.7113104765481393 0.41065375302663437
transition 58 11 35 -0.8953952512844086 1.0
transition 58 12 35 -0.052945316803202136 1.0
transition 58 13 85 -0.5398590781666837 0.3017964071856287
transition 58 13 45 0.3842543676824979 0.3592814371257485
transition 58 13 35 0.808811456052869 0.3389221556886228
transition 58 14 7 0.3064261661719765 0.10674297088828066
transition 58 14 20 0.9083169000442513 0.157253048021896
transition 58 14 82 -0.7965276052619183 0.23787011694451357
transition 58 14 35 0.4637879875178976 0.4981338641453098
transition 58 15 35 0.39311834094722564 1.0
transition 58 16 7 0.7862661312963741 0.6200417536534447
transition 58 16 35 0.43569907968537835 0.37995824634655534
transition 58 17 35 -0.47978751155833055 1.0
transition 58 18 56 0.1005597618351044 0.17393833624200117
transition 58 18 67 -0.3185731701070271 0.2658522396742292
transition 58 18 98 0.1064926382545428 0.07097149505526469
transition 58 18 35 -0.03085051426770291 0.48923792902850494
transition 58 19 59 -0.33448848982232926 0.3651942117288652
transition 58 19 49 0.8583011044240152 0.29131759329779133
transition 58 19 35 0.7874008790628748 0.3434881949733435
transition 58 20 76 0.16612195464071933 0.1273644388398487
transition 58 20 68 -0.4599815755674632 0.4110970996216898
transition 58 20 35 0.3069332337041213 0.46153846153846156
transition 58 21 90 0.3549496360645432 0.2639168343393696
transition 58 21 36 -0.181390855987291 0.32025486250838364
transition 58 21 55 -0.2762516061313738 0.056338028169014086
transition 58 21 35 0.43313889386707216 0.3594902749832327
transition 58 22 64 0.33000257222486606 0.6268817204301075
transition 58 22 35 0.799969697419985 0.37311827956989246
transition 58 23 53 0.8926943330825117 0.14531548757170173
transition 58 23 93 0.1177168112215703 0.24251115360101977
transition 58 23 87 -0.2840386715857277 0.2304015296367113
transition 58 23 18 -0.6685634883565357 0.0248565965583174
transition 58 23 35 0.9561419234273092 0.35691523263224983
transition 58 24 74 -0.6963896811525279 0.05909177275318259
transition 58 24 19 0.8538472801197021 0.1816454493634809
transition 58 24 54 0.7076750359166937 0.16758502755082652
transition 58 24 40 -0.06413192151084379 0.17328519855595667
transition 58 24 35 0.9042336525602837 0.4183925517765533
transition 59 0 3 -0.9615624231736755 0.158497772119669
transition 59 0 18 0.7572976720281028 0.302355187778485
transition 59 0 52 0.6336810341794157 0.19669000636537237
transition 59 0 63 -0.6987804546811842 0.34245703373647357
transition 59 1 45 0.35248544838012097 0.6420798065296252
transition 59 1 59 -0.38239119035595404 0.18016928657799275
transition 59 1 63 0.051245385646544905 0.1777509068923821
transition 59 2 63 0.9213234779145949 1.0
transition 59 3 63 0.553259991978404 1.0
transition 59 4 63 -0.5491924050835646 1.0
transition 59 5 13 -0.8024793729025077 0.2453728186144897
transition 59 5 83 0.5889022633047398 0.14225277630883132
transition 59 5 3 0.6127219423346391 0.19196192490745637
transition 59 5 63 -0.6768402325255296 0.4204124801692226
transition 59 6 16 -0.5097850518433127 0.36067415730337077
transition 59 6 77 -0.4184249551130814 0.3921348314606742
transition 59 6 63 0.29700926336108613 0.24719101123595505
transition 59 7 14 0.8441982567309776 0.3624717407686511
transition 59 7 64 -0.4749381229819183 0.2950263752825923
transition 59 7 91 0.9376717490451072 0.1333835719668425
transition 59 7 63 0.19304091562461645 0.20911831198191408
transition 59 8 46 -0.8316507741583432 0.7933817594834544
transition 59 8 63 0.3857157048762503 0.2066182405165456
transition 59 9 4 -0.18625286907263772 0.45156482861400893
transition 59 9 58 0.0726528490175149 0.06557377049180328
transition 59 9 70 -0.6192000360424705 0.09538002980625931
transition 59 9 63 0.8386916320192424 0.38748137108792846
transition 59 10 84 0.2481468527974715 0.1829634073185363
transition 59 10 76 -0.47756647751368964 0.016796640671865627
transition 59 10 81 -0.7493616461599106 0.4547090581883623
transition 59 10 63 -0.8237571829238977 0.34553089382123575
transition 59 11 83 -0.006202061853632923 0.3355048859934853
transition 59 11 4 -0.5784797483709201 0.18648208469055375
transition 59 11 23 0.02470011983345044 0.09283387622149837
transition 59 11 63 -0.7029752279038846 0.38517915309446255
transition 59 12 2 -0.020100545375806078 0.5125284738041003
transition 59 12 41 0.8477126671565647 0.296127562642369
transition 59 12 63 0.14001392176933236 0.19134396355353075
transition 59 13 2 -0.8708097691533454 0.6664355062413315
transition 59 13 63 0.9527463721650238 0.33356449375866853
transition 59 14 71 0.14209523048592732 0.03923973022685469
transition 59 14 79 -0.3866546117527301 0.09074187614960147
transition 59 14 65 0.30958772408373414 0.45003065603923975
transition 59 14 63 -0.2590876495323784 0.41998773758430413
transition 59 15 63 0.8230036772162606 1.0
transition 59 16 11 -0.1827750964811239 0.2692307692307692
transition 59 16 65 -0.582876985038612 0.17430441898527005
transition 59 16 57 -0.13540247880660106 0.08756137479541735
transition 59 16 63 -0.8046299171669078 0.46890343698854337
transition 59 17 42 -0.7548795534162476 0.3821100917431193
transition 59 17 3 0.7731650360741744 0.32064220183486236
transition 59 17 63 -0.794297218439652 0.29724770642201837
transition 59 18 46 0.5065352839670734 0.009685230024213076
transition 59 18 21 0.5965614352422626 0.4939467312348668
transition 59 18 63 0.8251982428450579 0.4963680387409201
transition 59 19 63 -0.352833215188215 1.0
transition 59 20 14 -0.35450339543888454 0.1978518937252685
transition 59 20 82 0.6832719970364654 0.34934991520633124
transition 59 20 63 -0.6622642441306814 0.45279819106840025
transition 59 21 8 -0.045472793257760324 0.587024329382408
transition 59 21 63 -0.5033164072011278 0.412975670617592
transition 59 22 63 0.735740272263969 1.0
transition 59 23 32 -0.5896142176638492 0.24310872894333843
transition 59 23 92 -0.9799060255771654 0.3181470137825421
transition 59 23 86 0.24580747180254958 0.25612557427258803
transition 59 23 63 -0.5752729731642712 0.1826186830015314
transition 59 24 63 -0.8298707456724335 1.0
transition 60 0 38 -0.9524593921970335 0.18832731648616124
transition 60 0 10 -0.35903656913039583 0.14470517448856798
transition 60 0 62 -0.4074411432163516 0.1976534296028881
transition 60 0 88 -0.585001789985516 0.4693140794223827
transition 60 1 49 0.2745718958432868 0.6503067484662577
transition 60 1 88 0.7970962527496868 0.3496932515337423
transition 60 2 62 0.015622636431587233 0.746588693957115
transition 60 2 88 -0.08031487758170552 0.253411306042885
transition 60 3 22 -0.5108858711378044 0.3293256664924203
transition 60 3 27 0.2650535414474118 0.23366440146366962
transition 60 3 88 -0.8359668216864398 0.4370099320439101
transition 60 4 69 -0.1714012819355375 0.26380561691385296
transition 60 4 16 0.7421837859199132 0.27011675607447144
transition 60 4 88 0.7726682337995678 0.4660776270116756
transition 60 5 6 0.15145004188449152 0.72831926323868
transition 60 5 88 0.8504548198172961 0.27168073676132004
transition 60 6 70 -0.31695724918676804 0.5958333333333333
transition 60 6 88 0.561526532332659 0.4041666666666667
transition 60 7 88 0.9399526686649069 1.0
transition 60 8 45 -0.5484258540839706 0.6170940170940171
transition 60 8 88 -0.9480290259373381 0.38290598290598293
transition 60 9 41 -0.9580919818598554 0.24980635166537568
transition 60 9 70 0.2717635291395215 0.042602633617350893
transition 60 9 89 0.4865592237052345 0.17815646785437644
transition 60 9 98 -0.3650935618672466 0.2300542215336948
transition 60 9 88 -0.5560800150671075 0.29938032532920217
transition 60 10 88 0.8205729780082454 1.0
transition 60 11 8 -0.34240983064973873 0.6338797814207651
transition 60 11 88 -0.6769004026709684 0.366120218579235
transition 60 12 88 -0.22600236873764445 1.0
transition 60 13 73 0.5424553639698821 0.5846153846153846
transition 60 13 88 0.03298767394518731 0.4153846153846154
transition 60 14 90 0.03162066101949956 0.17089326267978805
transition 60 14 8 -0.6135654427379236 0.0987887963663891
transition 60 14 80 -0.07516660784253992 0.16105223315669948
transition 60 14 94 0.5597832171137564 0.13531415594246782
transition 60 14 88 -0.43285988330540937 0.43395155185465556
transition 60 15 8 -0.05476502074555345 0.17319877962919503
transition 60 15 97 0.2639705481950583 0.17531095986857545
transition 60 15 54 -0.0314508942366456 0.21145271063130722
transition 60 15 82 -0.3068544785333762 0.22717671908002815
transition 60 15 88 0.1309462773104002 0.21286083079089416
transition 60 16 83 0.10168628734671992 0.535774647887324
transition 60 16 30 0.2089422502802789 0.19380281690140846
transition 60 16 88 0.8594425618288797 0.2704225352112676
transition 60 17 65 -0.7765780221085983 0.12306501547987617
transition 60 17 91 0.02061938656573048 0.4582043343653251
transition 60 17 88 0.684022622230372 0.41873065015479877
transition 60 18 88 -0.3968637065999825 1.0
transition 60 19 88 0.5786932958099038 1.0
transition 60 20 53 0.9146136153251658 0.318052738336714
transition 60 20 34 0.9277641705082822 0.020689655172413793
transition 60 20 54 -0.3083907443874765 0.1460446247464503
transition 60 20 16 -0.8850586572794321 0.2746450304259635
transition 60 20 88 -0.020288556503279764 0.24056795131845843
transition 60 21 88 -0.15446847963482657 1.0
transition 60 22 17 -0.35670790377146533 0.5142857142857142
transition 60 22 88 -0.20989263436339178 0.4857142857142857
transition 60 23 53 -0.5279273760711112 0.05074116305587229
transition 60 23 55 -0.5172471832560945 0.2919042189281642
transition 60 23 83 0.24609500217046332 0.17559863169897377
transition 60 23 59 0.43311405847001416 0.04561003420752566
transition 60 23 88 -0.6844598859837969 0.4361459521094641
transition 60 24 30 -0.1161636257954739 0.5904027420736933
transition 60 24 88 -0.4115748615113006 0.40959725792630675
transition 62 0 78 -0.11851663054032913 0.5176537585421412
transition 62 0 94 0.6314013326894112 0.11389521640091116
transition 62 0 37 -0.102188351506727 0.3684510250569476
transition 62 1 84 -0.6917860239262881 0.341
transition 62 1 29 -0.3486286883361611 0.286
transition 62 1 37 0.6494733575162062 0.373
transition 62 2 19 0.510417187441726 0.5449438202247191
transition 62 2 37 -0.6461253017352342 0.4550561797752809
transition 62 3 42 -0.939087683709581 0.16621104428649536
transition 62 3 59 0.685687227078416 0.2197922361946419
transition 62 3 66 0.08524047349304875 0.11919081465281575
transition 62 3 87 -0.1282353350641272 0.21596500820120285
transition 62 3 37 0.8321522503808367 0.2788408966648442
transition 62 4 37 -0.31729882670192033 1.0
transition 62 5 56 0.31400564739388326 0.015508021390374332
transition 62 5 98 -0.7383472727803382 0.11176470588235295
transition 62 5 23 -0.9497165733582589 0.23983957219251337
transition 62 5 55 -0.17247184348995925 0.25427807486631016
transition 62 5 37 0.6865738995435917 0.3786096256684492
transition 62 6 66 -0.029916108803407226 0.636986301369863
transition 62 6 37 0.1825008642254935 0.363013698630137
transition 62 7 37 -0.4167149175755751 1.0
transition 62 8 84 0.5518122774043208 0.2927324401136825
transition 62 8 76 0.5643996482537814 0.13520097442143728
transition 62 8 50 -0.0636984077650824 0.22695899309784814
transition 62 8 92 -0.11717610919233401 0.16889971579374746
transition 62 8 37 -0.19010138349757733 0.1762078765732846
transition 62 9 68 -0.25685938090699323 0.159375
transition 62 9 57 -0.11638822502920765 0.11953125
transition 62 9 46 -0.33215178059357586 0.022135416666666668
transition 62 9 75 -0.6589816212768294 0.20182291666666666
transition 62 9 37 0.5599497576371715 0.49713541666666666
transition 62 10 64 0.8783147059632426 0.4892601431980907
transition 62 10 46 -0.803208557177846 0.27804295942720764
transition 62 10 37 -0.3943103714322733 0.23269689737470167
transition 62 11 37 -0.9209168243086876 1.0
transition 62 12 20 0.9635033035815173 0.19382751658494377
transition 62 12 70 -0.9772535909995883 0.18315546582059417
transition 62 12 91 -0.43875473556810185 0.27516584943755407
transition 62 12 50 -0.30741324498200395 0.10297086818575137
transition 62 12 37 0.5565013963376106 0.24488029997115662
transition 62 13 70 -0.8669149100928066 0.20738137082601055
transition 62 13 36 0.3180543772697091 0.14521089630931458
transition 62 13 14 0.008689072985367918 0.17530755711775045
transition 62 13 32 0.253788222026045 0.09226713532513181
transition 62 13 37 -0.22553199661752243 0.3798330404217926
transition 62 14 61 0.5586807021945832 0.42709466811751906
transition 62 14 50 -0.9547121873063775 0.2910772578890098
transition 62 14 37 0.7550521939223989 0.28182807399347115
transition 62 15 53 -0.021505541378193715 0.7363770250368189
transition 62 15 37 0.01375103870997818 0.26362297496318116
transition 62 16 52 0.05145101108704431 0.38881371222372574
transition 62 16 88 -0.466362662355833 0.2697338746053225
transition 62 16 37 -0.8454156271529456 0.34145241317095176
transition 62 17 0 0.9485179226812424 0.48500319081046583
transition 62 17 25 -0.6842991309788635 0.2865347798340779
transition 62 17 37 -0.725675837719538 0.2284620293554563
transition 62 18 43 0.4177869020850826 0.06443984629027491
transition 62 18 93 0.671804609280676 0.29382205143363876
transition 62 18 88 -0.8581892361669674 0.09872893881170558
transition 62 18 32 0.782015187765017 0.24770913390481822
transition 62 18 37 0.29042172187116266 0.2953000295595625
transition 62 19 4 0.8810000361061983 0.029094321914594087
transition 62 19 93 -0.15726010097529497 0.09103707179727827
transition 62 19 42 0.28306158372165946 0.4331299859221023
transition 62 19 37 0.1568138705680886 0.44673862036602535
transition 62 20 61 -0.06313426779217068 0.12576312576312576
transition 62 20 56 -0.16849308139635477 0.017094017094017096
transition 62 20 41 -0.7235326138483194 0.38217338217338215
transition 62 20 37 0.8920704366333272 0.47496947496947495
transition 62 21 31 0.45269769609088417 0.195924380063835
transition 62 21 38 0.07237850550493508 0.12889761846304934
transition 62 21 36 -0.19153241280213962 0.10385465259022833
transition 62 21 92 0.9736979250295161 0.17996562730174318
transition 62 21 37 0.06486734242618875 0.3913577215811441
transition 62 22 37 0.6231230571417024 1.0
transition 62 23 37 -0.26912640503031726 1.0
transition 62 24 37 0.6674747826719374 1.0
transition 63 0 94 -0.22156632067060555 0.3594153052450559
transition 63 0 56 -0.07749162228255768 0.1470335339638865
transition 63 0 83 -0.30479338071694295 0.4935511607910576
transition 63 1 94 -0.31041240639028556 0.13948646773074255
transition 63 1 87 0.617121405109353 0.15024288688410825
transition 63 1 27 0.8773721938172396 0.06662040249826509
transition 63 1 95 0.13790071353186129 0.24288688410825815
transition 63 1 83 0.1971585817034922 0.40076335877862596
transition 63 2 61 -0.2067197207997833 0.3292778649921507
transition 63 2 12 -0.8815952255535269 0.23744113029827316
transition 63 2 94 0.7526014232571014 0.2543171114599686
transition 63 2 83 -0.7706667326673269 0.17896389324960754
transition 63 3 65 -0.9095964816898816 0.5402298850574713
transition 63 3 83 0.8996770670403689 0.45977011494252873
transition 63 4 99 -0.5011350846787186 0.41328257191201356
transition 63 4 95 0.6316068336282179 0.37055837563451777
transition 63 4 55 0.1791804176687326 0.04314720812182741
transition 63 4 83 0.46212184584542304 0.1730118443316413
transition 63 5 87 0.024793389804794064 0.10867659947414549
transition 63 5 56 -0.5297638915238987 0.2670172363423897
transition 63 5 21 -0.029612957165651377 0.22115103710195735
transition 63 5 33 0.012271217350787511 0.015483494011101374
transition 63 5 83 -0.2238435919152233 0.3876716330704061
transition 63 6 26 -0.31785128307389177 0.28548190321268807
transition 63 6 77 -0.9576634533017849 0.3111020740138268
transition 63 6 83 0.9176607218851711 0.40341602277348515
transition 63 7 57 -0.9639492622244232 0.23931623931623933
transition 63 7 0 -0.2703796567928518 0.2044707429322814
transition 63 7 88 -0.22602130679462507 0.09664694280078895
transition 63 7 68 0.9584129160618293 0.2182774490466798
transition 63 7 83 0.5588101889806574 0.2412886259040105
transition 63 8 56 -0.7302685232405397 0.31512071156289706
transition 63 8 60 0.5500683386805654 0.11880559085133419
transition 63 8 82 0.6351918142904507 0.05972045743329098
transition 63 8 54 -0.4963925382398535 0.24904701397712833
transition 63 8 83 -0.14908016399028567 0.25730622617534943
transition 63 9 83 -0.07607923474379019 1.0
transition 63 10 83 -0.5708770024234107 1.0
transition 63 11 83 -0.2825277262786958 1.0
transition 63 12 33 0.9622403412902893 0.8337730870712401
transition 63 12 83 -0.025323553940005183 0.1662269129287599
transition 63 13 87 0.1031799100058941 0.2123931623931624
transition 63 13 75 0.5177529823556883 0.42606837606837605
transition 63 13 83 0.49761195379323775 0.36153846153846153
transition 63 14 96 0.21946573656601798 0.14273479874393377
transition 63 14 84 -0.6960752469554707 0.24664573222951755
transition 63 14 53 0.7882943745164397 0.12503568369968598
transition 63 14 56 0.4438655933862994 0.2803311447330859
transition 63 14 83 -0.06197088714754839 0.20525264059377676
transition 63 15 18 -0.4023347888989903 0.2712392829306313
transition 63 15 68 0.7223296823809937 0.48246297739672644
transition 63 15 83 -0.5713607618201575 0.24629773967264224
transition 63 16 0 -0.34047701197419333 0.2800378429517502
transition 63 16 22 0.28476128014323865 0.18211920529801323
transition 63 16 17 -0.25505720736383286 0.18353831598864712
transition 63 16 46 0.6600800403453868 0.06385998107852413
transition 63 16 83 0.12055619180402521 0.2904446546830653
transition 63 17 31 -0.22604059823065836 0.15673289183222958
transition 63 17 93 -0.4606240656691809 0.3708609271523179
transition 63 17 83 -0.09683884662922515 0.47240618101545256
transition 63 18 84 0.11984799290463055 0.04257332071901608
transition 63 18 21 0.41789734194189077 0.4645222327341533
transition 63 18 83 -0.08203911073803627 0.49290444654683063
transition 63 19 82 -0.9641680654550802 0.08551992225461613
transition 63 19 43 0.27553594529119274 0.2653061224489796
transition 63 19 70 -0.4645533036012466 0.23226433430515064
transition 63 19 83 -0.5120963852712179 0.41690962099125367
transition 63 20 23 0.4025372041596349 0.5856545961002786
transition 63 20 83 0.3302443090529963 0.41434540389972147
transition 63 21 28 0.6178192037649208 0.10998552821997105
transition 63 21 63 0.1831362016700353 0.4630969609261939
transition 63 21 83 0.31956003289469925 0.426917510853835
transition 63 22 83 0.1200808755482976 1.0
transition 63 23 83 0.5647900724591051 1.0
transition 63 24 29 -0.29518187246783345 0.11193072482360487
transition 63 24 59 -0.6028129926284944 0.2915330339961514
transition 63 24 88 0.4859997919010439 0.27132777421423987
transition 63 24 83 -0.0325900757670714 0.32520846696600386
transition 64 0 60 -0.052964489903694734 0.2418732782369146
transition 64 0 67 -0.5184251930162831 0.13002754820936638
transition 64 0 5 0.7855648300204099 0.23002754820936638
transition 64 0 55 -0.5534269389745454 0.39807162534435264
transition 64 1 67 -0.4772974116132027 0.09453302961275627
transition 64 1 33 -0.3637369484319981 0.5603644646924829
transition 64 1 55 0.4503691722907266 0.3451025056947608
transition 64 2 17 0.3960089462303338 0.6040100250626567
transition 64 2 55 -0.8305220223073959 0.39598997493734334
transition 64 3 48 -0.5767614971668287 0.133852140077821
transition 64 3 16 -0.33003629685085367 0.5003891050583658
transition 64 3 55 -0.7097057771372188 0.3657587548638132
transition 64 4 23 -0.28701561945231036 0.2819128422676437
transition 64 4 18 0.9277742810498855 0.24797531816428847
transition 64 4 53 -0.003187304309813621 0.11145391438488238
transition 64 4 55 -0.05609390508269496 0.3586579251831855
transition 64 5 52 0.23834501298230726 0.2574712643678161
transition 64 5 79 -0.9493417138633402 0.04396551724137931
transition 64 5 68 0.049150823849518854 0.20316091954022988
transition 64 5 55 -0.9209843351198439 0.4954022988505747
transition 64 6 27 0.9542760288085279 0.23965041398344067
transition 64 6 80 0.5855508669819272 0.2612695492180313
transition 64 6 55 -0.49852839630524803 0.4990800367985281
transition 64 7 55 -0.4043806306664042 1.0
transition 64 8 17 0.9784880181864801 0.7713248638838476
transition 64 8 55 0.3165377754143952 0.22867513611615245
transition 64 9 55 0.4211366223482311 1.0
transition 64 10 20 -0.06951725896853933 0.6152849740932642
transition 64 10 55 0.753033374597686 0.38471502590673573
transition 64 11 37 0.19625992750498988 0.12669902912621359
transition 64 11 64 0.8332799337576984 0.24174757281553397
transition 64 11 6 0.5889039659524855 0.16116504854368932
transition 64 11 55 -0.8035848760252657 0.4703883495145631
transition 64 12 22 -0.15553918263300126 0.29313476207773337
transition 64 12 83 0.5370024785806462 0.2346531057028696
transition 64 12 91 0.35177316523529467 0.024700326916091538
transition 64 12 50 0.31672297505332536 0.04031965128950236
transition 64 12 55 -0.5056652226386771 0.4071921540138031
transition 64 13 57 0.08885935681979373 0.2115322319403952
transition 64 13 2 -0.542864131619121 0.31519274376417233
transition 64 13 80 -0.11605878914801204 0.16132167152575316
transition 64 13 55 0.6573224971830733 0.3119533527696793
transition 64 14 87 -0.5874279893565897 0.3441441441441441
transition 64 14 59 -0.8410065215558733 0.43963963963963965
transition 64 14 55 0.35919115182823225 0.21621621621621623
transition 64 15 55 -0.17411856949164584 1.0
transition 64 16 55 -0.4777592460671731 1.0
transition 64 17 62 0.6299388896047129 0.5233118971061094
transition 64 17 55 -0.8343658823148472 0.4766881028938907
transition 64 18 8 -0.11795480734516794 0.010500525026251312
transition 64 18 65 -0.353635140985205 0.20441022051102556
transition 64 18 78 0.8305453904383937 0.19460973048652433
transition 64 18 59 0.5586548078061011 0.29611480574028703
transition 64 18 55 -0.5203959543255368 0.2943647182359118
transition 64 19 55 0.8761251364877514 1.0
transition 64 20 12 0.17061819436632075 0.40324763193504737
transition 64 20 10 -0.4751241218594242 0.30311231393775373
transition 64 20 44 0.39428718371997795 0.02435723951285521
transition 64 20 55 -0.9462012570496265 0.2692828146143437
transition 64 21 69 0.016703543548890476 0.38105413105413105
transition 64 21 57 -0.7333374491636302 0.14886039886039887
transition 64 21 55 0.29265775510024605 0.4700854700854701
transition 64 22 48 0.9040893722970618 0.78998778998779
transition 64 22 55 -0.27638582693597424 0.21001221001221002
transition 64 23 45 0.7241247625437301 0.1793731940431207
transition 64 23 11 0.14378322588695536 0.17626139142031563
transition 64 23 18 0.034688573467221984 0.2171593687486108
transition 64 23 21 0.5732531614218568 0.012891753723049567
transition 64 23 55 0.10780039395259333 0.41431429206490333
transition 64 24 5 -0.5135530571416689 0.4462055715658021
transition 64 24 15 -0.8815674642962852 0.15561959654178675
transition 64 24 39 0.38609434153815214 0.14649375600384246
transition 64 24 55 0.7064776895482257 0.2516810758885687
transition 65 0 11 0.8962947617824824 0.12065294535131299
transition 65 0 6 0.08129127158876148 0.14052519517388218
transition 65 0 90 0.8027071989414711 0.1994322214336409
transition 65 0 5 -0.5554994524694106 0.1440738112136267
transition 65 0 33 -0.9009669731682799 0.39531582682753724
transition 65 1 42 0.37154955924933586 0.7741935483870968
transition 65 1 33 -0.2241852633739052 0.22580645161290322
transition 65 2 33 0.06314793113280337 1.0
transition 65 3 12 0.8229179918808787 0.3648315529991783
transition 65 3 8 -0.4491725367892325 0.23336072308956451
transition 65 3 33 0.5408795711893133 0.4018077239112572
transition 65 4 44 0.18745007518844603 0.23648
transition 65 4 8 -0.3154407732027964 0.30176
transition 65 4 33 -0.9377536994413131 0.46176
transition 65 5 23 -0.41448484198486035 0.14536199095022626
transition 65 5 44 -0.5674754143423637 0.14762443438914027
transition 65 5 58 -0.7543295553630152 0.27092760180995473
transition 65 5 33 -0.6172581909275245 0.43608597285067874
transition 65 6 33 0.7064377350643434 1.0
transition 65 7 45 0.11090416689005589 0.1610054347826087
transition 65 7 60 0.3338561936068658 0.050951086956521736
transition 65 7 46 -0.6521977163179218 0.18478260869565216
transition 65 7 23 0.7143191201355337 0.27921195652173914
transition 65 7 33 -0.6542342495114002 0.32404891304347827
transition 65 8 45 -0.2700712552630813 0.7119565217391305
transition 65 8 33 0.6378218962066684 0.28804347826086957
transition 65 9 45 0.6514687475034264 0.27091850640501497
transition 65 9 12 -0.12486456827842485 0.2545652766421368
transition 65 9 0 0.842661300178936 0.005451076587626056
transition 65 9 33 -0.5240758428122241 0.4690651403652221
transition 65 10 81 -0.024991345923679686 0.19233716475095786
transition 65 10 10 -0.4387377316066161 0.27088122605363985
transition 65 10 83 0.4184403240658141 0.19348659003831417
transition 65 10 33 0.4510178684085726 0.3432950191570881
transition 65 11 47 -0.8398713823057431 0.21108910891089108
transition 65 11 35 0.056059953855682965 0.3112871287128713
transition 65 11 8 0.0965232216807701 0.2487128712871287
transition 65 11 33 0.8571356579229099 0.22891089108910892
transition 65 12 66 -0.8357980096710316 0.13442095588235295
transition 65 12 0 -0.26128965094188983 0.17830882352941177
transition 65 12 93 0.29817269388056844 0.06318933823529412
transition 65 12 21 -0.7271907427588484 0.15073529411764705
transition 65 12 33 0.4333551933004609 0.4733455882352941
transition 65 13 10 -0.8930303304708518 0.24583741429970618
transition 65 13 7 0.4985515132819611 0.37904015670910873
transition 65 13 33 -0.9976787007483163 0.3751224289911851
transition 65 14 82 -0.992658912761271 0.1799637352674524
transition 65 14 92 0.16559930045305005 0.3313689936536718
transition 65 14 33 0.8408893557702593 0.4886672710788758
transition 65 15 10 -0.6123403772243898 0.04732927653820149
transition 65 15 38 -0.6193220359779017 0.07437457741717377
transition 65 15 91 0.6714233290556582 0.4834347532116295
transition 65 15 33 -0.6693758887687979 0.39486139283299526
transition 65 16 33 0.20444925055160335 1.0
transition 65 17 18 0.020656095805440255 0.5133689839572193
transition 65 17 85 0.9329426815518194 0.07575757575757576
transition 65 17 33 -0.7575952608632086 0.410873440285205
transition 65 18 33 -0.7291861303078067 1.0
transition 65 19 52 0.9214689571598917 0.6028708133971292
transition 65 19 33 -0.7249477621433893 0.39712918660287083
transition 65 20 73 0.016004765214092886 0.1576036866359447
transition 65 20 19 0.2732575282615557 0.269431643625192
transition 65 20 11 0.633783160973775 0.2316436251920123
transition 65 20 33 -0.7364347576810055 0.34132104454685097
transition 65 21 11 0.9462464401126345 0.6862244897959183
transition 65 21 33 0.9478246637255356 0.3137755102040816
transition 65 22 81 -0.08544655276405533 0.5547385620915033
transition 65 22 33 -0.38109946454204424 0.4452614379084967
transition 65 23 46 0.29437101732863336 0.7514851485148515
transition 65 23 33 0.8793745790084064 0.2485148514851485
transition 65 24 55 -0.33121264208529766 0.24150943396226415
transition 65 24 8 -0.11872276046735508 0.5811320754716981
transition 65 24 33 -0.4820685828201594 0.17735849056603772
transition 66 0 5 -0.479613195949419 0.25477154424522847
transition 66 0 93 -0.8459864783101445 0.18507807981492191
transition 66 0 15 -0.11949870233141335 0.15240023134759978
transition 66 0 24 -0.2715784966790131 0.40775014459224984
transition 66 1 90 0.938649855374817 0.3579220779220779
transition 66 1 56 -0.17569359882551638 0.13350649350649352
transition 66 1 43 0.4843479571186531 0.29714285714285715
transition 66 1 24 0.9252439902274932 0.21142857142857144
transition 66 2 64 0.7679326200654546 0.12524461839530332
transition 66 2 97 -0.23064560061896056 0.23385518590998042
transition 66 2 61 0.286184660345858 0.31702544031311153
transition 66 2 24 0.2916058598033313 0.3238747553816047
transition 66 3 29 0.5494434432171171 0.7255102040816327
transition 66 3 24 0.6441900790330586 0.27448979591836736
transition 66 4 96 0.9249690863693962 0.18058918482647296
transition 66 4 6 -0.0896272325327705 0.08494753833736884
transition 66 4 8 0.7537322851395014 0.15819209039548024
transition 66 4 4 -0.19310594455602614 0.1963276836158192
transition 66 4 24 -0.8440863067165889 0.3799435028248588
transition 66 5 90 0.15009342979959195 0.5734035549703752
transition 66 5 24 0.4923378409629544 0.42659644502962474
transition 66 6 46 0.035247800037141674 0.5040871934604905
transition 66 6 24 -0.2493000190492416 0.49591280653950953
transition 66 7 52 0.8027841721864444 0.192071468453378
transition 66 7 42 0.008958860807092961 0.1192071468453378
transition 66 7 21 -0.7376259005942469 0.2752652149637074
transition 66 7 83 -0.4810477951937038 0.07481853713009493
transition 66 7 24 0.08733358675366754 0.33863763260748186
transition 66 8 24 -0.08085597451720394 1.0
transition 66 9 57 0.7395358527966263 0.10853293413173652
transition 66 9 8 -0.7486202393100441 0.6407185628742516
transition 66 9 24 0.5639501056771965 0.25074850299401197
transition 66 10 24 -0.06830891686861418 1.0
transition 66 11 45 -0.8294260372881983 0.21100478468899522
transition 66 11 83 0.21168096546248405 0.21866028708133972
transition 66 11 97 0.5486508354979056 0.09808612440191387
transition 66 11 16 0.06752501263440402 0.11770334928229666
transition 66 11 24 0.5342337717202295 0.35454545454545455
transition 66 12 62 -0.2637623661256945 0.1459909228441755
transition 66 12 77 -0.7345636666288673 0.10816944024205749
transition 66 12 67 -0.559337793254076 0.3434190620272315
transition 66 12 28 0.024548881982938253 0.04311649016641452
transition 66 12 24 -0.9937791090836661 0.35930408472012104
transition 66 13 47 -0.005426192489197179 0.3663810689514484
transition 66 13 6 -0.3438370062627336 0.0208078335373317
transition 66 13 87 0.5578752436083227 0.13259893920848634
transition 66 13 54 -0.5958254731527564 0.07915136678906569
transition 66 13 24 0.4609555899431852 0.4010607915136679
transition 66 14 24 0.01614379391255394 1.0
transition 66 15 6 -0.5059392423143207 0.3660436137071651
transition 66 15 26 0.21842189731196937 0.1791277258566978
transition 66 15 24 -0.7387967097824217 0.45482866043613707
transition 66 16 24 -0.09372270724748466 1.0
transition 66 17 53 0.7278470554690035 0.7061855670103093
transition 66 17 24 -0.8769314506806623 0.29381443298969073
transition 66 18 45 -0.31700069682731646 0.5384615384615384
transition 66 18 24 0.03206905109732361 0.46153846153846156
transition 66 19 61 0.7442487950747645 0.26035850719952985
transition 66 19 15 -0.3802526409488758 0.26917425800764033
transition 66 19 18 0.8910409088647049 0.2803408756979136
transition 66 19 24 0.3734997400319535 0.19012635909491626
transition 66 20 68 -0.1707309658163625 0.189878892733564
transition 66 20 91 0.2776639116698363 0.3399653979238754
transition 66 20 24 0.8443810989636855 0.47015570934256057
transition 66 21 45 -0.052124663589870446 0.32370283018867924
transition 66 21 33 -0.6605646748910943 0.11969339622641509
transition 66 21 59 -0.24377984846463518 0.27358490566037735
transition 66 21 24 0.6529187945139143 0.2830188679245283
transition 66 22 88 0.2350770490367189 0.2919315403422983
transition 66 22 27 -0.26600478826157614 0.010757946210268949
transition 66 22 41 0.9593371096145826 0.3726161369193154
transition 66 22 24 0.31937101384158106 0.32469437652811733
transition 66 23 0 0.8205606288912353 0.5338855421686747
transition 66 23 24 0.49089219555338404 0.4661144578313253
transition 66 24 97 0.08967714107915814 0.06848072562358276
transition 66 24 87 0.3173098173130451 0.3510204081632653
transition 66 24 40 -0.3484742704321986 0.2639455782312925
transition 66 24 24 0.6837098625193772 0.3165532879818594
transition 68 0 14 -0.9006282657564875 0.28019461934745277
transition 68 0 43 -0.03808562481035249 0.08958214081282198
transition 68 0 61 -0.14518504296559587 0.1611333714939897
transition 68 0 73 0.5341556713821722 0.20520892959358902
transition 68 0 3 0.3104939340419337 0.2638809387521465
transition 68 1 96 0.1352512300821831 0.5925925925925926
transition 68 1 3 -0.04675646769458042 0.4074074074074074
transition 68 2 3 -0.7109440849270094 1.0
transition 68 3 21 0.8312988029461854 0.16230769230769232
transition 68 3 7 0.13500079545842514 0.25076923076923074
transition 68 3 97 -0.9746268025069598 0.21461538461538462
transition 68 3 5 0.7412021316354118 0.06846153846153846
transition 68 3 3 0.36326250390395187 0.3038461538461538
transition 68 4 22 -0.25898050944130313 0.1722689075630252
transition 68 4 90 -0.7105908442861095 0.5238095238095238
transition 68 4 3 -0.6915603890761837 0.30392156862745096
transition 68 5 55 -0.57012460273663 0.2949072246348204
transition 68 5 93 -0.14566828591783398 0.24871693643900514
transition 68 5 3 0.5965344911966501 0.4563758389261745
transition 68 6 3 -0.7880140035231658 1.0
transition 68 7 74 -0.1635457093453878 0.28027681660899656
transition 68 7 97 0.16367460115235355 0.18546712802768167
transition 68 7 37 -0.934137471377078 0.07474048442906574
transition 68 7 3 0.7857994130936723 0.45951557093425605
transition 68 8 3 -0.398611704861739 1.0
transition 68 9 91 0.5997586512584738 0.4005390835579515
transition 68 9 17 0.5773422042651088 0.030727762803234502
transition 68 9 94 0.09094905201331116 0.019946091644204852
transition 68 9 69 0.609624959599822 0.07978436657681941
transition 68 9 3 0.8789300821387644 0.46900269541778977
transition 68 10 9 -0.38041760107444 0.19920669898633758
transition 68 10 11 -0.3790245375479615 0.12891141472014103
transition 68 10 95 -0.6437973839554523 0.08263552225650066
transition 68 10 59 0.7757577294141236 0.13353900396650506
transition 68 10 3 0.5623508599489568 0.45570736007051565
transition 68 11 77 -0.6272318943519573 0.6601941747572816
transition 68 11 3 0.7673342780073671 0.33980582524271846
transition 68 12 82 -0.8313112893572043 0.23221476510067113
transition 68 12 86 -0.854041370461406 0.12718120805369126
transition 68 12 46 -0.09910857445386045 0.15067114093959733
transition 68 12 3 -0.15547037747153714 0.4899328859060403
transition 68 13 60 0.7815058936002863 0.2486659551760939
transition 68 13 25 0.2653842691884589 0.11259338313767342
transition 68 13 68 0.6512236537997873 0.343649946638207
transition 68 13 3 0.4790620011686475 0.2950907150480256
transition 68 14 3 0.9373845735974726 1.0
transition 68 15 4 0.5415823743576831 0.3436385255648038
transition 68 15 94 -0.669573840938211 0.09631391200951249
transition 68 15 71 -0.5003513496377088 0.3579072532699168
transition 68 15 3 0.10619321443731367 0.20214030915576695
transition 68 16 2 -0.7589107570834464 0.5467128027681661
transition 68 16 3 0.569132479533714 0.4532871972318339
transition 68 17 6 0.47953594918152054 0.55
transition 68 17 3 -0.8280246544750536 0.45
transition 68 18 37 -0.4101798485989321 0.12960829493087558
transition 68 18 4 -0.5339403330547323 0.5754608294930875
transition 68 18 3 0.7612528565148795 0.29493087557603687
transition 68 19 3 -0.9702648427113005 1.0
transition 68 20 3 0.8670818151574349 1.0
transition 68 21 49 0.571719788552286 0.7861842105263158
transition 68 21 3 0.4517523964830694 0.2138157894736842
transition 68 22 3 0.7377654252472621 1.0
transition 68 23 3 -0.34710802808976426 1.0
transition 68 24 38 0.23402331627205464 0.018686868686868686
transition 68 24 32 -0.14045942004174172 0.11666666666666667
transition 68 24 77 -0.7151992874129773 0.38181818181818183
transition 68 24 3 0.15130766401733453 0.48282828282828283
transition 69 0 83 0.3472730810002782 0.298705966930266
transition 69 0 28 0.5627909128970541 0.1757728253055356
transition 69 0 30 -0.4526372196746693 0.12652767792954708
transition 69 0 46 -0.22656616797456852 0.13156002875629044
transition 69 0 59 -0.5200334681948431 0.2674335010783609
transition 69 1 59 0.25996917093744276 1.0
transition 69 2 39 0.7155868217980008 0.03391472868217054
transition 69 2 29 0.5549121778312729 0.22819767441860464
transition 69 2 2 -0.3680456511677166 0.2611434108527132
transition 69 2 81 -0.9893625884726531 0.0872093023255814
transition 69 2 59 -0.6213321555380442 0.38953488372093026
transition 69 3 92 -0.2597840660821693 0.06407232704402516
transition 69 3 69 0.28337439632691375 0.04834905660377359
transition 69 3 10 -0.98921455157246 0.36242138364779874
transition 69 3 74 0.33326049407284675 0.10927672955974843
transition 69 3 59 0.6396102445182525 0.4158805031446541
transition 69 4 59 -0.6755753590396518 1.0
transition 69 5 52 0.5620331629212034 0.25617283950617287
transition 69 5 74 0.25279291045113994 0.29907407407407405
transition 69 5 59 -0.7515229243537347 0.4447530864197531
transition 69 6 4 0.37866566123984957 0.37042459736456806
transition 69 6 43 0.6482064525259599 0.2015617374328941
transition 69 6 59 -0.41673706408604305 0.4280136652025378
transition 69 7 68 -0.743115870342377 0.5728155339805825
transition 69 7 59 0.2675757656628379 0.42718446601941745
transition 69 8 59 -0.3280074701795237 1.0
transition 69 9 16 -0.040149746581530366 0.2985498108448928
transition 69 9 85 0.8938986525712123 0.21027742749054223
transition 69 9 59 -0.31616061459005507 0.4911727616645649
transition 69 10 30 0.8468712570024668 0.3743523316062176
transition 69 10 56 0.4128775681353274 0.44430051813471505
transition 69 10 59 -0.2290332337832366 0.18134715025906736
transition 69 11 82 0.25617620031296884 0.15797705943691345
transition 69 11 81 -0.3176378123473893 0.4056308654848801
transition 69 11 59 -0.8008267387770296 0.4363920750782065
transition 69 12 96 0.20169702882720686 0.44405182567726736
transition 69 12 72 0.03452962530727621 0.05535924617196702
transition 69 12 29 -0.09841400743814899 0.16489988221436985
transition 69 12 59 0.9178618547950372 0.33568904593639576
transition 69 13 59 -0.36217710411874204 1.0
transition 69 14 3 0.7289698557265949 0.2102177554438861
transition 69 14 34 -0.19737785817746611 0.19570072585147963
transition 69 14 39 0.03818393270089815 0.21245114461194864
transition 69 14 27 0.6218814230827405 0.14154103852596314
transition 69 14 59 0.6590733224517913 0.2400893355667225
transition 69 15 26 -0.12027249702900278 0.3018643395477985
transition 69 15 84 -0.9691793060220844 0.3669178897262991
transition 69 15 59 -0.5778957173248622 0.3312177707259024
transition 69 16 55 -0.14136590210719802 0.690537084398977
transition 69 16 59 -0.21647233653170983 0.309462915601023
transition 69 17 28 0.8860623058603878 0.6
transition 69 17 59 0.029679036162457484 0.4
transition 69 18 26 0.4615418007866532 0.5661345496009123
transition 69 18 59 0.8308286334351827 0.4338654503990878
transition 69 19 83 -0.9222088456475686 0.21485036702428006
transition 69 19 38 -0.9186106744689106 0.2077922077922078
transition 69 19 72 0.6039007226919151 0.2583286278938453
transition 69 19 59 0.6913983028127826 0.3190287972896669
transition 69 20 18 0.00946816646906612 0.3087525844245348
transition 69 20 56 -0.9367272085514624 0.20124052377670573
transition 69 20 46 -0.8080497257160255 0.19503790489317713
transition 69 20 59 0.1307452315478812 0.2949689869055824
transition 69 21 64 -0.13376090899382342 0.1473263811848236
transition 69 21 67 -0.9274647874587656 0.21455513645440427
transition 69 21 62 0.8548784561308627 0.1848236077213224
transition 69 21 65 -0.06273725548078102 0.20257377412913247
transition 69 21 59 0.8854117335089211 0.25072110051031726
transition 69 22 36 0.8211618456962768 0.5066809192944949
transition 69 22 77 -0.7149750119201657 0.06948156066274719
transition 69 22 59 0.9637097522595786 0.4238375200427579
transition 69 23 78 -0.8027684190115338 0.3972602739726027
transition 69 23 33 0.9002056831905745 0.20709105560032232
transition 69 23 72 0.866318975892469 0.10394842868654311
transition 69 23 59 0.9713243354265642 0.29170024174053183
transition 69 24 59 -0.40890703283684426 1.0
transition 70 0 58 0.08376477243366254 0.3548990276738968
transition 70 0 77 -0.7001621422480919 0.054225878833208674
transition 70 0 55 -0.5170388938283021 0.005609573672400898
transition 70 0 4 -0.7842218264762926 0.1080777860882573
transition 70 0 62 -0.5350216323444545 0.47718773373223633
transition 70 1 6 -0.451876779077385 0.12932604735883424
transition 70 1 66 0.2564735684092254 0.22859744990892533
transition 70 1 52 -0.5953273553358165 0.03855494839101396
transition 70 1 7 -0.7849038973504758 0.25774134790528236
transition 70 1 62 0.6519562785109556 0.34578020643594415
transition 70 2 59 0.3327639410369767 0.5512605042016807
transition 70 2 62 0.2801763028307154 0.44873949579831934
transition 70 3 62 -0.9512216183620283 1.0
transition 70 4 62 -0.4892690454276747 1.0
transition 70 5 17 -0.7468945988752154 0.011543134872417983
transition 70 5 81 0.9013889313944461 0.5413122721749696
transition 70 5 62 0.06445355348716197 0.4471445929526124
transition 70 6 48 0.30900329986798813 0.1413920645595158
transition 70 6 74 -0.36704605899301934 0.14475453934095495
transition 70 6 79 0.8457256718494055 0.15383322125084062
transition 70 6 85 -0.4808493594652272 0.10104236718224613
transition 70 6 62 0.5091218756739733 0.4589778076664425
transition 70 7 68 -0.7246104055354587 0.1025977433744424
transition 70 7 18 -0.025507446984239124 0.17895565468381003
transition 70 7 63 0.788598271663014 0.13434794017318288
transition 70 7 44 0.2621410473967729 0.0850170558908423
transition 70 7 62 -0.24321340162044547 0.4990816058777224
transition 70 8 42 0.4581981948285758 0.5035460992907801
transition 70 8 62 -0.4865416587467555 0.49645390070921985
transition 70 9 95 0.17531800636262784 0.4732142857142857
transition 70 9 59 0.3020125581005091 0.35714285714285715
transition 70 9 62 -0.7880144808046883 0.16964285714285715
transition 70 10 42 0.9136903020400817 0.25930764206401047
transition 70 10 55 0.5240250426620154 0.030045721750489876
transition 70 10 69 0.581941468172746 0.2217504898758981
transition 70 10 62 -0.4984329750880021 0.48889614630960154
transition 70 11 97 -0.10691267696852669 0.3299319727891156
transition 70 11 41 -0.5016683803499451 0.057337220602526724
transition 70 11 34 0.7341665239477839 0.44509232264334303
transition 70 11 62 0.34375595688529303 0.16763848396501457
transition 70 12 48 0.1511781924842852 0.002336448598130841
transition 70 12 75 -0.10415285023962051 0.23390446521287642
transition 70 12 11 -0.6004809805952145 0.24636552440290757
transition 70 12 65 -0.18860084318190373 0.09060228452751817
transition 70 12 62 -0.7256267876627813 0.42679127725856697
transition 70 13 62 -0.3481753527814455 1.0
transition 70 14 62 0.3209073211750213 1.0
transition 70 15 86 -0.9667911407279393 0.15815255423372987
transition 70 15 11 -0.8630483833309261 0.3079076277116865
transition 70 15 39 -0.6829085415885197 0.11301609517144856
transition 70 15 89 -0.6313969722788499 0.12176347095871239
transition 70 15 62 -0.5154900608090551 0.2991602519244227
transition 70 16 1 0.15254440161225769 0.0864475461503827
transition 70 16 8 -0.40365370049583205 0.2854570013507429
transition 70 16 66 -0.03567064956127575 0.25258892390814947
transition 70 16 62 -0.45125954434759996 0.3755065285907249
transition 70 17 62 -0.23136574211674898 1.0
transition 70 18 3 0.7789580346407483 0.22508398656215006
transition 70 18 0 -0.11384045874191218 0.040313549832026875
transition 70 18 33 0.5618786322826006 0.45576707726763716
transition 70 18 62 -0.6605422342375633 0.2788353863381859
transition 70 19 85 -0.3568713254415956 0.16743236345074017
transition 70 19 48 0.4317785586902063 0.04492087799897907
transition 70 19 67 -0.8017144537910568 0.30219499744767736
transition 70 19 62 0.3638831514987604 0.48545176110260335
transition 70 20 36 0.49048326117067265 0.03333333333333333
transition 70 20 2 -0.668972837496778 0.18580246913580248
transition 70 20 79 -0.628954021073622 0.14629629629629629
transition 70 20 69 -0.9220479032513884 0.45740740740740743
transition 70 20 62 -0.33138184943090554 0.17716049382716048
transition 70 21 19 -0.885339267501575 0.19402985074626866
transition 70 21 92 -0.8875993598498082 0.539179104477612
transition 70 21 62 -0.13690740913091592 0.2667910447761194
transition 70 22 62 -0.5946277152427377 1.0
transition 70 23 99 0.937815978147974 0.01488673139158576
transition 70 23 5 0.4673236459945005 0.1948220064724919
transition 70 23 58 -0.6840420057476926 0.34757281553398056
transition 70 23 62 -0.009811216909067833 0.44271844660194176
transition 70 24 38 0.9933614356914837 0.24784853700516352
transition 70 24 76 -0.955998987820889 0.04475043029259897
transition 70 24 96 -0.19940938199939762 0.23235800344234078
transition 70 24 62 0.9071061646397891 0.4750430292598967
transition 71 0 11 -0.7879118741580153 0.21060722521137587
transition 71 0 93 -0.6457638353928925 0.34896233666410453
transition 71 0 25 -0.19289918461687616 0.4404304381245196
transition 71 1 76 0.04378836970144051 0.7776280323450134
transition 71 1 25 -0.2283440918435704 0.2223719676549865
transition 71 2 77 -0.45203677915500373 0.3866774979691308
transition 71 2 52 0.9349468809101948 0.3818034118602762
transition 71 2 25 -0.8240938956965294 0.23151909017059302
transition 71 3 27 0.053595160986360746 0.5396825396825397
transition 71 3 25 -0.015870232109403082 0.4603174603174603
transition 71 4 6 -0.901004956300357 0.6821493624772313
transition 71 4 0 0.12392487250447126 0.10655737704918032
transition 71 4 25 0.016292840243469886 0.21129326047358835
transition 71 5 61 0.07253587629294111 0.2207191171235315
transition 71 5 81 -0.5456353124660718 0.029547881808472766
transition 71 5 35 0.16753504320797363 0.30580277678889284
transition 71 5 37 0.5073553784661227 0.07618369526521894
transition 71 5 25 0.6224104110692745 0.36774652901388394
transition 71 6 25 0.9280734257832537 1.0
transition 71 7 25 0.6592615386501439 1.0
transition 71 8 87 -0.9552595948230338 0.7289407839866555
transition 71 8 25 -0.8013983937237765 0.27105921601334443
transition 71 9 76 0.8217564710981087 0.46232670283303196
transition 71 9 57 -0.5790101163076309 0.2869198312236287
transition 71 9 25 0.18549776620575087 0.25075346594333936
transition 71 10 86 0.5269240617819848 0.07352366053969496
transition 71 10 14 -0.024780515241617174 0.3073914743840438
transition 71 10 56 0.7557079526043748 0.3445443879546343
transition 71 10 25 0.2553195961754626 0.2745404771216269
transition 71 11 72 0.16395036534191565 0.7987421383647799
transition 71 11 25 -0.2685443967771246 0.20125786163522014
transition 71 12 82 -0.876437574851672 0.5843558282208589
transition 71 12 25 -0.12450341315657343 0.4156441717791411
transition 71 13 95 0.21293858627050666 0.17535545023696683
transition 71 13 93 0.818979945167571 0.4549763033175355
transition 71 13 66 -0.5230196425094864 0.0750394944707741
transition 71 13 25 -0.5606450848366153 0.29462875197472355
transition 71 14 7 0.6501903477405653 0.5655737704918032
transition 71 14 41 0.04701080125553658 0.0020491803278688526
transition 71 14 25 0.12407725932895297 0.4323770491803279
transition 71 15 54 0.08925617611340764 0.3425925925925926
transition 71 15 74 0.4312304772228137 0.3265669515669516
transition 71 15 4 0.8016599733060583 0.1014957264957265
transition 71 15 25 0.5838804373715165 0.22934472934472935
transition 71 16 28 0.8076886088935238 0.2015732546705998
transition 71 16 9 0.021769141676444503 0.11373320222877745
transition 71 16 3 0.3813318784026749 0.1805965257292691
transition 71 16 22 0.3985347787433 0.30383480825958703
transition 71 16 25 -0.6366327026168761 0.20026220911176662
transition 71 17 23 -0.7484613728219207 0.18974175035868004
transition 71 17 14 0.9410498864850749 0.1649928263988522
transition 71 17 2 -0.8758494539821375 0.22058823529411764
transition 71 17 25 0.5393787369888661 0.4246771879483501
transition 71 18 25 -0.9265450444957708 1.0
transition 71 19 25 -0.18473375324432229 1.0
transition 71 20 15 -0.7152121815772001 0.6611111111111111
transition 71 20 25 -0.11223071237015292 0.3388888888888889
transition 71 21 7 -0.3091733685496696 0.23900761483664948
transition 71 21 66 -0.28780217253138773 0.1395234586096782
transition 71 21 31 -0.8489706158977304 0.11815278801277328
transition 71 21 52 -0.35107349201940163 0.24441169245885533
transition 71 21 25 0.9917438376331611 0.2589044460820437
transition 71 22 23 0.7109234645941442 0.28417380272756104
transition 71 22 57 0.6213328885400604 0.25467808436409767
transition 71 22 20 -0.3496180115553831 0.05740564541706311
transition 71 22 25 0.6366144809330225 0.4037424674912781
transition 71 23 25 0.1680436221485282 1.0
transition 71 24 47 0.49479186591002433 0.7452107279693486
transition 71 24 25 0.9336767688940419 0.2547892720306513
transition 72 0 31 0.07856658331023159 0.009993337774816789
transition 72 0 92 0.43291171153462726 0.26382411725516325
transition 72 0 62 0.09509032640018455 0.29980013324450366
transition 72 0 33 -0.36627293048874043 0.051299133910726186
transition 72 0 77 0.8876346347970772 0.3750832778147901
transition 72 1 84 0.5796220154911975 0.20371584699453552
transition 72 1 2 -0.6999804133538214 0.15890710382513662
transition 72 1 88 0.27669395299035937 0.1855737704918033
transition 72 1 77 -0.12143248162535514 0.4518032786885246
transition 72 2 8 -0.4361404298575937 0.05415162454873646
transition 72 2 78 0.3558625917187739 0.11281588447653429
transition 72 2 64 -0.2217812665669896 0.0776173285198556
transition 72 2 97 0.6331396864880752 0.4729241877256318
transition 72 2 77 -0.5255014482047893 0.2824909747292419
transition 72 3 52 -0.9788675487288789 0.349609375
transition 72 3 57 -0.8407652436949027 0.09228515625
transition 72 3 50 -0.03656951901409178 0.08056640625
transition 72 3 5 -0.2763074077048362 0.1962890625
transition 72 3 77 -0.27291397534477757 0.28125
transition 72 4 77 -0.4093482053366666 1.0
transition 72 5 77 0.9549750598425124 1.0
transition 72 6 77 0.14945670567673308 1.0
transition 72 7 15 -0.6011160237535631 0.568039950062422
transition 72 7 77 0.22472677665455398 0.43196004993757803
transition 72 8 55 -0.12770807193801836 0.5
transition 72 8 77 0.2704811100316902 0.5
transition 72 9 77 0.48994737654269715 1.0
transition 72 10 27 0.6051463349784221 0.3152542372881356
transition 72 10 92 -0.7641430789529142 0.1536723163841808
transition 72 10 95 -0.2707998226327961 0.12146892655367232
transition 72 10 77 -0.20102801538581172 0.4096045197740113
transition 72 11 77 -0.3291273778367443 1.0
transition 72 12 23 -0.37895215336928945 0.010353227771010963
transition 72 12 95 -0.06727104545196672 0.3623629719853837
transition 72 12 47 -0.5623315913151323 0.428136419001218
transition 72 12 54 -0.6925783531247236 0.016443361753958587
transition 72 12 77 -0.5545580081660297 0.18270401948842874
transition 72 13 77 0.5051513196561628 1.0
transition 72 14 16 0.20844613681491997 0.2573454913880446
transition 72 14 86 -0.7845724188097587 0.05943937858831476
transition 72 14 46 -0.20877788253270113 0.248564674096589
transition 72 14 77 -0.049213287920854665 0.43465045592705165
transition 72 15 55 0.05977951414218574 0.625585023400936
transition 72 15 77 -0.19905439196889585 0.374414976599064
transition 72 16 62 0.4191143652849285 0.2125
transition 72 16 61 0.25617584763815904 0.08026315789473684
transition 72 16 15 0.9872996123229891 0.3157894736842105
transition 72 16 77 0.878308176286253 0.39144736842105265
transition 72 17 77 0.730386673682768 1.0
transition 72 18 34 0.9251988805384614 0.31754256106587714
transition 72 18 96 -0.584883081738673 0.26350851221317545
transition 72 18 77 0.7928939727155475 0.41894892672094747
transition 72 19 10 -0.9836271295885319 0.1642813948800645
transition 72 19 16 0.8038514518419098 0.04656319290465632
transition 72 19 98 0.12267031287700791 0.14936504736948195
transition 72 19 22 0.44230560194150326 0.17879459786333401
transition 72 19 77 0.8419214770343819 0.4609957669824632
transition 72 20 51 -0.359253247539953 0.3117590515860301
transition 72 20 44 -0.07354631470506967 0.27651393784043576
transition 72 20 54 0.2017315502102326 0.218840115347645
transition 72 20 77 -0.18740928119236866 0.19288689522588914
transition 72 21 77 -0.1543342784445716 1.0
transition 72 22 37 0.9663037132651313 0.12763960581886438
transition 72 22 2 0.929822697774868 0.31909901454716094
transition 72 22 3 -0.09709973899614721 0.3547630220553731
transition 72 22 77 0.934399500472952 0.1984983575786016
transition 72 23 37 0.1258224882541199 0.4126916524701874
transition 72 23 71 0.6543547970392447 0.21805792163543442
transition 72 23 17 -0.9376402095468264 0.16013628620102216
transition 72 23 77 0.4989603527628743 0.20911413969335604
transition 72 24 99 0.8374018818894708 0.2815845824411135
transition 72 24 85 -0.13188637891596455 0.43897216274089934
transition 72 24 77 -0.15710408830485711 0.27944325481798715
transition 73 0 23 -0.17648056893788278 0.5373721479150275
transition 73 0 20 0.34124548274950106 0.16994492525570418
transition 73 0 50 -0.7092723959158957 0.2926829268292683
transition 73 1 50 -0.5850396445303367 1.0
transition 73 2 14 0.9432336224243529 0.016931933626820182
transition 73 2 59 -0.26415511626870414 0.29021334236369795
transition 73 2 15 0.8994401285248783 0.2658313579410769
transition 73 2 50 -0.6505007911603506 0.427023366068405
transition 73 3 59 0.7839193176820449 0.15857011915673694
transition 73 3 57 0.14327747520234557 0.17415215398716774
transition 73 3 26 -0.07021287024478773 0.15912007332722272
transition 73 3 79 0.7679570220651075 0.01466544454628781
transition 73 3 50 0.30881675352005766 0.4934922089825848
transition 73 4 0 -0.7266384563291435 0.19035532994923857
transition 73 4 20 -0.6601054020751069 0.4517766497461929
transition 73 4 24 0.275199561037645 0.06395939086294417
transition 73 4 50 0.7759124707766614 0.2939086294416244
transition 73 5 79 -0.6585060716891962 0.29926470588235293
transition 73 5 10 -0.16398507465888446 0.019852941176470587
transition 73 5 38 -0.35750434004672393 0.20220588235294118
transition 73 5 1 -0.5135797540293681 0.11801470588235294
transition 73 5 50 -0.4713404902353062 0.36066176470588235
transition 73 6 81 -0.9790049116519375 0.1075445816186557
transition 73 6 94 -0.6183707640918934 0.14513031550068586
transition 73 6 69 0.5712888709473687 0.2540466392318244
transition 73 6 50 -0.8779621975109173 0.49327846364883404
transition 73 7 50 0.15049138638870008 1.0
transition 73 8 50 -0.30926169435212936 1.0
transition 73 9 50 0.015376617344771581 1.0
transition 73 10 74 -0.7554491688004621 0.5920679886685553
transition 73 10 50 -0.7347220200967173 0.40793201133144474
transition 73 11 86 -0.46900019998695464 0.31629260182876145
transition 73 11 18 0.15868270697587739 0.23192019950124687
transition 73 11 50 0.9171781449889027 0.4517871986699917
transition 73 12 50 0.895563754770573 1.0
transition 73 13 32 -0.005866369173991748 0.38551307847082494
transition 73 13 49 -0.8633842109146967 0.24587525150905432
transition 73 13 50 -0.47444390765016875 0.36861167002012074
transition 73 14 40 -0.3712155105327686 0.389159891598916
transition 73 14 13 -0.5797098469489643 0.15826558265582655
transition 73 14 50 -0.5011412341580659 0.45257452574525747
transition 73 15 66 -0.5117119382535564 0.14095744680851063
transition 73 15 23 -0.759836655856335 0.1362082066869301
transition 73 15 24 0.20116777834409105 0.05167173252279635
transition 73 15 33 0.8711084689079467 0.18731003039513677
transition 73 15 50 0.7411574532497662 0.48385258358662614
transition 73 16 50 -0.11416869504180349 1.0
transition 73 17 5 0.6236531026604981 0.15013850415512464
transition 73 17 69 0.954022112521473 0.007202216066481994
transition 73 17 20 -0.8108272445047657 0.4332409972299169
transition 73 17 50 -0.4217054391765822 0.40941828254847645
transition 73 18 35 0.4248722709663384 0.20669500531349627
transition 73 18 37 -0.795607788355088 0.13602550478214664
transition 73 18 19 -0.19363649308760733 0.13682252922422955
transition 73 18 48 -0.45669853441763 0.2561105207226355
transition 73 18 50 -0.3571214747811988 0.264346439957492
transition 73 19 50 0.45276307772111624 1.0
transition 73 20 34 0.9584138764154058 0.5531135531135531
transition 73 20 50 -0.7072085099589078 0.4468864468864469
transition 73 21 10 -0.23084889822890742 0.07793840351979887
transition 73 21 94 0.9994142799865207 0.07008170961659334
transition 73 21 8 0.6574941412023358 0.11439346323067254
transition 73 21 29 -0.2176283092996485 0.3120678818353237
transition 73 21 50 0.0010482475657354051 0.42551854179761156
transition 73 22 0 0.7560828670996966 0.10998632010943912
transition 73 22 13 -0.6995415407994259 0.2051983584131327
transition 73 22 35 0.4139907836760761 0.14473324213406294
transition 73 22 54 -0.6670686837317572 0.14746922024623804
transition 73 22 50 0.42426949703118555 0.39261285909712723
transition 73 23 92 0.2862220736217831 0.14735625541750938
transition 73 23 81 -0.06616213499261803 0.2744871424443802
transition 73 23 10 0.23767317709074542 0.21438890494076857
transition 73 23 77 -0.985521300372092 0.12684195319271888
transition 73 23 50 -0.2716025025683979 0.23692574400462293
transition 73 24 16 0.3345982938911962 0.17954990215264188
transition 73 24 87 -0.2522217401344147 0.13478473581213307
transition 73 24 83 -0.015417837522653466 0.23434442270058709
transition 73 24 50 0.5734601378729063 0.45132093933463796
transition 74 0 96 -0.6542500088788583 0.5871559633027523
transition 74 0 95 0.36640087351636086 0.41284403669724773
transition 74 1 11 -0.27160294083488457 0.7832512315270936
transition 74 1 95 0.5969873679319773 0.21674876847290642
transition 74 2 95 -0.5215035226986235 1.0
transition 74 3 0 -0.19636741322319007 0.618848167539267
transition 74 3 95 0.5911246156416234 0.381151832460733
transition 74 4 2 0.2570142884289346 0.30257009345794394
transition 74 4 21 0.5225981204995933 0.05101246105919003
transition 74 4 33 0.11990310528831727 0.024143302180685357
transition 74 4 79 -0.9171972768921683 0.3407320872274143
transition 74 4 95 -0.8561765039303402 0.28154205607476634
transition 74 5 28 0.030090565634166566 0.7375
transition 74 5 95 -0.7410018151994704 0.2625
transition 74 6 52 0.691615523015529 0.26720351390922403
transition 74 6 17 0.8861591041625483 0.11566617862371889
transition 74 6 35 -0.9234951844030845 0.34297218155197656
transition 74 6 95 0.9001393163400289 0.27415812591508054
transition 74 7 95 -0.13251212931195488 1.0
transition 74 8 19 -0.5287466063435875 0.6050670640834576
transition 74 8 95 0.8546925248440016 0.3949329359165425
transition 74 9 95 0.30177314214679396 1.0
transition 74 10 83 -0.5049028460709357 0.5276639344262295
transition 74 10 95 -0.6513772611508561 0.4723360655737705
transition 74 11 32 0.9390835961997965 0.5456453305351522
transition 74 11 95 -0.032423291444250824 0.45435466946484787
transition 74 12 95 0.6472475482365525 1.0
transition 74 13 7 0.4946268560312075 0.3696402168555939
transition 74 13 2 -0.08238548058378536 0.1976343026121242
transition 74 13 95 0.013761317112023885 0.43272548053228194
transition 74 14 66 0.5282448189398141 0.2585669781931464
transition 74 14 69 -0.4163084190661208 0.14953271028037382
transition 74 14 15 0.727422184161387 0.08878504672897196
transition 74 14 71 0.9965149767926595 0.04361370716510903
transition 74 14 95 0.3664987259334693 0.45950155763239875
transition 74 15 29 -0.7081080104220929 0.2844513780551222
transition 74 15 84 0.19372916266653117 0.22828913156526262
transition 74 15 95 -0.7510572579177541 0.4872594903796152
transition 74 16 65 -0.7777329386250802 0.526835286859963
transition 74 16 95 0.8329706615617694 0.473164713140037
transition 74 17 95 -0.9875049521545354 1.0
transition 74 18 95 0.6716792508876464 1.0
transition 74 19 8 0.24922814682070626 0.2551374432879637
transition 74 19 33 -0.5123073642431757 0.10488390712570056
transition 74 19 35 -0.8693270034649145 0.12116359754470243
transition 74 19 34 0.0298581641244291 0.07926341072858287
transition 74 19 95 -0.4357455354213655 0.43955164131305047
transition 74 20 15 -0.6436163961183721 0.3366033108522379
transition 74 20 36 -0.12136596765829522 0.07970570202329859
transition 74 20 58 0.2514910223149154 0.027590435315757205
transition 74 20 99 0.44072569624340496 0.07541385652973635
transition 74 20 95 -0.6878110747138315 0.48068669527896996
transition 74 21 57 0.49571865117548475 0.3035444947209653
transition 74 21 73 0.7263036743914371 0.358974358974359
transition 74 21 95 0.20011766368492823 0.33748114630467574
transition 74 22 95 -0.2662666912842835 1.0
transition 74 23 95 -0.9877597532369085 1.0
transition 74 24 24 0.9248979044409675 0.7217948717948718
transition 74 24 95 -0.5876715169221278 0.2782051282051282
transition 75 0 18 -0.13589313452743412 0.1871942139970219
transition 75 0 35 0.26735919018036003 0.12550521165709425
transition 75 0 51 -0.6172254379823825 0.19549032120825358
transition 75 0 40 -0.7437057106290774 0.08019570304190597
transition 75 0 74 0.1154608314896004 0.41161455009572434
transition 75 1 85 0.005891406482348982 0.7177033492822966
transition 75 1 72 0.534292723986576 0.004784688995215311
transition 75 1 74 0.0630679602318478 0.27751196172248804
transition 75 2 10 -0.8915916473086698 0.09611256856665872
transition 75 2 7 0.49936268354945845 0.2060577152396852
transition 75 2 72 0.15488796444200825 0.22370617696160267
transition 75 2 18 0.9398025021999761 0.19914142618650132
transition 75 2 74 -0.5427100427384766 0.2749821130455521
transition 75 3 1 -0.98889476294452 0.21332014507088692
transition 75 3 19 -0.6408621775464498 0.09792284866468842
transition 75 3 39 0.3460319929178761 0.06198483349818661
transition 75 3 24 -0.8069408239857425 0.20243982855258819
transition 75 3 74 0.6502009947805387 0.42433234421364985
transition 75 4 15 0.09375383856422181 0.09898341359015517
transition 75 4 24 0.22698741334636852 0.09149277688603531
transition 75 4 86 0.027553042328008814 0.34831460674157305
transition 75 4 74 0.26200380980756566 0.4612092027822365
transition 75 5 64 0.36823748713636273 0.5323671497584541
transition 75 5 99 0.620189331866047 0.24830917874396136
transition 75 5 74 0.08186085385023012 0.21932367149758455
transition 75 6 74 -0.28834910936746194 1.0
transition 75 7 2 -0.10749446913160443 0.5466666666666666
transition 75 7 74 -0.7312128980005446 0.4533333333333333
transition 75 8 26 0.07257279388225402 0.3788249694002448
transition 75 8 93 -0.668311160157137 0.05018359853121175
transition 75 8 1 -0.25973683277595416 0.3708690330477356
transition 75 8 74 -0.17107682500060117 0.20012239902080783
transition 75 9 74 -0.7604453916054679 1.0
transition 75 10 74 -0.704741738075539 1.0
transition 75 11 74 0.8950432379276696 1.0
transition 75 12 4 0.6668395864200773 0.607981220657277
transition 75 12 74 0.17560320030611143 0.392018779342723
transition 75 13 8 0.9572522057744985 0.4528301886792453
transition 75 13 28 0.4826330999700048 0.021286889211417512
transition 75 13 90 0.166759191930542 0.16739235607160136
transition 75 13 74 0.30461927381421483 0.3584905660377358
transition 75 14 12 0.6413257004857853 0.3302446256486286
transition 75 14 60 -0.15644536100358786 0.3272794662713121
transition 75 14 49 -0.9391060897312957 0.12045959970348406
transition 75 14 74 0.9713893425983233 0.22201630837657524
transition 75 15 96 -0.36430047453827674 0.6947368421052632
transition 75 15 74 0.5269463735352353 0.30526315789473685
transition 75 16 74 0.12051261072140407 1.0
transition 75 17 97 -0.5667982360505692 0.1407960199004975
transition 75 17 66 0.24074086913226544 0.15497512437810945
transition 75 17 7 -0.7801581031101477 0.021144278606965175
transition 75 17 79 0.952751348754965 0.23308457711442787
transition 75 17 74 0.6142430157752634 0.45
transition 75 18 98 0.2169445581309044 0.3555233960443801
transition 75 18 31 0.123340394300681 0.2937771345875543
transition 75 18 74 0.2578959174298323 0.3506994693680656
transition 75 19 31 -0.9291297709068314 0.5312180143295804
transition 75 19 74 -0.7300048851563545 0.4687819856704197
transition 75 20 74 0.40386595517759183 1.0
transition 75 21 25 -0.3177341736515573 0.7912280701754386
transition 75 21 74 0.9127915749451616 0.20877192982456141
transition 75 22 29 0.15016051168877276 0.5031605562579013
transition 75 22 17 -0.6137391656830296 0.011378002528445006
transition 75 22 74 0.3208139836782624 0.4854614412136536
transition 75 23 13 -0.6414978279537067 0.1056638246041413
transition 75 23 92 -0.706823323769924 0.27679658952496955
transition 75 23 4 -0.2897539227079613 0.049939098660170524
transition 75 23 25 0.17994271604138068 0.29628501827040193
transition 75 23 74 -0.9123269038340802 0.27131546894031666
transition 75 24 43 -0.7813571460833821 0.42323232323232324
transition 75 24 93 -0.9305524521910045 0.18282828282828284
transition 75 24 74 -0.06593977949289265 0.3939393939393939
transition 76 0 40 0.013744571647166914 0.5716783216783217
transition 76 0 73 -0.27666253903325533 0.038461538461538464
transition 76 0 68 0.4904377672416056 0.38986013986013984
transition 76 1 68 0.7640098957299521 1.0
transition 76 2 45 0.512429560680332 0.5936370209689081
transition 76 2 68 -0.7170854648280642 0.4063629790310918
transition 76 3 68 -0.17301530305631974 1.0
transition 76 4 40 -0.9855659512339587 0.596244131455399
transition 76 4 83 -0.8152724899285011 0.003912363067292645
transition 76 4 68 -0.015447784541978704 0.3998435054773083
transition 76 5 64 0.5458810923184936 0.5461689587426326
transition 76 5 68 -0.13255789401429663 0.4538310412573674
transition 76 6 57 0.6718028311328887 0.2168545356951154
transition 76 6 87 0.8400076803633119 0.18250134192163178
transition 76 6 69 -0.9250869803623734 0.4278046162104133
transition 76 6 68 0.9674263888354033 0.1728395061728395
transition 76 7 35 0.49355256315607776 0.13959341723136495
transition 76 7 27 -0.747366434856193 0.13978702807357213
transition 76 7 72 0.7551256882098603 0.11558567279767668
transition 76 7 0 -0.8547649698897273 0.1275895450145208
transition 76 7 68 0.7299531193953741 0.4774443368828654
transition 76 8 68 -0.5845685776493956 1.0
transition 76 9 98 0.13072580677072265 0.1397934868943606
transition 76 9 66 0.758121896945193 0.2549642573471009
transition 76 9 65 0.456138371283485 0.24622716441620335
transition 76 9 48 0.03858192647157366 0.0018533227429176596
transition 76 9 68 -0.866823475886946 0.3571617685994175
transition 76 10 72 0.8337660289988862 0.5607476635514018
transition 76 10 68 0.4411336251001079 0.4392523364485981
transition 76 11 45 0.0916393342852031 0.027918781725888325
transition 76 11 82 -0.6689241973070659 0.2614213197969543
transition 76 11 22 -0.20078908107392635 0.3392554991539763
transition 76 11 68 0.18827343776897276 0.37140439932318103
transition 76 12 97 -0.1520951389668881 0.23689665383476458
transition 76 12 70 0.9812231228814092 0.2691738229197513
transition 76 12 91 -0.04663743769862294 0.24785312407462246
transition 76 12 68 -0.6482927933844589 0.24607639917086171
transition 76 13 82 0.9468709843523675 0.7491207502930832
transition 76 13 68 0.9418843589222203 0.2508792497069168
transition 76 14 56 -0.047515131076691475 0.15835456862031308
transition 76 14 70 -0.030886773663339806 0.3221696396068438
transition 76 14 83 0.8147326358744444 0.0691663633054241
transition 76 14 68 0.5862825728784451 0.450309428467419
transition 76 15 56 -0.6401692139842114 0.8195991091314031
transition 76 15 68 0.15744305536990444 0.18040089086859687
transition 76 16 52 0.9986095362235454 0.8181818181818182
transition 76 16 68 -0.5208858649044448 0.18181818181818182
transition 76 17 98 -0.41595818957415354 0.07228289131565263
transition 76 17 44 -0.2571527804274285 0.3926157046281851
transition 76 17 31 -0.8893001988089331 0.1622464898595944
transition 76 17 68 0.7482326088834974 0.37285491419656785
transition 76 18 74 0.4416107359075614 0.15894819466248036
transition 76 18 47 0.2417285356582637 0.17974882260596547
transition 76 18 62 -0.9396670529999105 0.18328100470957615
transition 76 18 30 -0.5079044976114173 0.08869701726844584
transition 76 18 68 0.018080066627542246 0.3893249607535322
transition 76 19 68 -0.7668014187151735 1.0
transition 76 20 7 -0.1382618158170268 0.2202551418901328
transition 76 20 47 -0.14274404750682068 0.22884665451705286
transition 76 20 10 0.019840264008915476 0.09737047643842749
transition 76 20 45 -0.9131736648905691 0.06534756573808904
transition 76 20 68 -0.24686273240930778 0.38818016141629785
transition 76 21 6 0.3696479329041116 0.5926305015353122
transition 76 21 68 0.6461000403588675 0.40736949846468784
transition 76 22 68 0.024951999466697794 1.0
transition 76 23 79 0.5942711900612883 0.16954824316787506
transition 76 23 5 0.1639134627642984 0.2640825432236475
transition 76 23 78 0.898370356184234 0.02928053541550474
transition 76 23 72 0.5851799664654964 0.1988287785833798
transition 76 23 68 0.66449972819479 0.33825989960959285
transition 76 24 59 -0.9201302201669042 0.019195612431444242
transition 76 24 22 0.056331791072952386 0.41773308957952465
transition 76 24 66 0.09918410048530957 0.1636197440585009
transition 76 24 68 0.7601466966397159 0.39945155393053017
transition 77 0 91 0.9148575911155861 0.802405498281787
transition 77 0 4 0.6503376675636834 0.19759450171821305
transition 77 1 31 -0.806507337191757 0.3242074927953891
transition 77 1 12 0.8136021428087654 0.2961095100864553
transition 77 1 4 0.6535946373188801 0.3796829971181556
transition 77 2 60 -0.9695611930656087 0.09934701492537314
transition 77 2 92 0.4054738315638431 0.09888059701492537
transition 77 2 62 -0.4722941217541001 0.300839552238806
transition 77 2 96 -0.35304300229094676 0.025186567164179104
transition 77 2 4 -0.7364906990620865 0.47574626865671643
transition 77 3 16 -0.35775079444666646 0.1907051282051282
transition 77 3 84 -0.7895369156663388 0.3261217948717949
transition 77 3 4 0.6558575203021471 0.4831730769230769
transition 77 4 4 -0.20375232704359658 1.0
transition 77 5 79 0.2833755746634734 0.2140822140822141
transition 77 5 20 0.5002029592994879 0.29385429385429385
transition 77 5 4 0.36971172421893184 0.49206349206349204
transition 77 6 66 0.2096509826963744 0.04244604316546763
transition 77 6 87 -0.5761498490630224 0.6553956834532374
transition 77 6 4 0.11623377178194083 0.302158273381295
transition 77 7 22 -0.3273828744511351 0.04201400466822274
transition 77 7 76 -0.44015861938628165 0.2830943647882628
transition 77 7 29 -0.2282173485851522 0.26875625208402804
transition 77 7 26 -0.15873156728927218 0.0006668889629876625
transition 77 7 4 0.3946718145828816 0.40546848949649883
transition 77 8 30 0.6523584734748733 0.7164556962025317
transition 77 8 4 0.6788078678285434 0.28354430379746837
transition 77 9 70 -0.42479473608735363 0.5
transition 77 9 44 -0.4462289964535071 0.24066599394550958
transition 77 9 4 0.10471630037986901 0.2593340060544904
transition 77 10 62 -0.1895804384144737 0.44409234947940246
transition 77 10 80 0.8397953300856478 0.07378904481665913
transition 77 10 2 -0.26219140086359394 0.25486645540968766
transition 77 10 4 0.9819082609295007 0.2272521502942508
transition 77 11 22 0.4752956866642424 0.5483870967741935
transition 77 11 4 0.5465513271827305 0.45161290322580644
transition 77 12 4 0.18521217527937606 1.0
transition 77 13 53 0.9396477567182733 0.3649956024626209
transition 77 13 25 0.45800192552507357 0.1644678979771328
transition 77 13 90 -0.41464385399018666 0.22163588390501318
transition 77 13 4 -0.9679458468697153 0.24890061565523308
transition 77 14 84 -0.871220091904827 0.30283018867924527
transition 77 14 70 -0.9010665364636656 0.21415094339622642
transition 77 14 4 -0.6514447353474204 0.4830188679245283
transition 77 15 62 0.7970973729799509 0.2505723734418723
transition 77 15 24 0.4640897402656392 0.07784278809463241
transition 77 15 73 -0.5898808874219181 0.22284406003561436
transition 77 15 4 -0.9793709530027752 0.44874077842788096
transition 77 16 4 -0.027268265671185343 1.0
transition 77 17 99 0.44356310455464 0.512022630834512
transition 77 17 4 0.8488491874927118 0.48797736916548795
transition 77 18 8 0.12466156780081161 0.05486511063958775
transition 77 18 43 -0.26272970901514614 0.13549560472870567
transition 77 18 24 0.8322562481926628 0.18975447105183388
transition 77 18 58 0.153516367078542 0.22279478629887844
transition 77 18 4 0.4572160946080315 0.39709002728099424
transition 77 19 77 -0.3563221213664747 0.1941112322791712
transition 77 19 6 0.9413704861642707 0.35659760087241005
transition 77 19 42 0.3677396034608793 0.23446019629225737
transition 77 19 4 0.9395974793132522 0.2148309705561614
transition 77 20 12 -0.9402122774592523 0.7346938775510204
transition 77 20 4 -0.185883389370328 0.2653061224489796
transition 77 21 80 0.43941746518694047 0.586104513064133
transition 77 21 4 -0.581287565648057 0.413895486935867
transition 77 22 3 0.9375467595957288 0.23622047244094488
transition 77 22 91 -0.31441860046475867 0.45144356955380577
transition 77 22 4 -0.1682908678447328 0.3123359580052493
transition 77 23 93 0.732095709802784 0.8181818181818182
transition 77 23 4 0.815265386738804 0.18181818181818182
transition 77 24 62 0.2520980117153655 0.8115577889447236
transition 77 24 4 0.36953217596520505 0.1884422110552764
transition 78 0 90 -0.7403515679970023 0.4023519529609408
transition 78 0 20 -0.8448718354246068 0.19193616127677446
transition 78 0 89 0.49101374097742934 0.061738765224695506
transition 78 0 73 0.5226804327446248 0.34397312053758927
transition 78 1 73 -0.31460804568173284 1.0
transition 78 2 82 0.47469312682790243 0.6588235294117647
transition 78 2 73 -0.4765305422303039 0.3411764705882353
transition 78 3 73 -0.7131320841212845 1.0
transition 78 4 85 0.4457002494341853 0.0012738853503184713
transition 78 4 90 -0.9195262696555382 0.6012738853503184
transition 78 4 73 -0.7457624426791354 0.3974522292993631
transition 78 5 15 -0.08566560011176327 0.5042444821731749
transition 78 5 73 0.10120304801029723 0.49575551782682514
transition 78 6 73 -0.7309953729975318 1.0
transition 78 7 38 -0.3172798620481192 0.5
transition 78 7 73 -0.1467299830455393 0.5
transition 78 8 73 0.6613372978349286 1.0
transition 78 9 72 0.44992335850173415 0.28615032430370085
transition 78 9 8 -0.7305175272848199 0.2739412438000763
transition 78 9 60 0.643304819195311 0.04654711942006868
transition 78 9 73 0.6018642219246204 0.39336131247615413
transition 78 10 71 -0.8447259654843142 0.1592920353982301
transition 78 10 59 -0.8461772526713662 0.34513274336283184
transition 78 10 73 0.5043099129312898 0.49557522123893805
transition 78 11 74 0.8525062341677891 0.5704022988505747
transition 78 11 73 0.4399821263484762 0.4295977011494253
transition 78 12 60 -0.58366372701812 0.5366242038216561
transition 78 12 73 -0.025915824069062454 0.46337579617834396
transition 78 13 73 0.5934957867594584 1.0
transition 78 14 73 0.942044940055502 1.0
transition 78 15 1 0.17001191656549075 0.6989247311827957
transition 78 15 73 0.5498010006751561 0.3010752688172043
transition 78 16 22 -0.9943854995262162 0.3739658025372311
transition 78 16 69 -0.322879023551786 0.3794815223386652
transition 78 16 73 -0.2333285538877401 0.2465526751241037
transition 78 17 52 -0.5303260499364892 0.5778577857785778
transition 78 17 73 0.862724307060533 0.4221422142214221
transition 78 18 71 0.004089947994495358 0.2790341126868532
transition 78 18 55 -0.43930939140367475 0.32349559218091223
transition 78 18 23 0.5272076029288437 0.049444231506324265
transition 78 18 73 -0.13617020543805491 0.3480260636259103
transition 78 19 73 -0.6173326156184795 1.0
transition 78 20 56 0.2647025228984583 0.6362725450901804
transition 78 20 73 -0.9035935332734757 0.3637274549098196
transition 78 21 36 0.9421150849383204 0.26284779050736495
transition 78 21 7 -0.14038053482477775 0.2618657937806874
transition 78 21 26 -0.29227134383093945 0.2006546644844517
transition 78 21 73 -0.3689743850960783 0.2746317512274959
transition 78 22 28 -0.12066230441533854 0.024114319738017267
transition 78 22 62 0.717201061523028 0.2244715689193212
transition 78 22 83 0.25442350668386715 0.21196784757368264
transition 78 22 93 -0.44904119655243036 0.07889252753795772
transition 78 22 73 0.08165743826283789 0.46055373623102114
transition 78 23 20 -0.4920561269313428 0.26392487046632124
transition 78 23 76 0.2255154806658961 0.20984455958549222
transition 78 23 67 -0.5657122666739065 0.11755181347150259
transition 78 23 58 0.6115018538046908 0.17843264248704663
transition 78 23 73 0.6921261871723097 0.23024611398963732
transition 78 24 22 -0.3687290387425419 0.4653361344537815
transition 78 24 62 -0.09108261659054628 0.14495798319327732
transition 78 24 73 -0.6736138090498631 0.3897058823529412
transition 80 0 43 -0.07234292641212203 0.031201248049921998
transition 80 0 35 0.9829338536946166 0.2917316692667707
transition 80 0 57 -0.33954716884896885 0.2078783151326053
transition 80 0 27 0.24670123684389944 0.46918876755070205
transition 80 1 54 -0.9188363826971149 0.19528250137136588
transition 80 1 70 -0.6788402345387397 0.24684585847504115
transition 80 1 51 -0.4722056981259639 0.30718595721338454
transition 80 1 27 0.09418371185877006 0.25068568294020843
transition 80 2 99 -0.6973062099684053 0.05422242731887402
transition 80 2 70 -0.07809285702825775 0.21135209967697277
transition 80 2 24 -0.6566661988584599 0.21481310567604983
transition 80 2 81 -0.2506480434056624 0.09644670050761421
transition 80 2 27 -0.06866757718710592 0.4231656668204892
transition 80 3 65 -0.79542463315097 0.19183673469387755
transition 80 3 52 -0.883840315194278 0.11428571428571428
transition 80 3 9 -0.16165475834145893 0.2216640502354788
transition 80 3 81 -0.0001727862994123086 0.23861852433281006
transition 80 3 27 -0.7257882684542056 0.2335949764521193
transition 80 4 30 0.1785867772694243 0.478515625
transition 80 4 72 -0.8504747680100089 0.0673828125
transition 80 4 27 0.8550684573312111 0.4541015625
transition 80 5 75 0.14411018739752923 0.15582959641255606
transition 80 5 83 0.17717561137031113 0.12780269058295965
transition 80 5 47 0.2579603163144617 0.1242526158445441
transition 80 5 82 0.2739777871852973 0.18142750373692076
transition 80 5 27 -0.7373642766824615 0.4106875934230194
transition 80 6 27 0.19083691934040492 1.0
transition 80 7 85 -0.7805432754645019 0.7777777777777778
transition 80 7 27 0.2746594786906329 0.2222222222222222
transition 80 8 27 -0.6857114480031097 1.0
transition 80 9 32 -0.2059345109451869 0.4385499557913351
transition 80 9 80 -0.8562778225362975 0.19849690539345713
transition 80 9 27 -0.9577050431145873 0.3629531388152078
transition 80 10 18 -0.5057304087178385 0.5182156133828997
transition 80 10 27 0.01906583591390154 0.4817843866171004
transition 80 11 30 -0.667915886179222 0.6923076923076923
transition 80 11 27 0.7950532793603977 0.3076923076923077
transition 80 12 75 0.7207013808100291 0.5678391959798995
transition 80 12 27 0.08598485857048055 0.4321608040201005
transition 80 13 34 0.17957863161801635 0.009104704097116844
transition 80 13 77 -0.8962322465272514 0.35457764289327265
transition 80 13 61 0.1145117948635368 0.39504299443601415
transition 80 13 27 -0.6252943231294581 0.24127465857359637
transition 80 14 31 -0.0774729766969442 0.04819277108433735
transition 80 14 56 -0.016346772991501668 0.07414272474513438
transition 80 14 88 0.9287931255556834 0.10240963855421686
transition 80 14 73 -0.8806165889620938 0.4522706209453197
transition 80 14 27 -0.6633295979522249 0.3229842446709917
transition 80 15 12 0.5177941936820254 0.21967885206696275
transition 80 15 57 0.26787955229606686 0.23402801503245643
transition 80 15 38 -0.15398148894011654 0.07106252135292108
transition 80 15 27 0.2827233819517767 0.4752306115476597
transition 80 16 86 0.07979506866994934 0.7647668393782383
transition 80 16 27 -0.5164267686547599 0.23523316062176167
transition 80 17 39 -0.7911974884498094 0.23224699828473414
transition 80 17 21 0.5980424111245681 0.2137221269296741
transition 80 17 20 0.46231283632265163 0.08130360205831903
transition 80 17 27 0.010678200836169882 0.4727272727272727
transition 80 18 27 0.980050680895082 1.0
transition 80 19 89 -0.6075142260535416 0.6444444444444445
transition 80 19 27 0.18782576906591708 0.35555555555555557
transition 80 20 27 -0.9795106559106157 1.0
transition 80 21 15 0.23968223503102637 0.29854545454545456
transition 80 21 67 -0.9250714703758827 0.31527272727272726
transition 80 21 27 0.24949153182840123 0.3861818181818182
transition 80 22 27 -0.9417592591651314 1.0
transition 80 23 66 0.006997433953939147 0.5127551020408163
transition 80 23 27 -0.9887801180405995 0.4872448979591837
transition 80 24 16 -0.6280985203453138 0.611764705882353
transition 80 24 72 0.9547602644185604 0.07137254901960784
transition 80 24 27 0.5423345909498729 0.3168627450980392
transition 81 0 63 -0.8387252263133795 0.23236663086287146
transition 81 0 41 -0.03767439474175438 0.08127461510920157
transition 81 0 72 0.7787368792589406 0.010025062656641603
transition 81 0 87 0.44169750117054085 0.24668814894378804
transition 81 0 76 0.6365099380223216 0.4296455424274973
transition 81 1 76 -0.952772635572884 1.0
transition 81 2 23 -0.8961192871738899 0.5148698884758365
transition 81 2 76 -0.3961806164763748 0.4851301115241636
transition 81 3 27 -0.8855197819658327 0.23161189358372458
transition 81 3 7 -0.7654492774465718 0.0693792383933229
transition 81 3 15 0.2617239727003007 0.06233698487219614
transition 81 3 94 -0.7509328061293088 0.17866458007303077
transition 81 3 76 -0.8113595358470926 0.45800730307772564
transition 81 4 76 0.3439285590011185 1.0
transition 81 5 46 0.6836864376615535 0.6188811188811189
transition 81 5 76 0.16502924561484522 0.3811188811188811
transition 81 6 34 0.23919897330423612 0.47503566333808844
transition 81 6 98 0.6539150786933647 0.12125534950071326
transition 81 6 76 -0.8216856553158043 0.4037089871611983
transition 81 7 15 -0.2908576087024748 0.11178927079987151
transition 81 7 74 -0.537926958797863 0.2563443623514295
transition 81 7 43 0.1875825749886324 0.2267908769675554
transition 81 7 76 0.49097591463694745 0.4050754898811436
transition 81 8 60 0.23724585286852684 0.5671641791044776
transition 81 8 76 -0.9138790459986914 0.43283582089552236
transition 81 9 37 0.49601225972804275 0.49878934624697335
transition 81 9 63 -0.9939010964287074 0.04721549636803874
transition 81 9 97 -0.7834261846129194 0.08353510895883777
transition 81 9 76 -0.6720039007954057 0.3704600484261501
transition 81 10 35 -0.13834498997329026 0.16957210776545167
transition 81 10 83 -0.7777028975043436 0.04714738510301109
transition 81 10 16 0.8196306398885205 0.3193343898573692
transition 81 10 76 0.9030938879211481 0.463946117274168
transition 81 11 76 0.995583379019924 1.0
transition 81 12 27 0.3947806708683601 0.06155451225873761
transition 81 12 89 0.4135454906710496 0.4647887323943662
transition 81 12 5 -0.49812204622495804 0.0912884715701617
transition 81 12 76 0.5159760086869947 0.3823682837767345
transition 81 13 99 -0.6817704442180967 0.7110016420361248
transition 81 13 76 -0.39693005846192264 0.2889983579638752
transition 81 14 76 -0.5867276744111518 1.0
transition 81 15 24 -0.2999176364095406 0.03439358675976209
transition 81 15 8 -0.9542847919246926 0.11507628652702354
transition 81 15 17 -0.10282236837867242 0.19032841996379624
transition 81 15 28 -0.2371811500805574 0.24256529609516422
transition 81 15 76 0.5145148215676669 0.41763641065425394
transition 81 16 23 0.29547274933947865 0.4097087378640777
transition 81 16 29 0.9719157107262895 0.3504854368932039
transition 81 16 76 0.24156439249451167 0.23980582524271846
transition 81 17 97 -0.23934082814818702 0.5149971703452179
transition 81 17 58 -0.2716303210400617 0.2727787209960385
transition 81 17 76 -0.3382511888703845 0.21222410865874364
transition 81 18 24 0.8941632790656782 0.08419660568657704
transition 81 18 82 -0.3961506027098636 0.18492395856292704
transition 81 18 38 0.25234480117200775 0.2148997134670487
transition 81 18 30 0.0039407471234964575 0.21027110425391227
transition 81 18 76 0.012708803152844395 0.3057086180295349
transition 81 19 15 0.7809400689304342 0.3230593607305936
transition 81 19 79 -0.9019145418930397 0.4246575342465753
transition 81 19 76 -0.5493527135265106 0.2522831050228311
transition 81 20 56 0.1020052911181275 0.4133545310015898
transition 81 20 45 0.25870568849240105 0.09538950715421304
transition 81 20 88 0.2771311084203294 0.307631160572337
transition 81 20 76 -0.3059594872675926 0.1836248012718601
transition 81 21 76 -0.39121919744533384 1.0
transition 81 22 41 0.059096208215281276 0.15566037735849056
transition 81 22 26 -0.9543786463541835 0.41037735849056606
transition 81 22 76 -0.4055717158245089 0.4339622641509434
transition 81 23 43 0.5864231077784738 0.3436641820321695
transition 81 23 34 0.26009226300183363 0.11063162024323264
transition 81 23 38 -0.8635857295504306 0.1224009415457042
transition 81 23 76 -0.9301726791810045 0.4233032561788937
transition 81 24 24 0.6856173727389951 0.5077129443326627
transition 81 24 39 0.7086474475719671 0.29711602951039573
transition 81 24 76 0.3205220321015321 0.19517102615694165
transition 83 0 46 0.6406273303384273 1.0
transition 83 1 14 -0.8125905983671369 0.0035842293906810036
transition 83 1 86 -0.2862101941052324 0.6666666666666666
transition 83 1 46 -0.09133895668543657 0.32974910394265233
transition 83 2 46 0.1152165532474001 1.0
transition 83 3 44 0.7046553686852939 0.8206039076376554
transition 83 3 46 0.15876649540860677 0.17939609236234458
transition 83 4 81 -0.3046254524287213 0.2504398826979472
transition 83 4 93 0.27680390402854993 0.09560117302052785
transition 83 4 4 0.5643071330446969 0.28973607038123167
transition 83 4 46 0.4629794147337778 0.36422287390029323
transition 83 5 20 -0.8275287101894706 0.053802224226029455
transition 83 5 52 -0.17356878594896652 0.2765253982566877
transition 83 5 89 -0.8976563793537091 0.21280432822362488
transition 83 5 30 -0.47208026564166894 0.023143973549744516
transition 83 5 46 -0.6601421045876237 0.4337240757439134
transition 83 6 33 0.653622638240194 0.5016129032258064
transition 83 6 46 0.2306299142616337 0.49838709677419357
transition 83 7 29 0.9086554200580039 0.586053412462908
transition 83 7 68 0.044882990501809106 0.019287833827893175
transition 83 7 92 -0.12174358604135693 0.13130563798219586
transition 83 7 46 -0.6624277961448257 0.263353115727003
transition 83 8 40 -0.8505037197527545 0.5925337569499602
transition 83 8 46 -0.12950379851230287 0.4074662430500397
transition 83 9 17 0.8198396657042235 0.12750333778371162
transition 83 9 84 0.1803563120955174 0.6602136181575434
transition 83 9 46 0.8759970062030571 0.21228304405874499
transition 83 10 37 0.17757006819135923 0.42310106716886375
transition 83 10 21 0.6791531173851202 0.13119899560577528
transition 83 10 46 0.07432208706205179 0.44569993722536094
transition 83 11 11 0.08011926312767148 0.2843601895734597
transition 83 11 36 0.19800262609045527 0.06228842247799594
transition 83 11 22 0.41522763011101027 0.2911306702775897
transition 83 11 46 0.12437128061463909 0.36222071767095465
transition 83 12 46 0.12446549853394218 1.0
transition 83 13 53 -0.8458245668650615 0.24141465914915428
transition 83 13 61 -0.008825880285750154 0.44951307022039977
transition 83 13 46 -0.5434419639544774 0.3090722706304459
transition 83 14 29 -0.19575619243957143 0.5125382262996941
transition 83 14 46 0.6183581900931134 0.4874617737003058
transition 83 15 47 -0.8398072841985555 0.8019966722129783
transition 83 15 46 0.028710466741230567 0.19800332778702162
transition 83 16 46 0.974644783113257 1.0
transition 83 17 36 -0.4514661302526797 0.6476377952755905
transition 83 17 46 -0.19890866946531527 0.35236220472440943
transition 83 18 46 0.6418955845300689 1.0
transition 83 19 29 0.8294684691682521 0.26332970620239393
transition 83 19 41 0.6387444307197185 0.10935799782372144
transition 83 19 94 0.5523950564013647 0.44776931447225243
transition 83 19 46 -0.9443602800301343 0.1795429815016322
transition 83 20 73 -0.5646293381892757 0.3374233128834356
transition 83 20 2 -0.7344536601856333 0.3886941279579316
transition 83 20 35 -0.7077628046521587 0.1056091148115688
transition 83 20 46 0.5284156550466639 0.16827344434706398
transition 83 21 75 -0.9885598097371269 0.706060606060606
transition 83 21 46 0.5887049287148665 0.29393939393939394
transition 83 22 53 -0.007823477241966081 0.5443786982248521
transition 83 22 46 0.4895193334657266 0.4556213017751479
transition 83 23 59 0.5483196767405076 0.04954419342053112
transition 83 23 55 -0.3065253523447822 0.03963535473642489
transition 83 23 66 -0.3217514929433172 0.2568370986920333
transition 83 23 68 0.44076364007841917 0.32461355529131986
transition 83 23 46 0.20749514414981673 0.32936979785969084
transition 83 24 46 -0.9829185519090757 1.0
transition 84 0 40 0.44604125052471133 1.0
transition 84 1 47 0.2166411523562417 0.16844143272023232
transition 84 1 85 -0.5104728860178156 0.1727976766698935
transition 84 1 56 -0.7773310994127487 0.18441432720232334
transition 84 1 40 0.6277514980225043 0.4743465634075508
transition 84 2 18 -0.11636199949442005 0.640222686151705
transition 84 2 40 0.5513610511442111 0.35977731384829503
transition 84 3 19 0.8514021011791311 0.10287589268480989
transition 84 3 79 0.5177477884715616 0.17313259988419225
transition 84 3 35 -0.9353230822802892 0.12796757382744645
transition 84 3 0 0.8944020220772135 0.10924531943640224
transition 84 3 40 -0.7335575746254093 0.4867786141671492
transition 84 4 40 0.33397344202605406 1.0
transition 84 5 23 0.5508509645894373 0.060272934040940106
transition 84 5 27 0.5729534485171581 0.37680060652009095
transition 84 5 85 -0.9602103811953906 0.28089461713419256
transition 84 5 40 -0.7131312709445405 0.28203184230477635
transition 84 6 85 -0.19782348335382327 0.32349123945489944
transition 84 6 53 0.8604219534050748 0.3199221284879948
transition 84 6 40 -0.8561020976054239 0.3565866320571058
transition 84 7 40 0.11364907798028523 1.0
transition 84 8 7 -0.8928722974004544 0.22236946726742646
transition 84 8 65 0.39556960016267406 0.17784256559766765
transition 84 8 42 -0.83300679964936 0.029154518950437316
transition 84 8 29 0.12379132263686343 0.08030744765438642
transition 84 8 40 -0.4565453258458356 0.4903260005300822
transition 84 9 83 -0.5546533648798817 0.1785276073619632
transition 84 9 98 -0.144977581813303 0.4736196319018405
transition 84 9 16 -0.2949743390312689 0.17484662576687116
transition 84 9 40 0.8123441495147101 0.17300613496932515
transition 84 10 25 0.013712799604006953 0.1542056074766355
transition 84 10 73 0.9975754793743816 0.14047897196261683
transition 84 10 49 0.42000516449440584 0.2789135514018692
transition 84 10 17 -0.3518899221572689 0.026285046728971962
transition 84 10 40 -0.43371890369139443 0.40011682242990654
transition 84 11 71 -0.1573252925345794 0.29425723777883245
transition 84 11 20 0.17609477054900635 0.4034171808258187
transition 84 11 79 -0.09334790096915913 0.013289036544850499
transition 84 11 40 -0.8614438550591219 0.28903654485049834
transition 84 12 40 -0.8576204113447043 1.0
transition 84 13 88 -0.4833713728339879 0.1484079870480302
transition 84 13 51 -0.6523709464823335 0.060442525634106854
transition 84 13 60 0.6758727694640612 0.36265515380464114
transition 84 13 13 0.1586436556906261 0.22611980572045332
transition 84 13 40 0.6878277993989474 0.2023745277927685
transition 84 14 40 -0.9795622721191573 1.0
transition 84 15 85 -0.078827654646352 0.3382544507164568
transition 84 15 16 -0.2405444600522777 0.28788536691272254
transition 84 15 40 0.32915850068886465 0.3738601823708207
transition 84 16 40 0.16643477490018532 1.0
transition 84 17 40 0.7374571703967059 1.0
transition 84 18 23 0.3047920196754099 0.10310077519379846
transition 84 18 12 -0.5838077718625923 0.4434108527131783
transition 84 18 78 -0.16050230822676248 0.13565891472868216
transition 84 18 40 -0.30435007308308326 0.3178294573643411
transition 84 19 68 0.20539720075447576 0.10032065964269354
transition 84 19 4 -0.8253806964679411 0.1429225836005497
transition 84 19 87 -0.5427300786988665 0.17407237746220797
transition 84 19 32 -0.12022359350243828 0.37792029317453046
transition 84 19 40 0.8011992917073667 0.2047640861200183
transition 84 20 39 -0.3459546294568445 0.5
transition 84 20 55 -0.5443994285014304 0.16666666666666666
transition 84 20 40 -0.9492779769902189 0.3333333333333333
transition 84 21 72 -0.5341410558543933 0.13217747949291572
transition 84 21 7 -0.9491630804176312 0.10645041014168531
transition 84 21 12 -0.19251323427435763 0.18232662192393737
transition 84 21 44 -0.5464493868683253 0.11614466815809098
transition 84 21 40 0.0599034305798023 0.4629008202833706
transition 84 22 72 0.7265326276909356 0.45180447693010506
transition 84 22 64 -0.004246095880690026 0.06167199634536318
transition 84 22 81 0.5561847348066642 0.2878026496116948
transition 84 22 40 -0.8944981844476829 0.19872087711283692
transition 84 23 10 -0.3428023153910733 0.12782485875706215
transition 84 23 84 0.7992052773933949 0.557909604519774
transition 84 23 40 -0.6258349450636649 0.3142655367231638
transition 84 24 21 -0.9108073205888905 0.525065963060686
transition 84 24 40 0.3251180762759587 0.47493403693931396
transition 85 0 31 0.7684241457153267 0.19600288947748615
transition 85 0 3 0.8423162682619998 0.10883698531182277
transition 85 0 26 0.3685045381270329 0.17601733686491694
transition 85 0 40 0.7629047500608634 0.03009872381411028
transition 85 0 80 -0.34204807708718454 0.4890440645316639
transition 85 1 37 0.27061344417408706 0.6438709677419355
transition 85 1 5 0.9456713046434264 0.05419354838709677
transition 85 1 80 0.26644448845330526 0.30193548387096775
transition 85 2 66 0.9217990789020778 0.18442427138079312
transition 85 2 86 -0.5656085173651579 0.17439082656473961
transition 85 2 59 0.3335450178676924 0.1729574773053034
transition 85 2 84 -0.5492171957939009 0.011466794075489728
transition 85 2 80 -0.11906846529380455 0.4567606306736742
transition 85 3 56 -0.4271806482827649 0.14390021296014602
transition 85 3 76 0.05092289639873271 0.25707331913599024
transition 85 3 93 -0.18044930056928998 0.15789473684210525
transition 85 3 80 0.02466391364193532 0.44113173106175846
transition 85 4 53 -0.13781891682430447 0.6459537572254336
transition 85 4 80 -0.6144315423419155 0.3540462427745665
transition 85 5 79 0.0907151504042023 0.2265193370165746
transition 85 5 75 -0.1685239500764486 0.4580110497237569
transition 85 5 80 0.12867963816687067 0.3154696132596685
transition 85 6 12 0.8289662302123646 0.5053763440860215
transition 85 6 80 -0.18028260598619128 0.4946236559139785
transition 85 7 33 0.3616097208512483 0.640542577241899
transition 85 7 80 -0.3613328526572559 0.359457422758101
transition 85 8 70 -0.18973203829373908 0.12477718360071301
transition 85 8 75 0.08322955670769727 0.1626559714795009
transition 85 8 25 0.5823693252939566 0.23440285204991088
transition 85 8 80 0.10083461490007828 0.4781639928698752
transition 85 9 79 0.004769891456543496 0.8181818181818182
transition 85 9 80 0.5881888199889347 0.18181818181818182
transition 85 10 94 0.6520900699028731 0.13259483048002685
transition 85 10 16 0.07307276712139887 0.21584424303457536
transition 85 10 22 -0.38118349716291355 0.3356831151393085
transition 85 10 80 -0.7349309485595092 0.3158778113460893
transition 85 11 80 0.9041499958150161 1.0
transition 85 12 58 0.4696416665251204 0.4421831637372803
transition 85 12 20 -0.36386225039632847 0.29324699352451433
transition 85 12 80 -0.057994968407863556 0.2645698427382054
transition 85 13 10 -0.6691245534356327 0.5789473684210527
transition 85 13 80 -0.4111886696871827 0.42105263157894735
transition 85 14 28 0.518760061330086 0.20423529411764707
transition 85 14 72 -0.4293086672119639 0.09647058823529411
transition 85 14 15 -0.16812146556177376 0.2063529411764706
transition 85 14 87 0.14547552164305633 0.15294117647058825
transition 85 14 80 0.4212024091421096 0.34
transition 85 15 80 0.07055624094735813 1.0
transition 85 16 80 0.22833685735376408 1.0
transition 85 17 45 0.9404985669403163 0.31504571903574397
transition 85 17 68 -0.3864302692178223 0.026184538653366583
transition 85 17 40 0.20290394598834127 0.3848711554447215
transition 85 17 80 -0.5029369495370151 0.2738985868661679
transition 85 18 1 -0.5079867161122427 0.1474685694869181
transition 85 18 61 0.2575003646917633 0.2130479102956167
transition 85 18 20 -0.15573960640169204 0.23955147808358818
transition 85 18 80 0.9249569070147561 0.399932042133877
transition 85 19 80 0.16540448320683998 1.0
transition 85 20 89 -0.18175180363485222 0.08914728682170543
transition 85 20 60 0.2420520214239128 0.5717054263565892
transition 85 20 80 0.7463027108047464 0.3391472868217054
transition 85 21 58 -0.7090729324838145 0.3335451080050826
transition 85 21 98 -0.17051024463620434 0.18424396442185514
transition 85 21 70 -0.6541751783993008 0.28907242693773827
transition 85 21 80 -0.15304958647173672 0.193138500635324
transition 85 22 91 -0.03449311886903916 0.3340149965916837
transition 85 22 57 0.9351261548756684 0.2038173142467621
transition 85 22 9 0.6218596944254722 0.2283571915473756
transition 85 22 21 0.8783881330512311 0.040558963871847306
transition 85 22 80 0.8279073501846994 0.19325153374233128
transition 85 23 63 -0.9282146053709734 0.7365911799761621
transition 85 23 80 -0.6797728511472834 0.2634088200238379
transition 85 24 22 0.9089869247404831 0.6072555205047319
transition 85 24 84 -0.4724559332500453 0.19400630914826497
transition 85 24 80 -0.05834442370964199 0.19873817034700317
transition 86 0 47 -0.5435341943750616 0.7464114832535885
transition 86 0 7 -0.45438823200116474 0.2535885167464115
transition 86 1 87 -0.13631316129971993 0.22756827048114434
transition 86 1 9 0.4407007101904301 0.09839618552232336
transition 86 1 89 -0.016111172116145545 0.2201993931512787
transition 86 1 26 -0.16492411757638448 0.06935413957520589
transition 86 1 7 0.21938209489844862 0.38448201127004766
transition 86 2 7 -0.902175613527531 1.0
transition 86 3 37 -0.5717816543007614 0.25430539609644087
transition 86 3 24 0.14349780816072077 0.29334098737083814
transition 86 3 7 -0.13191900364566034 0.452353616532721
transition 86 4 21 0.8547365272148317 0.12304038004750593
transition 86 4 27 -0.7310983021119453 0.40190023752969123
transition 86 4 7 0.3284451024111341 0.4750593824228028
transition 86 5 51 0.7587427862020524 0.5069767441860465
transition 86 5 7 0.24712449054149 0.4930232558139535
transition 86 6 7 -0.6367458199818337 1.0
transition 86 7 81 -0.564746729812658 0.18050541516245489
transition 86 7 39 -0.19449232170707198 0.14945848375451262
transition 86 7 38 -0.9956270852070719 0.33357400722021663
transition 86 7 7 -0.16293137670693336 0.3364620938628159
transition 86 8 7 -0.552745718091971 1.0
transition 86 9 38 0.5032330528893176 0.13901472253680633
transition 86 9 31 -0.5854751125355409 0.13221970554926388
transition 86 9 42 0.22145868177259453 0.11325028312570781
transition 86 9 41 -0.7681225120727713 0.17270668176670442
transition 86 9 7 -0.41818071999438855 0.44280860702151753
transition 86 10 7 -0.632755823561262 1.0
transition 86 11 67 -0.9975202139216628 0.1807403123192597
transition 86 11 97 -0.6867598339982608 0.12348178137651822
transition 86 11 89 0.09170970316660121 0.2744360902255639
transition 86 11 7 -0.9242235819450282 0.42134181607865817
transition 86 12 7 0.2772938835342922 1.0
transition 86 13 87 -0.7930122961057953 0.2859560067681895
transition 86 13 88 0.007600263855263245 0.43316412859560066
transition 86 13 7 0.9740642601287772 0.2808798646362098
transition 86 14 37 0.889173180963791 0.30784186649384315
transition 86 14 18 -0.3531031472918762 0.2559948152948801
transition 86 14 27 0.36167451973730924 0.22715489306545691
transition 86 14 7 0.8878809094422284 0.20900842514581983
transition 86 15 37 -0.24480074747563085 0.7426376440460948
transition 86 15 7 -0.6514331358741752 0.2573623559539053
transition 86 16 19 -0.29006168925360143 0.05480769230769231
transition 86 16 65 0.07559263032002628 0.2247596153846154
transition 86 16 94 -0.26127165574994216 0.1201923076923077
transition 86 16 6 0.7509646044123561 0.23365384615384616
transition 86 16 7 -0.22810600563013983 0.36658653846153844
transition 86 17 7 -0.6796814026930815 1.0
transition 86 18 70 -0.2137388655263699 0.39983443708609273
transition 86 18 93 0.28778461367584907 0.25620860927152317
transition 86 18 7 -0.6383600978186006 0.3439569536423841
transition 86 19 67 -0.2291066542028639 0.28685714285714287
transition 86 19 12 0.9775478503570798 0.3325714285714286
transition 86 19 7 -0.006480301903226238 0.38057142857142856
transition 86 20 46 0.10499616692128289 0.4182063992789545
transition 86 20 96 0.43483215853047663 0.3501577287066246
transition 86 20 7 0.4606838063046883 0.2316358720144209
transition 86 21 0 -0.4934162401560931 0.803030303030303
transition 86 21 7 0.9637312710855643 0.19696969696969696
transition 86 22 7 -0.39959761035142116 1.0
transition 86 23 7 0.3713174317004728 1.0
transition 86 24 52 0.19867983147432966 0.7725752508361204
transition 86 24 7 -0.07420672870507694 0.22742474916387959
transition 87 0 29 0.7845113135132757 0.11286951328754852
transition 87 0 9 -0.5160581562530591 0.25380710659898476
transition 87 0 15 -0.8337330074617892 0.06210809196775157
transition 87 0 96 -0.5284803103906672 0.2818751866228725
transition 87 0 34 -0.8120372098155897 0.2893401015228426
transition 87 1 78 -0.5159960560031827 0.27344701583434833
transition 87 1 58 0.7394076995774501 0.3617539585870889
transition 87 1 34 0.6324089267590243 0.36479902557856275
transition 87 2 58 -0.4613798059317684 0.07708119218910586
transition 87 2 57 0.17794995807788716 0.6752312435765673
transition 87 2 34 0.5010687480848548 0.24768756423432683
transition 87 3 72 0.3568499324828689 0.030508474576271188
transition 87 3 60 0.49425858293709735 0.30621468926553674
transition 87 3 58 -0.08955283794193325 0.3254237288135593
transition 87 3 34 0.3592475862489233 0.33785310734463275
transition 87 4 90 0.9591794024592801 0.7536907536907537
transition 87 4 34 0.2851420195071501 0.2463092463092463
transition 87 5 47 -0.3630627970163447 0.5681818181818182
transition 87 5 34 -0.6692191955992606 0.4318181818181818
transition 87 6 95 -0.08894378157955729 0.0036656891495601175
transition 87 6 4 -0.3472316695067057 0.5703812316715543
transition 87 6 34 0.9920518488424346 0.42595307917888564
transition 87 7 66 0.4514577055193305 0.5522388059701493
transition 87 7 34 -0.4840882204008321 0.44776119402985076
transition 87 8 34 -0.5723776922021371 1.0
transition 87 9 7 0.09593850977200558 0.041405873856523834
transition 87 9 55 -0.5594178597638226 0.16995666827154549
transition 87 9 11 -0.7507059348376459 0.11194029850746269
transition 87 9 57 0.6034410377363111 0.20919595570534424
transition 87 9 34 -0.0393000346088368 0.46750120365912373
transition 87 10 98 0.9316325216753929 0.053528708133971294
transition 87 10 22 -0.2693341345568827 0.29246411483253587
transition 87 10 23 -0.156923104984924 0.24641148325358853
transition 87 10 34 0.0264457088546326 0.4075956937799043
transition 87 11 34 -0.4828711205696661 1.0
transition 87 12 19 0.3207828899011025 0.49189814814814814
transition 87 12 26 -0.7069643533343537 0.046296296296296294
transition 87 12 4 -0.3452134205792503 0.19502314814814814
transition 87 12 34 0.4832053107834178 0.2667824074074074
transition 87 13 7 -0.5580843710614638 0.4936778449697636
transition 87 13 14 -0.492218576082853 0.04947773501924134
transition 87 13 13 -0.6774969793466503 0.09730621220450797
transition 87 13 36 0.05085686948368506 0.040131940626717974
transition 87 13 34 0.0729099709210117 0.3194062671797691
transition 87 14 83 -0.7633689236932943 0.4228538283062645
transition 87 14 15 0.8228768454375031 0.013921113689095127
transition 87 14 55 -0.976155092069922 0.3451276102088167
transition 87 14 34 -0.3288520172675138 0.21809744779582366
transition 87 15 82 -0.9373123120983577 0.26683087027914615
transition 87 15 89 -0.6411269516213267 0.12315270935960591
transition 87 15 76 -0.36781724633987634 0.09811165845648605
transition 87 15 53 0.2680373710270232 0.1383415435139573
transition 87 15 34 0.027368944829791575 0.3735632183908046
transition 87 16 19 0.9757493371915216 0.17247191011235954
transition 87 16 81 -0.26670000974653885 0.09550561797752809
transition 87 16 73 0.7971642250109103 0.24213483146067416
transition 87 16 34 -0.44919418622093055 0.4898876404494382
transition 87 17 8 0.5301382522802442 0.7372549019607844
transition 87 17 34 -0.1477348496614448 0.2627450980392157
transition 87 18 12 0.3906291063589924 0.6195652173913043
transition 87 18 34 -0.3473557014259616 0.3804347826086957
transition 87 19 34 0.42502375817967053 1.0
transition 87 20 71 -0.30433346696786745 0.17221770917952883
transition 87 20 53 0.5756907750775841 0.07229894394800974
transition 87 20 51 -0.47740873804330186 0.22461413484971568
transition 87 20 14 -0.8354029104536873 0.13119415109666938
transition 87 20 34 0.11772552850097706 0.39967506092607635
transition 87 21 99 0.6196936565618532 0.5368296994696523
transition 87 21 34 -0.6561403211072112 0.4631703005303477
transition 87 22 18 -0.8547944416629087 0.05796038151137197
transition 87 22 74 0.8386863015181096 0.13536316947909025
transition 87 22 42 0.44707866259471496 0.17204695524578137
transition 87 22 28 -0.3035881015656816 0.3499633162142333
transition 87 22 34 0.013139690077394794 0.2846661775495231
transition 87 23 34 0.8245325504081396 1.0
transition 87 24 93 0.8792462047548155 0.7984790874524715
transition 87 24 34 0.4744826693408575 0.20152091254752852
transition 88 0 37 -0.7470016498902856 0.09103641456582633
transition 88 0 73 0.8464798174697374 0.06722689075630252
transition 88 0 90 -0.030641223781000093 0.44677871148459386
transition 88 0 84 0.40348772893160323 0.14425770308123248
transition 88 0 11 0.8052903827346773 0.2507002801120448
transition 88 1 11 0.5371513922303035 1.0
transition 88 2 72 0.6758582845512675 0.7923186344238976
transition 88 2 11 0.14138294170281052 0.20768136557610242
transition 88 3 62 0.9435066349893282 0.05900709219858156
transition 88 3 67 -0.6352728284607343 0.22893617021276597
transition 88 3 45 0.15801140106785838 0.21900709219858155
transition 88 3 4 0.3964636130087431 0.1849645390070922
transition 88 3 11 0.7962661219220022 0.3080851063829787
transition 88 4 13 -0.7773798016348774 0.49872340425531914
transition 88 4 37 -0.6789220961968261 0.08
transition 88 4 76 -0.672143709066291 0.19319148936170213
transition 88 4 11 0.3494194563324553 0.22808510638297871
transition 88 5 69 0.7057604860646478 0.10981047937569677
transition 88 5 99 -0.04873779324321359 0.18896321070234115
transition 88 5 60 0.1468131668689776 0.2787068004459309
transition 88 5 11 -0.7108364988137619 0.42251950947603123
transition 88 6 78 -0.020379166127127757 0.16943331425300515
transition 88 6 71 -0.270248452292724 0.11476817401259301
transition 88 6 32 -0.8920960899503065 0.01316542644533486
transition 88 6 87 -0.8163008095848001 0.20663995420721237
transition 88 6 11 -0.8674264112684329 0.4959931310818546
transition 88 7 11 0.056395950196084454 1.0
transition 88 8 88 -0.20153921964972055 0.8020833333333334
transition 88 8 11 0.9612780819563143 0.19791666666666666
transition 88 9 40 -0.7580953993816169 0.20053120849933598
transition 88 9 1 0.553354564691815 0.0049800796812749
transition 88 9 91 0.6232930164954906 0.22277556440903054
transition 88 9 20 -0.8128145664852022 0.23837981407702524
transition 88 9 11 0.11997065816389085 0.3333333333333333
transition 88 10 84 -0.21581825961302714 0.6011904761904762
transition 88 10 11 0.699288484390592 0.39880952380952384
transition 88 11 35 0.8788097671298363 0.5125348189415042
transition 88 11 11 -0.19617736134181873 0.48746518105849584
transition 88 12 15 -0.10108596664791292 0.5993377483443708
transition 88 12 11 0.8874485114297497 0.40066225165562913
transition 88 13 11 0.5066904819406952 1.0
transition 88 14 81 -0.05235918401222306 0.1716101694915254
transition 88 14 56 -0.12589678493235978 0.39533898305084747
transition 88 14 11 0.8153685056430848 0.4330508474576271
transition 88 15 56 0.2926191880604947 0.25922696890438823
transition 88 15 84 -0.09460543547164568 0.17785527462946818
transition 88 15 39 0.95715461642633 0.035164196454519035
transition 88 15 88 -0.569580491730014 0.1981981981981982
transition 88 15 11 0.831151759032829 0.3295553618134263
transition 88 16 56 -0.8600013582160797 0.29701230228471004
transition 88 16 54 0.0640405540678739 0.393087287639133
transition 88 16 86 0.03876713807879861 0.11072056239015818
transition 88 16 11 0.15616059589547548 0.19917984768599883
transition 88 17 11 0.9180183426820021 1.0
transition 88 18 20 0.8327173168205926 0.471969696969697
transition 88 18 93 0.7230398125025286 0.02878787878787879
transition 88 18 11 -0.7243362695605979 0.49924242424242427
transition 88 19 11 0.7202910903882025 1.0
transition 88 20 91 -0.45811231800981056 0.4906396255850234
transition 88 20 79 -0.6882352042203581 0.046021840873634944
transition 88 20 11 0.0544520323856561 0.46333853354134164
transition 88 21 6 -0.8607126869890538 0.006735751295336788
transition 88 21 0 0.4948088335891381 0.06994818652849741
transition 88 21 99 -0.19224565295949936 0.46839378238341967
transition 88 21 11 0.022683064670272257 0.45492227979274613
transition 88 22 72 -0.7235045882415376 0.30745341614906835
transition 88 22 6 0.08078042571882427 0.24258109040717737
transition 88 22 64 0.8362086858154363 0.1766735679779158
transition 88 22 2 -0.40631072788513634 0.023464458247066944
transition 88 22 11 -0.36567238245553413 0.24982746721877155
transition 88 23 38 -0.3999082030907304 0.6469072164948454
transition 88 23 11 -0.976254593784941 0.35309278350515466
transition 88 24 36 -0.8840008069465737 0.2653061224489796
transition 88 24 30 -0.19318374902947166 0.47990105132962274
transition 88 24 85 -0.9269959817310502 0.021645021645021644
transition 88 24 11 -0.9147811282487324 0.23314780457637602
transition 89 0 43 -0.3893700880094224 1.0
transition 89 1 22 -0.29042892542123333 0.15161725067385445
transition 89 1 37 -0.8252197528918941 0.15195417789757412
transition 89 1 92 -0.4810155534910119 0.1597035040431267
transition 89 1 23 0.9122540493242164 0.04818059299191375
transition 89 1 43 0.6832559319772631 0.488544474393531
transition 89 2 44 0.44129305194877766 0.36279257465698145
transition 89 2 11 -0.4431292729973699 0.23769168684422923
transition 89 2 43 -0.4667876539153053 0.39951573849878935
transition 89 3 74 0.4118344522701274 0.09233060312732688
transition 89 3 71 -0.6735863182087973 0.14221891288160834
transition 89 3 83 0.42652155989525453 0.34810126582278483
transition 89 3 45 -0.3136008059846711 0.06180193596425912
transition 89 3 43 0.8361112967270592 0.3555472822040209
transition 89 4 77 0.8513556641516118 0.35939196525515743
transition 89 4 42 0.11226997857283894 0.23235613463626492
transition 89 4 35 -0.36935303206716075 0.21932681867535286
transition 89 4 43 -0.5594878417541189 0.18892508143322476
transition 89 5 43 -0.3711106353815381 1.0
transition 89 6 43 -0.6184865863579325 1.0
transition 89 7 49 -0.10306126008782734 0.5983263598326359
transition 89 7 43 0.7500345747318184 0.401673640167364
transition 89 8 49 0.9953129833872778 0.5591603053435115
transition 89 8 43 0.30926835560846344 0.44083969465648853
transition 89 9 7 0.8672609772427795 0.1885927199770708
transition 89 9 39 -0.7662436801861341 0.10289481226712525
transition 89 9 41 0.9729063062794403 0.21295500143307539
transition 89 9 43 0.48154113528024123 0.49555746632272857
transition 89 10 43 -0.6112677075659385 1.0
transition 89 11 69 0.49707272607868846 0.23029891304347827
transition 89 11 18 0.7899464067042308 0.06182065217391304
transition 89 11 35 0.9459261393813116 0.47214673913043476
transition 89 11 43 -0.28031925482260345 0.23573369565217392
transition 89 12 43 0.09953178331164558 1.0
transition 89 13 43 -0.8194760935826351 1.0
transition 89 14 43 0.5949588078128738 1.0
transition 89 15 25 -0.20331992316390335 0.18859315589353612
transition 89 15 17 -0.7644270252208045 0.27756653992395436
transition 89 15 9 -0.4844377245653637 0.15627376425855513
transition 89 15 43 0.08971678202167954 0.3775665399239544
transition 89 16 37 0.4333059625047577 0.34430571320469167
transition 89 16 69 0.7467070633614608 0.10291335603480893
transition 89 16 97 -0.3739274847195868 0.05524025728339009
transition 89 16 14 -0.35807636676579424 0.03745743473325766
transition 89 16 43 -0.08322874047526274 0.4600832387438517
transition 89 17 24 -0.2375580481207027 0.8242894056847545
transition 89 17 43 0.14238930593159704 0.17571059431524547
transition 89 18 54 -0.7313740060581895 0.16379640260237274
transition 89 18 47 0.8956496876938582 0.12265595101415996
transition 89 18 19 0.15471754565327678 0.15977803291236128
transition 89 18 44 -0.3421371824905204 0.11882893226176808
transition 89 18 43 -0.09861696282092502 0.43494068120933793
transition 89 19 47 0.6204698711877494 0.32780291603821016
transition 89 19 19 -0.6713575736888999 0.3479135243841126
transition 89 19 43 -0.12023253089255959 0.32428355957767724
transition 89 20 61 -0.06888070641335786 0.124643993968839
transition 89 20 48 -0.2611288978121846 0.14759591221310103
transition 89 20 76 -0.0748095749815163 0.16535433070866143
transition 89 20 31 0.9035533816688115 0.10353493047411627
transition 89 20 43 0.6182138432955688 0.4588708326352823
transition 89 21 50 0.5249083447964851 0.5005246589716684
transition 89 21 43 0.5005319894710802 0.4994753410283316
transition 89 22 43 0.032312712149822787 1.0
transition 89 23 25 0.09926985021695467 0.42126157917953244
transition 89 23 22 0.8795937426524605 0.20335244816938686
transition 89 23 43 0.10725740990997457 0.3753859726510807
transition 89 24 4 0.9057223988227412 0.5071902654867256
transition 89 24 43 -0.4969093523839978 0.4928097345132743
transition 90 0 84 -0.28178015382767274 1.0
transition 90 1 99 -0.7967685074106035 0.03279035328961286
transition 90 1 43 0.504605100813234 0.20583879839221494
transition 90 1 55 0.6190595108190442 0.06621535857837953
transition 90 1 29 0.19387777148553553 0.20139623439813836
transition 90 1 84 0.6090209589222435 0.4937592553416543
transition 90 2 9 0.9479989658851555 0.5738636363636364
transition 90 2 84 0.9054847857008619 0.42613636363636365
transition 90 3 90 0.4863357716384369 0.2932991578176492
transition 90 3 9 0.5930881386660103 0.17868912486268765
transition 90 3 39 -0.41579849645880507 0.20615159282314172
transition 90 3 84 0.9921012561446991 0.3218601244965214
transition 90 4 62 0.7929410935057268 0.6396508728179551
transition 90 4 84 0.13013481484829614 0.36034912718204487
transition 90 5 73 -0.2189225770623724 0.22973609802073516
transition 90 5 7 -0.9037366914440976 0.001649387370405278
transition 90 5 46 -0.8138589883262315 0.2155984919886899
transition 90 5 77 0.7163329729990253 0.18449575871819038
transition 90 5 84 0.5763400341966769 0.3685202639019793
transition 90 6 99 -0.004771697067012637 0.5988538681948424
transition 90 6 84 0.8635603264636524 0.40114613180515757
transition 90 7 48 0.844391802112801 0.33644496304939714
transition 90 7 96 -0.5494477456607492 0.028393621159082068
transition 90 7 7 -0.3142462788206146 0.20770128354725786
transition 90 7 15 0.6673719913722354 0.19447685725398678
transition 90 7 84 -0.6543438386063489 0.23298327499027616
transition 90 8 68 0.3468455355272062 0.2680865449628127
transition 90 8 16 0.07059248562214071 0.33130493576741044
transition 90 8 84 -0.6696312263602353 0.40060851926977686
transition 90 9 68 -0.5540976903152439 0.2830490405117271
transition 90 9 78 -0.6670974354352341 0.3736673773987207
transition 90 9 84 0.9111384872894728 0.34328358208955223
transition 90 10 20 0.31311362911315177 0.603988603988604
transition 90 10 84 0.3863419486377093 0.396011396011396
transition 90 11 21 -0.34173438087227237 0.2275808133472367
transition 90 11 2 0.4314755319613819 0.23305526590198122
transition 90 11 90 -0.9919192597398745 0.17492179353493223
transition 90 11 84 0.1962310528053155 0.36444212721584984
transition 90 12 84 -0.31362712450885977 1.0
transition 90 13 75 0.6584686522131822 0.07325530992631123
transition 90 13 28 -0.4064245392480377 0.18162115301257042
transition 90 13 42 0.7320371647358599 0.3515387949718249
transition 90 13 24 -0.17813399897073756 0.018638925010836586
transition 90 13 84 -0.2920031426462193 0.37494581707845687
transition 90 14 15 -0.8569985537654168 0.29283639883833495
transition 90 14 64 0.09938726898270622 0.013552758954501452
transition 90 14 12 -0.7349763014017112 0.2202323330106486
transition 90 14 40 -0.0009901322219338926 0.16408518877057116
transition 90 14 84 -0.5831507144085755 0.3092933204259439
transition 90 15 84 0.14070660374516786 1.0
transition 90 16 13 -0.4251928005185994 0.07320379575237235
transition 90 16 73 -0.0063261284177815735 0.4283777677361048
transition 90 16 84 0.18004204842946336 0.49841843651152284
transition 90 17 34 -0.46144768512349676 0.4408074195308238
transition 90 17 8 0.15148028720711637 0.06710310965630115
transition 90 17 85 0.353485393580393 0.3082378614293508
transition 90 17 84 -0.8602704941057644 0.18385160938352427
transition 90 18 56 -0.9558352022787917 0.7717478052673583
transition 90 18 84 -0.16205420051423158 0.22825219473264166
transition 90 19 84 -0.10252077021248995 1.0
transition 90 20 52 -0.4530893088609762 0.2237593984962406
transition 90 20 17 0.4289199429609831 0.07458646616541353
transition 90 20 94 -0.6783163503429666 0.28
transition 90 20 60 -0.4970906003910056 0.09714285714285714
transition 90 20 84 0.8409904286932428 0.3245112781954887
transition 90 21 84 -0.7371889198371775 1.0
transition 90 22 49 -0.9110354873408251 0.31957928802589
transition 90 22 7 -0.5726784685635118 0.1423948220064725
transition 90 22 45 0.3280577788949397 0.06270226537216829
transition 90 22 84 0.9930003676268524 0.47532362459546923
transition 90 23 7 -0.7317938201991536 0.1522248243559719
transition 90 23 9 0.042648196193233456 0.21311475409836064
transition 90 23 75 0.6887505485899079 0.3401639344262295
transition 90 23 84 -0.28484287391532015 0.29449648711943793
transition 90 24 47 -0.7364286334943024 0.2746003552397869
transition 90 24 90 -0.882010170916929 0.3094138543516874
transition 90 24 98 -0.09914270110238221 0.01989342806394316
transition 90 24 84 0.22848694896967214 0.3960923623445826
transition 91 0 64 0.6294519436256827 0.5804066543438078
transition 91 0 51 -0.39405573099690505 0.4195933456561922
transition 91 1 70 -0.11474325562860166 0.1698289997657531
transition 91 1 32 0.4676522044219782 0.17685640665261185
transition 91 1 23 -0.5649839942540742 0.20473178730381822
transition 91 1 12 0.43903403847300115 0.14125087842586087
transition 91 1 51 0.18628932937418963 0.30733192785195595
transition 91 2 11 -0.0820265512783942 0.24592592592592594
transition 91 2 89 -0.524727473947022 0.10222222222222223
transition 91 2 17 0.040989418996580484 0.1925925925925926
transition 91 2 37 -0.9881944221373067 0.2859259259259259
transition 91 2 51 -0.4171240895290065 0.17333333333333334
transition 91 3 42 -0.6019048819606856 0.6608695652173913
transition 91 3 51 0.0962497825477755 0.3391304347826087
transition 91 4 14 -0.8303842860808937 0.0916919959473151
transition 91 4 43 0.8484716212264263 0.5015197568389058
transition 91 4 74 0.1899603588077443 0.07446808510638298
transition 91 4 51 0.9531778434440092 0.3323201621073962
transition 91 5 23 -0.6723075795985609 0.5157526254375729
transition 91 5 51 0.037573731145192024 0.48424737456242706
transition 91 6 51 -0.07642846715624008 1.0
transition 91 7 76 0.6219358286647014 0.6915615906886518
transition 91 7 51 -0.6020830087182889 0.3084384093113482
transition 91 8 56 -0.8109164167730176 0.06532877882152006
transition 91 8 9 0.9863183586930842 0.14602903501280956
transition 91 8 27 -0.2034409898902798 0.3740392826643894
transition 91 8 51 -0.0714193261621281 0.414602903501281
transition 91 9 51 0.24557812154816117 1.0
transition 91 10 44 -0.5368772445351973 0.3371225577264654
transition 91 10 39 -0.9912524294966756 0.3030195381882771
transition 91 10 51 0.7869062497526467 0.35985790408525753
transition 91 11 65 0.4365617649733706 0.6782608695652174
transition 91 11 51 -0.18535175323839148 0.3217391304347826
transition 91 12 56 -0.22038033492910536 0.5507936507936508
transition 91 12 51 -0.1805602776326649 0.4492063492063492
transition 91 13 22 0.6670638006152023 0.12184508268059181
transition 91 13 30 0.3044606419128528 0.12706701479547433
transition 91 13 84 0.26813315908332513 0.43777197563098347
transition 91 13 51 -0.7678523430377908 0.3133159268929504
transition 91 14 99 -0.7465875908633346 0.2252773757838881
transition 91 14 42 0.12333279896538141 0.3236854799807043
transition 91 14 63 0.9613611428743138 0.014954172696575013
transition 91 14 62 -0.8446311064362595 0.05113362276893391
transition 91 14 51 0.9369320858132777 0.3849493487698987
transition 91 15 57 -0.1344446840218423 0.033532934131736525
transition 91 15 6 -0.9522080483326916 0.27664670658682633
transition 91 15 97 -0.3423974072535316 0.18982035928143712
transition 91 15 47 0.8447006414183658 0.17005988023952096
transition 91 15 51 0.3957666940062743 0.32994011976047904
transition 91 16 32 0.35275328520712246 0.6016819571865444
transition 91 16 51 0.43146327494953773 0.3983180428134557
transition 91 17 76 -0.3504422501489388 0.23036120232381915
transition 91 17 12 0.41463378800749395 0.10507703965647891
transition 91 17 26 -0.1871046383275956 0.21520586006567316
transition 91 17 51 -0.7990607486583705 0.4493558979540288
transition 91 18 55 0.9367558759205055 0.28931451612903225
transition 91 18 76 -0.18735090378952268 0.4248991935483871
transition 91 18 51 0.02292492176056027 0.2857862903225806
transition 91 19 51 -0.18305545460349415 1.0
transition 91 20 67 0.8971607887910786 0.25549009105516873
transition 91 20 27 -0.06935032388108309 0.2147830744509909
transition 91 20 4 0.21168038613024986 0.045259775040171396
transition 91 20 51 0.8572456205905268 0.48446705945366897
transition 91 21 60 0.730696298296226 0.7265372168284789
transition 91 21 51 -0.9183526367381933 0.27346278317152106
transition 91 22 37 -0.9292836555753179 0.5776470588235294
transition 91 22 51 -0.6544372788010946 0.4223529411764706
transition 91 23 10 0.007287967038108745 0.09359903381642512
transition 91 23 93 0.5716433573101394 0.41304347826086957
transition 91 23 51 -0.5148534756851968 0.49335748792270534
transition 91 24 1 0.2520766729098729 0.333095577746077
transition 91 24 46 -0.9209294864997537 0.20827389443651925
transition 91 24 51 -0.6767049753619543 0.4586305278174037
transition 92 0 99 0.6129404975390136 0.09140271493212669
transition 92 0 93 -0.24089557394812022 0.5366515837104072
transition 92 0 8 -0.899223477132925 0.3719457013574661
transition 92 1 72 0.3563154870323446 0.29590922663481634
transition 92 1 10 0.5273437491418784 0.039414750671842344
transition 92 1 41 0.16247307894247798 0.1958793669752165
transition 92 1 63 -0.8682233344096186 0.10212003583159152
transition 92 1 8 -0.6074532949633678 0.3666766198865333
transition 92 2 8 -0.03518559356821194 1.0
transition 92 3 12 -0.5135221737044464 0.1324200913242009
transition 92 3 56 -0.011331898659602713 0.1793607305936073
transition 92 3 53 -0.8813801207894894 0.1119634703196347
transition 92 3 33 0.8750030980792858 0.11634703196347032
transition 92 3 8 0.08987176019664478 0.45990867579908673
transition 92 4 56 0.28837855844610916 0.23985239852398524
transition 92 4 36 -0.04517678278673887 0.18942189421894218
transition 92 4 51 0.6720516579682818 0.11562115621156212
transition 92 4 8 -0.08772574065640981 0.45510455104551045
transition 92 5 5 0.9571447479104205 0.3368606701940035
transition 92 5 52 -0.6901057972724502 0.18783068783068782
transition 92 5 8 -0.9877506955151354 0.47530864197530864
transition 92 6 7 0.1859043236264475 0.08446298227320125
transition 92 6 43 -0.834921001317255 0.09332638164754953
transition 92 6 22 0.08994730190224787 0.4692387904066736
transition 92 6 8 0.6198816225925576 0.3529718456725756
transition 92 7 72 0.3325653595427096 0.6324167872648335
transition 92 7 8 0.9760794618718882 0.3675832127351664
transition 92 8 33 0.27552349579767954 0.013409961685823755
transition 92 8 38 -0.6388851219439644 0.3524904214559387
transition 92 8 0 -0.20828309006461487 0.23467432950191572
transition 92 8 8 0.45008058323523326 0.3994252873563218
transition 92 9 8 0.7209993448796153 1.0
transition 92 10 49 0.9150456736883144 0.6595744680851063
transition 92 10 8 0.654628575629072 0.3404255319148936
transition 92 11 78 0.8785769789447737 0.20481594243011347
transition 92 11 76 -0.060061181032682764 0.16689731525048437
transition 92 11 56 -0.42018754062942554 0.2228065319678937
transition 92 11 2 0.32794430247890904 0.10794353722668143
transition 92 11 8 0.25823156954371274 0.297536673124827
transition 92 12 35 0.11259188247079277 0.5995975855130785
transition 92 12 20 0.7100152431829696 0.096579476861167
transition 92 12 8 0.7570005150105426 0.3038229376257545
transition 92 13 62 -0.2516918088005511 0.027881040892193308
transition 92 13 14 0.785003768433018 0.5780669144981413
transition 92 13 8 -0.4861016204362736 0.3940520446096654
transition 92 14 91 0.45442356092140934 0.3323663489432242
transition 92 14 39 0.6204470444969497 0.031496062992125984
transition 92 14 98 -0.863513956570412 0.2768338168255284
transition 92 14 8 -0.5474869172092269 0.35930377123912144
transition 92 15 88 -0.6161556342189121 0.15913654618473896
transition 92 15 77 0.8606626341087928 0.16298527443105756
transition 92 15 76 -0.6456881745860692 0.09437751004016064
transition 92 15 2 -0.6473696797792503 0.16599732262382866
transition 92 15 8 -0.5206246736450058 0.41750334672021416
transition 92 16 68 0.9736477749203349 0.04022503516174402
transition 92 16 3 0.11703845204017194 0.22616033755274262
transition 92 16 43 -0.4148820648402791 0.24556962025316456
transition 92 16 60 -0.7933487268524986 0.11251758087201125
transition 92 16 8 -0.2571849913632416 0.3755274261603376
transition 92 17 2 -0.08182452064190437 0.5595533498759305
transition 92 17 8 0.4918996012568526 0.44044665012406947
transition 92 18 96 0.11471894037603003 0.5284090909090909
transition 92 18 8 -0.3638134440991041 0.4715909090909091
transition 92 19 51 0.6743956258913189 0.19084888621312462
transition 92 19 26 0.24413317144824132 0.29078868151715836
transition 92 19 40 0.5200320706275843 0.18121613485851895
transition 92 19 8 0.4626046628272231 0.33714629741119806
transition 92 20 8 -0.34664962560161783 1.0
transition 92 21 49 0.9952454263075492 0.3008474576271186
transition 92 21 41 0.7373013558227541 0.4166666666666667
transition 92 21 8 -0.9628166402963523 0.2824858757062147
transition 92 22 49 0.06382705575156744 0.23263990624084382
transition 92 22 62 0.11047156991085072 0.14034573688836802
transition 92 22 3 -0.5144277968962594 0.20539115147963669
transition 92 22 43 0.7376602880934799 0.1626135364781717
transition 92 22 8 0.45141267634535764 0.2590096689129798
transition 92 23 66 0.044309082135726374 0.29606741573033707
transition 92 23 87 0.06001118238610825 0.5235955056179775
transition 92 23 8 -0.3603990496040894 0.18033707865168538
transition 92 24 54 -0.495122681714699 0.44014510278113667
transition 92 24 27 0.3558739223195959 0.2279322853688029
transition 92 24 8 -0.10460025636087034 0.33192261185006044
transition 93 0 26 0.08657000376023638 1.0
transition 93 1 58 -0.05915131330483625 0.26758682101513803
transition 93 1 43 0.079145148419143 0.15672306322350846
transition 93 1 78 -0.8266803130251181 0.2435440783615316
transition 93 1 26 0.3163159228398702 0.3321460373998219
transition 93 2 0 -0.2789593400097212 0.3155402496771416
transition 93 2 13 0.6677956370468869 0.3745157124408093
transition 93 2 59 -0.949374828844987 0.12828239345673698
transition 93 2 26 -0.7030952220904265 0.1816616444253121
transition 93 3 42 0.995949700118818 0.3079677708146822
transition 93 3 90 0.7654314960068647 0.09355416293643688
transition 93 3 30 0.2792764487494439 0.2305282005371531
transition 93 3 26 0.23828094118368082 0.36794986571172783
transition 93 4 12 -0.9188367886266011 0.3671383647798742
transition 93 4 94 -0.2993080538228956 0.46226415094339623
transition 93 4 26 0.12578844832483016 0.17059748427672955
transition 93 5 30 0.03386017510229444 0.23538119911176905
transition 93 5 18 -0.6743632934121475 0.2920059215396003
transition 93 5 57 -0.13826017107245292 0.15840118430792005
transition 93 5 26 -0.7842910505466911 0.31421169504071056
transition 93 6 26 0.9738793603348435 1.0
transition 93 7 26 0.14522796985602726 1.0
transition 93 8 69 0.44274755727502835 0.2524190155658393
transition 93 8 3 -0.7549057188384374 0.4034497265460665
transition 93 8 93 -0.4874795994035206 0.16575515355490114
transition 93 8 26 -0.49704666483893667 0.1783761043331931
transition 93 9 41 -0.4014419928350552 0.5175438596491229
transition 93 9 26 0.2127676151177147 0.4824561403508772
transition 93 10 55 -0.34856615968866644 0.569593147751606
transition 93 10 82 -0.3579840671570409 0.18772305496074232
transition 93 10 26 -0.4415998157907579 0.2426837972876517
transition 93 11 47 0.638909949941806 0.416795466254508
transition 93 11 92 0.597044703206145 0.3657908294693457
transition 93 11 26 0.04077558823715255 0.2174137042761463
transition 93 12 94 0.5264355113662513 0.327217125382263
transition 93 12 60 0.4973340789616929 0.048318042813455656
transition 93 12 85 0.45627579011880215 0.29357798165137616
transition 93 12 26 -0.5579512919723144 0.3308868501529052
transition 93 13 88 0.5768452545235718 0.2671957671957672
transition 93 13 42 0.2608631384100093 0.31712962962962965
transition 93 13 47 -0.9928023423183145 0.06018518518518518
transition 93 13 12 -0.047117489229307585 0.09788359788359788
transition 93 13 26 0.5401061854934064 0.2576058201058201
transition 93 14 79 -0.010046885201928424 0.2806262230919765
transition 93 14 2 -0.2928761012748686 0.24266144814090018
transition 93 14 26 0.2804404811651149 0.4767123287671233
transition 93 15 75 0.971292464585161 0.009105960264900662
transition 93 15 21 0.4188352338433725 0.7003311258278145
transition 93 15 86 -0.2805222715014688 0.07450331125827815
transition 93 15 26 0.09969500047550306 0.21605960264900662
transition 93 16 26 0.003182937523681595 1.0
transition 93 17 16 -0.10039866437539846 0.21922196796338672
transition 93 17 56 0.9779693609250262 0.08649885583524028
transition 93 17 83 -0.6414306064086761 0.31075514874141874
transition 93 17 26 -0.6946517479733871 0.38352402745995423
transition 93 18 75 0.26250392898276487 0.19329529243937232
transition 93 18 18 -0.8519380077138043 0.2724679029957204
transition 93 18 8 0.7729740625521242 0.08559201141226819
transition 93 18 26 -0.41967064049695657 0.4486447931526391
transition 93 19 44 0.9464341144497033 0.035080478745357
transition 93 19 55 0.2436273738527317 0.10152703260420966
transition 93 19 45 0.5614529971059332 0.3602971522905489
transition 93 19 15 0.46625208659995687 0.10317787866281469
transition 93 19 26 -0.6999847894748765 0.39991745769706977
transition 93 20 71 -0.8960231430532193 0.12418086500655308
transition 93 20 63 0.38627085980620857 0.20576671035386632
transition 93 20 50 -0.8327288568535576 0.09010484927916121
transition 93 20 98 0.25144054563850227 0.127129750982962
transition 93 20 26 0.6692255703203127 0.4528178243774574
transition 93 21 73 -0.02262015758293434 0.07845701209545602
transition 93 21 14 -0.7237160742482402 0.28179143510951293
transition 93 21 57 -0.8032558415130282 0.2304674730304021
transition 93 21 27 0.775070172479791 0.06309251389342922
transition 93 21 26 0.8272965786135345 0.34619156587119976
transition 93 22 79 -0.008337035954368188 0.6892430278884463
transition 93 22 26 -0.6937792044187665 0.3107569721115538
transition 93 23 66 0.37162812299913117 0.05787348586810229
transition 93 23 99 0.7693858334234998 0.5450874831763123
transition 93 23 26 0.5132191965640749 0.39703903095558546
transition 93 24 26 -0.4576373617114722 1.0
transition 94 0 10 -0.3844324475134968 0.30922608989523487
transition 94 0 65 -0.8638021832479967 0.21155795876985467
transition 94 0 96 0.6162142955785677 0.47921595133491046
transition 94 1 59 0.8193654533188042 0.1775323275862069
transition 94 1 58 -0.04940114018352726 0.23949353448275862
transition 94 1 17 -0.22789935454137544 0.09940732758620689
transition 94 1 34 0.941617206479922 0.20608836206896552
transition 94 1 96 -0.4300463134123964 0.27747844827586204
transition 94 2 45 0.7531661920540782 0.13050127442650808
transition 94 2 46 -0.9656598023921061 0.09702633814783347
transition 94 2 40 0.7718360916911704 0.14681393372982157
transition 94 2 15 0.740695218491392 0.1491928632115548
transition 94 2 96 0.7679582711662307 0.47646559048428205
transition 94 3 31 -0.29974486622593877 0.8296593186372746
transition 94 3 96 0.7879178288631106 0.17034068136272545
transition 94 4 57 -0.37434843241269355 0.28060413354531
transition 94 4 48 0.11587250073822108 0.01192368839427663
transition 94 4 16 0.0841903282893679 0.4538950715421304
transition 94 4 96 -0.5914402534960812 0.25357710651828297
transition 94 5 12 0.47081430188766493 0.21447455386649042
transition 94 5 11 0.7364676474541854 0.2914738929279577
transition 94 5 96 -0.4756215591254236 0.4940515532055519
transition 94 6 93 -0.6061255258027369 0.5486033519553073
transition 94 6 96 -0.049665746640551234 0.45139664804469276
transition 94 7 77 -0.3342698504985282 0.2892737769674871
transition 94 7 50 0.34365875040994287 0.058037070799149194
transition 94 7 44 0.2387284115790358 0.22151321786690975
transition 94 7 17 -0.828021000470827 0.037070799149194776
transition 94 7 96 0.4069313697862944 0.3941051352172592
transition 94 8 77 0.4725651925483281 0.1648923586467944
transition 94 8 12 -0.30342956469573945 0.2124438135793707
transition 94 8 33 -0.921836644001133 0.0695528743789922
transition 94 8 30 -0.5260588844876786 0.06103619588360539
transition 94 8 96 -0.5871030093032077 0.4920747575112373
transition 94 9 96 -0.7283782349504031 1.0
transition 94 10 70 0.1676238423988079 0.5787545787545788
transition 94 10 96 -0.5629682838756462 0.42124542124542125
transition 94 11 96 0.4260382155332849 1.0
transition 94 12 94 -0.7244021808137362 0.3065326633165829
transition 94 12 79 0.6357823852561717 0.08999543170397442
transition 94 12 85 0.9146634771148658 0.1534947464595706
transition 94 12 96 0.3306231068610528 0.4499771585198721
transition 94 13 21 0.00629729378884214 0.4039951080309825
transition 94 13 85 -0.7112175551747879 0.1789645332246229
transition 94 13 96 0.37664247438640786 0.4170403587443946
transition 94 14 30 -0.8599824819840347 0.23317788141239174
transition 94 14 70 -0.2838114451124041 0.08061292471685542
transition 94 14 44 0.8249898046313189 0.3151232511658894
transition 94 14 96 -0.8459779912929069 0.37108594270486345
transition 94 15 45 0.14947532490218096 0.3194682675814751
transition 94 15 94 -0.5483204140534788 0.3156089193825043
transition 94 15 96 -0.744538104517876 0.3649228130360206
transition 94 16 86 0.9672089132621562 0.4884393063583815
transition 94 16 69 0.4419930744331646 0.24421965317919075
transition 94 16 96 -0.7820754965281542 0.26734104046242774
transition 94 17 14 -0.25649021813896367 0.6492805755395683
transition 94 17 96 -0.24429073214332542 0.35071942446043164
transition 94 18 1 0.7137123978960123 0.20799124247400108
transition 94 18 11 -0.9514920394357993 0.3284072249589491
transition 94 18 96 -0.35025628066167735 0.46360153256704983
transition 94 19 14 -0.09541152813457265 0.7410926365795725
transition 94 19 96 -0.14522149855505484 0.2589073634204275
transition 94 20 65 0.9007539312375705 0.23034188034188033
transition 94 20 59 0.4906476436836247 0.3277777777777778
transition 94 20 54 -0.3345898155159648 0.037606837606837605
transition 94 20 96 -0.2012037455217417 0.4042735042735043
transition 94 21 96 -0.19430518793261187 1.0
transition 94 22 65 0.08562572824030279 0.1684011352885525
transition 94 22 47 -0.7920763877171468 0.45364238410596025
transition 94 22 96 0.620632268015533 0.37795648060548725
transition 94 23 48 -0.2838130057824173 0.24270795822830393
transition 94 23 38 0.7119542357095294 0.14368023046453007
transition 94 23 66 -0.29653278618895595 0.11163125675189053
transition 94 23 75 -0.6507581960201712 0.10334893770255671
transition 94 23 96 -0.28783287825397585 0.39863161685271875
transition 94 24 73 -0.8326170868357798 0.7852965747702589
transition 94 24 96 -0.487259426605013 0.214703425229741
transition 95 0 8 -0.6431669527484356 0.12956441149212233
transition 95 0 53 -0.018050035341947712 0.1829471733086191
transition 95 0 92 0.033309783047609454 0.15681186283595921
transition 95 0 98 -0.37551946879516773 0.05523632993512512
transition 95 0 12 0.3751988879979964 0.47544022242817424
transition 95 1 75 0.987994582688551 0.0006861848124428179
transition 95 1 56 -0.27049399701391175 0.15667886550777677
transition 95 1 31 -0.8162848230907511 0.21957913998170173
transition 95 1 87 -0.8750891893723627 0.19030192131747484
transition 95 1 12 -0.7878876370890038 0.43275388838060386
transition 95 2 20 0.19869460524905214 0.21681723419041002
transition 95 2 85 0.22283169968007566 0.17164697706740792
transition 95 2 37 -0.9442528093783631 0.06706045865184156
transition 95 2 24 -0.3653431318188609 0.3033356497567755
transition 95 2 12 0.7723814120318866 0.24113968033356498
transition 95 3 26 -0.541002102817395 0.15025528811086797
transition 95 3 30 -0.3589172279334296 0.16192560175054704
transition 95 3 1 0.20596421077049354 0.23924142961342085
transition 95 3 87 -0.30145044581327296 0.23778264040846098
transition 95 3 12 -0.7539317503964806 0.21079504011670314
transition 95 4 71 -0.6621058966822304 0.5637663885578069
transition 95 4 12 -0.13315518602922394 0.4362336114421931
transition 95 5 90 -0.6121837627886197 0.11434204041399704
transition 95 5 6 -0.9744338856598687 0.39822572695909314
transition 95 5 56 -0.035899849135861084 0.12074913750616068
transition 95 5 12 0.9254779973887177 0.36668309512074915
transition 95 6 33 0.11515198519927483 0.35511221945137156
transition 95 6 69 -0.6203256769382421 0.04937655860349127
transition 95 6 41 -0.2682615365590999 0.3910224438902743
transition 95 6 12 0.46404904618266607 0.20448877805486285
transition 95 7 58 0.38064078782451216 0.563973063973064
transition 95 7 12 -0.9380000611610204 0.43602693602693604
transition 95 8 73 -0.3504719395207343 0.2741007194244604
transition 95 8 26 -0.42082416746492246 0.23525179856115108
transition 95 8 12 0.9697576880391527 0.4906474820143885
transition 95 9 12 0.04622446827294824 1.0
transition 95 10 6 0.7902578264071043 0.14166231050705697
transition 95 10 2 -0.04615081441688362 0.5175117616309461
transition 95 10 12 -0.8012133630572289 0.3408259278619969
transition 95 11 49 0.7684855650372151 0.5660377358490566
transition 95 11 12 0.7473081427945347 0.4339622641509434
transition 95 12 23 -0.21703369581850818 0.31166253101736974
transition 95 12 16 -0.4314197512627074 0.4248138957816377
transition 95 12 72 -0.4353924446682764 0.0228287841191067
transition 95 12 12 -0.17930130137787192 0.24069478908188585
transition 95 13 52 -0.6880149601680301 0.382903981264637
transition 95 13 84 -0.33673353744664736 0.1959406713505074
transition 95 13 88 0.138221786161276 0.0039032006245121
transition 95 13 31 0.6327145329381161 0.0429352068696331
transition 95 13 12 0.8459581115511894 0.3743169398907104
transition 95 14 16 0.13580073962804007 0.18890200708382526
transition 95 14 74 0.7773082822883719 0.2712514757969303
transition 95 14 56 0.7435487868548201 0.09828807556080284
transition 95 14 18 0.3722018395638913 0.2653482880755608
transition 95 14 12 0.38442978841586584 0.17621015348288074
transition 95 15 14 -0.27712072670239296 0.13032398980706225
transition 95 15 88 0.5698688251523492 0.11612668365489626
transition 95 15 30 0.9123359942807292 0.19111758281761923
transition 95 15 80 0.35228672196568556 0.09319257371678194
transition 95 15 12 -0.2712259842783331 0.46923917000364035
transition 95 16 94 0.04120085549915453 0.11428571428571428
transition 95 16 57 -0.7076569638503605 0.5547619047619048
transition 95 16 12 0.49690398697958726 0.33095238095238094
transition 95 17 77 0.43790840239432716 0.23837739288969917
transition 95 17 36 -0.5454219830190965 0.06563354603463993
transition 95 17 25 -0.6353587101081011 0.2552415679124886
transition 95 17 12 0.9282748326986239 0.4407474931631723
transition 95 18 49 0.8531269350092023 0.3361963190184049
transition 95 18 69 -0.07061884212883052 0.452760736196319
transition 95 18 12 -0.7510433676576052 0.21104294478527608
transition 95 19 61 -0.08459224623264139 0.2998522895125554
transition 95 19 43 0.7719285030537033 0.3467503692762186
transition 95 19 12 0.4494204715046004 0.353397341211226
transition 95 20 52 0.7443429750639023 0.7239669421487603
transition 95 20 12 -0.5369857602476487 0.27603305785123966
transition 95 21 12 0.2840239852404598 1.0
transition 95 22 12 -0.19702210512388096 1.0
transition 95 23 33 -0.5816985006614595 0.30238210986874087
transition 95 23 99 0.3069320184738282 0.054934370442391835
transition 95 23 96 0.717916497569643 0.03159941662615459
transition 95 23 32 -0.06960313006500574 0.4380165289256198
transition 95 23 12 0.3893137831766398 0.17306757413709287
transition 95 24 12 -0.8154735363905339 1.0
transition 96 0 70 -0.001741181001311487 0.6002805049088359
transition 96 0 30 0.946750982888863 0.3997194950911641
transition 96 1 49 -0.13311593268294208 0.3690525444766239
transition 96 1 90 -0.7230434555047793 0.1365328920148945
transition 96 1 69 0.00816609671720836 0.07281754240794373
transition 96 1 51 -0.9375044896956788 0.17749275961936284
transition 96 1 30 0.4370846810950726 0.244104261481175
transition 96 2 59 0.1969765870303073 0.5405405405405406
transition 96 2 30 -0.16032988903827428 0.4594594594594595
transition 96 3 84 0.402737125668551 0.48390557939914164
transition 96 3 19 0.5393713643670619 0.11802575107296137
transition 96 3 30 -0.6250530097156721 0.398068669527897
transition 96 4 67 0.10516469193106914 0.23354673495518566
transition 96 4 44 0.8192985127633001 0.20153649167733675
transition 96 4 52 -0.02122411645897504 0.2204865556978233
transition 96 4 7 -0.010969781357937691 0.052496798975672214
transition 96 4 30 -0.12253148428101857 0.2919334186939821
transition 96 5 30 -0.32066754232324723 1.0
transition 96 6 45 -0.17577608675087641 0.8238636363636364
transition 96 6 30 0.09949016050114734 0.17613636363636365
transition 96 7 54 -0.9821858644846875 0.5111111111111111
transition 96 7 30 -0.46647164868730395 0.4888888888888889
transition 96 8 97 -0.9284983492900905 0.3952225841476656
transition 96 8 5 -0.4157789475436 0.1758957654723127
transition 96 8 30 0.018995274829576525 0.42888165038002174
transition 96 9 30 0.22555699714784305 1.0
transition 96 10 96 -0.6320832144471131 0.7652645861601085
transition 96 10 30 0.6522403529791236 0.23473541383989144
transition 96 11 88 0.7263272442029012 0.011632825719120136
transition 96 11 8 0.6185191102764536 0.19120135363790186
transition 96 11 96 0.4360443950354753 0.16772419627749577
transition 96 11 29 0.7395322538177374 0.17766497461928935
transition 96 11 30 0.30683668943052345 0.4517766497461929
transition 96 12 39 -0.2437923653266416 0.28104993597951344
transition 96 12 42 -0.8468940088048205 0.2877720870678617
transition 96 12 11 0.1362529035775053 0.08290653008962869
transition 96 12 30 0.4406543256021933 0.34827144686299616
transition 96 13 30 0.11115429839119373 1.0
transition 96 14 55 -0.20058835096821492 0.3649012567324955
transition 96 14 8 -0.5244029022695429 0.1736983842010772
transition 96 14 30 -0.6806990090857645 0.4614003590664273
transition 96 15 84 0.34477299121878335 0.24351050679851668
transition 96 15 20 -0.8578004705841242 0.07416563658838071
transition 96 15 93 0.14651089708076404 0.042027194066749075
transition 96 15 64 -0.07353625390372898 0.18294190358467244
transition 96 15 30 -0.6000914090401499 0.4573547589616811
transition 96 16 80 0.04749128859658103 0.5519379844961241
transition 96 16 30 -0.6610306127474692 0.448062015503876
transition 96 17 0 -0.4522565438911965 0.2972729997003296
transition 96 17 42 0.7439632815258825 0.25172310458495656
transition 96 17 85 -0.10624101770926897 0.22085705723703924
transition 96 17 30 0.053200878694089626 0.23014683847767456
transition 96 18 38 -0.424739676605989 0.21966426858513188
transition 96 18 29 -0.6648431042152925 0.1856115107913669
transition 96 18 47 0.7996837057040942 0.16019184652278176
transition 96 18 92 -0.8972684289198476 0.23908872901678657
transition 96 18 30 0.14041191852206847 0.19544364508393286
transition 96 19 88 -0.8997009351504097 0.5
transition 96 19 30 -0.6755228047140223 0.5
transition 96 20 16 -0.43623341628525614 0.24434782608695652
transition 96 20 67 0.8129244698105438 0.3130434782608696
transition 96 20 30 0.013712195554142603 0.4426086956521739
transition 96 21 54 -0.8519645288894868 0.5757307351638619
transition 96 21 39 0.8727907239550894 0.1550044286979628
transition 96 21 30 -0.35442025290230994 0.26926483613817537
transition 96 22 15 0.9064595033684091 0.15166666666666667
transition 96 22 98 0.38267805350549056 0.3175
transition 96 22 85 -0.27505483327832825 0.34
transition 96 22 30 -0.01959645793924203 0.19083333333333333
transition 96 23 11 0.5241792776780867 0.7892756349952963
transition 96 23 30 -0.8915260238564922 0.21072436500470368
transition 96 24 81 0.040888841165645395 0.1840757808499744
transition 96 24 63 0.07816014848836828 0.04121863799283154
transition 96 24 55 -0.06428656328736437 0.18842805939580134
transition 96 24 6 0.5901761765942166 0.13927291346646187
transition 96 24 30 -0.26796044171376776 0.4470046082949309
transition 97 0 16 0.40748110212325783 0.5915915915915916
transition 97 0 72 0.14634930856266304 0.4084084084084084
transition 97 1 39 -0.606145271206574 0.07520661157024794
transition 97 1 48 0.8364300296274614 0.24710743801652893
transition 97 1 63 0.8441188486831834 0.3867768595041322
transition 97 1 72 0.9351691123540404 0.2909090909090909
transition 97 2 55 0.14113932928890205 0.6550522648083623
transition 97 2 72 0.26723026202531885 0.34494773519163763
transition 97 3 27 0.6976095587363544 0.7413654618473896
transition 97 3 72 0.8598781786356784 0.25863453815261045
transition 97 4 92 -0.7092263335937008 0.6317307692307692
transition 97 4 72 0.6226541032194666 0.3682692307692308
transition 97 5 72 -0.3954191784990819 1.0
transition 97 6 77 0.42903656807250834 0.319622641509434
transition 97 6 43 -0.6829237079104236 0.28452830188679246
transition 97 6 98 -0.11583642070269407 0.1720754716981132
transition 97 6 72 -0.2780003833837039 0.22377358490566038
transition 97 7 62 -0.4556144194132745 0.15675675675675677
transition 97 7 58 -0.31730153639544945 0.5405405405405406
transition 97 7 72 -0.6056073353172007 0.3027027027027027
transition 97 8 74 0.669374572815574 0.40893470790378006
transition 97 8 84 0.47594110175418325 0.2600229095074456
transition 97 8 72 -0.9290144304182653 0.33104238258877433
transition 97 9 68 -0.8101061934467155 0.30634828188701224
transition 97 9 10 0.5212004939569321 0.17588817705299942
transition 97 9 7 -0.5935927459502426 0.1019219569015725
transition 97 9 72 -0.3535885903547693 0.4158415841584158
transition 97 10 97 0.6224419378320161 0.10402298850574712
transition 97 10 69 0.024418785347470218 0.5109195402298851
transition 97 10 72 0.6546343751515469 0.3850574712643678
transition 97 11 75 0.6235277921026641 0.5532467532467532
transition 97 11 72 -0.7017862829376362 0.44675324675324674
transition 97 12 39 -0.2635354593058592 0.0844640434192673
transition 97 12 33 -0.046349487620018115 0.2367706919945726
transition 97 12 69 0.1947291760701637 0.23371777476255087
transition 97 12 77 -0.7749464711824712 0.025101763907734057
transition 97 12 72 0.22313499315846674 0.41994572591587515
transition 97 13 0 0.799254476776859 0.17253346554288548
transition 97 13 64 0.16725821813413488 0.36489836390679226
transition 97 13 72 0.6966501577707993 0.4625681705503223
transition 97 14 15 -0.2613178852330871 0.08240593534711181
transition 97 14 29 0.9349175902676177 0.12056173820879704
transition 97 14 28 0.44269177596905895 0.10731319554848967
transition 97 14 11 0.6031157844279573 0.22019077901430842
transition 97 14 72 -0.006626605744180614 0.46952835188129305
transition 97 15 10 -0.3599634921316932 0.13724304715840388
transition 97 15 23 -0.12863476820670017 0.07013301088270858
transition 97 15 15 0.36429813533750743 0.2929262394195889
transition 97 15 72 -0.700275015929031 0.4996977025392987
transition 97 16 40 -0.7823838468414734 0.75
transition 97 16 73 0.9132635371437097 0.07098765432098765
transition 97 16 72 -0.8930917863228727 0.17901234567901234
transition 97 17 70 0.5684427878470524 0.5510799766491535
transition 97 17 72 -0.7714927994638778 0.44892002335084646
transition 97 18 62 0.043376854876679305 0.1431244153414406
transition 97 18 47 0.9145015520310853 0.411599625818522
transition 97 18 72 -0.871415699909128 0.4452759588400374
transition 97 19 8 0.15019229476726204 0.11815779539448848
transition 97 19 88 -0.4550688211779803 0.12231030577576443
transition 97 19 81 0.7474507927778957 0.26915817289543226
transition 97 19 24 0.6288261362374334 0.169120422801057
transition 97 19 72 0.06877905403494755 0.32125330313325784
transition 97 20 46 -0.18545748192704625 0.19453789827825055
transition 97 20 67 -0.7219235461709901 0.1080546210172175
transition 97 20 89 -0.6023918942251665 0.12962596477340194
transition 97 20 15 -0.9383198513881614 0.13338610726301206
transition 97 20 72 -0.7685212424487007 0.43439540866811793
transition 97 21 15 0.9372801706205915 0.11517317207256735
transition 97 21 78 0.14288792771537007 0.16959868059373281
transition 97 21 27 -0.6933486658359103 0.23749312809235845
transition 97 21 72 0.8248136728062985 0.4777350192413414
transition 97 22 87 0.7057605602356629 0.04113195129976966
transition 97 22 12 0.17399488914014838 0.22441592629154328
transition 97 22 92 -0.8337418146710147 0.27015465613688716
transition 97 22 72 0.7998832082673717 0.4642974662717999
transition 97 23 82 -0.09358387319785955 0.15853658536585366
transition 97 23 23 0.08834625365059234 0.5128369704749679
transition 97 23 72 -0.2923255603204029 0.3286264441591784
transition 97 24 55 -0.8202715404230545 0.18092105263157895
transition 97 24 67 -0.8896985523290126 0.5184210526315789
transition 97 24 72 0.6043761864288484 0.3006578947368421
transition 98 0 77 -0.6625738940472488 0.6327967806841046
transition 98 0 85 -0.8572752647456372 0.3672032193158954
transition 98 1 34 0.7160111372233593 0.20372037203720372
transition 98 1 4 -0.737835665333834 0.027302730273027303
transition 98 1 35 0.2846880561184906 0.20402040204020402
transition 98 1 41 0.6217522107749909 0.19471947194719472
transition 98 1 85 0.6786941633497416 0.3702370237023702
transition 98 2 85 -0.8233319781645714 1.0
transition 98 3 85 -0.21611590575232187 1.0
transition 98 4 85 0.8233052029028203 1.0
transition 98 5 18 0.3190723261917572 0.228
transition 98 5 46 -0.625983230042308 0.2784
transition 98 5 15 -0.6640962536085768 0.048
transition 98 5 85 0.7833273798855509 0.4456
transition 98 6 71 0.08323215755625113 0.07651493996090478
transition 98 6 23 -0.6607531482728142 0.1345992739458252
transition 98 6 52 -0.22927497229571414 0.21865400726054174
transition 98 6 11 0.4893134631183249 0.23317509075677184
transition 98 6 85 0.7844240585339284 0.33705668807595646
transition 98 7 29 -0.48999648422974107 0.020524515393386546
transition 98 7 37 0.7091685934885736 0.22805017103762829
transition 98 7 95 -0.3695290416531771 0.33010262257696693
transition 98 7 85 0.8056942843938262 0.42132269099201825
transition 98 8 67 -0.8652288021027994 0.1775592828224407
transition 98 8 83 0.9203681964921633 0.48467322151532677
transition 98 8 85 0.5062573846944309 0.3377674956622325
transition 98 9 55 0.7457418282604498 0.10263653483992467
transition 98 9 36 -0.3643651447259324 0.4025423728813559
transition 98 9 88 -0.8061772665724549 0.16195856873822975
transition 98 9 85 0.21377814965402386 0.3328625235404896
transition 98 10 82 -0.877156723821807 0.11655530809205643
transition 98 10 2 -0.9948001588840414 0.14649839148725563
transition 98 10 29 0.448771765956141 0.1769364018807226
transition 98 10 89 -0.980012603082993 0.12249443207126949
transition 98 10 85 0.7639884969176083 0.4375154664686959
transition 98 11 94 -0.5959571254621128 0.7547568710359408
transition 98 11 85 0.7494691288565369 0.2452431289640592
transition 98 12 85 -0.15285522122332562 1.0
transition 98 13 85 0.3123802381452401 1.0
transition 98 14 75 0.8521481692711461 0.2828074314361545
transition 98 14 98 0.037910040973540005 0.1380123857269242
transition 98 14 20 0.7545065589097071 0.2892951931583604
transition 98 14 85 0.04840324559598086 0.2898849896785609
transition 98 15 85 -0.30666027678397656 1.0
transition 98 16 11 -0.10355520394002071 0.13448275862068965
transition 98 16 55 -0.3500764422992175 0.3367816091954023
transition 98 16 23 -0.5735233223429803 0.07931034482758621
transition 98 16 85 0.6721219172937734 0.4494252873563218
transition 98 17 85 -0.4850801750176701 1.0
transition 98 18 97 -0.5510244606552099 0.13043478260869565
transition 98 18 18 -0.14903087812675753 0.15855072463768116
transition 98 18 96 0.7057356403284636 0.17478260869565218
transition 98 18 83 -0.44849600074677576 0.19246376811594204
transition 98 18 85 -0.698008488745999 0.343768115942029
transition 98 19 30 -0.7209746211046772 0.3303779748016799
transition 98 19 51 0.11204772412405095 0.23891740550629958
transition 98 19 95 -0.43040011259127886 0.1507232851143257
transition 98 19 85 0.8864695633927373 0.2799813345776948
transition 98 20 47 0.39516688719128656 0.783732057416268
transition 98 20 85 0.04065431499204375 0.21626794258373205
transition 98 21 85 0.20061322842643703 1.0
transition 98 22 31 0.8952512135877388 0.14059460961378162
transition 98 22 78 -0.1602350564659576 0.2081133648235621
transition 98 22 18 0.014111579687031917 0.2333981661572659
transition 98 22 85 0.21668672510676124 0.41789385940539037
transition 98 23 85 0.1028866296582518 1.0
transition 98 24 34 0.4868098762122368 0.7372372372372372
transition 98 24 85 0.8002310988886716 0.2627627627627628
transition 99 0 55 -0.006757990210810805 0.18649373881932022
transition 99 0 66 0.6514190030707141 0.35822898032200357
transition 99 0 89 -0.1917547372560502 0.4552772808586762
transition 99 1 94 -0.3837352065373252 0.03413400758533502
transition 99 1 63 0.945031508045963 0.045512010113780026
transition 99 1 92 -0.8321914026298041 0.25663716814159293
transition 99 1 61 0.5895238081056209 0.4690265486725664
transition 99 1 89 -0.5905536277346342 0.19469026548672566
transition 99 2 6 0.3326566015857104 0.048834628190899
transition 99 2 3 -0.7067520159131653 0.4983351831298557
transition 99 2 89 -0.7549771602692965 0.4528301886792453
transition 99 3 63 -0.20102833012842036 0.2117608192930294
transition 99 3 9 -0.4957138441871811 0.05153617443012884
transition 99 3 52 -0.5408907286847802 0.2639577139081599
transition 99 3 89 0.3134505568989858 0.47274529236868185
transition 99 4 89 0.9064543901408584 1.0
transition 99 5 68 -0.9663426625615283 0.1169284467713787
transition 99 5 58 0.8040245925770453 0.575043630017452
transition 99 5 89 0.8013789989536211 0.3080279232111693
transition 99 6 89 0.5709138344798965 1.0
transition 99 7 89 -0.2442907538076189 1.0
transition 99 8 32 -0.16999180499875655 0.47507507507507507
transition 99 8 27 -0.9433612081501679 0.13453453453453454
transition 99 8 89 0.7082604006313169 0.39039039039039036
transition 99 9 6 -0.7828541974848902 0.2945481156238566
transition 99 9 1 -0.7247265027435255 0.30150018294914016
transition 99 9 95 0.7444220538373489 0.1291620929381632
transition 99 9 89 0.6066456709190424 0.2747896084888401
transition 99 10 58 0.26795313856697933 0.1677762982689747
transition 99 10 65 -0.9482544947528915 0.3422103861517976
transition 99 10 89 0.22165266010321183 0.49001331557922767
transition 99 11 66 -0.2893433429013055 0.22175339896858884
transition 99 11 26 0.3566102046291717 0.28598218471636194
transition 99 11 89 0.33351011004902187 0.49226441631504925
transition 99 12 66 -0.41549229570531154 0.47183098591549294
transition 99 12 99 -0.3988771278227303 0.2112676056338028
transition 99 12 89 0.999521510617718 0.31690140845070425
transition 99 13 96 -0.6163247887406029 0.23956506488951246
transition 99 13 26 0.910721027110944 0.26657313223430373
transition 99 13 80 0.7866280158096506 0.12101017186951947
transition 99 13 89 -0.9465912025420309 0.37285163100666435
transition 99 14 38 -0.904611187976798 0.5
transition 99 14 89 0.22895422782783603 0.5
transition 99 15 36 0.5940369836096968 0.7124060150375939
transition 99 15 89 -0.8202122883159888 0.287593984962406
transition 99 16 39 0.4603139524441753 0.18568313953488372
transition 99 16 55 -0.5690652227649913 0.2547238372093023
transition 99 16 12 0.1428195224077098 0.10792151162790697
transition 99 16 79 -0.06058386207520794 0.037063953488372096
transition 99 16 89 0.44062872309276346 0.41460755813953487
transition 99 17 83 -0.2636124338979622 0.6847826086956522
transition 99 17 89 0.05343333695278041 0.31521739130434784
transition 99 18 73 -0.8443930208647039 0.4580584354382658
transition 99 18 3 -0.904048623326523 0.03110273327049953
transition 99 18 67 0.9611905654462123 0.06314797360980208
transition 99 18 89 -0.9695661364824013 0.44769085768143263
transition 99 19 41 -0.40939657212259917 0.5277161862527716
transition 99 19 89 -0.7886605988275361 0.4722838137472284
transition 99 20 56 -0.18560451037729497 0.819327731092437
transition 99 20 89 0.4627040810295444 0.18067226890756302
transition 99 21 23 -0.07103918655329822 0.3879981676591846
transition 99 21 92 0.8388508445741822 0.004122766834631242
transition 99 21 90 0.009679784390484336 0.12093449381584975
transition 99 21 26 0.35258790753891467 0.02656894182317911
transition 99 21 89 0.6084490284602948 0.4603756298671553
transition 99 22 82 -0.10886461174384743 0.24557116676847893
transition 99 22 24 -0.45078272215223114 0.26786805131337815
transition 99 22 16 -0.01879477724959777 0.03726328649969456
transition 99 22 44 0.28231136476474505 0.0009163103237629811
transition 99 22 89 0.34736771728490745 0.4483811850946854
transition 99 23 74 0.070112001033513 0.0014388489208633094
transition 99 23 36 -0.2170820706739276 0.12410071942446044
transition 99 23 37 0.5843039663667382 0.2593525179856115
transition 99 23 34 -0.06214746934603177 0.14388489208633093
transition 99 23 89 -0.8175795503143481 0.4712230215827338
transition 99 24 72 0.49836257198031464 0.34698521046643915
transition 99 24 26 -0.29547367190383156 0.15889268107698143
transition 99 24 54 0.746170466914208 0.10921501706484642
transition 99 24 89 -0.07614311389627337 0.384907091391733
mdptype episodic
discount  0.8
