numStates 50
numActions 20
end 5 41 30 11 36
transition 0 0 6 0.010476885707940475 0.3453355155482815
transition 0 0 16 0.1473075361216647 0.3469721767594108
transition 0 0 36 0.3747587804965522 0.3076923076923077
transition 0 1 48 -0.3480817338843918 0.7361111111111112
transition 0 1 36 0.9068908254303698 0.2638888888888889
transition 0 2 6 0.12351309159278157 0.2961418143899896
transition 0 2 18 0.33272286233177795 0.49009384775808135
transition 0 2 36 -0.6035829499099037 0.21376433785192908
transition 0 3 31 -0.9087505636870321 0.2880886426592798
transition 0 3 21 0.33626975129029324 0.2871652816251154
transition 0 3 36 0.9359189081034924 0.4247460757156048
transition 0 4 18 0.7890381410614336 0.15942028985507245
transition 0 4 38 -0.7283113148324813 0.17101449275362318
transition 0 4 28 -0.591517219668364 0.4881159420289855
transition 0 4 36 0.7673965416574171 0.18144927536231883
transition 0 5 16 0.8822974376623769 0.6080843585237259
transition 0 5 36 -0.9044568714411942 0.39191564147627417
transition 0 6 46 0.8256831251078169 0.5571177504393673
transition 0 6 36 -0.49595930881968764 0.4428822495606327
transition 0 7 36 -0.46414415453108626 1.0
transition 0 8 39 0.35172433157847305 0.15443873807776962
transition 0 8 34 0.03803240641375516 0.21019809244314014
transition 0 8 21 0.13299792726844517 0.21753484959647837
transition 0 8 0 -0.7731923062265937 0.13536316947909025
transition 0 8 36 -0.41701784821748444 0.28246515040352166
transition 0 9 12 -0.194442536563328 0.421969696969697
transition 0 9 2 0.8482770948392486 0.353030303030303
transition 0 9 36 -0.17673035007646654 0.225
transition 0 10 7 0.07616267060053472 0.1184814351272424
transition 0 10 6 -0.33115948034488185 0.22403003754693368
transition 0 10 3 0.5693768541164641 0.4163537755527743
transition 0 10 36 -0.4290789723332198 0.24113475177304963
transition 0 11 10 -0.24155932806706892 0.1592128801431127
transition 0 11 3 -0.11525022712292299 0.1490757304710793
transition 0 11 16 0.9356933002411272 0.24627310673822303
transition 0 11 17 -0.5704963199964677 0.10703637447823494
transition 0 11 36 -0.03566752010128704 0.33840190816935
transition 0 12 36 -0.7111221831484582 1.0
transition 0 13 21 -0.044286666584131495 0.17195767195767195
transition 0 13 39 -0.8307165466717268 0.5443121693121693
transition 0 13 36 0.5106073028751432 0.2837301587301587
transition 0 14 49 0.254012755939065 0.31171875
transition 0 14 21 0.45868651055962073 0.1171875
transition 0 14 47 0.28282428223775535 0.350390625
transition 0 14 36 -0.07941020840513224 0.220703125
transition 0 15 18 0.2162968200595976 0.5301655098772023
transition 0 15 4 -0.6135769907886455 0.06940736785904965
transition 0 15 36 -0.06959467415353471 0.400427122263748
transition 0 16 45 -0.6552024753985972 0.5194300518134715
transition 0 16 36 -0.7851633695858309 0.4805699481865285
transition 0 17 30 -0.08661716105380557 0.38250428816466553
transition 0 17 1 -0.33394866841605864 0.25
transition 0 17 36 0.14409893780699967 0.36749571183533447
transition 0 18 28 0.5562765418397047 0.07161032351872046
transition 0 18 40 0.4376148100055788 0.291893856779353
transition 0 18 1 -0.47086907038159986 0.3107960741548528
transition 0 18 36 0.5754241001966942 0.3256997455470738
transition 0 19 41 0.24708743836211622 0.11317730041680026
transition 0 19 8 0.2244941865175707 0.17569733889067007
transition 0 19 37 -0.1981260398976501 0.3129208079512664
transition 0 19 10 0.5647813615605664 0.10099390830394357
transition 0 19 36 -0.062012973821955475 0.29721064443731965
transition 1 0 46 0.6250058973721879 0.5581000848176421
transition 1 0 49 -0.8552770128232017 0.44189991518235794
transition 1 1 11 -0.7568385285358064 0.0910234899328859
transition 1 1 15 -0.5461160896218569 0.29697986577181207
transition 1 1 24 -0.6565008875895331 0.13674496644295303
transition 1 1 49 -0.4410251635298148 0.475251677852349
transition 1 2 10 -0.834032019002646 0.4573925710123816
transition 1 2 12 -0.5225509476970167 0.25273124544792425
transition 1 2 43 0.500248739208853 0.10415149308084487
transition 1 2 49 0.689065061846956 0.18572469045884923
transition 1 3 43 0.09242721280474697 0.4193020719738277
transition 1 3 46 0.6278466978160258 0.12050163576881134
transition 1 3 49 0.4111378983862115 0.460196292257361
transition 1 4 49 -0.15892885667734125 1.0
transition 1 5 49 -0.16664707393005562 1.0
transition 1 6 1 0.8532854986997473 0.5075566750629723
transition 1 6 49 0.11052313784771006 0.4924433249370277
transition 1 7 11 -0.05473311629067168 0.780952380952381
transition 1 7 49 0.8213214364232608 0.21904761904761905
transition 1 8 29 0.2606676669448187 0.7015113350125944
transition 1 8 49 -0.38302185458091476 0.29848866498740556
transition 1 9 32 -0.8040066198409548 0.08634222919937205
transition 1 9 36 -0.14341154648074084 0.1423338566195709
transition 1 9 28 0.18446161207308198 0.5060177917320774
transition 1 9 49 -0.5022680581651571 0.2653061224489796
transition 1 10 10 -0.13832495470553696 0.17462311557788945
transition 1 10 27 -0.9242671906719915 0.5408291457286433
transition 1 10 49 0.28882691772562197 0.28454773869346733
transition 1 11 3 -0.26846449723729604 0.5938069216757741
transition 1 11 49 0.9050135151265735 0.40619307832422585
transition 1 12 34 -0.34062674728762277 0.2810313075506446
transition 1 12 38 0.09740169642230123 0.36169429097605893
transition 1 12 29 0.5898769721588455 0.0718232044198895
transition 1 12 49 -0.8633080333141052 0.285451197053407
transition 1 13 1 0.8999646956925398 0.6478405315614618
transition 1 13 49 -0.08018155983640374 0.3521594684385382
transition 1 14 37 0.47617520993676066 0.1441717791411043
transition 1 14 4 -0.08147517990127695 0.13957055214723926
transition 1 14 13 -0.83539537665635 0.5035787321063395
transition 1 14 49 0.6971749771675675 0.21267893660531698
transition 1 15 16 0.77020591924823 0.5634218289085545
transition 1 15 49 0.5291186627410251 0.4365781710914454
transition 1 16 49 0.20698216910749 1.0
transition 1 17 23 0.547073071769022 0.2292541168873103
transition 1 17 5 0.5586614297992876 0.23668065870196964
transition 1 17 21 0.50822956918922 0.03777849531804973
transition 1 17 49 -0.6253242789467128 0.49628672909267035
transition 1 18 4 -0.04199709904768589 0.5850500294290759
transition 1 18 49 0.28299081689435734 0.4149499705709241
transition 1 19 48 -0.7383695099033549 0.16283141570785392
transition 1 19 25 -0.6052111378048484 0.21435717858929465
transition 1 19 19 -0.9988358571601395 0.02526263131565783
transition 1 19 4 -0.2002585783049715 0.09804902451225612
transition 1 19 49 -0.8927530810877773 0.49949974987493745
transition 2 0 28 -0.5435244703860964 0.03503826016915022
transition 2 0 46 0.6768950667162332 0.21063229963753524
transition 2 0 25 -0.5629329560343042 0.02698348771647201
transition 2 0 35 0.00753528976935991 0.270237615787354
transition 2 0 7 -0.9475717562755306 0.4571083366894885
transition 2 1 43 -0.3583528063928534 0.79073756432247
transition 2 1 7 -0.9543045812311812 0.20926243567753003
transition 2 2 18 0.6488484422650096 0.3651399491094148
transition 2 2 11 -0.5846020157070355 0.3104325699745547
transition 2 2 7 0.960864616658551 0.3244274809160305
transition 2 3 9 -0.7660148293189084 0.05929003021148036
transition 2 3 39 0.7201539465052644 0.1608761329305136
transition 2 3 12 0.8379474031938032 0.19826283987915408
transition 2 3 38 -0.32410206216022774 0.3164652567975831
transition 2 3 7 0.5822307604844361 0.26510574018126887
transition 2 4 7 -0.01538770768225417 1.0
transition 2 5 31 -0.9823312022299324 0.10102604577742699
transition 2 5 48 -0.5581833129863163 0.5209155485398579
transition 2 5 7 0.8213847274534083 0.3780584056827151
transition 2 6 40 -0.030922431174997378 0.43584993052339044
transition 2 6 9 0.09795444220996474 0.3200555812876332
transition 2 6 7 -0.6264707916418708 0.2440944881889764
transition 2 7 33 -0.044245101845862056 0.23076923076923078
transition 2 7 20 -0.10345763335326397 0.36669156086631816
transition 2 7 7 0.8251515780892731 0.40253920836445106
transition 2 8 25 -0.33753647933482234 0.1882430647291942
transition 2 8 2 -0.5616320222267699 0.3157199471598415
transition 2 8 19 0.8843699859743326 0.19616908850726553
transition 2 8 7 0.6111066674380918 0.2998678996036988
transition 2 9 17 0.5190876084923701 0.16860787576261785
transition 2 9 34 -0.31580942175693405 0.5219079312257349
transition 2 9 7 -0.32769948906402724 0.30948419301164726
transition 2 10 0 0.9416608956987278 0.2292302475415395
transition 2 10 17 -0.5541816009703018 0.3363852153272296
transition 2 10 7 -0.8739388877490724 0.43438453713123093
transition 2 11 34 0.5569465259544537 0.04299297230260438
transition 2 11 22 0.8106281695564741 0.39603141794129804
transition 2 11 41 0.3987644749719381 0.07854485324514263
transition 2 11 7 -0.5266146546303556 0.48243075651095496
transition 2 12 0 0.4079442452191482 0.02109090909090909
transition 2 12 22 0.47289756960262475 0.11163636363636363
transition 2 12 29 0.7236839849016148 0.19418181818181818
transition 2 12 5 0.2124828215314254 0.1890909090909091
transition 2 12 7 0.8360529534601626 0.484
transition 2 13 45 -0.03599561355552061 0.15217391304347827
transition 2 13 23 0.5994831320948772 0.04122938530734633
transition 2 13 18 -0.24111579945969686 0.48800599700149927
transition 2 13 7 -0.004258935053024215 0.31859070464767614
transition 2 14 7 -0.9685772197019691 1.0
transition 2 15 13 0.9973213954727158 0.2847682119205298
transition 2 15 17 0.6767820353974245 0.21986754966887417
transition 2 15 7 0.5327489328446047 0.495364238410596
transition 2 16 26 0.7923994816471571 0.5293017456359103
transition 2 16 7 -0.9684165921417573 0.4706982543640898
transition 2 17 1 -0.40111651192888864 0.6408404464871963
transition 2 17 7 -0.08821807754017552 0.35915955351280365
transition 2 18 26 -0.8730292318794908 0.1814516129032258
transition 2 18 38 0.018768601777136684 0.46774193548387094
transition 2 18 7 -0.0075412935188776675 0.35080645161290325
transition 2 19 22 0.3380936444667346 0.03218477849299508
transition 2 19 20 -0.1073513575334546 0.09466111321469141
transition 2 19 18 0.938114866459997 0.3680424081787202
transition 2 19 17 0.3098006072557842 0.15789473684210525
transition 2 19 7 0.07813077451337813 0.3472169632714881
transition 3 0 1 -0.751558207332252 0.2081377151799687
transition 3 0 28 0.04721082701786772 0.2190923317683881
transition 3 0 0 0.11684825157884138 0.04460093896713615
transition 3 0 7 0.13552949232874334 0.14475743348982786
transition 3 0 9 -0.7030287516739648 0.38341158059467917
transition 3 1 16 -0.6023027461394221 0.10710808179162609
transition 3 1 48 0.952583177442158 0.26809477442388835
transition 3 1 10 0.6783689891297544 0.293735800064914
transition 3 1 9 0.7220499579385495 0.3310613437195716
transition 3 2 5 0.7865565330199409 0.17484276729559747
transition 3 2 32 -0.5608155104429202 0.012578616352201259
transition 3 2 13 0.17859872550102263 0.06792452830188679
transition 3 2 44 -0.017097363609429816 0.38113207547169814
transition 3 2 9 -0.7999807289904084 0.3635220125786163
transition 3 3 31 0.8212857950724302 0.6658415841584159
transition 3 3 9 0.4761472946056171 0.3341584158415842
transition 3 4 42 0.7158447580418354 0.6952054794520548
transition 3 4 9 0.9213247997622032 0.3047945205479452
transition 3 5 21 0.6537970712742354 0.6491228070175439
transition 3 5 9 -0.019508906831518846 0.3508771929824561
transition 3 6 49 0.5324890373103921 0.062031015507753876
transition 3 6 28 0.14746995167563037 0.35767883941970985
transition 3 6 12 0.5735370953234233 0.030515257628814407
transition 3 6 10 0.37285449872232457 0.11405702851425713
transition 3 6 9 -0.4902271059872403 0.43571785892946474
transition 3 7 23 0.08421001321261135 0.13175230566534915
transition 3 7 1 -0.1328460801331035 0.3935002195871761
transition 3 7 9 0.9056364577488172 0.47474747474747475
transition 3 8 6 -0.5727227492812015 0.21676837357389228
transition 3 8 28 -0.1416250924848892 0.2003183868400106
transition 3 8 29 0.40094722549937556 0.08039267710267975
transition 3 8 10 0.947858614586643 0.20084903157336165
transition 3 8 9 -0.9323530813866527 0.3016715309100557
transition 3 9 13 -0.7247784489960492 0.18133390155550821
transition 3 9 32 0.9511673238869027 0.07415299382058385
transition 3 9 35 -0.8557977300657842 0.13125932239505647
transition 3 9 39 -0.7454365446781093 0.20242914979757085
transition 3 9 9 0.03365465892123698 0.41082463243128065
transition 3 10 40 0.11656103402415519 0.315929203539823
transition 3 10 32 0.04057464458970128 0.41106194690265485
transition 3 10 9 -0.6639339285948553 0.27300884955752214
transition 3 11 9 -0.549358837327979 1.0
transition 3 12 16 -0.8006446349289609 0.024730500951173115
transition 3 12 13 0.05149467327054924 0.07989854153455929
transition 3 12 41 0.6057762486686447 0.0932149651236525
transition 3 12 46 -0.17477882016440338 0.43563728598604945
transition 3 12 9 0.44295437461595544 0.36651870640456563
transition 3 13 15 0.4236003768874359 0.3803098450774613
transition 3 13 37 0.2133010528302628 0.02048975512243878
transition 3 13 35 -0.7725024585632525 0.27886056971514245
transition 3 13 9 -0.16504845109994282 0.32033983008495753
transition 3 14 9 -0.1574648092090145 1.0
transition 3 15 9 0.7697220795627473 1.0
transition 3 16 23 0.34333811930494673 0.1549970077797726
transition 3 16 27 0.7258411578015729 0.11490125673249552
transition 3 16 11 0.5800844369694735 0.28845002992220226
transition 3 16 9 -0.826069136588697 0.44165170556552963
transition 3 17 9 -0.5723223086158518 1.0
transition 3 18 9 -0.5081522184685912 1.0
transition 3 19 23 0.513092996986299 0.5726495726495726
transition 3 19 9 0.5489716456741616 0.42735042735042733
transition 4 0 19 0.8102143535170869 0.20816864295125165
transition 4 0 30 -0.3979838244907259 0.1541501976284585
transition 4 0 7 -0.798536261015683 0.21739130434782608
transition 4 0 13 0.2266638984823861 0.09565217391304348
transition 4 0 16 -0.9345791216974622 0.32463768115942027
transition 4 1 11 -0.7948761847653611 0.012903225806451613
transition 4 1 0 -0.24382757340512273 0.5490322580645162
transition 4 1 16 0.00384661350669524 0.43806451612903224
transition 4 2 26 0.7707107653237777 0.05997647981183849
transition 4 2 39 -0.9428690214741597 0.25676205409643277
transition 4 2 13 -0.6776440733170648 0.39161113288906313
transition 4 2 10 0.2825579059518273 0.0999607996863975
transition 4 2 16 0.14415409058589446 0.19168953351626813
transition 4 3 24 0.8347409934449579 0.3106508875739645
transition 4 3 45 0.25480526339187604 0.41863905325443784
transition 4 3 16 0.23201877091065115 0.27071005917159763
transition 4 4 34 -0.938707656763478 0.64816472694718
transition 4 4 24 -0.22920665930458717 0.004476275738585497
transition 4 4 16 0.10274049257603468 0.34735899731423453
transition 4 5 9 0.04303388566056432 0.136986301369863
transition 4 5 28 0.8439831082677722 0.19712662880053458
transition 4 5 1 -0.6223952725828246 0.300033411293017
transition 4 5 16 -0.14305993939002803 0.36585365853658536
transition 4 6 22 0.9548561803691316 0.5876494023904383
transition 4 6 16 -0.2984739969228205 0.4123505976095618
transition 4 7 22 0.6332846726380004 0.3974358974358974
transition 4 7 34 0.7107343982487466 0.12406947890818859
transition 4 7 23 0.8545808930111014 0.28329197684036395
transition 4 7 16 0.5815122819848826 0.19520264681555005
transition 4 8 19 0.15760214276669537 0.22531369339879978
transition 4 8 23 0.3873592478127319 0.19258046917621385
transition 4 8 3 0.45676669368988976 0.0005455537370430987
transition 4 8 24 0.22623562727456537 0.1783960720130933
transition 4 8 16 0.10324174689190846 0.40316421167484995
transition 4 9 40 -0.3838794651974615 0.0786233028102305
transition 4 9 22 -0.06149910988522289 0.27818124407957057
transition 4 9 9 0.5758986531402543 0.11872434480580991
transition 4 9 19 0.8658965148429889 0.17429744237448688
transition 4 9 16 -0.011346521291505818 0.3501736659299021
transition 4 10 36 -0.44173642719617834 0.518005540166205
transition 4 10 16 0.28649163265857736 0.481994459833795
transition 4 11 28 -0.06235677548570684 0.17124394184168013
transition 4 11 48 0.06991529292965515 0.22907915993537964
transition 4 11 34 0.9362195869869803 0.19224555735056542
transition 4 11 16 0.7480493850206569 0.4074313408723748
transition 4 12 40 0.48956616257007624 0.16892642809513225
transition 4 12 43 -0.06797684822317285 0.03778617470549011
transition 4 12 35 0.04314534970448358 0.12247166036897088
transition 4 12 13 0.6814896538836623 0.18292953989775507
transition 4 12 16 -0.828244947635163 0.48788619693265173
transition 4 13 16 0.5894987533330491 1.0
transition 4 14 26 -0.5608638492891604 0.7898477157360406
transition 4 14 16 0.2406308528863872 0.2101522842639594
transition 4 15 0 0.5228694864245444 0.75
transition 4 15 16 0.97129405394321 0.25
transition 4 16 8 -0.23924213309920672 0.052363050483351235
transition 4 16 21 0.5158771906069486 0.25107411385606876
transition 4 16 27 -0.4796973540635483 0.24113856068743286
transition 4 16 2 -0.02919920589580438 0.07975295381310418
transition 4 16 16 0.09173394353120257 0.375671321160043
transition 4 17 48 0.5405268836200163 0.12439372325249644
transition 4 17 21 0.880528979170913 0.2202567760342368
transition 4 17 34 -0.5060768544951315 0.009985734664764621
transition 4 17 40 -0.1350421925485441 0.1637660485021398
transition 4 17 16 -0.05375179733585811 0.4815977175463623
transition 4 18 16 -0.3354000277029774 1.0
transition 4 19 49 0.18725972638820165 0.09461718488799732
transition 4 19 38 0.6646906656644291 0.1721832163156135
transition 4 19 36 0.27650442313740453 0.279839518555667
transition 4 19 15 0.3907453373362719 0.03878301571380809
transition 4 19 16 0.09976601379199934 0.41457706452691406
transition 6 0 45 0.7842818465604391 0.36779752288637585
transition 6 0 30 0.49619797695214984 0.0010770059235325794
transition 6 0 47 -0.5269051198401182 0.41033925686591277
transition 6 0 24 -0.4557731772372762 0.22078621432417878
transition 6 1 24 -0.4043929599128271 1.0
transition 6 2 34 0.5884481898322136 0.5076060848678943
transition 6 2 24 -0.06669977547090489 0.4923939151321057
transition 6 3 24 0.3538206591837567 1.0
transition 6 4 37 0.9565109212259424 0.5289156626506024
transition 6 4 24 0.859519887196146 0.4710843373493976
transition 6 5 48 -0.02911482652176578 0.1353898886032562
transition 6 5 0 -0.5393497172881931 0.0831191088260497
transition 6 5 29 -0.6088650215623319 0.36461011139674376
transition 6 5 24 -0.34893735687204863 0.4168808911739503
transition 6 6 24 0.20244844876376877 1.0
transition 6 7 24 -0.5188008423537731 1.0
transition 6 8 29 -0.8807344577301139 0.19033440219880898
transition 6 8 35 0.15218786593244094 0.17315620705451215
transition 6 8 19 -0.7167172199280465 0.09413650939074668
transition 6 8 10 -0.10955293464391636 0.2054512139257902
transition 6 8 24 0.11649623283394517 0.336921667430142
transition 6 9 12 0.5687562613643147 0.23132848645076007
transition 6 9 5 -0.0809174800470236 0.22075346992729677
transition 6 9 47 -0.2368716690325321 0.07336417713152676
transition 6 9 20 -0.7688566849015166 0.12029081295439524
transition 6 9 24 -0.4038746533263067 0.35426305353602117
transition 6 10 13 -0.8092405244123084 0.7083946980854198
transition 6 10 24 0.9671692560172522 0.2916053019145803
transition 6 11 24 -0.659931479360174 1.0
transition 6 12 21 -0.5082162375713684 0.7820738137082601
transition 6 12 24 0.6023111442882347 0.2179261862917399
transition 6 13 24 -0.0947901080825595 1.0
transition 6 14 24 -0.5388841802754647 1.0
transition 6 15 24 0.5332478342561289 1.0
transition 6 16 48 -0.923340546490421 0.3313840155945419
transition 6 16 0 0.411266020482836 0.08693957115009747
transition 6 16 18 0.33808287505896106 0.07914230019493178
transition 6 16 31 0.3320965456480449 0.11189083820662768
transition 6 16 24 -0.3507197155675794 0.3906432748538012
transition 6 17 7 0.4333349604106609 0.3019768234492161
transition 6 17 20 0.22110730956130453 0.1601908657123381
transition 6 17 15 -0.9130455157612243 0.04533060668029993
transition 6 17 24 0.736435650231265 0.49250170415814587
transition 6 18 37 0.26819281576329534 0.8179723502304147
transition 6 18 24 0.5248930829818244 0.18202764976958524
transition 6 19 12 -0.8375420748367068 0.6872370266479664
transition 6 19 24 0.6294897807594 0.3127629733520337
transition 7 0 19 0.5723407903101638 0.054845746338423186
transition 7 0 39 0.5435067888097909 0.24181988158304768
transition 7 0 0 0.9126596338020716 0.21813649111872857
transition 7 0 15 -0.6525823790286132 0.2349641632907448
transition 7 0 27 0.5088937979801273 0.2502337176690558
transition 7 1 31 0.26064703626271335 0.15096774193548387
transition 7 1 12 -0.10889004402315261 0.4593548387096774
transition 7 1 27 -0.24086134884626142 0.3896774193548387
transition 7 2 27 0.9768527856411942 1.0
transition 7 3 45 0.003695302171546455 0.15869565217391304
transition 7 3 20 0.44531375200824086 0.15585284280936454
transition 7 3 41 0.10951621845562687 0.11321070234113713
transition 7 3 9 -0.0010842576947420746 0.09548494983277592
transition 7 3 27 0.5184683413056537 0.47675585284280936
transition 7 4 27 -0.39661471398971915 1.0
transition 7 5 17 0.3013497661900433 0.12138016019716574
transition 7 5 24 -0.7353082793832377 0.20147874306839186
transition 7 5 38 0.9494285625923955 0.14438283014992812
transition 7 5 20 0.9058041282344451 0.12035325528856028
transition 7 5 27 0.0874357292635004 0.41240501129595397
transition 7 6 37 0.2211577310058741 0.3775178687459389
transition 7 6 26 0.9451721246352576 0.1078622482131254
transition 7 6 42 -0.39854051608318986 0.05977907732293697
transition 7 6 27 -0.32212461686963256 0.4548408057179987
transition 7 7 11 -0.30417329196889686 0.5144628099173554
transition 7 7 27 -0.7276492850745981 0.4855371900826446
transition 7 8 22 0.7540249401078618 0.4096244131455399
transition 7 8 19 0.484651617971801 0.23708920187793428
transition 7 8 27 0.8552291552481492 0.3532863849765258
transition 7 9 10 -0.6068094624338733 0.05708354955889985
transition 7 9 3 0.15017598274782995 0.12117280747275558
transition 7 9 16 -0.605268234588189 0.1307732226258433
transition 7 9 1 -0.6282328381077444 0.19979242345614945
transition 7 9 27 0.1317075981302971 0.49117799688635183
transition 7 10 26 -0.021145564881884793 0.5178997613365155
transition 7 10 38 -0.3599204722018705 0.057279236276849645
transition 7 10 27 0.8664844601611601 0.42482100238663484
transition 7 11 40 -0.6866245352744065 0.5451263537906137
transition 7 11 27 -0.9536686115038542 0.4548736462093863
transition 7 12 7 0.18735736297128214 0.7345971563981043
transition 7 12 27 -0.2521995879954242 0.26540284360189575
transition 7 13 42 0.28941092169817617 0.5406203840472673
transition 7 13 27 0.22920570113955008 0.45937961595273263
transition 7 14 27 -0.8037909796869664 1.0
transition 7 15 30 -0.18409071160038093 0.3029689608636977
transition 7 15 11 -0.6434388699099656 0.23549257759784076
transition 7 15 27 -0.5554847329731527 0.46153846153846156
transition 7 16 25 -0.21015262294853376 0.5185185185185185
transition 7 16 27 -0.829363984783944 0.48148148148148145
transition 7 17 27 -0.6478019422363701 1.0
transition 7 18 26 0.835323490943672 0.8284106891701828
transition 7 18 27 0.20553074323708853 0.17158931082981715
transition 7 19 16 0.07311804779080133 0.5295950155763239
transition 7 19 27 0.6517245674830934 0.470404984423676
transition 8 0 44 -0.9816053351830283 0.5002832861189802
transition 8 0 2 0.6323277972920665 0.49971671388101985
transition 8 1 15 0.25735054077256647 0.2685778951339117
transition 8 1 38 0.8923530390985235 0.21840814786872878
transition 8 1 37 -0.24181005282858892 0.0995850622406639
transition 8 1 2 -0.3748435112816788 0.4134288947566956
transition 8 2 36 -0.9877393125270773 0.7030947775628626
transition 8 2 2 0.6823180928061585 0.29690522243713735
transition 8 3 49 0.8861556742394021 0.16154221571498292
transition 8 3 38 0.3566207438611848 0.22986822840409957
transition 8 3 29 0.32994762641653663 0.09053196681307955
transition 8 3 15 -0.7102562715841598 0.11371400683260127
transition 8 3 2 0.8198596769388158 0.4043435822352367
transition 8 4 42 -0.8994970088842829 0.6099644128113879
transition 8 4 9 0.7452323864743493 0.054804270462633455
transition 8 4 2 0.5635422196666875 0.33523131672597867
transition 8 5 20 -0.5859821482696661 0.14725643896976484
transition 8 5 48 0.1209984477437589 0.16937290033594624
transition 8 5 47 0.16759073889685938 0.2393617021276596
transition 8 5 33 0.5563639974311341 0.2315229563269877
transition 8 5 2 -0.4915963310354521 0.21248600223964165
transition 8 6 37 0.08591358396475468 0.4354697102721686
transition 8 6 41 -0.7733913525909974 0.2993854258121159
transition 8 6 2 -0.16860390608536635 0.26514486391571557
transition 8 7 16 -0.2965287446091567 0.3835489833641405
transition 8 7 44 0.009186498312711011 0.05591497227356747
transition 8 7 34 -0.269799879468795 0.22042513863216265
transition 8 7 2 0.6349294564410735 0.34011090573012936
transition 8 8 46 -0.3493560518273928 0.3481687528975429
transition 8 8 24 -0.31577950135586486 0.3463143254520167
transition 8 8 3 -0.9574813042503827 0.03523412146499768
transition 8 8 2 0.9359776620288998 0.27028280018544276
transition 8 9 32 -0.01859667312075164 0.296579476861167
transition 8 9 9 -0.9864398560358667 0.310261569416499
transition 8 9 2 -0.985365139197633 0.393158953722334
transition 8 10 2 -0.17288651672126232 1.0
transition 8 11 2 0.5923026561847844 1.0
transition 8 12 21 -0.8576041931421818 0.09052550824702724
transition 8 12 28 0.3038293057522994 0.16417337936325277
transition 8 12 24 0.22845933769228344 0.1971614883007288
transition 8 12 46 -0.43361120403504083 0.2213271960107403
transition 8 12 2 0.13354719105781698 0.32681242807825084
transition 8 13 26 0.6225967922871571 0.02274641954507161
transition 8 13 20 -0.037313817946788674 0.6419545071609098
transition 8 13 2 0.7888602049499132 0.33529907329401853
transition 8 14 2 0.7082482093315641 1.0
transition 8 15 16 -0.8737600273349468 0.1257332313185412
transition 8 15 37 -0.8503988191501677 0.2336138740117317
transition 8 15 8 0.8126762526381699 0.041315990818668706
transition 8 15 32 0.4750990827201045 0.10864575363427698
transition 8 15 2 0.20931191880063293 0.49069115021678145
transition 8 16 20 -0.777804838118739 0.2832945865161076
transition 8 16 13 -0.2818915110651625 0.0009963467286615742
transition 8 16 35 -0.6611076251349695 0.17103952175357023
transition 8 16 29 -0.36667483967348 0.2567253404184656
transition 8 16 2 0.228081808882582 0.287944204583195
transition 8 17 42 0.4698017770195393 0.14505119453924914
transition 8 17 19 0.6664497050438067 0.23159434422233058
transition 8 17 46 -0.44309801731069065 0.14456362749878107
transition 8 17 14 0.45189943020950873 0.19575816674792784
transition 8 17 2 0.4108791115791848 0.28303266699171137
transition 8 18 47 -0.6039105751009204 0.18161290322580645
transition 8 18 9 0.23046945263382734 0.23935483870967741
transition 8 18 27 0.8926717136592124 0.28774193548387095
transition 8 18 29 0.5121727057091134 0.08
transition 8 18 2 -0.4930396821140892 0.21129032258064517
transition 8 19 5 0.13013269380437853 0.36139722346618897
transition 8 19 37 -0.289793635464451 0.03940886699507389
transition 8 19 49 0.888763933708727 0.2861621137483206
transition 8 19 2 0.6484639016621387 0.31303179579041646
transition 9 0 32 0.4966205591761852 1.0
transition 9 1 29 0.8526502386252217 0.01794145420207743
transition 9 1 16 -0.1570112108894599 0.5089707271010387
transition 9 1 32 0.17505794494320126 0.4730878186968839
transition 9 2 16 -0.30415302798312394 0.32593457943925236
transition 9 2 49 0.904804358359806 0.44742990654205606
transition 9 2 32 -0.6470354517757009 0.2266355140186916
transition 9 3 38 0.9502907497877009 0.2628431639032346
transition 9 3 48 0.4240110250557432 0.2171785811361783
transition 9 3 6 -0.7127258223766917 0.26855123674911663
transition 9 3 32 0.310462991292076 0.2514270182114705
transition 9 4 49 0.6595610474819158 0.5848623853211009
transition 9 4 32 0.3902635329733748 0.4151376146788991
transition 9 5 26 0.07655241736787066 0.6693333333333333
transition 9 5 32 -0.9195876529209439 0.33066666666666666
transition 9 6 32 -0.0407917841869645 1.0
transition 9 7 32 -0.023392267733177485 1.0
transition 9 8 32 -0.1548217257316944 1.0
transition 9 9 43 -0.7960685453463823 0.31130434782608696
transition 9 9 1 -0.9695254417343486 0.29043478260869565
transition 9 9 32 -0.8937211997355414 0.3982608695652174
transition 9 10 32 -0.9395042750403215 1.0
transition 9 11 44 -0.855372605331628 0.027851964898893553
transition 9 11 17 -0.19718067354743907 0.3777184280808852
transition 9 11 15 -0.31088118145539934 0.13811522319725295
transition 9 11 32 -0.06911825276909966 0.45631438382296835
transition 9 12 22 -0.1679891853590838 0.14140625
transition 9 12 48 0.40768317628153317 0.065625
transition 9 12 2 -0.5811163390871863 0.262890625
transition 9 12 41 0.46170529591377574 0.045703125
transition 9 12 32 -0.33481668871929093 0.484375
transition 9 13 28 0.8294127306651977 0.4774381368267831
transition 9 13 26 0.2998699990535947 0.2314410480349345
transition 9 13 32 0.25537133046743055 0.29112081513828236
transition 9 14 1 0.09403730310534097 0.21698601760745728
transition 9 14 42 0.10988529432579441 0.4743656136716727
transition 9 14 32 -0.9638408743908262 0.30864836872087004
transition 9 15 14 -0.3411423427235942 0.17483660130718953
transition 9 15 19 -0.6436889981717835 0.5212418300653595
transition 9 15 32 -0.8759355200759213 0.30392156862745096
transition 9 16 32 0.5844714773659747 1.0
transition 9 17 32 0.3136345760326311 1.0
transition 9 18 39 -0.7308469180955262 0.22840265813438346
transition 9 18 25 0.5675293536678359 0.14349003199606203
transition 9 18 23 -0.15526693039295614 0.1919763721388137
transition 9 18 43 0.8787788979885642 0.04577898104848634
transition 9 18 32 -0.6620804078834863 0.3903519566822545
transition 9 19 15 -0.16307403753300287 0.18138424821002386
transition 9 19 10 -0.13092042159610018 0.2720763723150358
transition 9 19 3 -0.756911965153396 0.2553699284009546
transition 9 19 32 0.5095214850001488 0.2911694510739857
transition 10 0 36 0.6070778457214556 0.07646176911544228
transition 10 0 30 -0.6804435670566389 0.2028985507246377
transition 10 0 12 -0.979103425267849 0.0014992503748125937
transition 10 0 5 -0.22225083138598545 0.39580209895052476
transition 10 0 23 -0.22165030929857754 0.3233383308345827
transition 10 1 46 0.11947678144610285 0.605080831408776
transition 10 1 23 0.6400833894794318 0.394919168591224
transition 10 2 23 0.8617100726854237 1.0
transition 10 3 13 -0.9853600923028507 0.7537688442211056
transition 10 3 23 0.6133312225924683 0.24623115577889448
transition 10 4 20 -0.613257933444805 0.4057377049180328
transition 10 4 3 -0.04188574075704565 0.11885245901639344
transition 10 4 23 0.26985089891197833 0.47540983606557374
transition 10 5 24 -0.04794890380080763 0.20958593306863302
transition 10 5 5 -0.9393894053619638 0.22915484968803176
transition 10 5 44 -0.07690432165983085 0.14350538854225753
transition 10 5 23 -0.18215164388159666 0.4177538287010777
transition 10 6 23 -0.9983003284901475 1.0
transition 10 7 21 0.07700743466633209 0.6459143968871596
transition 10 7 23 0.5020369075804636 0.3540856031128405
transition 10 8 29 -0.9842812732314037 0.6288808664259928
transition 10 8 23 0.5409255805319597 0.3711191335740072
transition 10 9 25 0.6081421183337952 0.5594059405940595
transition 10 9 23 0.7759683168450835 0.4405940594059406
transition 10 10 47 -0.7031878489382928 0.41698352344740175
transition 10 10 0 -0.5614515334293397 0.1926489226869455
transition 10 10 23 -0.4489476772901395 0.39036755386565275
transition 10 11 6 0.7211890627486541 0.8166259168704156
transition 10 11 23 0.026854369616089446 0.18337408312958436
transition 10 12 38 0.3872275202650439 0.2175632911392405
transition 10 12 49 0.6386981572617152 0.24050632911392406
transition 10 12 2 0.6388771256417809 0.19462025316455697
transition 10 12 23 0.9375336083415493 0.3473101265822785
transition 10 13 23 -0.15865821280903725 1.0
transition 10 14 23 -0.5416875945465764 1.0
transition 10 15 43 0.1755934414444762 0.573055028462998
transition 10 15 23 0.0647170005642399 0.4269449715370019
transition 10 16 23 -0.6379223147627382 1.0
transition 10 17 40 -0.9397377352352472 0.03858695652173913
transition 10 17 13 -0.2396908454808786 0.49619565217391304
transition 10 17 20 0.957711096788253 0.029347826086956522
transition 10 17 46 0.235458334429544 0.12717391304347825
transition 10 17 23 0.4312713202482297 0.30869565217391304
transition 10 18 34 -0.7536338287627462 0.3717884130982368
transition 10 18 49 -0.722329285880051 0.2765743073047859
transition 10 18 23 0.34454000428233145 0.3516372795969773
transition 10 19 25 -0.20372036353294498 0.4644243208279431
transition 10 19 24 -0.3640789024901381 0.09831824062095731
transition 10 19 23 -0.7877009035160027 0.4372574385510996
transition 12 0 21 0.627439442848188 0.6944444444444444
transition 12 0 33 -0.3052301803653823 0.3055555555555556
transition 12 1 22 0.1509438666060774 0.45367192862045297
transition 12 1 46 0.27427433097585663 0.15648592999313657
transition 12 1 33 -0.8288396889521559 0.38984214138641043
transition 12 2 1 -0.18865567780716286 0.5971451229183188
transition 12 2 33 0.3910811680351882 0.4028548770816812
transition 12 3 4 -0.7408513329898521 0.10295582862836267
transition 12 3 10 0.019148051989252846 0.22085685818664896
transition 12 3 6 0.1769664828056945 0.1262039189637994
transition 12 3 9 0.4106019912619805 0.05479907007638658
transition 12 3 33 -0.9128710845566321 0.4951843241448024
transition 12 4 42 -0.9174607955798681 0.5155440414507773
transition 12 4 33 -0.5563969804917042 0.4844559585492228
transition 12 5 33 0.02741123425786096 1.0
transition 12 6 27 -0.25603885411093463 0.021470160116448325
transition 12 6 16 0.24085163031662193 0.1393740902474527
transition 12 6 32 -0.5545556909357827 0.34534206695778746
transition 12 6 33 -0.4460473899043198 0.4938136826783115
transition 12 7 3 0.8464790371614574 0.13292030413967895
transition 12 7 34 -0.1708721957209134 0.21796676992396508
transition 12 7 16 -0.8540906134721202 0.2154322725992678
transition 12 7 33 0.6492816020076502 0.43368065333708816
transition 12 8 33 0.3262982456377006 1.0
transition 12 9 38 -0.27824959161281604 0.611183355006502
transition 12 9 33 0.8104135740235996 0.38881664499349805
transition 12 10 18 0.9119537226537497 0.10227272727272728
transition 12 10 38 0.1975379639672754 0.45
transition 12 10 22 -0.044061215157276123 0.1159090909090909
transition 12 10 33 -0.6634601777882227 0.33181818181818185
transition 12 11 33 -0.025722358843987658 1.0
transition 12 12 46 -0.38583506109685906 0.5754189944134078
transition 12 12 33 -0.21333367537749504 0.4245810055865922
transition 12 13 48 0.763474813544001 0.4845580404685836
transition 12 13 46 -0.7651441809042139 0.2018104366347178
transition 12 13 33 -0.19488209481778895 0.3136315228966986
transition 12 14 16 -0.09790281075736362 0.012413793103448275
transition 12 14 23 0.8422115664594443 0.5489655172413793
transition 12 14 33 0.38007706670572006 0.4386206896551724
transition 12 15 12 -0.5579902110141626 0.3414167198468411
transition 12 15 18 -0.11868901629796946 0.0019144862795149968
transition 12 15 28 -0.6911820703173222 0.4192724952137843
transition 12 15 33 0.09272448118336207 0.23739629865985962
transition 12 16 3 -0.5516512457419285 0.14686468646864687
transition 12 16 10 0.7412399604815936 0.4381188118811881
transition 12 16 33 -0.8316144903113059 0.415016501650165
transition 12 17 38 -0.3708783760489416 0.38623655913978494
transition 12 17 13 0.43235001676056495 0.3578494623655914
transition 12 17 33 -0.9189151559584967 0.25591397849462366
transition 12 18 33 -0.68749705038019 1.0
transition 12 19 26 -0.022326719287190322 0.52
transition 12 19 33 -0.392341727084752 0.48
transition 13 0 33 -0.8846421457071811 0.23691529709228823
transition 13 0 37 -0.02075627334343455 0.08268015170670039
transition 13 0 16 0.2200930156537273 0.2219974715549937
transition 13 0 45 0.05659601480968912 0.24475347661188368
transition 13 0 44 0.08844137034490474 0.213653603034134
transition 13 1 5 0.47246132105117145 0.5345291479820627
transition 13 1 29 -0.5225876380887091 0.26905829596412556
transition 13 1 44 -0.9990597862960986 0.19641255605381167
transition 13 2 44 0.963404285059386 1.0
transition 13 3 8 -0.2219947808243976 0.2742927429274293
transition 13 3 33 -0.4607267509150008 0.4059040590405904
transition 13 3 44 -0.681676391626763 0.3198031980319803
transition 13 4 44 -0.4923032993073122 1.0
transition 13 5 35 0.5230873831824179 0.8224852071005917
transition 13 5 44 -0.49786585687307783 0.17751479289940827
transition 13 6 24 -0.2807095141923859 0.5171102661596958
transition 13 6 44 0.07416604994076681 0.4828897338403042
transition 13 7 49 0.2604830423666451 0.03426791277258567
transition 13 7 23 0.6402921380569515 0.21287642782969884
transition 13 7 13 0.7755232077486818 0.25302872966424367
transition 13 7 44 0.04124587786880496 0.4998269297334718
transition 13 8 44 0.678548420769125 1.0
transition 13 9 12 0.0560922129280268 0.6696165191740413
transition 13 9 44 0.544004552243835 0.3303834808259587
transition 13 10 16 0.36712681590335006 0.14923595951577695
transition 13 10 48 -0.28418593113064605 0.10696566779122842
transition 13 10 38 -0.22783704389877668 0.1799960309585235
transition 13 10 23 -0.6658403662348988 0.1188727922206787
transition 13 10 44 0.8221201657316337 0.44492954951379243
transition 13 11 26 -0.6095172067749397 0.815
transition 13 11 44 0.8191356308450457 0.185
transition 13 12 44 -0.3841779144614388 1.0
transition 13 13 30 0.01596151298150228 0.22168284789644013
transition 13 13 5 -0.006881614183604112 0.43042071197411
transition 13 13 3 -0.5377886913636594 0.09007551240560949
transition 13 13 46 -0.04914129286477609 0.06310679611650485
transition 13 13 44 0.1215216359471698 0.1947141316073355
transition 13 14 46 -0.23550677131236286 0.024732620320855617
transition 13 14 3 0.43589734629140553 0.3997326203208556
transition 13 14 13 -0.8978885690570264 0.11163101604278075
transition 13 14 41 0.2689167095505942 0.08221925133689839
transition 13 14 44 0.10999066306566663 0.38168449197860965
transition 13 15 26 0.059811457882519514 0.34036665513663095
transition 13 15 12 0.8951139613170922 0.25043237634036664
transition 13 15 44 0.5711515902499615 0.4092009685230024
transition 13 16 40 0.9392586344913139 0.17248322147651007
transition 13 16 14 -0.6528907348445017 0.2563758389261745
transition 13 16 29 0.08237377198397211 0.26308724832214764
transition 13 16 44 0.9111242106799591 0.3080536912751678
transition 13 17 44 -0.02400806562780944 1.0
transition 13 18 5 -0.9786437254511413 0.58
transition 13 18 44 -0.7849535043116278 0.42
transition 13 19 30 -0.44581004954487913 0.15349369988545247
transition 13 19 38 0.2285256313563815 0.18327605956471935
transition 13 19 49 0.29884072280899776 0.16914852997327223
transition 13 19 21 -0.06397025349740382 0.22069492172584956
transition 13 19 44 0.41571433688239656 0.2733867888507064
transition 14 0 37 -0.477305893944874 1.0
transition 14 1 21 0.1863494257410614 0.21067538126361657
transition 14 1 4 0.3058932045265599 0.13442265795206973
transition 14 1 42 0.4701101962760963 0.17145969498910676
transition 14 1 37 -0.33175172979271905 0.483442265795207
transition 14 2 45 -0.3328108658541098 0.227190332326284
transition 14 2 1 -0.21112898104538402 0.46404833836858006
transition 14 2 37 0.8937002162540337 0.30876132930513595
transition 14 3 21 0.29855635228335275 0.2135031847133758
transition 14 3 49 0.28666009065981757 0.19745222929936307
transition 14 3 7 -0.560270284368257 0.18980891719745224
transition 14 3 37 -0.1714155869292584 0.39923566878980893
transition 14 4 47 0.004074883832011933 0.4375644994840041
transition 14 4 36 -0.6484771957352702 0.09081527347781218
transition 14 4 37 -0.24819458627322644 0.4716202270381837
transition 14 5 35 0.5099442746161778 0.11292834890965732
transition 14 5 0 0.443256412549782 0.13613707165109035
transition 14 5 40 0.220120976139341 0.1545171339563863
transition 14 5 17 0.6975143991906767 0.14875389408099687
transition 14 5 37 0.9113734329954681 0.44766355140186914
transition 14 6 14 -0.6785211855648867 0.17517006802721088
transition 14 6 48 -0.33757252944594174 0.2814625850340136
transition 14 6 21 -0.5817014834814611 0.10204081632653061
transition 14 6 4 -0.31942206839918197 0.14285714285714285
transition 14 6 37 0.7626721910065639 0.29846938775510207
transition 14 7 21 -0.569293782561656 0.01971830985915493
transition 14 7 27 0.8473539872742788 0.795774647887324
transition 14 7 37 0.007626271731132395 0.18450704225352113
transition 14 8 37 0.7729717033238879 1.0
transition 14 9 37 0.9685473466321723 1.0
transition 14 10 10 0.47669136674148316 0.2270347453593527
transition 14 10 33 0.0384744770633727 0.378867206092337
transition 14 10 37 -0.33225617516926453 0.3940980485483103
transition 14 11 3 0.9242692158331767 0.1274669143255166
transition 14 11 41 -0.45902817650194083 0.0011609008590666356
transition 14 11 30 0.11807774531033854 0.1941026236359415
transition 14 11 18 0.7838626407594362 0.1813327141862085
transition 14 11 37 0.7742869438678748 0.4959368469932668
transition 14 12 17 -0.25805126677267465 0.5809968847352025
transition 14 12 37 0.751506093349894 0.4190031152647975
transition 14 13 4 0.07451939093573778 0.35812133072407043
transition 14 13 5 0.9998746630788169 0.32720156555772995
transition 14 13 45 0.5490728251736126 0.11585127201565558
transition 14 13 37 -0.6246006945229423 0.19882583170254403
transition 14 14 25 0.013741902425198571 0.6511945392491467
transition 14 14 11 0.3454505676257533 0.004095563139931741
transition 14 14 15 0.4833337412163605 0.13447098976109215
transition 14 14 37 0.6858959161749276 0.21023890784982935
transition 14 15 31 -0.3587148441672212 0.27480438184663536
transition 14 15 7 -0.5026805499153701 0.056025039123630674
transition 14 15 35 -0.6473455318637404 0.19405320813771518
transition 14 15 48 0.16783833753046928 0.23129890453834115
transition 14 15 37 -0.06511487865719712 0.24381846635367763
transition 14 16 25 -0.1901132550268232 0.11698717948717949
transition 14 16 16 0.700947773411108 0.008413461538461538
transition 14 16 20 0.23879489302181334 0.30528846153846156
transition 14 16 10 -0.2621210325496177 0.14583333333333334
transition 14 16 37 -0.9521589635200496 0.4234775641025641
transition 14 17 37 0.9932625157968957 1.0
transition 14 18 15 -0.3543022727136662 0.09813269765593961
transition 14 18 8 -0.10628535450403365 0.25903853794199444
transition 14 18 0 -0.4093456285522643 0.14342471195868098
transition 14 18 37 0.9002093098952 0.499404052443385
transition 14 19 37 0.3462873117434937 1.0
transition 15 0 5 0.5256281608489743 0.7112107623318386
transition 15 0 8 -0.6190228970754315 0.28878923766816145
transition 15 1 45 -0.5958297303604307 0.3450502152080344
transition 15 1 24 -0.606067254947189 0.08321377331420372
transition 15 1 15 -0.541946435960553 0.2618364418938307
transition 15 1 8 0.4986744469409241 0.3098995695839311
transition 15 2 18 -0.05448224211370656 0.011001100110011002
transition 15 2 39 0.6541774769300035 0.5033003300330033
transition 15 2 8 -0.1894193945365703 0.4856985698569857
transition 15 3 18 0.4743088280336949 0.515695067264574
transition 15 3 8 0.9531289450989135 0.484304932735426
transition 15 4 18 -0.21675782485608197 0.16218354430379747
transition 15 4 29 -0.16523751664154607 0.2848101265822785
transition 15 4 1 0.8521084290788317 0.2990506329113924
transition 15 4 15 0.550508554336983 0.029272151898734177
transition 15 4 8 0.4949387276644468 0.22468354430379747
transition 15 5 16 0.44937698948185467 0.556282722513089
transition 15 5 8 0.7589667569801897 0.443717277486911
transition 15 6 8 -0.2552204213950431 1.0
transition 15 7 8 -0.4977568937412451 1.0
transition 15 8 45 -0.9710346400161269 0.19878141660319879
transition 15 8 49 0.5150830752257167 0.2190911398832191
transition 15 8 25 -0.8297981269352617 0.1601929423711602
transition 15 8 22 -0.9207734703768895 0.12185833968012186
transition 15 8 8 0.8462979955531729 0.3000761614623001
transition 15 9 49 -0.04243567431415385 0.2537764350453172
transition 15 9 24 0.4619842364006699 0.20996978851963746
transition 15 9 41 -0.18334979571411214 0.3368580060422961
transition 15 9 8 -0.315824028435036 0.19939577039274925
transition 15 10 22 0.9861712772114153 0.24362606232294617
transition 15 10 42 -0.013977212886103096 0.201699716713881
transition 15 10 21 -0.5505039057545487 0.3104815864022663
transition 15 10 35 0.43772140308867313 0.056657223796033995
transition 15 10 8 -0.2973654528334424 0.1875354107648725
transition 15 11 8 0.46064726355540286 1.0
transition 15 12 48 0.5521732679232181 0.1641263529931522
transition 15 12 25 0.8144530531383336 0.1941683233929755
transition 15 12 17 0.8626923726147886 0.1126573889993373
transition 15 12 20 -0.840513716182165 0.07797658493483543
transition 15 12 8 -0.49884540929911325 0.4510713496796996
transition 15 13 25 0.5905130341603189 0.572841726618705
transition 15 13 8 -0.9893195162706847 0.427158273381295
transition 15 14 20 -0.5551838304172585 0.5183788878416589
transition 15 14 8 -0.21614579250107235 0.4816211121583412
transition 15 15 29 -0.030340042976006343 0.18216516308119363
transition 15 15 7 -0.26060593864182513 0.3247744621790423
transition 15 15 8 -0.6154723339069039 0.49306037473976405
transition 15 16 0 -0.9095874800419645 0.3554621848739496
transition 15 16 46 0.35604998307065916 0.2361344537815126
transition 15 16 30 -0.030825952314323057 0.09873949579831932
transition 15 16 8 -0.010089395787371336 0.3096638655462185
transition 15 17 7 0.7399177095079217 0.1796542930008501
transition 15 17 14 -0.7598060537222637 0.035137432700481724
transition 15 17 38 0.883652511854139 0.15670161518843864
transition 15 17 6 -0.6782698615098455 0.19948994049305752
transition 15 17 8 -0.9578718151400032 0.429016718617172
transition 15 18 8 0.7961163385321319 1.0
transition 15 19 49 -0.5550675085021823 0.6096654275092936
transition 15 19 8 0.8252412096974473 0.3903345724907063
transition 16 0 39 0.6175142745210642 1.0
transition 16 1 32 0.8841865094934949 0.20076238881829733
transition 16 1 25 -0.7696353071135069 0.38246505717916135
transition 16 1 39 0.3206840487350344 0.4167725540025413
transition 16 2 10 0.9445558119777255 0.30988023952095806
transition 16 2 9 -0.8347445425360001 0.3499251497005988
transition 16 2 15 0.8705909152532141 0.0658682634730539
transition 16 2 46 0.9831969871651829 0.048278443113772454
transition 16 2 39 -0.942115128543831 0.22604790419161677
transition 16 3 26 -0.5382006980102709 0.3337574215436811
transition 16 3 42 0.7932505627869857 0.24003392705682783
transition 16 3 5 -0.688374144092619 0.0729431721798134
transition 16 3 13 0.6740696951243628 0.14673452078032231
transition 16 3 39 0.3662489694756659 0.20653095843935537
transition 16 4 9 0.762365496086429 0.7069408740359897
transition 16 4 39 -0.7143892427823291 0.2930591259640103
transition 16 5 30 0.45803315897247887 0.6313559322033898
transition 16 5 39 0.466345595464255 0.3686440677966102
transition 16 6 39 0.5084052321889811 1.0
transition 16 7 27 0.1533400901075197 0.7766599597585513
transition 16 7 39 0.9521948407722576 0.22334004024144868
transition 16 8 22 0.39508523264691653 0.7045454545454546
transition 16 8 39 -0.2988326695813832 0.29545454545454547
transition 16 9 36 0.49756823114528936 0.025232403718459494
transition 16 9 21 -0.16667963226514648 0.10889774236387782
transition 16 9 23 0.9408129464271824 0.6826029216467463
transition 16 9 39 0.6400982846946139 0.18326693227091634
transition 16 10 11 0.15693241257756751 0.5909090909090909
transition 16 10 39 0.7053072127985744 0.4090909090909091
transition 16 11 17 0.28668126735473565 0.08735571878279119
transition 16 11 3 0.8038737884998817 0.18100734522560336
transition 16 11 8 0.5203546024099777 0.07240293809024134
transition 16 11 20 -0.6463706281777766 0.22140608604407136
transition 16 11 39 0.8197243643006207 0.43782791185729275
transition 16 12 39 0.21426791427205694 1.0
transition 16 13 22 -0.4741096939822276 0.6643356643356644
transition 16 13 39 0.17671326432844858 0.3356643356643357
transition 16 14 2 -0.9671946516821361 0.4068965517241379
transition 16 14 48 0.5693173983523712 0.0445141065830721
transition 16 14 28 -0.019283893115744855 0.0877742946708464
transition 16 14 39 -0.5397404515743303 0.4608150470219436
transition 16 15 39 -0.7890850753855085 1.0
transition 16 16 42 0.9470561600816123 0.10380901287553648
transition 16 16 6 0.39531058497172733 0.06062231759656652
transition 16 16 35 0.06766349386083004 0.19098712446351931
transition 16 16 5 -0.15533845926938072 0.20547210300429183
transition 16 16 39 0.15085107332381487 0.43910944206008584
transition 16 17 20 -0.6117005586566486 0.42714723926380366
transition 16 17 42 0.6293072417303469 0.254601226993865
transition 16 17 39 0.7333440263337854 0.3182515337423313
transition 16 18 45 0.24315127232991385 0.7377521613832853
transition 16 18 39 0.8157773107429256 0.2622478386167147
transition 16 19 18 -0.22447231664726552 0.35732647814910024
transition 16 19 4 0.7088709630709376 0.18123393316195371
transition 16 19 39 0.5929615281515099 0.461439588688946
transition 17 0 12 -0.5148659865029506 1.0
transition 17 1 12 -0.3499935516407049 1.0
transition 17 2 12 -0.44161619804346963 1.0
transition 17 3 0 -0.8030759498111897 0.1044776119402985
transition 17 3 36 0.06436431053763947 0.5192458758837392
transition 17 3 12 0.2924458984907816 0.3762765121759623
transition 17 4 37 -0.3286303030172357 0.3655126498002663
transition 17 4 27 -0.2042365523154066 0.27363515312916115
transition 17 4 45 0.5831812741086515 0.07523302263648468
transition 17 4 12 0.6371977593640805 0.2856191744340879
transition 17 5 42 -0.6907855123728497 0.6294718909710392
transition 17 5 12 -0.4682976792549194 0.37052810902896083
transition 17 6 6 0.8051167032465814 0.16422287390029325
transition 17 6 22 -0.18449237008044994 0.3181818181818182
transition 17 6 10 0.49823640775889566 0.12316715542521994
transition 17 6 41 0.3393575880429276 0.018084066471163247
transition 17 6 12 -0.23509773126134026 0.3763440860215054
transition 17 7 20 0.10071136694829996 0.6662189388851578
transition 17 7 12 0.28057842877367034 0.3337810611148422
transition 17 8 35 -0.3206112287599203 0.6139240506329114
transition 17 8 12 0.6201669977433337 0.3860759493670886
transition 17 9 0 0.44843035741920545 0.7116724738675958
transition 17 9 12 -0.27106289158654895 0.2883275261324042
transition 17 10 24 -0.6351752811377076 0.4357823892316321
transition 17 10 26 -0.9624470793425413 0.2669657879977566
transition 17 10 12 0.3034786520584627 0.29725182277061135
transition 17 11 12 0.03675157191446776 1.0
transition 17 12 45 -0.9143143661803466 0.19035010297146218
transition 17 12 9 -0.9577381191659868 0.12003530450132392
transition 17 12 40 -0.06232972148626059 0.015298617240364814
transition 17 12 22 -0.4819393857224896 0.25272138864371874
transition 17 12 12 -0.5973565412385691 0.4215945866431303
transition 17 13 44 0.8941754995692577 0.5590361445783133
transition 17 13 12 -0.3608335013885171 0.44096385542168676
transition 17 14 33 0.8310737671257193 0.7408163265306122
transition 17 14 12 -0.9524779161566608 0.25918367346938775
transition 17 15 1 0.7520617231039464 0.025629077353215284
transition 17 15 30 0.8447518309787483 0.10298229263746506
transition 17 15 34 0.7138984070316972 0.1598322460391426
transition 17 15 35 0.23800987247673722 0.2898415657036347
transition 17 15 12 -0.6079959623459388 0.4217148182665424
transition 17 16 44 -0.158392651750215 0.14440759722640942
transition 17 16 24 -0.5517663331963267 0.22339463370515525
transition 17 16 45 0.95917254131313 0.19264395538136872
transition 17 16 12 -0.7867059870290729 0.43955381368706664
transition 17 17 16 -0.4056557803611587 0.6887608069164265
transition 17 17 12 0.5097488285261507 0.3112391930835735
transition 17 18 3 -0.8699395965693553 0.5230366492146596
transition 17 18 12 0.7409601032612623 0.4769633507853403
transition 17 19 16 0.10471150589912903 0.24902046147148454
transition 17 19 27 0.8162930189039717 0.3970396168915977
transition 17 19 12 -0.15470278548323568 0.35393992163691773
transition 18 0 6 0.0015730794195369935 0.7288629737609329
transition 18 0 19 0.5132046819915033 0.27113702623906705
transition 18 1 41 -0.5721677398481007 0.029605263157894735
transition 18 1 35 -0.7316952979768965 0.6759868421052632
transition 18 1 19 -0.21095877381718298 0.2944078947368421
transition 18 2 26 -0.391854479298815 0.1926558055340057
transition 18 2 13 0.8884632581355096 0.2503232479958624
transition 18 2 22 -0.10927102163071334 0.14274631497284718
transition 18 2 19 -0.538776495615316 0.4142746314972847
transition 18 3 1 0.24910306474366117 0.6663822525597269
transition 18 3 19 -0.7213812190088982 0.33361774744027306
transition 18 4 28 -0.7537671796393217 0.27143272304562627
transition 18 4 20 0.16326401587120243 0.06393490264458006
transition 18 4 45 0.6352331875757407 0.2101133391455972
transition 18 4 19 0.7673875312383467 0.45451903516419645
transition 18 5 19 0.6763796059537697 1.0
transition 18 6 32 -0.0247933798251867 0.24160162877502545
transition 18 6 33 0.49059363527041566 0.11231761112996268
transition 18 6 1 0.7579354752676515 0.2514421445537835
transition 18 6 19 -0.059989089082282954 0.39463861554122837
transition 18 7 14 0.0773343583526549 0.5548961424332344
transition 18 7 19 0.8991631972933161 0.44510385756676557
transition 18 8 0 -0.48736027324916753 0.5968992248062015
transition 18 8 19 -0.08670231923976712 0.40310077519379844
transition 18 9 37 -0.4330245512509281 0.013140604467805518
transition 18 9 35 -0.442786409074841 0.05059132720105125
transition 18 9 0 0.5695197256281948 0.19710906701708278
transition 18 9 17 0.7450081575108507 0.5374507227332457
transition 18 9 19 0.37575779363356765 0.20170827858081472
transition 18 10 20 -0.7076736446838248 0.41132838840188807
transition 18 10 2 -0.6001540179044296 0.19487525286581253
transition 18 10 19 0.2729591882397111 0.3937963587322994
transition 18 11 10 -0.07706331177150605 0.1681159420289855
transition 18 11 40 0.14177896533302548 0.10797101449275362
transition 18 11 3 -0.10826977546170968 0.55
transition 18 11 19 0.16561912204419493 0.17391304347826086
transition 18 12 19 0.8757720992581244 1.0
transition 18 13 3 -0.9475804157858838 0.09516100017988847
transition 18 13 2 0.5528969496884211 0.14858787551717934
transition 18 13 8 -0.2011254257003967 0.17035438028422378
transition 18 13 27 -0.18502412014642355 0.12718114768843317
transition 18 13 19 -0.2792821468550555 0.45871559633027525
transition 18 14 19 -0.43808292464071874 1.0
transition 18 15 22 -0.1649822776279548 0.7881679389312977
transition 18 15 19 -0.6819694363000233 0.21183206106870228
transition 18 16 2 -0.47939496420142347 0.7305555555555555
transition 18 16 19 -0.8063272395981456 0.26944444444444443
transition 18 17 23 0.08757577577994047 0.20472103004291844
transition 18 17 30 -0.896687602767521 0.1963519313304721
transition 18 17 42 0.30278247040875095 0.01759656652360515
transition 18 17 8 -0.7667537790118133 0.1332618025751073
transition 18 17 19 0.5374680014305189 0.448068669527897
transition 18 18 32 0.06423475774264831 0.18507042253521128
transition 18 18 17 0.9149827427310784 0.2791549295774648
transition 18 18 49 -0.6729256409812177 0.24140845070422534
transition 18 18 19 -0.9744710236713978 0.2943661971830986
transition 18 19 16 -0.39075061482530415 0.2574746008708273
transition 18 19 26 0.649891545050699 0.16400580551523947
transition 18 19 10 0.7099357266923996 0.036284470246734396
transition 18 19 28 -0.5648066411078889 0.21741654571843252
transition 18 19 19 -0.2074917551890456 0.3248185776487663
transition 19 0 1 0.5739845266004671 0.6108786610878661
transition 19 0 10 -0.2889839973122257 0.09623430962343096
transition 19 0 25 0.6206390909366593 0.032635983263598324
transition 19 0 14 -0.26076303152351765 0.05606694560669456
transition 19 0 48 0.47010189779422373 0.20418410041841004
transition 19 1 29 -0.5369233435756136 0.025204582651391163
transition 19 1 22 0.889070365235737 0.0867430441898527
transition 19 1 3 0.2564519735156874 0.20392798690671032
transition 19 1 37 0.08816720415065338 0.2006546644844517
transition 19 1 48 -0.8220573428358737 0.4834697217675941
transition 19 2 48 0.5744254194036984 1.0
transition 19 3 48 0.990472613940695 1.0
transition 19 4 25 0.3552394345043004 0.06509216589861751
transition 19 4 28 -0.235447643725621 0.28456221198156684
transition 19 4 15 0.5286172571241707 0.38940092165898615
transition 19 4 42 0.3964137540743842 0.03513824884792627
transition 19 4 48 0.6060584303289887 0.22580645161290322
transition 19 5 48 0.41418540838656215 1.0
transition 19 6 4 -0.1126134248778683 0.15076335877862596
transition 19 6 44 -0.22286054859607063 0.06128074639525021
transition 19 6 2 -0.06527551704190593 0.18808312128922816
transition 19 6 34 -0.8588042086510335 0.11153519932145886
transition 19 6 48 -0.8340137006570483 0.48833757421543683
transition 19 7 24 -0.7043101178592945 0.3807615230460922
transition 19 7 5 -0.2793325557114774 0.1623246492985972
transition 19 7 43 -0.1752350783703711 0.14729458917835672
transition 19 7 48 -0.8847912140755754 0.3096192384769539
transition 19 8 44 -0.6660347022501338 0.1903701642081826
transition 19 8 46 0.07575290715738525 0.11355413303645978
transition 19 8 6 0.4631533554903928 0.11244085722237684
transition 19 8 2 0.07048341374309453 0.17728917339270805
transition 19 8 48 0.010298753488305223 0.40634567214027273
transition 19 9 17 0.5276121905303843 0.4295190713101161
transition 19 9 42 0.8700619658486497 0.0779436152570481
transition 19 9 48 0.8799716274736085 0.4925373134328358
transition 19 10 6 -0.5021806012104093 0.013656538067599864
transition 19 10 7 0.15966024098063225 0.048822123591669514
transition 19 10 37 -0.9360302414098223 0.2205530897917378
transition 19 10 12 0.2162383976444564 0.3199044042335268
transition 19 10 48 -0.5859702610144208 0.39706384431546604
transition 19 11 47 0.74473213422388 0.17109884596086303
transition 19 11 6 0.4512830280180318 0.37882589061716004
transition 19 11 48 0.07836653876681243 0.4500752634219769
transition 19 12 48 0.5587054088278312 1.0
transition 19 13 48 -0.25593408940367723 1.0
transition 19 14 37 0.9581204919701443 0.14187866927592954
transition 19 14 40 0.875866518882505 0.4432485322896282
transition 19 14 48 -0.22086609239714972 0.41487279843444225
transition 19 15 28 -0.3647903070284517 0.24120795107033638
transition 19 15 42 0.6763855456683732 0.16743119266055045
transition 19 15 36 -0.8141784507844629 0.17087155963302753
transition 19 15 11 0.8995969653637139 0.18157492354740062
transition 19 15 48 0.3944268228184997 0.23891437308868502
transition 19 16 42 0.5862471586217193 0.20972998137802606
transition 19 16 34 0.2362150783010908 0.18761638733705774
transition 19 16 45 -0.5058112960378265 0.010242085661080074
transition 19 16 41 -0.3380498863418955 0.159683426443203
transition 19 16 48 -0.2023492426617517 0.43272811918063314
transition 19 17 18 -0.23206582650989627 0.314192849404117
transition 19 17 39 0.6543087927522273 0.14030335861321777
transition 19 17 1 -0.9584969259002534 0.20639219934994582
transition 19 17 48 0.9613986700568626 0.3391115926327194
transition 19 18 33 0.010160194184395399 0.28381046396841064
transition 19 18 10 0.6085185719516493 0.1357354392892399
transition 19 18 20 -0.4694973540232674 0.29615004935834155
transition 19 18 15 0.9506167790649074 0.0014807502467917078
transition 19 18 48 -0.935952137773981 0.2828232971372162
transition 19 19 48 0.43151631684781555 1.0
transition 20 0 29 -0.9421284309919238 0.05509507557289127
transition 20 0 37 -0.622006464949779 0.37835202340321794
transition 20 0 43 0.9782529695433912 0.1833252072159922
transition 20 0 49 -0.2834324731845568 0.16333495855680155
transition 20 0 22 0.4979868554884861 0.21989273525109704
transition 20 1 22 0.5852478884265984 1.0
transition 20 2 0 -0.5180914018640288 0.13981857991867375
transition 20 2 44 -0.39796314606089944 0.113856740694401
transition 20 2 13 -0.5768020176696005 0.2880825774163278
transition 20 2 35 0.38514793011810466 0.25023459493274947
transition 20 2 22 0.18992336144269495 0.20800750703784798
transition 20 3 48 -0.07574714082648537 0.04038461538461539
transition 20 3 34 -0.7312566735349548 0.5182692307692308
transition 20 3 22 -0.15625244407491756 0.44134615384615383
transition 20 4 42 0.9707516025983804 0.6290643662906437
transition 20 4 33 0.8285436761034564 0.17650962176509621
transition 20 4 22 0.7690830668543638 0.19442601194426012
transition 20 5 26 -0.7493236258826088 0.1012216404886562
transition 20 5 4 0.29358244541917 0.4572425828970332
transition 20 5 42 0.19322353920598356 0.04013961605584642
transition 20 5 22 0.07924092142321082 0.4013961605584642
transition 20 6 28 0.425792421182958 0.5551558752997602
transition 20 6 22 -0.6995883139994188 0.4448441247002398
transition 20 7 35 -0.9965562415833895 0.5317860746720484
transition 20 7 37 -0.01653766787770561 0.011099899091826439
transition 20 7 22 -0.8420864089128219 0.4571140262361251
transition 20 8 9 -0.4956098307724832 0.04307334109429569
transition 20 8 37 -0.5108658813115223 0.5227008149010477
transition 20 8 34 0.48339548129254206 0.09429569266589057
transition 20 8 22 0.483569818789082 0.33993015133876603
transition 20 9 4 0.831355477094138 0.11336405529953918
transition 20 9 7 0.43850058218103927 0.4165898617511521
transition 20 9 36 -0.18220771479624664 0.12442396313364056
transition 20 9 49 0.5853359306595982 0.003686635944700461
transition 20 9 22 0.9661251172882781 0.3419354838709677
transition 20 10 20 0.39706232931877583 0.14716805942432684
transition 20 10 14 0.015298732870204557 0.08867223769730734
transition 20 10 28 0.8407636818923614 0.12302692664809657
transition 20 10 41 0.4924342703014706 0.18477251624883936
transition 20 10 22 -0.05860333009007701 0.45636025998142987
transition 20 11 23 -0.170384269543711 0.4223194748358862
transition 20 11 30 0.5655595279246575 0.17943107221006566
transition 20 11 22 0.050767527079326635 0.3982494529540481
transition 20 12 28 -0.9752200234095929 0.08054003724394786
transition 20 12 30 0.381999456128447 0.44227188081936686
transition 20 12 9 -0.3884129756673427 0.11731843575418995
transition 20 12 0 -0.16883301540381335 0.07216014897579143
transition 20 12 22 0.5902931400820808 0.2877094972067039
transition 20 13 22 -0.6256523990152918 1.0
transition 20 14 48 -0.99337916267262 0.35551811288963775
transition 20 14 7 0.21702268610458364 0.09477674810446504
transition 20 14 5 -0.6564513438784036 0.21145745577085087
transition 20 14 22 -0.2000632695766107 0.33824768323504634
transition 20 15 10 -0.5293506983407612 0.3016964695093994
transition 20 15 12 -0.4180763322885699 0.31407611187528656
transition 20 15 20 0.3919089681101031 0.15451627693718478
transition 20 15 22 0.15851167131606925 0.2297111416781293
transition 20 16 17 0.618656762246891 0.06951530612244898
transition 20 16 45 -0.17475700188977417 0.6096938775510204
transition 20 16 47 0.054437558160765454 0.05931122448979592
transition 20 16 22 -0.026421043419304402 0.2614795918367347
transition 20 17 22 0.7093773792953255 1.0
transition 20 18 0 0.5057193970679554 0.004690431519699813
transition 20 18 31 -0.2260605584528872 0.19559099437148217
transition 20 18 1 -0.0018475750789470613 0.3789868667917448
transition 20 18 11 -0.8262471321756788 0.15196998123827393
transition 20 18 22 0.39437725170916904 0.2687617260787992
transition 20 19 22 0.6804346719581169 1.0
transition 21 0 1 -0.9177352467157982 1.0
transition 21 1 16 -0.32525872891586904 0.10619765494137354
transition 21 1 42 0.8778396454684214 0.2998324958123953
transition 21 1 11 0.1722205943855295 0.12261306532663317
transition 21 1 18 -0.18349445271500375 0.15376884422110554
transition 21 1 1 -0.4898408713142206 0.31758793969849247
transition 21 2 28 0.8019654116821153 0.6434782608695652
transition 21 2 1 -0.058492095361097673 0.3565217391304348
transition 21 3 21 0.880543837334379 0.28329534353630736
transition 21 3 33 0.7847418333056808 0.14522956691631392
transition 21 3 35 -0.12533203702115725 0.2891566265060241
transition 21 3 1 -0.42098060662944947 0.2823184630413546
transition 21 4 3 -0.9526771976232962 0.1288604898828541
transition 21 4 21 0.27985408722969707 0.422790202342918
transition 21 4 8 0.21852538253403586 0.15654952076677317
transition 21 4 1 0.9424695867664359 0.29179978700745474
transition 21 5 24 -0.8317384993504222 0.21883561643835617
transition 21 5 14 0.8301317734285258 0.24280821917808218
transition 21 5 48 0.400108426509838 0.08561643835616438
transition 21 5 0 0.9724173457013474 0.1797945205479452
transition 21 5 1 0.6438242690095624 0.27294520547945206
transition 21 6 17 -0.07403029043438969 0.10079225352112677
transition 21 6 27 0.4075440619760915 0.0743838028169014
transition 21 6 41 0.3045823489512578 0.20774647887323944
transition 21 6 38 0.20597511136191482 0.1855193661971831
transition 21 6 1 0.7245554893710966 0.4315580985915493
transition 21 7 11 -0.5924410511556633 0.08336462636124671
transition 21 7 9 -0.20751357723120112 0.18588058580548253
transition 21 7 40 -0.39985389370146307 0.24633871573413443
transition 21 7 2 -0.06465225722353618 0.07134810364250845
transition 21 7 1 -0.5286846931154092 0.41306796845662785
transition 21 8 26 0.5317399711008488 0.5796296296296296
transition 21 8 1 0.5850236604641201 0.4203703703703704
transition 21 9 21 -0.6183958658752706 0.7758899676375405
transition 21 9 1 0.4653062827803658 0.22411003236245955
transition 21 10 41 -0.7654540758819732 0.061197916666666664
transition 21 10 40 -0.3279559456927452 0.609375
transition 21 10 1 -0.20315064092067026 0.3294270833333333
transition 21 11 16 0.6837087520686369 0.036521739130434785
transition 21 11 13 0.2175514415296378 0.671304347826087
transition 21 11 1 0.30367801098306635 0.2921739130434783
transition 21 12 47 -0.994608904678874 0.08808290155440414
transition 21 12 34 -0.21373146554600364 0.6770293609671848
transition 21 12 1 0.19248538507436375 0.23488773747841105
transition 21 13 21 0.5389696786925713 0.8268072289156626
transition 21 13 1 -0.696950893096179 0.17319277108433734
transition 21 14 12 -0.9213941185882821 0.34316939890710385
transition 21 14 15 -0.3159814133172887 0.15300546448087432
transition 21 14 26 -0.8499064712844633 0.2
transition 21 14 1 -0.4140795127002621 0.3038251366120219
transition 21 15 1 0.8982113075652367 1.0
transition 21 16 31 -0.19751962009724355 0.3217135657286854
transition 21 16 41 0.21941114694268493 0.11003779924401512
transition 21 16 10 0.39505378535627345 0.08399832003359933
transition 21 16 1 0.3049974491962262 0.48425031499370014
transition 21 17 1 -0.9793788546383992 1.0
transition 21 18 12 -0.8367173406093269 0.5149750415973378
transition 21 18 1 -0.3768116271197539 0.48502495840266224
transition 21 19 48 -0.4094165886043628 0.017341040462427744
transition 21 19 28 -0.9739772582344168 0.14508670520231215
transition 21 19 0 0.09590486413993449 0.19132947976878611
transition 21 19 10 0.8491839783375099 0.2329479768786127
transition 21 19 1 0.7724948141759034 0.41329479768786126
transition 22 0 11 -0.32344105882131613 0.3414364640883978
transition 22 0 22 -0.8869424763847569 0.2723756906077348
transition 22 0 17 -0.4598922890965931 0.3861878453038674
transition 22 1 13 -0.36514134701992185 0.16878328553871363
transition 22 1 34 -0.21944596465387733 0.29578041786153214
transition 22 1 3 0.8308943538840867 0.2908643998361327
transition 22 1 17 0.5324127401571521 0.24457189676362145
transition 22 2 49 0.25433007886486125 0.6193806193806194
transition 22 2 17 0.632320392631416 0.3806193806193806
transition 22 3 1 0.7640707497320316 0.5347144456886898
transition 22 3 17 -0.8413341308238189 0.4652855543113102
transition 22 4 39 0.6431809142061562 0.1463235294117647
transition 22 4 38 0.525528078761232 0.19191176470588237
transition 22 4 10 -0.6981621819347608 0.10183823529411765
transition 22 4 30 0.2671861093548704 0.08933823529411765
transition 22 4 17 0.7332492367068646 0.47058823529411764
transition 22 5 21 0.4313631252123138 0.5005452562704471
transition 22 5 17 0.051941940085978855 0.4994547437295529
transition 22 6 37 -0.018644973971704948 0.6309523809523809
transition 22 6 17 -0.7758441821132671 0.36904761904761907
transition 22 7 7 0.990046423286784 0.5109004739336492
transition 22 7 17 -0.7436902438569049 0.4890995260663507
transition 22 8 10 0.4239726825648902 0.7677304964539007
transition 22 8 17 0.7116429686165 0.2322695035460993
transition 22 9 10 -0.1843181567093497 0.1531751570132589
transition 22 9 1 -0.9925142548307002 0.2103977669225401
transition 22 9 45 0.15901425292156124 0.31612002791346827
transition 22 9 7 -0.7925546027360264 0.11025819958129798
transition 22 9 17 -0.7755987645159781 0.21004884856943476
transition 22 10 17 0.3346962385216403 1.0
transition 22 11 35 -0.26967535758491445 0.22120999766409719
transition 22 11 46 -0.8077734277043842 0.20042046250875964
transition 22 11 22 0.7815159607266353 0.17542630226582573
transition 22 11 5 0.8648810178894368 0.1819668301798645
transition 22 11 17 -0.46880824933787446 0.22097640738145294
transition 22 12 17 0.7825083586232044 1.0
transition 22 13 28 -0.9844025419912128 0.1474476680132207
transition 22 13 8 -0.2795081129797652 0.15754682335659198
transition 22 13 46 -0.40344870425840074 0.12504590525156078
transition 22 13 5 0.5369253890542962 0.17003305178112377
transition 22 13 17 0.1610287138500135 0.39992655159750273
transition 22 14 17 -0.2846498449123931 1.0
transition 22 15 17 0.23671989449236208 1.0
transition 22 16 5 -0.9845770006296355 0.136004217185029
transition 22 16 20 -0.6253403004865223 0.0632577754348972
transition 22 16 47 0.1782076096774774 0.3779652082235108
transition 22 16 17 0.9448411811340796 0.422772799156563
transition 22 17 17 0.8694906086452805 1.0
transition 22 18 13 0.2710675747261222 0.564873417721519
transition 22 18 25 0.07838411995238292 0.10284810126582279
transition 22 18 17 0.9500343300023544 0.3322784810126582
transition 22 19 11 -0.5516302614227384 0.09319645732689211
transition 22 19 6 0.6952214691896323 0.1817632850241546
transition 22 19 47 0.5146780093018879 0.161231884057971
transition 22 19 10 -0.012249814730499686 0.07608695652173914
transition 22 19 17 0.010727277428407955 0.48772141706924316
transition 23 0 45 0.6136523509458076 0.7880041365046536
transition 23 0 40 -0.35289209293932533 0.21199586349534644
transition 23 1 18 -0.7085976162348799 0.18653465346534653
transition 23 1 8 -0.8725519586035126 0.3504950495049505
transition 23 1 44 -0.7577337982373646 0.07801980198019802
transition 23 1 12 -0.47497772613126577 0.09227722772277228
transition 23 1 40 0.1017542495170971 0.29267326732673266
transition 23 2 44 -0.7558806639566444 0.5470085470085471
transition 23 2 41 0.7061793530715874 0.035897435897435895
transition 23 2 40 -0.4705770484048486 0.4170940170940171
transition 23 3 40 0.495267222993514 1.0
transition 23 4 40 0.3624606932536061 1.0
transition 23 5 15 -0.8795894792089178 0.22255303312244137
transition 23 5 38 0.4158414476544654 0.23892817268328992
transition 23 5 16 0.2420029033172999 0.16598436918496465
transition 23 5 40 0.3391623649694131 0.37253442500930406
transition 23 6 30 0.11237918276371817 0.6839378238341969
transition 23 6 40 -0.654729714033744 0.3160621761658031
transition 23 7 40 -0.775258475107967 1.0
transition 23 8 28 0.8704466014343488 0.13355704697986578
transition 23 8 22 0.5253424693558502 0.2197986577181208
transition 23 8 8 0.08297323109044075 0.14865771812080536
transition 23 8 31 -0.23376367239672202 0.013422818791946308
transition 23 8 40 -0.22995102076910534 0.48456375838926175
transition 23 9 36 -0.9129037780773686 0.28452685421994883
transition 23 9 1 -0.8481487522053528 0.20684143222506393
transition 23 9 48 0.08805459743260902 0.17391304347826086
transition 23 9 40 0.9265238001449283 0.33471867007672634
transition 23 10 12 0.40345749770416406 0.07191521574564724
transition 23 10 7 -0.1344448072436879 0.728993186979561
transition 23 10 40 0.8277981424510157 0.19909159727479184
transition 23 11 0 -0.0030166566482849877 0.21788250484183344
transition 23 11 32 0.3703833371418206 0.15687540348612009
transition 23 11 14 -0.6527525409240755 0.13460296965784377
transition 23 11 3 -0.0917317559033024 0.017430600387346677
transition 23 11 40 0.6220014213058593 0.47320852162685606
transition 23 12 29 0.6818588190784469 0.3834745762711864
transition 23 12 23 0.9272144140337719 0.29745762711864404
transition 23 12 40 -0.3052170540507855 0.3190677966101695
transition 23 13 2 0.012297511912791492 0.5076335877862596
transition 23 13 40 0.6318025857562835 0.49236641221374045
transition 23 14 30 -0.8626935019626816 0.17612419700214133
transition 23 14 12 -0.6128532711411214 0.3372591006423983
transition 23 14 40 -0.3701963154995638 0.4866167023554604
transition 23 15 39 0.9110795146684356 0.3640661938534279
transition 23 15 25 -0.03797338181727006 0.25236406619385343
transition 23 15 40 -0.5912697551144039 0.3835697399527187
transition 23 16 40 0.4804930204198359 1.0
transition 23 17 38 -0.24707475526211486 0.06511805026656511
transition 23 17 49 0.4380365704729705 0.15955826351865957
transition 23 17 11 0.7846382237286631 0.3141660319878142
transition 23 17 40 -0.7644199744772506 0.46115765422696114
transition 23 18 14 -0.15373779232313978 0.14773396115361978
transition 23 18 37 0.5471593008509772 0.3078281341965862
transition 23 18 27 0.517883580820043 0.18069452619187756
transition 23 18 16 0.030971499612185927 0.003531489111241907
transition 23 18 40 -0.3755359243036138 0.36021188934667453
transition 23 19 38 -0.41980191467904526 0.2152395915161037
transition 23 19 8 -0.2505918203181161 0.2293794186959937
transition 23 19 3 -0.045869151388764795 0.0916470280178057
transition 23 19 40 0.43600551139538046 0.4637339617700969
transition 24 0 1 -0.7449160483295896 0.2044639298525309
transition 24 0 46 0.9363894592653026 0.3738541251494619
transition 24 0 48 0.7632551590597905 0.0346751693901953
transition 24 0 35 0.5582655433275854 0.3870067756078119
transition 24 1 35 0.8330950114653377 1.0
transition 24 2 36 0.7957608367450275 0.2550532892319
transition 24 2 3 -0.9928010327966954 0.316795295847115
transition 24 2 35 0.8121872134716615 0.4281514149209849
transition 24 3 10 0.5381663149245821 0.6209150326797386
transition 24 3 35 0.42711990367679165 0.3790849673202614
transition 24 4 47 0.6528590590397945 0.3118401206636501
transition 24 4 20 -0.4018012655135872 0.026395173453996983
transition 24 4 36 0.010899044040246109 0.24283559577677225
transition 24 4 12 0.3266879747083544 0.18891402714932126
transition 24 4 35 0.641544514298205 0.23001508295625941
transition 24 5 42 -0.6344075198155059 0.7328818660647103
transition 24 5 35 0.32925307500440715 0.2671181339352897
transition 24 6 49 0.17313668044309738 0.1673802242609582
transition 24 6 27 -0.7093084555045113 0.0854230377166157
transition 24 6 29 -0.25521799901745346 0.18103975535168196
transition 24 6 33 -0.5076705779410764 0.19102956167176352
transition 24 6 35 -0.11029732135245585 0.3751274209989806
transition 24 7 1 0.4927365025143311 0.5378228782287823
transition 24 7 35 -0.6991941832822837 0.4621771217712177
transition 24 8 25 -0.6143616838351376 0.5264483627204031
transition 24 8 35 0.4751903784886933 0.473551637279597
transition 24 9 35 0.023718889154925815 1.0
transition 24 10 19 0.44450410578392496 0.15281385281385282
transition 24 10 10 0.408474984188991 0.11861471861471862
transition 24 10 14 -0.16945174173600508 0.2748917748917749
transition 24 10 24 -0.06314775264322137 0.18917748917748917
transition 24 10 35 0.09628372108018479 0.2645021645021645
transition 24 11 35 0.7380639166988312 1.0
transition 24 12 8 0.3433157234459958 0.5049180327868853
transition 24 12 35 -0.3113617641635251 0.49508196721311476
transition 24 13 35 -0.5448128247396145 1.0
transition 24 14 7 -0.5462590976005344 0.2092020129403307
transition 24 14 20 -0.7041256786923613 0.5887850467289719
transition 24 14 35 -0.038317158625327474 0.20201294033069733
transition 24 15 23 0.10579775206056308 0.22294172062904719
transition 24 15 8 0.6746327263884997 0.45050878815911194
transition 24 15 35 -0.7142297796171688 0.3265494912118409
transition 24 16 39 -0.0015803454280798324 0.24145242512589452
transition 24 16 6 0.11149636247715633 0.1523986217863769
transition 24 16 48 0.29064624850878906 0.20063609859528228
transition 24 16 35 0.9760573302608839 0.40551285449244634
transition 24 17 35 0.6068311893368734 1.0
transition 24 18 3 0.11449394436405536 0.7914110429447853
transition 24 18 35 -0.5017173681376568 0.2085889570552147
transition 24 19 37 -0.26959515022664693 0.2958579881656805
transition 24 19 45 0.5458927637593269 0.2958579881656805
transition 24 19 8 -0.20428950152113434 0.1252465483234714
transition 24 19 35 0.7626049379946995 0.28303747534516766
transition 25 0 40 -0.9808422771390406 0.5066964285714286
transition 25 0 0 -0.2070253986120001 0.49330357142857145
transition 25 1 28 0.586696639937895 0.108397365532382
transition 25 1 32 -0.7782049532246236 0.21267837541163556
transition 25 1 31 -0.716877297322831 0.07711306256860592
transition 25 1 48 -0.03745373850803979 0.17755214050493962
transition 25 1 0 -0.04617479311631967 0.4242590559824369
transition 25 2 46 0.5728976412060811 0.5331476323119777
transition 25 2 44 0.14767007311553293 0.2434540389972145
transition 25 2 0 0.19180962211979202 0.2233983286908078
transition 25 3 0 -0.26839264068160196 1.0
transition 25 4 0 0.6967673902492404 1.0
transition 25 5 36 0.013295439746256354 0.12624584717607973
transition 25 5 42 -0.24881009671504595 0.21993355481727575
transition 25 5 17 -0.1583404506717485 0.20398671096345514
transition 25 5 32 -0.8411341662673357 0.11827242524916944
transition 25 5 0 0.38428327392574047 0.3315614617940199
transition 25 6 39 -0.23826736164386442 0.4462254395036194
transition 25 6 15 -0.9839083673397899 0.25232678386763185
transition 25 6 0 0.627628596678204 0.3014477766287487
transition 25 7 3 -0.15585161042416162 0.2668407310704961
transition 25 7 2 -0.7894034386623139 0.2809399477806789
transition 25 7 0 -0.29973997369547933 0.45221932114882507
transition 25 8 21 0.29381896229644533 0.3343465045592705
transition 25 8 11 0.2801525173500503 0.439209726443769
transition 25 8 0 0.7007278545579121 0.22644376899696048
transition 25 9 45 0.3010443345786089 0.003069367710251688
transition 25 9 5 -0.8339009556940875 0.42971147943523635
transition 25 9 41 -0.009544713491971057 0.06936771025168816
transition 25 9 0 0.6015948108246965 0.4978514426028238
transition 25 10 40 -0.32356187358497124 0.23666813574261789
transition 25 10 38 0.04622199642425939 0.31643895989422655
transition 25 10 0 -0.32068709665064077 0.4468929043631556
transition 25 11 29 -0.0973393285590376 0.3847155883630048
transition 25 11 36 -0.16257495551660894 0.29700390794615716
transition 25 11 2 0.8537674342479102 0.13243595310464612
transition 25 11 0 0.3361905184788945 0.18584455058619193
transition 25 12 24 -0.5770629664480222 0.21610738255033557
transition 25 12 42 0.060761112432000886 0.028993288590604026
transition 25 12 1 0.4152226138113819 0.23973154362416108
transition 25 12 9 -0.7264464142467526 0.09583892617449664
transition 25 12 0 -0.09089507843847411 0.4193288590604027
transition 25 13 15 0.7283757402702109 0.35225277940315974
transition 25 13 10 -0.38902229344102324 0.19485078993563487
transition 25 13 27 -0.8995153949198866 0.006436512580456407
transition 25 13 0 0.9954962240072953 0.446459918080749
transition 25 14 2 -0.9893165371092372 0.19568277803847958
transition 25 14 26 0.4550121807163252 0.44580009385265135
transition 25 14 0 0.9117680741419449 0.3585171281088691
transition 25 15 11 -0.6258969350410439 0.5507389162561577
transition 25 15 0 -0.5454692725130261 0.4492610837438424
transition 25 16 21 0.32671593627897977 0.10191264630316871
transition 25 16 39 0.13558186115167747 0.16071938338566943
transition 25 16 1 -0.017121220264723958 0.016842706251784186
transition 25 16 5 -0.40233321300381886 0.2329431915500999
transition 25 16 0 -0.21807552410600906 0.48758207250927776
transition 25 17 8 -0.8938682681645977 0.3574120603015075
transition 25 17 7 0.5937970405790451 0.16959798994974876
transition 25 17 0 0.3544474954979604 0.4729899497487437
transition 25 18 34 -0.4988958293858823 0.02928722653493296
transition 25 18 38 0.698754549162319 0.026817219477769938
transition 25 18 49 -0.9628410504012526 0.3165137614678899
transition 25 18 35 0.7040543180161896 0.1990119971771348
transition 25 18 0 -0.32625638942690993 0.42836979534227243
transition 25 19 22 -0.9763337420739131 0.001693480101608806
transition 25 19 17 0.21998718916406523 0.18712955122777308
transition 25 19 7 0.23123613607910243 0.4225232853513971
transition 25 19 12 -0.8223968753781139 0.15283657917019475
transition 25 19 0 -0.7085347646324109 0.23581710414902624
transition 26 0 2 -0.9175886710258725 0.029427792915531336
transition 26 0 8 0.65516923294534 0.5373297002724796
transition 26 0 13 -0.72472726566962 0.1329700272479564
transition 26 0 25 -0.9167952775612691 0.3002724795640327
transition 26 1 5 -0.7775464461510961 0.5609065155807366
transition 26 1 25 0.8808177281965663 0.43909348441926344
transition 26 2 25 0.26516482695124033 1.0
transition 26 3 41 -0.8091165831161864 0.02931889941362201
transition 26 3 4 -0.6582398258860733 0.10419485791610285
transition 26 3 11 -0.0077197992388351455 0.3062697338746053
transition 26 3 20 -0.9514075774738673 0.2467298150654037
transition 26 3 25 -0.8452121111133906 0.3134866937302661
transition 26 4 5 0.31934326859330664 0.3463149078726968
transition 26 4 3 0.7977952690049435 0.02512562814070352
transition 26 4 4 -0.9199010452414103 0.1536850921273032
transition 26 4 25 -0.8347040103975931 0.4748743718592965
transition 26 5 35 0.4254059335388096 0.097289972899729
transition 26 5 13 0.11464011235748495 0.055284552845528454
transition 26 5 33 0.7404583857338762 0.24634146341463414
transition 26 5 42 0.7665893940969031 0.1880758807588076
transition 26 5 25 0.03857934460684609 0.41300813008130083
transition 26 6 0 -0.8254412079216937 0.43927492447129907
transition 26 6 40 -0.5791747622110182 0.1691842900302115
transition 26 6 25 -0.9730864048460726 0.3915407854984894
transition 26 7 41 -0.7422916951349423 0.06435137895812053
transition 26 7 33 -0.46645770682187915 0.1491317671092952
transition 26 7 5 -0.8350863425564778 0.48008171603677224
transition 26 7 25 -0.2506771926184219 0.30643513789581206
transition 26 8 38 0.5372052506587048 0.2693759071117562
transition 26 8 42 -0.020900670438989577 0.15732946298984035
transition 26 8 32 -0.20637223876257194 0.16342525399129174
transition 26 8 25 -0.47558064087368224 0.40986937590711175
transition 26 9 12 0.042122266808843456 0.0610200364298725
transition 26 9 39 -0.2011407336466493 0.042805100182149364
transition 26 9 21 0.4955986943995798 0.17941712204007285
transition 26 9 7 0.07088190061316424 0.5318761384335154
transition 26 9 25 -0.6608357243681067 0.1848816029143898
transition 26 10 25 0.824878385827599 1.0
transition 26 11 25 0.20971797888764576 1.0
transition 26 12 10 0.10614918200836287 0.2353754030400737
transition 26 12 29 -0.6762757137695494 0.0713956701980654
transition 26 12 12 0.7181347908279796 0.010133578995854445
transition 26 12 23 0.2412823418515262 0.18608935974205434
transition 26 12 25 0.8235086937976663 0.49700598802395207
transition 26 13 7 -0.802368896176276 0.2750125691302162
transition 26 13 40 0.6517730313359438 0.17043740573152338
transition 26 13 9 -0.6079791469747844 0.33433886375062843
transition 26 13 25 -0.8185535925259537 0.22021116138763197
transition 26 14 26 0.1520818860975166 0.15382262996941895
transition 26 14 46 0.6492332255121893 0.23853211009174313
transition 26 14 40 0.9137847551102722 0.18256880733944955
transition 26 14 25 0.44358920581262873 0.42507645259938837
transition 26 15 18 0.24618123720454688 0.22786701531565184
transition 26 15 30 -0.9916822854070286 0.3010833022039597
transition 26 15 25 -0.6418597431243274 0.4710496824803885
transition 26 16 12 -0.9427308298531147 0.1685612211757064
transition 26 16 0 0.28912718506751944 0.2698928223449172
transition 26 16 38 0.9571049667986693 0.2283208834037025
transition 26 16 25 0.14182146045828037 0.3332250730756739
transition 26 17 30 -0.6137826469764962 0.05821665438467207
transition 26 17 18 -0.28198822275786606 0.10869565217391304
transition 26 17 28 -0.6396885252369764 0.21628592483419307
transition 26 17 42 -0.08287307117818732 0.22660280029476787
transition 26 17 25 -0.7751100656053354 0.39019896831245393
transition 26 18 10 0.06139217453557855 0.20883054892601433
transition 26 18 5 0.1910382668459749 0.35441527446300713
transition 26 18 25 -0.8022638159357742 0.43675417661097854
transition 26 19 25 0.4475264825786833 1.0
transition 27 0 20 -0.14780946923209726 0.3129879347054649
transition 27 0 42 -0.08171979130219298 0.49538679914833217
transition 27 0 46 -0.5380466114948101 0.19162526614620298
transition 27 1 28 0.30890547919376643 0.3522727272727273
transition 27 1 37 0.9010313435581347 0.2784090909090909
transition 27 1 1 0.6794386396043122 0.12462121212121212
transition 27 1 46 -0.6216742335985472 0.2446969696969697
transition 27 2 46 -0.5093395270867271 1.0
transition 27 3 46 0.7637908953909147 1.0
transition 27 4 2 -0.05243390440177009 0.5066740823136818
transition 27 4 46 -0.5340108624257622 0.4933259176863181
transition 27 5 1 0.0415012996777695 0.1515025041736227
transition 27 5 34 0.31011316726676075 0.08848080133555926
transition 27 5 22 -0.25298369538401744 0.3868948247078464
transition 27 5 48 -0.09052289556256299 0.10475792988313856
transition 27 5 46 0.5190599036640746 0.26836393989983304
transition 27 6 33 -0.07649874618370767 0.2936170212765957
transition 27 6 42 0.3041605439726711 0.06595744680851064
transition 27 6 8 -0.5717122372413779 0.05702127659574468
transition 27 6 10 -0.6203951825485148 0.30553191489361703
transition 27 6 46 0.7553343482751975 0.27787234042553194
transition 27 7 21 -0.2805945119695876 0.24937027707808565
transition 27 7 1 -0.4880487070646742 0.37363560033585225
transition 27 7 46 -0.025235739359855458 0.37699412258606213
transition 27 8 18 -0.09801245998768837 0.8309859154929577
transition 27 8 46 0.5544329876702934 0.16901408450704225
transition 27 9 46 -0.03529949579757119 1.0
transition 27 10 43 -0.335833974195336 0.2814549791293977
transition 27 10 35 -0.4633705105350623 0.086463923673226
transition 27 10 7 -0.9517284965525765 0.1174716756112105
transition 27 10 29 0.9586492425297626 0.046511627906976744
transition 27 10 46 0.19124447361494123 0.468097793679189
transition 27 11 25 -0.6245767041020431 0.33698030634573306
transition 27 11 27 0.6288335919029662 0.26389496717724287
transition 27 11 46 -0.9373452139590519 0.39912472647702407
transition 27 12 36 -0.661720252076146 0.3008849557522124
transition 27 12 11 0.1607439072364758 0.2821238938053097
transition 27 12 46 0.9593617266291075 0.41699115044247786
transition 27 13 46 0.5298963285805731 1.0
transition 27 14 40 0.9452740165667837 0.810244470314319
transition 27 14 46 0.884361983030419 0.18975552968568102
transition 27 15 7 0.2339814648961771 0.1769120800571837
transition 27 15 38 -0.653354255244424 0.30057183702644746
transition 27 15 0 -0.46170938279510665 0.09578270192994996
transition 27 15 49 0.2899310388840428 0.12937812723373837
transition 27 15 46 0.9572782337672643 0.29735525375268046
transition 27 16 2 -0.6272020410666195 0.21797061838059448
transition 27 16 19 -0.022959981332887347 0.01093269559275709
transition 27 16 29 0.2692101284539845 0.23471130850700375
transition 27 16 11 -0.5676246374005611 0.2760505637171165
transition 27 16 46 -0.7559981662469892 0.2603348138025282
transition 27 17 16 0.4457128558955612 0.12945139557266602
transition 27 17 18 0.20741777773488912 0.12199230028873917
transition 27 17 40 0.7263749734069131 0.14124157844080848
transition 27 17 42 -0.4336184069457021 0.22088546679499518
transition 27 17 46 0.6047983839013931 0.3864292589027912
transition 27 18 32 0.020846778621842255 0.0536714833382483
transition 27 18 12 0.732175392842366 0.2901798879386612
transition 27 18 41 -0.187963879588243 0.11972869360070776
transition 27 18 43 -0.02479228578388315 0.11736950751990563
transition 27 18 46 0.8797255411264786 0.4190504276024771
transition 27 19 14 -0.5517198973534527 0.4390532544378698
transition 27 19 23 0.4477627842739895 0.06982248520710059
transition 27 19 46 -0.9918658012878871 0.4911242603550296
transition 28 0 3 -0.26256243284018677 1.0
transition 28 1 41 -0.4964429275227462 0.7774011299435029
transition 28 1 3 0.7698241070353151 0.22259887005649717
transition 28 2 3 0.1658699270959858 1.0
transition 28 3 3 -0.5472560613333768 1.0
transition 28 4 11 -0.26442206528172285 0.48930817610062893
transition 28 4 9 0.8244535772452317 0.10062893081761007
transition 28 4 3 -0.5031530464772349 0.410062893081761
transition 28 5 35 0.1635531216316184 0.575091575091575
transition 28 5 13 0.3010677803852153 0.0463980463980464
transition 28 5 3 0.804363500130385 0.3785103785103785
transition 28 6 20 0.4540419088729577 0.3008955223880597
transition 28 6 17 0.021031756256086664 0.4292537313432836
transition 28 6 0 -0.8204691520206737 0.005373134328358209
transition 28 6 3 -0.43442795168928705 0.2644776119402985
transition 28 7 36 -0.5754522395031547 0.03708791208791209
transition 28 7 16 -0.3588518585297096 0.603021978021978
transition 28 7 3 -0.45038466034040736 0.3598901098901099
transition 28 8 1 -0.2427234275213237 0.1625560538116592
transition 28 8 12 -0.11259271382830582 0.28139013452914796
transition 28 8 8 -0.5113975731401597 0.21300448430493274
transition 28 8 26 0.7411576866184435 0.04035874439461883
transition 28 8 3 0.7077830077921552 0.30269058295964124
transition 28 9 0 0.11802042538471325 0.2113997113997114
transition 28 9 26 -0.4077743318373037 0.19288119288119288
transition 28 9 31 -0.3684023277527413 0.23184223184223185
transition 28 9 3 0.2379201125813144 0.36387686387686385
transition 28 10 3 0.9143786931467401 1.0
transition 28 11 41 0.22591294368177395 0.1504424778761062
transition 28 11 14 -0.45812635472581364 0.2168141592920354
transition 28 11 33 -0.5258319257691297 0.18141592920353983
transition 28 11 3 -0.2964490234668389 0.45132743362831856
transition 28 12 21 -0.036601458457921066 0.2752826153376108
transition 28 12 22 -0.9537629450361846 0.10418576229758632
transition 28 12 26 0.39836300897242705 0.20103880232202873
transition 28 12 3 -0.37394538296087765 0.4194928200427742
transition 28 13 26 -0.01797574559035131 0.10863095238095238
transition 28 13 19 0.07769221844527774 0.1644345238095238
transition 28 13 30 0.7124699897242619 0.09077380952380952
transition 28 13 18 -0.6736270055398879 0.38392857142857145
transition 28 13 3 0.1251817991152968 0.25223214285714285
transition 28 14 16 -0.05033761702761952 0.4810958904109589
transition 28 14 30 0.22813189835944003 0.11287671232876713
transition 28 14 3 -0.9613353287636135 0.406027397260274
transition 28 15 3 -0.8141179206083591 1.0
transition 28 16 19 0.7937875377895518 0.07011308562197092
transition 28 16 30 0.33553708834358353 0.274313408723748
transition 28 16 12 0.5848648860625227 0.11760904684975768
transition 28 16 20 0.4735590581001652 0.2187399030694669
transition 28 16 3 -0.3864874182219733 0.31922455573505654
transition 28 17 26 0.9312440880698287 0.16641528406234288
transition 28 17 28 -0.27939427889579904 0.322272498743087
transition 28 17 32 0.6700194087194102 0.2368024132730015
transition 28 17 3 -0.6552226909120429 0.27450980392156865
transition 28 18 45 -0.6820893559504029 0.17730183263413557
transition 28 18 26 0.2649168629080316 0.041510267167145065
transition 28 18 29 -0.9483083833927128 0.19518657540295872
transition 28 18 33 0.8942796517706266 0.10487966438507397
transition 28 18 3 -0.06287216263450812 0.4811216604106867
transition 28 19 4 -0.2312592673512055 0.040364583333333336
transition 28 19 13 -0.69466992512931 0.6848958333333334
transition 28 19 3 -0.2330690464157168 0.2747395833333333
transition 29 0 5 0.5742267239787822 0.1165303738317757
transition 29 0 1 0.22381512307738483 0.2757009345794392
transition 29 0 40 0.5750411847583767 0.21261682242990654
transition 29 0 47 0.032971273309011506 0.3951518691588785
transition 29 1 0 0.7618446579854117 0.38181019332161686
transition 29 1 25 0.7607296056664061 0.3093145869947276
transition 29 1 5 -0.4157788407868981 0.03910369068541301
transition 29 1 47 -0.09774820786648197 0.2697715289982425
transition 29 2 23 0.44325186779567227 0.260270341902995
transition 29 2 34 -0.7411912019411719 0.11370262390670553
transition 29 2 9 0.4503645961480398 0.16406042936655182
transition 29 2 12 0.37934035730257043 0.014047177312483434
transition 29 2 47 -0.38065027643976057 0.44791942751126423
transition 29 3 10 -0.786364242877637 0.1357615894039735
transition 29 3 20 0.5841298714505359 0.4271523178807947
transition 29 3 47 0.6987885066033508 0.4370860927152318
transition 29 4 48 -0.04936909042214355 0.7286012526096033
transition 29 4 47 0.9147753117277493 0.27139874739039666
transition 29 5 18 -0.18636284008774484 0.37954939341421146
transition 29 5 28 0.8886248766942884 0.00779896013864818
transition 29 5 9 0.8634896436309307 0.2001733102253033
transition 29 5 47 0.3879955877663823 0.4124783362218371
transition 29 6 42 0.3301456043862583 0.6917562724014337
transition 29 6 47 -0.8020802033829526 0.30824372759856633
transition 29 7 0 0.08827481356289635 0.22508896797153025
transition 29 7 43 0.4025252595812989 0.09252669039145907
transition 29 7 37 0.033958755735431057 0.4101423487544484
transition 29 7 35 0.9946819517319339 0.0400355871886121
transition 29 7 47 -0.44558059277484907 0.23220640569395018
transition 29 8 41 -0.09276160172327508 0.24045407636738905
transition 29 8 33 0.5715858468867265 0.05710354317165463
transition 29 8 9 -0.20621841150192344 0.239422084623323
transition 29 8 27 0.8423040383015827 0.05159958720330237
transition 29 8 47 0.2396771709591008 0.41142070863433094
transition 29 9 41 -0.6878019207695929 0.5537190082644629
transition 29 9 47 0.4696684276469778 0.4462809917355372
transition 29 10 5 -0.4031751122378704 0.21237756010685663
transition 29 10 42 -0.31015705708759733 0.37978628673196796
transition 29 10 47 0.5993460764703342 0.40783615316117544
transition 29 11 28 -0.3344089233967409 0.7339712918660287
transition 29 11 47 0.03223944116684452 0.2660287081339713
transition 29 12 41 0.027952277153673988 0.30581923235658276
transition 29 12 38 0.48743909223325876 0.23689640940982254
transition 29 12 11 0.22109579746342467 0.20264135369376807
transition 29 12 47 -0.45911231817930465 0.25464300453982663
transition 29 13 19 0.016661767145742967 0.2940347581023955
transition 29 13 18 -0.3087655227063364 0.24941286989196806
transition 29 13 6 -0.071139713419055 0.28511038046031
transition 29 13 47 0.7776124563744107 0.17144199154532644
transition 29 14 31 -0.6159307756154742 0.5191387559808612
transition 29 14 47 -0.5016733215758038 0.48086124401913877
transition 29 15 11 0.3774187631957999 0.06894912030432715
transition 29 15 8 -0.790629914215961 0.44650499286733236
transition 29 15 46 -0.18324330388444943 0.04232049453162149
transition 29 15 47 -0.6929909522585977 0.442225392296719
transition 29 16 32 -0.1491323418281767 0.17193836171938362
transition 29 16 6 0.268497527382884 0.11138145444714788
transition 29 16 0 0.664314575237736 0.0364963503649635
transition 29 16 25 0.6026264563352064 0.19194376858610435
transition 29 16 47 -0.255936946752205 0.4882400648824006
transition 29 17 38 -0.25995810457794377 0.13877207737594618
transition 29 17 46 -0.6798915643240946 0.39571068124474346
transition 29 17 45 0.8730342074183488 0.11396131202691337
transition 29 17 47 -0.08262141095621556 0.351555929352397
transition 29 18 10 -0.635715375301263 0.5684380032206119
transition 29 18 47 0.41195776252646055 0.43156199677938806
transition 29 19 0 -0.5697857045746264 0.25512887953708574
transition 29 19 31 0.2811486536133685 0.13256180957390848
transition 29 19 33 -0.7598104403740309 0.19279326670173594
transition 29 19 24 0.16936472712673623 0.23987375065754865
transition 29 19 47 0.5774422833491217 0.1796422935297212
transition 31 0 49 0.5452496863266305 0.2804949911608721
transition 31 0 42 0.5159342368429316 0.199469652327637
transition 31 0 37 -0.37387150456494367 0.2908073070123748
transition 31 0 16 0.2847735078294482 0.05981143193871538
transition 31 0 6 0.7541992275367364 0.16941661756040072
transition 31 1 6 0.7242819415171058 1.0
transition 31 2 6 -0.3317282111249671 1.0
transition 31 3 36 -0.28409292895162186 0.5327342747111682
transition 31 3 6 -0.33950705817978877 0.4672657252888318
transition 31 4 28 -0.5401086999658304 0.4382326420198377
transition 31 4 32 0.3453926656316315 0.2146077547339946
transition 31 4 26 -0.7383983319043641 0.1690712353471596
transition 31 4 6 -0.5364305249288415 0.17808836789900812
transition 31 5 6 -0.5510933943601732 1.0
transition 31 6 6 0.3543755511435953 1.0
transition 31 7 6 -0.3559055269893723 1.0
transition 31 8 37 0.8041506155343507 0.44783715012722647
transition 31 8 26 0.42250160704627926 0.11959287531806616
transition 31 8 6 0.7704569049841399 0.43256997455470736
transition 31 9 6 -0.11666673587947662 1.0
transition 31 10 6 0.06920246986726197 1.0
transition 31 11 31 0.5748710548715572 0.12762430939226518
transition 31 11 15 0.30758592321630607 0.3707182320441989
transition 31 11 26 0.22895613881236376 0.1138121546961326
transition 31 11 6 0.04686434815810392 0.3878453038674033
transition 31 12 27 -0.4998428034329381 0.2040147480540762
transition 31 12 23 -0.859798767022218 0.29782875870544856
transition 31 12 6 0.074215808205353 0.49815649324047523
transition 31 13 11 0.35820763719866844 0.5616605616605617
transition 31 13 6 -0.6022979952176586 0.43833943833943834
transition 31 14 34 0.7440405984900975 0.30765639589169
transition 31 14 48 0.1395155361614573 0.11204481792717087
transition 31 14 23 -0.05509251397950554 0.1722689075630252
transition 31 14 6 0.24994124707562482 0.4080298786181139
transition 31 15 4 -0.3995689110615366 0.016840171463563994
transition 31 15 31 0.5118977994634575 0.02449479485609308
transition 31 15 17 -0.6149176770651474 0.25505205143906917
transition 31 15 1 0.8193702761991619 0.25229638701775875
transition 31 15 6 -0.20516780879631336 0.451316595223515
transition 31 16 31 0.4869325980745718 0.03678929765886288
transition 31 16 43 -0.14735249125366567 0.1374581939799331
transition 31 16 16 0.24441558873172697 0.24949832775919734
transition 31 16 15 -0.40345667340016056 0.23444816053511705
transition 31 16 6 -0.3064422307905299 0.34180602006688965
transition 31 17 6 0.025389833150589736 1.0
transition 31 18 6 0.5975265675538823 1.0
transition 31 19 6 -0.15304820999434754 1.0
transition 32 0 20 -0.5076844846505157 0.30824372759856633
transition 32 0 28 0.9554090567061571 0.34647550776583036
transition 32 0 10 0.3733655946766832 0.34528076463560337
transition 32 1 10 -0.01310279714482987 1.0
transition 32 2 48 -0.8181100672118062 0.5588723051409619
transition 32 2 10 -0.8856735115909935 0.44112769485903813
transition 32 3 21 -0.9236417787816056 0.1949206349206349
transition 32 3 19 -0.6904348728478573 0.3961904761904762
transition 32 3 10 0.15678598411138167 0.4088888888888889
transition 32 4 35 0.8064977722266538 0.23778337531486146
transition 32 4 4 0.6486214575417051 0.2942065491183879
transition 32 4 18 -0.8781969429311316 0.05239294710327456
transition 32 4 10 0.15330713676094443 0.4156171284634761
transition 32 5 12 0.43866450579114336 0.27510917030567683
transition 32 5 23 0.6183766694577912 0.42358078602620086
transition 32 5 10 0.8993420193177752 0.30131004366812225
transition 32 6 22 0.21609027102172784 0.6094674556213018
transition 32 6 23 -0.19060315705984943 0.10453648915187377
transition 32 6 10 -0.7759220955351442 0.2859960552268245
transition 32 7 11 -0.5354871795434253 0.8260869565217391
transition 32 7 10 0.10717022294561085 0.17391304347826086
transition 32 8 6 0.647674990759308 0.30214991284137127
transition 32 8 8 -0.6844443462759087 0.12144102266124346
transition 32 8 22 -0.1715616584505808 0.19407321324811155
transition 32 8 10 -0.41312001150239763 0.38233585124927366
transition 32 9 10 0.7662324228651367 1.0
transition 32 10 3 0.22789902889416225 0.650132860938884
transition 32 10 10 0.14881219572204918 0.34986713906111605
transition 32 11 48 0.9475906876721851 0.3181454836131095
transition 32 11 0 0.38019928693324845 0.3205435651478817
transition 32 11 10 -0.7798223946830583 0.3613109512390088
transition 32 12 24 -0.9987520114312534 0.0767867690490254
transition 32 12 4 -0.4189066207970842 0.4908446544595393
transition 32 12 10 -0.20658648121599477 0.43236857649143534
transition 32 13 23 -0.12496778235064188 0.10451306413301663
transition 32 13 7 -0.39342729707139235 0.6294536817102138
transition 32 13 10 0.37035757341289655 0.2660332541567696
transition 32 14 36 0.6804452663982583 0.21967213114754097
transition 32 14 48 0.9723158810361368 0.2879284649776453
transition 32 14 10 0.22601332241831296 0.49239940387481373
transition 32 15 12 -0.3870147416689187 0.5193621867881549
transition 32 15 10 0.659669548672986 0.4806378132118451
transition 32 16 14 0.883374766570812 0.6618705035971223
transition 32 16 10 0.5458356008506855 0.3381294964028777
transition 32 17 27 0.6778375888719077 0.5970149253731343
transition 32 17 10 0.31984796213784783 0.40298507462686567
transition 32 18 10 0.005844703347669844 1.0
transition 32 19 1 -0.8236709085766238 0.825
transition 32 19 10 -0.4874055243699631 0.175
transition 33 0 18 -0.44111832810171725 0.7614091273018415
transition 33 0 28 0.7277526628904543 0.23859087269815854
transition 33 1 49 -0.5551483225648355 0.6912
transition 33 1 28 0.6220896818802273 0.3088
transition 33 2 28 0.9910453537152213 1.0
transition 33 3 28 0.7551503998557647 1.0
transition 33 4 8 0.9768350769180976 0.6323851203501094
transition 33 4 28 -0.6314469754834358 0.3676148796498906
transition 33 5 14 0.7323698072500708 0.30760749724366043
transition 33 5 24 0.03563387370091631 0.17971334068357223
transition 33 5 1 0.6941802012405607 0.3461962513781698
transition 33 5 28 -0.2756069184142891 0.16648291069459759
transition 33 6 45 -0.3406478497251393 0.708502024291498
transition 33 6 28 -0.479195644318817 0.291497975708502
transition 33 7 34 -0.26072119581674613 0.020294117647058824
transition 33 7 0 -0.07103501006152313 0.01411764705882353
transition 33 7 42 0.641125182554948 0.25029411764705883
transition 33 7 12 0.6758628562796469 0.21970588235294117
transition 33 7 28 -0.88911901254877 0.49558823529411766
transition 33 8 40 -0.9351334026187046 0.5998176845943483
transition 33 8 28 0.4242147975377386 0.4001823154056518
transition 33 9 19 0.6693339271624275 0.3373442200257843
transition 33 9 49 0.8127705867021866 0.3515255694026644
transition 33 9 28 -0.23503199580406675 0.3111302105715514
transition 33 10 13 0.7453310653721719 0.32213930348258707
transition 33 10 6 -0.13580834449477774 0.042703150912106136
transition 33 10 36 -0.5234769520413323 0.04892205638474295
transition 33 10 7 -0.017733567071095635 0.4050580431177446
transition 33 10 28 0.660000223755798 0.18117744610281925
transition 33 11 28 0.7488448213756655 1.0
transition 33 12 37 0.7088864701288089 0.14474327628361858
transition 33 12 14 0.7832736557868694 0.08117359413202933
transition 33 12 16 -0.4855866285444781 0.07383863080684597
transition 33 12 43 -0.6937811083365462 0.24156479217603913
transition 33 12 28 -0.3956073314687172 0.458679706601467
transition 33 13 43 0.3331893163920836 0.0907258064516129
transition 33 13 3 0.9127854709267467 0.4415322580645161
transition 33 13 28 0.71865187410346 0.46774193548387094
transition 33 14 16 -0.5585717496268867 0.5494994438264739
transition 33 14 28 -0.5651920583794552 0.45050055617352613
transition 33 15 34 0.4602529946501941 0.576171875
transition 33 15 8 0.3979245144273662 0.14453125
transition 33 15 28 -0.7581017973549506 0.279296875
transition 33 16 17 -0.8298254110236372 0.5952197378565921
transition 33 16 28 0.9483355410244005 0.40478026214340784
transition 33 17 19 -0.6790239862581777 0.178079571537873
transition 33 17 14 0.7162080962230204 0.12949502677888294
transition 33 17 13 -0.29353224755508434 0.13599846977811783
transition 33 17 24 -0.9181475580085297 0.15206579954093344
transition 33 17 28 0.7164932451449517 0.4043611323641928
transition 33 18 12 0.4349485826828883 0.6595744680851063
transition 33 18 28 0.7183296709494305 0.3404255319148936
transition 33 19 32 -0.6126306836905755 0.1616504854368932
transition 33 19 35 -0.8398530275281917 0.12135922330097088
transition 33 19 45 -0.9086172867637727 0.025728155339805825
transition 33 19 16 0.5906117724069042 0.43592233009708736
transition 33 19 28 0.707207457667463 0.25533980582524274
transition 34 0 34 -0.351068405326705 0.5186991869918699
transition 34 0 38 -0.15187409568420218 0.4813008130081301
transition 34 1 13 -0.47093056242457343 0.22055359246171968
transition 34 1 40 0.21080450704482567 0.10041224970553593
transition 34 1 30 0.2195382463663751 0.024146054181389872
transition 34 1 29 -0.39868577398626415 0.15518256772673733
transition 34 1 38 0.3607515284346392 0.4997055359246172
transition 34 2 43 -0.14906264042875605 0.3215767634854772
transition 34 2 30 0.5453239471624345 0.2838174273858921
transition 34 2 38 -0.3742951204079594 0.3946058091286307
transition 34 3 34 -0.7276009072846108 0.20321469575200918
transition 34 3 6 -0.07944880743217642 0.3857634902411022
transition 34 3 38 -0.7093366567557233 0.41102181400688864
transition 34 4 37 0.4531920359792625 0.3273789075918928
transition 34 4 8 -0.3192199209256217 0.028856063208519408
transition 34 4 11 -0.4279755867914341 0.24836825833047063
transition 34 4 38 0.9105280768664172 0.3953967708691171
transition 34 5 47 -0.6748363534724957 0.21665965502734538
transition 34 5 37 0.22487179608021712 0.3374000841396719
transition 34 5 19 0.19300680119662195 0.1379890618426588
transition 34 5 38 0.14000025574408514 0.3079511989903239
transition 34 6 48 0.16503854833825682 0.7343434343434343
transition 34 6 38 -0.2182452507276016 0.26565656565656565
transition 34 7 5 0.6091453100533621 0.19605026929982047
transition 34 7 33 0.17041504256284146 0.20789946140035906
transition 34 7 17 0.33346474737963927 0.22549371633752244
transition 34 7 38 -0.4485844148875453 0.370556552962298
transition 34 8 38 0.7234791893813521 1.0
transition 34 9 20 -0.2262442729950196 0.04899777282850779
transition 34 9 15 -0.10676155119354513 0.28316894686605154
transition 34 9 7 0.07483440994001689 0.2803054406617881
transition 34 9 38 -0.06356961431945107 0.38752783964365256
transition 34 10 9 -0.26782741891967876 0.2038032244729227
transition 34 10 33 0.5294933236856454 0.14158743282348077
transition 34 10 4 0.5343880411910666 0.06779661016949153
transition 34 10 25 -0.9630715930866978 0.14055394791236048
transition 34 10 38 -0.931113209146357 0.4462587846217445
transition 34 11 47 0.12654884939164424 0.37435098650051923
transition 34 11 23 -0.693532097386726 0.20301142263759087
transition 34 11 38 -0.564106188121315 0.4226375908618899
transition 34 12 42 -0.28251795603342433 0.13767281105990783
transition 34 12 36 0.12581043279145931 0.39055299539170507
transition 34 12 46 -0.9095991917441812 0.22350230414746544
transition 34 12 38 0.14124235358996007 0.24827188940092165
transition 34 13 16 0.6419291978627741 0.050569602667407614
transition 34 13 41 -0.9663164152752124 0.22867463184217837
transition 34 13 0 0.9349369560542975 0.11364267852181162
transition 34 13 35 -0.7531415556808176 0.26146151708808
transition 34 13 38 0.2487202294063653 0.34565156988052237
transition 34 14 25 -0.1796521479317872 0.36363636363636365
transition 34 14 40 -0.4696736070842882 0.3786096256684492
transition 34 14 38 -0.03469800877050799 0.25775401069518716
transition 34 15 20 -0.8464768682784864 0.1769876148621654
transition 34 15 23 -0.46202779539961303 0.20655213743507791
transition 34 15 43 -0.509274371438156 0.3371953655613264
transition 34 15 38 0.45851690795557887 0.2792648821414303
transition 34 16 47 0.03179084007928967 0.05492589363557106
transition 34 16 29 0.4255825976041685 0.14385353095030515
transition 34 16 46 -0.4093229700522034 0.21447253705318223
transition 34 16 21 -0.5525310942643795 0.0967741935483871
transition 34 16 38 0.3274211219386425 0.4899738448125545
transition 34 17 38 0.05323897974289471 1.0
transition 34 18 32 0.06535758400046854 0.10650191232715504
transition 34 18 28 0.9510012443951146 0.24507208002353634
transition 34 18 41 0.586744445824191 0.186525448661371
transition 34 18 26 0.5381548358917783 0.22741982936157693
transition 34 18 38 -0.5321999026315976 0.23448072962636068
transition 34 19 15 0.025938548405312067 0.22337962962962962
transition 34 19 49 -0.8129264486364136 0.35532407407407407
transition 34 19 38 -0.9216771989349641 0.4212962962962963
transition 35 0 32 -0.04239297658845165 0.39070567986230637
transition 35 0 40 0.024182178316381808 0.2977624784853701
transition 35 0 43 -0.8637514657593319 0.31153184165232356
transition 35 1 43 0.08807871822339841 1.0
transition 35 2 41 -0.49858567162240663 0.7136075949367089
transition 35 2 43 0.7679348260447023 0.28639240506329117
transition 35 3 43 0.3266719962400797 1.0
transition 35 4 32 0.8388973846606391 0.7673819742489271
transition 35 4 43 -0.3571274259009358 0.23261802575107296
transition 35 5 43 -0.8082923331115845 1.0
transition 35 6 35 -0.5396445553112801 0.49488229273285567
transition 35 6 10 0.1842636953001715 0.05834186284544524
transition 35 6 43 -0.46122264039018157 0.4467758444216991
transition 35 7 25 0.5013413286959274 0.2875341219290264
transition 35 7 0 -0.39926731351254174 0.08613891416439187
transition 35 7 46 -0.4209574850247233 0.00272975432211101
transition 35 7 1 -0.9296209449295361 0.28874734607218683
transition 35 7 43 -0.38826674126376814 0.3348498635122839
transition 35 8 44 0.09582689055534055 0.37725321888412017
transition 35 8 32 0.6442719606350082 0.30085836909871244
transition 35 8 43 -0.2749051589097731 0.3218884120171674
transition 35 9 45 -0.8326990153632277 0.15481171548117154
transition 35 9 23 0.3146037919053739 0.4110878661087866
transition 35 9 43 -0.6572708751608434 0.4341004184100418
transition 35 10 43 0.08953156712950916 1.0
transition 35 11 42 0.8713893066267724 0.27213578500707214
transition 35 11 41 -0.06169868309347648 0.23507779349363508
transition 35 11 43 -0.4398107599269654 0.4927864214992928
transition 35 12 16 -0.7700560264100349 0.800836820083682
transition 35 12 43 0.9463208061686279 0.199163179916318
transition 35 13 43 -0.6420199796422019 1.0
transition 35 14 43 -0.7391913559305581 1.0
transition 35 15 38 -0.713394292487225 0.1570773032121426
transition 35 15 34 -0.7202945432828758 0.28803388633956933
transition 35 15 2 0.24761544417535153 0.22308506883162724
transition 35 15 43 0.051773625950886304 0.33180374161666076
transition 35 16 48 0.7766345621060589 0.6144144144144145
transition 35 16 43 0.43573923501812817 0.3855855855855856
transition 35 17 22 0.040899171739153584 0.39454646633277685
transition 35 17 1 0.5968515829295833 0.03171953255425709
transition 35 17 14 -0.08198034597278614 0.2776850306065665
transition 35 17 43 -0.10254324182952534 0.29604897050639956
transition 35 18 43 0.8456426850447643 1.0
transition 35 19 40 0.44994649900387085 0.08015478164731896
transition 35 19 18 -0.2673724882663786 0.27059148700939745
transition 35 19 4 0.9709391365640256 0.1843559977888336
transition 35 19 46 0.2459392679308936 0.1630735212824765
transition 35 19 43 -0.8049728552824476 0.3018242122719735
transition 37 0 13 -0.18403769392408176 0.5268414481897628
transition 37 0 44 -0.36858257015676865 0.19288389513108614
transition 37 0 29 0.9084521232416347 0.2802746566791511
transition 37 1 29 0.2564293190570772 1.0
transition 37 2 38 0.7201714802483437 0.38857142857142857
transition 37 2 34 -0.7939577905813371 0.11828571428571429
transition 37 2 29 -0.19138219505442833 0.49314285714285716
transition 37 3 46 -0.5053900655803414 0.1359773371104816
transition 37 3 13 0.3839069394236252 0.22482616533608035
transition 37 3 22 -0.6996784583855322 0.17125933556528458
transition 37 3 29 0.7272489993351341 0.4679371619881535
transition 37 4 29 -0.518870075290286 1.0
transition 37 5 9 0.6337474102787333 0.6696035242290749
transition 37 5 29 -0.9946978456715694 0.3303964757709251
transition 37 6 46 -0.3316451584024107 0.769742310889443
transition 37 6 29 0.9389406554514796 0.23025768911055694
transition 37 7 13 -0.4383487172558236 0.8362068965517241
transition 37 7 29 -0.5559111840505608 0.16379310344827586
transition 37 8 23 -0.6707462487834177 0.15967016491754124
transition 37 8 10 0.4660171582722479 0.6476761619190404
transition 37 8 29 0.9629834192665137 0.1926536731634183
transition 37 9 42 0.1812359348509749 0.1891891891891892
transition 37 9 5 0.9097043287231723 0.11695766563023201
transition 37 9 30 0.6236647001757969 0.11934943793350873
transition 37 9 32 -0.365720649614657 0.2243482420473571
transition 37 9 29 -0.5835329648421705 0.35015546519971297
transition 37 10 44 -0.9161247536145904 0.09176717357105402
transition 37 10 2 0.2784588065978506 0.2585212375458836
transition 37 10 42 -0.4402370410940173 0.12165705296276874
transition 37 10 37 -0.12830177196783654 0.33245936025170425
transition 37 10 29 0.7828426955815175 0.19559517566858942
transition 37 11 44 0.2910893559065457 0.1699826989619377
transition 37 11 21 0.21375942784633906 0.3408304498269896
transition 37 11 29 -0.4695817812282803 0.48918685121107264
transition 37 12 29 0.1120867195809021 1.0
transition 37 13 2 -0.943787716575937 0.5277127244340359
transition 37 13 29 0.7660570652406882 0.4722872755659641
transition 37 14 20 0.296213976141267 0.54337899543379
transition 37 14 29 0.27861084603737196 0.45662100456621
transition 37 15 29 -0.8509702553960874 1.0
transition 37 16 29 -0.09038374313784292 1.0
transition 37 17 9 0.08504682431665267 0.09240622140896615
transition 37 17 22 0.26932326579787724 0.28545288197621227
transition 37 17 26 -0.3417913066999567 0.4222323879231473
transition 37 17 29 0.5940227378925327 0.19990850869167429
transition 37 18 16 -0.5983662097011611 0.5664187035069076
transition 37 18 29 -0.8557665471284124 0.43358129649309246
transition 37 19 6 -0.08228218495821671 0.5907216494845361
transition 37 19 29 0.5696946335150508 0.4092783505154639
transition 38 0 49 -0.050129848354536266 0.72
transition 38 0 18 0.2520115546470898 0.28
transition 38 1 18 0.9023831102338116 1.0
transition 38 2 18 -0.5179147234597368 1.0
transition 38 3 49 -0.9708008675128568 0.11048281861678991
transition 38 3 7 0.18387970211001137 0.18616789908655937
transition 38 3 26 0.6029812357914262 0.26359286646367985
transition 38 3 18 0.9565584979552211 0.43975641583297087
transition 38 4 16 0.9897713039112825 0.6247600767754319
transition 38 4 18 -0.18877392026600082 0.3752399232245681
transition 38 5 18 -0.32229566477900917 1.0
transition 38 6 26 0.16461764361210185 0.14696058784235136
transition 38 6 12 -0.6590712347865408 0.23012692050768202
transition 38 6 30 0.2742176194512784 0.134936539746159
transition 38 6 20 0.9090126294250098 0.21710086840347362
transition 38 6 18 0.9789158624928451 0.270875083500334
transition 38 7 16 0.35137019719746365 0.44752358490566035
transition 38 7 29 -0.5063316615167823 0.2535377358490566
transition 38 7 18 -0.8323673468873352 0.298938679245283
transition 38 8 40 -0.2929992162881174 0.2270123605667772
transition 38 8 21 0.5633452472637479 0.29394030750678324
transition 38 8 18 -0.9178622559455512 0.47904733192643956
transition 38 9 30 -0.22210101048093622 0.12570929725010913
transition 38 9 11 -0.2815137482094072 0.05063291139240506
transition 38 9 12 -0.9572692901313584 0.1789611523352248
transition 38 9 39 -0.20256761878575147 0.1628109995635094
transition 38 9 18 -0.2502322176223615 0.4818856394587516
transition 38 10 15 -0.22342761385081555 0.19940769990128332
transition 38 10 28 0.11536318011458468 0.4901283316880553
transition 38 10 18 -0.1749789108728277 0.31046396841066143
transition 38 11 0 0.06740090934482179 0.684596577017115
transition 38 11 18 -0.3797024062462808 0.3154034229828851
transition 38 12 44 -0.3257291424924129 0.6363636363636364
transition 38 12 18 0.9907941456286422 0.36363636363636365
transition 38 13 5 0.6868752336725328 0.2794302471721827
transition 38 13 14 0.15879712632790266 0.35735232509426057
transition 38 13 48 0.22858661764892463 0.02932551319648094
transition 38 13 18 0.606829122812045 0.33389191453707584
transition 38 14 27 0.6302157808117683 0.12732394366197183
transition 38 14 12 0.4296200227692435 0.02873239436619718
transition 38 14 33 -0.11686721334161043 0.10112676056338028
transition 38 14 40 0.8752936416908026 0.2476056338028169
transition 38 14 18 -0.13524057565688374 0.4952112676056338
transition 38 15 6 0.6357709319535338 0.7058823529411765
transition 38 15 18 0.4226219068744397 0.29411764705882354
transition 38 16 35 0.9118269086218664 0.8362831858407079
transition 38 16 18 -0.0049667795324739306 0.16371681415929204
transition 38 17 35 0.39856793764863974 0.3575949367088608
transition 38 17 49 -0.7700376912549058 0.15415913200723327
transition 38 17 29 -0.9704132437523703 0.07278481012658228
transition 38 17 18 -0.5624398562470911 0.4154611211573237
transition 38 18 34 0.6744805255352277 0.5742633794347565
transition 38 18 18 -0.07563157758998695 0.42573662056524353
transition 38 19 2 -0.2649666637918313 0.1332635618349904
transition 38 19 33 -0.19337732321033663 0.09314495028780743
transition 38 19 38 0.7868558445063616 0.14163614163614163
transition 38 19 3 0.5253824762160886 0.16099773242630386
transition 38 19 18 -0.08361944833749346 0.47095761381475665
transition 39 0 47 0.17725582084651093 0.13847675568743817
transition 39 0 40 -0.971083561573961 0.13814704912627762
transition 39 0 4 -0.9694874953643013 0.12462908011869436
transition 39 0 29 -0.5481625352882866 0.120342894823607
transition 39 0 26 -0.2315164342037499 0.4784042202439829
transition 39 1 26 0.14367797218593048 1.0
transition 39 2 34 -0.9945772906339501 0.3301635602890833
transition 39 2 35 0.16457109261118208 0.2826169646253328
transition 39 2 26 0.24136347014177373 0.38721947508558385
transition 39 3 35 -0.1928182284331219 0.3473095737246681
transition 39 3 23 -0.26841061425670465 0.12718378756114604
transition 39 3 49 -0.29671470023847135 0.031097134870719776
transition 39 3 26 0.4604690489221648 0.4944095038434661
transition 39 4 29 -0.21932972855764166 0.012148337595907928
transition 39 4 4 0.00716684684479163 0.260230179028133
transition 39 4 25 0.18760751679887133 0.05754475703324808
transition 39 4 23 -0.45234745088306005 0.19373401534526855
transition 39 4 26 -0.09827245054731693 0.47634271099744246
transition 39 5 27 0.776555620036053 0.2961077844311377
transition 39 5 15 -0.3435065497243617 0.21437125748502994
transition 39 5 26 -0.15503231857575894 0.48952095808383234
transition 39 6 1 -0.19911964420355455 0.5
transition 39 6 26 0.6682549209170063 0.5
transition 39 7 48 -0.44967137478780717 0.05333804309431296
transition 39 7 44 0.6609067758680793 0.32779936418226774
transition 39 7 22 -0.1817540721338875 0.24938184387142354
transition 39 7 26 -0.29074176655923845 0.3694807488519958
transition 39 8 26 0.6179321616987996 1.0
transition 39 9 30 0.31159601399777026 0.4266792809839167
transition 39 9 7 0.15116677253245991 0.10359508041627247
transition 39 9 26 -0.9265305785875517 0.46972563859981076
transition 39 10 26 -0.12080335159914979 1.0
transition 39 11 1 0.6802938605647622 0.6187198898830006
transition 39 11 26 -0.8533759515630941 0.3812801101169993
transition 39 12 32 -0.10388008648089442 0.05390070921985816
transition 39 12 48 0.5523138718171383 0.4475177304964539
transition 39 12 12 0.5990007901574139 0.2765957446808511
transition 39 12 26 0.4376927360571998 0.22198581560283687
transition 39 13 34 0.12385564531772664 0.2821869488536155
transition 39 13 25 0.6591372481385032 0.25970017636684306
transition 39 13 33 0.5012578526554567 0.0992063492063492
transition 39 13 3 0.9582053621779474 0.07848324514991181
transition 39 13 26 0.06913974741385243 0.2804232804232804
transition 39 14 43 0.148040601163405 0.7316715542521994
transition 39 14 26 -0.7832296010776558 0.26832844574780057
transition 39 15 27 -0.8664560795003005 0.188422247446084
transition 39 15 24 0.5297415002397152 0.1273174423004162
transition 39 15 31 0.3671866107706929 0.18047673098751418
transition 39 15 25 -0.8415706520447268 0.01872871736662883
transition 39 15 26 0.5664081572630033 0.4850548618993568
transition 39 16 39 0.6402670312878036 0.10437859354268023
transition 39 16 44 -0.6694553733182358 0.011499336576735958
transition 39 16 40 0.9678555278132577 0.07695709862892526
transition 39 16 28 0.9858023452891378 0.3993808049535604
transition 39 16 26 0.514110404645219 0.40778416629809816
transition 39 17 30 -0.1782503421068462 0.26193001060445387
transition 39 17 15 -0.6406035949297266 0.0816542948038176
transition 39 17 48 -0.37003428802788263 0.20431247790738777
transition 39 17 41 -0.5758687518450247 0.28525980911983034
transition 39 17 26 0.5302508304107016 0.16684340756451044
transition 39 18 35 -0.9336608885259818 0.6155251141552511
transition 39 18 26 -0.1329266106727427 0.38447488584474887
transition 39 19 3 0.15418618340658408 0.8333333333333334
transition 39 19 26 -0.9201855800779999 0.16666666666666666
transition 40 0 23 -0.22803660645168033 0.02480916030534351
transition 40 0 4 0.6325400401052879 0.1494910941475827
transition 40 0 6 0.6165826455905712 0.3606870229007634
transition 40 0 13 0.10320822209736757 0.46501272264631044
transition 40 1 6 0.25327533505232025 0.6043956043956044
transition 40 1 13 0.3308545592267116 0.3956043956043956
transition 40 2 20 -0.003125451470310292 0.3111111111111111
transition 40 2 26 0.21833137663087876 0.3176470588235294
transition 40 2 32 -0.7332272795533414 0.023965141612200435
transition 40 2 13 -0.24639017206807345 0.34727668845315907
transition 40 3 13 -0.7720020283652873 1.0
transition 40 4 5 -0.7255611671137707 0.6275811209439528
transition 40 4 47 -0.4839946920333871 0.10471976401179942
transition 40 4 13 -0.6543446277736278 0.2676991150442478
transition 40 5 48 -0.1557149112099585 0.32484311554079
transition 40 5 2 0.7670758058865816 0.3433001107419712
transition 40 5 13 -0.8725251334366326 0.3318567737172388
transition 40 6 6 0.08908669521314261 0.759469696969697
transition 40 6 13 -0.02810648066138599 0.24053030303030304
transition 40 7 13 -0.7286697750192992 1.0
transition 40 8 13 0.909064410608204 1.0
transition 40 9 33 -0.19788888193343568 0.8039702233250621
transition 40 9 13 -0.8531351777049958 0.19602977667493796
transition 40 10 12 0.6094664765208044 0.3113490364025696
transition 40 10 26 0.2260497645948254 0.36873661670235547
transition 40 10 5 0.47128319120707673 0.14089935760171307
transition 40 10 13 0.9867667270246641 0.17901498929336188
transition 40 11 2 -0.9335549065100599 0.7231833910034602
transition 40 11 13 0.9878374624424497 0.2768166089965398
transition 40 12 33 -0.940277670048189 0.17405063291139242
transition 40 12 17 0.5296137508397403 0.10970464135021098
transition 40 12 30 -0.980353909332865 0.07348804500703235
transition 40 12 23 0.657392481555751 0.16350210970464135
transition 40 12 13 -0.5800908318299098 0.4792545710267229
transition 40 13 18 -0.6833360989808082 0.291044776119403
transition 40 13 44 0.6309022477261106 0.22036874451273047
transition 40 13 3 -0.2750808223338701 0.10535557506584724
transition 40 13 13 -0.45672613930967443 0.38323090430201934
transition 40 14 27 -0.0341851259398549 0.6757446808510639
transition 40 14 13 -0.21886112884678233 0.3242553191489362
transition 40 15 13 -0.40994188910374074 1.0
transition 40 16 12 0.9628664194899752 0.6072902338376891
transition 40 16 41 0.7489915079909808 0.1829436038514443
transition 40 16 13 -0.8837631202265683 0.2097661623108666
transition 40 17 11 -0.27664942906461376 0.359466221851543
transition 40 17 28 0.7154866603385341 0.3623853211009174
transition 40 17 34 0.0699687332375134 0.048790658882402
transition 40 17 13 -0.14101434738032692 0.22935779816513763
transition 40 18 13 0.4598386740988394 1.0
transition 40 19 20 -0.5601897752397442 0.032175032175032175
transition 40 19 15 0.28151911331617785 0.2277992277992278
transition 40 19 25 -0.7206779276479538 0.2631917631917632
transition 40 19 13 0.35085286801524385 0.4768339768339768
transition 42 0 24 0.9075121269511603 0.39339513325608344
transition 42 0 19 0.7410325074783113 0.4316338354577057
transition 42 0 15 -0.4909050850317138 0.1749710312862109
transition 42 1 19 0.6387680066319699 0.14264834843612978
transition 42 1 45 -0.022607694034918246 0.17947968430283542
transition 42 1 25 -0.3029147732725621 0.17860274773458054
transition 42 1 15 -0.8833339564254514 0.49926921952645426
transition 42 2 10 -0.4626966061360145 0.11877762829137037
transition 42 2 46 -0.864970374956562 0.17816644243705554
transition 42 2 47 -0.8989388027198202 0.12550451662502402
transition 42 2 42 -0.6704713991805535 0.18354795310397848
transition 42 2 15 -0.6137398921244912 0.3940034595425716
transition 42 3 15 -0.08692193711697649 1.0
transition 42 4 5 -0.5243401030373966 0.1840277777777778
transition 42 4 7 0.3706354156657701 0.26493055555555556
transition 42 4 36 0.8362963649280639 0.09479166666666666
transition 42 4 20 0.9706987740089106 0.19340277777777778
transition 42 4 15 0.6464743999744835 0.26284722222222223
transition 42 5 45 -0.9852374968231332 0.13639181649101054
transition 42 5 11 -0.7327546511871872 0.17327960322380656
transition 42 5 16 -0.68494161952253 0.19714817110973343
transition 42 5 15 0.25266077539877174 0.4931804091754495
transition 42 6 25 -0.6389317474700231 0.10970677451971689
transition 42 6 16 0.19371378942580564 0.4160768452982811
transition 42 6 46 -0.9242428871054125 0.18806875631951467
transition 42 6 15 -0.2842242640533963 0.2861476238624874
transition 42 7 14 -0.033221763490211664 0.2655625356938892
transition 42 7 13 0.46017185966377605 0.01770416904625928
transition 42 7 29 0.7574676359879557 0.14648772130211307
transition 42 7 36 0.7679984225854355 0.19845802398629356
transition 42 7 15 -0.2570756795564708 0.37178754997144486
transition 42 8 18 0.6400414076421912 0.18401937046004843
transition 42 8 33 -0.6154094116203752 0.029055690072639227
transition 42 8 46 0.36677042043878405 0.07990314769975787
transition 42 8 32 0.6126939308601971 0.2106537530266344
transition 42 8 15 0.2946316606031185 0.4963680387409201
transition 42 9 0 0.3424500094701137 0.5930388219544847
transition 42 9 15 0.2744124603430309 0.4069611780455154
transition 42 10 15 0.6293272182374188 1.0
transition 42 11 14 -0.7046184270664844 0.032567049808429116
transition 42 11 0 -0.5797153117014395 0.1053639846743295
transition 42 11 42 -0.16988311396115052 0.2359514687100894
transition 42 11 31 0.059188032424494885 0.15964240102171137
transition 42 11 15 0.9419757731894225 0.4664750957854406
transition 42 12 5 0.8819796110105116 0.49752168525402723
transition 42 12 31 0.490849407412683 0.09045848822800495
transition 42 12 15 0.6399489114508179 0.41201982651796776
transition 42 13 23 -0.7674933205253265 0.15680473372781065
transition 42 13 38 -0.9478313627307706 0.1247534516765286
transition 42 13 9 0.7019549196316599 0.06928007889546352
transition 42 13 4 0.3532019141768157 0.23545364891518739
transition 42 13 15 0.1770589351587173 0.41370808678500987
transition 42 14 7 -0.2622536969322373 0.1963453959154425
transition 42 14 47 -0.12120347278345855 0.34324614833393047
transition 42 14 15 -0.033347357272982325 0.460408455750627
transition 42 15 40 -0.9256810759917753 0.45801133436373004
transition 42 15 0 -0.8254353434182502 0.04688304997424008
transition 42 15 15 -0.4335475460449336 0.4951056156620299
transition 42 16 16 0.6802216008608595 0.48617256637168144
transition 42 16 44 0.8317370949084617 0.023783185840707963
transition 42 16 15 -0.12083139434467882 0.49004424778761063
transition 42 17 0 -0.31767806710769797 0.701853344077357
transition 42 17 15 -0.10357326992486082 0.29814665592264306
transition 42 18 45 0.1103499352732824 0.17483074472321783
transition 42 18 49 0.35976376760592155 0.10951812027080844
transition 42 18 7 -0.788515350315149 0.14097968936678615
transition 42 18 47 -0.6254641540670982 0.22301871764237355
transition 42 18 15 0.9610287347358237 0.351652727996814
transition 42 19 25 -0.42040549835469165 0.13335666783339167
transition 42 19 41 0.6755349058896718 0.22926146307315365
transition 42 19 38 -0.5675037931963716 0.33006650332516624
transition 42 19 15 -0.7380650814447633 0.30731536576828844
transition 43 0 29 -0.5222229810853936 0.17277676950998186
transition 43 0 1 -0.006808185967819513 0.35535390199637024
transition 43 0 41 0.9902032733000659 0.15535390199637023
transition 43 0 49 -0.43202813665693474 0.1411978221415608
transition 43 0 20 -0.3789571910151459 0.1753176043557169
transition 43 1 21 -0.34893827127846855 0.4258168184252812
transition 43 1 33 -0.4524705679789547 0.292447777182646
transition 43 1 20 0.053170903845906725 0.28173540439207284
transition 43 2 40 0.02761648191113042 0.1470378301213419
transition 43 2 39 0.23629722060233327 0.1966452533904354
transition 43 2 36 0.0598481770169621 0.13882940756602427
transition 43 2 29 0.38634066865480654 0.07244825124910778
transition 43 2 20 0.9720034935235802 0.44503925767309066
transition 43 3 20 0.6891797327722846 1.0
transition 43 4 20 0.8374080159360828 1.0
transition 43 5 20 -0.9234126199181658 1.0
transition 43 6 34 0.8200774231957044 0.08413836086008102
transition 43 6 46 0.12968929398655038 0.14521657837332502
transition 43 6 44 0.507018593073705 0.20504830165160487
transition 43 6 12 0.5884654553869326 0.1953879713306326
transition 43 6 20 0.7079693305950405 0.3702087877843565
transition 43 7 16 0.8969824260816375 0.7415730337078652
transition 43 7 20 0.8160586806010324 0.25842696629213485
transition 43 8 48 -0.6684082458061966 0.6458699472759226
transition 43 8 29 -0.12024720325710536 0.18453427065026362
transition 43 8 20 0.5370154194830568 0.1695957820738137
transition 43 9 28 -0.9670209717032612 0.26409957215091406
transition 43 9 24 -0.6421795696050725 0.025281991443018282
transition 43 9 2 0.8698781425181161 0.24970828471411902
transition 43 9 20 -0.5971101796971459 0.46091015169194866
transition 43 10 42 0.5311247982769616 0.16146945749679625
transition 43 10 24 0.5750564975869672 0.16979923109782144
transition 43 10 26 -0.06861895158241826 0.18667236223835967
transition 43 10 17 0.9611439872045637 0.1319948739854763
transition 43 10 20 0.37596467613777906 0.35006407518154636
transition 43 11 20 0.8328825313504407 1.0
transition 43 12 20 -0.2841700764201507 1.0
transition 43 13 20 0.25802194022108416 1.0
transition 43 14 49 -0.19089387529988255 0.30651619949035314
transition 43 14 29 -0.8083540405351151 0.3119767018565708
transition 43 14 20 -0.17815931172834132 0.3815070986530761
transition 43 15 23 -0.6197087846336147 0.8263888888888888
transition 43 15 20 0.5321845750873992 0.1736111111111111
transition 43 16 35 -0.43273470672463077 0.25969125214408234
transition 43 16 19 0.26984359057927265 0.023327615780445968
transition 43 16 41 -0.5047945424279972 0.11355060034305317
transition 43 16 34 0.952340517406715 0.3084048027444254
transition 43 16 20 0.08505601555094389 0.2950257289879931
transition 43 17 25 -0.8383632701125052 0.6549707602339181
transition 43 17 5 -0.980627248595678 0.04678362573099415
transition 43 17 20 -0.8692262157277673 0.2982456140350877
transition 43 18 7 0.4044297064194302 0.5296420581655481
transition 43 18 20 0.015174273058648824 0.4703579418344519
transition 43 19 26 0.4606135768420285 0.23741661613098847
transition 43 19 38 -0.7433153478603327 0.26288659793814434
transition 43 19 2 -0.37153259663576166 0.14736203759854458
transition 43 19 20 -0.8957380144846572 0.35233474833232264
transition 44 0 36 -0.9604357923106333 0.22669383596535914
transition 44 0 17 -0.19540094901911376 0.33774834437086093
transition 44 0 14 0.018170142234357423 0.43555781966377993
transition 44 1 36 -0.01423498138510193 0.15063778092731323
transition 44 1 49 -0.8725325406590141 0.04737801174326787
transition 44 1 43 -0.986714305766762 0.15407977323344807
transition 44 1 9 -0.38137695107059577 0.17938854019032194
transition 44 1 14 0.5361212974156278 0.4685158939056489
transition 44 2 28 -0.1436160407031366 0.004873294346978557
transition 44 2 41 0.9378977952847867 0.48050682261208577
transition 44 2 46 0.8500696464296673 0.003898635477582846
transition 44 2 29 -0.14947955728219053 0.1881091617933723
transition 44 2 14 0.5608331894851355 0.3226120857699805
transition 44 3 28 0.8731687680436697 0.6912751677852349
transition 44 3 14 0.4863131017526745 0.3087248322147651
transition 44 4 47 0.08566887614956809 0.6245059288537549
transition 44 4 14 0.9178149449046098 0.37549407114624506
transition 44 5 23 -0.45398070751428476 0.026343519494204427
transition 44 5 39 0.8358571255717484 0.19599578503688092
transition 44 5 0 0.2558467853982669 0.285563751317176
transition 44 5 26 0.35985860312923523 0.19072708113804004
transition 44 5 14 0.7881080941427971 0.3013698630136986
transition 44 6 8 0.3126903790171689 0.6380597014925373
transition 44 6 14 0.6303348666831861 0.3619402985074627
transition 44 7 20 0.5198665534711249 0.1808
transition 44 7 3 0.49282262917847564 0.4010666666666667
transition 44 7 14 -0.6156469475318358 0.41813333333333336
transition 44 8 14 -0.2924034489605656 1.0
transition 44 9 30 -0.35984780457246157 0.17096265123619148
transition 44 9 38 0.5066963614875717 0.46081009994739613
transition 44 9 14 -0.1315961206543712 0.3682272488164124
transition 44 10 15 0.9011420351849266 0.42676211453744495
transition 44 10 23 0.9807279971249179 0.2813876651982379
transition 44 10 22 0.8188360033885835 0.005506607929515419
transition 44 10 25 0.3893011913466278 0.07819383259911894
transition 44 10 14 0.020526397378108685 0.20814977973568283
transition 44 11 28 0.9757616264587428 0.5727554179566563
transition 44 11 14 -0.6445241166415854 0.42724458204334365
transition 44 12 38 0.7866963870532915 0.5458879618593564
transition 44 12 14 -0.8349339030430467 0.4541120381406436
transition 44 13 29 0.8267287033769766 0.5988909426987061
transition 44 13 39 0.9342452562926646 0.059149722735674676
transition 44 13 14 -0.7141041783614168 0.3419593345656192
transition 44 14 4 0.85955913481198 0.0999487442337263
transition 44 14 11 -0.10841812585244504 0.35981547924141466
transition 44 14 42 -0.7986079768441328 0.10661199384930804
transition 44 14 14 0.09543929645319871 0.433623782675551
transition 44 15 44 -0.26964144334366513 0.1734357848518112
transition 44 15 19 0.09735774646249729 0.4994511525795829
transition 44 15 2 -0.32016561420486567 0.1251372118551043
transition 44 15 14 -0.7164003136878367 0.20197585071350166
transition 44 16 14 0.5042745593293139 1.0
transition 44 17 10 0.43100953459065017 0.06038394415357766
transition 44 17 1 -0.19832123112332578 0.1856893542757417
transition 44 17 39 0.5714106256428775 0.34101221640488655
transition 44 17 14 -0.5010907280927839 0.41291448516579404
transition 44 18 10 -0.8770220682503409 0.1483695652173913
transition 44 18 35 -0.38912514388484154 0.10869565217391304
transition 44 18 13 -0.8109395672121729 0.2728260869565217
transition 44 18 7 -0.27954944922833747 0.2565217391304348
transition 44 18 14 0.22104274642822053 0.21358695652173912
transition 44 19 20 0.03921790900587374 0.275320970042796
transition 44 19 25 0.3053315530120848 0.31062767475035663
transition 44 19 14 -0.4151674296913217 0.4140513552068474
transition 45 0 42 0.4759509651609166 1.0
transition 45 1 14 0.13863952228028809 0.2789400278940028
transition 45 1 2 0.6929992982702089 0.05299860529986053
transition 45 1 18 0.9771873034913241 0.1806136680613668
transition 45 1 43 -0.0604505195752294 0.24686192468619247
transition 45 1 42 -0.16081696540274804 0.2405857740585774
transition 45 2 6 -0.8944652805350113 0.25746753246753246
transition 45 2 26 0.37074571211834706 0.19383116883116883
transition 45 2 24 0.22751186110450883 0.06753246753246753
transition 45 2 10 -0.11363842257236101 0.14902597402597403
transition 45 2 42 -0.47468941222994876 0.33214285714285713
transition 45 3 42 0.7285352421854563 1.0
transition 45 4 2 -0.015685957782618942 0.29649778986739206
transition 45 4 15 -0.2659537638567746 0.277796667800068
transition 45 4 42 0.7076804995871082 0.42570554233253993
transition 45 5 20 0.30400000746451505 0.41739577972207925
transition 45 5 30 0.3561106895947419 0.3988677303139475
transition 45 5 42 -0.6776025301624835 0.18373648996397324
transition 45 6 44 -0.9479072822286205 0.24727175938248602
transition 45 6 47 -0.3053030164630348 0.21027415491083312
transition 45 6 7 0.7017701715658489 0.2328985892999734
transition 45 6 14 -0.692043798743794 0.04338568006388076
transition 45 6 42 0.797026495067723 0.2661698163428267
transition 45 7 41 -0.4416821558251851 0.8042381432896064
transition 45 7 42 0.201623273363696 0.19576185671039353
transition 45 8 40 -0.2511701059643714 0.13257243195785778
transition 45 8 28 0.19288125105186782 0.5100965759438104
transition 45 8 42 -0.35345287370862577 0.35733099209833186
transition 45 9 42 0.46140516247720287 1.0
transition 45 10 7 -0.24054438073984752 0.10050022737608004
transition 45 10 36 -0.7863295750497752 0.307412460209186
transition 45 10 23 0.8523380025672171 0.15279672578444747
transition 45 10 48 -0.45263955851933724 0.14643019554342884
transition 45 10 42 -0.9000127689950872 0.2928603910868577
transition 45 11 28 0.741397402995942 0.8098522167487685
transition 45 11 42 -0.8939570854709638 0.19014778325123152
transition 45 12 38 0.7630188602382362 0.28914348063284234
transition 45 12 44 -0.007365211273413053 0.19749045280960176
transition 45 12 12 -0.7509657004838375 0.2198581560283688
transition 45 12 42 -0.47127574812092177 0.2935079105291871
transition 45 13 13 0.22747574195651876 0.17062818336162988
transition 45 13 17 -0.09561324883932842 0.15647990945104698
transition 45 13 2 0.06544845656689335 0.18222976796830787
transition 45 13 42 -0.6975432410177094 0.4906621392190153
transition 45 14 42 -0.5309031589349749 1.0
transition 45 15 37 -0.3771454027129424 0.3647746243739566
transition 45 15 5 -0.4866844195717661 0.13898163606010017
transition 45 15 42 0.6560900760440318 0.49624373956594325
transition 45 16 18 0.34129864288582357 0.17388451443569553
transition 45 16 17 -0.8875333519321285 0.16819772528433946
transition 45 16 47 -0.07491926431077256 0.21806649168853892
transition 45 16 21 0.9798455360420264 0.18132108486439194
transition 45 16 42 -0.452488803304133 0.2585301837270341
transition 45 17 42 0.9881362289797386 1.0
transition 45 18 19 -0.9277521154005561 0.7996070726915521
transition 45 18 42 -0.24592396850538778 0.20039292730844793
transition 45 19 4 -0.9530887498331639 0.09050664043285785
transition 45 19 44 0.12446668443882558 0.17019183472700442
transition 45 19 26 0.922189758847419 0.3010329562223315
transition 45 19 48 0.26654684380394245 0.046237088047220855
transition 45 19 42 -0.610345853012189 0.39203148057058534
transition 46 0 41 -0.6480238681975667 0.6238938053097345
transition 46 0 4 -0.8975992726252298 0.37610619469026546
transition 46 1 4 0.08206792277895825 1.0
transition 46 2 4 0.13772487215293694 1.0
transition 46 3 14 0.2412710000466034 0.6434359805510534
transition 46 3 11 -0.08557281256999083 0.04376012965964344
transition 46 3 4 -0.5167180559585531 0.31280388978930307
transition 46 4 7 -0.2475214462625146 0.030641466208476516
transition 46 4 12 -0.8158107492843731 0.25143184421534936
transition 46 4 37 -0.3526091761528636 0.25171821305841924
transition 46 4 14 -0.03390376268959572 0.02491408934707904
transition 46 4 4 -0.3628989694398068 0.4412943871706758
transition 46 5 19 -0.08634241377052732 0.05454545454545454
transition 46 5 3 -0.7805788660343893 0.4553030303030303
transition 46 5 4 -0.3981044404259029 0.49015151515151517
transition 46 6 34 -0.3867484912491126 0.11135113904163393
transition 46 6 26 0.21374032706361867 0.1370777690494894
transition 46 6 27 0.8487690638647092 0.1800864100549882
transition 46 6 9 0.45322229558067173 0.17242733699921445
transition 46 6 4 0.6523863083633012 0.399057344854674
transition 46 7 26 -0.4241588203203406 0.6129629629629629
transition 46 7 4 -0.10375364772622575 0.387037037037037
transition 46 8 30 -0.40485859348603137 0.06721698113207547
transition 46 8 3 -0.002167459073300737 0.055031446540880505
transition 46 8 14 0.8075226081231826 0.3113207547169811
transition 46 8 5 0.5750526253613713 0.3632075471698113
transition 46 8 4 0.6729329435812919 0.20322327044025157
transition 46 9 4 0.5166039982555408 1.0
transition 46 10 4 -0.42573345839194876 1.0
transition 46 11 26 -0.8956047342606432 0.6408912188728703
transition 46 11 4 -0.023899463738592752 0.35910878112712974
transition 46 12 15 0.9919643913863918 0.23548922056384744
transition 46 12 40 0.6085460975321364 0.43781094527363185
transition 46 12 4 -0.2845681308433947 0.32669983416252074
transition 46 13 41 0.5968275008339385 0.2770056854074542
transition 46 13 36 0.45471267604600696 0.27763739734680987
transition 46 13 4 0.2574523599251135 0.44535691724573595
transition 46 14 6 -0.8794676014632992 0.21015314804310833
transition 46 14 31 0.138141568298501 0.14322178105501984
transition 46 14 28 0.9788134498446888 0.2311401020986954
transition 46 14 39 0.5351077642155837 0.1951219512195122
transition 46 14 4 -0.26767324051131824 0.22036301758366422
transition 46 15 41 0.1220362258969312 0.17292929292929293
transition 46 15 48 0.1570561388905496 0.19474747474747475
transition 46 15 44 -0.4042426865444557 0.17292929292929293
transition 46 15 4 -0.7337697925946163 0.4593939393939394
transition 46 16 18 0.3637470490517858 0.7040816326530612
transition 46 16 4 0.7107163936695644 0.29591836734693877
transition 46 17 36 0.3035099290091354 0.39598278335724535
transition 46 17 44 0.3365688604560626 0.3519846963175514
transition 46 17 4 0.07163799900979617 0.25203252032520324
transition 46 18 37 0.5160434992721075 0.4747191011235955
transition 46 18 17 0.988853595492553 0.16573033707865167
transition 46 18 4 0.5106067559613443 0.3595505617977528
transition 46 19 10 0.6532128760296367 0.7916666666666666
transition 46 19 4 -0.6127004497261894 0.20833333333333334
transition 47 0 47 -0.10991753189450781 0.18395110410094637
transition 47 0 7 0.46651852757414947 0.05402208201892744
transition 47 0 2 -0.5698648107527216 0.1819794952681388
transition 47 0 27 0.23567619945052187 0.17429022082018927
transition 47 0 34 0.1798841763862582 0.4057570977917981
transition 47 1 29 -0.9114081221632346 0.5108695652173914
transition 47 1 34 0.6143639534575847 0.4891304347826087
transition 47 2 28 -0.08856162172500226 0.15253303964757708
transition 47 2 13 0.6620342625911384 0.29955947136563876
transition 47 2 40 -0.7617890733374644 0.0236784140969163
transition 47 2 12 0.718780789171864 0.348568281938326
transition 47 2 34 -0.6640292380962305 0.17566079295154186
transition 47 3 3 -0.5418380765397652 0.15045006429489927
transition 47 3 49 -0.6597832450864836 0.2957565366480926
transition 47 3 2 0.22028222548571552 0.2730390055722246
transition 47 3 34 -0.37680392634043347 0.28075439348478354
transition 47 4 29 0.883347456676498 0.09899947340705635
transition 47 4 16 -0.6928184864827116 0.05055292259083728
transition 47 4 41 0.5523169959576115 0.4191679831490258
transition 47 4 34 0.8332832393417431 0.4312796208530806
transition 47 5 34 -0.030619823306272664 1.0
transition 47 6 34 0.7634575163400583 1.0
transition 47 7 1 0.39704053326730837 0.8089304257528557
transition 47 7 34 0.020767381457788003 0.19106957424714435
transition 47 8 18 -0.642065273898756 0.1402902557014513
transition 47 8 13 0.6076119721177853 0.19212163096060816
transition 47 8 48 0.410783038529577 0.2543192812715964
transition 47 8 34 0.5120073999634249 0.4132688320663442
transition 47 9 40 0.8544134502174929 0.051152737752161385
transition 47 9 14 -0.24006960575421954 0.31087896253602304
transition 47 9 27 0.7992694070799606 0.21361671469740634
transition 47 9 34 -0.031927541979956064 0.4243515850144092
transition 47 10 25 0.3545514355897492 0.249920911104081
transition 47 10 27 -0.7771241674281248 0.3163555836760519
transition 47 10 16 0.9155680454512409 0.23473584308763049
transition 47 10 34 0.3450376998374949 0.19898766213223662
transition 47 11 34 -0.04230895273582469 1.0
transition 47 12 24 -0.6434127005403041 0.025252525252525252
transition 47 12 3 0.7286752098636509 0.5776515151515151
transition 47 12 34 0.2867208945367985 0.3970959595959596
transition 47 13 2 -0.1767128799364761 0.03133473937933112
transition 47 13 43 0.684182360677634 0.19493823440795421
transition 47 13 38 -0.7898496189933819 0.05393190720096415
transition 47 13 48 -0.7911565231748916 0.2588128954504369
transition 47 13 34 -0.2825689058674641 0.46098222356131363
transition 47 14 29 -0.002697770358125018 0.18902439024390244
transition 47 14 27 0.6093590271105946 0.20573622402890696
transition 47 14 39 -0.9329444608788302 0.18224932249322492
transition 47 14 34 -0.8287466948587157 0.42299006323396565
transition 47 15 22 -0.05202691852372099 0.05957271980279376
transition 47 15 13 0.2975396177550522 0.2592440427280197
transition 47 15 30 0.7217159809250517 0.3952341824157765
transition 47 15 34 -0.8286182153859707 0.28594905505341
transition 47 16 1 -0.5560816584632464 0.13712374581939799
transition 47 16 5 0.9084302232101011 0.2534087985593002
transition 47 16 9 0.8949219952860636 0.1880627733470543
transition 47 16 34 0.9490594573387108 0.4214046822742475
transition 47 17 28 -0.8683736951148735 0.21461027612722824
transition 47 17 41 0.995299395926005 0.20761971338692764
transition 47 17 1 0.3388137358743972 0.24152394267738553
transition 47 17 34 0.3859755692446669 0.33624606780845856
transition 47 18 32 -0.31727348354017026 0.2598281697474616
transition 47 18 23 -0.3989395588143425 0.24368653996355116
transition 47 18 47 0.6982728178574897 0.1455350169226764
transition 47 18 48 -0.8223318639762462 0.045040354074459776
transition 47 18 34 -0.6493343027182479 0.3059099192918511
transition 47 19 33 0.039488423821584684 0.6662995594713657
transition 47 19 34 0.8120049838769237 0.33370044052863435
transition 48 0 4 -0.38947016491312914 0.07911646586345382
transition 48 0 18 -0.11201122778485839 0.1493975903614458
transition 48 0 7 0.6881966941273192 0.13493975903614458
transition 48 0 39 -0.12141194169193903 0.15060240963855423
transition 48 0 21 0.35730966998490077 0.4859437751004016
transition 48 1 7 -0.7654975910022852 0.2060065696855936
transition 48 1 13 0.8935717373152274 0.3144063819802909
transition 48 1 21 -0.5531253165281758 0.4795870483341154
transition 48 2 21 -0.3527449448947426 1.0
transition 48 3 21 -0.8577605456805846 1.0
transition 48 4 21 -0.7443080474645656 1.0
transition 48 5 31 -0.42060969307272345 0.6966292134831461
transition 48 5 21 -0.6949636152378891 0.30337078651685395
transition 48 6 9 0.50335114925803 0.136158388329281
transition 48 6 15 -0.8637169233075135 0.19138589788120874
transition 48 6 43 -0.7563087989132806 0.07328933657519972
transition 48 6 10 -0.4824395545157929 0.11983327544286211
transition 48 6 21 0.7076551777097007 0.47933310177144844
transition 48 7 16 -0.9453830394146521 0.040502793296089384
transition 48 7 18 0.6771586958433047 0.5412011173184358
transition 48 7 21 -0.43758362381685156 0.41829608938547486
transition 48 8 10 0.9739700350776308 0.06676557863501484
transition 48 8 29 0.2604304099933943 0.6379821958456974
transition 48 8 21 0.9445624596451645 0.2952522255192878
transition 48 9 3 0.9509321169984799 0.5054545454545455
transition 48 9 21 0.8830515141401276 0.49454545454545457
transition 48 10 34 -0.09614644379886861 0.6242857142857143
transition 48 10 14 -0.3923434622901434 0.052142857142857144
transition 48 10 21 -0.6307295049096533 0.32357142857142857
transition 48 11 21 -0.3123143822238832 1.0
transition 48 12 21 -0.5348313815580132 1.0
transition 48 13 25 0.38349196811993 0.1566134703813903
transition 48 13 6 -0.2781462187555368 0.0749256153638085
transition 48 13 43 -0.6912347640549761 0.08439275087909115
transition 48 13 23 0.149477298759221 0.24749797132810386
transition 48 13 21 0.4509820968715328 0.43657019204760616
transition 48 14 14 0.7201749969943008 0.5439856373429084
transition 48 14 21 0.8583110436197738 0.45601436265709155
transition 48 15 38 0.8192951297015514 0.2527427874847623
transition 48 15 15 0.7566966097259464 0.10158472165786266
transition 48 15 47 -0.16346524286507003 0.07029662738724096
transition 48 15 27 0.20110864271701168 0.36164160910199106
transition 48 15 21 0.8618453789457743 0.21373425436814303
transition 48 16 7 0.7386374325667013 0.5406871609403255
transition 48 16 21 0.1383141368912566 0.4593128390596745
transition 48 17 8 0.7551366272093516 0.2194055944055944
transition 48 17 29 0.7896805934815618 0.1590909090909091
transition 48 17 1 -0.6665587289146133 0.20541958041958042
transition 48 17 21 -0.4388470976163119 0.4160839160839161
transition 48 18 21 0.5361226952733988 1.0
transition 48 19 2 0.5340448831707165 0.7552155771905424
transition 48 19 21 -0.8723761146870943 0.24478442280945759
transition 49 0 31 0.18579125446207545 0.07142857142857142
transition 49 0 18 -0.7885804559707292 0.13127413127413126
transition 49 0 22 -0.02972555513044073 0.04584942084942085
transition 49 0 30 -0.023766016745929708 0.2953667953667954
transition 49 0 45 0.4456080954473436 0.4560810810810811
transition 49 1 29 -0.3605514556344691 0.3417190775681342
transition 49 1 22 0.8339933796047938 0.2851153039832285
transition 49 1 45 0.7954142715974442 0.3731656184486373
transition 49 2 39 0.8118018052762137 0.5077399380804953
transition 49 2 45 -0.8199374016502159 0.49226006191950467
transition 49 3 45 0.9918545597504251 1.0
transition 49 4 30 -0.8419429068291173 0.0982832618025751
transition 49 4 21 0.22373064632200212 0.4090128755364807
transition 49 4 49 -0.5818780035672457 0.06781115879828326
transition 49 4 17 -0.04762296179519554 0.08068669527896996
transition 49 4 45 0.01890507376744277 0.344206008583691
transition 49 5 23 0.3079705984405785 0.2793139656982849
transition 49 5 27 0.12138796168938981 0.2807140357017851
transition 49 5 45 -0.9304455006266303 0.43997199859992997
transition 49 6 37 0.29783690208908875 0.3988463123197363
transition 49 6 36 -0.1651939611153379 0.18912237330037082
transition 49 6 10 0.7431847333748509 0.016893283889575606
transition 49 6 16 0.4112154956160914 0.0700453234445818
transition 49 6 45 -0.11691856236932052 0.32509270704573545
transition 49 7 33 -0.5651678572885803 0.24601867105985722
transition 49 7 9 -0.9498884435424677 0.39923119165293797
transition 49 7 45 -0.0013074805735071582 0.35475013728720484
transition 49 8 9 -0.30848215392351497 0.06426332288401254
transition 49 8 25 -0.7814987446945421 0.530564263322884
transition 49 8 20 -0.5694497151621152 0.21081504702194356
transition 49 8 45 0.1781651404808242 0.19435736677115986
transition 49 9 33 0.7316125407736189 0.4318717586044319
transition 49 9 29 0.1823942700715897 0.18953323903818953
transition 49 9 21 -0.6816396923300725 0.15652993870815654
transition 49 9 45 0.8307029071811574 0.22206506364922207
transition 49 10 45 -0.8395171369450629 1.0
transition 49 11 6 -0.6440112903422015 0.6851441241685144
transition 49 11 45 0.8914683257392471 0.3148558758314856
transition 49 12 46 0.4432084727643535 0.4924834636199639
transition 49 12 2 0.8430647831734666 0.07757065544197234
transition 49 12 19 0.8193265049356964 0.22248947684906795
transition 49 12 45 -0.24419873770191725 0.2074564040889958
transition 49 13 14 0.9109794537719489 0.3105263157894737
transition 49 13 48 0.7453979016933401 0.21333333333333335
transition 49 13 45 -0.7240202776654454 0.476140350877193
transition 49 14 45 -0.23466727954952726 1.0
transition 49 15 45 -0.47835274969121944 1.0
transition 49 16 33 0.2772529026872099 0.34062927496580025
transition 49 16 3 -0.261903653730029 0.13064295485636115
transition 49 16 9 0.3305517190915872 0.028727770177838577
transition 49 16 45 0.6350926626186899 0.5
transition 49 17 23 0.2629004708145848 0.14149305555555555
transition 49 17 41 -0.32717415822093376 0.5208333333333334
transition 49 17 31 -0.632178313703792 0.1371527777777778
transition 49 17 45 0.968404648032777 0.20052083333333334
transition 49 18 16 -0.6835433179758361 0.26165556612749763
transition 49 18 4 0.009695723936624656 0.10941960038058991
transition 49 18 38 -0.7660216843405854 0.3268315889628925
transition 49 18 45 0.894472324771393 0.30209324452902
transition 49 19 49 0.8423356942724476 0.12333179935572941
transition 49 19 18 -0.46629154591784316 0.15462494247583985
transition 49 19 43 -0.21255207373269935 0.4316612977450529
transition 49 19 45 -0.3341132726416183 0.2903819604233778
mdptype episodic
discount  0.5
