numStates 50
numActions 20
end -1
transition 0 0 28 0.5302338194514122 0.22659000254049888
transition 0 0 49 -0.11441152076939565 0.22838981582620127
transition 0 0 22 0.8798015054665365 0.3424401125783417
transition 0 0 32 -0.6478721078874743 0.17148251650370072
transition 0 0 39 0.45899069792200353 0.031097552551257474
transition 0 1 47 -0.7131619508258396 0.010311014127465185
transition 0 1 2 -0.11307156302422072 0.5275498843287234
transition 0 1 7 0.1456115984677977 0.1770540517439224
transition 0 1 36 0.5292936138980637 0.1289332142048398
transition 0 1 46 -0.4830916149903932 0.15615183559504908
transition 0 2 39 0.5579127166946061 0.5154069202870515
transition 0 2 31 0.921376068128094 0.4845930797129485
transition 0 3 27 0.39353059059751705 0.13090609061376765
transition 0 3 46 0.4063392971423252 0.8690939093862323
transition 0 4 38 0.7875199763734766 0.40684390039931617
transition 0 4 42 0.09285022811462529 0.07363234215140953
transition 0 4 2 0.20175353220947811 0.39206516472156516
transition 0 4 39 0.294010492179688 0.12745859272770912
transition 0 5 13 -0.030227798803927897 0.27879172301297145
transition 0 5 44 0.8006549271660222 0.10358029014353713
transition 0 5 31 0.1691684117928023 0.3349965713624594
transition 0 5 19 -0.70173285758605 0.28263141548103204
transition 0 6 21 -0.7435864237107777 1.0
transition 0 7 15 -0.3630995574163516 0.7052456633653146
transition 0 7 13 0.49777767826567576 0.29475433663468537
transition 0 8 46 0.7294162403122233 0.2157342999330228
transition 0 8 0 0.8177911677503369 0.6898326558416219
transition 0 8 30 -0.9212905049486126 0.023096768940179944
transition 0 8 20 0.2848571421388102 0.0713362752851754
transition 0 9 1 0.7342496818831628 0.009025608134771618
transition 0 9 19 0.09611477330512197 0.05710348094284127
transition 0 9 2 -0.5272960734064567 0.9338709109223872
transition 0 10 10 -0.6710369047103037 0.06817820723729769
transition 0 10 19 -0.23510291547800044 0.18898354929724906
transition 0 10 27 -0.9970706823081494 0.027514112118608526
transition 0 10 9 0.6506064837426582 0.53538324529068
transition 0 10 1 0.08787498690210849 0.1799408860561646
transition 0 11 43 0.19374904509681 0.15252028797709682
transition 0 11 22 -0.9807300549606723 0.17792069325999402
transition 0 11 48 -0.9936202830781182 0.38926248355813525
transition 0 11 0 -0.6628977044159952 0.08637198318282496
transition 0 11 29 0.16847540751693302 0.19392455202194897
transition 0 12 24 0.18047548883530173 0.09873712618335746
transition 0 12 35 -0.06222497593879783 0.09912030440012803
transition 0 12 48 0.08217693821642102 0.2540314173013251
transition 0 12 40 0.23584914302131277 0.32539732483485556
transition 0 12 26 -0.7111221831484582 0.22271382728033381
transition 0 13 25 -0.044286666584131495 0.4023658241873951
transition 0 13 43 -0.8307165466717268 0.33209681626423676
transition 0 13 10 0.5106073028751432 0.26553735954836816
transition 0 14 22 -0.07941020840513224 0.05609670198954566
transition 0 14 14 0.5584683610937538 0.3086665449578293
transition 0 14 8 0.751162485498222 0.29837266092040726
transition 0 14 44 -0.4361992164955528 0.33686409213221785
transition 0 15 22 0.9289927992907085 0.2276256729240415
transition 0 15 37 -0.6780840272137401 0.25349622203032185
transition 0 15 33 -0.04506876520004677 0.13738856948332928
transition 0 15 36 -0.6755948335683619 0.1943953139644961
transition 0 15 11 0.5323001461575836 0.18709422159781125
transition 0 16 42 -0.7229264823574926 0.5105744121686726
transition 0 16 13 -0.34158001666873816 0.44473046308886804
transition 0 16 30 0.3143054063100996 0.044695124742459236
transition 0 17 49 -0.35000293061409815 1.0
transition 0 18 40 0.3938608590731494 0.5483514605833972
transition 0 18 14 0.49139145544587204 0.27826599610519753
transition 0 18 4 -0.5424675263323582 0.1733825433114053
transition 0 19 14 -0.2475742100330791 0.2177599978440462
transition 0 19 5 0.06807801948083325 0.32112389426117766
transition 0 19 42 -0.03122540348915015 0.19912837584023801
transition 0 19 20 0.6059513530621965 0.08567854254525639
transition 0 19 26 -0.9867076707930993 0.17630918950928173
transition 1 0 21 0.19414808511823733 0.5168616845655598
transition 1 0 33 0.03748329919047144 0.46737599060753093
transition 1 0 18 -0.5355049717897229 0.015762324826909157
transition 1 1 21 0.864932230550334 0.22754283535526465
transition 1 1 18 0.23442026547614514 0.22515698891147243
transition 1 1 46 -0.7595402941004088 0.23313417427479985
transition 1 1 39 0.5677322994685441 0.2804279622272552
transition 1 1 48 -0.4569460410855062 0.03373803923120791
transition 1 2 40 0.19593960603400684 0.14071923308559472
transition 1 2 7 -0.39709601736363065 0.5583825308517598
transition 1 2 20 -0.7725816481296819 0.006634187025518107
transition 1 2 22 0.11004989175338875 0.2942640490371274
transition 1 3 33 -0.3213318144826549 0.20605523730747557
transition 1 3 20 0.25359468398181306 0.14002458484397456
transition 1 3 29 0.9771009019727563 0.27577136276602304
transition 1 3 46 0.15189987710122432 0.37814881508252673
transition 1 4 46 -0.16664707393005562 0.2768301847715
transition 1 4 10 0.8981091265239647 0.2981748299714508
transition 1 4 43 -0.7388838672045479 0.18866189331159083
transition 1 4 47 -0.0803487260897231 0.18021293310028794
transition 1 4 36 -0.4165615664949698 0.05612015884517035
transition 1 5 47 -0.02738080225414885 0.3588922905519794
transition 1 5 11 -0.24749999459725047 0.24240242438317802
transition 1 5 39 0.31568701401776833 0.10884886432959907
transition 1 5 8 0.02137381291878926 0.01673970188652357
transition 1 5 21 -0.49890282208269743 0.27311671884872
transition 1 6 43 0.30934308259745924 0.28229908009571486
transition 1 6 4 -0.12375951674207064 0.1698549959970447
transition 1 6 48 0.42139746420522894 0.1283869968854123
transition 1 6 27 -0.39238340303805885 0.22167588641722838
transition 1 6 32 0.9192934186328381 0.19778304060459967
transition 1 7 43 0.9230414805488083 0.31295909314714065
transition 1 7 32 0.47174205325173313 0.42129616337416337
transition 1 7 47 -0.8396567080634423 0.04054265492468627
transition 1 7 30 0.18725355419865108 0.2123562887052018
transition 1 7 29 -0.24512813182289683 0.012845799848807926
transition 1 8 45 -0.5196541543374582 1.0
transition 1 9 16 -0.7257436651784801 0.009097144789167714
transition 1 9 37 -0.7205958269380943 0.15914906909028803
transition 1 9 15 -0.8602880043152166 0.22817651499866756
transition 1 9 12 0.8775291763219981 0.28071400165876503
transition 1 9 38 0.05227954045644667 0.3228632694631116
transition 1 10 16 0.44422038739354797 0.04670647984536447
transition 1 10 34 0.45883068645672376 0.551060548501147
transition 1 10 26 0.759243913139904 0.4022329716534884
transition 1 11 0 0.5825744093876375 0.12228882783574166
transition 1 11 37 -0.753686654031382 0.026792803248363705
transition 1 11 15 -0.5642083675181977 0.5668871760262841
transition 1 11 40 0.9089965438102416 0.2840311928896105
transition 1 12 3 -0.7582810524963899 0.19626586511410293
transition 1 12 36 -0.2912418710914788 0.1964311183119787
transition 1 12 39 -0.0895943428241075 0.310632377680257
transition 1 12 44 0.5726675846537581 0.2966706388936614
transition 1 13 43 -0.42841271674714787 0.3625101697323221
transition 1 13 19 0.595717601304578 0.02709696883737293
transition 1 13 12 0.7498238461948556 0.2634404247226679
transition 1 13 21 0.17947174294997548 0.34695243670763715
transition 1 14 9 0.20698216910749 0.36464012351561786
transition 1 14 40 0.564080608109609 0.0593665586786741
transition 1 14 4 0.2663055275683004 0.33245759016165566
transition 1 14 37 -0.4170086273479303 0.2435357276440524
transition 1 15 8 0.3559969007712296 0.7949112297542232
transition 1 15 5 -0.6333421991486963 0.0355817327360055
transition 1 15 38 0.6173259783694522 0.16950703750977134
transition 1 16 4 0.28299081689435734 0.16122631818986286
transition 1 16 36 0.9413016861121561 0.18114179380795445
transition 1 16 18 -0.00883479551898958 0.010313997747509523
transition 1 16 15 0.13674315605465304 0.3440470957792285
transition 1 16 23 0.41396886421464596 0.3032707944754447
transition 1 17 45 0.22092592421459845 0.3064362189352778
transition 1 17 47 0.760015947823693 0.6935637810647222
transition 1 18 31 0.823618187230772 0.3466569702051143
transition 1 18 41 0.7583874236629466 0.3945330243029276
transition 1 18 19 0.7042592631196787 0.2588100054919581
transition 1 19 9 0.8578660939998242 0.37566450133037843
transition 1 19 7 -0.5521707242916887 0.5290113427602791
transition 1 19 12 -0.18305178506197306 0.09532415590934254
transition 2 0 0 -0.381633249489969 1.0
transition 2 1 37 -0.1206859108184033 0.3511258209571719
transition 2 1 28 -0.35388134216373457 0.30773170842775466
transition 2 1 17 -0.3375889768968854 0.06800705839099884
transition 2 1 10 0.4320476120023251 0.2731354122240747
transition 2 2 28 0.9669923078410152 0.3946756431390149
transition 2 2 19 -0.08073858992630112 0.25992139468266356
transition 2 2 36 -0.081672632304844 0.24206027192884985
transition 2 2 12 -0.04878207519158417 0.10334269024947176
transition 2 3 29 -0.4046847285743369 1.0
transition 2 4 42 -0.7565069325999134 0.21574728938065005
transition 2 4 8 -0.6788775805436353 0.5642513602313394
transition 2 4 7 0.1262612364869422 0.177175883597763
transition 2 4 27 -0.3713961523673104 0.03717268661750997
transition 2 4 46 0.7799483500777207 0.0056527801727376545
transition 2 5 18 -0.2681904344574486 0.36348561493335524
transition 2 5 34 0.5762907598349494 0.24177275789086192
transition 2 5 14 -0.7442828438927913 0.39474162717578287
transition 2 6 46 -0.09538035970920777 0.15679403145163615
transition 2 6 40 -0.5897247167522222 0.058861905344142526
transition 2 6 44 -0.742279804114298 0.5461277029851315
transition 2 6 33 -0.6564003652203632 0.23821636021908973
transition 2 7 10 -0.8125796672669483 0.4092444118461466
transition 2 7 48 -0.3409233073181621 0.34452576273459923
transition 2 7 13 -0.2836766618014259 0.24622982541925412
transition 2 8 47 0.14971771886661855 0.010478559610329874
transition 2 8 13 -0.9274389896698141 0.5732591025347562
transition 2 8 21 -0.621249333048465 0.4162623378549138
transition 2 9 36 0.5095047287721606 0.18397137295626484
transition 2 9 2 -0.00800884347661679 0.1924586069539732
transition 2 9 0 -0.029267051638967923 0.22522803038675543
transition 2 9 31 0.2548561025417473 0.1584310814298632
transition 2 9 25 0.6283206402160222 0.23991090827314338
transition 2 10 6 0.25542156905228386 1.0
transition 2 11 40 0.7730047485436484 0.3847265724517129
transition 2 11 27 -0.5768524766796514 0.6152734275482872
transition 2 12 3 -0.4027147630271768 1.0
transition 2 13 14 -0.3404957970514242 0.45806790947773574
transition 2 13 31 -0.10586834841882764 0.00807149620379988
transition 2 13 9 -0.6762627669938532 0.42329153288573024
transition 2 13 6 -0.17787849759011243 0.11056906143273416
transition 2 14 49 0.07248705815735668 0.31295780510959975
transition 2 14 6 0.38011105178817073 0.31832766643876725
transition 2 14 18 -0.1251820681300324 0.36871452845163294
transition 2 15 13 0.3884501739766453 0.23986124364208383
transition 2 15 3 0.11617651378166172 0.2041313110048144
transition 2 15 41 -0.0826526210746239 0.2522009893303361
transition 2 15 49 0.5255396605150628 0.30014102308633933
transition 2 15 48 -0.9582577515066668 0.003665432936426329
transition 2 16 38 0.6961977882090842 0.26608589113581804
transition 2 16 42 0.13863156672659893 0.23984838082571971
transition 2 16 45 -0.4981803226901993 0.248468645849348
transition 2 16 49 -0.8267803546129546 0.24559708218911427
transition 2 17 40 0.9552271921438189 0.4143113325499625
transition 2 17 25 0.8944649405487355 0.23061641740536692
transition 2 17 27 -0.4627507513043039 0.3550722500446705
transition 2 18 26 -0.03408462412780788 0.14802662657787688
transition 2 18 32 0.7413840056848584 0.20648686149262885
transition 2 18 18 -0.7345962534497368 0.2567949125940077
transition 2 18 2 0.6690946808867313 0.19042324380853315
transition 2 18 20 -0.33405586388014763 0.19826835552695343
transition 2 19 45 0.3994722904913104 1.0
transition 3 0 9 -0.20735993937872865 0.45593816339917764
transition 3 0 42 0.6213555846260905 0.03963483503732505
transition 3 0 6 -0.3956158859903296 0.33568581225380734
transition 3 0 36 -0.31288294684963147 0.14224332842865398
transition 3 0 8 -0.36697789012783 0.026497860881035947
transition 3 1 46 0.5378947294762002 0.25346108338266343
transition 3 1 10 0.6703706413117385 0.14881787379690983
transition 3 1 20 0.44122052160477976 0.20438784139902508
transition 3 1 11 0.8201205790777739 0.39333320142140166
transition 3 2 40 0.836000010702155 0.6505464923791104
transition 3 2 43 0.7715621236290109 0.34945350762088945
transition 3 3 23 -0.702965282403101 0.16304855282746636
transition 3 3 30 0.7461212207532337 0.13449327610913464
transition 3 3 42 -0.058895613044785744 0.702458171063399
transition 3 4 39 0.1843466620915768 0.30771511136611446
transition 3 4 21 0.9912534976167318 0.15929703579447319
transition 3 4 22 -0.4403172192993057 0.09065412295316981
transition 3 4 11 0.0754158076950624 0.32295680561025775
transition 3 4 14 -0.17110263320222519 0.11937692427598477
transition 3 5 30 -0.018302662343832043 0.12753990147903338
transition 3 5 31 0.13899233618001072 0.400749872008052
transition 3 5 7 -0.5248747294103335 0.012695296125338611
transition 3 5 48 -0.04366068323625627 0.1525960473885132
transition 3 5 33 -0.5166305047611754 0.30641888299906284
transition 3 6 47 -0.7644449493046608 0.24597639710532404
transition 3 6 24 0.04829508540712668 0.1944130340940338
transition 3 6 41 0.7594578789679776 0.3199501820692416
transition 3 6 6 0.23667667657775682 0.04618606563364807
transition 3 6 28 0.3490189798367713 0.1934743210977525
transition 3 7 34 -0.549358837327979 0.21108242134406235
transition 3 7 48 0.19642366398825306 0.23176994366024245
transition 3 7 15 0.07898273949038392 0.37422793525451536
transition 3 7 13 -0.7425228990231085 0.06983772260125652
transition 3 7 30 0.583669366885442 0.11308197713992335
transition 3 8 17 -0.13591062899456685 0.08774612790778252
transition 3 8 40 -0.7897492729431599 0.34415324743969583
transition 3 8 9 -0.6376430848924959 0.2515351245748694
transition 3 8 12 0.04488815240816191 0.31656550007765233
transition 3 9 7 0.8102885105618367 0.4905351923394425
transition 3 9 13 0.2616706445895991 0.2928404713626403
transition 3 9 20 0.5757071351551399 0.00017761102513594507
transition 3 9 19 -0.7445446666262465 0.2164467252727812
transition 3 10 11 0.756199428844128 0.2959262128912595
transition 3 10 42 0.4445446026630786 0.23197010525792205
transition 3 10 22 -0.46858139051026426 0.11140043489454571
transition 3 10 49 0.041753138815040725 0.36070324695627276
transition 3 11 47 -0.5577916664896385 0.30243070772110636
transition 3 11 27 0.14775241714197618 0.33843277390521337
transition 3 11 15 0.19150641199792218 0.06530953424299307
transition 3 11 10 -0.6352208421697219 0.29382698413068714
transition 3 12 4 0.664969755064394 0.004130182823764375
transition 3 12 26 0.25752483549740535 0.6392767947372944
transition 3 12 1 -0.5343520762863012 0.3565930224389413
transition 3 13 25 -0.21965500323430254 0.25897857219259784
transition 3 13 20 0.15043770355622632 0.14819016137263197
transition 3 13 34 0.8344819947863971 0.21210702232193976
transition 3 13 41 0.607206097762726 0.3446943275123793
transition 3 13 16 -0.012807496016958408 0.03602991660045112
transition 3 14 22 0.513092996986299 1.0
transition 3 15 18 0.8102143535170869 0.012616915313908314
transition 3 15 29 -0.3979838244907259 0.297467539491191
transition 3 15 7 -0.798536261015683 0.3794482655214934
transition 3 15 13 0.2266638984823861 0.3104672796734073
transition 3 16 11 -0.7948761847653611 0.9631514113203892
transition 3 16 0 -0.24382757340512273 0.03684858867961079
transition 3 17 25 0.7707107653237777 0.32988095700204406
transition 3 17 38 -0.9428690214741597 0.08590603798981343
transition 3 17 13 -0.6776440733170648 0.562287316095
transition 3 17 10 0.2825579059518273 0.021925688913142453
transition 3 18 40 -0.49817816195857056 0.012605140289974037
transition 3 18 20 0.1747754308071321 0.017399458371588895
transition 3 18 43 -0.6442447730503456 0.40039099808091666
transition 3 18 46 -0.47833547687144673 0.42682736543691097
transition 3 18 4 -0.9664275369636497 0.14277703782060935
transition 3 19 9 -0.6625318706914349 0.43776779983066383
transition 3 19 10 0.4925704936047277 0.1464492072467758
transition 3 19 38 0.21960509576544052 0.11584515601796329
transition 3 19 46 -0.614070587115142 0.29993783690459713
transition 4 0 24 0.1106349293916995 0.2903268465026747
transition 4 0 28 -0.5759996284023423 0.2952279482466695
transition 4 0 49 0.5807686955159943 0.02663937265158169
transition 4 0 45 0.785681758532186 0.14729173561388642
transition 4 0 34 0.7297783771559654 0.24051409698518764
transition 4 1 29 -0.11983695091336255 1.0
transition 4 2 6 -0.89432805746816 0.8087753160008821
transition 4 2 41 -0.16484448107225647 0.19122468399911785
transition 4 3 42 -0.05033149952637883 0.46959169997738676
transition 4 3 29 0.4806118874093275 0.5304083000226133
transition 4 4 43 -0.07371116064127503 1.0
transition 4 5 6 0.4155424277846018 0.42732827430152903
transition 4 5 22 -0.1959240268935627 0.5198825157093322
transition 4 5 14 -0.5469570711383192 0.05278920998913893
transition 4 6 16 0.5216953612271618 1.0
transition 4 7 13 0.37227793085866145 0.9346966547091439
transition 4 7 20 0.0005468628932570052 0.06530334529085617
transition 4 8 16 -0.05420378047358265 0.5289645854671396
transition 4 8 0 -0.20155684750130676 0.3746586296701307
transition 4 8 24 0.8576846439815617 0.09637678486272967
transition 4 9 21 -0.4261889651895894 0.7111510556431913
transition 4 9 33 -0.23707744577519496 0.2888489443568087
transition 4 10 41 0.8388596840884517 0.4124647469338597
transition 4 10 3 0.9442807323503488 0.29837718474070996
transition 4 10 8 0.9707963865120732 0.2891580683254303
transition 4 11 22 0.07176602513773456 0.43402426000758954
transition 4 11 10 -0.6220796692648081 0.2312005295197034
transition 4 11 44 -0.6961663420558273 0.3347752104727071
transition 4 12 11 -0.9507575331350648 0.2816682147888643
transition 4 12 17 -0.26773395219608576 0.009087720787910768
transition 4 12 26 -0.6142720197712956 0.2415604218106436
transition 4 12 20 0.41549403859612943 0.14585720164226026
transition 4 12 14 0.22409949787576156 0.32182644097032115
transition 4 13 35 0.6346241489422852 0.265836292689599
transition 4 13 10 -0.8738425734377495 0.24482146425136425
transition 4 13 39 0.45934158525367685 0.10882812657218396
transition 4 13 42 0.0340288981546526 0.15840706314035075
transition 4 13 44 0.5881368792288024 0.22210705334650205
transition 4 14 1 0.33776191635835695 0.23394681284225216
transition 4 14 41 -0.5073340709723899 0.19324946360973705
transition 4 14 4 0.8433644282487345 0.2722853189971096
transition 4 14 39 -0.6431648571286435 0.22832308932727044
transition 4 14 46 0.7286816941445884 0.0721953152236307
transition 4 15 24 -0.04172166809270084 0.49565886722457436
transition 4 15 15 -0.4043929599128271 0.16212506628691142
transition 4 15 1 -0.6973492826647487 0.3422160664885142
transition 4 16 35 0.6781850251311212 1.0
transition 4 17 37 -0.7351465117634108 1.0
transition 4 18 25 -0.21470635589189424 0.1448940648807891
transition 4 18 32 -0.7474753061465294 0.4232277396302015
transition 4 18 39 -0.7628214196809591 0.4318781954890094
transition 4 19 16 -0.22279002699373507 0.5601548242096269
transition 4 19 10 0.23951032253262516 0.4398451757903732
transition 5 0 26 -0.08583448034064345 0.0500700400100993
transition 5 0 10 -0.20189887728393296 0.4261267566874085
transition 5 0 5 -0.9357165908344964 0.5238032033024922
transition 5 1 15 0.024026798233141022 0.28952037626362276
transition 5 1 6 -0.855581071123475 0.4274343011456028
transition 5 1 16 0.7317403919555132 0.2830453225907745
transition 5 2 31 0.9469735089998499 1.0
transition 5 3 13 -0.8075259270991921 0.16273069583199554
transition 5 3 33 0.6551751217637145 0.3197281690765585
transition 5 3 0 -0.3759898282794314 0.5175411350914461
transition 5 4 14 -0.1936943672064484 0.616202476450846
transition 5 4 18 -0.38798578629574587 0.383797523549154
transition 5 5 30 0.26887533973470146 0.07631519580936995
transition 5 5 43 -0.69383373722458 0.45205286604373107
transition 5 5 28 0.3256185690776885 0.47163193814689897
transition 5 6 49 0.11122569192417564 0.2929309873189615
transition 5 6 24 0.6994285619538783 0.6356235991504523
transition 5 6 9 -0.9586941613016231 0.0714454135305863
transition 5 7 39 0.4120120059469434 1.0
transition 5 8 7 0.5332478342561289 1.0
transition 5 9 18 -0.388286712331251 0.4012266026630321
transition 5 9 33 -0.5658118546347211 0.5987733973369679
transition 5 10 7 0.4333349604106609 0.05505360401856696
transition 5 10 42 0.22110730956130453 0.09187159101458435
transition 5 10 16 -0.9130455157612243 0.028065602252741073
transition 5 10 3 0.736435650231265 0.39908242260609894
transition 5 10 15 0.7290762284206966 0.4259267801080086
transition 5 11 35 -0.6529486083908076 0.8637483668716947
transition 5 11 25 -0.2551236139503015 0.13625163312830535
transition 5 12 18 -0.8375420748367068 0.40515987889905286
transition 5 12 16 0.6294897807594 0.11330035738979945
transition 5 12 47 0.9124525374826256 0.4815397637111477
transition 5 13 2 0.9126596338020716 0.16969536699429988
transition 5 13 0 -0.6525823790286132 0.6747246535140244
transition 5 13 20 0.5088937979801273 0.15557997949167568
transition 5 14 8 0.6893924829299647 0.3924076810502683
transition 5 14 31 -0.005160613152676907 0.2186475253470876
transition 5 14 15 -0.3047103970138758 0.38894479360264417
transition 5 15 31 -0.22772009857599573 1.0
transition 5 16 15 0.4118329554002458 1.0
transition 5 17 5 0.9275455621309869 1.0
transition 5 18 32 0.15335214075328585 1.0
transition 5 19 36 0.2211577310058741 0.34075143804371977
transition 5 19 26 0.9451721246352576 0.5695906698424736
transition 5 19 41 -0.39854051608318986 0.08965789211380663
transition 6 0 11 -0.30417329196889686 0.09563557939830054
transition 6 0 13 -0.7276492850745981 0.0790376882187747
transition 6 0 44 0.4584941646972043 0.3081006831633162
transition 6 0 22 0.4317175044196311 0.21423326603625387
transition 6 0 19 0.6707582455882164 0.30299278318335476
transition 6 1 13 -0.7907602036614549 0.37732401908545643
transition 6 1 47 0.2789924526581413 0.01445279208808107
transition 6 1 48 0.8326193025206319 0.0634350022238493
transition 6 1 39 -0.7071802936017997 0.35472837707570715
transition 6 1 9 -0.593113459410751 0.19005980952690593
transition 6 2 10 -0.7730903516346734 0.3042233790195821
transition 6 2 45 -0.030626676637732775 0.2732269570531288
transition 6 2 47 -0.7195151221665321 0.02534457554565356
transition 6 2 46 0.8352960524990631 0.02945627079647161
transition 6 2 12 0.4761308083772746 0.3677488175851639
transition 6 3 19 0.4969760881631333 0.39548480574341344
transition 6 3 25 -0.2822823749698453 0.6045151942565866
transition 6 4 23 -0.8048070965349521 0.5208074814151604
transition 6 4 22 0.8729034665987943 0.20289350967398337
transition 6 4 26 0.7961708663141325 0.27629900891085624
transition 6 5 9 -0.4012417727642936 0.4854526021314189
transition 6 5 32 0.916063604228881 0.40146078555819864
transition 6 5 26 -0.02572424443327681 0.11308661231038242
transition 6 6 26 0.00592434208304482 0.2817645618230881
transition 6 6 35 0.18536692372489805 0.3925944271493494
transition 6 6 47 -0.534745935835339 0.29180927235603465
transition 6 6 37 0.31031494918074776 0.03383173867152782
transition 6 7 5 -0.9858619807743796 0.17202571405255743
transition 6 7 11 -0.7930933434899814 0.2117827257589132
transition 6 7 27 -0.8034854298798912 0.30694431416858864
transition 6 7 38 -0.16242757342422665 0.13893654308786554
transition 6 7 12 0.4246563121315807 0.17031070293207523
transition 6 8 36 -0.5091334042847369 0.22296855555313647
transition 6 8 13 -0.6247146860157908 0.34724631285570995
transition 6 8 33 -0.7195399386177932 0.2575476738713374
transition 6 8 45 0.8090048004481003 0.1722374577198161
transition 6 9 33 -0.6478019422363701 1.0
transition 6 10 18 0.835323490943672 0.077197202030544
transition 6 10 15 0.20553074323708853 0.4710238574012651
transition 6 10 27 0.14863358454085795 0.28032406663981274
transition 6 10 2 -0.6636570971514113 0.17145487392837805
transition 6 11 13 0.7030120873065564 0.6791473931699001
transition 6 11 18 0.9880247528118657 0.26122666102621955
transition 6 11 24 0.8795493586783367 0.05962594580388031
transition 6 12 35 -0.17606218837551801 0.2678067350733882
transition 6 12 6 -0.8231999376641592 0.39066053772948406
transition 6 12 4 0.889443474672136 0.34153272719712774
transition 6 13 42 0.3142621703396842 0.8540073403841338
transition 6 13 37 0.876948263535503 0.1459926596158661
transition 6 14 34 0.2924359398732399 1.0
transition 6 15 49 0.9931595634601131 1.0
transition 6 16 33 0.29113349908657815 0.05618339992527282
transition 6 16 23 -0.14754375165969535 0.005120206717797638
transition 6 16 13 -0.827622435450017 0.9386963933569296
transition 6 17 14 0.9039817205744418 0.060785939654124536
transition 6 17 29 0.12053077145977409 0.05000213639459468
transition 6 17 36 0.570454485585626 0.33163024593607676
transition 6 17 42 0.5610639493009704 0.36299885923624475
transition 6 17 34 0.6649049037097543 0.1945828187789592
transition 6 18 28 -0.055716693993974165 0.20481828118030374
transition 6 18 40 0.0859745835421819 0.38780282553427986
transition 6 18 27 -0.19917894741671005 0.4073788932854165
transition 6 19 29 -0.24244263814423284 0.45808625820684856
transition 6 19 34 0.3637261050261249 0.12462601064816685
transition 6 19 24 -0.5654244557690737 0.03028337889512989
transition 6 19 6 -0.5403477984939864 0.38700435224985474
transition 7 0 42 -0.41336610818761277 0.24100948069735198
transition 7 0 31 -0.6946540017594853 0.4311501622419827
transition 7 0 14 0.7482930367996297 0.3278403570606654
transition 7 1 47 -0.6052603926872362 0.3294043569389058
transition 7 1 6 -0.39520304029825093 0.35620868686636736
transition 7 1 14 -0.13977802832950803 0.07634074327036962
transition 7 1 35 0.12452240804805936 0.049722121588707494
transition 7 1 22 0.509004431946964 0.1883240913356498
transition 7 2 23 0.9291011661267008 0.27008559060325193
transition 7 2 32 -0.1666569852834432 0.4491795781654198
transition 7 2 41 0.5472734398720007 0.28073483123132814
transition 7 3 7 -0.049879828897397616 0.37531746798478777
transition 7 3 4 0.013601796992625204 0.26641899565681443
transition 7 3 37 0.8216895122473427 0.3582635363583979
transition 7 4 11 0.8945535224748966 1.0
transition 7 5 31 0.8151288153063803 1.0
transition 7 6 41 -0.12065685869206222 0.23732900632819137
transition 7 6 1 -0.5117493737728569 0.7626709936718087
transition 7 7 34 0.13984556338850918 0.06983078314374357
transition 7 7 31 0.3371175364291652 0.011472247488816315
transition 7 7 29 0.2096904035303382 0.4237687481675038
transition 7 7 6 0.9347497241141687 0.43095769476184875
transition 7 7 9 -0.5796779253599724 0.06397052643808764
transition 7 8 46 0.3900314172477892 0.21576062543994845
transition 7 8 6 0.07960946217943343 0.7176436387039133
transition 7 8 14 -0.9731915010459942 0.023056021939456384
transition 7 8 16 -0.6050878042346015 0.04353971391668188
transition 7 9 16 -0.6055258377076886 0.09168928268391476
transition 7 9 31 0.22978293633352842 0.29545671022436926
transition 7 9 36 -0.869062134094168 0.16298574131182303
transition 7 9 6 0.2663047762472812 0.23626076337608917
transition 7 9 23 0.5088850869200721 0.21360750240380375
transition 7 10 17 0.7152158590709876 0.5272290138859231
transition 7 10 33 0.1550961277196099 0.014718919920070747
transition 7 10 0 -0.7429268810159977 0.458052066194006
transition 7 11 19 -0.2387362393164958 0.2779586126846391
transition 7 11 38 0.7547370351937668 0.16200100536392112
transition 7 11 27 -0.5417950999745345 0.2509762798155421
transition 7 11 30 0.823636781629816 0.21406575765127162
transition 7 11 37 -0.3809548617480434 0.09499834448462605
transition 7 12 29 0.8526502386252217 0.969836988271408
transition 7 12 16 -0.1570112108894599 0.030163011728592072
transition 7 13 19 -0.30415302798312394 0.19123419223857394
transition 7 13 9 0.904804358359806 0.460801391594093
transition 7 13 41 -0.6470354517757009 0.34796441616733315
transition 7 14 18 -0.7127258223766917 0.17721582201032454
transition 7 14 33 0.310462991292076 0.024504821449561464
transition 7 14 6 0.8870280203244489 0.25928541089478413
transition 7 14 20 0.9281467362007927 0.24019365747901814
transition 7 14 3 -0.561410791411761 0.2988002881663117
transition 7 15 36 -0.5770812012353432 1.0
transition 7 16 24 -0.04943197867883642 1.0
transition 7 17 43 -0.061701390763919006 0.32672395942276655
transition 7 17 19 0.7987856358234178 0.09239873017863101
transition 7 17 8 0.6015223778941863 0.4490536875964919
transition 7 17 31 -0.6679676386852407 0.12743244508849907
transition 7 17 18 0.8673522017825663 0.004391177713611535
transition 7 18 3 0.7137941986811056 0.10589093658228933
transition 7 18 21 0.8024247024705493 0.39097451413574447
transition 7 18 26 0.18832416622833104 0.23611977408231383
transition 7 18 37 -0.30082670098409836 0.2670147751996523
transition 7 19 14 0.3621372281687878 0.4494121207738154
transition 7 19 5 -0.20267921741856587 0.30014787788288827
transition 7 19 37 0.7815820444148807 0.2504400013432963
transition 8 0 34 -0.8684720504014953 1.0
transition 8 1 25 0.31537240880750717 0.22016693386212055
transition 8 1 23 0.2905109780844364 0.7798330661378794
transition 8 2 16 -0.9838616474194106 1.0
transition 8 3 31 0.19851633375571232 0.30615816495797327
transition 8 3 26 0.3978066009532162 0.052846713294575756
transition 8 3 21 0.6864921524245926 0.43030873145180815
transition 8 3 12 -0.9213485200283063 0.21068639029564282
transition 8 4 43 -0.6275836004842459 0.4180391814196647
transition 8 4 15 -0.38524750980128264 0.5819608185803352
transition 8 5 26 -0.593469393564404 0.3605156537108201
transition 8 5 19 0.7157952303977893 0.6394843462891797
transition 8 6 44 0.45238490210875404 0.21657509710155512
transition 8 6 19 -0.2219100372673508 0.44757755866538673
transition 8 6 22 -0.8135738795951688 0.3358473442330581
transition 8 7 0 0.3187841055899967 0.2255665906322675
transition 8 7 6 -0.20597821674711425 0.17250670842888785
transition 8 7 12 -0.3891735553792841 0.393110366497871
transition 8 7 40 -0.3286138156491063 0.09607130355850316
transition 8 7 16 0.3134841359812244 0.11274503088247045
transition 8 8 26 0.2626403353796556 0.4065705403777233
transition 8 8 46 0.017327130978060046 0.12054718996547883
transition 8 8 17 -0.1359521862715085 0.4728822696567978
transition 8 9 28 -0.9002304550711664 0.2490454546742528
transition 8 9 40 -0.8109400334310131 0.2521324688767176
transition 8 9 18 0.4787469255358443 0.23831140513113103
transition 8 9 3 -0.8792115788750856 0.2605106713178986
transition 8 10 35 0.24168565044037993 0.20278323696563313
transition 8 10 33 0.15211758469756642 0.34370760769650915
transition 8 10 43 0.23425368613703568 0.11656935860821793
transition 8 10 5 0.22371147773229105 0.2298088881029905
transition 8 10 47 -0.6442995648810512 0.10713090862664928
transition 8 11 37 0.06748925324419197 0.19125011197237393
transition 8 11 31 -0.0016727615147180686 0.045924675638588944
transition 8 11 2 -0.09351832330616738 0.16547219067893545
transition 8 11 4 -0.8455514934652792 0.3478243395464707
transition 8 11 24 -0.7335315606628072 0.24952868216363108
transition 8 12 15 0.217169098392602 0.3766896997188527
transition 8 12 8 0.2727737895655995 0.05324658960268009
transition 8 12 29 -0.10667267635001632 0.5377529842071156
transition 8 12 14 0.9392289914302312 0.03231072647135159
transition 8 13 44 0.6969758015637153 0.471099863707008
transition 8 13 24 0.04311599220549622 0.528900136292992
transition 8 14 22 0.9534810460812895 0.6133009619365039
transition 8 14 28 -0.6347278164478949 0.38669903806349615
transition 8 15 2 -0.6880179575543908 0.12593639541326654
transition 8 15 26 0.05409187493545886 0.5023627565341463
transition 8 15 43 0.43150312064178364 0.05911035742352362
transition 8 15 41 0.6737286203036361 0.038493227890271896
transition 8 15 31 -0.5511192973085892 0.27409726273879165
transition 8 16 6 0.12583053856087179 1.0
transition 8 17 38 0.729924987259694 0.013167857540922657
transition 8 17 5 -0.9812102191348646 0.795620109337
transition 8 17 25 0.677637986107346 0.19121203312207735
transition 8 18 24 -0.9988883655813998 0.2345488828852348
transition 8 18 31 0.028585176805833612 0.28037129177469244
transition 8 18 5 0.8287047853016145 0.230511773426253
transition 8 18 42 -0.21293663935209528 0.2545680519138198
transition 8 19 42 -0.16114658693747952 1.0
transition 9 0 33 -0.4473155714088728 0.7401631483577829
transition 9 0 30 -0.17873441080365193 0.24159558063828193
transition 9 0 44 -0.534017460635386 0.018241271003935258
transition 9 1 2 0.8184149789159454 0.029528799559960624
transition 9 1 7 -0.4018700931248358 0.3437078281291782
transition 9 1 42 0.9947714396689316 0.16401240106302292
transition 9 1 24 0.5131544438821372 0.17736100396407742
transition 9 1 47 0.7428330277946373 0.2853899672837608
transition 9 2 37 0.7455609272758932 0.29598163710309666
transition 9 2 8 -0.34506294046997343 0.11201966160953927
transition 9 2 36 0.0025484219674851705 0.41491726430311165
transition 9 2 11 -0.8130231947264523 0.17708143698425233
transition 9 3 33 -0.33001662862718395 0.19871577032767024
transition 9 3 38 -0.6390482017415797 0.2099663070584426
transition 9 3 47 0.9493602290243341 0.19270603440584985
transition 9 3 12 0.4836115526423235 0.2881069059429718
transition 9 3 23 0.13436926485996992 0.11050498226506553
transition 9 4 42 -0.3312469880348903 1.0
transition 9 5 15 -0.23190279244451517 1.0
transition 9 6 46 -0.2814213917940669 0.02324533528276516
transition 9 6 26 0.8320321653781868 0.3121530300740751
transition 9 6 20 -0.013562468275089223 0.03877982346482623
transition 9 6 10 0.30285480915073504 0.21020876706689942
transition 9 6 28 0.007472492711225298 0.415613044111434
transition 9 7 42 0.8142043986975427 0.7497122822738005
transition 9 7 7 -0.20372036353294498 0.25028771772619957
transition 9 8 20 0.627439442848188 0.23656437521839746
transition 9 8 45 -0.3052301803653823 0.27981039289115994
transition 9 8 22 -0.8544977115492469 0.4836252318904426
transition 9 9 22 0.1509438666060774 0.11714725399495185
transition 9 9 4 0.27427433097585663 0.8828527460050482
transition 9 10 1 -0.18865567780716286 0.3331874847270782
transition 9 10 14 0.3910811680351882 0.13080521996293357
transition 9 10 2 0.4704253427669409 0.26097534130169875
transition 9 10 9 0.05636040720436819 0.27503195400828956
transition 9 11 10 0.29778212860498554 0.35002158003874484
transition 9 11 12 -0.6793740156308326 0.29107174341960296
transition 9 11 24 -0.6164509276342307 0.16524200336871855
transition 9 11 33 -0.49262165245286216 0.0893414216637493
transition 9 11 18 0.19336729375064188 0.10432325150918441
transition 9 12 7 -0.9307126901302161 1.0
transition 9 13 9 -0.45148198569350795 0.0034434575215886256
transition 9 13 0 0.09859151993928328 0.21325590203805606
transition 9 13 49 0.8892601035774428 0.10518520038956318
transition 9 13 18 -0.7688136376720798 0.11326427674811651
transition 9 13 46 -0.2613865436428333 0.5648511633026756
transition 9 14 5 -0.6466473096525691 0.5621521841467758
transition 9 14 26 -0.4224162392866502 0.4378478158532243
transition 9 15 26 0.3865940768470155 0.23945510362090128
transition 9 15 19 -0.3537019608173393 0.4121102114869175
transition 9 15 12 0.2001560049527642 0.33520122835784855
transition 9 15 44 0.8535450486663414 0.013233456534332588
transition 9 16 20 0.7403804527354982 0.20392597825127695
transition 9 16 46 -0.2738980281744723 0.2010474980819891
transition 9 16 13 -0.9472888800180623 0.21327947444523326
transition 9 16 10 -0.36294953021718723 0.0204366290224295
transition 9 16 37 -0.14549616744792004 0.3613104201990713
transition 9 17 21 -0.034584717579236424 1.0
transition 9 18 39 -0.7929666881796158 0.22309790130944943
transition 9 18 45 0.3908506012433812 0.07399248995395151
transition 9 18 7 -0.016457993571709073 0.016965010921855338
transition 9 18 2 0.8129619951058424 0.41088127145118963
transition 9 18 13 -0.15585479725415352 0.27506332636355396
transition 9 19 26 -0.853118921639912 0.30311041757266693
transition 9 19 16 -0.38583506109685906 0.6968895824273331
transition 10 0 2 0.3359271866592415 0.4023329108781488
transition 10 0 21 -0.47781911873879257 0.4217735807234288
transition 10 0 40 0.5578485158121149 0.1758935083984224
transition 10 1 4 -0.0009720338187797495 0.05728766952129974
transition 10 1 37 -0.48118306160442836 0.26288149698801155
transition 10 1 44 -0.7779039772268943 0.11666360632790233
transition 10 1 46 0.5404363585528511 0.5631672271627863
transition 10 2 17 -0.4197058483319136 1.0
transition 10 3 40 0.03602145237360399 0.3192344667073856
transition 10 3 34 -0.29230375039340717 0.3671200499765457
transition 10 3 39 0.7445307652618631 0.00037519846637572285
transition 10 3 14 -0.007581846523104119 0.2742419217898258
transition 10 3 12 0.4563785065021513 0.03902836305986718
transition 10 4 10 -0.7758143071944088 0.05699724099413292
transition 10 4 36 -0.7891356773916534 0.3353926300906989
transition 10 4 20 0.10104613371734317 0.605744681653511
transition 10 4 37 0.48288175261095656 0.0018654472616570752
transition 10 5 42 -0.23265194362910213 0.5584014048190508
transition 10 5 18 0.5158585105020426 0.229571653889355
transition 10 5 35 0.24866281832818582 0.14866939583822256
transition 10 5 34 0.3899475847916747 0.06335754545337179
transition 10 6 44 0.5127290432872109 0.16014354099427622
transition 10 6 15 0.645023675641665 0.2817049491850884
transition 10 6 40 -0.1374537767839059 0.11103510923709019
transition 10 6 36 -0.1955218814524018 0.44711640058354507
transition 10 7 2 -0.04772487303146944 1.0
transition 10 8 36 -0.8538697125448806 0.584304181883649
transition 10 8 22 0.5584678379827961 0.08086591440849876
transition 10 8 39 -0.9694190318494527 0.3348299037078523
transition 10 9 45 -0.28757674795054 0.23769470553102157
transition 10 9 42 -0.2219947808243976 0.32452085767707184
transition 10 9 1 -0.4607267509150008 0.4377844367919066
transition 10 10 14 -0.4923032993073122 1.0
transition 10 11 21 0.5230873831824179 0.7922408458525279
transition 10 11 5 -0.49786585687307783 0.20775915414747215
transition 10 12 41 -0.46977973307769316 0.43678923136785924
transition 10 12 19 -0.030987487044053852 0.1656361424854295
transition 10 12 20 0.3985784250815545 0.37958857031684756
transition 10 12 45 -0.8034166732465267 0.01798605582986367
transition 10 13 3 -0.14724455745199316 0.4796892118198429
transition 10 13 27 0.22338657916763394 0.16343676708457955
transition 10 13 46 0.20621872446034928 0.3568740210955775
transition 10 14 10 0.2548985121568419 0.11261491110114522
transition 10 14 13 0.879988763274379 0.37406283366296816
transition 10 14 41 -0.8090532610788819 0.28000447673200696
transition 10 14 7 0.27829476403434206 0.23331777850387964
transition 10 15 3 0.9971275556540133 0.423816970587678
transition 10 15 25 -0.6583744794033033 0.36523883633826243
transition 10 15 37 0.8082206481530481 0.21094419307405957
transition 10 16 47 -0.3769345759597287 1.0
transition 10 17 26 -0.3725868569556037 0.24599758987040068
transition 10 17 6 0.3807523003361999 0.1776231767403619
transition 10 17 2 -0.4478148971857976 0.2781661283646468
transition 10 17 18 0.7541544331570846 0.22120663153210784
transition 10 17 16 0.9886782895139872 0.07700647349248278
transition 10 18 40 0.24998642163937923 0.3593013134258271
transition 10 18 7 -0.10815393868571688 0.34709156847204603
transition 10 18 33 0.29401870116191064 0.29360711810212686
transition 10 19 27 -0.48078101756955505 0.04642013280564852
transition 10 19 43 -0.9863588122103111 0.37707119238180165
transition 10 19 39 -0.9191397905230949 0.15540039386656818
transition 10 19 35 0.8406659580267462 0.4211082809459816
transition 11 0 9 0.14233178060060703 1.0
transition 11 1 5 0.9875865525317788 0.17682160935007632
transition 11 1 13 -0.6002170351490805 0.2082496176899728
transition 11 1 19 -0.47280820637393917 0.09620284888198943
transition 11 1 20 -0.8266458200112901 0.07364214285930436
transition 11 1 27 -0.7370996730815937 0.44508378121865705
transition 11 2 14 0.14121529009673783 0.18731733554830376
transition 11 2 45 0.9330659869297113 0.5347484632519864
transition 11 2 33 0.45475033898692563 0.21437419626038312
transition 11 2 7 -0.8253417783002592 0.06356000493932666
transition 11 3 18 -0.3515079601478093 0.011439757339635374
transition 11 3 3 -0.9343448864758213 0.1492895598067065
transition 11 3 23 0.26720623375217456 0.38508360446489726
transition 11 3 5 -0.2753130403529178 0.008703562524039735
transition 11 3 33 -0.8844537900757141 0.445483515864721
transition 11 4 14 -0.0627556527809292 0.10974808838150409
transition 11 4 16 0.12831503397528232 0.1437971017647439
transition 11 4 31 0.9869215049875242 0.10794067746052079
transition 11 4 15 -0.9245558793906572 0.28884651919364057
transition 11 4 35 0.7290688407984915 0.34966761319959067
transition 11 5 22 0.9964586369721831 0.33358626191208857
transition 11 5 39 0.6906485895202057 0.6664137380879114
transition 11 6 28 0.19846651754964229 0.34950015049455385
transition 11 6 27 0.8349179016448234 0.31480490807847294
transition 11 6 41 -0.39457902213376195 0.3356949414269732
transition 11 7 38 -0.44032190010991457 0.21354519445198047
transition 11 7 40 -0.2308218753858997 0.22811284273532842
transition 11 7 23 0.2720075717759032 0.2571442487012428
transition 11 7 3 0.16968806064474506 0.3011977141114483
transition 11 8 21 0.6612510752586922 0.7013004547753184
transition 11 8 32 -0.9022749986436309 0.2986995452246816
transition 11 9 13 -0.08276125359997577 0.2801526827631628
transition 11 9 17 -0.8892737487182536 0.29341292674995506
transition 11 9 39 0.910621074474588 0.10939121330115634
transition 11 9 19 0.4119914817627257 0.25721744921832235
transition 11 9 4 -0.7485596268439807 0.05982572796740343
transition 11 10 37 0.1117591738144863 0.6250943107951606
transition 11 10 11 -0.2053987680833511 0.3749056892048394
transition 11 11 35 0.05016466108986828 0.1773924318987082
transition 11 11 17 -0.6695283001066807 0.2009365226794232
transition 11 11 18 0.1687910223116622 0.41462962045780155
transition 11 11 0 -0.9733466760111515 0.20704142496406713
transition 11 12 5 -0.8615089737006714 0.22333465137746764
transition 11 12 36 0.9143787088679289 0.4482934460917331
transition 11 12 6 0.9897918117043925 0.026091313702165993
transition 11 12 14 0.3144653779052293 0.30228058882863323
transition 11 13 44 0.32047249392964794 0.10075747242298849
transition 11 13 32 -0.38919132891044694 0.2819308350725721
transition 11 13 21 -0.7689459010606954 0.07808553246996772
transition 11 13 10 -0.5896092967466642 0.2823577991603031
transition 11 13 12 0.8374296319943348 0.25686836087416864
transition 11 14 1 -0.10508060360640625 0.4367140890499936
transition 11 14 20 0.7396348264866344 0.5632859109500064
transition 11 15 7 -0.13177428748867337 1.0
transition 11 16 19 -0.45402567244513947 0.07812356047730219
transition 11 16 24 0.38557640744217125 0.34806392247273316
transition 11 16 12 0.6680812082168692 0.1769434922415724
transition 11 16 4 0.5319093660239265 0.018563417480354377
transition 11 16 1 -0.7213319781936529 0.37830560732803786
transition 11 17 32 0.8065501414603748 0.47695752645256667
transition 11 17 15 0.6941410575350562 0.2286029912962918
transition 11 17 16 -0.491191393484266 0.2944394822511415
transition 11 18 25 0.19273028949874038 0.3458783022327553
transition 11 18 17 -0.8838349902970022 0.02076327528826133
transition 11 18 7 -0.7209456736388371 0.15287778570725977
transition 11 18 4 -0.5707048029866311 0.2426697410263196
transition 11 18 45 -0.6133419862785698 0.23781089574540398
transition 11 19 9 -0.3044379074917274 0.24946255664447145
transition 11 19 47 -0.735472089009265 0.2517589163410811
transition 11 19 2 -0.911423985050267 0.15298894095786747
transition 11 19 37 0.856083466733027 0.34578958605658006
transition 12 0 35 -0.9891541547685565 0.19903368687374093
transition 12 0 30 -0.12960203727543385 0.5668049742892337
transition 12 0 16 -0.9962004594400564 0.23416133883702533
transition 12 1 21 0.17900420124674477 1.0
transition 12 2 49 -0.22113206997850288 0.41071597462021764
transition 12 2 7 0.889461183924235 0.049074939484717875
transition 12 2 11 -0.21958053552428702 0.3552423233535023
transition 12 2 4 0.6550438888788075 0.18496676254156208
transition 12 3 47 0.9000096812951155 1.0
transition 12 4 11 -0.7995404579685432 0.6826132669828124
transition 12 4 7 -0.7300251705621934 0.05411348143425815
transition 12 4 2 -0.07027863962813208 0.26327325158292936
transition 12 5 42 -0.5958297303604307 0.23409158629560903
transition 12 5 22 -0.606067254947189 0.765908413704391
transition 12 6 24 0.19878803624862185 0.20717234898166534
transition 12 6 34 -0.9875883316114784 0.3137134099101082
transition 12 6 14 0.22536093263267132 0.17425543462061024
transition 12 6 8 0.48520360674345264 0.30485880648761615
transition 12 7 22 -0.7643120322242769 0.105703939975374
transition 12 7 15 0.11313817956400007 0.2956448483833304
transition 12 7 8 -0.37024828109610364 0.25750920210847605
transition 12 7 18 -0.7024196191029919 0.3411420095328196
transition 12 8 17 -0.21675782485608197 0.5443188105231695
transition 12 8 28 -0.16523751664154607 0.4556811894768304
transition 12 9 16 0.034839369786740626 0.4337744789030811
transition 12 9 3 0.31801840936857073 0.5662255210969189
transition 12 10 30 0.21522413011884112 1.0
transition 12 11 11 -0.4977568937412451 0.2102704314186243
transition 12 11 12 0.07654355908481181 0.4518302731438432
transition 12 11 7 0.6748503910912245 0.33789929543753255
transition 12 12 12 0.8462979955531729 0.41414224141196987
transition 12 12 24 0.5275046205829144 0.5858577585880302
transition 12 13 29 0.4619842364006699 0.16513395561973399
transition 12 13 25 -0.18334979571411214 0.2764109009784197
transition 12 13 6 -0.315824028435036 0.22724567037745902
transition 12 13 14 -0.34409907057122613 0.33120947302438725
transition 12 14 23 0.9861712772114153 0.2381792744505642
transition 12 14 39 -0.013977212886103096 0.7618207255494358
transition 12 15 13 -0.9384621080065552 0.3241644555135273
transition 12 15 44 0.05136484310221712 0.38466620532695417
transition 12 15 18 0.5971399590882256 0.2911693391595185
transition 12 16 35 0.5521732679232181 0.31520929933023734
transition 12 16 24 0.8144530531383336 0.21643244800140682
transition 12 16 16 0.8626923726147886 0.32826929163705815
transition 12 16 19 -0.840513716182165 0.0916448250393707
transition 12 16 31 -0.49884540929911325 0.04844413599192707
transition 12 17 49 -0.8294619891768324 1.0
transition 12 18 39 0.022859696042002886 0.24802948236266265
transition 12 18 24 -0.983417071091415 0.22094917819394472
transition 12 18 0 -0.9499534803865384 0.2459608337687248
transition 12 18 35 0.04988590439403362 0.03225352320410437
transition 12 18 5 0.9326054303483347 0.2528069824705634
transition 12 19 7 -0.2888246898895379 0.36676471932589055
transition 12 19 42 0.8974177892679562 0.21137344575521447
transition 12 19 14 -0.7089943119534023 0.42186183491889495
transition 13 0 29 0.9976926455464512 0.22207611583107442
transition 13 0 48 -0.08952060604365508 0.2702918775898895
transition 13 0 0 0.5440684677378234 0.3106071456072839
transition 13 0 26 0.0722644076001322 0.15385009283675924
transition 13 0 10 0.5850579179329134 0.0431747681349929
transition 13 1 36 -0.8827453655731083 0.26689515789236995
transition 13 1 30 -0.780646657069626 0.26766307830394975
transition 13 1 24 0.1662954491539903 0.19442444322570318
transition 13 1 39 0.8864428531125024 0.2710173205779771
transition 13 2 35 0.311508939460593 0.5205604107535764
transition 13 2 6 -0.9721015181017711 0.47943958924642355
transition 13 3 37 0.8498010049136191 0.258399041426895
transition 13 3 16 -0.7088454773851505 0.31212502077179555
transition 13 3 26 0.5577390941886675 0.06671683636883524
transition 13 3 4 -0.1608352612299746 0.3281400516696922
transition 13 3 2 0.032462854389047946 0.0346190497627821
transition 13 4 31 -0.0547079109133477 0.8095634992457393
transition 13 4 34 0.052400698639748056 0.19043650075426063
transition 13 5 43 -0.7797761379831079 0.658246337020299
transition 13 5 6 0.042697540074528195 0.341753662979701
transition 13 6 27 -0.8750880857539505 0.1967775620061319
transition 13 6 46 -0.006127979918517434 0.29807095290674285
transition 13 6 20 -0.09016859409640388 0.008427428841254544
transition 13 6 38 0.6487105145475922 0.3801705794584502
transition 13 6 9 -0.40536363373248885 0.11655347678742065
transition 13 7 40 -0.16880433280894613 0.4667821969083053
transition 13 7 25 -0.6244401870728962 0.5332178030916948
transition 13 8 8 -0.7484117305453704 0.1044063584716986
transition 13 8 46 0.2768164736253831 0.28087109282518746
transition 13 8 30 0.9739793384914741 0.041282988342691535
transition 13 8 19 -0.3657039255337555 0.2875780222244346
transition 13 8 38 -0.3610594804206375 0.28586153813598775
transition 13 9 21 0.5084052321889811 1.0
transition 13 10 44 -0.6667533168932396 0.07124360109870818
transition 13 10 34 0.997190542978323 0.3429635245419392
transition 13 10 18 0.14259618216159464 0.27426498603488764
transition 13 10 43 -0.8561050368531613 0.311527888324465
transition 13 11 4 -0.8544707291528331 0.3767357096904584
transition 13 11 38 0.8339708271384867 0.13643543717011375
transition 13 11 18 -0.08883375254024428 0.22717226886548844
transition 13 11 27 -0.10297986812487303 0.11596420179679345
transition 13 11 24 -0.7303779088904452 0.14369238247714605
transition 13 12 40 0.013549192936315624 0.4108965735281492
transition 13 12 45 0.801184631078167 0.04196364240919836
transition 13 12 4 -0.3517118328501281 0.20910799476030978
transition 13 12 9 -0.6558778482179983 0.33803178930234273
transition 13 13 13 0.061784354564707655 0.2003332152166499
transition 13 13 38 0.21620293426608028 0.2629190466498791
transition 13 13 12 -0.8451876880134852 0.25046318752855756
transition 13 13 15 0.15088207456532876 0.19699803639039862
transition 13 13 17 -0.8632317091417308 0.08928651421451485
transition 13 14 9 -0.36450977982293553 1.0
transition 13 15 12 -0.9825423286105166 0.2993491133497023
transition 13 15 44 0.7930468662298973 0.49752813345733155
transition 13 15 30 -0.7916777459782354 0.20312275319296616
transition 13 16 48 -0.8892741899191412 1.0
transition 13 17 49 -0.3619327021621537 0.2692671917142749
transition 13 17 16 0.14673045803628737 0.11781711268478162
transition 13 17 31 -0.6705438523519014 0.17740960825899507
transition 13 17 34 0.7096821282090195 0.34728185177515514
transition 13 17 10 -0.6679374165670615 0.08822423556679322
transition 13 18 34 -0.5108304414617206 0.4138645666613271
transition 13 18 1 0.011058337635580173 0.5861354333386729
transition 13 19 15 0.8304072503921085 0.31684500557971945
transition 13 19 44 0.1363541116749878 0.34747257657210995
transition 13 19 23 -0.3386289288245281 0.2901855336232375
transition 13 19 27 -0.1824792771217547 0.04549688422493311
transition 14 0 15 -0.8399420906160713 0.34007852408008654
transition 14 0 40 -0.7014220049560904 0.19228592638172315
transition 14 0 30 0.5749632400221933 0.3351526926344027
transition 14 0 13 -0.3176815840620921 0.1324828569037876
transition 14 1 26 -0.23427235286640014 0.39477386536553627
transition 14 1 6 -0.45261451758290017 0.6052261346344637
transition 14 2 49 0.15951179487069078 1.0
transition 14 3 10 -0.604002245821204 0.2844533579040844
transition 14 3 35 0.127032356885997 0.2871819587681742
transition 14 3 2 -0.7343815447641076 0.3162186809002729
transition 14 3 24 -0.27261352091863045 0.11214600242746851
transition 14 4 27 -0.44161619804346963 1.0
transition 14 5 13 -0.7415062987110428 0.30607723747054405
transition 14 5 36 -0.37126807214379554 0.2637324478298383
transition 14 5 10 -0.5778154958846895 0.31259961304557926
transition 14 5 38 -0.05553218785606284 0.11759070165403833
transition 14 6 11 -0.654761560658135 0.4688317542709939
transition 14 6 6 0.6579203032300633 0.07376887724548695
transition 14 6 38 0.14810437738768334 0.15884743911970492
transition 14 6 48 0.9920398963466819 0.29855192936381425
transition 14 7 9 -0.5195494329146675 0.08349287200220346
transition 14 7 6 0.9113101403150896 0.5371916022653792
transition 14 7 39 0.9771602763024023 0.37931552573241734
transition 14 8 4 -0.7320947613028328 0.05020559136435133
transition 14 8 20 -0.48148427042593944 0.3083938492415129
transition 14 8 25 -0.8566065071471183 0.12593151222278293
transition 14 8 16 -0.8873770173869111 0.3437149494426625
transition 14 8 22 0.06788132309880357 0.1717540977286903
transition 14 9 40 -0.6109592721868633 0.3173291998251618
transition 14 9 48 0.1330493499135159 0.12140175045098942
transition 14 9 0 -0.8791471369033654 0.17209692104131938
transition 14 9 42 -0.2800686132176644 0.38917212868252943
transition 14 10 22 0.5125373355812914 0.45772248558424233
transition 14 10 18 0.0540170273657834 0.5422775144157577
transition 14 11 6 0.6435917987044977 0.13043181565074521
transition 14 11 7 0.08784534878962846 0.13884872735069048
transition 14 11 28 -0.24406899831840478 0.32209947401692934
transition 14 11 44 -0.8022458067738774 0.40861998298163493
transition 14 12 46 0.6163082140648608 0.405204361259186
transition 14 12 4 0.5448731186930331 0.07047632446127236
transition 14 12 39 -0.09753917582682958 0.5243193142795416
transition 14 13 4 -0.5942620582213063 0.1475589387672825
transition 14 13 31 0.5454995415456432 0.4113531992004332
transition 14 13 45 -0.8603480898536222 0.42861375382482775
transition 14 13 2 0.887603456464302 0.012474108207456485
transition 14 14 37 0.43098411086710997 0.2953299878510727
transition 14 14 24 0.9799536430789098 0.7046700121489272
transition 14 15 3 0.7670676414272113 0.2641727742837539
transition 14 15 4 0.7200517932027186 0.25807845227455595
transition 14 15 8 0.7404699514524324 0.16899390571836026
transition 14 15 38 -0.861352145373028 0.30875486772332994
transition 14 16 14 0.7562506102949735 0.37528047468688697
transition 14 16 11 0.44547604560077536 0.2283799156275141
transition 14 16 21 -0.5164098814228446 0.39633960968559895
transition 14 17 23 -0.7474880342388224 0.2836717288329724
transition 14 17 25 0.006222731815550997 0.4271117258641648
transition 14 17 24 -0.8233329239953757 0.2892165453028627
transition 14 18 49 -0.00479656736680667 0.21225237464330587
transition 14 18 27 -0.14016202117379595 0.17340701321483581
transition 14 18 7 0.765397243561331 0.6143406121418583
transition 14 19 37 -0.792925467267467 0.029986045954287003
transition 14 19 14 0.9395405726201744 0.40138665023294917
transition 14 19 40 0.5661819523996603 0.44940743770207103
transition 14 19 26 0.23254214691915132 0.11921986611069274
transition 15 0 41 0.10471150589912903 0.3817176496023165
transition 15 0 3 0.8162930189039717 0.11606290787905436
transition 15 0 35 -0.15470278548323568 0.05681845524260306
transition 15 0 28 0.11601060464920443 0.445400987276026
transition 15 1 22 -0.5699255498261586 0.5220640364035569
transition 15 1 18 -0.31075965820450935 0.37064938996829516
transition 15 1 45 -0.22250794967672793 0.10728657362814795
transition 15 2 40 0.7587073968311671 0.5807905919458606
transition 15 2 5 0.7421172273824739 0.007363080938658489
transition 15 2 28 0.7948998924225774 0.41184632711548086
transition 15 3 40 -0.9706415887287236 0.18941299782805282
transition 15 3 48 0.5418928198993931 0.8105870021719472
transition 15 4 16 -0.4176705013507518 0.057259643088925866
transition 15 4 28 0.7551725301712158 0.17103781534162882
transition 15 4 37 0.21481897046588871 0.2165309261507423
transition 15 4 9 0.23478180826895545 0.31116602992119274
transition 15 4 20 0.07257165051421799 0.24400558549751028
transition 15 5 8 -0.7168166163838559 0.5246706730721578
transition 15 5 26 -0.7155966730295007 0.3040974559325838
transition 15 5 35 0.30115603446652983 0.1712318709952583
transition 15 6 4 0.039073759548686304 0.302714735050946
transition 15 6 49 -0.10816129136073993 0.6972852649490541
transition 15 7 49 0.7132578490543509 1.0
transition 15 8 32 0.6943463101531544 1.0
transition 15 9 38 -0.34128079426240143 0.09625275256700115
transition 15 9 0 -0.9286708142514308 0.4515805289100474
transition 15 9 17 0.05932960038049906 0.45216671852295137
transition 15 10 19 -0.38320726437240005 0.5640844018628436
transition 15 10 8 0.3086803173016679 0.2735603621472837
transition 15 10 16 -0.7292951287218008 0.16235523598987267
transition 15 11 8 -0.14157132425482843 0.3057560726995694
transition 15 11 13 -0.5786966789897476 0.144156847657663
transition 15 11 7 0.8899953213521297 0.2915093753547086
transition 15 11 26 -0.16269905213029023 0.25857770428805893
transition 15 12 49 -0.19557699958034735 0.4889684114998703
transition 15 12 35 -0.12465683883013057 0.2916012814665375
transition 15 12 31 0.005070390870412389 0.030105796485116385
transition 15 12 12 -0.02862257144325775 0.1893245105484759
transition 15 13 27 -0.2549556332882006 0.037939285180049895
transition 15 13 36 -0.3770569478420793 0.5335040658845299
transition 15 13 33 0.49537716871398696 0.4285566489354202
transition 15 14 37 -0.306775803344991 0.06517715377076837
transition 15 14 45 -0.5305671631893505 0.4073292029938387
transition 15 14 19 -0.6629504201007856 0.2274576491582962
transition 15 14 13 -0.0587661642426045 0.30003599407709675
transition 15 15 26 0.3288836612091939 0.1691217795196889
transition 15 15 1 0.092979571604763 0.06441287823424822
transition 15 15 16 0.9400684216684461 0.16311013665628102
transition 15 15 34 -0.32249162279596955 0.289305108316337
transition 15 15 0 0.39973522774116366 0.3140500972734448
transition 15 16 31 0.8766252845175659 0.32108437240364673
transition 15 16 33 -0.48720082373009066 0.2099172276478591
transition 15 16 30 0.09589797558072277 0.4689983999484942
transition 15 17 1 0.21118148427174077 1.0
transition 15 18 31 0.06423475774264831 0.21508256830122455
transition 15 18 17 0.9149827427310784 0.2806385166730196
transition 15 18 39 -0.6729256409812177 0.2007435126885099
transition 15 18 26 -0.9744710236713978 0.3035354023372459
transition 15 19 46 -0.5648066411078889 1.0
transition 16 0 1 0.5739845266004671 0.2782321600961083
transition 16 0 11 -0.2889839973122257 0.014659373827692982
transition 16 0 24 0.6206390909366593 0.3389731808249682
transition 16 0 13 -0.26076303152351765 0.21976080174303475
transition 16 0 0 0.47010189779422373 0.14837448350819585
transition 16 1 41 -0.48278545427592867 0.45851040680489324
transition 16 1 8 0.1962430263682744 0.5414895931951068
transition 16 2 11 -0.5804200421500718 0.22812848439259445
transition 16 2 14 0.5217152061464239 0.09099911573912509
transition 16 2 1 0.550188138966623 0.2614841030401201
transition 16 2 9 0.1680704470935943 0.15087494842834645
transition 16 2 49 0.7226083773062135 0.268513348399814
transition 16 3 36 0.19660182195059428 0.1887601051553619
transition 16 3 21 0.6686576304177885 0.10563756880456665
transition 16 3 33 -0.22457510870321262 0.420034110365244
transition 16 3 35 -0.4890116788454164 0.2855682156748275
transition 16 4 31 0.4601672478303305 0.08859191951970659
transition 16 4 19 0.6624022399198386 0.5890801307308897
transition 16 4 43 0.2540112137097945 0.3223279497494037
transition 16 5 41 -0.7122468573758116 0.40703986395240394
transition 16 5 7 -0.8274416775996167 0.5929601360475961
transition 16 6 23 -0.9853315283797 0.2585176673204001
transition 16 6 28 0.39540162273752455 0.7414823326796
transition 16 7 29 -0.6639712815005265 0.12577221720715273
transition 16 7 7 -0.5409247903938854 0.0959375705306279
transition 16 7 49 0.9982142874549258 0.7782902122622194
transition 16 8 6 0.9927845591387683 0.3889126730064691
transition 16 8 47 0.19356361393476273 0.2097162167874825
transition 16 8 23 0.5258369882435652 0.03758811838959618
transition 16 8 3 0.9938664800967147 0.3637829918164523
transition 16 9 5 -0.7448288713807276 0.8211285293466751
transition 16 9 9 -0.46654913582626123 0.17887147065332487
transition 16 10 26 -0.9360302414098223 1.0
transition 16 11 24 0.3108501024978023 0.5339247896245306
transition 16 11 42 -0.4091767408270044 0.4660752103754694
transition 16 12 22 0.4454507103021972 0.1799014060494232
transition 16 12 16 0.9951197439340238 0.2211689083948015
transition 16 12 15 -0.26363875423948 0.5989296855557754
transition 16 13 30 -0.570905030256593 1.0
transition 16 14 16 -0.11690851156007587 0.24609898449956016
transition 16 14 45 0.18242274752563703 0.04780611903994748
transition 16 14 36 0.956905362840019 0.2810794418493974
transition 16 14 18 -0.7020705898903743 0.425015454611095
transition 16 15 2 -0.7687476527076791 1.0
transition 16 16 7 0.6699800040100783 0.6344755346712548
transition 16 16 48 -0.45060683261106993 0.3655244653287451
transition 16 17 22 -0.2565880064134005 0.6149128329779328
transition 16 17 41 0.8382608832658587 0.3850871670220671
transition 16 18 23 -0.935952137773981 0.1897831903884367
transition 16 18 24 0.1229921172266184 0.10828296015462599
transition 16 18 42 0.17063476148754808 0.7019338494569373
transition 16 19 14 0.43151631684781555 0.1919988657873297
transition 16 19 5 0.11022386757459635 0.22100087040234356
transition 16 19 4 0.6738637636978198 0.31183205200438346
transition 16 19 34 0.2050970016996121 0.2751682118059433
transition 17 0 10 -0.780447635685104 0.06922595931465145
transition 17 0 8 -0.26703041304564445 0.9307740406853485
transition 17 1 19 -0.8189492333131432 1.0
transition 17 2 20 -0.8415792243182083 0.11401163455967335
transition 17 2 47 0.7889947453475796 0.3467183878230302
transition 17 2 1 0.8368687096752208 0.5392699776172964
transition 17 3 43 -0.8431911189844445 0.30793908864724473
transition 17 3 28 0.2420472427842324 0.32163985815069007
transition 17 3 11 0.34475703827754933 0.3095014093827724
transition 17 3 3 -0.17857500234614299 0.06091964381929281
transition 17 4 10 0.9276707604874421 1.0
transition 17 5 30 -0.20547010651282416 0.7127858935371006
transition 17 5 21 -0.47286566095677895 0.28721410646289935
transition 17 6 34 0.6221991837777314 0.45964146140428963
transition 17 6 19 -0.8707998058427417 0.37594858943483855
transition 17 6 35 0.6928147044022956 0.16440994916087182
transition 17 7 43 0.4144614906867157 0.17659236596542763
transition 17 7 23 0.13638227479177867 0.8234076340345724
transition 17 8 3 -0.37613703052800673 0.5295997969739167
transition 17 8 37 0.19078063054762318 0.17238377305098174
transition 17 8 18 0.14104595121386487 0.2980164299751017
transition 17 9 32 0.9392349180062574 0.06520664825185514
transition 17 9 15 0.7956089073736077 0.3096246938531112
transition 17 9 36 0.661492032945397 0.4025573124427088
transition 17 9 21 -0.5102073762319486 0.22261134545232492
transition 17 10 21 -0.45999865929236594 0.2974449731980465
transition 17 10 11 0.04635762707725366 0.3358807769935744
transition 17 10 44 0.6799076701146325 0.2617305727003747
transition 17 10 19 0.25491619556596223 0.10494367710800438
transition 17 11 29 -0.5140574864321541 0.24945409460954487
transition 17 11 4 -0.8961732726095339 0.10623013382523369
transition 17 11 43 0.38462916792027757 0.22809028444701163
transition 17 11 3 -0.5884543333171377 0.22716966919926732
transition 17 11 32 0.10038090900826813 0.18905581791894246
transition 17 12 15 -0.4868619351173262 0.12550866998846447
transition 17 12 48 0.664705597419367 0.25596091446973873
transition 17 12 27 -0.8062936508179219 0.08573991551683725
transition 17 12 29 0.8266998637375436 0.3746122744277491
transition 17 12 46 -0.12009982111747552 0.15817822559721054
transition 17 13 32 0.5020354400070886 0.14432097125118834
transition 17 13 41 0.20498392933609644 0.6258725807413417
transition 17 13 1 -0.55100326796848 0.22980644800746997
transition 17 14 6 0.8881894275844715 1.0
transition 17 15 28 -0.2505671308463153 0.32829860874096656
transition 17 15 39 0.8517437193322219 0.39031502233286736
transition 17 15 25 -0.5142928771729709 0.28138636892616614
transition 17 16 9 0.206581309807486 0.5072542373630995
transition 17 16 19 0.6440997012583767 0.09408596629803215
transition 17 16 13 0.13147258524811845 0.39865979633886844
transition 17 17 0 -0.3156406613363951 0.3131497626991745
transition 17 17 9 0.11126203515403588 0.37141232735796126
transition 17 17 18 0.4742658665478614 0.31543790994286425
transition 17 18 37 -0.550462788238522 0.27231735377207833
transition 17 18 7 -0.47881603145028184 0.23792800399621825
transition 17 18 19 -0.4907142601115959 0.23888761033211056
transition 17 18 25 -0.504584672627705 0.25086703189959286
transition 17 19 18 0.5537300029659595 0.08642283242506762
transition 17 19 5 0.41448003098504604 0.28165643754200637
transition 17 19 6 -0.9177352467157982 0.25346602146563213
transition 17 19 40 0.21837897491740854 0.18875187244034888
transition 17 19 7 -0.7784786373154593 0.189702836126945
transition 18 0 0 0.17066494090467144 0.7131493553131114
transition 18 0 30 0.7478882127487079 0.28685064468688853
transition 18 1 28 0.9327681138244319 0.41988412629606514
transition 18 1 44 0.6806244021089185 0.5801158737039348
transition 18 2 20 -0.8184196019508574 1.0
transition 18 3 19 -0.7298837728623264 0.5232398333942704
transition 18 3 14 -0.31296613523172856 0.4767601666057295
transition 18 4 42 -0.6847660011572012 0.2413101396483231
transition 18 4 43 0.923491709519997 0.008826259335459184
transition 18 4 26 -0.9008414720282427 0.4093755431716295
transition 18 4 32 -0.4189305768228986 0.0226351681582033
transition 18 4 23 -0.5132920961574066 0.3178528896863849
transition 18 5 1 0.25661212539366707 0.021503822437328495
transition 18 5 36 0.9323681043838978 0.49682169975435886
transition 18 5 34 0.390061565984793 0.004288464018069183
transition 18 5 45 0.7769515987216145 0.4773860137902434
transition 18 6 13 0.28977301479867923 0.1102459411090375
transition 18 6 26 0.9026098149259363 0.4462580716854886
transition 18 6 32 -0.41684677566374906 0.1439107939326211
transition 18 6 15 -0.16224159077857792 0.09309496861818238
transition 18 6 8 0.07395682897351175 0.20649022465467043
transition 18 7 41 -0.8624990394770469 0.430905569589587
transition 18 7 16 0.44358882171522285 0.5306863982514548
transition 18 7 1 0.929894944192242 0.03840803215895823
transition 18 8 43 -0.4779539638630461 0.48027894764281853
transition 18 8 40 -0.3881203844795873 0.002767922646326351
transition 18 8 20 0.5958476576302711 0.27052781346746263
transition 18 8 15 0.7226770539159875 0.24642531624339242
transition 18 9 16 -0.608035945646638 0.3993284769457607
transition 18 9 13 0.6078436527964104 0.007993291596000733
transition 18 9 23 0.16108977541465452 0.5926782314582387
transition 18 10 15 0.9395320194729422 0.11459232837795756
transition 18 10 48 0.5104895360505508 0.43231741085145464
transition 18 10 37 -0.8645469712925293 0.2567284066592169
transition 18 10 3 0.5876849828110675 0.196361854111371
transition 18 11 47 0.6219522196630849 0.14295477715898683
transition 18 11 22 -0.5057458457222044 0.2786294772019729
transition 18 11 4 0.8272032787094348 0.26114341927838636
transition 18 11 27 0.8087421509292037 0.3172723263606539
transition 18 12 20 0.27412641847009955 0.4474695422901196
transition 18 12 13 -0.2070546199719696 0.2389190986363539
transition 18 12 11 0.3714771941636936 0.10445126480955631
transition 18 12 42 0.38837371564908985 0.20916009426397025
transition 18 13 45 0.5090327275086886 0.14853752488541505
transition 18 13 33 0.9852589252697854 0.32635232921787116
transition 18 13 7 0.4669281411049251 0.1294126930626038
transition 18 13 16 -0.22308551717599667 0.2634844049878171
transition 18 13 10 -0.5295926436915082 0.1322130478462929
transition 18 14 23 0.08065599171729865 0.42097475490047687
transition 18 14 48 -0.5698639820503946 0.32406861837316264
transition 18 14 10 -0.27266593403160044 0.25495662672636055
transition 18 15 11 0.03522749412913084 0.36124741462234644
transition 18 15 37 0.12715456888379473 0.3081759865758863
transition 18 15 32 0.012183599576687465 0.055230880269535994
transition 18 15 28 0.17239315089988194 0.02953221270114331
transition 18 15 10 0.6376237093106776 0.24581350583108788
transition 18 16 5 0.7878473378753099 1.0
transition 18 17 40 0.9214694401493548 1.0
transition 18 18 26 0.4414039060788322 0.16961299880488695
transition 18 18 5 0.25464860689858004 0.2625335218676696
transition 18 18 32 -0.3155893998719743 0.24911936836984894
transition 18 18 40 -0.2026126076462591 0.3187341109575946
transition 18 19 41 0.16833611436033658 0.33599801127575823
transition 18 19 42 0.8607105092564711 0.08052095360789381
transition 18 19 1 0.09896637669577113 0.33494696323552164
transition 18 19 31 -0.05770049021108181 0.24724039818181603
transition 18 19 14 -0.3028992128132768 0.0012936736990103357
transition 19 0 5 -0.3183689121379589 0.22060369647800013
transition 19 0 19 -0.23553324341270798 0.23902962018052842
transition 19 0 48 0.2366576207911537 0.04548893719703273
transition 19 0 17 0.25433007886486125 0.23231039655247487
transition 19 0 4 0.632320392631416 0.26256734959196376
transition 19 1 20 -0.5280277133726021 0.65333305767338
transition 19 1 11 0.8642382268002293 0.34666694232661993
transition 19 2 22 0.525528078761232 0.28231908258984134
transition 19 2 37 -0.6981621819347608 0.19639817429333029
transition 19 2 42 0.2671861093548704 0.35264565248484325
transition 19 2 11 0.7332492367068646 0.16863709063198506
transition 19 3 12 -0.09956606385181233 0.4604479190336373
transition 19 3 9 -0.10884209083419538 0.5395520809663628
transition 19 4 4 -0.20070828156504028 0.38690907395947166
transition 19 4 13 0.646397373014711 0.05463754754111544
transition 19 4 21 0.7567132795422926 0.15086069426027024
transition 19 4 28 -0.2363273542681692 0.4075926842391426
transition 19 5 40 0.6862927705748774 0.16952484284977393
transition 19 5 20 -0.4194559511309959 0.15969259967778673
transition 19 5 42 0.1379944863077638 0.3486276335193627
transition 19 5 25 0.5865258215147837 0.32215492395307666
transition 19 6 46 -0.1257516179718745 0.05272037129823419
transition 19 6 35 0.07725238908171717 0.16370083636440055
transition 19 6 21 -0.4245201467486204 0.24877387138410534
transition 19 6 16 -0.9631198970173558 0.5348049209532599
transition 19 7 14 0.36703773456764965 0.258460642663136
transition 19 7 15 -0.10687390918824446 0.25561510762598977
transition 19 7 29 0.4503636059270326 0.1019706973323643
transition 19 7 49 -0.5290951066025045 0.27838982864872613
transition 19 7 44 -0.38296172390805094 0.1055637237297838
transition 19 8 22 0.48303014129830535 0.41981936280205584
transition 19 8 9 -0.9534007903449826 0.5801806371979442
transition 19 9 27 0.7536915543804477 1.0
transition 19 10 23 0.009476514163571537 1.0
transition 19 11 4 -0.424150851622096 0.11709706117935596
transition 19 11 39 0.4594319239673976 0.8829029388206441
transition 19 12 2 0.4655709355936628 0.556161630814847
transition 19 12 25 0.9294413449912977 0.44383836918515296
transition 19 13 2 0.445405517664361 0.1770704261081934
transition 19 13 9 0.2141783042079195 0.028579543800693802
transition 19 13 17 -0.4688925284654186 0.0660157947334118
transition 19 13 44 0.05043173175830118 0.32178836714425935
transition 19 13 39 -0.6972726056480076 0.4065458682134416
transition 19 14 8 0.48615227488684853 0.32334691107763164
transition 19 14 48 0.6943533813911591 0.13043696076047862
transition 19 14 42 0.30626990991746617 0.15679924549890617
transition 19 14 26 0.5190303093600939 0.38941688266298363
transition 19 15 13 0.2710675747261222 0.21526671530917887
transition 19 15 24 0.07838411995238292 0.41515500837178476
transition 19 15 36 0.9500343300023544 0.3695782763190364
transition 19 16 28 0.5146780093018879 0.43380400932875796
transition 19 16 6 -0.012249814730499686 0.09293512570161327
transition 19 16 11 0.010727277428407955 0.38106394450814074
transition 19 16 38 -0.09713751255062797 0.03234739686824038
transition 19 16 49 0.5625549609781502 0.059849523593247626
transition 19 17 40 0.5602265901168075 0.008842570930837188
transition 19 17 14 -0.2438188523388558 0.21832505844212913
transition 19 17 45 0.6118928387845943 0.05745170887131704
transition 19 17 29 -0.550320055685773 0.46627539360425957
transition 19 17 18 -0.8236994846296748 0.24910526815145706
transition 19 18 24 0.6218407380856474 0.31939109419300804
transition 19 18 21 -0.925718855768715 0.25794836236210733
transition 19 18 36 -0.893484179720432 0.42266054344488463
transition 19 19 42 -0.06759804335814978 0.9976756300912709
transition 19 19 24 -0.9828710459281542 0.002324369908729112
transition 20 0 44 -0.7407286454746798 0.04992324412334541
transition 20 0 6 -0.7033444272227645 0.46129982436140354
transition 20 0 0 -0.3925923664677995 0.24481704754666578
transition 20 0 9 -0.19148587408692697 0.24395988396858528
transition 20 1 18 0.5274509840265893 0.4811369516246251
transition 20 1 41 0.5305037877438104 0.30035602939462225
transition 20 1 48 -0.8206931800778299 0.21850701898075267
transition 20 2 29 0.11237918276371817 0.5839649938545369
transition 20 2 16 -0.654729714033744 0.024342967732567514
transition 20 2 5 -0.4849775541698289 0.39169203841289557
transition 20 3 11 -0.775258475107967 0.5355057932643417
transition 20 3 39 0.16680848893744282 0.46449420673565833
transition 20 4 25 0.08297323109044075 0.49772621174931936
transition 20 4 15 -0.23376367239672202 0.5022737882506806
transition 20 5 34 -0.9129037780773686 0.3430607999014697
transition 20 5 1 -0.8481487522053528 0.2096452440216394
transition 20 5 45 0.08805459743260902 0.1343118055882134
transition 20 5 25 0.9265238001449283 0.31298215048867756
transition 20 6 12 0.40345749770416406 0.478141389958572
transition 20 6 7 -0.1344448072436879 0.521858610041428
transition 20 7 0 -0.0030166566482849877 1.0
transition 20 8 36 0.11644182456304453 0.46954249462190345
transition 20 8 37 0.3314524471094067 0.5304575053780967
transition 20 9 40 -0.943961463433252 0.19754986669960103
transition 20 9 29 0.1277118505013881 0.021559734470915602
transition 20 9 45 -0.2252314324063005 0.3174449094535481
transition 20 9 35 -0.12215621553608291 0.3194481877461116
transition 20 9 18 -0.6558170165632753 0.14399730162982374
transition 20 10 35 -0.8626935019626816 0.24627110152713533
transition 20 10 12 -0.6128532711411214 0.23689716475685318
transition 20 10 32 -0.3701963154995638 0.23411665463528933
transition 20 10 26 -0.35875480450404407 0.2827150790807222
transition 20 11 35 -0.16657165287025189 0.3562244570749108
transition 20 11 20 -0.16721048309217101 0.17650956957160882
transition 20 11 6 -0.946513515020708 0.2651364011986941
transition 20 11 40 -0.09899484453311125 0.17438191078645265
transition 20 11 9 -0.058969222324567916 0.027747661368333554
transition 20 12 27 0.08834475904392347 0.8069516497704666
transition 20 12 32 -0.4070034718900122 0.19304835022953334
transition 20 13 37 0.6887351888316806 0.012679509611754321
transition 20 13 15 0.6498476184645323 0.5213872888898414
transition 20 13 4 0.5262181395288985 0.10473623268928026
transition 20 13 8 -0.6049449262450648 0.361196968809124
transition 20 14 5 0.9972740689221535 1.0
transition 20 15 22 0.027900754639257563 1.0
transition 20 16 35 0.8213191801650404 0.7113578299012447
transition 20 16 7 0.08694495532392965 0.28864217009875526
transition 20 17 22 -0.8503194397094405 0.2879024264733855
transition 20 17 37 -0.10558920225934942 0.34054448068682336
transition 20 17 23 -0.5752537959787234 0.2681900180675228
transition 20 17 18 -0.19574213594677725 0.10336307477226835
transition 20 18 11 -0.9064602282750405 0.23206370142479935
transition 20 18 1 0.9053638835938667 0.5941331284566246
transition 20 18 25 0.36669551260761035 0.1738031701185761
transition 20 19 13 -0.7758498896627901 0.2341128324648542
transition 20 19 33 0.16797752419852374 0.4978721594778509
transition 20 19 8 0.3973820728868058 0.00017153666671173329
transition 20 19 6 0.017986459038484615 0.2678434713905831
transition 21 0 23 0.6472871538737557 0.19565645163799478
transition 21 0 1 0.3525832686174355 0.2637823473361047
transition 21 0 11 0.14978338309200256 0.2416085380125042
transition 21 0 41 0.12747894753437738 0.2029654512819827
transition 21 0 8 0.06415188220605295 0.09598721173141365
transition 21 1 48 0.4192886634924111 0.31778911269152355
transition 21 1 30 -0.08293235069229743 0.35395482414982965
transition 21 1 6 0.17930291698647838 0.32825606315864675
transition 21 2 33 0.06369745992741316 0.0790175463511177
transition 21 2 31 0.9831138754351691 0.05852180024690272
transition 21 2 13 -0.26160161669883863 0.3127036364154212
transition 21 2 43 0.5870345665065255 0.2587818580227222
transition 21 2 40 0.5352494513711872 0.29097515896383613
transition 21 3 47 0.4394020999291157 0.29441480568812634
transition 21 3 6 0.972339301262888 0.3254615685259665
transition 21 3 13 0.3049187919897176 0.380123625785907
transition 21 4 41 -0.43111405456890495 0.21316582259000602
transition 21 4 8 -0.6480370702101341 0.48472598962913
transition 21 4 21 -0.7157065566986625 0.302108187780864
transition 21 5 19 0.44450410578392496 0.23301666667504192
transition 21 5 10 0.408474984188991 0.27267093518422536
transition 21 5 14 -0.16945174173600508 0.4943123981407328
transition 21 6 19 0.323793496816974 0.315773164761924
transition 21 6 33 -0.7091806550468214 0.18402748117394602
transition 21 6 47 -0.9819016126081692 0.50019935406413
transition 21 7 31 -0.3113617641635251 0.07035903981491365
transition 21 7 28 -0.39853736843359044 0.23740438573390488
transition 21 7 35 -0.9752233747763916 0.2716563320809719
transition 21 7 46 -0.8645813218410214 0.18369206968277024
transition 21 7 0 0.6565214079154755 0.2368881726874394
transition 21 8 14 0.6332605060566883 0.14955926928186322
transition 21 8 21 -0.6431531983274275 0.1761271258901591
transition 21 8 42 -0.4298199783373917 0.3164515986092223
transition 21 8 36 -0.3761253316263664 0.13748350474235607
transition 21 8 47 0.3035271532016557 0.22037850147639934
transition 21 9 40 0.9980310131135777 1.0
transition 21 10 38 0.6091701978268627 0.11599167715192933
transition 21 10 29 -0.8648101341185246 0.8840083228480706
transition 21 11 47 0.1289084299579728 0.3004636202994474
transition 21 11 13 0.8279676448592657 0.17614332687553302
transition 21 11 23 -0.21972328087297077 0.13693104555400729
transition 21 11 14 0.38416156491619957 0.35370006666485226
transition 21 11 36 -0.9255385493977404 0.032761940606160056
transition 21 12 26 0.23061945314187682 0.5684196103909978
transition 21 12 44 -0.31527156042029736 0.4268442913037383
transition 21 12 5 0.11692460861504173 0.004736098305264057
transition 21 13 43 -0.7626032293595584 0.7613651087985618
transition 21 13 42 -0.3033057028291468 0.17398378812393794
transition 21 13 10 0.6814562447861092 0.0646511030775002
transition 21 14 27 0.7359029893514071 0.9516589304411207
transition 21 14 49 0.131643476606228 0.048341069558879284
transition 21 15 39 -0.5875541830434274 0.09532302332889228
transition 21 15 37 0.27899874805147173 0.32407439909175156
transition 21 15 44 0.586696639937895 0.3211381552511242
transition 21 15 45 -0.7782049532246236 0.259464422328232
transition 21 16 20 0.8530810948047327 0.40203117080643014
transition 21 16 32 -0.40595378522794867 0.29334340080791466
transition 21 16 31 0.0438358209155254 0.3046254283856552
transition 21 17 39 -0.26839264068160196 0.20929202195695285
transition 21 17 49 -0.8791934811171569 0.25659295808269494
transition 21 17 22 -0.5216615550110681 0.3855045017843157
transition 21 17 18 -0.740236760048095 0.14861051817603657
transition 21 18 22 -0.0585017889545878 0.02030180066445629
transition 21 18 32 -0.6722651202574563 0.265365703996633
transition 21 18 36 -0.8361867602848343 0.2912269476631508
transition 21 18 8 -0.29175708232495845 0.24708599926637684
transition 21 18 10 0.4265172245649016 0.17601954840938305
transition 21 19 33 0.09171577799403874 1.0
transition 22 0 22 0.7957145046410994 1.0
transition 22 1 22 -0.8166433239925681 0.2410922831241956
transition 22 1 29 0.7062847344471928 0.19246816165321873
transition 22 1 9 -0.7610632874802348 0.011880583604653204
transition 22 1 32 0.6493895233321467 0.2930625990058396
transition 22 1 2 0.9697099459641205 0.26149637261209296
transition 22 2 33 0.7524970646728364 0.20225523946287602
transition 22 2 26 -0.5275831914167428 0.5019787264680264
transition 22 2 3 0.5324877243098332 0.18220501264924008
transition 22 2 35 0.9904839866948363 0.11356102141985748
transition 22 3 3 0.0415430837634041 0.2398435825244548
transition 22 3 49 0.2855032750079636 0.15368501378186591
transition 22 3 22 -0.75882309536905 0.11374769526627197
transition 22 3 13 -0.11912506194538652 0.23058031393520173
transition 22 3 14 0.6732803881096443 0.2621433944922056
transition 22 4 25 0.8373656515178725 1.0
transition 22 5 10 0.6016229717654726 0.8981800118260349
transition 22 5 31 -0.7506205084951634 0.1018199881739651
transition 22 6 18 -0.45444139276100537 0.2072206595172371
transition 22 6 23 0.6164425159592308 0.20638933920516603
transition 22 6 28 0.21417204599771256 0.21987142974560764
transition 22 6 49 -0.8285863666171962 0.19909121118488401
transition 22 6 4 -0.02909047246942076 0.16742736034710518
transition 22 7 28 0.6013534104061704 1.0
transition 22 8 18 -0.6669489400917172 0.5087217806417275
transition 22 8 29 0.6887862225365131 0.13045091524559346
transition 22 8 42 0.6961695138983655 0.10758005885488436
transition 22 8 16 0.7905081882569627 0.11433346251026262
transition 22 8 11 0.4400494391198855 0.13891378274753213
transition 22 9 0 -0.08809565332400382 0.16709300818542938
transition 22 9 24 -0.034530159430076424 0.05877890832647278
transition 22 9 19 -0.9119001677131957 0.1452806774634953
transition 22 9 38 -0.3312425528795879 0.2567780959214627
transition 22 9 5 0.3617896361863522 0.3720693101031398
transition 22 10 31 0.14495399525503316 0.6394175490176658
transition 22 10 14 0.32808021466916437 0.22163447578493758
transition 22 10 35 -0.6665777462387246 0.1389479751973965
transition 22 11 47 -0.33436307190307524 1.0
transition 22 12 37 -0.27501835227336136 0.042461669738509615
transition 22 12 4 0.14927299482048384 0.069684024933593
transition 22 12 16 -0.9763337420739131 0.0016496580601355255
transition 22 12 6 0.21998718916406523 0.4656920044472151
transition 22 12 25 0.23123613607910243 0.4205126428205468
transition 22 13 2 -0.9175886710258725 0.03839632131115556
transition 22 13 8 0.65516923294534 0.17483855761187003
transition 22 13 13 -0.72472726566962 0.10463730711372893
transition 22 13 25 -0.9167952775612691 0.6821278139632454
transition 22 14 5 -0.7775464461510961 0.23184630261557573
transition 22 14 38 0.8808177281965663 0.19724307045215123
transition 22 14 14 -0.6137728325418343 0.22122867625305628
transition 22 14 46 0.8420556490908311 0.2825206935474553
transition 22 14 34 -0.3639571420876959 0.06716125713176153
transition 22 15 38 -0.3865927796204911 1.0
transition 22 16 42 -0.026593381708092556 0.5753828330040852
transition 22 16 20 0.24013716175813116 0.42461716699591484
transition 22 17 36 0.7296152419244184 0.4320062841488681
transition 22 17 12 -0.14627849960515693 0.31404217189203504
transition 22 17 44 0.03516942786406174 0.25395154395909686
transition 22 18 41 -0.47497646028247376 1.0
transition 22 19 37 -0.5791747622110182 0.28588737744616094
transition 22 19 11 -0.9730864048460726 0.48837541871463314
transition 22 19 0 0.4186209331949402 0.22573720383920584
transition 23 0 45 -0.2506771926184219 0.297047971880919
transition 23 0 5 0.9764066645635812 0.02401330918552202
transition 23 0 29 0.9927106371766754 0.08412080922274301
transition 23 0 46 -0.08239233252569855 0.5948179097108159
transition 23 1 33 -0.09884953639185112 0.31198387151115786
transition 23 1 8 0.05852929575836607 0.4006513675073123
transition 23 1 19 -0.0167506963098909 0.2873647609815299
transition 23 2 28 0.07088190061316424 1.0
transition 23 3 8 -0.25910454308269326 1.0
transition 23 4 43 -0.5392783938231893 0.0023319287326174763
transition 23 4 37 -0.3406435757151398 0.3225476455092081
transition 23 4 9 -0.35294819464394034 0.1581357350722613
transition 23 4 30 0.926865293091595 0.2550914189126912
transition 23 4 16 0.2041708264177735 0.26189327177322186
transition 23 5 14 0.4348243980288904 0.4553062775662484
transition 23 5 4 -0.3156497470653652 0.5446937224337517
transition 23 6 28 -0.029986825965511832 0.029046453117436474
transition 23 6 36 0.12419845628376458 0.45873150171624616
transition 23 6 8 0.6665805794462034 0.1701140232684166
transition 23 6 46 -0.49211927805821576 0.05328627482088525
transition 23 6 16 -0.055126365593171966 0.28882174707701563
transition 23 7 41 -0.9110013647306758 1.0
transition 23 8 7 0.163012161823211 0.40546562181165197
transition 23 8 39 0.5351931145893885 0.21083834091039286
transition 23 8 40 -0.6905641561206974 0.38369603727795515
transition 23 9 42 -0.2604330892582978 0.47916903958927276
transition 23 9 14 0.8712904777201862 0.009509710374690299
transition 23 9 36 -0.03578108245326872 0.4262749238442684
transition 23 9 4 0.08821092003179887 0.06344671094718606
transition 23 9 7 -0.39484846500571513 0.0215996152445825
transition 23 10 45 0.0815932790728573 0.19543693011774557
transition 23 10 8 0.3138494015067892 0.8045630698822543
transition 23 11 10 0.6189470010035032 0.41213701071970843
transition 23 11 44 -0.564585712531102 0.0026845308935301436
transition 23 11 29 -0.7417686494211535 0.06816965996492313
transition 23 11 42 0.8267498695965299 0.14804128281228843
transition 23 11 8 -0.42812810429785886 0.36896751560954977
transition 23 12 25 -0.1680618479294722 0.06928612411522435
transition 23 12 28 0.8658010728904635 0.28491501785149315
transition 23 12 46 0.5371922748425391 0.3145006639069778
transition 23 12 11 -0.811540489330077 0.33129819412630473
transition 23 13 34 0.5392474632334976 1.0
transition 23 14 0 -0.8533631648128435 0.3167142486627885
transition 23 14 7 -0.23101798797973627 0.6832857513372115
transition 23 15 2 0.34308043795539334 1.0
transition 23 16 49 0.31815093398168326 0.2132943379564805
transition 23 16 43 -0.7583397155824867 0.36511751351810207
transition 23 16 45 -0.9639322169098588 0.09490906910844073
transition 23 16 21 -0.32620611044086645 0.32667907941697655
transition 23 17 36 -0.57522811603712 0.08265320294356783
transition 23 17 24 -0.38910479092731753 0.7442312895045883
transition 23 17 49 -0.6708042603681326 0.173115507551844
transition 23 18 40 0.9732295407110254 0.2363869620973123
transition 23 18 5 0.002691385375529931 0.243699229008368
transition 23 18 20 0.9101012930474486 0.23617706446300182
transition 23 18 41 -0.8989914454092027 0.28373674443131786
transition 23 19 41 -0.331365400802347 0.3756919542367321
transition 23 19 3 -0.19323220113806427 0.28606181519500967
transition 23 19 8 -0.9661416475521913 0.1684805688366217
transition 23 19 0 -0.6940566033224529 0.16976566173163646
transition 24 0 4 -0.34953585895741335 0.24643959111455885
transition 24 0 27 -0.32732879955058647 0.6221040979354693
transition 24 0 6 -0.9463382583727282 0.13145631094997184
transition 24 1 30 -0.08599399902035287 0.0053043798848959305
transition 24 1 38 -0.31560753003530384 0.4111810691801514
transition 24 1 25 -0.8536860343621455 0.3742649864684957
transition 24 1 15 0.8546314897472471 0.20924956446645698
transition 24 2 47 0.030323093052743832 0.11898054638430279
transition 24 2 28 0.6888530052643353 0.1824173778191648
transition 24 2 45 -0.8231899888054544 0.1473886656729132
transition 24 2 11 0.35049993716441885 0.013258072138814195
transition 24 2 29 0.5180495003140007 0.5379553379848049
transition 24 3 49 0.18529305320054412 0.20865405946792268
transition 24 3 14 -0.016800230880607225 0.22929825193181705
transition 24 3 28 0.4907369207435057 0.03523062147319693
transition 24 3 33 0.23186781438170767 0.2508501046809373
transition 24 3 0 0.23751705360789055 0.275966962446126
transition 24 4 31 -0.661720252076146 0.2666998171693592
transition 24 4 20 0.1607439072364758 0.28530399175567245
transition 24 4 33 0.9593617266291075 0.08471013074273846
transition 24 4 9 0.6591245200939939 0.26813686471445297
transition 24 4 43 -0.1701221465246574 0.09514919561777693
transition 24 5 42 0.8662948958364793 1.0
transition 24 6 14 -0.0957177101883604 0.07411930291272895
transition 24 6 22 0.4408274817225404 0.925880697087271
transition 24 7 33 -0.5808020248904473 0.1338022256616305
transition 24 7 26 -0.5239887785926522 0.7748773466724463
transition 24 7 0 -0.49902883416516697 0.09132042766592328
transition 24 8 13 -0.522259816154951 1.0
transition 24 9 29 -0.3992315262198569 0.15835775965989804
transition 24 9 38 -0.014683223888910302 0.29625493491139204
transition 24 9 14 -0.010959974342247047 0.28226545588934426
transition 24 9 6 0.7919517537276721 0.11220577926714248
transition 24 9 24 0.19809830447190513 0.15091607027222317
transition 24 10 46 0.7301605334857517 0.19192019967863383
transition 24 10 27 0.3935665485976496 0.1832741286904326
transition 24 10 21 -0.6451625680910902 0.5073936571210962
transition 24 10 13 -0.2086572738206911 0.08515472685755301
transition 24 10 47 0.0037448151866823487 0.032257287652284264
transition 24 11 30 -0.15340605375780791 0.2760591611103223
transition 24 11 32 -0.002513448991365852 0.7239408388896778
transition 24 12 36 -0.7479926620912498 0.38200743445879287
transition 24 12 16 -0.09175489729524555 0.17781245807702595
transition 24 12 2 -0.3119853048632817 0.4401801074641811
transition 24 13 17 -0.6778935919364812 0.4399659359221105
transition 24 13 46 0.10700487716369911 0.42527992410396587
transition 24 13 26 -0.9530853861451756 0.13475413997392355
transition 24 14 49 -0.7255371904675811 0.30686700222776714
transition 24 14 17 0.47996339091747053 0.10866859233968156
transition 24 14 9 -0.19893265294532747 0.22183348745238163
transition 24 14 1 -0.6394146728677144 0.3626309179801696
transition 24 15 42 0.6086827476044436 0.2641497268766941
transition 24 15 8 -0.8598302652730585 0.4488582308627228
transition 24 15 30 -0.1645454262526489 0.2869920422605831
transition 24 16 49 0.5807443403207508 1.0
transition 24 17 11 -0.10411386345188167 0.1499351105216345
transition 24 17 8 0.7447056447360119 0.34646330676758963
transition 24 17 16 -0.2991251862830828 0.2958529343804566
transition 24 17 21 0.5405356251258622 0.2077486483303194
transition 24 18 10 -0.26600784719668824 1.0
transition 24 19 15 0.0050749356496371245 0.21486103446048346
transition 24 19 4 0.7342664737926743 0.3233939532621046
transition 24 19 11 -0.47534031263064636 0.29258164545275306
transition 24 19 25 0.7189751812030079 0.16916336682465885
transition 25 0 37 0.39240533010993794 0.1795203377248957
transition 25 0 43 0.4636267920689048 0.23205841665125873
transition 25 0 47 -0.21987309214308448 0.2639463891060132
transition 25 0 21 0.3057416432358149 0.18317527203838632
transition 25 0 3 -0.7048317800653916 0.14129958447944602
transition 25 1 33 0.4346431747624109 0.7262551748325234
transition 25 1 46 -0.481275186182643 0.27374482516747656
transition 25 2 28 -0.1695650528003383 0.21337459555122953
transition 25 2 19 -0.3625100197822624 0.6604675260982612
transition 25 2 7 0.29913585697012035 0.1261578783505092
transition 25 3 2 -0.38258379019031885 0.4845377640958876
transition 25 3 13 -0.6398753213394481 0.5154622359041126
transition 25 4 47 -0.35090314915941634 0.15205032969945245
transition 25 4 23 -0.6064625016351695 0.19659931491054067
transition 25 4 35 -0.04636484445174216 0.10006578476317247
transition 25 4 44 -0.9612839245722893 0.25485634324853157
transition 25 4 45 -0.00999452293224512 0.2964282273783029
transition 25 5 37 0.9574090725406734 0.6056545983508705
transition 25 5 3 0.7555371213039672 0.3943454016491295
transition 25 6 24 0.7860131148637444 0.29396320421131333
transition 25 6 6 0.5261255108756915 0.7060367957886867
transition 25 7 9 -0.9346072654659183 1.0
transition 25 8 39 0.5835542495031583 0.3352307698488927
transition 25 8 28 -0.3593343804987936 0.3063703190047245
transition 25 8 7 0.6359006124542343 0.3583989111463827
transition 25 9 1 0.22839102359500818 0.14469460890142702
transition 25 9 2 0.7167195031468296 0.19110560410864302
transition 25 9 6 0.6661851869011013 0.2801948965238544
transition 25 9 42 0.5618305117926312 0.3840048904660756
transition 25 10 34 0.24032745093535612 1.0
transition 25 11 10 -0.6831175711246293 0.756262692123389
transition 25 11 7 -0.4062341710493351 0.24373730787661096
transition 25 12 41 0.9815449557747027 0.5886857727908532
transition 25 12 2 0.5586420741972722 0.41131422720914684
transition 25 13 0 0.7929596143442652 1.0
transition 25 14 14 0.20879365580520037 0.014560082568891866
transition 25 14 40 0.24456926132361256 0.4271299041083869
transition 25 14 42 0.04130484826477909 0.12684115233971466
transition 25 14 19 0.20360345656031975 0.14428664523106416
transition 25 14 21 0.0655972590437548 0.28718221575194247
transition 25 15 33 -0.35934626284676696 0.3543160505091284
transition 25 15 47 0.5879540909725907 0.06461966536104823
transition 25 15 2 -0.3565595170914939 0.33445096804039237
transition 25 15 24 -0.7132606965922441 0.2466133160894309
transition 25 16 21 0.2542384052966289 0.2085146624033618
transition 25 16 40 0.2337169609035492 0.3264308992058224
transition 25 16 31 -0.13065910676019032 0.27811847538267004
transition 25 16 49 -0.5406604555589056 0.01807866741246967
transition 25 16 47 -0.9277494309953214 0.16885729559567617
transition 25 17 19 0.16344007570318286 0.3001206670727397
transition 25 17 49 0.9034898816861037 0.23426086965987553
transition 25 17 29 -0.09654897256830619 0.46561846326738476
transition 25 18 15 0.408535622646951 0.7858979683711141
transition 25 18 12 0.7662225800614857 0.2141020316288859
transition 25 19 5 -0.9037206565776277 0.6023962690720641
transition 25 19 20 0.31773965082284295 0.11757090697164842
transition 25 19 2 0.8193708993278326 0.2800328239562874
transition 26 0 29 0.8865525265118901 0.34595638887822106
transition 26 0 4 0.8661058017954761 0.06387381358000178
transition 26 0 17 -0.16332463064966896 0.3716117683854903
transition 26 0 25 -0.7937731855196257 0.2185580291562869
transition 26 1 26 0.344413468643781 0.3163641854363222
transition 26 1 0 -0.538790306821076 0.35592093878012704
transition 26 1 6 0.8385051887558392 0.3277148757835507
transition 26 2 48 -0.7558598603044941 0.3392816027966544
transition 26 2 33 0.3396133246466251 0.12526519024251892
transition 26 2 24 0.07897767051738658 0.5354532069608265
transition 26 3 28 -0.5249114520334193 1.0
transition 26 4 1 0.7141861083108703 0.2755283498269966
transition 26 4 49 -0.6462022854625922 0.7244716501730034
transition 26 5 49 -0.7701939275968883 0.11848294384432236
transition 26 5 22 0.7542261723928958 0.10925307004773684
transition 26 5 3 -0.16168421474766337 0.30228906626498847
transition 26 5 41 0.6140307878524767 0.4699749198429523
transition 26 6 29 -0.8269771261637353 1.0
transition 26 7 46 -0.3894052511230557 0.07588347017153461
transition 26 7 20 0.34890913563526804 0.3768988904597305
transition 26 7 0 -0.15676265541200807 0.2379213497351846
transition 26 7 10 0.2585317787016461 0.30929628963355027
transition 26 8 9 -0.46664170539360095 1.0
transition 26 9 29 -0.9283354297457489 1.0
transition 26 10 3 -0.30888176789419375 1.0
transition 26 11 36 0.012682338190852738 0.23930627132141472
transition 26 11 39 -0.8649471189702354 0.09344773605699115
transition 26 11 24 -0.5407778057365014 0.1362857194775408
transition 26 11 21 -0.7791592572347956 0.2178421160485998
transition 26 11 43 -0.11769732950683642 0.31311815709545343
transition 26 12 13 0.8686801804281141 0.2353739165974678
transition 26 12 38 0.5989899461503787 0.008383562046389202
transition 26 12 4 0.24640580707162907 0.756242521356143
transition 26 13 28 -0.23271122506926223 0.31460369952830647
transition 26 13 23 0.6565059686328962 0.4526090677866151
transition 26 13 37 0.13298103690715402 0.2327872326850784
transition 26 14 36 0.19291112620298279 0.4499798236655435
transition 26 14 19 0.3055569436871155 0.3702962586392674
transition 26 14 10 -0.39835671058119404 0.17972391769518897
transition 26 15 28 -0.016184137681877875 1.0
transition 26 16 18 -0.42875262466179165 0.14026174044294015
transition 26 16 2 0.683639702405366 0.8597382595570598
transition 26 17 17 0.1941990385211101 0.5222463554351461
transition 26 17 2 -0.5027248913674929 0.477753644564854
transition 26 18 6 0.9202567675709405 1.0
transition 26 19 42 -0.04034049377882809 0.2831348647325435
transition 26 19 37 -0.28446837067205033 0.3740788875764879
transition 26 19 48 -0.4814678171193696 0.3031523071985707
transition 26 19 9 -0.6365220141353112 0.039633940492397865
transition 27 0 16 -0.529941554179417 0.030428900820283388
transition 27 0 28 0.5125132944197477 0.3593736928490044
transition 27 0 46 0.5611364142966266 0.28253844322106025
transition 27 0 30 -0.1390889544156393 0.3276589631096519
transition 27 1 5 0.06920246986726197 0.3127642573748779
transition 27 1 43 0.9724661543079893 0.4028871393088641
transition 27 1 25 -0.20890531194701611 0.14201798810718655
transition 27 1 38 0.9799238391857934 0.1423306152090715
transition 27 2 0 -0.9576511327283588 0.1370957530057066
transition 27 2 49 -0.3262378617787596 0.1330109698796797
transition 27 2 20 0.276687101366482 0.7298932771146137
transition 27 3 25 -0.04276304666052089 1.0
transition 27 4 9 0.2899550230947108 0.09796058396789599
transition 27 4 17 -0.030779455843162662 0.11076904184530213
transition 27 4 10 -0.2641507691084417 0.12885339922324854
transition 27 4 21 -0.7105928705490165 0.0681678360582379
transition 27 4 19 -0.061246791509006915 0.5942491389053155
transition 27 5 40 0.573136457970248 0.43272660924789563
transition 27 5 49 -0.9800792186822913 0.038325795963186214
transition 27 5 13 0.8996111375278371 0.32744209260152385
transition 27 5 29 0.1042785925851637 0.2015055021873944
transition 27 6 14 0.2693996576300479 0.35343163460201543
transition 27 6 33 -0.34525288485700023 0.35698568866669006
transition 27 6 23 -0.4210199814104507 0.25422205779526297
transition 27 6 8 -0.36686244990055594 0.035360618936031527
transition 27 7 16 0.45846820619378525 1.0
transition 27 8 45 -0.9701221185712257 1.0
transition 27 9 46 0.27227145977181455 0.29547280523637076
transition 27 9 12 -0.8520314019306023 0.11046301893282787
transition 27 9 26 -0.3770778633159242 0.08885941108916248
transition 27 9 28 -0.40854992839639137 0.22430142384197124
transition 27 9 23 -0.8886847571747354 0.2809033408996677
transition 27 10 6 -0.3834919502167633 1.0
transition 27 11 18 0.4457447504251486 1.0
transition 27 12 27 -0.5201276475105201 0.17685274326111572
transition 27 12 11 0.6709756474908564 0.8231472567388842
transition 27 13 25 -0.6920197915946378 0.20187803031488163
transition 27 13 11 0.7731154774841833 0.07537124491993454
transition 27 13 42 0.6794831181751255 0.3144119014232415
transition 27 13 35 -0.8463812117220282 0.40833882334194244
transition 27 14 43 -0.6468470590260622 0.5010632971355973
transition 27 14 20 -0.14167265589808875 0.49893670286440267
transition 27 15 8 0.22723326392044152 0.3710075159243477
transition 27 15 7 -0.2410042757967179 0.3054853769674629
transition 27 15 35 -0.8452946059354647 0.32350710710818936
transition 27 16 30 0.7271381677389537 0.2217417383451476
transition 27 16 8 0.6527542544528568 0.2365828570147333
transition 27 16 7 -0.7024987689526772 0.2196799615180165
transition 27 16 12 0.3402014142335319 0.08891652169674245
transition 27 16 28 0.9908832549826878 0.2330789214253601
transition 27 17 2 -0.7033571809447055 0.19792865009062935
transition 27 17 37 0.00018899502052005523 0.8020713499093707
transition 27 18 13 -0.025910600596002364 0.2734595079282349
transition 27 18 4 -0.27510980238010574 0.7265404920717651
transition 27 19 29 -0.04535276691203238 0.5917857840734668
transition 27 19 6 -0.49544943321715085 0.4082142159265332
transition 28 0 3 0.22789902889416225 0.7147277910488143
transition 28 0 46 0.14881219572204918 0.2852722089511856
transition 28 1 30 0.9475906876721851 0.23142470752761202
transition 28 1 0 0.38019928693324845 0.362483100791665
transition 28 1 34 -0.7798223946830583 0.320431250416139
transition 28 1 49 -0.22412122202578733 0.08566094126458386
transition 28 2 42 0.11245781774381913 0.2299624926182533
transition 28 2 13 0.8556745071188792 0.27813130921289836
transition 28 2 8 0.6219558539028849 0.23612478932346948
transition 28 2 10 0.05645408259226348 0.25578140884537887
transition 28 3 43 0.49021888212759035 0.2085740432180885
transition 28 3 26 -0.5180195550917854 0.2568620159222666
transition 28 3 27 -0.8822993560658343 0.15222870855039597
transition 28 3 22 -0.9808131496750037 0.14158897099489604
transition 28 3 36 -0.23072509690432152 0.24074626131435287
transition 28 4 33 -0.8347028065414592 0.3846474682182823
transition 28 4 30 0.4124868964601971 0.6153525317817178
transition 28 5 11 -0.906573631050329 1.0
transition 28 6 46 -0.7473361482461138 0.14688349334128117
transition 28 6 9 -0.6936750824830089 0.21616930008796986
transition 28 6 43 -0.39677860757588057 0.31142602738763125
transition 28 6 23 -0.015874209759985103 0.32552117918311774
transition 28 7 49 -0.18496681530474324 1.0
transition 28 8 17 -0.7842803922874713 0.26840608642979313
transition 28 8 46 -0.3297697725020545 0.731593913570207
transition 28 9 33 0.20068031440483058 0.47760408639729895
transition 28 9 19 0.612398615530841 0.014175046533414342
transition 28 9 26 0.3448512765326637 0.5082208670692867
transition 28 10 44 -0.14774163006053076 0.14656452423488825
transition 28 10 32 0.975173667936545 0.2866344199150594
transition 28 10 13 0.8518499678264269 0.2869192977337941
transition 28 10 24 -0.667634239492982 0.02081794238322055
transition 28 10 19 -0.6535470067834077 0.25906381573303777
transition 28 11 22 -0.0879839328236185 0.5859869714759874
transition 28 11 30 0.7276535278802645 0.1391989484497464
transition 28 11 26 -0.12152252746421177 0.2748140800742661
transition 28 12 35 -0.10393161864030898 0.2819118295715031
transition 28 12 7 0.7243290433931737 0.36495741281858957
transition 28 12 37 0.4308718802900948 0.05721871473495301
transition 28 12 25 -0.08165129844114927 0.1018775148616598
transition 28 12 22 0.865673945283046 0.19403452801329452
transition 28 13 49 0.9768350769180976 0.399103560547803
transition 28 13 11 -0.6314469754834358 0.12251813160039629
transition 28 13 14 -0.4370939666611555 0.1560406407400661
transition 28 13 44 -0.022152901971993266 0.3223376671117346
transition 28 14 35 0.6432569672141302 0.29273351030561195
transition 28 14 22 -0.2822806688513244 0.4248772454503656
transition 28 14 3 -0.12124585168810298 0.28238924424402245
transition 28 15 35 0.6658624989569535 0.38272691490306804
transition 28 15 3 -0.5458664498036507 0.2807792473665982
transition 28 15 24 0.8659237375929911 0.03191225193040696
transition 28 15 42 0.15319394374793682 0.13534830764305034
transition 28 15 1 -0.30786151571613396 0.16923327815687647
transition 28 16 4 -0.214488775083006 0.11713287280261955
transition 28 16 31 -0.693247603120974 0.3585856634160071
transition 28 16 25 0.9575887290242191 0.06869047068224203
transition 28 16 2 0.5013103766668339 0.45559099309913126
transition 28 17 42 -0.22616599643545765 0.16840041880366824
transition 28 17 36 -0.2371897599438919 0.33638187103436673
transition 28 17 41 -0.37125427190496163 0.23676287032783488
transition 28 17 38 0.30501133421984394 0.13218366080733637
transition 28 17 14 0.5845809219913642 0.12627117902679377
transition 28 18 40 0.17202789395161955 0.8060184671984482
transition 28 18 36 -0.16200713993869664 0.19398153280155184
transition 28 19 2 -0.2423965771819352 1.0
transition 29 0 14 0.21864962997178705 0.42269953243379704
transition 29 0 13 0.9016135361707676 0.14485898473778636
transition 29 0 45 -0.9643476037401648 0.4324414828284166
transition 29 1 19 0.29945962328371833 0.5278185571161021
transition 29 1 11 -0.6146040703868587 0.42140771253164455
transition 29 1 10 0.4008054245835193 0.05077373035225326
transition 29 2 37 -0.5730265932490808 0.31359211521897523
transition 29 2 46 0.38752124598725457 0.05937543141596959
transition 29 2 8 0.18603050567553558 0.5815679698518376
transition 29 2 5 -0.1856916455829798 0.04546448351321758
transition 29 3 39 -0.8509637042228504 0.34471044526879724
transition 29 3 36 -0.164005798058527 0.07236786682833207
transition 29 3 26 -0.4477667448188005 0.1589738346592158
transition 29 3 46 0.46770641910375743 0.42394785324365497
transition 29 4 48 0.5114289468431596 0.12506057999942644
transition 29 4 35 0.2850346571322415 0.4379853681761421
transition 29 4 44 0.6439998792521795 0.3490807077342985
transition 29 4 22 0.4334773763894364 0.087873344090133
transition 29 5 31 0.18128296278225586 0.3773847845041263
transition 29 5 3 0.6216924547244773 0.021027874881460986
transition 29 5 40 0.6342011238769152 0.6015873406144127
transition 29 6 49 -0.9801470307920306 1.0
transition 29 7 2 -0.89102946053753 0.07209856333102455
transition 29 7 15 0.5105941081775229 0.14609976281832215
transition 29 7 41 -0.9264277779683197 0.3133735609620809
transition 29 7 42 -0.6068696101187425 0.4684281128885724
transition 29 8 13 -0.24430728148549896 0.40159645522401605
transition 29 8 39 -0.008717260506920788 0.598403544775984
transition 29 9 28 0.2993548834651545 0.7372014982386235
transition 29 9 15 0.6981593442581309 0.26279850176137665
transition 29 10 46 0.8288802019118273 0.27178746090065137
transition 29 10 29 -0.17208109190937848 0.7282125390993486
transition 29 11 21 0.5167117972511919 0.10310548482219498
transition 29 11 1 0.8788513581606192 0.08721121989553764
transition 29 11 48 -0.3915090212442851 0.0646866335328692
transition 29 11 18 -0.3447823595998578 0.3119955922702104
transition 29 11 16 0.19576518267317833 0.4330010694791878
transition 29 12 23 0.6605071470665178 1.0
transition 29 13 48 -0.0933006405266914 0.1122040947135523
transition 29 13 17 0.4370705569516671 0.8877959052864477
transition 29 14 21 -0.7113911095622873 0.9708503046310762
transition 29 14 29 -0.9712888337037144 0.02914969536892374
transition 29 15 38 0.4998264837551838 1.0
transition 29 16 29 0.18097311725341503 0.4526276604928095
transition 29 16 31 -0.24451549929825567 0.346107975075845
transition 29 16 36 -0.9158242693027852 0.20126436443134543
transition 29 17 23 -0.16085337875321093 0.1704544222123227
transition 29 17 45 0.14846935204814393 0.047975236904816906
transition 29 17 25 0.7993864547949239 0.4650190550260017
transition 29 17 15 0.8544865107626232 0.31655128585685866
transition 29 18 4 0.39898120986622776 0.7192274566222068
transition 29 18 45 0.8731681283046981 0.2807725433777933
transition 29 19 7 0.7731119145607912 1.0
transition 30 0 7 -0.5405896719161718 0.8213376761710448
transition 30 0 39 -0.17587635228830267 0.1786623238289552
transition 30 1 25 -0.8062953529804244 0.28722879128643
transition 30 1 3 -0.4773878670998002 0.08988277757464366
transition 30 1 32 0.1524029135616789 0.32988881504251616
transition 30 1 21 -0.6170115534238765 0.12057992568515663
transition 30 1 8 -0.2950656523306967 0.17241969041125363
transition 30 2 0 -0.4541928195702807 0.19593240085483396
transition 30 2 36 0.3431611362488518 0.06732604402741843
transition 30 2 14 -0.5457131814086609 0.3696285341522894
transition 30 2 21 0.7794816566131582 0.3671130209654581
transition 30 3 1 -0.681795194565747 1.0
transition 30 4 16 0.5817947748827064 0.514740220389152
transition 30 4 25 0.7956181116109724 0.057600881512596
transition 30 4 5 0.3433133387311498 0.3640823087326451
transition 30 4 6 0.8031354089205971 0.06357658936560698
transition 30 5 44 -0.9539243881691812 0.28882122861134163
transition 30 5 39 0.5620573059340217 0.21857531884282674
transition 30 5 35 -0.6941892589560836 0.1811765239646025
transition 30 5 48 -0.09241435435434209 0.137017307369366
transition 30 5 47 0.2560359091008919 0.1744096212118631
transition 30 6 37 0.9557233338207465 0.5514814843217777
transition 30 6 22 0.06535758400046854 0.44851851567822226
transition 30 7 23 0.5726879199363628 0.19167121028979933
transition 30 7 41 -0.4955230743556063 0.8083287897102006
transition 30 8 47 0.4851216036962551 0.2876121604989499
transition 30 8 17 0.08312035644285576 0.2969891285951845
transition 30 8 20 0.19108385218403834 0.20412481003206667
transition 30 8 6 -0.11110623903048067 0.09692452626826
transition 30 8 35 -0.6169121790110543 0.1143493746055389
transition 30 9 19 0.08807871822339841 1.0
transition 30 10 44 -0.49858567162240663 0.02155729363912852
transition 30 10 27 0.7679348260447023 0.32703296150334593
transition 30 10 34 0.761295753389476 0.1936913276189484
transition 30 10 30 -0.9923137474342123 0.2025965114552016
transition 30 10 16 0.056333393492879136 0.2551219057833755
transition 30 11 29 -0.08539850571473195 0.12858557916722865
transition 30 11 35 0.08542862440202192 0.1392616611194799
transition 30 11 48 -0.6657377036751757 0.1489518368659104
transition 30 11 12 -0.4404302406426319 0.583200922847381
transition 30 12 48 -0.6693699175964714 0.13245204075172098
transition 30 12 44 0.5764707816745873 0.34180878046279123
transition 30 12 35 -0.8424423120310949 0.25391432994591046
transition 30 12 43 -0.35130016407775977 0.27182484883957725
transition 30 13 37 -0.8758953949630106 0.1357781198687883
transition 30 13 45 -0.9946335891315528 0.20073211716417283
transition 30 13 32 0.9242354810114037 0.5840049461388915
transition 30 13 30 0.9806254459640267 0.05334571930131992
transition 30 13 11 0.5567735309777848 0.026139097526827394
transition 30 14 1 -0.6130737085773115 1.0
transition 30 15 6 -0.7644247037103817 0.236715823848338
transition 30 15 12 -0.07238884491066444 0.3324866239185366
transition 30 15 32 0.38450825502259955 0.1280550103037281
transition 30 15 21 -0.6906934824093309 0.30274254192939726
transition 30 16 17 -0.3310578841464469 1.0
transition 30 17 39 -0.34340472048052195 0.10739476597979251
transition 30 17 26 0.37274358509704486 0.08586074335341431
transition 30 17 10 -0.3429642513065625 0.2568981436722156
transition 30 17 13 -0.1714096216338974 0.3764367715425698
transition 30 17 31 0.1247969272927616 0.1734095754520077
transition 30 18 21 -0.9277387544016156 1.0
transition 30 19 44 -0.7529418845404534 0.29382986932066124
transition 30 19 7 -0.605494654005224 0.12527974661245342
transition 30 19 11 -0.035623526277865025 0.1962672816516701
transition 30 19 22 0.6006436534970989 0.09002302357129664
transition 30 19 2 -0.5765038298280307 0.29460007884391853
transition 31 0 11 -0.6420199796422019 0.40701956444969284
transition 31 0 1 0.6133223630409641 0.4508924090662307
transition 31 0 38 0.18226634854616286 0.1420880264840764
transition 31 1 25 -0.5418020327182111 0.3983388187767095
transition 31 1 41 -0.9493685047279143 0.264257933401028
transition 31 1 30 0.16403296929915645 0.3374032478222625
transition 31 2 10 -0.2749649089859816 0.32246209142179866
transition 31 2 17 -0.8399448663965583 0.26586877802811365
transition 31 2 1 0.959847720810352 0.18053250831721296
transition 31 2 31 -0.7337318822721695 0.2311366222328747
transition 31 3 38 -0.7425579434868217 0.6259962274479324
transition 31 3 44 0.20523120861468325 0.1834122570178235
transition 31 3 22 0.7568660497167177 0.1905915155342441
transition 31 4 27 -0.978617984323854 0.0466140802740663
transition 31 4 0 -0.25287287376772927 0.48726257063753825
transition 31 4 32 -0.36616896243258523 0.46612334908839553
transition 31 5 10 0.875831909522 0.5791518897682784
transition 31 5 38 -0.12559189431329787 0.4208481102317216
transition 31 6 46 -0.8700892651501362 0.11026523470400436
transition 31 6 5 0.31303653540535126 0.024739505855266557
transition 31 6 8 0.9780380416225383 0.5746957687972288
transition 31 6 10 -0.4298962367354684 0.06476101356643603
transition 31 6 15 -0.8390098855484187 0.22553847707706423
transition 31 7 41 -0.7418656189564481 0.0426179703536343
transition 31 7 45 -0.5579344870316976 0.31770087244105055
transition 31 7 46 -0.6870765310310643 0.019632583652450887
transition 31 7 28 -0.1441647053351509 0.6200485735528642
transition 31 8 32 0.8645118355599137 0.19822147769232815
transition 31 8 21 0.9623931352739254 0.290164340218945
transition 31 8 36 0.33798104319953914 0.2998571452435307
transition 31 8 22 -0.36184886427497776 0.21175703684519612
transition 31 9 24 -0.17662414570442997 1.0
transition 31 10 1 0.7494267839773994 0.2816928454431416
transition 31 10 29 -0.3076489176214212 0.7183071545568583
transition 31 11 44 -0.2844374728139829 0.001179233142763676
transition 31 11 28 -0.662773321438225 0.43782046376304823
transition 31 11 6 -0.9276527504018282 0.15893886319217088
transition 31 11 10 0.3376324033482374 0.16486089583979233
transition 31 11 33 0.6337474102787333 0.23720054406222496
transition 31 12 47 0.8606626480900064 0.6306592169863743
transition 31 12 41 -0.4727169164498972 0.12280528303053684
transition 31 12 25 -0.14696833990638947 0.24653549998308893
transition 31 13 29 0.174533874414043 0.3627650975212132
transition 31 13 47 0.4923364865342168 0.1801287715105442
transition 31 13 46 -0.31550823216883694 0.21852658509376655
transition 31 13 5 0.2466734031707234 0.04461869350770922
transition 31 13 45 0.04455389995760295 0.1939608523667668
transition 31 14 14 0.41185581050754827 1.0
transition 31 15 0 -0.005824947958220639 0.8067129680893111
transition 31 15 37 -0.29683133728906896 0.19328703191068886
transition 31 16 47 -0.12830177196783654 0.3110677141563954
transition 31 16 15 0.7828426955815175 0.12526857641666922
transition 31 16 35 -0.6599369722488195 0.41564348579689836
transition 31 16 1 -0.5486245063192778 0.14802022363003697
transition 31 17 38 0.019279904976886586 1.0
transition 31 18 9 -0.8066364685492147 0.442416399821349
transition 31 18 38 0.2194759186847648 0.5575836001786509
transition 31 19 42 0.5460929270486343 0.611467018537616
transition 31 19 4 0.002648016936335873 0.004427997504437017
transition 31 19 37 -0.5385082196656437 0.384104983957947
transition 32 0 13 0.22503182981732595 0.4026875452810194
transition 32 0 41 -0.2938263628091351 0.24769966221895842
transition 32 0 6 0.23923938547646695 0.06820876157672394
transition 32 0 7 0.5215657140742109 0.28140403092329824
transition 32 1 42 0.770342649850031 0.049372881858936346
transition 32 1 16 -0.12896172739409506 0.37741632270818415
transition 32 1 38 0.38756600820525033 0.34046916860685944
transition 32 1 46 0.4522969324983146 0.23274162682602
transition 32 2 11 -0.4532145707709032 0.5125457499328737
transition 32 2 20 0.2013197466464114 0.48745425006712634
transition 32 3 30 -0.538998731343749 0.22376625009599185
transition 32 3 1 -0.35730122742076165 0.38162920575534726
transition 32 3 23 0.6732884464841686 0.394604544148661
transition 32 4 24 0.9470915045321058 0.24145857654601785
transition 32 4 5 -0.05032792760426141 0.15879613679684132
transition 32 4 13 -0.49075898133034745 0.5997452866571408
transition 32 5 15 0.03303975666848413 0.03377889461027047
transition 32 5 23 0.3043155154713577 0.2509924125266516
transition 32 5 39 0.9309465904764105 0.3094091080298831
transition 32 5 48 0.35016350181149525 0.04317712786554689
transition 32 5 18 -0.3980157382908076 0.36264245696764796
transition 32 6 3 -0.7674776142495763 0.013621156580609018
transition 32 6 20 0.309434527264679 0.6274664136043401
transition 32 6 42 -0.6439320415675764 0.04357515334443948
transition 32 6 16 -0.4612475133684877 0.3153372764706115
transition 32 7 20 0.6159358781234121 0.23330801830913137
transition 32 7 23 0.5368570612119974 0.20437740938211826
transition 32 7 0 -0.4464247935854997 0.19796694810380108
transition 32 7 39 -0.48051415411605913 0.1482237434700666
transition 32 7 33 -0.03048692384668028 0.21612388073488256
transition 32 8 32 -0.9708008675128568 1.0
transition 32 9 11 0.0011828854571169778 0.3333231312226693
transition 32 9 29 0.6880614629123805 0.6666768687773307
transition 32 10 46 -0.6918316844437762 0.23781392699674686
transition 32 10 14 0.34584298533883473 0.29593740133338897
transition 32 10 30 0.1661730330616782 0.3647220835182431
transition 32 10 29 -0.6093763824827596 0.10152658815162115
transition 32 11 25 0.16461764361210185 1.0
transition 32 12 37 -0.15671839078619465 0.03490660173635464
transition 32 12 9 0.7198757886400418 0.21088008747171202
transition 32 12 23 0.28171255521535454 0.5029437293404252
transition 32 12 45 0.24090317723087384 0.251269581451508
transition 32 13 29 -0.2929992162881174 0.3345185448151768
transition 32 13 42 0.5633452472637479 0.23632807533031353
transition 32 13 36 -0.9178622559455512 0.11767447020187277
transition 32 13 41 0.4696201972973699 0.3114789096526369
transition 32 14 48 -0.22210101048093622 1.0
transition 32 15 36 0.809362708723198 1.0
transition 32 16 34 0.24615572850676815 0.4547514312421549
transition 32 16 42 0.9125712460628888 0.08514575932574385
transition 32 16 5 0.7676308921447597 0.3333964971368922
transition 32 16 21 0.23294288841738608 0.12670631229520896
transition 32 17 33 -0.628430089289217 0.041240892550400025
transition 32 17 16 -0.13733873844434297 0.026264577517033393
transition 32 17 38 -0.6714805567487749 0.9324945299325665
transition 32 18 41 -0.7765936920493961 0.3976614818740155
transition 32 18 5 -0.35819039750448645 0.12442396826750375
transition 32 18 0 -0.058374615856444656 0.039028021376215034
transition 32 18 3 0.28299645452795263 0.43888652848226567
transition 32 19 26 0.6302157808117683 0.32015818061419504
transition 32 19 12 0.4296200227692435 0.679841819385805
transition 33 0 23 -0.8615991593128185 0.5812733470653735
transition 33 0 29 0.6357709319535338 0.327518796875161
transition 33 0 5 0.4226219068744397 0.05285179742090561
transition 33 0 49 -0.978291717246379 0.038356058638559946
transition 33 1 39 0.9118269086218664 1.0
transition 33 2 28 0.39856793764863974 0.06333501570404433
transition 33 2 42 -0.7700376912549058 0.9366649842959557
transition 33 3 41 0.6744805255352277 0.5675402777560509
transition 33 3 21 -0.07563157758998695 0.26403330737370767
transition 33 3 19 0.8636551872673874 0.16842641487024146
transition 33 4 18 -0.6027831688593752 0.42577107342312803
transition 33 4 25 -0.7129255478208105 0.041127740230066955
transition 33 4 9 0.5090614991491043 0.303177175955707
transition 33 4 37 0.7197728739024607 0.22992401039109808
transition 33 5 6 -0.18134019659382727 0.5090144668926583
transition 33 5 5 -0.26215432053627485 0.4909855331073417
transition 33 6 0 0.14367797218593048 1.0
transition 33 7 25 -0.9945772906339501 0.31791531388060973
transition 33 7 35 0.16457109261118208 0.1473791719359232
transition 33 7 22 0.24136347014177373 0.3431350676453118
transition 33 7 0 0.6935028541839772 0.1915704465381552
transition 33 8 40 0.1833807133382952 0.19671310756403784
transition 33 8 37 0.06979132786742626 0.20672485503850968
transition 33 8 30 0.5606538350981638 0.24563970950927796
transition 33 8 22 -0.28981041780017924 0.21831930989024406
transition 33 8 34 0.7328446501146133 0.13260301799793042
transition 33 9 39 -0.45234745088306005 0.29243844501804445
transition 33 9 33 -0.09827245054731693 0.22760198060197137
transition 33 9 44 -0.9638465285767954 0.2795141770026069
transition 33 9 46 -0.8255182013631741 0.2004453973773773
transition 33 10 19 -0.3162163148498385 1.0
transition 33 11 7 0.43984528037112813 0.2940372145136971
transition 33 11 16 0.7491359355213616 0.062390844012073426
transition 33 11 12 0.7387153853532216 0.3229541478906033
transition 33 11 28 0.4126233321410149 0.12064156494411539
transition 33 11 13 -0.3339819493673013 0.1999762286395109
transition 33 12 40 0.3728196450897625 0.3793306969964406
transition 33 12 21 0.12854232542967936 0.3808387881979817
transition 33 12 4 -0.0019323863670599462 0.2398305148055777
transition 33 13 39 -0.5761930511933313 0.6465869133814778
transition 33 13 43 -0.014759073086040075 0.015675863255056082
transition 33 13 18 0.5198265710864725 0.3377372233634661
transition 33 14 35 -0.20451189470300246 0.2264203779596118
transition 33 14 47 0.4672703981422772 0.7127536911587428
transition 33 14 2 -0.7315875177037632 0.06082593088164549
transition 33 15 33 0.6426494602350421 0.40395121380076077
transition 33 15 11 -0.06794174446508872 0.5314674520341266
transition 33 15 28 0.6984816679102432 0.0645813341651126
transition 33 16 45 0.23442181425834474 0.4944622531931754
transition 33 16 22 -0.7612762159193087 0.046355165730612505
transition 33 16 29 -0.003876111240867619 0.4591825810762121
transition 33 17 14 -0.3292334970661106 0.25558506605201886
transition 33 17 38 0.6731460018411319 0.7444149339479811
transition 33 18 18 -0.819133648292337 0.3536647033887556
transition 33 18 37 -0.9676603390260072 0.6463352966112444
transition 33 19 4 -0.927574403478397 0.4274196700297329
transition 33 19 24 -0.8495175008907712 0.3519501976144622
transition 33 19 12 0.655801900005482 0.22063013235580486
transition 34 0 12 -0.6051512519950375 0.34203615890146566
transition 34 0 22 0.38505566854858775 0.5476101138174199
transition 34 0 39 0.8004262942368798 0.11035372728111442
transition 34 1 9 -0.06658858924144972 0.11779392672530739
transition 34 1 11 -0.9499694494772728 0.4061113465081851
transition 34 1 39 -0.9328036281511456 0.10576430033234734
transition 34 1 30 -0.06010022290076544 0.37008696297811916
transition 34 1 21 -0.4211999891390559 0.00024346345604098001
transition 34 2 34 -0.9336608885259818 0.5338432148813014
transition 34 2 14 -0.1329266106727427 0.4661567851186986
transition 34 3 3 0.15418618340658408 0.0268343812604729
transition 34 3 14 -0.9201855800779999 0.9731656187395271
transition 34 4 22 -0.22803660645168033 1.0
transition 34 5 45 0.25327533505232025 0.3814569382489631
transition 34 5 0 0.3308545592267116 0.25559910823781845
transition 34 5 4 -0.1423821688848077 0.08882348234376805
transition 34 5 26 0.6087097775503185 0.08393989435156866
transition 34 5 15 -0.11943586660626404 0.19018057681788186
transition 34 6 5 0.40897195706350886 0.9825009798635271
transition 34 6 20 -0.7733018999276944 0.017499020136472844
transition 34 7 48 -0.4900180352738923 1.0
transition 34 8 42 -0.6776006925764959 0.287483113528267
transition 34 8 39 0.6141314324504024 0.12561403505646584
transition 34 8 29 -0.6073363824012015 0.31010354825107866
transition 34 8 9 0.14741255660499952 0.27679930316418844
transition 34 9 4 -0.3099491989508256 1.0
transition 34 10 2 -0.4027703532326814 0.18053933167107247
transition 34 10 47 0.8065820309984968 0.43866469468350516
transition 34 10 1 0.7144464955295742 0.29855269103321885
transition 34 10 42 -0.26347181568488853 0.08224328261220351
transition 34 11 15 -0.6719819413339139 0.9107039162125499
transition 34 11 11 0.07571012120948684 0.03613879822131579
transition 34 11 28 -0.9418462255971398 0.03973428648824788
transition 34 11 14 0.9951494561935279 0.013422999077886445
transition 34 12 25 0.30423210471497386 0.5698575000943638
transition 34 12 7 0.24955075918235847 0.43014249990563636
transition 34 13 26 0.887086160656078 0.45320351033912554
transition 34 13 27 -0.8307719465616392 0.42815513267547906
transition 34 13 44 0.4161995780619947 0.006301265072407971
transition 34 13 15 0.9925005842270354 0.11234009191298744
transition 34 14 36 -0.603561133104352 0.11783056426206072
transition 34 14 42 0.6471174126985091 0.21011733678066014
transition 34 14 39 -0.9178167505314925 0.2547187023789046
transition 34 14 21 -0.46177275874723955 0.1300919976273167
transition 34 14 12 0.8881159099881051 0.2872413989510579
transition 34 15 11 -0.0665273050158861 0.40670601651536914
transition 34 15 32 -0.00995880211849931 0.21501374216835226
transition 34 15 31 0.35087785309162833 0.014041036493064447
transition 34 15 10 0.7690543943614725 0.3596203047195866
transition 34 15 16 -0.6405975137691651 0.0046189001036274855
transition 34 16 19 -0.6833360989808082 0.5716157995990941
transition 34 16 17 0.6309022477261106 0.4283842004009059
transition 34 17 28 -0.5156520343233213 0.5897264041280016
transition 34 17 44 -0.7449616337193028 0.14314578812753556
transition 34 17 33 0.3417155214056482 0.028746672842699255
transition 34 17 30 0.8508489878655281 0.23838113490176355
transition 34 18 37 -0.40994188910374074 0.4776861010270327
transition 34 18 40 -0.43866813872037635 0.5223138989729673
transition 34 19 5 0.7671643547709717 0.19394657589057532
transition 34 19 22 0.7835692866061916 0.16557665674675714
transition 34 19 11 0.47035770946355693 0.027529443132727024
transition 34 19 40 0.3481180676489999 0.37225055190837997
transition 34 19 12 -0.9805738390603262 0.24069677232156061
transition 35 0 16 0.2851324550094554 1.0
transition 35 1 32 -0.15117523355845308 0.03202234947149025
transition 35 1 1 0.9214365359674901 0.21132460299948727
transition 35 1 21 0.8551322752085158 0.353421086567354
transition 35 1 33 0.5718286883717021 0.4032319609616686
transition 35 2 19 -0.30128710552343674 1.0
transition 35 3 29 0.22251270773111353 1.0
transition 35 4 8 -0.52356720766445 0.3059263706760837
transition 35 4 27 0.13779720662929495 0.1517481148105497
transition 35 4 21 0.37851796521874315 0.12972693836455748
transition 35 4 40 -0.436212137109665 0.24974897173836733
transition 35 4 41 -0.04528248162845827 0.1628496044104418
transition 35 5 20 0.12808001965275095 1.0
transition 35 6 22 0.13544913449310725 0.16346949134225378
transition 35 6 15 -0.06317258657677272 0.3729696992253864
transition 35 6 11 -0.9032440389048149 0.08522864757391334
transition 35 6 14 0.7526031577750731 0.3783321618584464
transition 35 7 42 0.6965989889510793 0.25551683666339314
transition 35 7 28 0.569633688343474 0.1357005866267063
transition 35 7 14 0.2760645352441238 0.2919898824420513
transition 35 7 12 -0.0256556127644465 0.3167926942678493
transition 35 8 19 0.2987700401352862 0.3249868388999342
transition 35 8 2 -0.3155372400559071 0.5798236739550799
transition 35 8 25 -0.19847235332366675 0.09518948714498585
transition 35 9 4 0.14995869421993002 0.4259396197274861
transition 35 9 16 0.22405189005146542 0.2904377009143285
transition 35 9 41 0.15046837739353336 0.28362267935818536
transition 35 10 1 -0.7194961818013654 0.6055314970396725
transition 35 10 14 -0.2952991862940335 0.20038859206436302
transition 35 10 19 0.2291669542987813 0.19407991089596444
transition 35 11 47 0.6225452258201014 0.3145594028974836
transition 35 11 24 0.7192020936753316 0.4220247467628122
transition 35 11 36 0.5999182241799479 0.26341585033970427
transition 35 12 0 0.08153423840228768 0.2844868875753633
transition 35 12 2 0.003050544632150265 0.3670804788139717
transition 35 12 19 -0.46398804064697874 0.1969909962460591
transition 35 12 8 -0.1235862996034156 0.15144163736460595
transition 35 13 3 0.15062384892328118 0.5015875425626544
transition 35 13 26 -0.4859622887362314 0.4984124574373456
transition 35 14 18 -0.16522100060229672 1.0
transition 35 15 42 0.08210632790808581 0.3739336785987928
transition 35 15 38 0.1502997901785763 0.18145657913752838
transition 35 15 28 0.7536808788591929 0.02491000389307517
transition 35 15 12 0.12600584227808276 0.350981010851703
transition 35 15 0 -0.3500871504448775 0.06871872751890076
transition 35 16 1 0.9213881590146125 0.42687857848859023
transition 35 16 5 0.3266422719331028 0.25520339076874055
transition 35 16 9 0.9679123695192855 0.31791803074266917
transition 35 17 20 -0.757815957143019 0.2372076870105617
transition 35 17 45 -0.011660297408905285 0.4088642735629201
transition 35 17 29 0.9181071933169669 0.3539280394265182
transition 35 18 31 0.6841953723422955 0.29727766614947326
transition 35 18 35 0.6569077852168042 0.20546993617380818
transition 35 18 11 0.3188652928042095 0.2612772352088918
transition 35 18 23 0.08311940888853431 0.2359751624678267
transition 35 19 8 0.7954490327155292 1.0
transition 36 0 13 -0.07270020007643585 0.30599101473571416
transition 36 0 32 -0.6973459937708713 0.0664477190467416
transition 36 0 43 0.5283805973417104 0.2592936962769563
transition 36 0 7 -0.264886201531946 0.3682675699405879
transition 36 1 30 0.8369267891022634 0.3332302769367711
transition 36 1 16 -0.06439068833239947 0.377600187175988
transition 36 1 41 -0.07594332725208863 0.28916953588724087
transition 36 2 22 -0.03914670438984169 1.0
transition 36 3 36 0.5765961868782876 1.0
transition 36 4 40 -0.1455695523425915 0.2694177023125537
transition 36 4 18 -0.048824888951638945 0.3154247192521904
transition 36 4 14 -0.588098590838277 0.21582018478475437
transition 36 4 30 -0.399069365175035 0.19933739365050157
transition 36 5 25 0.41565064133246143 0.008033011187167122
transition 36 5 42 -0.638854297297796 0.04430609522925959
transition 36 5 30 0.5322560430132999 0.4407732028869924
transition 36 5 2 -0.17368839196890917 0.4877488328176145
transition 36 5 9 0.4137087735776117 0.019138857878966326
transition 36 6 33 0.042566546008125705 0.3885741528736616
transition 36 6 8 -0.9591001010660078 0.12843320831774208
transition 36 6 3 -0.42756120678748055 0.050603949953936266
transition 36 6 21 0.7025416267333497 0.2623502050082323
transition 36 6 40 0.9205333290054867 0.17003848384642783
transition 36 7 43 -0.16185985989116825 1.0
transition 36 8 26 0.18010404832712323 0.3023761822573864
transition 36 8 18 0.22775847973156327 0.30576435717246303
transition 36 8 44 -0.7909263116226686 0.18859877352859233
transition 36 8 3 0.5319473280739924 0.20326068704155828
transition 36 9 17 0.8388006143965823 0.033343713491716866
transition 36 9 8 0.46836645628383433 0.34497522679573794
transition 36 9 9 -0.8158452515991488 0.6216810597125453
transition 36 10 32 0.6095350887494702 1.0
transition 36 11 26 0.3578706488145533 0.03977867664616666
transition 36 11 31 0.09265321559917705 0.5328031970286826
transition 36 11 49 0.2215560950160822 0.4274181263251507
transition 36 12 27 -0.6298129074665693 1.0
transition 36 13 39 -0.7620617623865267 0.1157184548185428
transition 36 13 3 0.47526552672350975 0.19645446432949865
transition 36 13 11 -0.8934234519318978 0.05917444839495616
transition 36 13 27 -0.6022756392136701 0.6286526324570024
transition 36 14 15 -0.1788063925659693 0.3698788667255088
transition 36 14 36 0.9019521587994188 0.25335930192136275
transition 36 14 49 0.46597026027990696 0.3767618313531284
transition 36 15 48 -0.9496833737341916 0.11480559662850226
transition 36 15 47 -0.40937426131375054 0.3172062337480975
transition 36 15 24 0.49203306529750135 0.3506878719055709
transition 36 15 8 0.5186245031817764 0.2173002977178295
transition 36 16 39 0.8486823815356908 0.16199781901103247
transition 36 16 14 -0.08096648523782579 0.36288024148510956
transition 36 16 43 0.7806084735923189 0.47512193950385795
transition 36 17 13 -0.3595478686931963 0.11708517264348701
transition 36 17 48 -0.7492601582415173 0.3487293733125224
transition 36 17 9 -0.5227266715293986 0.3535196226313732
transition 36 17 24 -0.9277611306665221 0.06874428418486338
transition 36 17 6 0.22962685822257733 0.111921547227754
transition 36 18 21 -0.11168743144617443 0.27934433469930164
transition 36 18 27 -0.3132610680812735 0.13055865675214742
transition 36 18 0 -0.793650266064551 0.590097008548551
transition 36 19 11 0.06914300660177974 1.0
transition 37 0 33 0.4956769575376603 0.21678892383810744
transition 37 0 32 0.44430984169809795 0.5644100579956819
transition 37 0 2 0.916728024478902 0.21880101816621078
transition 37 1 8 0.6169293686692647 0.34939193346167763
transition 37 1 42 0.27767163985646004 0.15281687538972813
transition 37 1 49 0.8931311922190299 0.18498451928476287
transition 37 1 21 -0.16947033394699584 0.1712312521894121
transition 37 1 45 0.3879320815930374 0.14157541967441936
transition 37 2 21 0.22561774383891997 0.256011182165295
transition 37 2 47 -0.060323329694983885 0.09866703679300486
transition 37 2 44 -0.8064205028979297 0.13938377639366628
transition 37 2 43 0.19056174318366015 0.24953418291714655
transition 37 2 10 -0.7128291521938015 0.2564038217308873
transition 37 3 39 0.03309476366994746 0.7314415187090996
transition 37 3 42 -0.08787664910151394 0.2685584812909005
transition 37 4 8 0.13475749585159713 1.0
transition 37 5 32 -0.6804092517742744 0.16458919255673576
transition 37 5 0 -0.8299795077944072 0.7765281224663937
transition 37 5 49 -0.1843011074562193 0.058882684976870554
transition 37 6 22 -0.30283610925389937 0.26959267045992724
transition 37 6 5 0.42575602931755885 0.3685623199370558
transition 37 6 19 -0.43966193735517933 0.14459075506358066
transition 37 6 6 0.9025500968431395 0.2172542545394363
transition 37 7 42 -0.7630157545008494 0.924140899504595
transition 37 7 13 -0.3224771546677514 0.075859100495405
transition 37 8 29 0.5198665534711249 0.4054646499575731
transition 37 8 19 0.49282262917847564 0.2474540660650385
transition 37 8 36 -0.6156469475318358 0.3353061384448653
transition 37 8 23 -0.337996859345882 0.011775145532523049
transition 37 9 12 -0.6865694254070054 0.11719967141429621
transition 37 9 2 0.8757072307350537 0.13577410992718206
transition 37 9 21 -0.7358549432827279 0.3279332097157872
transition 37 9 47 0.7724746730764347 0.2001792036216147
transition 37 9 43 -0.7911345401020602 0.21891380532111984
transition 37 10 45 0.9086777668997252 0.3055460527498245
transition 37 10 18 -0.38537792554639005 0.39290799546475597
transition 37 10 12 0.15272937143720022 0.30154595178541954
transition 37 11 15 -0.10912162779000378 0.12716660387582493
transition 37 11 41 0.44728178388164896 0.17981231878114695
transition 37 11 30 -0.9778429071817423 0.15238755276998836
transition 37 11 39 -0.039569121609259295 0.5406335245730397
transition 37 12 8 -0.20530559203362242 0.31872179795767364
transition 37 12 28 0.636038941143394 0.05282296157285859
transition 37 12 33 -0.0039969965225390425 0.24232999436020902
transition 37 12 24 -0.9609341329576362 0.38612524610925875
transition 37 13 30 -0.281549352215581 0.13145670211570631
transition 37 13 41 -0.7225613613458952 0.07645798444432095
transition 37 13 12 0.7460160339066639 0.5329251457442458
transition 37 13 14 0.8228758835903769 0.25916016769572703
transition 37 14 25 -0.009640301483500924 0.2919177321890829
transition 37 14 41 0.520242560492675 0.3019129522398075
transition 37 14 4 -0.5889154069400802 0.1230323928791286
transition 37 14 1 -0.5547212649795132 0.0432028361746411
transition 37 14 5 -0.7157263932575935 0.23993408651733988
transition 37 15 20 -0.9078514960902571 1.0
transition 37 16 11 -0.4615382332642295 0.6263889627565213
transition 37 16 36 0.3333625545155168 0.37361103724347866
transition 37 17 29 -0.11971355846278953 0.7505903077929448
transition 37 17 24 0.49250560240514285 0.2341330740859241
transition 37 17 21 0.1486003777384135 0.015276618121131128
transition 37 18 13 0.49765669421616665 0.2994722056900946
transition 37 18 48 -0.7402260925989028 0.23090742458493999
transition 37 18 23 -0.2892116519312271 0.133612685011952
transition 37 18 32 -0.7067660689770807 0.09951893237361634
transition 37 18 5 0.2941325945017348 0.2364887523393971
transition 37 19 48 0.22667233316941315 0.7320383056731281
transition 37 19 41 -0.15470111250954632 0.2679616943268719
transition 38 0 4 0.679375553478949 0.03892947904563181
transition 38 0 44 0.24626590552583938 0.5083471852268328
transition 38 0 34 -0.7845912304011058 0.4527233357275355
transition 38 1 33 0.7880044224767517 1.0
transition 38 2 15 -0.635621965135855 0.027464162070066946
transition 38 2 35 0.2423464873147121 0.16925866020232336
transition 38 2 7 -0.2588597073456893 0.3453386222523916
transition 38 2 41 0.47690653965611585 0.04673447595196621
transition 38 2 10 0.1898694083734389 0.41120407952325194
transition 38 3 21 0.566625943077838 1.0
transition 38 4 25 -0.36560825428667676 0.2107843307541358
transition 38 4 12 -0.28689784415845976 0.04691960807147661
transition 38 4 34 -0.9671907504319743 0.38210455257430254
transition 38 4 16 -0.9988836858823869 0.360191508600085
transition 38 5 47 0.6401883925168348 0.8053224434890159
transition 38 5 45 -0.8964784959137255 0.19467755651098406
transition 38 6 14 -0.6016278438204832 0.22258466304926794
transition 38 6 4 0.5213062394818895 0.7717288893495576
transition 38 6 18 -0.2853351380520113 0.005686447601174449
transition 38 7 48 -0.6337903600855506 0.6367959255451222
transition 38 7 45 0.8495537234594381 0.3632040744548779
transition 38 8 48 -0.17526626406523715 0.22068069460727746
transition 38 8 36 -0.863271298551006 0.3515429407437617
transition 38 8 37 -0.301012748243181 0.19053789126577125
transition 38 8 29 -0.5819177643517561 0.086724961695674
transition 38 8 23 0.10370806030929303 0.1505135116875156
transition 38 9 30 -0.5713116131203306 0.057564244196392396
transition 38 9 36 -0.1987177329918426 0.9424357558036076
transition 38 10 44 -0.37170262998396386 0.3388565772409515
transition 38 10 15 -0.6743113968340815 0.6611434227590485
transition 38 11 27 -0.544862464428669 0.2442680157421852
transition 38 11 11 0.07661833844299104 0.055290557564263924
transition 38 11 18 -0.937384854518742 0.19260361143306112
transition 38 11 4 -0.9441486456309038 0.16530796554234115
transition 38 11 24 0.6206031332437376 0.3425298497181487
transition 38 12 11 -0.3878196634944244 0.07586935135381917
transition 38 12 23 0.6234221584675705 0.18382551221405502
transition 38 12 47 0.06965731522740115 0.7318984137318657
transition 38 12 33 0.5230421401863874 0.004850640573282181
transition 38 12 16 0.4484388645384141 0.003556082126977974
transition 38 13 7 0.322328015452908 0.8834070946654651
transition 38 13 5 -0.882891552463881 0.022911042143829812
transition 38 13 30 -0.7695175122625859 0.0936818631907051
transition 38 14 48 -0.14685588108124703 0.45122021830898407
transition 38 14 5 -0.8683608327959305 0.13629096961071865
transition 38 14 39 0.44577032989723664 0.4124888120802973
transition 38 15 9 -0.04854102834538998 0.5686803185708047
transition 38 15 39 0.7577832052880449 0.17080527594279912
transition 38 15 5 -0.9576265043452503 0.1996947646510587
transition 38 15 3 -0.7390791352096506 0.060819640835337405
transition 38 16 23 0.6321243061638868 1.0
transition 38 17 43 -0.9906609038596592 0.3595689949375846
transition 38 17 48 0.3887118214900973 0.21404738869834192
transition 38 17 31 0.2681688562822202 0.23563431224946813
transition 38 17 0 0.2826781345983451 0.19074930411460533
transition 38 18 27 0.032945377322356695 0.008484038744417952
transition 38 18 45 0.8005655896002748 0.04836778681504715
transition 38 18 48 -0.1474553131581302 0.887616687584641
transition 38 18 19 0.8845716345110903 0.04103876072657411
transition 38 18 6 0.4476657394549419 0.014492726129319778
transition 38 19 20 0.6752809886332536 0.004360024150236328
transition 38 19 23 0.13634848468309002 0.37170793542641134
transition 38 19 48 0.8617946527164926 0.38604138695599205
transition 38 19 36 0.7416292734439549 0.23789065346736032
transition 39 0 16 0.8791319134147788 0.006227697035017061
transition 39 0 15 -0.9546378738938912 0.3229853211750344
transition 39 0 14 -0.9426989455018933 0.27606723644545544
transition 39 0 44 0.07002485631810429 0.39471974534449317
transition 39 1 34 0.13772487215293694 0.4079147095870183
transition 39 1 10 -0.26431244653848074 0.5920852904129817
transition 39 2 11 0.5182860082632448 0.324633761211201
transition 39 2 17 -0.48733385820447284 0.2678590637011312
transition 39 2 2 -0.9475425896819121 0.4004400024773458
transition 39 2 12 0.2210621916290918 0.007067172610322008
transition 39 3 3 -0.24692616874433448 0.64058271662082
transition 39 3 39 0.5048108768917339 0.06317193569039194
transition 39 3 34 -0.9988487017370684 0.22532278907258343
transition 39 3 9 -0.17175230228895155 0.07092255861620478
transition 39 4 13 -0.8597342880595658 1.0
transition 39 5 33 -0.3867484912491126 0.16372359299220102
transition 39 5 25 0.21374032706361867 0.2646499013431093
transition 39 5 26 0.8487690638647092 0.10255845567984749
transition 39 5 8 0.45322229558067173 0.20305059757489774
transition 39 5 35 0.6523863083633012 0.2660174524099445
transition 39 6 26 -0.4241588203203406 0.24992005925794022
transition 39 6 0 -0.10375364772622575 0.17477716131881668
transition 39 6 17 0.29237294613979903 0.1343799345863079
transition 39 6 16 0.5851959370992981 0.4409228448369353
transition 39 7 6 -0.43235138202069257 0.4073124737978849
transition 39 7 34 0.7709279177714334 0.028917988586845623
transition 39 7 43 -0.1435615444709888 0.18532725114564683
transition 39 7 30 -0.21616680672242028 0.14436283580319675
transition 39 7 48 -0.7270567120643867 0.23407945066642585
transition 39 8 41 0.5271247590889763 0.6757422409295434
transition 39 8 48 -0.7200628263244513 0.3242577590704565
transition 39 9 27 -0.8408422893042036 0.5011235700204847
transition 39 9 4 0.03198338134723833 0.4988764299795153
transition 39 10 20 0.3518277055907033 0.2906826089994068
transition 39 10 14 -0.09904543079747397 0.20922864069072197
transition 39 10 47 0.42554998971278213 0.26244943278535626
transition 39 10 44 -0.8189887416242587 0.2376393175245149
transition 39 11 40 0.7045553057291207 0.0344927665039041
transition 39 11 15 -0.09094773839478676 0.44679023520769484
transition 39 11 42 0.8925112975287399 0.2376914894849904
transition 39 11 49 0.025146597984978758 0.0959016382554925
transition 39 11 44 0.5205791109476969 0.18512387054791818
transition 39 12 29 0.8852615076665387 1.0
transition 39 13 4 -0.08994900537625106 0.3878938174178072
transition 39 13 35 0.6827297328549449 0.6121061825821928
transition 39 14 41 -0.5581366560061738 0.7230105174582664
transition 39 14 26 -0.2646106717092138 0.27698948254173367
transition 39 15 47 -0.9944156966717179 0.28955023492213383
transition 39 15 2 -0.8295962306145599 0.06550827463869502
transition 39 15 23 0.8293771934728678 0.11124361296015295
transition 39 15 16 0.6347410073055213 0.32219797688504964
transition 39 15 48 0.7001198953873176 0.21149990059396861
transition 39 16 44 0.3845182728359291 1.0
transition 39 17 30 0.24512737051112854 0.027301492796697035
transition 39 17 17 -0.16743505345183274 0.20668783613795502
transition 39 17 3 -0.9148382669638548 0.17779886148630616
transition 39 17 18 -0.9962497448556433 0.3742804525924592
transition 39 17 7 0.6340417460409504 0.2139313569865825
transition 39 18 18 0.871325757509186 0.42229723801804614
transition 39 18 16 0.30188762545426573 0.5777027619819539
transition 39 19 31 -0.0457391028332681 0.528664522690574
transition 39 19 19 -0.45755339670718853 0.29771672918007636
transition 39 19 48 -0.7242389165714989 0.12153918454979692
transition 39 19 7 -0.4374957709434335 0.05207956357955277
transition 40 0 12 -0.4591493974571501 0.6298511206561636
transition 40 0 14 -0.9161279109453191 0.37014887934383656
transition 40 1 3 0.8720250369629428 0.45073477334863365
transition 40 1 2 0.8234764383971398 0.5492652266513665
transition 40 2 49 0.883347456676498 0.45850569709106714
transition 40 2 16 -0.6928184864827116 0.5414943029089329
transition 40 3 28 0.07199481599546953 0.8663640436200843
transition 40 3 9 -0.9005775091407442 0.13363595637991568
transition 40 4 27 -0.2567902086931828 0.302337719650537
transition 40 4 39 -0.8469001741429925 0.04508171033337118
transition 40 4 43 0.6346248555945937 0.36571525661524623
transition 40 4 19 -0.5215327848875511 0.2868653134008456
transition 40 5 24 0.49495602061924204 0.19075872400493182
transition 40 5 48 -0.37610061526410976 0.59045871792043
transition 40 5 25 0.956900779120893 0.21878255807463812
transition 40 6 15 0.8690852436337269 0.02858806032248929
transition 40 6 49 -0.06692429112213083 0.3910267459287123
transition 40 6 0 0.01666020697280901 0.23469679025239057
transition 40 6 25 0.6275460433071172 0.34568840349640784
transition 40 7 29 -0.06139601876977774 0.3828624612871029
transition 40 7 26 0.9441465192136502 0.6171375387128971
transition 40 8 33 -0.4758958176589343 0.18390232665620515
transition 40 8 42 0.4251196217415316 0.15232163088032588
transition 40 8 48 0.8167828150767784 0.006515345969455496
transition 40 8 31 -0.0544003148579395 0.31885018194635145
transition 40 8 17 0.6697826095801511 0.338410514547662
transition 40 9 13 0.47232233574312565 0.09312689813827517
transition 40 9 7 -0.7141044793426594 0.9068731018617249
transition 40 10 0 0.6604559357101316 0.04016809756678947
transition 40 10 38 -0.5276728872646017 0.4203645374776704
transition 40 10 49 -0.38297718397456926 0.1644020967811163
transition 40 10 12 -0.030606620084935088 0.37506526817442387
transition 40 11 38 -0.6191566047440402 0.5809339536471914
transition 40 11 45 0.7980685309843676 0.41906604635280864
transition 40 12 39 0.022125802627041002 0.34199749289497816
transition 40 12 48 0.726871158788545 0.026411546778757053
transition 40 12 35 -0.6092172903010216 0.5564336367112802
transition 40 12 14 0.8502849365731866 0.07515732361498462
transition 40 13 7 0.2862223334698044 0.0023487538740659666
transition 40 13 40 0.28345198695302964 0.08553389573885256
transition 40 13 16 -0.5187443421534164 0.09533313589224064
transition 40 13 26 0.58911513533628 0.4098425786605723
transition 40 13 14 -0.8652190223162071 0.4069416358342687
transition 40 14 24 -0.8683736951148735 1.0
transition 40 15 6 0.23845238489225773 0.2985060105859887
transition 40 15 17 -0.29440919546241684 0.2258691295412753
transition 40 15 46 0.8845929548223348 0.35089237144061786
transition 40 15 40 -0.19338339791988735 0.06449619476096649
transition 40 15 48 0.13699010146907065 0.06023629367115162
transition 40 16 34 0.039488423821584684 0.3479398555442785
transition 40 16 40 0.8120049838769237 0.30067577667916395
transition 40 16 33 0.18093222910997198 0.1398506596831482
transition 40 16 15 0.7151118920213002 0.21153370809340938
transition 40 17 5 0.49622584647086776 0.9135894218251026
transition 40 17 4 -0.29712025166609846 0.08641057817489743
transition 40 18 3 -0.28236297560658796 0.15187482162258237
transition 40 18 40 0.41409556989654117 0.6971932439828282
transition 40 18 10 0.4096690225023021 0.15093193439458952
transition 40 19 39 -0.4398391151133507 0.06603694298150847
transition 40 19 2 0.41127668940841944 0.17987579702718948
transition 40 19 20 -0.5279396740856082 0.7540872599913021
transition 41 0 47 -0.8577605456805846 0.051142791488083574
transition 41 0 32 0.8146106464564637 0.3113725628847418
transition 41 0 22 0.7558939072694872 0.02444649865150913
transition 41 0 5 -0.6213060559193708 0.6130381469756655
transition 41 1 34 0.012443318859126418 1.0
transition 41 2 7 -0.01044770619573332 0.5462389599991848
transition 41 2 17 0.8379559944828734 0.45376104000081524
transition 41 3 19 -0.883921013497216 0.6604761188816088
transition 41 3 30 0.686678750242885 0.15109964246409732
transition 41 3 23 0.6918601898384316 0.1884242386542938
transition 41 4 34 -0.3349771201074614 1.0
transition 41 5 45 0.9739700350776308 0.08559154738508193
transition 41 5 10 0.2604304099933943 0.3947496532889796
transition 41 5 29 0.9445624596451645 0.26263557962777356
transition 41 5 2 -0.913915896124027 0.25702321969816483
transition 41 6 6 -0.6736196067164346 0.2584446473420004
transition 41 6 12 0.6868797934875355 0.6014016979675834
transition 41 6 0 0.34440708585266777 0.005054940446729563
transition 41 6 13 -0.4247875325573294 0.1350987142436867
transition 41 7 23 0.09265102173023942 0.17605270228670872
transition 41 7 42 0.63926196559504 0.44464938609736043
transition 41 7 35 0.4747641091157533 0.3792979116159308
transition 41 8 45 0.016660462216596228 1.0
transition 41 9 44 -0.19369324177774594 0.7208786556538457
transition 41 9 26 -0.27897772457552517 0.27912134434615427
transition 41 10 41 -0.9051571969621972 0.3790068058589551
transition 41 10 5 -0.8100421492940608 0.47949644765031796
transition 41 10 44 -0.1434392145270329 0.14149674649072685
transition 41 11 19 0.4643682305749759 1.0
transition 41 12 9 0.2274447855491446 0.1605859929001399
transition 41 12 47 -0.10397047690264416 0.2832606515244239
transition 41 12 40 0.5192241782725746 0.2922959607719425
transition 41 12 37 0.2461592289158374 0.12803983921957987
transition 41 12 4 0.3357190510970005 0.13581755558391387
transition 41 13 22 0.2606999426636398 0.2649325865082373
transition 41 13 35 -0.5028751340534225 0.13656009065471705
transition 41 13 32 0.8185349491682072 0.34567340166210553
transition 41 13 10 0.8362613286083147 0.1543626946848905
transition 41 13 23 0.22831054681605756 0.09847122649004968
transition 41 14 27 -0.1269658539813101 0.33526401688726
transition 41 14 20 0.2630741512217314 0.66473598311274
transition 41 15 39 -0.1559896608501068 1.0
transition 41 16 38 0.18579125446207545 0.4348090670017577
transition 41 16 28 -0.7885804559707292 0.08661732915740966
transition 41 16 45 -0.02972555513044073 0.05548644546183
transition 41 16 27 -0.023766016745929708 0.42308715837900257
transition 41 17 29 -0.3605514556344691 0.19099705961489183
transition 41 17 22 0.8339933796047938 0.5602636702689511
transition 41 17 32 0.7954142715974442 0.24873927011615712
transition 41 18 41 0.8118018052762137 0.3409382105952833
transition 41 18 47 -0.8199374016502159 0.3240213968616374
transition 41 18 48 -0.6811442082290715 0.03627899586285843
transition 41 18 22 -0.0006696720768328834 0.27727885697492216
transition 41 18 21 0.7134947865696029 0.021482539705298734
transition 41 19 1 -0.7069768990622518 1.0
transition 42 0 31 0.6253835898980062 1.0
transition 42 1 18 -0.28519286681527145 0.30376939524305174
transition 42 1 27 0.27694009138418396 0.301174348733806
transition 42 1 22 0.5037267866415636 0.004833427930719762
transition 42 1 40 -0.19637420129239547 0.2752820185353562
transition 42 1 47 -0.8598810212250687 0.11494080955706631
transition 42 2 17 0.528965125754725 0.03366367557707472
transition 42 2 34 -0.5091317171060026 0.26686070837995046
transition 42 2 8 0.22505319785508582 0.17309828037421585
transition 42 2 28 0.288086337018175 0.526377335668759
transition 42 3 25 0.883226485279335 0.3933574112336875
transition 42 3 35 -0.01882160502401109 0.6066425887663126
transition 42 4 30 0.1967070310509884 0.285701450696301
transition 42 4 18 -0.3945580101758923 0.274956832350869
transition 42 4 41 0.5919561550158177 0.15388467091320954
transition 42 4 1 0.18251970318363497 0.030493205486265204
transition 42 4 48 0.8107602086545016 0.25496384055335525
transition 42 5 42 -0.777110695425923 0.4516640439226971
transition 42 5 33 -0.5042466218709516 0.5483359560773029
transition 42 6 27 0.23403346436869654 0.15531707971320852
transition 42 6 24 0.5447630732181543 0.45220904209042867
transition 42 6 46 0.18110652872608712 0.25360083386068366
transition 42 6 12 0.5337035260628089 0.13887304433567918
transition 42 7 9 0.09282027922936109 1.0
transition 42 8 28 -0.8671001510116649 0.30725668430945063
transition 42 8 48 -0.4189435726707642 0.24073194023758118
transition 42 8 35 -0.9822230765603592 0.10093691458845616
transition 42 8 38 -0.9619499869434271 0.16427603770642324
transition 42 8 6 -0.8105752028021005 0.18679842315808884
transition 42 9 18 0.34027533548303945 0.7259964892761835
transition 42 9 44 -0.3265878286300623 0.2740035107238165
transition 42 10 43 -0.47835274969121944 0.14008108178306108
transition 42 10 3 -0.07853318716231072 0.293869781092655
transition 42 10 27 0.12732833160652612 0.30133819264489603
transition 42 10 30 0.509753897832157 0.2647109444793878
transition 42 11 17 -0.38484432806375324 0.6786801622868075
transition 42 11 32 -0.5779411111902966 0.32131983771319256
transition 42 12 14 -0.879294167703961 0.18661648219295315
transition 42 12 15 -0.3740164773251793 0.37718670372684354
transition 42 12 42 -0.5690862030378774 0.22042842430586235
transition 42 12 27 -0.9563399525550424 0.11031805195559641
transition 42 12 35 -0.514537224533077 0.10545033781874462
transition 42 13 48 -0.2796795094280242 0.4076060909421123
transition 42 13 15 0.3105942162283888 0.19446277014841482
transition 42 13 31 -0.24004482956410422 0.03715252116073008
transition 42 13 19 0.7213937491039377 0.17834324463514853
transition 42 13 35 0.6870417730885143 0.18243537311359428
transition 42 14 48 -0.7585374271007785 0.15954194290519821
transition 42 14 0 0.6636135951244104 0.3879302945633787
transition 42 14 7 -0.7382789591351642 0.0840058913837415
transition 42 14 34 -0.5314229941488402 0.36852187114768165
transition 42 15 10 0.6635577700935367 0.49971207628267117
transition 42 15 42 0.3433643244664757 0.5002879237173289
transition 42 16 29 -0.15301111808594925 0.30368914514771056
transition 42 16 22 -0.8703041898598303 0.24255717091002216
transition 42 16 13 -0.13282183242758228 0.36523060582833283
transition 42 16 11 0.9322956962870457 0.08852307811393445
transition 42 17 10 -0.6327641259714147 0.6901046263862196
transition 42 17 22 0.846860599615036 0.30989537361378033
transition 42 18 45 0.30712876901409936 0.34612352627605325
transition 42 18 18 -0.4825122370360433 0.3068193154594408
transition 42 18 40 0.5274724700143003 0.347057158264506
transition 42 19 4 0.9528733914881684 0.19672147744933768
transition 42 19 24 0.735215931687736 0.4042713709100878
transition 42 19 32 -0.5895218108507478 0.39900715164057454
transition 43 0 8 -0.6672439924790936 1.0
transition 43 1 9 -0.710259678755957 0.6597563366888752
transition 43 1 3 -0.3094355929210608 0.34024366331112477
transition 43 2 46 -0.0830761233158166 0.05795478126193896
transition 43 2 1 -0.07303537906656832 0.06422708681887163
transition 43 2 41 -0.44807407565872803 0.5903136635118581
transition 43 2 14 -0.5762419080698327 0.02539310414973535
transition 43 2 9 -0.707525872310582 0.26211136425759585
transition 43 3 11 -0.8391303039114675 0.2065175732432589
transition 43 3 1 0.6962362462982314 0.2660739102782222
transition 43 3 5 0.6368013048367624 0.2333014291986517
transition 43 3 37 0.8472566464398126 0.2941070872798671
transition 43 4 39 0.6140433871477935 1.0
transition 43 5 38 0.35238992428440885 0.1309544376742954
transition 43 5 6 0.7380192108250243 0.589984303955943
transition 43 5 41 -0.7470393950852185 0.031874854276790085
transition 43 5 39 0.6839574120237701 0.2471864040929714
transition 43 6 37 -0.022423107015349775 0.3692155889343545
transition 43 6 9 0.1838735885216407 0.4565543991408115
transition 43 6 24 -0.8344946233206179 0.17423001192483398
transition 43 7 29 0.1413488775839622 1.0
transition 43 8 49 0.9182722497126268 0.2630816366182652
transition 43 8 3 0.5455893889220109 0.2361282218952326
transition 43 8 2 -0.5126464930252301 0.5007901414865021
transition 43 9 21 0.2321217845662269 1.0
transition 43 10 15 0.03954557492616062 0.24133118920045057
transition 43 10 38 0.34373940041314777 0.28353717859301025
transition 43 10 44 0.9671095995379 0.08046109387118948
transition 43 10 43 0.21758933792678836 0.23226202109301303
transition 43 10 29 0.5889163958955728 0.1624085172423367
transition 43 11 33 0.423138163262458 0.004382850722419937
transition 43 11 21 0.17972791038404634 0.99561714927758
transition 43 12 49 0.7778750527114078 0.02313234773414888
transition 43 12 13 0.4871684179804838 0.2969317967079007
transition 43 12 17 -0.7389924917484254 0.45945992528889046
transition 43 12 0 -0.11670176639735819 0.2204759302690599
transition 43 13 21 -0.3373503008482366 0.48626496637233113
transition 43 13 47 -0.4171986169726316 0.5137350336276688
transition 43 14 13 -0.33880782216335437 0.08789268532488163
transition 43 14 12 -0.9844368205237473 0.28293172989453186
transition 43 14 16 -0.36931082710659635 0.22195755689798333
transition 43 14 49 -0.14175507683037347 0.31884662089888516
transition 43 14 26 -0.31150849747744624 0.08837140698371805
transition 43 15 3 0.47250907189728264 0.3793591973768896
transition 43 15 14 -0.62861418711633 0.10149641809412471
transition 43 15 25 0.9823173212098735 0.13311620882803993
transition 43 15 13 0.7846593931299961 0.38602817570094583
transition 43 16 33 0.5632658719874843 0.05051543144782044
transition 43 16 43 -0.11183876000575643 0.17105880917589428
transition 43 16 5 0.948775117217834 0.3362736629744448
transition 43 16 8 0.88606200642608 0.23928197891388897
transition 43 16 6 -0.10666432558730232 0.20287011748795158
transition 43 17 23 0.9627306086422354 0.38723276019398795
transition 43 17 29 0.04775208704483069 0.6127672398060121
transition 43 18 13 0.2756270620772483 0.20406428199709822
transition 43 18 25 -0.1382737458714549 0.4541447188513698
transition 43 18 10 0.5529332560821363 0.23187780599768082
transition 43 18 48 -0.9753021099535399 0.1099131931538512
transition 43 19 26 0.2096921308838844 0.49829727994263545
transition 43 19 15 0.43812216764146283 0.5017027200573646
transition 44 0 39 -0.1745819707489047 0.1640011622073553
transition 44 0 6 -0.16496806507786732 0.18633040273248538
transition 44 0 17 0.7099861117724524 0.39787566831123594
transition 44 0 28 -0.4833631386234474 0.2517927667489233
transition 44 1 14 0.34307757851786747 1.0
transition 44 2 33 0.5294246092360249 0.5444023604856724
transition 44 2 0 0.35307152190054825 0.10319101661262099
transition 44 2 49 0.9340365644522786 0.3524066229017067
transition 44 3 20 0.39120631888718504 0.7417628513655895
transition 44 3 24 -0.4272015328546592 0.2582371486344104
transition 44 4 17 0.9914985249377606 0.2511176410753981
transition 44 4 15 -0.1001632121712348 0.2752101413280826
transition 44 4 47 -0.5914078193242649 0.23717016552448775
transition 44 4 42 -0.630284600120494 0.10605629229356033
transition 44 4 31 -0.41983408811934964 0.13044575977847128
transition 44 5 48 -0.2846775533890551 1.0
transition 44 6 23 0.392669943408511 0.20825470752689665
transition 44 6 0 -0.46317992182542334 0.294262087201032
transition 44 6 1 -0.2665726945355844 0.09970962985532725
transition 44 6 8 0.9256867204505281 0.3977735754167442
transition 44 7 37 -0.028175377599811258 0.06723864970337681
transition 44 7 24 -0.3940551442136109 0.35202778236692644
transition 44 7 46 0.26233640437522765 0.2786829876209238
transition 44 7 16 -0.7349768094520721 0.30205058030877285
transition 44 8 16 -0.8590133000688767 0.32550883153982124
transition 44 8 27 0.8629135608559486 0.3128833739612386
transition 44 8 6 0.4875264378668398 0.198480337258464
transition 44 8 39 0.6819316533901887 0.16312745724047614
transition 44 9 1 0.32121332528756064 0.34814112444640094
transition 44 9 38 0.5771318395303395 0.20324966556617474
transition 44 9 5 0.8480075749968483 0.2651181671459713
transition 44 9 40 -0.6157839114259567 0.18349104284145312
transition 44 10 36 -0.30601570374842413 1.0
transition 44 11 17 0.9835035073031408 1.0
transition 44 12 41 0.7135719224140677 0.16468656851148897
transition 44 12 19 0.04092418879211346 0.35023782476683285
transition 44 12 2 -0.8496985100916861 0.48507560672167827
transition 44 13 24 -0.3768087319015374 0.27828828815584433
transition 44 13 2 0.7307698070783866 0.3744413735888018
transition 44 13 19 -0.6796552820047732 0.34727033825535375
transition 44 14 23 -0.2687379158137895 0.6462237826331954
transition 44 14 41 -0.6243038850124676 0.3537762173668046
transition 44 15 21 0.25909159030766626 0.6800660254382905
transition 44 15 25 -0.5333398150797461 0.3199339745617095
transition 44 16 42 -0.8460109417823833 1.0
transition 44 17 24 -0.260792215896138 0.13316627133795272
transition 44 17 13 0.341499027222129 0.12388377348961574
transition 44 17 0 0.8889543336382029 0.17191631531291376
transition 44 17 26 0.27615031361286735 0.2330249355044596
transition 44 17 37 -0.8193229239337914 0.33800870435505814
transition 44 18 41 -0.6676654912512734 0.003611865967861643
transition 44 18 40 0.7396532800108266 0.20047953016466594
transition 44 18 3 -0.6424891022982355 0.28877434477992137
transition 44 18 10 0.6029922622241064 0.31380063944940584
transition 44 18 47 -0.06697134242027158 0.19333361963814524
transition 44 19 20 -0.17281747039316264 0.3144067817200885
transition 44 19 16 0.6036119980960635 0.006519941004574299
transition 44 19 44 0.6478306283295896 0.12160256436166376
transition 44 19 21 -0.23992846011259705 0.28886620046066086
transition 44 19 11 0.8568359970048138 0.2686045124530127
transition 45 0 21 0.10867049149807273 1.0
transition 45 1 26 -0.35110241538574116 1.0
transition 45 2 23 -0.18856157268663898 1.0
transition 45 3 21 0.8191458691586422 0.5915659074724375
transition 45 3 29 -0.23988046714358902 0.4084340925275626
transition 45 4 25 0.6448579927425182 0.18513036299133054
transition 45 4 35 0.9634246885311946 0.8148696370086695
transition 45 5 22 0.2969451083901471 0.6187961366167096
transition 45 5 21 0.0279972636629231 0.3812038633832903
transition 45 6 25 0.9692221957137253 0.325349743761269
transition 45 6 38 0.4515371173012954 0.2802599997590622
transition 45 6 1 -0.1821405769145228 0.030350529406203443
transition 45 6 46 0.9295047888722039 0.36403972707346527
transition 45 7 14 0.36247588008322573 0.3669524880391944
transition 45 7 38 -0.568262648364944 0.6330475119608056
transition 45 8 38 -0.11231784151312452 0.01544219464163815
transition 45 8 37 -0.5510460887562589 0.6775103934053021
transition 45 8 44 -0.2156114980120143 0.3070474119530599
transition 45 9 7 -0.06861568734824597 0.21216010878085648
transition 45 9 46 -0.2590742427871515 0.07749986579359892
transition 45 9 35 0.004938869402498769 0.17683961009293642
transition 45 9 16 0.3100032080375099 0.2971071602394575
transition 45 9 49 -0.5076495344958423 0.23639325509315068
transition 45 10 37 -0.32652683641262437 1.0
transition 45 11 32 0.9666254579390323 0.35443337228236144
transition 45 11 0 -0.28673566955501895 0.4261270416804807
transition 45 11 2 0.6187319797089483 0.21943958603715788
transition 45 12 12 0.9487879433470665 0.2620609396101071
transition 45 12 40 0.24707864632529453 0.251473825523653
transition 45 12 16 0.5085455609364555 0.16240574985394693
transition 45 12 47 -0.34667428059815797 0.324059485012293
transition 45 13 25 -0.20066521332088283 0.40686588206271096
transition 45 13 9 -0.011497378901240252 0.593134117937289
transition 45 14 32 0.35822344248675275 0.415666886416313
transition 45 14 21 -0.9911850259988022 0.009682303973535191
transition 45 14 34 0.8218285448621507 0.18307482347865187
transition 45 14 35 -0.5698235296699401 0.3915759861314999
transition 45 15 34 0.9116427573694066 1.0
transition 45 16 20 0.46484352637649273 0.35928439314083316
transition 45 16 0 -0.9577131519046338 0.07257820012490607
transition 45 16 21 -0.3641774082328475 0.4403092639534876
transition 45 16 11 0.12487507499291839 0.12782814278077315
transition 45 17 22 0.8297784798210106 0.6909121905011758
transition 45 17 37 0.297719434768976 0.26861720595555433
transition 45 17 28 -0.662862393964383 0.04047060354326984
transition 45 18 39 -0.690724947127815 1.0
transition 45 19 32 -0.18685449635941653 0.09094368488020675
transition 45 19 6 -0.3792198407803937 0.025906035533182707
transition 45 19 9 0.3380236516627346 0.8831502795866105
transition 46 0 45 0.9242355934809279 0.23089004041209524
transition 46 0 22 0.37119847843106735 0.11805026855388347
transition 46 0 37 0.44758602454933083 0.28196100866061413
transition 46 0 7 -0.45194793408947387 0.2701398613905279
transition 46 0 42 0.29872931306655803 0.09895882098287921
transition 46 1 49 0.4662429327067261 0.41189460402149275
transition 46 1 22 -0.25077352630003835 0.1361492308647254
transition 46 1 7 -0.41226163440726715 0.14765952753869985
transition 46 1 13 -0.3094656804209399 0.010108488125962552
transition 46 1 9 -0.6589475625697867 0.2941881494491196
transition 46 2 37 -0.7357389438984334 0.2853613021355337
transition 46 2 1 0.35248535601140785 0.11584024203734572
transition 46 2 28 -0.7281546967850154 0.113984980488928
transition 46 2 27 0.6215694228366193 0.2364384948059771
transition 46 2 24 -0.3910849801722096 0.2483749805322155
transition 46 3 48 -0.5299093004856339 0.3797656039640112
transition 46 3 27 -0.595222019282746 0.07260536931727145
transition 46 3 44 0.8208698259340803 0.5476290267187174
transition 46 4 49 0.13929875221415466 0.2627078559117728
transition 46 4 32 -0.5033824400752456 0.16201599710645476
transition 46 4 41 0.44083092900217524 0.14069155122308513
transition 46 4 24 0.875192315390805 0.19099960136310454
transition 46 4 4 0.4544322908020486 0.24358499439558276
transition 46 5 1 -0.03495644129329811 0.06595208095431276
transition 46 5 25 0.4845262997999342 0.47858512203158815
transition 46 5 9 -0.5717286415421714 0.45546279701409914
transition 46 6 11 -0.8540991091666994 1.0
transition 46 7 32 0.10063870329401836 1.0
transition 46 8 5 -0.970518921441875 0.4023312882233228
transition 46 8 8 -0.6521692795669698 0.008682076972125993
transition 46 8 41 -0.9252810329991672 0.18040441804631374
transition 46 8 20 -0.9466833771243388 0.2136717899219845
transition 46 8 44 0.9371936791157183 0.19491042683625298
transition 46 9 17 0.44319016805122113 1.0
transition 46 10 44 0.4683836999109141 0.2318023781182623
transition 46 10 46 -0.6438126992924842 0.16959511085218534
transition 46 10 20 0.3991412664188394 0.13608574554810443
transition 46 10 29 -0.9545963095450536 0.462516765481448
transition 46 11 41 0.032621544147985126 0.1409807765776725
transition 46 11 12 -0.8572480858446514 0.5711292889204439
transition 46 11 3 -0.7478917111711116 0.2878899345018836
transition 46 12 41 0.1924158058291774 1.0
transition 46 13 40 -0.7857895309125498 0.9835123525947758
transition 46 13 31 0.6882054252443566 0.016487647405224248
transition 46 14 17 -0.2393747641900139 1.0
transition 46 15 24 0.44437592386767455 0.10558687941183746
transition 46 15 49 -0.39756750873918323 0.21258076475738688
transition 46 15 14 0.3517929302395806 0.2934272913867602
transition 46 15 35 0.050337289214819725 0.38840506444401546
transition 46 16 37 0.8708362037216544 1.0
transition 46 17 18 -0.342492440312093 0.12047211079854624
transition 46 17 33 0.8104336442474926 0.152640180817573
transition 46 17 23 0.0060421349771155874 0.7268877083838807
transition 46 18 15 -0.1710179296378329 1.0
transition 46 19 46 -0.5224459171583098 0.780478470634961
transition 46 19 39 0.38862300767163815 0.21952152936503896
transition 47 0 3 0.31181907333452497 0.10459439339633644
transition 47 0 32 0.5866748754649826 0.8954056066036635
transition 47 1 35 -0.6246791150779476 0.6375003367921179
transition 47 1 17 0.6339850190639194 0.36249966320788213
transition 47 2 15 -0.1329457577517148 1.0
transition 47 3 28 0.07173979886261628 0.020863366279213928
transition 47 3 27 -0.3236331814018123 0.2100334773198815
transition 47 3 15 -0.17907015504925394 0.38594502704539696
transition 47 3 30 -0.9797230818950959 0.09707169412233375
transition 47 3 5 0.3064424516719695 0.28608643523317395
transition 47 4 24 0.7918049226812365 0.035320326872082905
transition 47 4 42 0.25823344400381365 0.38229121773764446
transition 47 4 14 0.1440543055491823 0.025205076849988264
transition 47 4 21 -0.827787494406989 0.31181951330840224
transition 47 4 25 -0.6064813729198759 0.24536386523188208
transition 47 5 28 -0.8135715538442088 0.12268037090058374
transition 47 5 39 0.5463693126270843 0.35206854252498787
transition 47 5 29 0.6516178822551297 0.22248437178522865
transition 47 5 25 0.7631884282435555 0.30276671478919975
transition 47 6 3 -0.5015061410655881 0.17202602285210547
transition 47 6 17 0.6401218016476988 0.8279739771478946
transition 47 7 3 -0.18944361960619194 0.01764909661717271
transition 47 7 5 -0.5531942914994594 0.09143172837604352
transition 47 7 28 0.11060967527153132 0.4773290466851903
transition 47 7 42 -0.02382932755742906 0.3120482994383594
transition 47 7 22 -0.3741000385412794 0.10154182888323406
transition 47 8 46 -0.30146182691006285 0.1445759267951766
transition 47 8 48 -0.08192418521966482 0.4732870965256846
transition 47 8 20 0.574920725740931 0.3821369766791387
transition 47 9 44 -0.5206585727175201 0.5028285829463839
transition 47 9 5 -0.02780299602581593 0.49717141705361606
transition 47 10 36 -0.7722428487649418 0.12211307883870345
transition 47 10 48 -0.2375389334396265 0.27153181043371094
transition 47 10 8 0.2714845043481715 0.2809211418965548
transition 47 10 27 -0.5681228717943538 0.32543396883103076
transition 47 11 11 -0.10098339379479881 0.32044166482605135
transition 47 11 5 -0.8376137119194607 0.33078836350432156
transition 47 11 23 -0.4097795014168659 0.1349474175378636
transition 47 11 13 0.41887283027076183 0.02719022493906994
transition 47 11 2 -0.30743976618230784 0.1866323291926936
transition 47 12 31 -0.48245191831471423 0.26203214348972126
transition 47 12 21 0.4096334394138794 0.11672001242352258
transition 47 12 23 -0.25778964373820124 0.6212478440867563
transition 47 13 20 -0.9032684736730696 0.8453569137808739
transition 47 13 7 -0.22927608075201 0.15464308621912615
transition 47 14 30 0.37340345831844557 0.004832101956857091
transition 47 14 38 0.5771374041613253 0.13972314682355763
transition 47 14 5 0.012423617504392359 0.3392281261140696
transition 47 14 7 0.8175085945959835 0.3582390611898742
transition 47 14 49 0.3857767554368412 0.1579775639156414
transition 47 15 49 0.6776531967226398 0.2503039926593602
transition 47 15 11 -0.5759381240717287 0.29461880535226004
transition 47 15 12 -0.43876116587988867 0.04776940630373339
transition 47 15 28 -0.2509043503834427 0.3844710728687686
transition 47 15 13 0.8787324360589759 0.022836722815877796
transition 47 16 10 -0.11155468528982615 0.637287973507027
transition 47 16 45 -0.3327077571456536 0.36271202649297296
transition 47 17 49 0.034903539440273246 0.4260311797114516
transition 47 17 41 0.02040081547416106 0.4163213804380806
transition 47 17 8 0.5421287604121532 0.15764743985046775
transition 47 18 45 0.5544087332654688 0.2287576398656054
transition 47 18 29 0.361946953966388 0.023290640664739074
transition 47 18 20 -0.6023162958201456 0.23992694408358564
transition 47 18 32 0.709577875923006 0.1583908379675065
transition 47 18 23 0.8387992960481188 0.3496339374185633
transition 47 19 43 0.18368715217494658 0.2108147657060161
transition 47 19 35 -0.6697378653016965 0.25695966519679764
transition 47 19 25 -0.5208721051219634 0.43584240947445974
transition 47 19 39 -0.11348010019404353 0.09638315962272649
transition 48 0 35 -0.17710038442692255 0.24620015814053905
transition 48 0 47 -0.033275438308459915 0.3675949315126291
transition 48 0 1 0.11457002597945687 0.3862049103468318
transition 48 1 23 0.01666194980935276 0.46368049303084197
transition 48 1 1 -0.7538743170098079 0.2308342882435647
transition 48 1 36 0.24963147149588383 0.30548521872559325
transition 48 2 47 0.7282423660785657 0.48966698446575974
transition 48 2 10 -0.5413564304543692 0.5103330155342403
transition 48 3 2 -0.272512108698987 0.38209858652245354
transition 48 3 44 -0.04388367353815936 0.15208332145841186
transition 48 3 42 0.2652020079672359 0.02617173756826761
transition 48 3 31 -0.9233718620940894 0.3067050704304201
transition 48 3 22 0.482553210495253 0.13294128402044691
transition 48 4 18 0.4992891125847272 0.24321094373379318
transition 48 4 29 -0.058375445941186044 0.10739099228509878
transition 48 4 2 -0.9352379046164472 0.6493980639811081
transition 48 5 31 0.20155080631991518 0.11336116105699828
transition 48 5 12 0.4321977919602791 0.8866388389430018
transition 48 6 49 -0.8090276303976494 1.0
transition 48 7 49 -0.3939147029974652 1.0
transition 48 8 31 0.860929773568466 0.666681586896114
transition 48 8 32 0.7522940576919839 0.3169827246239222
transition 48 8 47 -0.4968638214170762 0.01633568847996376
transition 48 9 9 0.6847284546156995 0.11655352422961253
transition 48 9 30 0.5956702004839565 0.24378944462927454
transition 48 9 2 -0.17002374363253914 0.3551712753003198
transition 48 9 14 -0.645666138565079 0.2844857558407931
transition 48 10 4 0.673386201570054 0.150249545599323
transition 48 10 35 0.5436062805999131 0.849750454400677
transition 48 11 27 0.7331304361971871 1.0
transition 48 12 29 -0.7311642640263365 0.5320719830635291
transition 48 12 27 0.3429606134047798 0.46792801693647085
transition 48 13 27 -0.45453171410655524 0.7175985555763261
transition 48 13 22 0.04215900964066943 0.28240144442367393
transition 48 14 6 -0.7373213301761541 1.0
transition 48 15 9 0.491044466747353 0.3758094679426273
transition 48 15 41 0.912970968469963 0.2950405845890428
transition 48 15 47 -0.9302777560052005 0.3291499474683297
transition 48 16 21 -0.8323776980804307 0.2803461290244488
transition 48 16 37 0.21855063904320615 0.23629789215923386
transition 48 16 6 0.5375417212697688 0.15626134077090473
transition 48 16 10 0.8949921139091066 0.3270946380454126
transition 48 17 4 0.33692813519235854 0.013147068391540891
transition 48 17 26 -0.7359473833666117 0.7898286012837089
transition 48 17 23 -0.8058014598974756 0.19702433032475017
transition 48 18 37 0.5807858252659026 0.33121288916193264
transition 48 18 19 -0.005121663513234287 0.2480111013534986
transition 48 18 12 -0.8098157950589746 0.3022656217373354
transition 48 18 35 -0.729235822331713 0.11851038774723346
transition 48 19 33 -0.7526518882719613 0.26225750001722314
transition 48 19 31 0.11438608988526844 0.3018822762128861
transition 48 19 40 -0.03590858112912909 0.2937141780937383
transition 48 19 0 0.3355862676222867 0.057920067142133845
transition 48 19 37 0.1234469551454711 0.08422597853401867
transition 49 0 40 -0.28307691149452374 0.41345900168294086
transition 49 0 35 0.48019721725679876 0.44406254067655804
transition 49 0 15 0.019311112999893743 0.1424784576405011
transition 49 1 22 0.06915262717857917 0.3138069959863006
transition 49 1 26 -0.10810747209406202 0.13102360910063293
transition 49 1 3 0.685836082616283 0.5551693949130664
transition 49 2 20 -0.5942053930563416 0.16126976444646704
transition 49 2 32 0.6145934963058426 0.3311033312569378
transition 49 2 0 -0.2748426862197517 0.49333352923103463
transition 49 2 1 -0.7918247838105081 0.014293375065560558
transition 49 3 14 -0.990227982526446 0.2807311260083768
transition 49 3 39 0.9094053014302892 0.2531381218190103
transition 49 3 27 0.8919292266278462 0.317267092440524
transition 49 3 8 -0.7582378936407372 0.1488636597320889
transition 49 4 9 0.2674681698815544 0.732693569385613
transition 49 4 41 -0.6483737444829267 0.26730643061438714
transition 49 5 22 0.06644632491908165 0.31992065003632114
transition 49 5 12 -0.7170862568752743 0.02514637000195784
transition 49 5 3 0.8345606860562382 0.16317821564226836
transition 49 5 27 0.9185827432320248 0.17598801853835175
transition 49 5 0 -0.25570618820528157 0.31576674578110087
transition 49 6 10 -0.339058602752901 0.2290228186325055
transition 49 6 38 -0.28059347651023736 0.22032578692705024
transition 49 6 40 0.36206674706929465 0.14345109244179655
transition 49 6 11 0.7134809091501397 0.40720030199864776
transition 49 7 7 0.12781623875397963 0.2687143189532998
transition 49 7 4 -0.30144633786825525 0.5489660184239986
transition 49 7 47 0.6794386757931121 0.15176466852794143
transition 49 7 48 0.7462482788968812 0.030554994094760122
transition 49 8 30 0.7172274650582693 1.0
transition 49 9 24 -0.05923247134858012 0.429941289871927
transition 49 9 14 0.7226405672346146 0.570058710128073
transition 49 10 41 0.2593143907170987 1.0
transition 49 11 44 0.9709774896572076 1.0
transition 49 12 25 -0.19459618122785272 0.5536358652405254
transition 49 12 6 0.8737922260852624 0.36676786249726245
transition 49 12 22 -0.026252076981254646 0.07959627226221215
transition 49 13 7 -0.39452857113580486 0.24371600435818627
transition 49 13 46 -0.24275284582013024 0.5685813199550224
transition 49 13 24 0.381895608707465 0.1154137243346231
transition 49 13 37 0.9758398576629892 0.004574295851185135
transition 49 13 41 -0.23606326848688175 0.067714655500983
transition 49 14 34 -0.2989807645709177 0.6071396913554696
transition 49 14 1 0.8143006296015596 0.3928603086445303
transition 49 15 24 0.7959045848959796 1.0
transition 49 16 39 -0.8982618871036367 0.25964452529135945
transition 49 16 2 -0.6439630905899636 0.42544460210326573
transition 49 16 31 -0.6035032488965948 0.31491087260537487
transition 49 17 0 -0.7703776297013514 0.31070362269130114
transition 49 17 26 0.7331510010635003 0.30936159385828105
transition 49 17 1 0.7051466717351398 0.0383665287961127
transition 49 17 25 0.35493696470480907 0.14256186348108885
transition 49 17 46 0.18278594762603562 0.1990063911732163
transition 49 18 45 -0.629675156236206 0.23135232698199518
transition 49 18 7 -0.153303059644341 0.4587725864501986
transition 49 18 20 0.8970929604477345 0.1864820122090849
transition 49 18 6 -0.5575826893121019 0.12339307435872131
transition 49 19 19 0.17161238622961372 1.0
mdptype continuing
discount  0.2
